productId,name,cleanName,imageUrl,categoryId,groupId,url,modifiedOn,imageCount,extCardText,lowPrice,midPrice,highPrice,marketPrice,directLowPrice,subTypeName,extUPC,extRarity,extNumber,extCardType,extHP,extStage,extAttack1,extAttack2,extWeakness,extResistance,extRetreatCost
453466,Crown Zenith Booster Pack,Crown Zenith Booster Pack,https://tcgplayer-cdn.tcgplayer.com/product/453466_200w.jpg,3,17688,https://cpt.tcgcsv.com/lpF5,2023-01-20T14:25:15.467,1,Each Crown Zenith booster pack contains 10 random cards.,4.75,14.95,29.99,13.4,,Normal,,,,,,,,,,,
453467,Crown Zenith Collection [Regieleki V],Crown Zenith Collection Regieleki V,https://tcgplayer-cdn.tcgplayer.com/product/453467_200w.jpg,3,17688,https://cpt.tcgcsv.com/mpF5,2023-01-20T14:25:15.467,1,"Two previously unknown Legendary Pokémon have awakened in the frozen tundra! Discover the power of the Lightning-type Regieleki or the Dragon-type Regidrago in these two collections. The star Pokémon appears as a ready-to-play foil promo card and an oversize card for display, accompanied by a foil card featuring its counterpart and a handful of booster packs from the special Pokémon TCG: Crown Zenith expansion.
<br>
Each Pokémon TCG: Crown Zenith Collection—Pokémon V includes:
<br>
• 1 foil promo card featuring Regieleki V or Regidrago V
<br>
• 1 foil card featuring Regidrago or Regieleki
<br>
• 1 foil oversize card featuring Regieleki V or Regidrago V
<br>
• 4 Pokémon TCG: Crown Zenith booster packs
<br>
• A code card for Pokémon TCG Live",55.0,63.0,69.98,48.79,,Normal,820650871832,,,,,,,,,,
453468,Crown Zenith Collection [Regidrago V],Crown Zenith Collection Regidrago V,https://tcgplayer-cdn.tcgplayer.com/product/453468_200w.jpg,3,17688,https://cpt.tcgcsv.com/npF5,2023-01-20T14:25:15.467,1,"Two previously unknown Legendary Pokémon have awakened in the frozen tundra! Discover the power of the Lightning-type Regieleki or the Dragon-type Regidrago in these two collections. The star Pokémon appears as a ready-to-play foil promo card and an oversize card for display, accompanied by a foil card featuring its counterpart and a handful of booster packs from the special Pokémon TCG: Crown Zenith expansion.
<br>
Each Pokémon TCG: Crown Zenith Collection—Pokémon V includes:
<br>
• 1 foil promo card featuring Regieleki V or Regidrago V
<br>
• 1 foil card featuring Regidrago or Regieleki
<br>
• 1 foil oversize card featuring Regieleki V or Regidrago V
<br>
• 4 Pokémon TCG: Crown Zenith booster packs
<br>
• A code card for Pokémon TCG Live",52.92,60.5,99.99,48.83,,Normal,820650871832,,,,,,,,,,
453470,Crown Zenith Elite Trainer Box,Crown Zenith Elite Trainer Box,https://tcgplayer-cdn.tcgplayer.com/product/453470_200w.jpg,3,17688,https://cpt.tcgcsv.com/qpF5,2023-10-27T13:23:31.313,1,"The Legendary heroes Zacian and Zamazenta shine with new VSTAR Powers, and an all-star assembly of Pokémon and Trainers arrive to celebrate the era of Pokémon V! Discover dazzling special illustrations in the Galarian Gallery, and wield the strength of rare and powerful Pokémon, including Charizard as both a Pokémon VSTAR and Radiant Pokémon. Many more Pokémon have their own tales to tell in battle as the Sword & Shield Series reaches its towering peak in the TCG: Crown Zenith expansion!
<br>
The Pokémon TCG: Crown Zenith Elite Trainer Box includes:
<br>
• 10 Pokémon TCG: Crown Zenith booster packs
<br>
• 1 etched foil promo card featuring Lucario VSTAR
<br>
• 65 card sleeves featuring Lucario
<br>
• 45 Pokémon TCG Energy cards
<br>
• A player’s guide to the Crown Zenith expansion
<br>
• 6 damage-counter dice
<br>
• 1 competition-legal coin-flip die
<br>
• 2 acrylic condition markers
<br>
• 1 acrylic VSTAR marker
<br>
• A collector’s box to hold everything, with 4 dividers to keep it organized
<br>
• A code card for Pokémon Trading Card Game Live",225.01,284.99,4999.99,222.03,,Normal,820650851476,,,,,,,,,,
453471,Crown Zenith Elite Trainer Box Case,Crown Zenith Elite Trainer Box Case,https://tcgplayer-cdn.tcgplayer.com/product/453471_200w.jpg,3,17688,https://cpt.tcgcsv.com/rpF5,2023-01-20T14:25:15.467,1,Each sealed Elite Trainer Box case contains 10 Elite Trainer Boxes,2699.0,2798.0,5000.0,2012.36,,Normal,820650851474,,,,,,,,,,
453474,Crown Zenith Collection [Set of 2],Crown Zenith Collection Set of 2,https://tcgplayer-cdn.tcgplayer.com/product/453474_200w.jpg,3,17688,https://cpt.tcgcsv.com/vpF5,2023-01-20T14:25:15.467,1,"Two previously unknown Legendary Pokémon have awakened in the frozen tundra! Discover the power of the Lightning-type Regieleki or the Dragon-type Regidrago in these two collections. The star Pokémon appears as a ready-to-play foil promo card and an oversize card for display, accompanied by a foil card featuring its counterpart and a handful of booster packs from the special Pokémon TCG: Crown Zenith expansion.
<br>
Each Pokémon TCG: Crown Zenith Collection—Pokémon V includes:
<br>
• 1 foil promo card featuring Regieleki V or Regidrago V
<br>
• 1 foil card featuring Regidrago or Regieleki
<br>
• 1 foil oversize card featuring Regieleki V or Regidrago V
<br>
• 4 Pokémon TCG: Crown Zenith booster packs
<br>
• A code card for Pokémon TCG Live",119.0,119.99,149.99,96.11,,Normal,820650871832,,,,,,,,,,
453477,Code Card - Crown Zenith Elite Trainer Box,Code Card Crown Zenith Elite Trainer Box,https://tcgplayer-cdn.tcgplayer.com/product/453477_200w.jpg,3,17688,https://cpt.tcgcsv.com/zpF5,2023-06-20T17:28:06.713,1,"This listing is <strong>not</strong> a physical item. Please keep in mind that this <strong>Code Card</strong> listing represents a digital copy of the stated item for the Pokémon TCG Online <strong>and/or</strong> the Pokémon TCG Live games. You may receive the physical <strong>Code Card</strong>. Upon purchase, please work with your specific Seller by sending them a message using the <strong>Contact Seller</strong> button on the order details in your <a href=https://store.tcgplayer.com/myaccount/orderhistory>Order History</a> to opt in to having your <strong>Code Card</strong> code delivered digitally due to the nature of the product.",0.01,0.06,2.95,0.05,,Normal,,Code Card,,,,,,,,,
453478,Code Card - Crown Zenith Collection [Regidrago V],Code Card Crown Zenith Collection Regidrago V,https://tcgplayer-cdn.tcgplayer.com/product/453478_200w.jpg,3,17688,https://cpt.tcgcsv.com/BpF5,2023-06-20T19:09:53.54,1,"This listing is <strong>not</strong> a physical item. Please keep in mind that this <strong>Code Card</strong> listing represents a digital copy of the stated item for the Pokémon TCG Online <strong>and/or</strong> the Pokémon TCG Live games. You may receive the physical <strong>Code Card</strong>. Upon purchase, please work with your specific Seller by sending them a message using the <strong>Contact Seller</strong> button on the order details in your <a href=https://store.tcgplayer.com/myaccount/orderhistory>Order History</a> to opt in to having your <strong>Code Card</strong> code delivered digitally due to the nature of the product.",0.01,0.09,0.34,0.09,,Normal,,Code Card,,,,,,,,,
453479,Code Card - Crown Zenith Collection [Regieleki V],Code Card Crown Zenith Collection Regieleki V,https://tcgplayer-cdn.tcgplayer.com/product/453479_200w.jpg,3,17688,https://cpt.tcgcsv.com/CpF5,2023-06-20T18:48:03.66,1,"This listing is <strong>not</strong> a physical item. Please keep in mind that this <strong>Code Card</strong> listing represents a digital copy of the stated item for the Pokémon TCG Online <strong>and/or</strong> the Pokémon TCG Live games. You may receive the physical <strong>Code Card</strong>. Upon purchase, please work with your specific Seller by sending them a message using the <strong>Contact Seller</strong> button on the order details in your <a href=https://store.tcgplayer.com/myaccount/orderhistory>Order History</a> to opt in to having your <strong>Code Card</strong> code delivered digitally due to the nature of the product.",0.01,0.05,0.79,0.05,,Normal,,Code Card,,,,,,,,,
453488,Crown Zenith Mini Tin [Marnie & Morpeko],Crown Zenith Mini Tin Marnie and Morpeko,https://tcgplayer-cdn.tcgplayer.com/product/453488_200w.jpg,3,17688,https://cpt.tcgcsv.com/NpF5,2023-02-17T05:03:11.33,1,"In this Pokémon TCG: Crown Zenith Mini Tin, you’ll find:
<br>
• 2 Pokémon TCG: Crown Zenith booster packs
<br>
• 1 sticker sheet
<br>
• A Pokémon art card showing the art from this Mini Tin—you can collect and combine all 5!",33.62,37.48,99.0,33.62,,Normal,820650861925,,,,,,,,,,
453489,Crown Zenith Mini Tin [Leon & Charizard],Crown Zenith Mini Tin Leon and Charizard,https://tcgplayer-cdn.tcgplayer.com/product/453489_200w.jpg,3,17688,https://cpt.tcgcsv.com/PpF5,2023-02-17T05:03:11.33,1,"In this Pokémon TCG: Crown Zenith Mini Tin, you’ll find:
<br>
• 2 Pokémon TCG: Crown Zenith booster packs
<br>
• 1 sticker sheet
<br>
• A Pokémon art card showing the art from this Mini Tin—you can collect and combine all 5!",34.0,37.49,99.0,27.75,,Normal,820650861925,,,,,,,,,,
453490,Crown Zenith Mini Tin [Hop & Wooloo],Crown Zenith Mini Tin Hop and Wooloo,https://tcgplayer-cdn.tcgplayer.com/product/453490_200w.jpg,3,17688,https://cpt.tcgcsv.com/QpF5,2023-02-17T05:03:11.33,1,"In this Pokémon TCG: Crown Zenith Mini Tin, you’ll find:
<br>
• 2 Pokémon TCG: Crown Zenith booster packs
<br>
• 1 sticker sheet
<br>
• A Pokémon art card showing the art from this Mini Tin—you can collect and combine all 5!",35.0,48.49,99.0,24.59,,Normal,820650861925,,,,,,,,,,
453491,Crown Zenith Mini Tin [Bede & Hatenna],Crown Zenith Mini Tin Bede and Hatenna,https://tcgplayer-cdn.tcgplayer.com/product/453491_200w.jpg,3,17688,https://cpt.tcgcsv.com/RpF5,2023-02-17T05:03:11.33,1,"In this Pokémon TCG: Crown Zenith Mini Tin, you’ll find:
<br>
• 2 Pokémon TCG: Crown Zenith booster packs
<br>
• 1 sticker sheet
<br>
• A Pokémon art card showing the art from this Mini Tin—you can collect and combine all 5!",34.98,99.0,99.0,25.4,,Normal,820650861925,,,,,,,,,,
453492,Crown Zenith Mini Tin [Sonia & Yamper],Crown Zenith Mini Tin Sonia and Yamper,https://tcgplayer-cdn.tcgplayer.com/product/453492_200w.jpg,3,17688,https://cpt.tcgcsv.com/SpF5,2023-02-17T05:03:11.33,1,"In this Pokémon TCG: Crown Zenith Mini Tin, you’ll find:
<br>
• 2 Pokémon TCG: Crown Zenith booster packs
<br>
• 1 sticker sheet
<br>
• A Pokémon art card showing the art from this Mini Tin—you can collect and combine all 5!",30.0,42.5,99.0,24.45,,Normal,820650861925,,,,,,,,,,
453493,Crown Zenith Mini Tin Display,Crown Zenith Mini Tin Display,https://tcgplayer-cdn.tcgplayer.com/product/453493_200w.jpg,3,17688,https://cpt.tcgcsv.com/TpF5,2025-01-22T12:46:52.89,1,"Featuring 2 of each Crown Zenith Mini Tins (for a total of 10). Each tin contains with two booster packs, a sticker sheet, and featured Pokemon art card.",305.0,348.5,850.0,269.18,,Normal,820650861925,,,,,,,,,,
453494,Crown Zenith Mini Tin [Set of 5],Crown Zenith Mini Tin Set of 5,https://tcgplayer-cdn.tcgplayer.com/product/453494_200w.jpg,3,17688,https://cpt.tcgcsv.com/VpF5,2023-02-17T05:03:11.33,1,"This product contains 5 Mini Tins designs.
<br>
In each Pokémon TCG: Crown Zenith Mini Tin, you’ll find:
<br>
• 2 Pokémon TCG: Crown Zenith booster packs
<br>
• 1 sticker sheet
<br>
• A Pokémon art card showing the art from this Mini Tin—you can collect and combine all 5!",140.0,190.25,227.97,147.3,,Normal,820650861925,,,,,,,,,,
454246,Crown Zenith Pokemon Center Elite Trainer Box Plus,Crown Zenith Pokemon Center Elite Trainer Box Plus,https://tcgplayer-cdn.tcgplayer.com/product/454246_200w.jpg,3,17688,https://cpt.tcgcsv.com/XJF5,2023-01-20T14:25:15.467,1,"This Pokémon TCG: Crown Zenith Pokémon Center Elite Trainer Box Plus can be found only at Pokémon Center and comes with exclusive accessories—a deck box, metal dice, metal coin, and metal condition markers—plus 12 booster packs (two more than in the standard Crown Zenith Elite Trainer Box).
<br>
• 12 Pokémon TCG: Crown Zenith booster packs — Each booster pack contains 10 cards and 1 basic Energy or 1 VSTAR marker. Cards vary by pack.
<br>
• 1 etched foil promo card featuring Lucario VSTAR
<br>
• 65 card sleeves featuring Lucario
<br>
• 1 deck box featuring Lucario, with a separate space for storing accessories
<br>
• 45 Pokémon TCG Energy cards
<br>
• A player’s guide to the Crown Zenith expansion
<br>
• 6 metal damage-counter dice
<br>
• 1 metal coin featuring Lucario
<br>
• 2 metal condition markers
<br>
• 1 acrylic VSTAR marker
<br>
• A collector’s box to hold everything, with 4 dividers to keep it organized
<br>
• A code card for Pokémon Trading Card Game Live",436.01,500.0,1550.0,451.98,,Normal,,,,,,,,,,,
454247,Crown Zenith Pokemon Center Elite Trainer Box Plus Case,Crown Zenith Pokemon Center Elite Trainer Box Plus Case,https://tcgplayer-cdn.tcgplayer.com/product/454247_200w.jpg,3,17688,https://cpt.tcgcsv.com/ZJF5,2023-01-20T14:25:15.467,1,Each sealed Pokemon Center Elite Trainer Box Plus Case contains 4 Elite Trainer Boxes.,1950.0,2149.99,5000.0,1386.66,,Normal,,,,,,,,,,,
454452,Pikachu VMAX Special Collection,Pikachu VMAX Special Collection,https://tcgplayer-cdn.tcgplayer.com/product/454452_200w.jpg,3,17688,https://cpt.tcgcsv.com/3PF5,2023-02-17T05:03:11.747,1,"Includes five Crown Zenith booster packs, one etched promo card and one oversize promo card featuring Pikachu VMAX and one foil promo card featuring Pikachu V.",90.0,115.0,300.0,74.1,,Normal,820650871887,,,,,,,,,,
475617,Crown Zenith Pin Collection [Cinderace],Crown Zenith Pin Collection Cinderace,https://tcgplayer-cdn.tcgplayer.com/product/475617_200w.jpg,3,17688,https://cpt.tcgcsv.com/mgQ5,2023-04-14T04:03:08.263,1,"Celebrate Your Journey Through Galar!
<br>
Capture a region’s worth of memories and show the world how far you’ve come with a glossy enamel pin featuring one of Galar’s fully evolved first partner Pokémon! You’ll also find a ready-to-play promo card and a set of booster packs from the special Crown Zenith expansion to expand your collection.
<br>
Each Pokémon TCG: Crown Zenith Pin Collection includes:
<br>
• 1 foil promo card featuring Rillaboom, Cinderace, or Inteleon
<br>
• 1 collector’s pin featuring Rillaboom, Cinderace, or Inteleon
<br>
• 3 Pokémon TCG: Crown Zenith booster packs
<br>
• A code card for Pokémon TCG Live",49.99,51.5,53.73,38.67,,Normal,820650871931,,,,,,,,,,
475618,Crown Zenith Pin Collection [Inteleon],Crown Zenith Pin Collection Inteleon,https://tcgplayer-cdn.tcgplayer.com/product/475618_200w.jpg,3,17688,https://cpt.tcgcsv.com/ngQ5,2023-04-14T04:03:08.263,1,"Celebrate Your Journey Through Galar!
<br>
Capture a region’s worth of memories and show the world how far you’ve come with a glossy enamel pin featuring one of Galar’s fully evolved first partner Pokémon! You’ll also find a ready-to-play promo card and a set of booster packs from the special Crown Zenith expansion to expand your collection.
<br>
Each Pokémon TCG: Crown Zenith Pin Collection includes:
<br>
• 1 foil promo card featuring Rillaboom, Cinderace, or Inteleon
<br>
• 1 collector’s pin featuring Rillaboom, Cinderace, or Inteleon
<br>
• 3 Pokémon TCG: Crown Zenith booster packs
<br>
• A code card for Pokémon TCG Live",51.0,55.0,55.0,37.18,,Normal,820650871931,,,,,,,,,,
475619,Crown Zenith Pin Collection [Rillaboom],Crown Zenith Pin Collection Rillaboom,https://tcgplayer-cdn.tcgplayer.com/product/475619_200w.jpg,3,17688,https://cpt.tcgcsv.com/pgQ5,2023-04-14T04:03:08.263,1,"Celebrate Your Journey Through Galar!
<br>
Capture a region’s worth of memories and show the world how far you’ve come with a glossy enamel pin featuring one of Galar’s fully evolved first partner Pokémon! You’ll also find a ready-to-play promo card and a set of booster packs from the special Crown Zenith expansion to expand your collection.
<br>
Each Pokémon TCG: Crown Zenith Pin Collection includes:
<br>
• 1 foil promo card featuring Rillaboom, Cinderace, or Inteleon
<br>
• 1 collector’s pin featuring Rillaboom, Cinderace, or Inteleon
<br>
• 3 Pokémon TCG: Crown Zenith booster packs
<br>
• A code card for Pokémon TCG Live",49.99,50.5,51.0,38.32,,Normal,820650871931,,,,,,,,,,
475620,Crown Zenith Pin Collection [Set of 3],Crown Zenith Pin Collection Set of 3,https://tcgplayer-cdn.tcgplayer.com/product/475620_200w.jpg,3,17688,https://cpt.tcgcsv.com/qgQ5,2023-04-14T04:03:08.263,1,"Celebrate Your Journey Through Galar!
<br>
Capture a region’s worth of memories and show the world how far you’ve come with a glossy enamel pin featuring one of Galar’s fully evolved first partner Pokémon! You’ll also find a ready-to-play promo card and a set of booster packs from the special Crown Zenith expansion to expand your collection.
<br>
Each Pokémon TCG: Crown Zenith Pin Collection includes:
<br>
• 1 foil promo card featuring Rillaboom, Cinderace, or Inteleon
<br>
• 1 collector’s pin featuring Rillaboom, Cinderace, or Inteleon
<br>
• 3 Pokémon TCG: Crown Zenith booster packs
<br>
• A code card for Pokémon TCG Live",141.0,154.99,250.0,118.87,,Normal,820650871931,,,,,,,,,,
475624,Code Card - Crown Zenith Pin Collection [Rillaboom],Code Card Crown Zenith Pin Collection Rillaboom,https://tcgplayer-cdn.tcgplayer.com/product/475624_200w.jpg,3,17688,https://cpt.tcgcsv.com/vgQ5,2023-04-14T04:03:08.263,1,"This listing is <strong>not</strong> a physical item. Please keep in mind that this <strong>Code Card</strong> listing represents a digital copy of the stated item for the Pokémon TCG Online <strong>and/or</strong> the Pokémon TCG Live games. You may receive the physical <strong>Code Card</strong>. Upon purchase, please work with your specific Seller by sending them a message using the <strong>Contact Seller</strong> button on the order details in your <a href=https://store.tcgplayer.com/myaccount/orderhistory>Order History</a> to opt in to having your <strong>Code Card</strong> code delivered digitally due to the nature of the product.",0.03,0.1,1.49,0.05,,Normal,,Code Card,,,,,,,,,
475625,Code Card - Crown Zenith Pin Collection [Cinderace],Code Card Crown Zenith Pin Collection Cinderace,https://tcgplayer-cdn.tcgplayer.com/product/475625_200w.jpg,3,17688,https://cpt.tcgcsv.com/wgQ5,2023-04-14T04:03:08.263,1,"This listing is <strong>not</strong> a physical item. Please keep in mind that this <strong>Code Card</strong> listing represents a digital copy of the stated item for the Pokémon TCG Online <strong>and/or</strong> the Pokémon TCG Live games. You may receive the physical <strong>Code Card</strong>. Upon purchase, please work with your specific Seller by sending them a message using the <strong>Contact Seller</strong> button on the order details in your <a href=https://store.tcgplayer.com/myaccount/orderhistory>Order History</a> to opt in to having your <strong>Code Card</strong> code delivered digitally due to the nature of the product.",0.03,0.1,1.49,0.06,,Normal,,Code Card,,,,,,,,,
475626,Code Card - Crown Zenith Pin Collection [Inteleon],Code Card Crown Zenith Pin Collection Inteleon,https://tcgplayer-cdn.tcgplayer.com/product/475626_200w.jpg,3,17688,https://cpt.tcgcsv.com/xgQ5,2023-04-14T04:03:08.263,1,"This listing is <strong>not</strong> a physical item. Please keep in mind that this <strong>Code Card</strong> listing represents a digital copy of the stated item for the Pokémon TCG Online <strong>and/or</strong> the Pokémon TCG Live games. You may receive the physical <strong>Code Card</strong>. Upon purchase, please work with your specific Seller by sending them a message using the <strong>Contact Seller</strong> button on the order details in your <a href=https://store.tcgplayer.com/myaccount/orderhistory>Order History</a> to opt in to having your <strong>Code Card</strong> code delivered digitally due to the nature of the product.",0.02,0.09,1.49,0.05,,Normal,,Code Card,,,,,,,,,
475628,Crown Zenith Tin [Galarian Articuno],Crown Zenith Tin Galarian Articuno,https://tcgplayer-cdn.tcgplayer.com/product/475628_200w.jpg,3,17688,https://cpt.tcgcsv.com/BgQ5,2023-03-17T04:03:11.557,1,"Legendary Pokémon from Galar Charge into Battle!
<br>
Three fearsome Legendary Pokémon have arrived from the Galar region! With their own unique type and powers, they’re forces to be reckoned with. Add this power to your Pokémon TCG collection and see for yourself! Will you choose the atrocious attitude of Galarian Articuno, the zippy zeal of Galarian Zapdos, or the malevolent malice of Galarian Moltres? Regardless of your choice, you’ll also find 5 booster packs from the special Pokémon TCG: Crown Zenith expansion and a code card for Pokémon TCG Live!
<br>
In this tin, you’ll find:
<br>
• a full art promo card featuring: Galarian Articunos, Galarian Zapdos, or Galarian Moltres
<br>
• 5 Pokémon TCG: Crown Zenith booster packs
<br>
• A code card for Pokémon TCG Live",80.01,107.0,149.0,63.09,,Normal,820650851940,,,,,,,,,,
475629,Crown Zenith Tin [Galarian Moltres],Crown Zenith Tin Galarian Moltres,https://tcgplayer-cdn.tcgplayer.com/product/475629_200w.jpg,3,17688,https://cpt.tcgcsv.com/CgQ5,2023-03-17T04:03:11.557,1,"Legendary Pokémon from Galar Charge into Battle!
<br>
Three fearsome Legendary Pokémon have arrived from the Galar region! With their own unique type and powers, they’re forces to be reckoned with. Add this power to your Pokémon TCG collection and see for yourself! Will you choose the atrocious attitude of Galarian Articuno, the zippy zeal of Galarian Zapdos, or the malevolent malice of Galarian Moltres? Regardless of your choice, you’ll also find 5 booster packs from the special Pokémon TCG: Crown Zenith expansion and a code card for Pokémon TCG Live!
<br>
In this tin, you’ll find:
<br>
• a full art promo card featuring: Galarian Articunos, Galarian Zapdos, or Galarian Moltres
<br>
• 5 Pokémon TCG: Crown Zenith booster packs
<br>
• A code card for Pokémon TCG Live",90.0,104.99,150.0,75.81,,Normal,820650851940,,,,,,,,,,
475630,Crown Zenith Tin [Galarian Zapdos],Crown Zenith Tin Galarian Zapdos,https://tcgplayer-cdn.tcgplayer.com/product/475630_200w.jpg,3,17688,https://cpt.tcgcsv.com/DgQ5,2023-03-17T04:03:11.557,1,"Legendary Pokémon from Galar Charge into Battle!
<br>
Three fearsome Legendary Pokémon have arrived from the Galar region! With their own unique type and powers, they’re forces to be reckoned with. Add this power to your Pokémon TCG collection and see for yourself! Will you choose the atrocious attitude of Galarian Articuno, the zippy zeal of Galarian Zapdos, or the malevolent malice of Galarian Moltres? Regardless of your choice, you’ll also find 5 booster packs from the special Pokémon TCG: Crown Zenith expansion and a code card for Pokémon TCG Live!
<br>
In this tin, you’ll find:
<br>
• a full art promo card featuring: Galarian Articunos, Galarian Zapdos, or Galarian Moltres
<br>
• 5 Pokémon TCG: Crown Zenith booster packs
<br>
• A code card for Pokémon TCG Live",70.0,99.98,149.0,61.41,,Normal,820650851940,,,,,,,,,,
475631,Crown Zenith Tin [Galarian Articuno] (International Version),Crown Zenith Tin Galarian Articuno International Version,https://tcgplayer-cdn.tcgplayer.com/product/475631_200w.jpg,3,17688,https://cpt.tcgcsv.com/FgQ5,2023-05-22T12:51:19.377,1,"Legendary Pokémon from Galar Charge into Battle!
<br>
Three fearsome Legendary Pokémon have arrived from the Galar region! With their own unique type and powers, they’re forces to be reckoned with. Add this power to your Pokémon TCG collection and see for yourself! Will you choose the atrocious attitude of Galarian Articuno, the zippy zeal of Galarian Zapdos, or the malevolent malice of Galarian Moltres? Regardless of your choice, you’ll also find 4 booster packs from the special Pokémon TCG: Crown Zenith expansion and a code card for Pokémon TCG Live!
<br>
In this tin, you’ll find:
<br>
• a full art promo card featuring: Galarian Articunos, Galarian Zapdos, or Galarian Moltres
<br>
• 4 Pokémon TCG: Crown Zenith booster packs
<br>
• A code card for Pokémon TCG Live",60.0,76.49,90.0,46.29,,Normal,,,,,,,,,,,
475632,Crown Zenith Tin [Galarian Moltres] (International Version),Crown Zenith Tin Galarian Moltres International Version,https://tcgplayer-cdn.tcgplayer.com/product/475632_200w.jpg,3,17688,https://cpt.tcgcsv.com/GgQ5,2023-05-22T12:51:32.85,1,"Legendary Pokémon from Galar Charge into Battle!
<br>
Three fearsome Legendary Pokémon have arrived from the Galar region! With their own unique type and powers, they’re forces to be reckoned with. Add this power to your Pokémon TCG collection and see for yourself! Will you choose the atrocious attitude of Galarian Articuno, the zippy zeal of Galarian Zapdos, or the malevolent malice of Galarian Moltres? Regardless of your choice, you’ll also find 4 booster packs from the special Pokémon TCG: Crown Zenith expansion and a code card for Pokémon TCG Live!
<br>
In this tin, you’ll find:
<br>
• a full art promo card featuring: Galarian Articunos, Galarian Zapdos, or Galarian Moltres
<br>
• 4 Pokémon TCG: Crown Zenith booster packs
<br>
• A code card for Pokémon TCG Live",69.24,83.93,120.0,61.82,,Normal,,,,,,,,,,,
475633,Crown Zenith Tin [Galarian Zapdos] (International Version),Crown Zenith Tin Galarian Zapdos International Version,https://tcgplayer-cdn.tcgplayer.com/product/475633_200w.jpg,3,17688,https://cpt.tcgcsv.com/HgQ5,2023-05-22T12:51:59.727,1,"Legendary Pokémon from Galar Charge into Battle!
<br>
Three fearsome Legendary Pokémon have arrived from the Galar region! With their own unique type and powers, they’re forces to be reckoned with. Add this power to your Pokémon TCG collection and see for yourself! Will you choose the atrocious attitude of Galarian Articuno, the zippy zeal of Galarian Zapdos, or the malevolent malice of Galarian Moltres? Regardless of your choice, you’ll also find 4 booster packs from the special Pokémon TCG: Crown Zenith expansion and a code card for Pokémon TCG Live!
<br>
In this tin, you’ll find:
<br>
• a full art promo card featuring: Galarian Articunos, Galarian Zapdos, or Galarian Moltres
<br>
• 4 Pokémon TCG: Crown Zenith booster packs
<br>
• A code card for Pokémon TCG Live",67.01,69.98,71.0,45.7,,Normal,,,,,,,,,,,
475634,Crown Zenith Tin [Set of 3],Crown Zenith Tin Set of 3,https://tcgplayer-cdn.tcgplayer.com/product/475634_200w.jpg,3,17688,https://cpt.tcgcsv.com/JgQ5,2023-03-17T04:03:11.557,1,"Legendary Pokémon from Galar Charge into Battle!
<br>
Three fearsome Legendary Pokémon have arrived from the Galar region! With their own unique type and powers, they’re forces to be reckoned with. Add this power to your Pokémon TCG collection and see for yourself! Will you choose the atrocious attitude of Galarian Articuno, the zippy zeal of Galarian Zapdos, or the malevolent malice of Galarian Moltres? Regardless of your choice, you’ll also find 5 booster packs from the special Pokémon TCG: Crown Zenith expansion and a code card for Pokémon TCG Live!
<br>
In this tin, you’ll find:
<br>
• a full art promo card featuring: Galarian Articunos, Galarian Zapdos, or Galarian Moltres
<br>
• 5 Pokémon TCG: Crown Zenith booster packs
<br>
• A code card for Pokémon TCG Live",249.97,250.0,399.99,215.27,,Normal,,,,,,,,,,,
475635,Crown Zenith Tin [Set of 3] (International Version),Crown Zenith Tin Set of 3 International Version,https://tcgplayer-cdn.tcgplayer.com/product/475635_200w.jpg,3,17688,https://cpt.tcgcsv.com/KgQ5,2023-05-22T12:51:47.7,1,"Legendary Pokémon from Galar Charge into Battle!
<br>
Three fearsome Legendary Pokémon have arrived from the Galar region! With their own unique type and powers, they’re forces to be reckoned with. Add this power to your Pokémon TCG collection and see for yourself! Will you choose the atrocious attitude of Galarian Articuno, the zippy zeal of Galarian Zapdos, or the malevolent malice of Galarian Moltres? Regardless of your choice, you’ll also find 4 booster packs from the special Pokémon TCG: Crown Zenith expansion and a code card for Pokémon TCG Live!
<br>
In this tin, you’ll find:
<br>
• a full art promo card featuring: Galarian Articunos, Galarian Zapdos, or Galarian Moltres
<br>
• 4 Pokémon TCG: Crown Zenith booster packs
<br>
• A code card for Pokémon TCG Live",175.99,200.0,385.0,146.61,,Normal,,,,,,,,,,,
475636,Code Card - Crown Zenith Tin [Galarian Articuno],Code Card Crown Zenith Tin Galarian Articuno,https://tcgplayer-cdn.tcgplayer.com/product/475636_200w.jpg,3,17688,https://cpt.tcgcsv.com/LgQ5,2023-06-20T16:23:47.973,1,"This listing is <strong>not</strong> a physical item. Please keep in mind that this <strong>Code Card</strong> listing represents a digital copy of the stated item for the Pokémon TCG Online <strong>and/or</strong> the Pokémon TCG Live games. You may receive the physical <strong>Code Card</strong>. Upon purchase, please work with your specific Seller by sending them a message using the <strong>Contact Seller</strong> button on the order details in your <a href=https://store.tcgplayer.com/myaccount/orderhistory>Order History</a> to opt in to having your <strong>Code Card</strong> code delivered digitally due to the nature of the product.",0.02,0.05,2.49,0.04,,Normal,,Code Card,,,,,,,,,
475637,Code Card - Crown Zenith Tin [Galarian Moltres],Code Card Crown Zenith Tin Galarian Moltres,https://tcgplayer-cdn.tcgplayer.com/product/475637_200w.jpg,3,17688,https://cpt.tcgcsv.com/MgQ5,2023-06-16T19:32:49.66,1,"This listing is <strong>not</strong> a physical item. Please keep in mind that this <strong>Code Card</strong> listing represents a digital copy of the stated item for the Pokémon TCG Online <strong>and/or</strong> the Pokémon TCG Live games. You may receive the physical <strong>Code Card</strong>. Upon purchase, please work with your specific Seller by sending them a message using the <strong>Contact Seller</strong> button on the order details in your <a href=https://store.tcgplayer.com/myaccount/orderhistory>Order History</a> to opt in to having your <strong>Code Card</strong> code delivered digitally due to the nature of the product.",0.01,0.2,2.95,0.2,,Normal,,Code Card,,,,,,,,,
475638,Code Card - Crown Zenith Tin [Galarian Zapdos],Code Card Crown Zenith Tin Galarian Zapdos,https://tcgplayer-cdn.tcgplayer.com/product/475638_200w.jpg,3,17688,https://cpt.tcgcsv.com/NgQ5,2023-06-20T16:24:01.943,1,"This listing is <strong>not</strong> a physical item. Please keep in mind that this <strong>Code Card</strong> listing represents a digital copy of the stated item for the Pokémon TCG Online <strong>and/or</strong> the Pokémon TCG Live games. You may receive the physical <strong>Code Card</strong>. Upon purchase, please work with your specific Seller by sending them a message using the <strong>Contact Seller</strong> button on the order details in your <a href=https://store.tcgplayer.com/myaccount/orderhistory>Order History</a> to opt in to having your <strong>Code Card</strong> code delivered digitally due to the nature of the product.",0.02,0.07,2.14,0.04,,Normal,,Code Card,,,,,,,,,
475639,Code Card - Crown Zenith Tin [Galarian Articuno] (International Version),Code Card Crown Zenith Tin Galarian Articuno International Version,https://tcgplayer-cdn.tcgplayer.com/product/475639_200w.jpg,3,17688,https://cpt.tcgcsv.com/PgQ5,2023-06-20T16:24:29.08,1,"This listing is <strong>not</strong> a physical item. Please keep in mind that this <strong>Code Card</strong> listing represents a digital copy of the stated item for the Pokémon TCG Online <strong>and/or</strong> the Pokémon TCG Live games. You may receive the physical <strong>Code Card</strong>. Upon purchase, please work with your specific Seller by sending them a message using the <strong>Contact Seller</strong> button on the order details in your <a href=https://store.tcgplayer.com/myaccount/orderhistory>Order History</a> to opt in to having your <strong>Code Card</strong> code delivered digitally due to the nature of the product.",0.1,0.1,0.1,,,Normal,,Code Card,,,,,,,,,
475640,Code Card - Crown Zenith Tin [Galarian Moltres] (International Version),Code Card Crown Zenith Tin Galarian Moltres International Version,https://tcgplayer-cdn.tcgplayer.com/product/475640_200w.jpg,3,17688,https://cpt.tcgcsv.com/QgQ5,2023-06-20T18:54:30.887,1,"This listing is <strong>not</strong> a physical item. Please keep in mind that this <strong>Code Card</strong> listing represents a digital copy of the stated item for the Pokémon TCG Online <strong>and/or</strong> the Pokémon TCG Live games. You may receive the physical <strong>Code Card</strong>. Upon purchase, please work with your specific Seller by sending them a message using the <strong>Contact Seller</strong> button on the order details in your <a href=https://store.tcgplayer.com/myaccount/orderhistory>Order History</a> to opt in to having your <strong>Code Card</strong> code delivered digitally due to the nature of the product.",0.4,0.4,0.4,,,Normal,,Code Card,,,,,,,,,
475641,Code Card - Crown Zenith Tin [Galarian Zapdos] (International Version),Code Card Crown Zenith Tin Galarian Zapdos International Version,https://tcgplayer-cdn.tcgplayer.com/product/475641_200w.jpg,3,17688,https://cpt.tcgcsv.com/RgQ5,2023-06-20T16:24:52.973,1,"This listing is <strong>not</strong> a physical item. Please keep in mind that this <strong>Code Card</strong> listing represents a digital copy of the stated item for the Pokémon TCG Online <strong>and/or</strong> the Pokémon TCG Live games. You may receive the physical <strong>Code Card</strong>. Upon purchase, please work with your specific Seller by sending them a message using the <strong>Contact Seller</strong> button on the order details in your <a href=https://store.tcgplayer.com/myaccount/orderhistory>Order History</a> to opt in to having your <strong>Code Card</strong> code delivered digitally due to the nature of the product.",0.4,0.4,0.4,,,Normal,,Code Card,,,,,,,,,
475644,Morpeko V-UNION Playmat Premium Collection,Morpeko V UNION Playmat Premium Collection,https://tcgplayer-cdn.tcgplayer.com/product/475644_200w.jpg,3,17688,https://cpt.tcgcsv.com/VgQ5,2023-04-14T04:03:08.593,1,"Marnie & Morpeko Unite — with Morpeko V-Union!
<br>
In sync with its Trainer Marnie and cheered on by Team Yell, Morpeko dashes into battle as a shockingly powerful Pokémon V-UNION! With the promo cards in this premium set, you'll have all the pieces needed to assemble Morpeko V-UNION and put its four attacks into action. You also get a colorful playmat featuring artwork of Morpeko and Marnie, plus a stack of booster packs from the special Pokémon TCG: Crown Zenith expansion to add to your collection.
<br>
The Pokémon TCG: Crown Zenith Collection— Morpeko V-Union Playmat Premium Collection includes:
<br>
• 4 etched promo cards that make up a single Morpeko V-UNION
<br>
• 1 oversize card featuring Morpeko V-UNION
<br>
• 1 helpful Supporter card featuring Professor Burnet
<br>
• 1 playmat featuring Marnie and Morpeko
<br>
• 5 Pokémon TCG Crown Zenith booster packs
<br>
• A code card for Pokémon TCG Live",65.0,80.0,151.0,66.14,,Normal,820650871818,,,,,,,,,,
475645,Code Card - Morpeko V-UNION Playmat Premium Collection,Code Card Morpeko V UNION Playmat Premium Collection,https://tcgplayer-cdn.tcgplayer.com/product/475645_200w.jpg,3,17688,https://cpt.tcgcsv.com/WgQ5,2023-04-14T04:03:08.593,1,"This listing is <strong>not</strong> a physical item. Please keep in mind that this <strong>Code Card</strong> listing represents a digital copy of the stated item for the Pokémon TCG Online <strong>and/or</strong> the Pokémon TCG Live games. You may receive the physical <strong>Code Card</strong>. Upon purchase, please work with your specific Seller by sending them a message using the <strong>Contact Seller</strong> button on the order details in your <a href=https://store.tcgplayer.com/myaccount/orderhistory>Order History</a> to opt in to having your <strong>Code Card</strong> code delivered digitally due to the nature of the product.",0.02,0.1,4.99,0.03,,Normal,,Code Card,,,,,,,,,
475646,Crown Zenith Premium Figure Collection [Shiny Zamazenta],Crown Zenith Premium Figure Collection Shiny Zamazenta,https://tcgplayer-cdn.tcgplayer.com/product/475646_200w.jpg,3,17688,https://cpt.tcgcsv.com/XgQ5,2023-05-05T04:03:22.53,1,"Intrepid Sword or Dauntless Shield?
<br>
Choose from Two Shiny Legendary Pokémon!
<br>
Shiny Legendary Pokémon are among the most sought-after Pokémon of all, and now you can add Zacian or Zamazenta to your collection as a Shiny Pokémon V! In addition to an etched foil promo card, the star Pokémon also appears as a detailed figure and glossy enamel pin, and both Zacian and Zamazenta appear together on a full set of illustrated card sleeves. You’ll even find a stack of booster packs from the Crown Zenith expansion to grow your collection even more!
<br>
Each Pokémon TCG: Crown Zenith Collection— Premium Figure Collection--Shiny Zacian/Shiny 
Zamazenta includes:
<br>
• 1 etched foil promo card featuring Shiny Zacian V or Shiny Zamazenta V
<br>
• 1 sculpted figure featuring Shiny Zacian or Shiny Zamazenta
<br>
• 1 collector’s pin featuring Shiny Zacian or Shiny Zamazenta
<br>
• 65 card sleeves featuring both Shiny Zacian and Shiny Zamazenta
<br>
• 11 Pokémon TCG: Crown Zenith booster packs
<br>
• A code card for Pokémon TCG Live",215.0,250.0,291.0,178.43,,Normal,,,,,,,,,,,
475647,Crown Zenith Premium Figure Collection [Shiny Zacian],Crown Zenith Premium Figure Collection Shiny Zacian,https://tcgplayer-cdn.tcgplayer.com/product/475647_200w.jpg,3,17688,https://cpt.tcgcsv.com/ZgQ5,2023-05-05T04:03:22.53,1,"Intrepid Sword or Dauntless Shield?
<br>
Choose from Two Shiny Legendary Pokémon!
<br>
Shiny Legendary Pokémon are among the most sought-after Pokémon of all, and now you can add Zacian or Zamazenta to your collection as a Shiny Pokémon V! In addition to an etched foil promo card, the star Pokémon also appears as a detailed figure and glossy enamel pin, and both Zacian and Zamazenta appear together on a full set of illustrated card sleeves. You’ll even find a stack of booster packs from the Crown Zenith expansion to grow your collection even more!
<br>
Each Pokémon TCG: Crown Zenith Collection— Premium Figure Collection--Shiny Zacian/Shiny 
Zamazenta includes:
<br>
• 1 etched foil promo card featuring Shiny Zacian V or Shiny Zamazenta V
<br>
• 1 sculpted figure featuring Shiny Zacian or Shiny Zamazenta
<br>
• 1 collector’s pin featuring Shiny Zacian or Shiny Zamazenta
<br>
• 65 card sleeves featuring both Shiny Zacian and Shiny Zamazenta
<br>
• 11 Pokémon TCG: Crown Zenith booster packs
<br>
• A code card for Pokémon TCG Live",215.0,245.0,300.0,192.46,,Normal,,,,,,,,,,,
475648,Crown Zenith Premium Figure Collection [Set of 2],Crown Zenith Premium Figure Collection Set of 2,https://tcgplayer-cdn.tcgplayer.com/product/475648_200w.jpg,3,17688,https://cpt.tcgcsv.com/-gQ5,2023-05-05T04:03:22.53,1,"Intrepid Sword or Dauntless Shield?
<br>
Choose from Two Shiny Legendary Pokémon!
<br>
Shiny Legendary Pokémon are among the most sought-after Pokémon of all, and now you can add Zacian or Zamazenta to your collection as a Shiny Pokémon V! In addition to an etched foil promo card, the star Pokémon also appears as a detailed figure and glossy enamel pin, and both Zacian and Zamazenta appear together on a full set of illustrated card sleeves. You’ll even find a stack of booster packs from the Crown Zenith expansion to grow your collection even more!
<br>
Each Pokémon TCG: Crown Zenith Collection— Premium Figure Collection--Shiny Zacian/Shiny 
Zamazenta includes:
<br>
• 1 etched foil promo card featuring Shiny Zacian V or Shiny Zamazenta V
<br>
• 1 sculpted figure featuring Shiny Zacian or Shiny Zamazenta
<br>
• 1 collector’s pin featuring Shiny Zacian or Shiny Zamazenta
<br>
• 65 card sleeves featuring both Shiny Zacian and Shiny Zamazenta
<br>
• 11 Pokémon TCG: Crown Zenith booster packs
<br>
• A code card for Pokémon TCG Live",389.86,398.5,425.0,336.26,,Normal,,,,,,,,,,,
475649,Code Card - Crown Zenith Premium Figure Collection [Shiny Zacian],Code Card Crown Zenith Premium Figure Collection Shiny Zacian,https://tcgplayer-cdn.tcgplayer.com/product/475649_200w.jpg,3,17688,https://cpt.tcgcsv.com/_gQ5,2023-05-05T04:03:22.53,1,"This listing is <strong>not</strong> a physical item. Please keep in mind that this <strong>Code Card</strong> listing represents a digital copy of the stated item for the Pokémon TCG Online <strong>and/or</strong> the Pokémon TCG Live games. You may receive the physical <strong>Code Card</strong>. Upon purchase, please work with your specific Seller by sending them a message using the <strong>Contact Seller</strong> button on the order details in your <a href=https://store.tcgplayer.com/myaccount/orderhistory>Order History</a> to opt in to having your <strong>Code Card</strong> code delivered digitally due to the nature of the product.",0.07,0.15,1.99,0.07,,Normal,,Code Card,,,,,,,,,
475650,Code Card - Crown Zenith Premium Figure Collection [Shiny Zamazenta],Code Card Crown Zenith Premium Figure Collection Shiny Zamazenta,https://tcgplayer-cdn.tcgplayer.com/product/475650_200w.jpg,3,17688,https://cpt.tcgcsv.com/0hQ5,2023-05-05T04:03:22.53,1,"This listing is <strong>not</strong> a physical item. Please keep in mind that this <strong>Code Card</strong> listing represents a digital copy of the stated item for the Pokémon TCG Online <strong>and/or</strong> the Pokémon TCG Live games. You may receive the physical <strong>Code Card</strong>. Upon purchase, please work with your specific Seller by sending them a message using the <strong>Contact Seller</strong> button on the order details in your <a href=https://store.tcgplayer.com/myaccount/orderhistory>Order History</a> to opt in to having your <strong>Code Card</strong> code delivered digitally due to the nature of the product.",0.04,0.13,1.99,0.05,,Normal,,Code Card,,,,,,,,,
477051,Greedent V,Greedent V,https://tcgplayer-cdn.tcgplayer.com/product/477051_200w.jpg,3,17688,https://cpt.tcgcsv.com/2RQ5,2023-11-02T12:39:36.44,1,,0.22,0.92,10.34,0.64,,Holofoil,,Ultra Rare,120/159,Colorless,210,Basic,"[2] Body Slam (40)
<br>Flip a coin. If heads, your opponent's Active Pokémon is now Paralyzed.","[3] Nom-Nom-Nom Incisors (120)
<br>Draw 3 cards.",Fx2,None,2
477053,Kyogre V,Kyogre V,https://tcgplayer-cdn.tcgplayer.com/product/477053_200w.jpg,3,17688,https://cpt.tcgcsv.com/5RQ5,2023-01-20T14:25:15.467,1,"<em>V rule — When your Pokémon V is Knocked Out, your opponent takes 2 Prize cards.</em>",0.25,0.89,10.42,0.83,0.99,Holofoil,,Ultra Rare,037/159,Water,230,Basic,"[2W] Dual Splash
<br>
This attack does 50 damage to 2 of your opponent's Pokémon. <em>(Don't apply Weakness and Resistance for Benched Pokémon.)</em>","[3W] Aqua Typhoon (210)
<br>
During your next turn, this Pokémon can't use Aqua Typhoon.",Lx2,None,3
477054,Rotom VSTAR,Rotom VSTAR,https://tcgplayer-cdn.tcgplayer.com/product/477054_200w.jpg,3,17688,https://cpt.tcgcsv.com/6RQ5,2023-01-20T14:25:15.467,1,"<span style=""color:gold""><strong>VSTAR Power</strong></span>
<br>
<strong>Ability — Conversion Star</strong>
<br>
During your turn, you may use this Ability. Discard any number of cards from your hand. Then, draw that many cards. <em>(You can't use more than 1 VSTAR Power in a game.)</em>
<br><br>
<em>VSTAR rule — When your Pokémon VSTAR is Knocked Out, your opponent takes 2 Prize cards.</em>",0.49,1.29,19.95,0.97,1.53,Holofoil,,Ultra Rare,046/159,Lightning,250,VSTAR,"[LL] Scrap Pulse (80+)
<br>
Put any number of Pokémon Tool cards from your discard pile in the Lost Zone. This attack does 40 more damage for each card you put in the Lost Zone in this way.",,Fx2,None,1
477055,Radiant Charjabug,Radiant Charjabug,https://tcgplayer-cdn.tcgplayer.com/product/477055_200w.jpg,3,17688,https://cpt.tcgcsv.com/7RQ5,2025-05-15T16:05:19.713,1,"<strong>Ability — Shocking Block</strong>
<br>
Whenever any player attaches an Energy card from their hand to 1 of their Pokémon V, put 2 damage counters on that Pokémon.
<br><br>
<em>Radiant Pokémon Rule — You can't have more than 1 Radiant Pokémon in your deck.</em>",0.1,0.45,15.95,0.45,,Holofoil,,Radiant Rare,051/159,Lightning,90,Basic,"[L] Linear Attack
<br>
This attack does 30 damage to 1 of your opponent's Pokémon. <em>(Don't apply Weakness and Resistance for Benched Pokémon.)</em>",,Fx2,None,2
477163,Galarian Meowth,Galarian Meowth,https://tcgplayer-cdn.tcgplayer.com/product/477163_200w.jpg,3,17688,https://cpt.tcgcsv.com/hTQ5,2024-07-26T17:13:46.67,1,,0.05,0.36,1.53,0.39,0.37,Reverse Holofoil,,Common,084/159,Metal,70,Basic,"[M] Fasten Claws (10+)
<br>
Flip a coin. If heads, this attack does 20 more damage.",,Rx2,G-30,1
477163,Galarian Meowth,Galarian Meowth,https://tcgplayer-cdn.tcgplayer.com/product/477163_200w.jpg,3,17688,https://cpt.tcgcsv.com/hTQ5,2024-07-26T17:13:46.67,1,,0.01,0.1,5.0,0.09,0.04,Normal,,Common,084/159,Metal,70,Basic,"[M] Fasten Claws (10+)
<br>
Flip a coin. If heads, this attack does 20 more damage.",,Rx2,G-30,1
477241,Elesa's Sparkle (Full Art),Elesas Sparkle Full Art,https://tcgplayer-cdn.tcgplayer.com/product/477241_200w.jpg,3,17688,https://cpt.tcgcsv.com/RVQ5,2023-01-20T14:25:15.467,1,"Choose up to 2 of your Fusion Strike Pokémon. For each of those Pokémon, search you deck for a Fusion Strike Energy card and attach it to that Pokémon. Then, shuffle your deck.
<br><br>
You may play only 1 Supporter card during your turn.",11.2,15.1,50.0,13.61,15.99,Holofoil,,Ultra Rare,147/159,Supporter,,,,,,,
477251,Eevee V,Eevee V,https://tcgplayer-cdn.tcgplayer.com/product/477251_200w.jpg,3,17688,https://cpt.tcgcsv.com/2WQ5,2024-10-03T21:15:21.28,1,"<em>V rule — When your Pokémon V is Knocked Out, your opponent takes 2 Prize cards.</em>",0.88,3.73,15.0,3.62,,Holofoil,,Ultra Rare,108/159,Colorless,200,Basic,[1] Tackle (30),"[3] Vee Brave (80+)
<br>
If your opponent's Active Pokémon is a Pokémon V, this attack does 80 more damage.",Fx2,,1
477468,Hatterene VMAX,Hatterene VMAX,https://tcgplayer-cdn.tcgplayer.com/product/477468_200w.jpg,3,17688,https://cpt.tcgcsv.com/n_Q5,2023-01-20T14:25:15.467,1,"<strong>Ability — Witch's Domain</strong>
<br>
Once during your turn, you may move up to 2 damage counters from your Pokémon to your opponent's Active Pokémon.
<br><br>
<em>VMAX rule — When your Pokémon VMAX is Knocked Out, your opponent takes 3 Prize cards.</em>",0.99,2.0,9.97,1.75,,Holofoil,,Ultra Rare,066/159,Psychic,320,VMAX,"[2P] G-Max Smite (150)
<br>
Your opponent's Active Pokémon is now Confused.",,Dx2,F-30,2
477469,Zacian VSTAR,Zacian VSTAR,https://tcgplayer-cdn.tcgplayer.com/product/477469_200w.jpg,3,17688,https://cpt.tcgcsv.com/p_Q5,2023-01-20T14:25:15.467,1,"<em>VSTAR rule — When your Pokémon VSTAR is Knocked Out, your opponent takes 2 Prize cards.</em>",0.85,1.59,12.95,1.3,,Holofoil,,Ultra Rare,096/159,Metal,270,VSTAR,"[1MM] Break Edge (200)
<br>
This attack's damage isn't affected by Weakness or Resistance, or by any effects on your opponent's Active Pokémon.","<span style=""color:gold""><strong>VSTAR Power</strong></span>
<br>
[2MM] Sword Star (310)
<br>
This Pokémon also does 30 damage to itself. <em>(You can't use more than 1 VSTAR Power in a game.)</em>",Rx2,G-30,2
477470,Zamazenta VSTAR,Zamazenta VSTAR,https://tcgplayer-cdn.tcgplayer.com/product/477470_200w.jpg,3,17688,https://cpt.tcgcsv.com/q_Q5,2023-01-20T14:25:15.467,1,"<span style=""color:gold""><strong>VSTAR Power</strong></span>
<strong>Ability — Shield Star</strong>
<br>
During your turn, you may use this Ability. During your opponent's next turn, all of your Pokémon take 100 less damage from attacks from your opponent's Pokémon <em>(after applying Weakness and Resistance)</em>. <em>(This includes Pokémon that come into play during this turn or during your opponent's next turn.) (You can't use mroe than 1 VSTAR Power in a game.)</em>
<br><br>
<em>VSTAR rule — When your Pokémon VSTAR is Knocked Out, your opponent takes 2 Prize cards.</em>",0.5,1.4,19.95,1.21,1.26,Holofoil,,Ultra Rare,099/159,Metal,270,VSTAR,"[1MM] Giga Impact (220)
<br>
During your next turn, this Pokémon can't attack.",,Rx2,G-30,2
478033,Oddish,Oddish,https://tcgplayer-cdn.tcgplayer.com/product/478033_200w.jpg,3,17688,https://cpt.tcgcsv.com/HdR5,2024-07-26T17:13:46.717,1,,0.01,0.12,1.49,0.12,0.03,Normal,,Common,001/159,Grass,50,Basic,"[1] Leaf Boomerang (10x)
<br>Flip 2 coins. This attack does 10 damage for each heads.",,Rx2,None,1
478033,Oddish,Oddish,https://tcgplayer-cdn.tcgplayer.com/product/478033_200w.jpg,3,17688,https://cpt.tcgcsv.com/HdR5,2024-07-26T17:13:46.717,1,,0.01,0.37,1.49,0.36,,Reverse Holofoil,,Common,001/159,Grass,50,Basic,"[1] Leaf Boomerang (10x)
<br>Flip 2 coins. This attack does 10 damage for each heads.",,Rx2,None,1
478042,Gloom,Gloom,https://tcgplayer-cdn.tcgplayer.com/product/478042_200w.jpg,3,17688,https://cpt.tcgcsv.com/SdR5,2024-07-26T17:13:46.75,1,,0.01,0.11,5.0,0.1,,Normal,,Uncommon,002/159,Grass,70,Stage 1,"[1G] Offensive Scent (20)
<br>Your opponent's Active Pokémon is now Confused and Poisoned.",,Rx2,None,1
478042,Gloom,Gloom,https://tcgplayer-cdn.tcgplayer.com/product/478042_200w.jpg,3,17688,https://cpt.tcgcsv.com/SdR5,2024-07-26T17:13:46.75,1,,0.14,0.3,1.99,0.3,0.3,Reverse Holofoil,,Uncommon,002/159,Grass,70,Stage 1,"[1G] Offensive Scent (20)
<br>Your opponent's Active Pokémon is now Confused and Poisoned.",,Rx2,None,1
478049,Bellossom,Bellossom,https://tcgplayer-cdn.tcgplayer.com/product/478049_200w.jpg,3,17688,https://cpt.tcgcsv.com/_dR5,2024-08-25T03:15:32.21,1,,0.01,0.15,5.0,0.15,,Normal,,Rare,003/159,Grass,120,Stage 2,"[1G] Flower Spin (80x)
<br>Flip 3 coins. This attack does 80 damage for each heads. Switch this Pokémon with 1 of your Benched Pokémon.",,Rx2,None,1
478049,Bellossom,Bellossom,https://tcgplayer-cdn.tcgplayer.com/product/478049_200w.jpg,3,17688,https://cpt.tcgcsv.com/_dR5,2024-08-25T03:15:32.21,1,,0.15,0.32,1.11,0.29,,Reverse Holofoil,,Rare,003/159,Grass,120,Stage 2,"[1G] Flower Spin (80x)
<br>Flip 3 coins. This attack does 80 damage for each heads. Switch this Pokémon with 1 of your Benched Pokémon.",,Rx2,None,1
478050,Tangela,Tangela,https://tcgplayer-cdn.tcgplayer.com/product/478050_200w.jpg,3,17688,https://cpt.tcgcsv.com/0fR5,2024-07-26T17:13:46.82,1,,0.01,0.1,5.0,0.06,0.04,Normal,,Common,004/159,Grass,80,Basic,[1] Beat (10),[1GG] Vine Whip (60),Rx2,None,2
478050,Tangela,Tangela,https://tcgplayer-cdn.tcgplayer.com/product/478050_200w.jpg,3,17688,https://cpt.tcgcsv.com/0fR5,2024-07-26T17:13:46.82,1,,0.15,0.34,1.5,0.33,,Reverse Holofoil,,Common,004/159,Grass,80,Basic,[1] Beat (10),[1GG] Vine Whip (60),Rx2,None,2
478051,Tangrowth,Tangrowth,https://tcgplayer-cdn.tcgplayer.com/product/478051_200w.jpg,3,17688,https://cpt.tcgcsv.com/2fR5,2024-07-26T17:13:46.867,1,,0.01,0.15,2.0,0.09,0.09,Normal,,Rare,005/159,Grass,150,Stage 1,[1F]  Suctioning Vines (50),[1GG] Hammer In (130),Rx2,None,4
478051,Tangrowth,Tangrowth,https://tcgplayer-cdn.tcgplayer.com/product/478051_200w.jpg,3,17688,https://cpt.tcgcsv.com/2fR5,2024-07-26T17:13:46.867,1,,0.09,0.25,1.5,0.21,,Reverse Holofoil,,Rare,005/159,Grass,150,Stage 1,[1F]  Suctioning Vines (50),[1GG] Hammer In (130),Rx2,None,4
478052,Scyther,Scyther,https://tcgplayer-cdn.tcgplayer.com/product/478052_200w.jpg,3,17688,https://cpt.tcgcsv.com/3fR5,2024-07-26T17:13:46.9,1,,0.01,0.1,2.01,0.1,,Normal,,Common,006/159,Grass,80,Basic,"[1] Mach Cut (10)
<br>Discard a Special Energy from your opponent's Active Pokémon.",,Rx2,None,1
478052,Scyther,Scyther,https://tcgplayer-cdn.tcgplayer.com/product/478052_200w.jpg,3,17688,https://cpt.tcgcsv.com/3fR5,2024-07-26T17:13:46.9,1,,0.12,0.3,1.67,0.31,,Reverse Holofoil,,Common,006/159,Grass,80,Basic,"[1] Mach Cut (10)
<br>Discard a Special Energy from your opponent's Active Pokémon.",,Rx2,None,1
478053,Sunkern,Sunkern,https://tcgplayer-cdn.tcgplayer.com/product/478053_200w.jpg,3,17688,https://cpt.tcgcsv.com/5fR5,2024-07-26T17:13:46.93,1,,0.12,0.29,1.63,0.3,0.28,Reverse Holofoil,,Common,007/159,Grass,40,Basic,[2] Seed Bomb (20),,Rx2,None,1
478053,Sunkern,Sunkern,https://tcgplayer-cdn.tcgplayer.com/product/478053_200w.jpg,3,17688,https://cpt.tcgcsv.com/5fR5,2024-07-26T17:13:46.93,1,,0.01,0.1,5.0,0.05,,Normal,,Common,007/159,Grass,40,Basic,[2] Seed Bomb (20),,Rx2,None,1
478054,Yanma,Yanma,https://tcgplayer-cdn.tcgplayer.com/product/478054_200w.jpg,3,17688,https://cpt.tcgcsv.com/6fR5,2024-11-08T16:47:08.737,1,,0.01,0.1,5.0,0.04,0.03,Normal,,Common,008/159,Grass,70,Basic,"[1] Swoop Across
<br>This attack does 10 damage to each of your opponent's Pokémon. <em>(Don't apply Weakness and Resistance for Benched Pokémon.)<em>",[3] Cutting Wind (70),Rx2,None,1
478054,Yanma,Yanma,https://tcgplayer-cdn.tcgplayer.com/product/478054_200w.jpg,3,17688,https://cpt.tcgcsv.com/6fR5,2024-11-08T16:47:08.737,1,,0.1,0.25,1.49,0.24,,Reverse Holofoil,,Common,008/159,Grass,70,Basic,"[1] Swoop Across
<br>This attack does 10 damage to each of your opponent's Pokémon. <em>(Don't apply Weakness and Resistance for Benched Pokémon.)<em>",[3] Cutting Wind (70),Rx2,None,1
478055,Yanmega,Yanmega,https://tcgplayer-cdn.tcgplayer.com/product/478055_200w.jpg,3,17688,https://cpt.tcgcsv.com/7fR5,2024-07-26T17:13:47.017,1,,0.1,0.28,4.99,0.27,0.27,Reverse Holofoil,,Rare,009/159,Grass,130,Stage 1,"[1] Shoot Through (20)
<br>This attack also does 20 damage to 1 of your opponent's Benched Pokémon. <em>(Don't apply Weakness and Resistance for Benched Pokémon.)</em>","[1GG] Jet Wing (160)
<br>During your next turn, this Pokémon can't attack.",Rx2,None,
478055,Yanmega,Yanmega,https://tcgplayer-cdn.tcgplayer.com/product/478055_200w.jpg,3,17688,https://cpt.tcgcsv.com/7fR5,2024-07-26T17:13:47.017,1,,0.01,0.15,2.0,0.14,0.1,Normal,,Rare,009/159,Grass,130,Stage 1,"[1] Shoot Through (20)
<br>This attack also does 20 damage to 1 of your opponent's Benched Pokémon. <em>(Don't apply Weakness and Resistance for Benched Pokémon.)</em>","[1GG] Jet Wing (160)
<br>During your next turn, this Pokémon can't attack.",Rx2,None,
478057,Kricketot,Kricketot,https://tcgplayer-cdn.tcgplayer.com/product/478057_200w.jpg,3,17688,https://cpt.tcgcsv.com/9fR5,2024-07-26T17:13:47.047,1,,0.01,0.1,5.0,0.04,,Normal,,Common,010/159,Grass,60,Basic,"[G] Trip Over (10+)
<br>Flip a coin. If heads, this attack does 20 more damage.",,Rx2,None,1
478057,Kricketot,Kricketot,https://tcgplayer-cdn.tcgplayer.com/product/478057_200w.jpg,3,17688,https://cpt.tcgcsv.com/9fR5,2024-07-26T17:13:47.047,1,,0.01,0.29,1.62,0.29,0.27,Reverse Holofoil,,Common,010/159,Grass,60,Basic,"[G] Trip Over (10+)
<br>Flip a coin. If heads, this attack does 20 more damage.",,Rx2,None,1
478060,Cherubi,Cherubi,https://tcgplayer-cdn.tcgplayer.com/product/478060_200w.jpg,3,17688,https://cpt.tcgcsv.com/dfR5,2024-07-26T17:13:47.123,1,,0.01,0.1,1.52,0.07,,Normal,,Common,011/159,Grass,50,Basic,[G] Leafage (10),,Rx2,None,1
478060,Cherubi,Cherubi,https://tcgplayer-cdn.tcgplayer.com/product/478060_200w.jpg,3,17688,https://cpt.tcgcsv.com/dfR5,2024-07-26T17:13:47.123,1,,0.12,0.27,1.71,0.27,,Reverse Holofoil,,Common,011/159,Grass,50,Basic,[G] Leafage (10),,Rx2,None,1
478064,Carnivine,Carnivine,https://tcgplayer-cdn.tcgplayer.com/product/478064_200w.jpg,3,17688,https://cpt.tcgcsv.com/jfR5,2024-07-26T17:13:47.157,1,,0.09,0.35,2.0,0.37,,Reverse Holofoil,,Uncommon,012/159,Grass,90,Basic,"[G] Festering Saliva
<br>Your opponent's Active Pokémon is now Burned and Poisoned.","[2] Bind Down (40)
<br>During your opponent's next turn, the Defending Pokémon can't retreat.",Rx2,None,1
478064,Carnivine,Carnivine,https://tcgplayer-cdn.tcgplayer.com/product/478064_200w.jpg,3,17688,https://cpt.tcgcsv.com/jfR5,2024-07-26T17:13:47.157,1,,0.01,0.1,2.0,0.07,0.02,Normal,,Uncommon,012/159,Grass,90,Basic,"[G] Festering Saliva
<br>Your opponent's Active Pokémon is now Burned and Poisoned.","[2] Bind Down (40)
<br>During your opponent's next turn, the Defending Pokémon can't retreat.",Rx2,None,1
478070,Leafeon V,Leafeon V,https://tcgplayer-cdn.tcgplayer.com/product/478070_200w.jpg,3,17688,https://cpt.tcgcsv.com/qfR5,2023-01-20T14:25:15.467,1,"<em>V rule — When your Pokémon V is Knocked Out, your opponent takes 2 Prize cards.</em>",0.8,1.49,19.99,1.3,1.69,Holofoil,,Ultra Rare,013/159,Grass,210,Basic,"[G] Leaf Guard (30)
<br>During your opponent's next turn, this Pokémon takes 30 less damage from attacks <em>(after applying Weakness and Resistance).</em>","[1GG] Slashing Strike (180)
<br>During your next turn, this Pokémon can't use Slashing Strike.",Rx2,None,2
478080,Leafeon VSTAR,Leafeon VSTAR,https://tcgplayer-cdn.tcgplayer.com/product/478080_200w.jpg,3,17688,https://cpt.tcgcsv.com/DfR5,2025-01-13T20:55:22.35,1,"<span style=""color:gold""><strong>VSTAR Power</strong></span> Ability — Ivy Star
<br>During your turn, you may switch 1 of your opponent's Benched Pokémon with their Active Pokémon. <em>(You can't use more than 1 <strong>VSTAR</strong> Power in a game.)</em>",1.39,2.5,19.97,2.57,3.34,Holofoil,,Ultra Rare,014/159,Grass,260,VSTAR,"[1GG] Leaf Guard (180)
<br> During your opponent's next turn, this Pokémon takes 30 less damage from attacks <em>(after applying Weakness and Resistance).</em>",,Rx2,None,2
478082,Grubbin,Grubbin,https://tcgplayer-cdn.tcgplayer.com/product/478082_200w.jpg,3,17688,https://cpt.tcgcsv.com/GfR5,2024-07-26T17:13:47.203,1,,0.09,0.26,1.0,0.24,,Reverse Holofoil,,Common,015/159,Grass,70,Basic,"[1] Energize
<br>Attach a L Energy card from your discard pile to this Pokémon.","[3] Surprise Attack (50)
<br>Flip a coin. If tails, this attack does nothing.",Rx2,None,2
478082,Grubbin,Grubbin,https://tcgplayer-cdn.tcgplayer.com/product/478082_200w.jpg,3,17688,https://cpt.tcgcsv.com/GfR5,2024-07-26T17:13:47.203,1,,0.01,0.1,1.49,0.06,0.03,Normal,,Common,015/159,Grass,70,Basic,"[1] Energize
<br>Attach a L Energy card from your discard pile to this Pokémon.","[3] Surprise Attack (50)
<br>Flip a coin. If tails, this attack does nothing.",Rx2,None,2
478088,Zarude,Zarude,https://tcgplayer-cdn.tcgplayer.com/product/478088_200w.jpg,3,17688,https://cpt.tcgcsv.com/NfR5,2024-07-26T17:13:47.233,1,,0.1,0.3,1.95,0.25,0.25,Reverse Holofoil,,Holo Rare,016/159,Grass,120,Basic,"[G] Drag Off
<br>Switch 1 of your opponent's Benched Pokémon with their Active Pokémon. This attack does 20 damage to the new Active Pokémon.","[GG] Triple Whip (70x)
<br>Flip 3 coins. This attack does 70 damage for each heads.",Rx2,None,1
478088,Zarude,Zarude,https://tcgplayer-cdn.tcgplayer.com/product/478088_200w.jpg,3,17688,https://cpt.tcgcsv.com/NfR5,2024-07-26T17:13:47.233,1,,0.05,0.27,35.0,0.28,0.28,Holofoil,,Holo Rare,016/159,Grass,120,Basic,"[G] Drag Off
<br>Switch 1 of your opponent's Benched Pokémon with their Active Pokémon. This attack does 20 damage to the new Active Pokémon.","[GG] Triple Whip (70x)
<br>Flip 3 coins. This attack does 70 damage for each heads.",Rx2,None,1
478089,Calyrex,Calyrex,https://tcgplayer-cdn.tcgplayer.com/product/478089_200w.jpg,3,17688,https://cpt.tcgcsv.com/PfR5,2023-01-20T14:25:15.467,1,,0.1,0.43,2.95,0.47,0.11,Holofoil,,Holo Rare,017/159,Grass,110,Basic,"[2] King's Instructions (30)
<br>You may search your deck for up to 2 cards and put them into your hand. Then, shuffle your deck.","[2G] Bloomshine (90)
<br>Heal 20 damage from each of your Pokémon.",Rx2,None,2
478089,Calyrex,Calyrex,https://tcgplayer-cdn.tcgplayer.com/product/478089_200w.jpg,3,17688,https://cpt.tcgcsv.com/PfR5,2023-01-20T14:25:15.467,1,,0.16,0.5,2.95,0.5,,Reverse Holofoil,,Holo Rare,017/159,Grass,110,Basic,"[2] King's Instructions (30)
<br>You may search your deck for up to 2 cards and put them into your hand. Then, shuffle your deck.","[2G] Bloomshine (90)
<br>Heal 20 damage from each of your Pokémon.",Rx2,None,2
478090,Charizard V,Charizard V,https://tcgplayer-cdn.tcgplayer.com/product/478090_200w.jpg,3,17688,https://cpt.tcgcsv.com/QfR5,2023-01-20T14:25:15.467,1,"<em>V rule — When your Pokémon V is Knocked Out, your opponent takes 2 Prize cards.</em>",2.75,4.0,20.0,3.5,4.31,Holofoil,,Ultra Rare,018/159,Fire,220,Basic,"[1RR] Incinerate (90)
<br>Before doing damage, discard all Pokémon Tools from your opponent's Active Pokémon.",[1RRR] Heat Blast (180),Wx2,None,2
478094,Charizard VSTAR,Charizard VSTAR,https://tcgplayer-cdn.tcgplayer.com/product/478094_200w.jpg,3,17688,https://cpt.tcgcsv.com/VfR5,2023-01-20T14:25:15.467,1,,5.0,7.41,24.97,5.99,7.26,Holofoil,,Ultra Rare,019/159,Fire,280,VSTAR,"[1RR] Explosive Fire (130+)
<br>If this Pokemon has any damage counters on it, this attack does 100 more damage.","<span style=""color:Gold"">[1RRR] Star Blaze (320)</strong>
<br>Discard 2 Energy from this Pokemon. <em>(You can't use more than 1 <strong>VSTAR</strong> Power in a game.)</em>",Wx2,None,2
478098,Radiant Charizard,Radiant Charizard,https://tcgplayer-cdn.tcgplayer.com/product/478098_200w.jpg,3,17688,https://cpt.tcgcsv.com/-fR5,2024-02-28T15:51:22.727,1,"<strong>Ability — Excited Heart</strong>
<br>This Pokémon's attacks cost C less for each Prize card your opponent has taken.",7.95,14.13,69.95,10.87,11.97,Holofoil,,Radiant Rare,020/159,Fire,160,Basic,"[4R] Combustion Blast (250)
<br>During your next turn, this Pokémon can't use Combustion Blast.",,Wx2,None,3
478102,Simisear V,Simisear V,https://tcgplayer-cdn.tcgplayer.com/product/478102_200w.jpg,3,17688,https://cpt.tcgcsv.com/3gR5,2023-03-29T18:22:22.453,1,,0.35,0.99,10.3,0.72,,Holofoil,,Ultra Rare,022/159,Fire,210,Basic,"[R] Bursting Power (20)
<br>You may attach up to 2 basic Energy cards from your hand to your Pokémon in any way you like.","[2R] Flare Juggling (90+)
<br>This attack does 30 more damage for each Energy attached to your opponent's Active Pokémon.",Wx2,None,1
478103,Pikachu (Secret),Pikachu Secret,https://tcgplayer-cdn.tcgplayer.com/product/478103_200w.jpg,3,17688,https://cpt.tcgcsv.com/5gR5,2024-08-30T16:19:44.79,1,,28.0,40.0,200.0,34.91,38.84,Holofoil,,Secret Rare,160/159,Lightning,70,Basic,"[1LL] Wild Charge (90)
<br>This Pokémon also does 30 damage to itself.",,Fx2,None,1
478104,Metal Energy (Texture Full Art),Metal Energy Texture Full Art,https://tcgplayer-cdn.tcgplayer.com/product/478104_200w.jpg,3,17688,https://cpt.tcgcsv.com/6gR5,2023-04-29T21:54:38.673,1,,1.46,2.25,10.0,2.25,2.92,Holofoil,,Ultra Rare,159/159,Basic Energy,,,,,,,
478105,Entei,Entei,https://tcgplayer-cdn.tcgplayer.com/product/478105_200w.jpg,3,17688,https://cpt.tcgcsv.com/7gR5,2023-01-20T14:25:15.467,1,"<strong>Ability — Explosive Heat Dash</strong>
<br>If this Pokémon has any Fire Energy attached, it has no Retreat Cost.",0.1,0.32,2.0,0.32,0.36,Holofoil,,Holo Rare,021/159,Fire,120,Basic,[3] Claw Slash (90),,Wx2,None,2
478105,Entei,Entei,https://tcgplayer-cdn.tcgplayer.com/product/478105_200w.jpg,3,17688,https://cpt.tcgcsv.com/7gR5,2023-01-20T14:25:15.467,1,"<strong>Ability — Explosive Heat Dash</strong>
<br>If this Pokémon has any Fire Energy attached, it has no Retreat Cost.",0.15,0.49,2.0,0.51,0.48,Reverse Holofoil,,Holo Rare,021/159,Fire,120,Basic,[3] Claw Slash (90),,Wx2,None,2
478106,Simisear VSTAR,Simisear VSTAR,https://tcgplayer-cdn.tcgplayer.com/product/478106_200w.jpg,3,17688,https://cpt.tcgcsv.com/8gR5,2023-01-20T14:25:15.467,1,"<em>VSTAR rule — When your Pokémon VSTAR is Knocked Out, your opponent takes 2 Prize cards.</em>",0.35,1.25,10.4,0.92,1.26,Holofoil,,Ultra Rare,023/159,Fire,260,VSTAR,"[2R] Fireball Fever (40+)
<br>You may discard up to 5 cards from the top of your deck. This attack does 40 more damage for each card you discarded in this way.","<span style=""color:gold""><strong>VSTAR Power</strong></span>
<br>
[R] Ember Star (30x)
<br>
This Pokémon does 30 damage for each Energy card in your discard pile. <em>(You can't use more than 1 VSTAR Power in a game.)</em>",Wx2,None,2
478107,Larvesta,Larvesta,https://tcgplayer-cdn.tcgplayer.com/product/478107_200w.jpg,3,17688,https://cpt.tcgcsv.com/9gR5,2024-07-26T17:13:47.267,1,,0.15,0.28,1.49,0.28,,Reverse Holofoil,,Common,024/159,Fire,80,Basic,[R] Live Coal (20),,Wx2,None,3
478107,Larvesta,Larvesta,https://tcgplayer-cdn.tcgplayer.com/product/478107_200w.jpg,3,17688,https://cpt.tcgcsv.com/9gR5,2024-07-26T17:13:47.267,1,,0.01,0.1,5.0,0.05,,Normal,,Common,024/159,Fire,80,Basic,[R] Live Coal (20),,Wx2,None,3
478108,Darkness Energy (Texture Full Art),Darkness Energy Texture Full Art,https://tcgplayer-cdn.tcgplayer.com/product/478108_200w.jpg,3,17688,https://cpt.tcgcsv.com/bgR5,2024-10-27T11:54:51.763,1,,1.75,2.99,7.24,2.77,5.99,Holofoil,,Ultra Rare,158/159,Basic Energy,,,,,,,
478109,Fighting Energy (Texture Full Art),Fighting Energy Texture Full Art,https://tcgplayer-cdn.tcgplayer.com/product/478109_200w.jpg,3,17688,https://cpt.tcgcsv.com/cgR5,2025-01-24T11:44:52.603,1,,1.2,1.99,189.0,2.12,2.05,Holofoil,,Ultra Rare,157/159,Basic Energy,,,,,,,
478111,Lightning Energy (Texture Full Art),Lightning Energy Texture Full Art,https://tcgplayer-cdn.tcgplayer.com/product/478111_200w.jpg,3,17688,https://cpt.tcgcsv.com/fgR5,2025-01-05T19:25:33.827,1,,1.4,2.14,8.0,1.96,1.8,Holofoil,,Ultra Rare,155/159,Basic Energy,,,,,,,
478112,Water Energy (Texture Full Art),Water Energy Texture Full Art,https://tcgplayer-cdn.tcgplayer.com/product/478112_200w.jpg,3,17688,https://cpt.tcgcsv.com/ggR5,2023-01-20T14:25:15.467,1,,1.94,2.61,8.99,2.52,3.28,Holofoil,,Ultra Rare,154/159,Basic Energy,,,,,,,
478113,Psychic Energy (Texture Full Art),Psychic Energy Texture Full Art,https://tcgplayer-cdn.tcgplayer.com/product/478113_200w.jpg,3,17688,https://cpt.tcgcsv.com/hgR5,2024-02-28T13:44:47.8,1,,1.99,3.38,9.99,3.48,3.25,Holofoil,,Ultra Rare,156/159,Basic Energy,,,,,,,
478114,Tauros,Tauros,https://tcgplayer-cdn.tcgplayer.com/product/478114_200w.jpg,3,17688,https://cpt.tcgcsv.com/jgR5,2024-10-02T11:29:00.117,1,,0.1,0.27,2.4,0.27,0.1,Reverse Holofoil,,Rare,106/159,Colorless,110,Basic,[2] Smash Kick (30),"[3] Adrena-Tackle (180)
<br>If this Pokémon has no damage counters on it, this attack does nothing.",Rx2,None,2
478114,Tauros,Tauros,https://tcgplayer-cdn.tcgplayer.com/product/478114_200w.jpg,3,17688,https://cpt.tcgcsv.com/jgR5,2024-10-02T11:29:00.117,1,,0.01,0.14,2.0,0.1,,Normal,,Rare,106/159,Colorless,110,Basic,[2] Smash Kick (30),"[3] Adrena-Tackle (180)
<br>If this Pokémon has no damage counters on it, this attack does nothing.",Rx2,None,2
478115,Fire Energy (Texture Full Art),Fire Energy Texture Full Art,https://tcgplayer-cdn.tcgplayer.com/product/478115_200w.jpg,3,17688,https://cpt.tcgcsv.com/kgR5,2024-07-21T12:42:25.233,1,,1.0,2.57,9.99,2.54,,Holofoil,,Ultra Rare,153/159,Basic Energy,,,,,,,
478116,Grass Energy (Texture Full Art),Grass Energy Texture Full Art,https://tcgplayer-cdn.tcgplayer.com/product/478116_200w.jpg,3,17688,https://cpt.tcgcsv.com/lgR5,2024-05-16T17:53:21.297,1,,1.49,2.49,7.95,2.48,,Holofoil,,Ultra Rare,152/159,Basic Energy,,,,,,,
478117,Ditto,Ditto,https://tcgplayer-cdn.tcgplayer.com/product/478117_200w.jpg,3,17688,https://cpt.tcgcsv.com/mgR5,2023-01-20T14:25:15.467,1,"<strong>Ability — Sudden Transformation</strong>
<br>This Pokémon can use the attacks of any Basic Pokémon in your discard pile, except for Pokémon with a Rule Box <em>(Pokémon V, Pokémon-GX, etc. have Rule Boxes)</em>. <em>(You still need the necessary Energy to each attack.)</em>",0.39,0.8,9.99,0.81,,Reverse Holofoil,,Holo Rare,107/159,Colorless,70,Basic,,,Rx2,None,1
478117,Ditto,Ditto,https://tcgplayer-cdn.tcgplayer.com/product/478117_200w.jpg,3,17688,https://cpt.tcgcsv.com/mgR5,2023-01-20T14:25:15.467,1,"<strong>Ability — Sudden Transformation</strong>
<br>This Pokémon can use the attacks of any Basic Pokémon in your discard pile, except for Pokémon with a Rule Box <em>(Pokémon V, Pokémon-GX, etc. have Rule Boxes)</em>. <em>(You still need the necessary Energy to each attack.)</em>",0.3,0.6,9.95,0.53,,Holofoil,,Holo Rare,107/159,Colorless,70,Basic,,,Rx2,None,1
478118,Friends in Hisui (Full Art),Friends in Hisui Full Art,https://tcgplayer-cdn.tcgplayer.com/product/478118_200w.jpg,3,17688,https://cpt.tcgcsv.com/ngR5,2023-01-20T14:25:15.467,1,"Draw 3 cards.
<br>
<br>You may only play 1 Supporter card during your turn.",4.5,5.9,30.0,5.77,6.34,Holofoil,,Ultra Rare,148/159,Supporter,,,,,,,
478119,Friends in Sinnoh (Full Art),Friends in Sinnoh Full Art,https://tcgplayer-cdn.tcgplayer.com/product/478119_200w.jpg,3,17688,https://cpt.tcgcsv.com/pgR5,2023-01-20T14:25:15.467,1,,4.2,7.0,36.0,6.18,7.74,Holofoil,,Ultra Rare,149/159,Supporter,,,,,,,
478120,Volcarona,Volcarona,https://tcgplayer-cdn.tcgplayer.com/product/478120_200w.jpg,3,17688,https://cpt.tcgcsv.com/qgR5,2024-10-15T12:41:46.217,1,,0.01,0.27,1.49,0.26,0.28,Reverse Holofoil,,Rare,025/159,Fire,130,Stage 1,[R] Will-O-Wisp (40),"[1R] Volcanic Heat (120)
<br>During your next turn, this Pokémon can't attack.",Wx2,None,2
478120,Volcarona,Volcarona,https://tcgplayer-cdn.tcgplayer.com/product/478120_200w.jpg,3,17688,https://cpt.tcgcsv.com/qgR5,2024-10-15T12:41:46.217,1,,0.01,0.15,2.0,0.12,0.1,Normal,,Rare,025/159,Fire,130,Stage 1,[R] Will-O-Wisp (40),"[1R] Volcanic Heat (120)
<br>During your next turn, this Pokémon can't attack.",Wx2,None,2
478121,Professor's Research (Full Art),Professors Research Full Art,https://tcgplayer-cdn.tcgplayer.com/product/478121_200w.jpg,3,17688,https://cpt.tcgcsv.com/rgR5,2023-01-20T14:25:15.467,1,"Discard your hand and draw 7 cards.
<br>
<br>You may only play 1 Supporter card during your turn.",1.5,2.78,12.99,2.52,3.31,Holofoil,,Ultra Rare,150/159,Supporter,,,,,,,
478123,Volo (Full Art),Volo Full Art,https://tcgplayer-cdn.tcgplayer.com/product/478123_200w.jpg,3,17688,https://cpt.tcgcsv.com/tgR5,2024-02-16T19:23:11.607,1,"Discard 1 of your Benched Pokémon V and all attached cards.
<br>
<br>You may only play 1 Supporter card during your turn.",0.98,1.75,12.0,1.42,1.5,Holofoil,,Ultra Rare,151/159,Supporter,,,,,,,
478124,Volcanion,Volcanion,https://tcgplayer-cdn.tcgplayer.com/product/478124_200w.jpg,3,17688,https://cpt.tcgcsv.com/vgR5,2024-12-26T22:14:56.603,1,,0.01,0.25,5.0,0.26,0.26,Holofoil,,Holo Rare,026/159,Fire,130,Basic,[2] Hammer In (30),"[1RR] Hydro Burn (80+)
<br>If this Pokémon has any Water Energy attached, this attack does 80 more damage.",Wx2,None,3
478124,Volcanion,Volcanion,https://tcgplayer-cdn.tcgplayer.com/product/478124_200w.jpg,3,17688,https://cpt.tcgcsv.com/vgR5,2024-12-26T22:14:56.603,1,,0.09,0.33,1.47,0.35,0.31,Reverse Holofoil,,Holo Rare,026/159,Fire,130,Basic,[2] Hammer In (30),"[1RR] Hydro Burn (80+)
<br>If this Pokémon has any Water Energy attached, this attack does 80 more damage.",Wx2,None,3
478125,Salandit,Salandit,https://tcgplayer-cdn.tcgplayer.com/product/478125_200w.jpg,3,17688,https://cpt.tcgcsv.com/wgR5,2024-07-26T17:13:47.393,1,,0.01,0.1,1.49,0.06,,Normal,,Common,027/159,Fire,70,Basic,"[1] Call for Family
<br>Search your deck for a Basic Pokémon and put it onto your Bench. Then, shuffle your deck.",[R] Scratch (10),Wx2,None,1
478125,Salandit,Salandit,https://tcgplayer-cdn.tcgplayer.com/product/478125_200w.jpg,3,17688,https://cpt.tcgcsv.com/wgR5,2024-07-26T17:13:47.393,1,,0.1,0.26,1.5,0.24,,Reverse Holofoil,,Common,027/159,Fire,70,Basic,"[1] Call for Family
<br>Search your deck for a Basic Pokémon and put it onto your Bench. Then, shuffle your deck.",[R] Scratch (10),Wx2,None,1
478126,Salazzle,Salazzle,https://tcgplayer-cdn.tcgplayer.com/product/478126_200w.jpg,3,17688,https://cpt.tcgcsv.com/xgR5,2024-07-26T17:13:47.44,1,,0.01,0.1,5.0,0.08,,Normal,,Uncommon,028/159,Fire,120,Stage 1,"[1] Tail Trickery (20)
<br>Your opponent's Active Pokémon is now Confused.","[1R] Super Singe (60)
<br>Your opponent's Active Pokémon is now Burned.",Wx2,None,1
478126,Salazzle,Salazzle,https://tcgplayer-cdn.tcgplayer.com/product/478126_200w.jpg,3,17688,https://cpt.tcgcsv.com/xgR5,2024-07-26T17:13:47.44,1,,0.08,0.28,5.0,0.28,0.27,Reverse Holofoil,,Uncommon,028/159,Fire,120,Stage 1,"[1] Tail Trickery (20)
<br>Your opponent's Active Pokémon is now Confused.","[1R] Super Singe (60)
<br>Your opponent's Active Pokémon is now Burned.",Wx2,None,1
478128,Seel,Seel,https://tcgplayer-cdn.tcgplayer.com/product/478128_200w.jpg,3,17688,https://cpt.tcgcsv.com/BgR5,2024-07-26T17:13:47.47,1,,0.01,0.1,1.49,0.06,0.02,Normal,,Common,029/159,Water,70,Basic,[W] Headbutt (10),[1W] Rain Splash (20),Lx2,None,1
478128,Seel,Seel,https://tcgplayer-cdn.tcgplayer.com/product/478128_200w.jpg,3,17688,https://cpt.tcgcsv.com/BgR5,2024-07-26T17:13:47.47,1,,0.1,0.28,1.62,0.28,,Reverse Holofoil,,Common,029/159,Water,70,Basic,[W] Headbutt (10),[1W] Rain Splash (20),Lx2,None,1
478129,Galarian Mr. Mime,Galarian Mr Mime,https://tcgplayer-cdn.tcgplayer.com/product/478129_200w.jpg,3,17688,https://cpt.tcgcsv.com/CgR5,2024-07-26T17:13:47.52,1,,0.05,0.27,1.78,0.26,,Reverse Holofoil,,Common,030/159,Water,80,Basic,[W] Pound (10),"[2] Find It
<br>Search your deck for an Item card, reveal it, and put it into your hand. Then, shuffle your deck.",Mx2,None,1
478129,Galarian Mr. Mime,Galarian Mr Mime,https://tcgplayer-cdn.tcgplayer.com/product/478129_200w.jpg,3,17688,https://cpt.tcgcsv.com/CgR5,2024-07-26T17:13:47.52,1,,0.01,0.1,5.0,0.06,0.03,Normal,,Common,030/159,Water,80,Basic,[W] Pound (10),"[2] Find It
<br>Search your deck for an Item card, reveal it, and put it into your hand. Then, shuffle your deck.",Mx2,None,1
478130,Wailmer,Wailmer,https://tcgplayer-cdn.tcgplayer.com/product/478130_200w.jpg,3,17688,https://cpt.tcgcsv.com/DgR5,2024-07-26T17:13:47.567,1,,0.01,0.31,2.0,0.31,,Reverse Holofoil,,Common,031/159,Water,120,Basic,"[1] Nap
<br>Heal 30 damage from this Pokémon.",[3] Water Gun (70),Lx2,,3
478130,Wailmer,Wailmer,https://tcgplayer-cdn.tcgplayer.com/product/478130_200w.jpg,3,17688,https://cpt.tcgcsv.com/DgR5,2024-07-26T17:13:47.567,1,,0.01,0.1,5.0,0.05,0.04,Normal,,Common,031/159,Water,120,Basic,"[1] Nap
<br>Heal 30 damage from this Pokémon.",[3] Water Gun (70),Lx2,,3
478131,Wailord,Wailord,https://tcgplayer-cdn.tcgplayer.com/product/478131_200w.jpg,3,17688,https://cpt.tcgcsv.com/FgR5,2024-07-26T17:13:47.63,1,,0.14,0.32,1.95,0.32,,Reverse Holofoil,,Rare,032/159,Water,220,Stage 1,"[3] Bubble Drain (80)
<br>Heal 30 damage from this Pokémon.",[3WW] Heavy Impact (180),Lx2,None,4
478131,Wailord,Wailord,https://tcgplayer-cdn.tcgplayer.com/product/478131_200w.jpg,3,17688,https://cpt.tcgcsv.com/FgR5,2024-07-26T17:13:47.63,1,,0.01,0.15,2.0,0.14,0.1,Normal,,Rare,032/159,Water,220,Stage 1,"[3] Bubble Drain (80)
<br>Heal 30 damage from this Pokémon.",[3WW] Heavy Impact (180),Lx2,None,4
478132,Corphish,Corphish,https://tcgplayer-cdn.tcgplayer.com/product/478132_200w.jpg,3,17688,https://cpt.tcgcsv.com/GgR5,2024-07-26T17:13:47.677,1,,0.14,0.29,5.0,0.27,,Reverse Holofoil,,Common,033/159,Water,70,Basic,[1] Water Gun (10),[2W] Crabhammer (50),Lx2,None,2
478132,Corphish,Corphish,https://tcgplayer-cdn.tcgplayer.com/product/478132_200w.jpg,3,17688,https://cpt.tcgcsv.com/GgR5,2024-07-26T17:13:47.677,1,,0.01,0.1,1.49,0.06,0.08,Normal,,Common,033/159,Water,70,Basic,[1] Water Gun (10),[2W] Crabhammer (50),Lx2,None,2
478133,Snorunt,Snorunt,https://tcgplayer-cdn.tcgplayer.com/product/478133_200w.jpg,3,17688,https://cpt.tcgcsv.com/HgR5,2024-07-26T17:13:47.723,1,,0.01,0.1,5.0,0.04,0.15,Normal,,Common,034/159,Water,60,Basic,[1W] Headbutt (30),,Mx2,None,1
478133,Snorunt,Snorunt,https://tcgplayer-cdn.tcgplayer.com/product/478133_200w.jpg,3,17688,https://cpt.tcgcsv.com/HgR5,2024-07-26T17:13:47.723,1,,0.09,0.3,2.0,0.3,0.29,Reverse Holofoil,,Common,034/159,Water,60,Basic,[1W] Headbutt (30),,Mx2,None,1
478134,Luvdisc,Luvdisc,https://tcgplayer-cdn.tcgplayer.com/product/478134_200w.jpg,3,17688,https://cpt.tcgcsv.com/JgR5,2024-07-26T17:13:47.753,1,,0.01,0.1,5.0,0.07,0.02,Normal,,Common,035/159,Water,70,Basic,"[W] Emotional Draw
<br>Shuffle your hand into your deck. Then, draw 5 cards.",[1] Tackle (20),Lx2,None,1
478134,Luvdisc,Luvdisc,https://tcgplayer-cdn.tcgplayer.com/product/478134_200w.jpg,3,17688,https://cpt.tcgcsv.com/JgR5,2024-07-26T17:13:47.753,1,,0.1,0.3,1.99,0.32,,Reverse Holofoil,,Common,035/159,Water,70,Basic,"[W] Emotional Draw
<br>Shuffle your hand into your deck. Then, draw 5 cards.",[1] Tackle (20),Lx2,None,1
478135,Kyogre,Kyogre,https://tcgplayer-cdn.tcgplayer.com/product/478135_200w.jpg,3,17688,https://cpt.tcgcsv.com/KgR5,2024-12-22T05:20:53.707,1,,0.15,0.56,4.89,0.6,0.55,Reverse Holofoil,,Holo Rare,036/159,Water,140,Basic,"[1] Wave Summoning
<br<Search your deck for a Water Energy card and attach it to this Pokémon. Then, shuffle your deck.","[1WWW] Dynamic Wave
<br>Put 3 Energy attached to this Pokémon into your hand. This attack does 180 damage to 1 of your opponent's Pokémon. <em>(Don't apply Weakness and Resistance for Benched Pokémon.)</em>",Lx2,None,3
478135,Kyogre,Kyogre,https://tcgplayer-cdn.tcgplayer.com/product/478135_200w.jpg,3,17688,https://cpt.tcgcsv.com/KgR5,2024-12-22T05:20:53.707,1,,0.02,0.27,5.19,0.3,,Holofoil,,Holo Rare,036/159,Water,140,Basic,"[1] Wave Summoning
<br<Search your deck for a Water Energy card and attach it to this Pokémon. Then, shuffle your deck.","[1WWW] Dynamic Wave
<br>Put 3 Energy attached to this Pokémon into your hand. This attack does 180 damage to 1 of your opponent's Pokémon. <em>(Don't apply Weakness and Resistance for Benched Pokémon.)</em>",Lx2,None,3
478136,Snorlax,Snorlax,https://tcgplayer-cdn.tcgplayer.com/product/478136_200w.jpg,3,17688,https://cpt.tcgcsv.com/LgR5,2024-07-26T17:13:47.8,1,,0.25,1.02,2.97,1.39,,Reverse Holofoil,,Rare,109/159,Colorless,160,Basic,[3] Heavy Impact (80),,Rx2,None,3
478136,Snorlax,Snorlax,https://tcgplayer-cdn.tcgplayer.com/product/478136_200w.jpg,3,17688,https://cpt.tcgcsv.com/LgR5,2024-07-26T17:13:47.8,1,,0.08,0.25,2.49,0.25,0.29,Normal,,Rare,109/159,Colorless,160,Basic,[3] Heavy Impact (80),,Rx2,None,3
478137,Starly,Starly,https://tcgplayer-cdn.tcgplayer.com/product/478137_200w.jpg,3,17688,https://cpt.tcgcsv.com/MgR5,2024-07-26T17:13:47.867,1,,0.01,0.1,1.49,0.06,0.02,Normal,,Common,110/159,Colorless,60,Basic,"[1] Claw (30)
<br>Flip a coin. If tails, this attack does nothing.",,Lx2,F-30,1
478137,Starly,Starly,https://tcgplayer-cdn.tcgplayer.com/product/478137_200w.jpg,3,17688,https://cpt.tcgcsv.com/MgR5,2024-07-26T17:13:47.867,1,,0.1,0.27,18.0,0.24,0.24,Reverse Holofoil,,Common,110/159,Colorless,60,Basic,"[1] Claw (30)
<br>Flip a coin. If tails, this attack does nothing.",,Lx2,F-30,1
478138,Glaceon V,Glaceon V,https://tcgplayer-cdn.tcgplayer.com/product/478138_200w.jpg,3,17688,https://cpt.tcgcsv.com/NgR5,2025-03-08T09:25:34.883,1,"<em>V rule — When your Pokémon V is Knocked Out, your opponent takes 2 Prize cards.</em>",0.75,1.58,9.97,1.58,1.34,Holofoil,,Ultra Rare,038/159,Water,210,Basic,"[W] Frost Charge (30)
<br>Search your deck for a Water Energy card and attach it to this Pokémon. Then, shuffle your deck.",[1WW] Freezing Wind (130),Mx2,None,2
478139,Bidoof,Bidoof,https://tcgplayer-cdn.tcgplayer.com/product/478139_200w.jpg,3,17688,https://cpt.tcgcsv.com/PgR5,2025-02-22T11:29:37.163,1,"<strong>Ability — Carefree Countenance</strong>
<br>As long as this Pokémon is on your Bench, prevent all damage done to this Pokémon by attacks <em>(both yours and your opponent's)</em>.",0.01,0.26,1.5,0.29,0.22,Reverse Holofoil,,Common,111/159,Colorless,60,Basic,"[2] Hyper Fang (30)
<br>Flip a coin. If tails, this attack does nothing.",,Fx2,None,1
478139,Bidoof,Bidoof,https://tcgplayer-cdn.tcgplayer.com/product/478139_200w.jpg,3,17688,https://cpt.tcgcsv.com/PgR5,2025-02-22T11:29:37.163,1,"<strong>Ability — Carefree Countenance</strong>
<br>As long as this Pokémon is on your Bench, prevent all damage done to this Pokémon by attacks <em>(both yours and your opponent's)</em>.",0.01,0.14,1.53,0.1,0.08,Normal,,Common,111/159,Colorless,60,Basic,"[2] Hyper Fang (30)
<br>Flip a coin. If tails, this attack does nothing.",,Fx2,None,1
478140,Chatot,Chatot,https://tcgplayer-cdn.tcgplayer.com/product/478140_200w.jpg,3,17688,https://cpt.tcgcsv.com/QgR5,2024-07-26T17:13:47.943,1,,0.08,0.25,1.62,0.26,,Reverse Holofoil,,Common,112/159,Colorless,70,Basic,"[1] Cycle Draw
<br>Discard a card from your hand. If you do, draw 2 cards.",[1] Flap (10),Lx2,None,0
478140,Chatot,Chatot,https://tcgplayer-cdn.tcgplayer.com/product/478140_200w.jpg,3,17688,https://cpt.tcgcsv.com/QgR5,2024-07-26T17:13:47.943,1,,0.01,0.1,5.0,0.07,0.02,Normal,,Common,112/159,Colorless,70,Basic,"[1] Cycle Draw
<br>Discard a card from your hand. If you do, draw 2 cards.",[1] Flap (10),Lx2,None,0
478141,Shinx (39),Shinx 39,https://tcgplayer-cdn.tcgplayer.com/product/478141_200w.jpg,3,17688,https://cpt.tcgcsv.com/RgR5,2024-07-26T17:13:47.99,1,,0.05,0.28,1.49,0.28,,Reverse Holofoil,,Common,039/159,Lightning,60,Basic,[L] Rear Kick (20),,Gx2,None,1
478141,Shinx (39),Shinx 39,https://tcgplayer-cdn.tcgplayer.com/product/478141_200w.jpg,3,17688,https://cpt.tcgcsv.com/RgR5,2024-07-26T17:13:47.99,1,,0.01,0.1,2.0,0.06,0.14,Normal,,Common,039/159,Lightning,60,Basic,[L] Rear Kick (20),,Gx2,None,1
478142,Regigigas V,Regigigas V,https://tcgplayer-cdn.tcgplayer.com/product/478142_200w.jpg,3,17688,https://cpt.tcgcsv.com/SgR5,2023-01-20T14:25:15.467,1,,0.4,0.99,10.25,0.8,0.99,Holofoil,,Ultra Rare,113/159,Colorless,240,Basic,[2] Hammer In (50),"[3] Angry Whack (100+)
<br>This attack does 10 more damage for each damage counter on this Pokémon. This Pokémon is now Confused.",Fx2,None,4
478143,Regigigas VSTAR,Regigigas VSTAR,https://tcgplayer-cdn.tcgplayer.com/product/478143_200w.jpg,3,17688,https://cpt.tcgcsv.com/TgR5,2024-09-11T20:40:56.987,1,"<span style=""color:gold""><strong>VSTAR Power</strong></span>
<br>
<strong>Ability — Star Guardian</strong>
<br>
During your turn, if your opponent has exactly 1 Prize card remaining, you may choose 1 of your opponent's Benched Pokémon. They discard that Pokémon and all attached cards. <em>(You can't use more than 1 VSTAR Power in a game.)</em>
<br><br>
<em>VSTAR rule — When your Pokémon VSTAR is Knocked Out, your opponent takes 2 Prize cards.</em>",0.5,1.42,15.0,1.14,,Holofoil,,Ultra Rare,114/159,Colorless,300,VSTAR,"[3] Giga Impact (230)
<br>During your next turn, this Pokémon can't attack.",,Fx2,None,4
478144,Shinx (40),Shinx 40,https://tcgplayer-cdn.tcgplayer.com/product/478144_200w.jpg,3,17688,https://cpt.tcgcsv.com/VgR5,2024-07-26T17:13:48.02,1,,0.01,0.1,1.49,0.07,0.04,Normal,,Common,040/159,Lightning,60,Basic,"[L] Thunder Jolt (30)
<br>This Pokémon also does 10 damage to itself.",,Gx2,None,1
478144,Shinx (40),Shinx 40,https://tcgplayer-cdn.tcgplayer.com/product/478144_200w.jpg,3,17688,https://cpt.tcgcsv.com/VgR5,2024-07-26T17:13:48.02,1,,0.1,0.29,1.61,0.29,,Reverse Holofoil,,Common,040/159,Lightning,60,Basic,"[L] Thunder Jolt (30)
<br>This Pokémon also does 10 damage to itself.",,Gx2,None,1
478145,Luxio (41),Luxio 41,https://tcgplayer-cdn.tcgplayer.com/product/478145_200w.jpg,3,17688,https://cpt.tcgcsv.com/WgR5,2024-07-26T17:13:48.053,1,,0.09,0.3,2.0,0.35,,Reverse Holofoil,,Uncommon,041/159,Lightning,80,Stage 1,"[L] Jumping Kick
<br>This attack does 30 damage to 1 of your opponent's Pokémon. <em>(Don't apply Weakness and Resistance for Benched Pokémon.)</em>",[1L] Head Bolt (50),Gx2,None,1
478145,Luxio (41),Luxio 41,https://tcgplayer-cdn.tcgplayer.com/product/478145_200w.jpg,3,17688,https://cpt.tcgcsv.com/WgR5,2024-07-26T17:13:48.053,1,,0.01,0.1,1.49,0.09,,Normal,,Uncommon,041/159,Lightning,80,Stage 1,"[L] Jumping Kick
<br>This attack does 30 damage to 1 of your opponent's Pokémon. <em>(Don't apply Weakness and Resistance for Benched Pokémon.)</em>",[1L] Head Bolt (50),Gx2,None,1
478146,Luxio (42),Luxio 42,https://tcgplayer-cdn.tcgplayer.com/product/478146_200w.jpg,3,17688,https://cpt.tcgcsv.com/XgR5,2024-07-26T17:13:48.1,1,,0.01,0.29,1.24,0.29,,Reverse Holofoil,,Uncommon,042/159,Lightning,90,Stage 1,"[L] Shorting Spark
<br>This attack does 90 damage to each of your opponent's Pokémon that has a Pokémon Tool attached. <em>(Don't apply Weakness and Resistance for Benched Pokémon.)</em>",[1L] Bite (40),Gx2,None,1
478146,Luxio (42),Luxio 42,https://tcgplayer-cdn.tcgplayer.com/product/478146_200w.jpg,3,17688,https://cpt.tcgcsv.com/XgR5,2024-07-26T17:13:48.1,1,,0.01,0.1,5.0,0.04,,Normal,,Uncommon,042/159,Lightning,90,Stage 1,"[L] Shorting Spark
<br>This attack does 90 damage to each of your opponent's Pokémon that has a Pokémon Tool attached. <em>(Don't apply Weakness and Resistance for Benched Pokémon.)</em>",[1L] Bite (40),Gx2,None,1
478147,Luxray (43),Luxray 43,https://tcgplayer-cdn.tcgplayer.com/product/478147_200w.jpg,3,17688,https://cpt.tcgcsv.com/ZgR5,2024-07-26T17:13:48.13,1,,0.1,0.34,4.99,0.34,,Reverse Holofoil,,Rare,043/159,Lightning,150,Stage 2,"[L] Electrostep
<br>This attack does 40 damage to 1 of your opponent's Pokémon. <em>(Don't apply Weakness and Resistance for Benched Pokémon.)</em> Switch this Pokémon with 1 of your Benched Pokémon.","[1L] Scar Strikes (100+)
<br>If your opponent's Active Pokémon already has any damage counters on it, this attack does 100 more damage.",Gx2,None,1
478147,Luxray (43),Luxray 43,https://tcgplayer-cdn.tcgplayer.com/product/478147_200w.jpg,3,17688,https://cpt.tcgcsv.com/ZgR5,2024-07-26T17:13:48.13,1,,0.01,0.15,5.0,0.12,0.1,Normal,,Rare,043/159,Lightning,150,Stage 2,"[L] Electrostep
<br>This attack does 40 damage to 1 of your opponent's Pokémon. <em>(Don't apply Weakness and Resistance for Benched Pokémon.)</em> Switch this Pokémon with 1 of your Benched Pokémon.","[1L] Scar Strikes (100+)
<br>If your opponent's Active Pokémon already has any damage counters on it, this attack does 100 more damage.",Gx2,None,1
478148,Luxray (44),Luxray 44,https://tcgplayer-cdn.tcgplayer.com/product/478148_200w.jpg,3,17688,https://cpt.tcgcsv.com/-gR5,2025-05-31T05:31:35.047,1,"<strong>Ability — Explosiveness</strong>
<br>If this Pokémon is in your hand when you are setting up to play, you may put it face down as your Active Pokémon.",0.15,0.34,1.51,0.31,0.24,Reverse Holofoil,,Rare,044/159,Lightning,160,Stage 2,"[1] Seeking Fang (50)
<br>Search your deck for up to 2 Trainer cards, reveal them, and put them into your hand. Then, shuffle your deck.",,Gx2,None,0
478148,Luxray (44),Luxray 44,https://tcgplayer-cdn.tcgplayer.com/product/478148_200w.jpg,3,17688,https://cpt.tcgcsv.com/-gR5,2025-05-31T05:31:35.047,1,"<strong>Ability — Explosiveness</strong>
<br>If this Pokémon is in your hand when you are setting up to play, you may put it face down as your Active Pokémon.",0.01,0.19,2.0,0.17,0.1,Normal,,Rare,044/159,Lightning,160,Stage 2,"[1] Seeking Fang (50)
<br>Search your deck for up to 2 Trainer cards, reveal them, and put them into your hand. Then, shuffle your deck.",,Gx2,None,0
478149,Shaymin,Shaymin,https://tcgplayer-cdn.tcgplayer.com/product/478149_200w.jpg,3,17688,https://cpt.tcgcsv.com/_gR5,2024-07-26T17:13:48.21,1,,0.01,0.1,1.49,0.05,0.04,Normal,,Uncommon,115/159,Colorless,70,Basic,"[1] Gather Flowers
<br>Shuffle up to 2 Energy cards from your discard pile into your deck.",[2] Rear Kick (30),Lx2,F-30,1
478149,Shaymin,Shaymin,https://tcgplayer-cdn.tcgplayer.com/product/478149_200w.jpg,3,17688,https://cpt.tcgcsv.com/_gR5,2024-07-26T17:13:48.21,1,,0.09,0.25,1.49,0.21,,Reverse Holofoil,,Uncommon,115/159,Colorless,70,Basic,"[1] Gather Flowers
<br>Shuffle up to 2 Energy cards from your discard pile into your deck.",[2] Rear Kick (30),Lx2,F-30,1
478150,Rotom V,Rotom V,https://tcgplayer-cdn.tcgplayer.com/product/478150_200w.jpg,3,17688,https://cpt.tcgcsv.com/0hR5,2025-02-13T16:08:29.057,1,"<strong>Ability — Instant Charge</strong>
<br>Once during your turn, you may draw 3 cards. If you use this Ability, your turn ends.",0.25,0.98,6.99,0.75,0.79,Holofoil,,Ultra Rare,045/159,Lightning,190,Basic,"[LL] Scrap Short (40+)
<br>Put any number of Pokémon Tool cards from your discard pile in the Lost Zone. This attack does 40 more damage for each card you put in the Lost Zone in this way.",,Gx2,None,1
478151,Stoutland V,Stoutland V,https://tcgplayer-cdn.tcgplayer.com/product/478151_200w.jpg,3,17688,https://cpt.tcgcsv.com/2hR5,2024-07-26T17:13:48.24,1,,0.2,0.99,5.95,0.64,0.77,Holofoil,,Ultra Rare,116/159,Colorless,210,Basic,"[3] Double Dip Fangs (40)
<br>If your opponent's Basic Pokémon is Knocked Out by damage from this attack, take 1 more Prize card.","[4] Wild Tackle (200)
<br>This Pokémon also does 30 damage to itself.",Fx2,None,3
478153,Yungoos,Yungoos,https://tcgplayer-cdn.tcgplayer.com/product/478153_200w.jpg,3,17688,https://cpt.tcgcsv.com/5hR5,2024-10-04T15:34:25.63,1,,0.08,0.25,20.0,0.24,,Reverse Holofoil,,Common,117/159,Colorless,70,Basic,[1] Sharp Fang (20),,Fx2,None,1
478153,Yungoos,Yungoos,https://tcgplayer-cdn.tcgplayer.com/product/478153_200w.jpg,3,17688,https://cpt.tcgcsv.com/5hR5,2024-10-04T15:34:25.63,1,,0.01,0.1,1.49,0.04,,Normal,,Common,117/159,Colorless,70,Basic,[1] Sharp Fang (20),,Fx2,None,1
478154,Gumshoos,Gumshoos,https://tcgplayer-cdn.tcgplayer.com/product/478154_200w.jpg,3,17688,https://cpt.tcgcsv.com/6hR5,2024-07-26T17:13:48.35,1,,0.01,0.14,2.0,0.1,0.1,Normal,,Rare,118/159,Colorless,120,Stage 1,"[2] Stakeout Headbutt (30+)
<br>If your opponent's Active Pokémon moved from the Bench to the Active Spot during your opponent's last turn, this attack does 120 more damage.",[2] Lunge Out (60),Fx2,None,1
478154,Gumshoos,Gumshoos,https://tcgplayer-cdn.tcgplayer.com/product/478154_200w.jpg,3,17688,https://cpt.tcgcsv.com/6hR5,2024-07-26T17:13:48.35,1,,0.1,0.28,1.63,0.3,0.29,Reverse Holofoil,,Rare,118/159,Colorless,120,Stage 1,"[2] Stakeout Headbutt (30+)
<br>If your opponent's Active Pokémon moved from the Bench to the Active Spot during your opponent's last turn, this attack does 120 more damage.",[2] Lunge Out (60),Fx2,None,1
478155,Oranguru,Oranguru,https://tcgplayer-cdn.tcgplayer.com/product/478155_200w.jpg,3,17688,https://cpt.tcgcsv.com/7hR5,2024-08-16T05:09:31.887,1,,0.09,0.29,1.62,0.3,0.23,Reverse Holofoil,,Rare,119/159,Colorless,110,Basic,"[1] Primate Acting
<br>Choose a Supporter card from your opponent's discard pile and use the effect of that card as the effect of this attack.",[3] Hammer In (70),Fx2,None,2
478155,Oranguru,Oranguru,https://tcgplayer-cdn.tcgplayer.com/product/478155_200w.jpg,3,17688,https://cpt.tcgcsv.com/7hR5,2024-08-16T05:09:31.887,1,,0.01,0.15,2.0,0.15,0.09,Normal,,Rare,119/159,Colorless,110,Basic,"[1] Primate Acting
<br>Choose a Supporter card from your opponent's discard pile and use the effect of that card as the effect of this attack.",[3] Hammer In (70),Fx2,None,2
478156,Emolga,Emolga,https://tcgplayer-cdn.tcgplayer.com/product/478156_200w.jpg,3,17688,https://cpt.tcgcsv.com/8hR5,2024-07-26T17:13:48.443,1,,0.1,0.27,1.25,0.25,,Reverse Holofoil,,Common,047/159,Lightning,70,Basic,"[L] Thunder Shock (30)
<br>Flip a coin. If heads, your opponent's Active Pokémon is now Paralyzed.",,Gx2,None,0
478156,Emolga,Emolga,https://tcgplayer-cdn.tcgplayer.com/product/478156_200w.jpg,3,17688,https://cpt.tcgcsv.com/8hR5,2024-07-26T17:13:48.443,1,,0.01,0.1,5.0,0.07,,Normal,,Common,047/159,Lightning,70,Basic,"[L] Thunder Shock (30)
<br>Flip a coin. If heads, your opponent's Active Pokémon is now Paralyzed.",,Gx2,None,0
478157,Eelektrik,Eelektrik,https://tcgplayer-cdn.tcgplayer.com/product/478157_200w.jpg,3,17688,https://cpt.tcgcsv.com/9hR5,2024-07-26T17:13:48.523,1,"<strong>Ability — Ad Hoc Shock</strong>
<br>When you play this Pokémon from your hand to evolve 1 of your Pokémon during your turn, you may flip a coin. If heads, your opponent's Active Pokémon is now Paralyzed.",0.09,0.26,14.0,0.26,0.26,Reverse Holofoil,,Uncommon,048/159,Lightning,80,Stage 1,[L] Static Shock (30),,Gx2,None,2
478157,Eelektrik,Eelektrik,https://tcgplayer-cdn.tcgplayer.com/product/478157_200w.jpg,3,17688,https://cpt.tcgcsv.com/9hR5,2024-07-26T17:13:48.523,1,"<strong>Ability — Ad Hoc Shock</strong>
<br>When you play this Pokémon from your hand to evolve 1 of your Pokémon during your turn, you may flip a coin. If heads, your opponent's Active Pokémon is now Paralyzed.",0.01,0.1,1.49,0.05,0.04,Normal,,Uncommon,048/159,Lightning,80,Stage 1,[L] Static Shock (30),,Gx2,None,2
478158,Helioptile,Helioptile,https://tcgplayer-cdn.tcgplayer.com/product/478158_200w.jpg,3,17688,https://cpt.tcgcsv.com/bhR5,2024-07-26T17:13:48.553,1,,0.09,0.25,1.5,0.23,,Reverse Holofoil,,Common,049/159,Lightning,70,Basic,[L] Static Shock (10),[2] Rear Kick (20),Gx2,None,1
478158,Helioptile,Helioptile,https://tcgplayer-cdn.tcgplayer.com/product/478158_200w.jpg,3,17688,https://cpt.tcgcsv.com/bhR5,2024-07-26T17:13:48.553,1,,0.01,0.1,1.52,0.03,0.14,Normal,,Common,049/159,Lightning,70,Basic,[L] Static Shock (10),[2] Rear Kick (20),Gx2,None,1
478159,Wooloo,Wooloo,https://tcgplayer-cdn.tcgplayer.com/product/478159_200w.jpg,3,17688,https://cpt.tcgcsv.com/chR5,2024-07-26T17:13:48.633,1,,0.01,0.1,5.0,0.07,0.03,Normal,,Common,121/159,Colorless,70,Basic,"[1] Rolling Rollout (30x)
<br>Flip a coin until you get tails. This attack does 30 damage for each heads.",,Fx2,None,1
478159,Wooloo,Wooloo,https://tcgplayer-cdn.tcgplayer.com/product/478159_200w.jpg,3,17688,https://cpt.tcgcsv.com/chR5,2024-07-26T17:13:48.633,1,,0.15,0.3,1.49,0.29,,Reverse Holofoil,,Common,121/159,Colorless,70,Basic,"[1] Rolling Rollout (30x)
<br>Flip a coin until you get tails. This attack does 30 damage for each heads.",,Fx2,None,1
478160,Heliolisk,Heliolisk,https://tcgplayer-cdn.tcgplayer.com/product/478160_200w.jpg,3,17688,https://cpt.tcgcsv.com/dhR5,2024-07-26T17:13:48.68,1,,0.01,0.15,2.0,0.12,0.06,Normal,,Rare,050/159,Lightning,120,Stage 1,[L] Static Shock (30),"[2L] Wild Charge (150)
<br>This Pokémon also does 50 damage to itself.",Gx2,None,1
478160,Heliolisk,Heliolisk,https://tcgplayer-cdn.tcgplayer.com/product/478160_200w.jpg,3,17688,https://cpt.tcgcsv.com/dhR5,2024-07-26T17:13:48.68,1,,0.1,0.33,1.54,0.34,,Reverse Holofoil,,Rare,050/159,Lightning,120,Stage 1,[L] Static Shock (30),"[2L] Wild Charge (150)
<br>This Pokémon also does 50 damage to itself.",Gx2,None,1
478161,Dubwool,Dubwool,https://tcgplayer-cdn.tcgplayer.com/product/478161_200w.jpg,3,17688,https://cpt.tcgcsv.com/fhR5,2024-07-26T17:13:48.727,1,,0.01,0.12,1.53,0.09,0.08,Normal,,Rare,122/159,Colorless,120,Stage 1,"[1] Overhead Throw (40)
<br>This attack also does 10 damage to 1 of your Benched Pokémon. <em>(Don't apply Weakness and Resistance for Benched Pokémon.)</em>","[2] Rolling Dash (60+)
<br>Flip a coin until you get tails. This attack does 30 more damage for each heads.",Fx2,None,1
478161,Dubwool,Dubwool,https://tcgplayer-cdn.tcgplayer.com/product/478161_200w.jpg,3,17688,https://cpt.tcgcsv.com/fhR5,2024-07-26T17:13:48.727,1,,0.09,0.25,4.99,0.17,,Reverse Holofoil,,Rare,122/159,Colorless,120,Stage 1,"[1] Overhead Throw (40)
<br>This attack also does 10 damage to 1 of your Benched Pokémon. <em>(Don't apply Weakness and Resistance for Benched Pokémon.)</em>","[2] Rolling Dash (60+)
<br>Flip a coin until you get tails. This attack does 30 more damage for each heads.",Fx2,None,1
478162,Zeraora,Zeraora,https://tcgplayer-cdn.tcgplayer.com/product/478162_200w.jpg,3,17688,https://cpt.tcgcsv.com/ghR5,2024-07-26T17:13:48.787,1,,0.09,0.31,1.49,0.31,0.3,Reverse Holofoil,,Rare,052/159,Lightning,120,Basic,"[1L] Wild Charge (70)
<br>This Pokémon also does 20 damage to itself.",,Gx2,None,1
478162,Zeraora,Zeraora,https://tcgplayer-cdn.tcgplayer.com/product/478162_200w.jpg,3,17688,https://cpt.tcgcsv.com/ghR5,2024-07-26T17:13:48.787,1,,0.01,0.15,2.0,0.13,,Normal,,Rare,052/159,Lightning,120,Basic,"[1L] Wild Charge (70)
<br>This Pokémon also does 20 damage to itself.",,Gx2,None,1
478163,Bea,Bea,https://tcgplayer-cdn.tcgplayer.com/product/478163_200w.jpg,3,17688,https://cpt.tcgcsv.com/hhR5,2023-01-20T14:25:15.467,1,"Discard the top 5 cards of your deck, and attach any Energy cards you discarded in this way to your Benched Fighting Pokémon in any way you like.
<br>
<br>You may only play 1 Supporter card during your turn.",0.1,0.39,5.95,0.41,,Reverse Holofoil,,Holo Rare,123/159,Supporter,,,,,,,
478163,Bea,Bea,https://tcgplayer-cdn.tcgplayer.com/product/478163_200w.jpg,3,17688,https://cpt.tcgcsv.com/hhR5,2023-01-20T14:25:15.467,1,"Discard the top 5 cards of your deck, and attach any Energy cards you discarded in this way to your Benched Fighting Pokémon in any way you like.
<br>
<br>You may only play 1 Supporter card during your turn.",0.04,0.25,5.95,0.22,0.19,Holofoil,,Holo Rare,123/159,Supporter,,,,,,,
478164,Zeraora V,Zeraora V,https://tcgplayer-cdn.tcgplayer.com/product/478164_200w.jpg,3,17688,https://cpt.tcgcsv.com/jhR5,2023-12-06T13:50:11.147,1,,0.35,0.9,5.95,0.85,0.74,Holofoil,,Ultra Rare,053/159,Lightning,210,Basic,[1L] Claw Slash (50),"[1LL] Thunderous Bolt (190)
<br>During your next turn, this Pokémon can't attack.",Gx2,None,1
478165,Bede,Bede,https://tcgplayer-cdn.tcgplayer.com/product/478165_200w.jpg,3,17688,https://cpt.tcgcsv.com/khR5,2024-08-26T08:17:01.063,1,"Attach a basic Energy card from your hand to 1 of your Benched Pokémon.
<br>
<br>You may only play 1 Supporter card during your turn.",0.09,0.36,3.0,0.38,,Reverse Holofoil,,Holo Rare,124/159,Supporter,,,,,,,
478165,Bede,Bede,https://tcgplayer-cdn.tcgplayer.com/product/478165_200w.jpg,3,17688,https://cpt.tcgcsv.com/khR5,2024-08-26T08:17:01.063,1,"Attach a basic Energy card from your hand to 1 of your Benched Pokémon.
<br>
<br>You may only play 1 Supporter card during your turn.",0.03,0.25,3.0,0.24,,Holofoil,,Holo Rare,124/159,Supporter,,,,,,,
478166,Crushing Hammer,Crushing Hammer,https://tcgplayer-cdn.tcgplayer.com/product/478166_200w.jpg,3,17688,https://cpt.tcgcsv.com/lhR5,2024-07-26T17:13:48.867,1,"Flip a coin. If heads, discard an Energy from 1 of your opponent's Pokémon.",0.01,0.1,5.0,0.04,0.04,Normal,,Uncommon,125/159,Item,,,,,,,
478166,Crushing Hammer,Crushing Hammer,https://tcgplayer-cdn.tcgplayer.com/product/478166_200w.jpg,3,17688,https://cpt.tcgcsv.com/lhR5,2024-07-26T17:13:48.867,1,"Flip a coin. If heads, discard an Energy from 1 of your opponent's Pokémon.",0.1,0.33,2.99,0.43,,Reverse Holofoil,,Uncommon,125/159,Item,,,,,,,
478167,Digging Duo,Digging Duo,https://tcgplayer-cdn.tcgplayer.com/product/478167_200w.jpg,3,17688,https://cpt.tcgcsv.com/mhR5,2024-07-26T17:13:48.9,1,"Flip a coin. If heads, look at the bottom 8 cards of your deck and put 1 of them into your hand. If tails, look at the bottom 3 cards of your deck and put 1 of them into your hand. Shuffle the other cards back into your deck.
<br>
<br>You may only play 1 Supporter card during your turn.",0.01,0.1,5.0,0.05,0.02,Normal,,Uncommon,126/159,Supporter,,,,,,,
478167,Digging Duo,Digging Duo,https://tcgplayer-cdn.tcgplayer.com/product/478167_200w.jpg,3,17688,https://cpt.tcgcsv.com/mhR5,2024-07-26T17:13:48.9,1,"Flip a coin. If heads, look at the bottom 8 cards of your deck and put 1 of them into your hand. If tails, look at the bottom 3 cards of your deck and put 1 of them into your hand. Shuffle the other cards back into your deck.
<br>
<br>You may only play 1 Supporter card during your turn.",0.09,0.25,4.99,0.25,0.09,Reverse Holofoil,,Uncommon,126/159,Supporter,,,,,,,
478168,Zeraora VMAX,Zeraora VMAX,https://tcgplayer-cdn.tcgplayer.com/product/478168_200w.jpg,3,17688,https://cpt.tcgcsv.com/nhR5,2023-01-20T14:25:15.467,1,,1.0,2.07,12.95,1.91,2.99,Holofoil,,Ultra Rare,054/159,Lightning,320,VMAX,"[LL] Reactive Pulse (60x)
<br>This attack does 60 damage for each of your opponent's Pokémon in play that has an Ability.","[1LL] Max Fist (240)
<br>Discard 2 Energy from this Pokémon.",Gx2,None,2
478169,Zeraora VSTAR,Zeraora VSTAR,https://tcgplayer-cdn.tcgplayer.com/product/478169_200w.jpg,3,17688,https://cpt.tcgcsv.com/phR5,2024-07-25T15:12:19.917,1,"<em>VSTAR rule — When your Pokémon VSTAR is Knocked Out, your opponent takes 2 Prize cards.</em>",0.85,1.6,12.95,1.41,,Holofoil,,Ultra Rare,055/159,Lightning,270,VSTAR,"[1LL] Crushing Beat (190)
<br>You may discard a Stadium in play.","<span style=""color:gold""><strong>VSTAR Power</strong></span>
<br>
[1LLL] Lightning Storm Star
<br>
Choose 1 of your opponent's Pokémon 4 times. <em>(You can choose the same Pokémon more than once.)</em> For each time you chose a Pokémon, do 60 damage to it. This damage isn't affected by Weakness or Resistance. <em>(You can't use more than 1 VSTAR Power in a game.)</em>",Gx2,None,0
478170,Pincurchin,Pincurchin,https://tcgplayer-cdn.tcgplayer.com/product/478170_200w.jpg,3,17688,https://cpt.tcgcsv.com/qhR5,2024-07-26T17:13:48.947,1,,0.12,0.25,1.99,0.21,0.22,Reverse Holofoil,,Uncommon,056/159,Lightning,80,Basic,"[1] Call for Family
<br>Search your deck for up to 2 Basic Pokémon and put them onto your Bench. Then, shuffle your deck.","[1L] Continuous Tumble (30+)
<br>Flip a coin until you get tails. This attack does 30 more damage for each heads.",Gx2,None,1
478170,Pincurchin,Pincurchin,https://tcgplayer-cdn.tcgplayer.com/product/478170_200w.jpg,3,17688,https://cpt.tcgcsv.com/qhR5,2024-07-26T17:13:48.947,1,,0.01,0.1,5.0,0.05,0.04,Normal,,Uncommon,056/159,Lightning,80,Basic,"[1] Call for Family
<br>Search your deck for up to 2 Basic Pokémon and put them onto your Bench. Then, shuffle your deck.","[1L] Continuous Tumble (30+)
<br>Flip a coin until you get tails. This attack does 30 more damage for each heads.",Gx2,None,1
478171,Exeggcute,Exeggcute,https://tcgplayer-cdn.tcgplayer.com/product/478171_200w.jpg,3,17688,https://cpt.tcgcsv.com/rhR5,2024-07-26T17:13:48.993,1,,0.01,0.1,5.0,0.06,,Normal,,Common,057/159,Psychic,60,Basic,"[1P] Psy Bolt (20)
<br>Flip a coin. If heads, your opponent's Active Pokémon is now Paralyzed.",,Dx2,F-30,1
478171,Exeggcute,Exeggcute,https://tcgplayer-cdn.tcgplayer.com/product/478171_200w.jpg,3,17688,https://cpt.tcgcsv.com/rhR5,2024-07-26T17:13:48.993,1,,0.07,0.35,1.49,0.45,0.32,Reverse Holofoil,,Common,057/159,Psychic,60,Basic,"[1P] Psy Bolt (20)
<br>Flip a coin. If heads, your opponent's Active Pokémon is now Paralyzed.",,Dx2,F-30,1
478172,Exeggutor,Exeggutor,https://tcgplayer-cdn.tcgplayer.com/product/478172_200w.jpg,3,17688,https://cpt.tcgcsv.com/shR5,2024-07-26T17:13:49.053,1,,0.1,0.27,28.0,0.27,,Reverse Holofoil,,Rare,058/159,Psychic,130,Stage 1,"[P] Powerful Storm (20x)
<br>This attack does 20 damage for each Energy attached to all of your Pokémon.",[2P] Stampede (100),Dx2,F-30,2
478172,Exeggutor,Exeggutor,https://tcgplayer-cdn.tcgplayer.com/product/478172_200w.jpg,3,17688,https://cpt.tcgcsv.com/shR5,2024-07-26T17:13:49.053,1,,0.01,0.16,2.0,0.16,0.1,Normal,,Rare,058/159,Psychic,130,Stage 1,"[P] Powerful Storm (20x)
<br>This attack does 20 damage for each Energy attached to all of your Pokémon.",[2P] Stampede (100),Dx2,F-30,2
478173,Mewtwo,Mewtwo,https://tcgplayer-cdn.tcgplayer.com/product/478173_200w.jpg,3,17688,https://cpt.tcgcsv.com/thR5,2024-07-09T07:59:36.97,1,,0.25,0.73,5.95,0.78,,Holofoil,,Holo Rare,059/159,Psychic,130,Basic,"[1] Psypump
<br>Attach up to 2 Psychic Energy cards from your discard pile to 1 of your Pokémon.","[1PP] Limit Break (90+)
<br>If your opponent has 3 or fewer Prize cards remaining, this attack does 90 more damage.",Dx2,F-30,2
478173,Mewtwo,Mewtwo,https://tcgplayer-cdn.tcgplayer.com/product/478173_200w.jpg,3,17688,https://cpt.tcgcsv.com/thR5,2024-07-09T07:59:36.97,1,,0.42,0.75,3.47,0.7,,Reverse Holofoil,,Holo Rare,059/159,Psychic,130,Basic,"[1] Psypump
<br>Attach up to 2 Psychic Energy cards from your discard pile to 1 of your Pokémon.","[1PP] Limit Break (90+)
<br>If your opponent has 3 or fewer Prize cards remaining, this attack does 90 more damage.",Dx2,F-30,2
478174,Energy Retrieval,Energy Retrieval,https://tcgplayer-cdn.tcgplayer.com/product/478174_200w.jpg,3,17688,https://cpt.tcgcsv.com/vhR5,2024-11-05T05:21:31.983,1,Put up to 2 basic Energy cards from your discard pile into your hand.,0.09,0.3,9.99,0.32,0.09,Reverse Holofoil,,Common,127/159,Item,,,,,,,
478174,Energy Retrieval,Energy Retrieval,https://tcgplayer-cdn.tcgplayer.com/product/478174_200w.jpg,3,17688,https://cpt.tcgcsv.com/vhR5,2024-11-05T05:21:31.983,1,Put up to 2 basic Energy cards from your discard pile into your hand.,0.01,0.15,5.0,0.16,0.1,Normal,,Common,127/159,Item,,,,,,,
478175,Mew V,Mew V,https://tcgplayer-cdn.tcgplayer.com/product/478175_200w.jpg,3,17688,https://cpt.tcgcsv.com/whR5,2023-01-20T14:25:15.467,1,,1.54,2.99,29.99,2.84,,Holofoil,,Ultra Rare,060/159,Psychic,180,Basic,"[P] Energy Mix
<br>Search your deck for an Energy card and attach it to 1 of your Fusion Strike Pokémon. Then, shuffle your deck.","[1P] Psychic Leap (70)
<br>You may shuffle this Pokémon and all attached cards into your deck.",Dx2,F-30,0
478176,Energy Search,Energy Search,https://tcgplayer-cdn.tcgplayer.com/product/478176_200w.jpg,3,17688,https://cpt.tcgcsv.com/xhR5,2024-09-18T09:33:48.573,1,"Search your deck for a basic Energy card, reveal it, and put it into your hand. Then, shuffle your deck.",0.01,0.11,2.0,0.09,0.08,Normal,,Common,128/159,Item,,,,,,,
478176,Energy Search,Energy Search,https://tcgplayer-cdn.tcgplayer.com/product/478176_200w.jpg,3,17688,https://cpt.tcgcsv.com/xhR5,2024-09-18T09:33:48.573,1,"Search your deck for a basic Energy card, reveal it, and put it into your hand. Then, shuffle your deck.",0.1,0.31,1.0,0.33,0.29,Reverse Holofoil,,Common,128/159,Item,,,,,,,
478177,Girafarig,Girafarig,https://tcgplayer-cdn.tcgplayer.com/product/478177_200w.jpg,3,17688,https://cpt.tcgcsv.com/zhR5,2024-12-09T09:06:17.547,1,,0.01,0.1,25.0,0.07,0.04,Normal,,Uncommon,061/159,Psychic,90,Basic,"[1] Double Draw
<br>Draw 2 cards.","[1P] Psybeam (30)
<br>Your opponent's Active Pokémon is now Confused.",Dx2,F-30,1
478177,Girafarig,Girafarig,https://tcgplayer-cdn.tcgplayer.com/product/478177_200w.jpg,3,17688,https://cpt.tcgcsv.com/zhR5,2024-12-09T09:06:17.547,1,,0.09,0.26,1.64,0.26,0.22,Reverse Holofoil,,Uncommon,061/159,Psychic,90,Basic,"[1] Double Draw
<br>Draw 2 cards.","[1P] Psybeam (30)
<br>Your opponent's Active Pokémon is now Confused.",Dx2,F-30,1
478178,Energy Switch,Energy Switch,https://tcgplayer-cdn.tcgplayer.com/product/478178_200w.jpg,3,17688,https://cpt.tcgcsv.com/BhR5,2025-09-24T20:41:12.423,1,Move a basic Energy from 1 of your Pokémon to another of your Pokémon.,0.01,0.14,999.99,0.12,,Normal,,Uncommon,129/159,Item,,,,,,,
478178,Energy Switch,Energy Switch,https://tcgplayer-cdn.tcgplayer.com/product/478178_200w.jpg,3,17688,https://cpt.tcgcsv.com/BhR5,2025-09-24T20:41:12.423,1,Move a basic Energy from 1 of your Pokémon to another of your Pokémon.,0.1,0.3,9.99,0.32,,Reverse Holofoil,,Uncommon,129/159,Item,,,,,,,
478179,Lunatone,Lunatone,https://tcgplayer-cdn.tcgplayer.com/product/478179_200w.jpg,3,17688,https://cpt.tcgcsv.com/ChR5,2024-09-29T09:43:43.973,1,,0.09,0.27,12.0,0.26,0.26,Reverse Holofoil,,Uncommon,062/159,Psychic,90,Basic,"[P] Cycle Draw
<br>Discard a card from your hand. If you do, draw 3 cards.","[3] Moon Kinesis (30+)
<br>This attack does 30 more damage for each Psychic Energy attached to this Pokémon.",Dx2,F-30,1
478179,Lunatone,Lunatone,https://tcgplayer-cdn.tcgplayer.com/product/478179_200w.jpg,3,17688,https://cpt.tcgcsv.com/ChR5,2024-09-29T09:43:43.973,1,,0.01,0.1,1.49,0.04,0.14,Normal,,Uncommon,062/159,Psychic,90,Basic,"[P] Cycle Draw
<br>Discard a card from your hand. If you do, draw 3 cards.","[3] Moon Kinesis (30+)
<br>This attack does 30 more damage for each Psychic Energy attached to this Pokémon.",Dx2,F-30,1
478180,Dusclops,Dusclops,https://tcgplayer-cdn.tcgplayer.com/product/478180_200w.jpg,3,17688,https://cpt.tcgcsv.com/DhR5,2024-07-26T17:13:49.347,1,,0.08,0.47,1.49,0.5,0.33,Reverse Holofoil,,Uncommon,063/159,Psychic,90,Stage 1,"[P] Fade to Black (30)
<br>Your opponent's Active Pokémon is now Confused.",,Dx2,F-30,2
478180,Dusclops,Dusclops,https://tcgplayer-cdn.tcgplayer.com/product/478180_200w.jpg,3,17688,https://cpt.tcgcsv.com/DhR5,2024-07-26T17:13:49.347,1,,0.01,0.1,5.0,0.08,,Normal,,Uncommon,063/159,Psychic,90,Stage 1,"[P] Fade to Black (30)
<br>Your opponent's Active Pokémon is now Confused.",,Dx2,F-30,2
478181,Friends in Hisui,Friends in Hisui,https://tcgplayer-cdn.tcgplayer.com/product/478181_200w.jpg,3,17688,https://cpt.tcgcsv.com/FhR5,2024-07-26T17:13:49.397,1,"Draw 3 cards.
<br>
<br>You may only play 1 Supporter card during your turn.",0.01,0.26,9.99,0.26,0.26,Reverse Holofoil,,Uncommon,130/159,Supporter,,,,,,,
478181,Friends in Hisui,Friends in Hisui,https://tcgplayer-cdn.tcgplayer.com/product/478181_200w.jpg,3,17688,https://cpt.tcgcsv.com/FhR5,2024-07-26T17:13:49.397,1,"Draw 3 cards.
<br>
<br>You may only play 1 Supporter card during your turn.",0.01,0.1,1.52,0.06,0.04,Normal,,Uncommon,130/159,Supporter,,,,,,,
478182,Friends in Sinnoh,Friends in Sinnoh,https://tcgplayer-cdn.tcgplayer.com/product/478182_200w.jpg,3,17688,https://cpt.tcgcsv.com/GhR5,2024-10-15T12:41:15.87,1,"Draw 3 cards.
<br>
<br>You may only play 1 Supporter card during your turn.",0.01,0.1,5.0,0.09,0.05,Normal,,Uncommon,131/159,Supporter,,,,,,,
478182,Friends in Sinnoh,Friends in Sinnoh,https://tcgplayer-cdn.tcgplayer.com/product/478182_200w.jpg,3,17688,https://cpt.tcgcsv.com/GhR5,2024-10-15T12:41:15.87,1,"Draw 3 cards.
<br>
<br>You may only play 1 Supporter card during your turn.",0.09,0.33,9.99,0.33,,Reverse Holofoil,,Uncommon,131/159,Supporter,,,,,,,
478183,Tapu Lele,Tapu Lele,https://tcgplayer-cdn.tcgplayer.com/product/478183_200w.jpg,3,17688,https://cpt.tcgcsv.com/HhR5,2023-01-20T14:25:15.467,1,,0.15,0.38,1.49,0.38,,Reverse Holofoil,,Holo Rare,064/159,Psychic,110,Basic,"[2] Energy Burst (20x)
<br>This attack does 20 damage for each Energy attached to both Active Pokémon.","[1PP] Spiral Drain (100)
<br>Heal 30 damage from this Pokémon.",Mx2,None,1
478183,Tapu Lele,Tapu Lele,https://tcgplayer-cdn.tcgplayer.com/product/478183_200w.jpg,3,17688,https://cpt.tcgcsv.com/HhR5,2023-01-20T14:25:15.467,1,,0.1,0.28,3.0,0.26,,Holofoil,,Holo Rare,064/159,Psychic,110,Basic,"[2] Energy Burst (20x)
<br>This attack does 20 damage for each Energy attached to both Active Pokémon.","[1PP] Spiral Drain (100)
<br>Heal 30 damage from this Pokémon.",Mx2,None,1
478184,Great Ball,Great Ball,https://tcgplayer-cdn.tcgplayer.com/product/478184_200w.jpg,3,17688,https://cpt.tcgcsv.com/JhR5,2024-07-26T17:13:49.49,1,Look at the top 7 cards of your deck. You may reveal a Pokémon you find there and put it into your hand. Shuffle the other cards back into your deck.,0.01,0.1,5.01,0.06,,Normal,,Uncommon,132/159,Item,,,,,,,
478184,Great Ball,Great Ball,https://tcgplayer-cdn.tcgplayer.com/product/478184_200w.jpg,3,17688,https://cpt.tcgcsv.com/JhR5,2024-07-26T17:13:49.49,1,Look at the top 7 cards of your deck. You may reveal a Pokémon you find there and put it into your hand. Shuffle the other cards back into your deck.,0.1,0.3,2.95,0.32,0.1,Reverse Holofoil,,Uncommon,132/159,Item,,,,,,,
478185,Hatterene V,Hatterene V,https://tcgplayer-cdn.tcgplayer.com/product/478185_200w.jpg,3,17688,https://cpt.tcgcsv.com/KhR5,2023-01-20T14:25:15.467,1,,0.44,0.99,5.95,0.85,0.88,Holofoil,,Ultra Rare,065/159,Psychic,200,Basic,"[P] Horoscope
<br>Look at the top 3 cards of your deck. You may attach any number of Energy cards you find there to this Pokémon. Put the other cards back in any order.","[2P] Teleportation Burst (80)
<br>Switch this Pokémon with 1 of your Benched Pokémon.",Dx2,F-30,2
478186,Hop,Hop,https://tcgplayer-cdn.tcgplayer.com/product/478186_200w.jpg,3,17688,https://cpt.tcgcsv.com/LhR5,2024-10-10T03:33:50.467,1,"Draw 3 cards.
<br>
<br>You may only play 1 Supporter card during your turn.",0.1,0.32,5.0,0.32,,Reverse Holofoil,,Holo Rare,133/159,Supporter,,,,,,,
478186,Hop,Hop,https://tcgplayer-cdn.tcgplayer.com/product/478186_200w.jpg,3,17688,https://cpt.tcgcsv.com/LhR5,2024-10-10T03:33:50.467,1,"Draw 3 cards.
<br>
<br>You may only play 1 Supporter card during your turn.",0.04,0.25,5.0,0.26,0.2,Holofoil,,Holo Rare,133/159,Supporter,,,,,,,
478187,Leon,Leon,https://tcgplayer-cdn.tcgplayer.com/product/478187_200w.jpg,3,17688,https://cpt.tcgcsv.com/MhR5,2024-07-26T17:13:49.537,1,"During this turn, your Pokémon's attacks do 30 more damage to your opponent's Active Pokémon <em>(before applying Weakness and Resistance)</em>.
<br>
<br>You may only play 1 Supporter card during your turn.",0.05,0.29,17.0,0.29,,Holofoil,,Holo Rare,134/159,Supporter,,,,,,,
478187,Leon,Leon,https://tcgplayer-cdn.tcgplayer.com/product/478187_200w.jpg,3,17688,https://cpt.tcgcsv.com/MhR5,2024-07-26T17:13:49.537,1,"During this turn, your Pokémon's attacks do 30 more damage to your opponent's Active Pokémon <em>(before applying Weakness and Resistance)</em>.
<br>
<br>You may only play 1 Supporter card during your turn.",0.12,0.38,2.95,0.42,,Reverse Holofoil,,Holo Rare,134/159,Supporter,,,,,,,
478188,Lost Vacuum,Lost Vacuum,https://tcgplayer-cdn.tcgplayer.com/product/478188_200w.jpg,3,17688,https://cpt.tcgcsv.com/NhR5,2024-07-26T17:13:49.583,1,"You can use this card only if you put another card from your hand in the Lost Zone.
<br>Choose a Pokémon Tool attached to any Pokémon, or any Stadium in play, and put it in the Lost Zone.",0.05,0.28,1.49,0.28,,Reverse Holofoil,,Uncommon,135/159,Item,,,,,,,
478188,Lost Vacuum,Lost Vacuum,https://tcgplayer-cdn.tcgplayer.com/product/478188_200w.jpg,3,17688,https://cpt.tcgcsv.com/NhR5,2024-07-26T17:13:49.583,1,"You can use this card only if you put another card from your hand in the Lost Zone.
<br>Choose a Pokémon Tool attached to any Pokémon, or any Stadium in play, and put it in the Lost Zone.",0.01,0.1,1.52,0.06,0.05,Normal,,Uncommon,135/159,Item,,,,,,,
478189,Enamorus,Enamorus,https://tcgplayer-cdn.tcgplayer.com/product/478189_200w.jpg,3,17688,https://cpt.tcgcsv.com/PhR5,2024-07-26T17:13:49.647,1,,0.09,0.27,4.99,0.22,0.24,Reverse Holofoil,,Rare,067/159,Psychic,120,Basic,"[P] Draining Kiss (20)
<br>Heal 20 damage from this Pokémon.","[2P] Loving Sympathy (70+)
<br>If you have the same number of cards in your hand as your opponent, this attack does 70 more damage.",Mx2,None,2
478189,Enamorus,Enamorus,https://tcgplayer-cdn.tcgplayer.com/product/478189_200w.jpg,3,17688,https://cpt.tcgcsv.com/PhR5,2024-07-26T17:13:49.647,1,,0.01,0.15,2.0,0.12,0.1,Normal,,Rare,067/159,Psychic,120,Basic,"[P] Draining Kiss (20)
<br>Heal 20 damage from this Pokémon.","[2P] Loving Sympathy (70+)
<br>If you have the same number of cards in your hand as your opponent, this attack does 70 more damage.",Mx2,None,2
478190,Nessa,Nessa,https://tcgplayer-cdn.tcgplayer.com/product/478190_200w.jpg,3,17688,https://cpt.tcgcsv.com/QhR5,2023-01-20T14:25:15.467,1,"Put up to 4 in any combination of Water Pokémon and Water Energy cards from your discard pile into your hand.
<br>
<br>You may only play 1 Supporter card during your turn.",0.2,0.39,5.95,0.37,0.35,Reverse Holofoil,,Holo Rare,136/159,Supporter,,,,,,,
478190,Nessa,Nessa,https://tcgplayer-cdn.tcgplayer.com/product/478190_200w.jpg,3,17688,https://cpt.tcgcsv.com/QhR5,2023-01-20T14:25:15.467,1,"Put up to 4 in any combination of Water Pokémon and Water Energy cards from your discard pile into your hand.
<br>
<br>You may only play 1 Supporter card during your turn.",0.1,0.3,39.0,0.3,0.32,Holofoil,,Holo Rare,136/159,Supporter,,,,,,,
478191,Poke Ball,Poke Ball,https://tcgplayer-cdn.tcgplayer.com/product/478191_200w.jpg,3,17688,https://cpt.tcgcsv.com/RhR5,2024-07-26T17:13:49.693,1,"Flip a coin. If heads, search your deck for a Pokémon, reveal it, and put it into your hand. Then, shuffle your deck.",0.09,0.28,1.7,0.29,,Reverse Holofoil,,Common,137/159,Item,,,,,,,
478191,Poke Ball,Poke Ball,https://tcgplayer-cdn.tcgplayer.com/product/478191_200w.jpg,3,17688,https://cpt.tcgcsv.com/RhR5,2024-07-26T17:13:49.693,1,"Flip a coin. If heads, search your deck for a Pokémon, reveal it, and put it into your hand. Then, shuffle your deck.",0.01,0.1,1.5,0.06,0.03,Normal,,Common,137/159,Item,,,,,,,
478192,Pokemon Catcher,Pokemon Catcher,https://tcgplayer-cdn.tcgplayer.com/product/478192_200w.jpg,3,17688,https://cpt.tcgcsv.com/ShR5,2024-07-26T17:13:49.74,1,"Flip a coin. If heads, switch 1 of your opponent's Benched Pokémon with their Active Pokémon.",0.01,0.1,1.49,0.08,0.05,Normal,,Uncommon,138/159,Item,,,,,,,
478192,Pokemon Catcher,Pokemon Catcher,https://tcgplayer-cdn.tcgplayer.com/product/478192_200w.jpg,3,17688,https://cpt.tcgcsv.com/ShR5,2024-07-26T17:13:49.74,1,"Flip a coin. If heads, switch 1 of your opponent's Benched Pokémon with their Active Pokémon.",0.09,0.26,1.27,0.26,,Reverse Holofoil,,Uncommon,138/159,Item,,,,,,,
478193,Graveler,Graveler,https://tcgplayer-cdn.tcgplayer.com/product/478193_200w.jpg,3,17688,https://cpt.tcgcsv.com/ThR5,2024-07-26T17:13:49.77,1,,0.01,0.1,1.49,0.07,0.03,Normal,,Uncommon,068/159,Fighting,110,Stage 1,[F] Tackle (30),[2F] Boulder Crush (70),Gx2,None,4
478193,Graveler,Graveler,https://tcgplayer-cdn.tcgplayer.com/product/478193_200w.jpg,3,17688,https://cpt.tcgcsv.com/ThR5,2024-07-26T17:13:49.77,1,,0.09,0.31,1.14,0.37,0.29,Reverse Holofoil,,Uncommon,068/159,Fighting,110,Stage 1,[F] Tackle (30),[2F] Boulder Crush (70),Gx2,None,4
478194,Potion,Potion,https://tcgplayer-cdn.tcgplayer.com/product/478194_200w.jpg,3,17688,https://cpt.tcgcsv.com/VhR5,2024-07-26T17:13:49.833,1,Heal 30 damage from 1 of your Pokémon.,0.01,0.1,1.49,0.05,0.04,Normal,,Common,139/159,Item,,,,,,,
478194,Potion,Potion,https://tcgplayer-cdn.tcgplayer.com/product/478194_200w.jpg,3,17688,https://cpt.tcgcsv.com/VhR5,2024-07-26T17:13:49.833,1,Heal 30 damage from 1 of your Pokémon.,0.07,0.24,1.59,0.23,0.23,Reverse Holofoil,,Common,139/159,Item,,,,,,,
478195,Solrock,Solrock,https://tcgplayer-cdn.tcgplayer.com/product/478195_200w.jpg,3,17688,https://cpt.tcgcsv.com/WhR5,2024-07-26T17:13:49.88,1,"<strong>Ability — Sun Energy</strong>
<br>Once during your turn, you may attach a Psychic Energy card from your discard pile to 1 of your Lunatone.",0.15,0.3,1.5,0.39,,Reverse Holofoil,,Uncommon,069/159,Fighting,90,Basic,[1F] Spinning Attack (50),,Gx2,None,1
478195,Solrock,Solrock,https://tcgplayer-cdn.tcgplayer.com/product/478195_200w.jpg,3,17688,https://cpt.tcgcsv.com/WhR5,2024-07-26T17:13:49.88,1,"<strong>Ability — Sun Energy</strong>
<br>Once during your turn, you may attach a Psychic Energy card from your discard pile to 1 of your Lunatone.",0.01,0.1,1.49,0.05,0.03,Normal,,Uncommon,069/159,Fighting,90,Basic,[1F] Spinning Attack (50),,Gx2,None,1
478196,Raihan,Raihan,https://tcgplayer-cdn.tcgplayer.com/product/478196_200w.jpg,3,17688,https://cpt.tcgcsv.com/XhR5,2025-01-25T05:52:41.153,1,"You can play this card only if any of your Pokémon were Knocked Out during your opponent's last turn.
<br>Attach a basic Energy card from your discard pile to 1 of your Pokémon. If you do, search your deck for a card and put it into your hand. Then, shuffle your deck.
<br>
<br>You may only play 1 Supporter card during your turn.",0.1,0.33,5.95,0.33,,Holofoil,,Holo Rare,140/159,Supporter,,,,,,,
478196,Raihan,Raihan,https://tcgplayer-cdn.tcgplayer.com/product/478196_200w.jpg,3,17688,https://cpt.tcgcsv.com/XhR5,2025-01-25T05:52:41.153,1,"You can play this card only if any of your Pokémon were Knocked Out during your opponent's last turn.
<br>Attach a basic Energy card from your discard pile to 1 of your Pokémon. If you do, search your deck for a card and put it into your hand. Then, shuffle your deck.
<br>
<br>You may only play 1 Supporter card during your turn.",0.2,0.43,2.99,0.47,,Reverse Holofoil,,Holo Rare,140/159,Supporter,,,,,,,
478197,Baltoy,Baltoy,https://tcgplayer-cdn.tcgplayer.com/product/478197_200w.jpg,3,17688,https://cpt.tcgcsv.com/ZhR5,2024-07-26T17:13:49.927,1,,0.1,0.25,1.3,0.24,,Reverse Holofoil,,Common,070/159,Fighting,60,Basic,[2] Smack (20),,Gx2,None,1
478197,Baltoy,Baltoy,https://tcgplayer-cdn.tcgplayer.com/product/478197_200w.jpg,3,17688,https://cpt.tcgcsv.com/ZhR5,2024-07-26T17:13:49.927,1,,0.01,0.1,5.0,0.04,0.02,Normal,,Common,070/159,Fighting,60,Basic,[2] Smack (20),,Gx2,None,1
478198,Rare Candy,Rare Candy,https://tcgplayer-cdn.tcgplayer.com/product/478198_200w.jpg,3,17688,https://cpt.tcgcsv.com/-hR5,2024-07-26T17:13:49.977,1,"Choose 1 of your Basic Pokémon in play. If you have a Stage 2 card in your hand that evolves from that Pokémon, put that card onto the Basic Pokémon to evolve it, skipping the Stage 1. You can't use this card during your first turn or on a Basic Pokémon that was put into play this turn.",0.1,0.28,2.95,0.25,0.25,Reverse Holofoil,,Uncommon,141/159,Item,,,,,,,
478198,Rare Candy,Rare Candy,https://tcgplayer-cdn.tcgplayer.com/product/478198_200w.jpg,3,17688,https://cpt.tcgcsv.com/-hR5,2024-07-26T17:13:49.977,1,"Choose 1 of your Basic Pokémon in play. If you have a Stage 2 card in your hand that evolves from that Pokémon, put that card onto the Basic Pokémon to evolve it, skipping the Stage 1. You can't use this card during your first turn or on a Basic Pokémon that was put into play this turn.",0.01,0.15,5.0,0.12,0.12,Normal,,Uncommon,141/159,Item,,,,,,,
478199,Riolu,Riolu,https://tcgplayer-cdn.tcgplayer.com/product/478199_200w.jpg,3,17688,https://cpt.tcgcsv.com/_hR5,2024-07-26T17:13:50.023,1,,0.01,0.11,1.52,0.11,0.03,Normal,,Common,071/159,Fighting,60,Basic,[FF] Low Kick (50),,Px2,None,1
478199,Riolu,Riolu,https://tcgplayer-cdn.tcgplayer.com/product/478199_200w.jpg,3,17688,https://cpt.tcgcsv.com/_hR5,2024-07-26T17:13:50.023,1,,0.09,0.3,1.49,0.36,,Reverse Holofoil,,Common,071/159,Fighting,60,Basic,[FF] Low Kick (50),,Px2,None,1
478200,Rescue Carrier,Rescue Carrier,https://tcgplayer-cdn.tcgplayer.com/product/478200_200w.jpg,3,17688,https://cpt.tcgcsv.com/0jR5,2024-07-26T17:13:50.087,1,"Put up to 2 Pokémon, each with 90 HP or less, from your discard pile into your hand.",0.01,0.29,5.0,0.34,0.25,Reverse Holofoil,,Uncommon,142/159,Item,,,,,,,
478200,Rescue Carrier,Rescue Carrier,https://tcgplayer-cdn.tcgplayer.com/product/478200_200w.jpg,3,17688,https://cpt.tcgcsv.com/0jR5,2024-07-26T17:13:50.087,1,"Put up to 2 Pokémon, each with 90 HP or less, from your discard pile into your hand.",0.01,0.1,5.0,0.07,0.05,Normal,,Uncommon,142/159,Item,,,,,,,
478201,Pancham,Pancham,https://tcgplayer-cdn.tcgplayer.com/product/478201_200w.jpg,3,17688,https://cpt.tcgcsv.com/2jR5,2024-07-26T17:13:50.117,1,,0.01,0.1,5.0,0.07,0.03,Normal,,Common,072/159,Fighting,70,Basic,[2] Chop (30),,Px2,None,2
478201,Pancham,Pancham,https://tcgplayer-cdn.tcgplayer.com/product/478201_200w.jpg,3,17688,https://cpt.tcgcsv.com/2jR5,2024-07-26T17:13:50.117,1,,0.05,0.3,2.0,0.31,,Reverse Holofoil,,Common,072/159,Fighting,70,Basic,[2] Chop (30),,Px2,None,2
478202,Sky Seal Stone,Sky Seal Stone,https://tcgplayer-cdn.tcgplayer.com/product/478202_200w.jpg,3,17688,https://cpt.tcgcsv.com/3jR5,2023-09-08T08:26:14.783,1,"Attach a Pokémon Tool to 1 of your Pokémon that doesn't already have a Pokémon Tool attached.
<br>
<br><span style=""color:gold""><strong>VSTAR Power</strong></span>
<br>The Pokémon V this card is attached to can use the VSTAR Power on this card.
<br>
<strong>Ability — Star Order</strong>
<br>
During your turn, you may use this Ability. During this turn, if your opponent's Active Pokémon VSTAR or Active Pokémon VMAX is Knocked Out by damage from an attack from your Basic Pokémon V, take 1 more Prize card. <em>(You can't use more than 1 VSTAR Power in a game.)</em>",0.01,0.32,19.95,0.32,0.09,Holofoil,,Holo Rare,143/159,Tool,,,,,,,
478203,Switch,Switch,https://tcgplayer-cdn.tcgplayer.com/product/478203_200w.jpg,3,17688,https://cpt.tcgcsv.com/5jR5,2024-07-26T17:13:50.18,1,Switch your Active Pokémon with 1 of your Benched Pokémon.,0.09,0.28,2.0,0.28,,Reverse Holofoil,,Common,144/159,Item,,,,,,,
478203,Switch,Switch,https://tcgplayer-cdn.tcgplayer.com/product/478203_200w.jpg,3,17688,https://cpt.tcgcsv.com/5jR5,2024-07-26T17:13:50.18,1,Switch your Active Pokémon with 1 of your Benched Pokémon.,0.01,0.12,2.0,0.11,0.06,Normal,,Common,144/159,Item,,,,,,,
478204,Rockruff,Rockruff,https://tcgplayer-cdn.tcgplayer.com/product/478204_200w.jpg,3,17688,https://cpt.tcgcsv.com/6jR5,2024-07-26T17:13:50.257,1,,0.01,0.1,5.0,0.07,0.02,Normal,,Common,073/159,Fighting,60,Basic,"[1] Invite Out 
<br>Flip a coin. If heads, switch 1 of your opponent's Benched Pokémon with their Active Pokémon.",[1F] Smash Kick (20),Gx2,None,1
478204,Rockruff,Rockruff,https://tcgplayer-cdn.tcgplayer.com/product/478204_200w.jpg,3,17688,https://cpt.tcgcsv.com/6jR5,2024-07-26T17:13:50.257,1,,0.01,0.34,1.49,0.39,0.45,Reverse Holofoil,,Common,073/159,Fighting,60,Basic,"[1] Invite Out 
<br>Flip a coin. If heads, switch 1 of your opponent's Benched Pokémon with their Active Pokémon.",[1F] Smash Kick (20),Gx2,None,1
478205,Trekking Shoes,Trekking Shoes,https://tcgplayer-cdn.tcgplayer.com/product/478205_200w.jpg,3,17688,https://cpt.tcgcsv.com/7jR5,2024-07-26T17:13:50.32,1,"Look at the top card of your deck. You may put that card into your hand. If you don't, discard that card and draw a card.",0.1,0.32,1.38,0.33,,Reverse Holofoil,,Uncommon,145/159,Item,,,,,,,
478205,Trekking Shoes,Trekking Shoes,https://tcgplayer-cdn.tcgplayer.com/product/478205_200w.jpg,3,17688,https://cpt.tcgcsv.com/7jR5,2024-07-26T17:13:50.32,1,"Look at the top card of your deck. You may put that card into your hand. If you don't, discard that card and draw a card.",0.01,0.11,5.0,0.05,0.05,Normal,,Uncommon,145/159,Item,,,,,,,
478206,Ultra Ball,Ultra Ball,https://tcgplayer-cdn.tcgplayer.com/product/478206_200w.jpg,3,17688,https://cpt.tcgcsv.com/8jR5,2024-07-26T17:13:50.383,1,"You can use this card only if you discard 2 other cards from your hand.
<br>Search your deck for a Pokémon, reveal it, and put it into your hand. Then, shuffle your deck.",0.09,0.5,2.0,0.62,0.09,Reverse Holofoil,,Uncommon,146/159,Item,,,,,,,
478206,Ultra Ball,Ultra Ball,https://tcgplayer-cdn.tcgplayer.com/product/478206_200w.jpg,3,17688,https://cpt.tcgcsv.com/8jR5,2024-07-26T17:13:50.383,1,"You can use this card only if you discard 2 other cards from your hand.
<br>Search your deck for a Pokémon, reveal it, and put it into your hand. Then, shuffle your deck.",0.01,0.18,15.0,0.17,0.1,Normal,,Uncommon,146/159,Item,,,,,,,
478207,Lycanroc,Lycanroc,https://tcgplayer-cdn.tcgplayer.com/product/478207_200w.jpg,3,17688,https://cpt.tcgcsv.com/9jR5,2024-07-26T17:13:50.46,1,,0.1,0.29,2.0,0.26,0.28,Reverse Holofoil,,Rare,074/159,Fighting,120,Stage 1,"[1F] Midnight Fang (240-)
<br>This attack does 80 less damage for each Energy attached to your opponent's Active Pokémon.",,Gx2,None,1
478207,Lycanroc,Lycanroc,https://tcgplayer-cdn.tcgplayer.com/product/478207_200w.jpg,3,17688,https://cpt.tcgcsv.com/9jR5,2024-07-26T17:13:50.46,1,,0.01,0.16,2.0,0.17,0.08,Normal,,Rare,074/159,Fighting,120,Stage 1,"[1F] Midnight Fang (240-)
<br>This attack does 80 less damage for each Energy attached to your opponent's Active Pokémon.",,Gx2,None,1
478208,Koffing,Koffing,https://tcgplayer-cdn.tcgplayer.com/product/478208_200w.jpg,3,17688,https://cpt.tcgcsv.com/bjR5,2024-07-26T17:13:50.507,1,,0.09,0.27,1.49,0.28,0.27,Reverse Holofoil,,Common,075/159,Darkness,70,Basic,"[1D] Smog (20)
<br>Your opponent's Active Pokémon is now Poisoned.",,Fx2,None,1
478208,Koffing,Koffing,https://tcgplayer-cdn.tcgplayer.com/product/478208_200w.jpg,3,17688,https://cpt.tcgcsv.com/bjR5,2024-07-26T17:13:50.507,1,,0.01,0.1,1.49,0.07,,Normal,,Common,075/159,Darkness,70,Basic,"[1D] Smog (20)
<br>Your opponent's Active Pokémon is now Poisoned.",,Fx2,None,1
478209,Rayquaza V,Rayquaza V,https://tcgplayer-cdn.tcgplayer.com/product/478209_200w.jpg,3,17688,https://cpt.tcgcsv.com/cjR5,2023-01-20T14:25:15.467,1,,0.36,0.99,75.0,0.94,0.95,Holofoil,,Ultra Rare,100/159,Dragon,210,Basic,"[L] Dragon Pulse (40)
<br>Discard the top 2 cards of your deck.","[RL] Spiral Burst (20+)
<br>You may discard up to 2 basic Fire Energy or up to 2 basic Lightning Energy from this Pokémon. This attack does 80 more damage for each card you discarded in this way.",None,None,2
478210,Rayquaza VMAX (101),Rayquaza VMAX 101,https://tcgplayer-cdn.tcgplayer.com/product/478210_200w.jpg,3,17688,https://cpt.tcgcsv.com/djR5,2023-01-20T14:25:15.467,1,"<strong>Ability — Azure Pulse</strong>
<br>Once during your turn, you may discard your hand and draw 3 cards.",4.36,6.43,25.0,6.35,7.65,Holofoil,,Ultra Rare,101/159,Dragon,320,VMAX,"[RL] Max Burst (20+)
<br>You may discard any amount of basic Fire Energy or any amount of basic Lightning Energy from this Pokémon. This attack does 80 more damage for each card you discarded in this way.",,None,None,2
478211,Rayquaza VMAX (102),Rayquaza VMAX 102,https://tcgplayer-cdn.tcgplayer.com/product/478211_200w.jpg,3,17688,https://cpt.tcgcsv.com/fjR5,2023-01-20T14:25:15.467,1,"<strong>Ability — Azure Pulse</strong>
<br>Once during your turn, you may discard your hand and draw 3 cards.",4.05,6.46,15.0,6.37,,Holofoil,,Ultra Rare,102/159,Dragon,320,VMAX,"[RL] Max Burst (20+)
<br>You may discard any amount of basic Fire Energy or any amount of basic Lightning Energy from this Pokémon. This attack does 80 more damage for each card you discarded in this way.",,None,None,2
478212,Absol,Absol,https://tcgplayer-cdn.tcgplayer.com/product/478212_200w.jpg,3,17688,https://cpt.tcgcsv.com/gjR5,2024-07-26T17:13:50.557,1,,0.1,0.27,2.0,0.29,,Holofoil,,Holo Rare,076/159,Darkness,100,Basic,[D] Slash (30),"[2D] Lost Claw (70)
<br>Put a random card from your opponent's hand in the Lost Zone.",Gx2,None,1
478212,Absol,Absol,https://tcgplayer-cdn.tcgplayer.com/product/478212_200w.jpg,3,17688,https://cpt.tcgcsv.com/gjR5,2024-07-26T17:13:50.557,1,,0.2,0.45,9.99,0.45,,Reverse Holofoil,,Holo Rare,076/159,Darkness,100,Basic,[D] Slash (30),"[2D] Lost Claw (70)
<br>Put a random card from your opponent's hand in the Lost Zone.",Gx2,None,1
478213,Duraludon V,Duraludon V,https://tcgplayer-cdn.tcgplayer.com/product/478213_200w.jpg,3,17688,https://cpt.tcgcsv.com/hjR5,2023-02-24T18:52:00.273,1,,0.4,0.95,5.95,0.65,0.77,Holofoil,,Ultra Rare,103/159,Dragon,220,Basic,[FM] Metal Claw (70),"[FMM] Breaking Swipe (140)
<br>During your opponent's next turn, the Defending Pokémon's attacks do 30 less damage <em>(before applying Weakness and Resistance)</em>.",None,None,2
478214,Duraludon VMAX,Duraludon VMAX,https://tcgplayer-cdn.tcgplayer.com/product/478214_200w.jpg,3,17688,https://cpt.tcgcsv.com/jjR5,2024-03-09T13:55:32.787,1,"<strong>Ability — Skyscraper</strong>
<br>Prevent all damage done to this Pokémon by attacks from your opponent's Pokémon that have Special Energy attached.",0.75,1.97,30.0,1.52,,Holofoil,,Ultra Rare,104/159,Dragon,330,VMAX,"[FMM] G-Max Pulverization (220)
<br>This attack's damage isn't affected by any effects on your opponent's Active Pokémon.",,None,None,3
478215,Purrloin,Purrloin,https://tcgplayer-cdn.tcgplayer.com/product/478215_200w.jpg,3,17688,https://cpt.tcgcsv.com/kjR5,2024-07-26T17:13:50.617,1,,0.01,0.32,1.5,0.32,0.32,Reverse Holofoil,,Common,077/159,Darkness,60,Basic,"[1] Fury Swipes (10x)
<br>Flip 3 coins. This attack does 10 damage for each heads.",,Gx2,None,1
478215,Purrloin,Purrloin,https://tcgplayer-cdn.tcgplayer.com/product/478215_200w.jpg,3,17688,https://cpt.tcgcsv.com/kjR5,2024-07-26T17:13:50.617,1,,0.01,0.1,1.49,0.08,,Normal,,Common,077/159,Darkness,60,Basic,"[1] Fury Swipes (10x)
<br>Flip 3 coins. This attack does 10 damage for each heads.",,Gx2,None,1
478216,Radiant Eternatus,Radiant Eternatus,https://tcgplayer-cdn.tcgplayer.com/product/478216_200w.jpg,3,17688,https://cpt.tcgcsv.com/ljR5,2023-04-09T08:06:31.813,1,"<strong>Ability — Climactic Gate</strong>
<br>When you play this Pokémon from your hand onto your Bench during your turn, you may search your deck for up to 2 Pokémon VMAX and put them onto your Bench. Then, shuffle your deck. If you use this Ability, your turn ends.",0.14,0.6,15.95,0.51,,Holofoil,,Radiant Rare,105/159,Dragon,170,Basic,[1RD] Power Beam (200),,None,None,2
478217,Liepard,Liepard,https://tcgplayer-cdn.tcgplayer.com/product/478217_200w.jpg,3,17688,https://cpt.tcgcsv.com/mjR5,2024-07-26T17:13:50.697,1,,0.09,0.28,1.49,0.28,0.38,Reverse Holofoil,,Rare,078/159,Darkness,100,Stage 1,"[2] Fury Swipes (40x)
<br>Flip 3 coins. This attack does 40 damage for each heads.",[1DD] Claw Slash (110),Gx2,None,1
478217,Liepard,Liepard,https://tcgplayer-cdn.tcgplayer.com/product/478217_200w.jpg,3,17688,https://cpt.tcgcsv.com/mjR5,2024-07-26T17:13:50.697,1,,0.01,0.15,1.53,0.13,0.1,Normal,,Rare,078/159,Darkness,100,Stage 1,"[2] Fury Swipes (40x)
<br>Flip 3 coins. This attack does 40 damage for each heads.",[1DD] Claw Slash (110),Gx2,None,1
478218,Krokorok,Krokorok,https://tcgplayer-cdn.tcgplayer.com/product/478218_200w.jpg,3,17688,https://cpt.tcgcsv.com/njR5,2024-07-26T17:13:50.743,1,,0.01,0.1,1.49,0.05,0.03,Normal,,Uncommon,079/159,Darkness,90,Stage 1,[D] Bite (20),"[3] Dredge Up
<br>Discard the top 3 cards of your opponent's deck.",Gx2,None,2
478218,Krokorok,Krokorok,https://tcgplayer-cdn.tcgplayer.com/product/478218_200w.jpg,3,17688,https://cpt.tcgcsv.com/njR5,2024-07-26T17:13:50.743,1,,0.09,0.25,2.0,0.24,,Reverse Holofoil,,Uncommon,079/159,Darkness,90,Stage 1,[D] Bite (20),"[3] Dredge Up
<br>Discard the top 3 cards of your opponent's deck.",Gx2,None,2
478219,Pangoro,Pangoro,https://tcgplayer-cdn.tcgplayer.com/product/478219_200w.jpg,3,17688,https://cpt.tcgcsv.com/pjR5,2024-07-26T17:13:50.797,1,,0.01,0.15,5.0,0.09,0.09,Normal,,Rare,080/159,Darkness,140,Stage 1,[1D] Corkscrew Punch (60),"[1DD] Wild Tackle (160)
<br>This Pokémon also does 30 damage to itself.",Gx2,None,3
478219,Pangoro,Pangoro,https://tcgplayer-cdn.tcgplayer.com/product/478219_200w.jpg,3,17688,https://cpt.tcgcsv.com/pjR5,2024-07-26T17:13:50.797,1,,0.13,0.33,2.0,0.35,,Reverse Holofoil,,Rare,080/159,Darkness,140,Stage 1,[1D] Corkscrew Punch (60),"[1DD] Wild Tackle (160)
<br>This Pokémon also does 30 damage to itself.",Gx2,None,3
478220,Skrelp,Skrelp,https://tcgplayer-cdn.tcgplayer.com/product/478220_200w.jpg,3,17688,https://cpt.tcgcsv.com/qjR5,2024-07-26T17:13:50.837,1,,0.01,0.1,1.49,0.08,0.02,Normal,,Common,081/159,Darkness,60,Basic,[D] Tackle (10),[1D] Melt (20),Fx2,None,1
478220,Skrelp,Skrelp,https://tcgplayer-cdn.tcgplayer.com/product/478220_200w.jpg,3,17688,https://cpt.tcgcsv.com/qjR5,2024-07-26T17:13:50.837,1,,0.15,0.3,1.49,0.3,,Reverse Holofoil,,Common,081/159,Darkness,60,Basic,[D] Tackle (10),[1D] Melt (20),Fx2,None,1
478221,Galarian Perrserker,Galarian Perrserker,https://tcgplayer-cdn.tcgplayer.com/product/478221_200w.jpg,3,17688,https://cpt.tcgcsv.com/rjR5,2024-07-26T17:13:50.883,1,,0.09,0.27,1.6,0.27,0.34,Reverse Holofoil,,Rare,085/159,Metal,120,Stage 1,"[1M] Sharp Claws (30+)
<br>Flip a coin. If heads, this attack does 60 more damage.",[2M] Slash (90),Rx2,G-30,2
478221,Galarian Perrserker,Galarian Perrserker,https://tcgplayer-cdn.tcgplayer.com/product/478221_200w.jpg,3,17688,https://cpt.tcgcsv.com/rjR5,2024-07-26T17:13:50.883,1,,0.01,0.17,2.0,0.17,0.1,Normal,,Rare,085/159,Metal,120,Stage 1,"[1M] Sharp Claws (30+)
<br>Flip a coin. If heads, this attack does 60 more damage.",[2M] Slash (90),Rx2,G-30,2
478222,Dragalge,Dragalge,https://tcgplayer-cdn.tcgplayer.com/product/478222_200w.jpg,3,17688,https://cpt.tcgcsv.com/sjR5,2024-07-26T17:13:50.93,1,,0.1,0.34,2.0,0.42,0.3,Reverse Holofoil,,Rare,082/159,Darkness,120,Stage 1,"[D] Rocket Poison
<br>Your opponent's Active Pokémon is now Poisoned. If this Pokémon evolved from Skrelp this turn, put 8 damage counters on that Pokémon instead of 1 during the Pokémon Checkup.",[1D] Razor Fin (60),Fx2,None,1
478222,Dragalge,Dragalge,https://tcgplayer-cdn.tcgplayer.com/product/478222_200w.jpg,3,17688,https://cpt.tcgcsv.com/sjR5,2024-07-26T17:13:50.93,1,,0.01,0.16,2.0,0.16,,Normal,,Rare,082/159,Darkness,120,Stage 1,"[D] Rocket Poison
<br>Your opponent's Active Pokémon is now Poisoned. If this Pokémon evolved from Skrelp this turn, put 8 damage counters on that Pokémon instead of 1 during the Pokémon Checkup.",[1D] Razor Fin (60),Fx2,None,1
478223,Scizor,Scizor,https://tcgplayer-cdn.tcgplayer.com/product/478223_200w.jpg,3,17688,https://cpt.tcgcsv.com/tjR5,2024-07-26T17:13:50.993,1,,0.05,0.42,19.99,0.45,0.45,Reverse Holofoil,,Rare,086/159,Metal,130,Stage 1,"[1] X-Scissor (30+)
<br>Flip a coin. If heads, this attack does 30 more damage.","[3] Dangerous Claws (80+)
<br>If your opponent's Active Pokémon is a Basic Pokémon, this attack does 80 more damage.",Rx2,G-30,2
478223,Scizor,Scizor,https://tcgplayer-cdn.tcgplayer.com/product/478223_200w.jpg,3,17688,https://cpt.tcgcsv.com/tjR5,2024-07-26T17:13:50.993,1,,0.01,0.19,2.0,0.19,0.11,Normal,,Rare,086/159,Metal,130,Stage 1,"[1] X-Scissor (30+)
<br>Flip a coin. If heads, this attack does 30 more damage.","[3] Dangerous Claws (80+)
<br>If your opponent's Active Pokémon is a Basic Pokémon, this attack does 80 more damage.",Rx2,G-30,2
478224,Aron,Aron,https://tcgplayer-cdn.tcgplayer.com/product/478224_200w.jpg,3,17688,https://cpt.tcgcsv.com/vjR5,2024-07-26T17:13:51.04,1,,0.15,0.27,0.99,0.28,,Reverse Holofoil,,Common,087/159,Metal,70,Basic,[M] Ram (10),"[2] Slight Intrusion (30)
<br>This Pokémon also does 10 damage to itself.",Rx2,G-30,2
478224,Aron,Aron,https://tcgplayer-cdn.tcgplayer.com/product/478224_200w.jpg,3,17688,https://cpt.tcgcsv.com/vjR5,2024-07-26T17:13:51.04,1,,0.01,0.1,1.52,0.07,0.02,Normal,,Common,087/159,Metal,70,Basic,[M] Ram (10),"[2] Slight Intrusion (30)
<br>This Pokémon also does 10 damage to itself.",Rx2,G-30,2
478225,Lairon,Lairon,https://tcgplayer-cdn.tcgplayer.com/product/478225_200w.jpg,3,17688,https://cpt.tcgcsv.com/wjR5,2024-08-13T14:34:12.623,1,,0.01,0.1,5.0,0.1,0.03,Normal,,Uncommon,088/159,Metal,90,Stage 1,[2] Confront (40),"[2MM] Wreak Havoc (80)
<br>Flip a coin until you get tails. For each heads, discard the top card of your opponent's deck.",Rx2,G-30,3
478225,Lairon,Lairon,https://tcgplayer-cdn.tcgplayer.com/product/478225_200w.jpg,3,17688,https://cpt.tcgcsv.com/wjR5,2024-08-13T14:34:12.623,1,,0.1,0.33,1.25,0.35,,Reverse Holofoil,,Uncommon,088/159,Metal,90,Stage 1,[2] Confront (40),"[2MM] Wreak Havoc (80)
<br>Flip a coin until you get tails. For each heads, discard the top card of your opponent's deck.",Rx2,G-30,3
478226,Aggron,Aggron,https://tcgplayer-cdn.tcgplayer.com/product/478226_200w.jpg,3,17688,https://cpt.tcgcsv.com/xjR5,2024-11-26T10:35:23.92,1,,0.1,0.28,5.95,0.28,,Holofoil,,Holo Rare,089/159,Metal,180,Stage 2,"[2M] Counter Press (90)
<br>During your opponent's next turn, if this Pokémon is damaged by an attack <em>(even if this Pokémon is Knocked Out)</em>, put damage counters on the Attacking Pokémon equal to the damage done to this Pokémon.",[2MM] Heavy Impact (180),Rx2,G-30,4
478226,Aggron,Aggron,https://tcgplayer-cdn.tcgplayer.com/product/478226_200w.jpg,3,17688,https://cpt.tcgcsv.com/xjR5,2024-11-26T10:35:23.92,1,,0.15,0.4,5.95,0.4,,Reverse Holofoil,,Holo Rare,089/159,Metal,180,Stage 2,"[2M] Counter Press (90)
<br>During your opponent's next turn, if this Pokémon is damaged by an attack <em>(even if this Pokémon is Knocked Out)</em>, put damage counters on the Attacking Pokémon equal to the damage done to this Pokémon.",[2MM] Heavy Impact (180),Rx2,G-30,4
478227,Hoopa,Hoopa,https://tcgplayer-cdn.tcgplayer.com/product/478227_200w.jpg,3,17688,https://cpt.tcgcsv.com/zjR5,2025-01-25T03:21:55.567,1,,0.01,0.26,2.0,0.26,0.26,Holofoil,,Holo Rare,083/159,Darkness,120,Basic,"[D] Assault Gate (90)
<br>If this Pokémon didn't move from the Bench to the Active Spot this turn, this attack does nothing. This attack's damage isn't affected by Weakness.",,Gx2,None,2
478227,Hoopa,Hoopa,https://tcgplayer-cdn.tcgplayer.com/product/478227_200w.jpg,3,17688,https://cpt.tcgcsv.com/zjR5,2025-01-25T03:21:55.567,1,,0.1,0.35,1.72,0.34,0.37,Reverse Holofoil,,Holo Rare,083/159,Darkness,120,Basic,"[D] Assault Gate (90)
<br>If this Pokémon didn't move from the Bench to the Active Spot this turn, this attack does nothing. This attack's damage isn't affected by Weakness.",,Gx2,None,2
478228,Metang,Metang,https://tcgplayer-cdn.tcgplayer.com/product/478228_200w.jpg,3,17688,https://cpt.tcgcsv.com/BjR5,2024-07-26T17:13:51.133,1,,0.1,0.29,1.99,0.29,0.26,Reverse Holofoil,,Uncommon,090/159,Metal,100,Stage 1,"[1M] Bullet Punch (30+)
<br>Flip 2 coins. This attack does 30 more damage for each heads.",,Rx2,G-30,2
478228,Metang,Metang,https://tcgplayer-cdn.tcgplayer.com/product/478228_200w.jpg,3,17688,https://cpt.tcgcsv.com/BjR5,2024-07-26T17:13:51.133,1,,0.01,0.1,5.0,0.05,0.03,Normal,,Uncommon,090/159,Metal,100,Stage 1,"[1M] Bullet Punch (30+)
<br>Flip 2 coins. This attack does 30 more damage for each heads.",,Rx2,G-30,2
478229,Pawniard (91),Pawniard 91,https://tcgplayer-cdn.tcgplayer.com/product/478229_200w.jpg,3,17688,https://cpt.tcgcsv.com/CjR5,2024-07-26T17:13:51.227,1,,0.09,0.26,1.49,0.26,,Reverse Holofoil,,Common,091/159,Metal,60,Basic,"[M] Reckless Charge (30)
<br>This Pokémon also does 10 damage to itself.",,Rx2,G-30,1
478229,Pawniard (91),Pawniard 91,https://tcgplayer-cdn.tcgplayer.com/product/478229_200w.jpg,3,17688,https://cpt.tcgcsv.com/CjR5,2024-07-26T17:13:51.227,1,,0.01,0.1,1.49,0.04,,Normal,,Common,091/159,Metal,60,Basic,"[M] Reckless Charge (30)
<br>This Pokémon also does 10 damage to itself.",,Rx2,G-30,1
478230,Pawniard (92),Pawniard 92,https://tcgplayer-cdn.tcgplayer.com/product/478230_200w.jpg,3,17688,https://cpt.tcgcsv.com/DjR5,2024-07-26T17:13:51.29,1,,0.1,0.3,1.71,0.3,,Reverse Holofoil,,Common,092/159,Metal,70,Basic,[M] Pierce (20),,Rx2,G-30,1
478230,Pawniard (92),Pawniard 92,https://tcgplayer-cdn.tcgplayer.com/product/478230_200w.jpg,3,17688,https://cpt.tcgcsv.com/DjR5,2024-07-26T17:13:51.29,1,,0.01,0.1,5.0,0.06,,Normal,,Common,092/159,Metal,70,Basic,[M] Pierce (20),,Rx2,G-30,1
478231,Bisharp,Bisharp,https://tcgplayer-cdn.tcgplayer.com/product/478231_200w.jpg,3,17688,https://cpt.tcgcsv.com/FjR5,2024-07-26T17:13:51.333,1,,0.15,0.32,1.49,0.32,,Reverse Holofoil,,Uncommon,093/159,Metal,110,Stage 1,"[1] Spike Draw (20)
<br>Draw 2 cards.",[1M] Power Edge (70),Rx2,G-30,1
478231,Bisharp,Bisharp,https://tcgplayer-cdn.tcgplayer.com/product/478231_200w.jpg,3,17688,https://cpt.tcgcsv.com/FjR5,2024-07-26T17:13:51.333,1,,0.01,0.1,1.49,0.05,0.03,Normal,,Uncommon,093/159,Metal,110,Stage 1,"[1] Spike Draw (20)
<br>Draw 2 cards.",[1M] Power Edge (70),Rx2,G-30,1
478232,Zacian,Zacian,https://tcgplayer-cdn.tcgplayer.com/product/478232_200w.jpg,3,17688,https://cpt.tcgcsv.com/GjR5,2023-01-20T14:25:15.467,1,,0.04,0.25,2.0,0.26,0.24,Holofoil,,Holo Rare,094/159,Metal,130,Basic,"[M] Battle Legion (20+)
<br>This attack does 10 more damage for each of your Benched Pokémon. This attack's damage isn't affected by Weakness or by any effects on your opponent's Active Pokémon.",[2M] Slicing Blade (100),Rx2,G-30,2
478232,Zacian,Zacian,https://tcgplayer-cdn.tcgplayer.com/product/478232_200w.jpg,3,17688,https://cpt.tcgcsv.com/GjR5,2023-01-20T14:25:15.467,1,,0.14,0.3,2.95,0.3,,Reverse Holofoil,,Holo Rare,094/159,Metal,130,Basic,"[M] Battle Legion (20+)
<br>This attack does 10 more damage for each of your Benched Pokémon. This attack's damage isn't affected by Weakness or by any effects on your opponent's Active Pokémon.",[2M] Slicing Blade (100),Rx2,G-30,2
478233,Zacian V,Zacian V,https://tcgplayer-cdn.tcgplayer.com/product/478233_200w.jpg,3,17688,https://cpt.tcgcsv.com/HjR5,2023-06-29T07:11:53.677,1,,0.25,0.82,10.29,0.69,0.99,Holofoil,,Ultra Rare,095/159,Metal,220,Basic,"[M] Piercing Strike (40)
<br>This attack's damage isn't affected by Weakness or Resistance, or by any effects on your opponent's Active Pokémon.","[1MM] Behemoth Blade (100+)
<br>If your opponent's Active Pokémon is a Pokémon VMAX, this attack does 160 more damage.",Rx2,G-30,2
478234,Zamazenta,Zamazenta,https://tcgplayer-cdn.tcgplayer.com/product/478234_200w.jpg,3,17688,https://cpt.tcgcsv.com/JjR5,2025-01-05T04:18:05.92,1,"<strong>Ability — Metal Shield</strong>
<br>If this Pokémon has any Energy attached, it takes 30 less damage from attacks <em>(after applying Weakness and Resistance)</em>.",0.24,0.42,3.0,0.41,,Reverse Holofoil,,Holo Rare,097/159,Metal,130,Basic,"[1MM] Retaliate (100+)
<br>If any of your Pokémon were Knocked Out during your opponent's last turn, this attack does 120 more damage.",,Rx2,G-30,2
478234,Zamazenta,Zamazenta,https://tcgplayer-cdn.tcgplayer.com/product/478234_200w.jpg,3,17688,https://cpt.tcgcsv.com/JjR5,2025-01-05T04:18:05.92,1,"<strong>Ability — Metal Shield</strong>
<br>If this Pokémon has any Energy attached, it takes 30 less damage from attacks <em>(after applying Weakness and Resistance)</em>.",0.08,0.26,4.25,0.26,,Holofoil,,Holo Rare,097/159,Metal,130,Basic,"[1MM] Retaliate (100+)
<br>If any of your Pokémon were Knocked Out during your opponent's last turn, this attack does 120 more damage.",,Rx2,G-30,2
478235,Zamazenta V,Zamazenta V,https://tcgplayer-cdn.tcgplayer.com/product/478235_200w.jpg,3,17688,https://cpt.tcgcsv.com/KjR5,2023-01-20T14:25:15.467,1,"<strong>Ability — Regal Stance</strong>
<br>Once during your turn, you may discard your hand and draw 5 cards. If you use this Ability, your turn ends.",0.1,0.99,10.42,0.76,,Holofoil,,Ultra Rare,098/159,Metal,220,Basic,"[2M] Revenge Blast (120+)
<br>This attack does 30 more damage for each Prize card your opponent has taken.",,Rx2,G-30,2
478787,Code Card - Crown Zenith Booster Pack,Code Card Crown Zenith Booster Pack,https://tcgplayer-cdn.tcgplayer.com/product/478787_200w.jpg,3,17688,https://cpt.tcgcsv.com/MwR5,2023-03-31T16:02:21.807,1,"This listing is <strong>not</strong> a physical item. Please keep in mind that this <strong>Code Card</strong> listing represents a digital copy of the stated item for the Pokémon TCG Online <strong>and/or</strong> the Pokémon TCG Live games. You may receive the physical <strong>Code Card</strong>. Upon purchase, please work with your specific Seller by sending them a message using the <strong>Contact Seller</strong> button on the order details in your <a href=https://store.tcgplayer.com/myaccount/orderhistory>Order History</a> to opt in to having your <strong>Code Card</strong> code delivered digitally due to the nature of the product.",0.01,0.05,1.02,0.03,,Normal,,Code Card,,,,,,,,,
485423,Pikachu VMAX Special Collection Case,Pikachu VMAX Special Collection Case,https://tcgplayer-cdn.tcgplayer.com/product/485423_200w.jpg,3,17688,https://cpt.tcgcsv.com/tbV5,2023-02-28T17:44:54.367,1,"Each case includes 6 Pikachu VMAX Special Collections.
<br><br>
Includes five Crown Zenith booster packs, one etched promo card and one oversize promo card featuring Pikachu VMAX and one foil promo card featuring Pikachu V.",699.99,712.49,724.98,509.99,,Normal,820650871887,,,,,,,,,,
485432,Code Card - Pikachu VMAX Special Collection,Code Card Pikachu VMAX Special Collection,https://tcgplayer-cdn.tcgplayer.com/product/485432_200w.jpg,3,17688,https://cpt.tcgcsv.com/GbV5,2023-02-27T16:25:34.847,1,"This listing is <strong>not</strong> a physical item. Please keep in mind that this <strong>Code Card</strong> listing represents a digital copy of the stated item for the Pokémon TCG Online <strong>and/or</strong> the Pokémon TCG Live games. You may receive the physical <strong>Code Card</strong>. Upon purchase, please work with your specific Seller by sending them a message using the <strong>Contact Seller</strong> button on the order details in your <a href=https://store.tcgplayer.com/myaccount/orderhistory>Order History</a> to opt in to having your <strong>Code Card</strong> code delivered digitally due to the nature of the product.",0.02,0.1,1.05,0.06,,Normal,,Code Card,,,,,,,,,
490542,Crown Zenith Collection Case,Crown Zenith Collection Case,https://tcgplayer-cdn.tcgplayer.com/product/490542_200w.jpg,3,17688,https://cpt.tcgcsv.com/SdX5,2025-04-04T17:15:24.18,1,"Each Crown Zenith Collection Case contains 3 Crown Zenith Collection [Regidrago V] and 3 Crown Zenith Collection [Regieleki V]
<br><br>Two previously unknown Legendary Pokémon have awakened in the frozen tundra! Discover the power of the Lightning-type Regieleki or the Dragon-type Regidrago in these two collections. The star Pokémon appears as a ready-to-play foil promo card and an oversize card for display, accompanied by a foil card featuring its counterpart and a handful of booster packs from the special Pokémon TCG: Crown Zenith expansion.
<br>
Each Pokémon TCG: Crown Zenith Collection—Pokémon V includes:
<br>
• 1 foil promo card featuring Regieleki V or Regidrago V
<br>
• 1 foil card featuring Regidrago or Regieleki
<br>
• 1 foil oversize card featuring Regieleki V or Regidrago V
<br>
• 4 Pokémon TCG: Crown Zenith booster packs
<br>
• A code card for Pokémon TCG Live",,,,,,,820650871832,,,,,,,,,,
491050,Code Card - Crown Zenith Pokemon Center Elite Trainer Box Plus,Code Card Crown Zenith Pokemon Center Elite Trainer Box Plus,https://tcgplayer-cdn.tcgplayer.com/product/491050_200w.jpg,3,17688,https://cpt.tcgcsv.com/0rX5,2023-06-20T18:55:18.267,1,"This listing is <strong>not</strong> a physical item. Please keep in mind that this <strong>Code Card</strong> listing represents a digital copy of the stated item for the Pokémon TCG Online <strong>and/or</strong> the Pokémon TCG Live games. You may receive the physical <strong>Code Card</strong>. Upon purchase, please work with your specific Seller by sending them a message using the <strong>Contact Seller</strong> button on the order details in your <a href=https://store.tcgplayer.com/myaccount/orderhistory>Order History</a> to opt in to having your <strong>Code Card</strong> code delivered digitally due to the nature of the product.",0.99,1.8,5.0,1.82,,Normal,,Code Card,,,,,,,,,
505916,Crown Zenith Special Collection [Unown V & Lugia V],Crown Zenith Special Collection Unown V and Lugia V,https://tcgplayer-cdn.tcgplayer.com/product/505916_200w.jpg,3,17688,https://cpt.tcgcsv.com/ln36,2023-08-04T04:03:48.277,1,"Dive into the Unknown—with Two Pokémon V!
<br>Take a deep dive into the Crown Zenith expansion to find familiar faces and new surprises ready and waiting—and two Pokémon V at your side! In this collection, you’ll find the mysterious Unown V—can it spell out victory for you and your team? Meanwhile, Lugia V glides through the sky in both playable and display sizes to refresh your hand. You’ll also find a generous supply of Pokémon TCG: Crown Zenith booster packs, a cool Lugia pin, and more!
<br><br>
The Pokémon TCG: Crown Zenith Special Collection—Unown V & Lugia V Includes:

<br>• 1 foil promo card featuring Unown V
<br>• 1 foil promo card featuring Lugia V
<br>• 1 oversize promo card featuring Lugia V
<br>• 1 pin featuring Lugia
<br>• 1 metallic coin featuring Lugia
<br>• 5 Pokémon TCG: Crown Zenith booster packs
<br>• A code card for Pokémon TCG Live",80.0,100.0,200.0,81.67,,Normal,0820650851858,,,,,,,,,,
516939,Morpeko V-UNION Premium Treasures Collection,Morpeko V UNION Premium Treasures Collection,https://tcgplayer-cdn.tcgplayer.com/product/516939_200w.jpg,3,17688,https://cpt.tcgcsv.com/PN86,2025-01-23T20:50:59.043,1,"Marnie & Morpeko Unite — with Morpeko V-Union!
<br>
In sync with its Trainer Marnie and cheered on by Team Yell, Morpeko dashes into battle as a shockingly powerful Pokémon V-UNION! With the promo cards in this premium set, you'll have all the pieces needed to assemble Morpeko V-UNION and put its four attacks into action. You also get a colorful playmat featuring artwork of Morpeko and Marnie, plus a stack of booster packs from the special Pokémon TCG: Crown Zenith expansion to add to your collection.
<br>
The Pokémon TCG: Crown Zenith Collection— Morpeko V-Union Playmat Premium Collection includes:
<br>
• 4 etched promo cards that make up a single Morpeko V-UNION
<br>
• 1 oversize card featuring Morpeko V-UNION
<br>
• 1 helpful Supporter card featuring Professor Burnet
<br>
• 1 playmat featuring Marnie and Morpeko
<br>• 1 cool Morpeko pin
<br>
• 7 Pokémon TCG Crown Zenith booster packs
<br>
• A code card for Pokémon TCG Live",110.0,139.98,288.0,90.98,,Normal,,,,,,,,,,,
527562,Crown Zenith Booster Bundle,Crown Zenith Booster Bundle,https://tcgplayer-cdn.tcgplayer.com/product/527562_200w.jpg,3,17688,https://cpt.tcgcsv.com/g2f6,2024-07-17T12:46:21.457,1,"All-Stars from Galar, Hisui & Beyond! The legendary heroes Zacian and Zamazenta shine with new VSTAR Powers, and all-star assembly of Pokemon and Trainers arrive to celebrate the era of Pokemon V! Discover Dazzling special illustrations in the Galarian Gallery, and wield the strength of rare and powerful Pokemon, including Charizard as both a Pokemon VSTAR and Radiant Pokemon. Many more Pokemon have their own tales to tell in battle as the Sword & Shield Series reaches its towering peak in the Pokemon TCG: Crown Zenith expansion!
<br>• 6 Booster Packs
<br>• Expand your collection with this booster bundle",113.01,132.47,250.0,114.25,,Normal,,,,,,,,,,,
527796,Pikachu VMAX Premium Collection,Pikachu VMAX Premium Collection,https://tcgplayer-cdn.tcgplayer.com/product/527796_200w.jpg,3,17688,https://cpt.tcgcsv.com/X7f6,2024-01-26T20:30:02.203,2,"Get ready for a lightning storm of Gigantamax proportions in this premium collection featuring booster packs and more from the Pokemon TCG: Crown Zenith expansion! Appearing as a promo card in two sizes, Pikachu VMAX generates Energy with Tail Charge, then lets loose with a huge G-Max Thunder attack. You’ll also find Pikachu V so you can quickly get Pikachu VMAX into play. Set the power to maximum voltage—Pikachu VMAX wants to battle!
<br>• 1 etched foil promo card featuring Pikachu VMAX
<br>• 1 foil promo card featuring Pikachu V
<br>• 1 oversize promo card featuring Pikachu VMAX
<br>• 7 Pokemon TCG: Crown Zenith booster packs
<br>• 1 Pin Gigantamax Pikachu
<br>• A code card for Pokemon TCG Live",114.98,145.0,199.99,102.55,,Normal,,,,,,,,,,,
528226,Code Card - Pikachu VMAX Premium Collection,Code Card Pikachu VMAX Premium Collection,https://tcgplayer-cdn.tcgplayer.com/product/528226_200w.jpg,3,17688,https://cpt.tcgcsv.com/xjf6,2023-11-21T19:57:34.2,1,"This listing is <strong>not</strong> a physical item. Please keep in mind that this <strong>Code Card</strong> listing represents a digital copy of the stated item for the Pokémon TCG Online <strong>and/or</strong> the Pokémon TCG Live games. You may receive the physical <strong>Code Card</strong>. Upon purchase, please work with your specific Seller by sending them a message using the <strong>Contact Seller</strong> button on the order details in your <a href=https://store.tcgplayer.com/myaccount/orderhistory>Order History</a> to opt in to having your <strong>Code Card</strong> code delivered digitally due to the nature of the product.",0.23,0.92,5.25,0.99,,Normal,,Code Card,,,,,,,,,
529929,Code Card - Crown Zenith Special Collection [Unown V & Lugia V],Code Card Crown Zenith Special Collection Unown V and Lugia V,https://tcgplayer-cdn.tcgplayer.com/product/529929_200w.jpg,3,17688,https://cpt.tcgcsv.com/C-f6,2023-12-05T17:55:49.59,1,"This listing is <strong>not</strong> a physical item. Please keep in mind that this <strong>Code Card</strong> listing represents a digital copy of the stated item for the Pokémon TCG Online <strong>and/or</strong> the Pokémon TCG Live games. You may receive the physical <strong>Code Card</strong>. Upon purchase, please work with your specific Seller by sending them a message using the <strong>Contact Seller</strong> button on the order details in your <a href=https://store.tcgplayer.com/myaccount/orderhistory>Order History</a> to opt in to having your <strong>Code Card</strong> code delivered digitally due to the nature of the product.",0.18,0.43,1.99,0.42,,Normal,,Code Card,,,,,,,,,
563307,Sea & Sky Premium Collection,Sea and Sky Premium Collection,https://tcgplayer-cdn.tcgplayer.com/product/563307_200w.jpg,3,17688,https://cpt.tcgcsv.com/9lw6,2025-02-12T14:15:52.88,2,"Immerse yourself in the exciting world of Pokemon TCG with the Crown Zenith Premium Collection -Sea & Sky. This collection showcases the legendary powers of the Hoenn region, featuring all-stars from Galar, Hisui, and beyond. With this collection, you'll be able to channel the powers of the sea and sky, expanding your Pokemon TCG collection with dozens of new cards.
<br>The Crown Zenith Premium Collection -Sea & Sky comes with four ready-to-play foil cards featuring Rayquaza V, Kyogre V, Rayquaza, and Kyogre. These cards are not only a great addition to your collection but also a great way to enhance your gameplay. Plus, the collection includes an oversize foil version of Rayquaza V, perfect for display.
<br>
<br>• 1 foil promo card featuring Rayquaza V
<br>• 1 foil promo card featuring Kyogre V
<br>• 14 Pokemon TCG: Crown Zenith booster packs
<br>• A code card for Pokemon TCG Live",190.0,218.88,1000.0,193.2,,Normal,,,,,,,,,,,
583524,Code Card - Sea & Sky Premium Collection,Code Card Sea and Sky Premium Collection,https://tcgplayer-cdn.tcgplayer.com/product/583524_200w.jpg,3,17688,https://cpt.tcgcsv.com/vqH6,2024-09-24T19:03:01.577,1,"This listing is <strong>not</strong> a physical item. Please keep in mind that this <strong>Code Card</strong> listing represents a digital copy of the stated item for the Pokémon TCG Online <strong>and/or</strong> the Pokémon TCG Live games. You may receive the physical <strong>Code Card</strong>. Upon purchase, please work with your specific Seller by sending them a message using the <strong>Contact Seller</strong> button on the order details in your <a href=https://store.tcgplayer.com/myaccount/orderhistory>Order History</a> to opt in to having your <strong>Code Card</strong> code delivered digitally due to the nature of the product.",0.02,0.1,1.99,0.09,,Normal,,Code Card,,,,,,,,,
609238,Crown Zenith Booster Bundle Case,Crown Zenith Booster Bundle Case,https://tcgplayer-cdn.tcgplayer.com/product/609238_200w.jpg,3,17688,https://cpt.tcgcsv.com/NJT6,2025-06-24T13:46:09.887,1,"All-Stars from Galar, Hisui & Beyond! The legendary heroes Zacian and Zamazenta shine with new VSTAR Powers, and all-star assembly of Pokemon and Trainers arrive to celebrate the era of Pokemon V! Discover Dazzling special illustrations in the Galarian Gallery, and wield the strength of rare and powerful Pokemon, including Charizard as both a Pokemon VSTAR and Radiant Pokemon. Many more Pokemon have their own tales to tell in battle as the Sword & Shield Series reaches its towering peak in the Pokemon TCG: Crown Zenith expansion!
<br>• 20 Crown Zenith Booster Bundles
<br>• 6 Booster Packs
<br>• Expand your collection with this booster bundle",3199.99,5099.99,6999.99,2022.85,,Normal,,,,,,,,,,,
616290,Crown Zenith Tin Case,Crown Zenith Tin Case,https://tcgplayer-cdn.tcgplayer.com/product/616290_200w.jpg,3,17688,https://cpt.tcgcsv.com/QwX6,2025-04-03T15:10:26.383,1,"This case comes with 2 copies of the 3 different Tins. 
<br>Legendary Pokémon from Galar Charge into Battle!
<br>Three fearsome Legendary Pokémon have arrived from the Galar region! With their own unique type and powers, they’re forces to be reckoned with. Add this power to your Pokémon TCG collection and see for yourself! Will you choose the atrocious attitude of Galarian Articuno, the zippy zeal of Galarian Zapdos, or the malevolent malice of Galarian Moltres? Regardless of your choice, you’ll also find 5 booster packs from the special Pokémon TCG: Crown Zenith expansion and a code card for Pokémon TCG Live!
In this tin, you’ll find:
<br><br>• a full art promo card featuring: Galarian Articunos, Galarian Zapdos, or Galarian Moltres
<br>• 5 Pokémon TCG: Crown Zenith booster packs
<br>• A code card for Pokémon TCG Live",493.49,549.97,1499.0,449.99,,Normal,,,,,,,,,,,
631791,Crown Zenith Mini Tin Display Case,Crown Zenith Mini Tin Display Case,https://tcgplayer-cdn.tcgplayer.com/product/631791_200w.jpg,3,17688,https://cpt.tcgcsv.com/RK37,2025-05-14T15:15:39.81,0,"Each case contains 4 Crown Zenith Mini Tin Displays (for a total of 32 mini tins)!
<br>
 Each tin contains with two booster packs, a sticker sheet, and featured Pokemon art card.<br>
The five Trainers depicted on the Crown Zenith Mini Tins are Marnie, Hop, Leon, Sonia, and Bede, all of whom were introduced in Sword & Shield. The Crown Zenith set includes “signed” cards for Hop, Legon, and Bede.",,,,,,,,,,,,,,,,,
