productId,name,cleanName,imageUrl,categoryId,groupId,url,modifiedOn,imageCount,extNumber,extRarity,extCardType,extHP,extStage,extCardText,extAttack1,extWeakness,extResistance,extRetreatCost,lowPrice,midPrice,highPrice,marketPrice,directLowPrice,subTypeName,extAttack2
83683,Azumarill,Azumarill,https://tcgplayer-cdn.tcgplayer.com/product/83683_200w.jpg,3,1429,https://cpt.tcgcsv.com/HtH,2022-12-01T20:47:41.457,1,114/113,Secret Rare,Water,70,Stage 1,"<b>Poke-BODY</b> Thick Fat  
<br>Any damage done to Azumarill by attacks from Fire Pokemon and Water Pokemon is reduced by 30 <em>(after applying Weakness and Resistance).","[1WW] Bubblebeam (40) 
<br>Flip a coin.  If heads, the Defending Pokemon is now Paralyzed.",L,None,1,32.5,34.0,35.5,36.71,,Holofoil,
83687,Azumarill (Delta Species),Azumarill Delta Species,https://tcgplayer-cdn.tcgplayer.com/product/83687_200w.jpg,3,1429,https://cpt.tcgcsv.com/MtH,2024-04-11T18:09:41.71,1,19/113,Rare,Metal Water,80,Stage 1,,"[2] Bubblebeam (20) 
<br>Flip a coin.  If heads, the Defending Pokemon is now Paralyzed.",L,None,2,3.5,4.93,9.99,6.04,,Normal,[2W] Rolling Tackle (50)
83687,Azumarill (Delta Species),Azumarill Delta Species,https://tcgplayer-cdn.tcgplayer.com/product/83687_200w.jpg,3,1429,https://cpt.tcgcsv.com/MtH,2024-04-11T18:09:41.71,1,19/113,Rare,Metal Water,80,Stage 1,,"[2] Bubblebeam (20) 
<br>Flip a coin.  If heads, the Defending Pokemon is now Paralyzed.",L,None,2,14.99,32.49,49.99,20.22,,Reverse Holofoil,[2W] Rolling Tackle (50)
83689,Azurill,Azurill,https://tcgplayer-cdn.tcgplayer.com/product/83689_200w.jpg,3,1429,https://cpt.tcgcsv.com/PtH,2024-04-11T18:09:48.36,1,20/113,Rare,Colorless,50,Basic,"<b>Poke-POWER</b> Baby Evolution 
<br>Once during your turn (before your attack), you may put Marill from your hand onto Azurill (this counts as evolving Azurill) and remove all damage counters from Azurill.","[1] Type Match  
<br> Choose a basic Energy card in your hand and show it to your opponent.  Then, search your deck for a Basic Pokemon or Evolution card of that Energy type, show it to your opponent, and put it into your hand.  Shuffle your deck afterward.",F,None,1,3.68,5.99,9.11,5.0,,Normal,
83689,Azurill,Azurill,https://tcgplayer-cdn.tcgplayer.com/product/83689_200w.jpg,3,1429,https://cpt.tcgcsv.com/PtH,2024-04-11T18:09:48.36,1,20/113,Rare,Colorless,50,Basic,"<b>Poke-POWER</b> Baby Evolution 
<br>Once during your turn (before your attack), you may put Marill from your hand onto Azurill (this counts as evolving Azurill) and remove all damage counters from Azurill.","[1] Type Match  
<br> Choose a basic Energy card in your hand and show it to your opponent.  Then, search your deck for a Basic Pokemon or Evolution card of that Energy type, show it to your opponent, and put it into your hand.  Shuffle your deck afterward.",F,None,1,7.59,10.63,14.99,10.86,,Reverse Holofoil,
83703,Bagon - 057/113 (Delta Species),Bagon 057 113 Delta Species,https://tcgplayer-cdn.tcgplayer.com/product/83703_200w.jpg,3,1429,https://cpt.tcgcsv.com/5vH,2024-04-11T18:11:45.137,1,57/113,Common,Fire,50,Basic,,[1] Bite (10),C,FR,1,0.09,0.45,2.25,0.47,,Normal,
83703,Bagon - 057/113 (Delta Species),Bagon 057 113 Delta Species,https://tcgplayer-cdn.tcgplayer.com/product/83703_200w.jpg,3,1429,https://cpt.tcgcsv.com/5vH,2024-04-11T18:11:45.137,1,57/113,Common,Fire,50,Basic,,[1] Bite (10),C,FR,1,10.0,11.5,11.51,11.51,,Reverse Holofoil,
83704,Bagon - 058/113 (Delta Species),Bagon 058 113 Delta Species,https://tcgplayer-cdn.tcgplayer.com/product/83704_200w.jpg,3,1429,https://cpt.tcgcsv.com/6vH,2024-04-11T18:11:53.737,1,58/113,Common,Fire,50,Basic,,[1R] Ember (30) Discard a Fire Energy card attached to Bagon.,C,FR,1,0.2,0.6,4.96,0.66,0.6,Normal,
83704,Bagon - 058/113 (Delta Species),Bagon 058 113 Delta Species,https://tcgplayer-cdn.tcgplayer.com/product/83704_200w.jpg,3,1429,https://cpt.tcgcsv.com/6vH,2024-04-11T18:11:53.737,1,58/113,Common,Fire,50,Basic,,[1R] Ember (30) Discard a Fire Energy card attached to Bagon.,C,FR,1,2.89,3.45,4.0,14.42,,Reverse Holofoil,
83775,Beedrill (Delta Species),Beedrill Delta Species,https://tcgplayer-cdn.tcgplayer.com/product/83775_200w.jpg,3,1429,https://cpt.tcgcsv.com/wwH,2024-04-11T18:12:00.377,1,1/113,Holo Rare,Metal Grass,90,Stage 2,"<b>Poke-POWER</b> Final Sting 
<br>Once during your turn (before your attack), you may Knock Out Beedrill.  If you do, choose 1 of your opponent's Defending Pokemon.  That Pokemon is now Paralyzed and Poisoned.  Put 2 damage counters instead of 1 on that Pokemon between turns.  This power can't be used if Beedrill is affected by a Special Condition.","[1GM] Super Slash (50+)
<br>If the Defending Pokemon is an Evolved Pokemon, this attack does 50 damage plus 30 more damage.",R,None,0,59.99,59.99,69.99,25.12,,Holofoil,
83775,Beedrill (Delta Species),Beedrill Delta Species,https://tcgplayer-cdn.tcgplayer.com/product/83775_200w.jpg,3,1429,https://cpt.tcgcsv.com/wwH,2024-04-11T18:12:00.377,1,1/113,Holo Rare,Metal Grass,90,Stage 2,"<b>Poke-POWER</b> Final Sting 
<br>Once during your turn (before your attack), you may Knock Out Beedrill.  If you do, choose 1 of your opponent's Defending Pokemon.  That Pokemon is now Paralyzed and Poisoned.  Put 2 damage counters instead of 1 on that Pokemon between turns.  This power can't be used if Beedrill is affected by a Special Condition.","[1GM] Super Slash (50+)
<br>If the Defending Pokemon is an Evolved Pokemon, this attack does 50 damage plus 30 more damage.",R,None,0,19.0,21.44,39.1,27.08,,Reverse Holofoil,
83794,Beldum (Delta Species),Beldum Delta Species,https://tcgplayer-cdn.tcgplayer.com/product/83794_200w.jpg,3,1429,https://cpt.tcgcsv.com/VwH,2024-04-11T18:12:08.873,1,59/113,Common,Lightning,50,Basic,"<b>Poke-BODY</b> Conductive Body 
<br>As long as Beldum is your Active Pokemon, you pay 1 less to retreat Beldum for each Beldum on your Bench.",[1L] Take Down (30) Beldum does 10 damage to itself.,R,G,1,0.3,0.73,6.98,0.65,,Normal,
83794,Beldum (Delta Species),Beldum Delta Species,https://tcgplayer-cdn.tcgplayer.com/product/83794_200w.jpg,3,1429,https://cpt.tcgcsv.com/VwH,2024-04-11T18:12:08.873,1,59/113,Common,Lightning,50,Basic,"<b>Poke-BODY</b> Conductive Body 
<br>As long as Beldum is your Active Pokemon, you pay 1 less to retreat Beldum for each Beldum on your Bench.",[1L] Take Down (30) Beldum does 10 damage to itself.,R,G,1,8.6,9.65,12.0,9.8,,Reverse Holofoil,
84127,Castform,Castform,https://tcgplayer-cdn.tcgplayer.com/product/84127_200w.jpg,3,1429,https://cpt.tcgcsv.com/zGH,2024-04-11T18:12:14.383,1,34/113,Uncommon,Colorless,60,Basic,"<b>Poke-POWER</b> Temperamental Weather
<br>Once during your turn (before you attack), you may search your deck for Sunny Castform, Rain Castform, or Snow-cloud Castform and switch it with Castform.  <em>(Any cards attached to Castform, damage counters, Special Conditions, and effects on it are now on the new Pokemon.)</em>  Shuffle Castform back into your deck.  You can't use more than 1 Temperamental Weather Poke-Power each turn.","[1] Holon Draw 
<br>Draw a card.  If Castform has any Holon Energy cards attached to it, draw 2 more cards.",F,None,1,0.69,1.91,6.97,1.75,,Normal,
84127,Castform,Castform,https://tcgplayer-cdn.tcgplayer.com/product/84127_200w.jpg,3,1429,https://cpt.tcgcsv.com/zGH,2024-04-11T18:12:14.383,1,34/113,Uncommon,Colorless,60,Basic,"<b>Poke-POWER</b> Temperamental Weather
<br>Once during your turn (before you attack), you may search your deck for Sunny Castform, Rain Castform, or Snow-cloud Castform and switch it with Castform.  <em>(Any cards attached to Castform, damage counters, Special Conditions, and effects on it are now on the new Pokemon.)</em>  Shuffle Castform back into your deck.  You can't use more than 1 Temperamental Weather Poke-Power each turn.","[1] Holon Draw 
<br>Draw a card.  If Castform has any Holon Energy cards attached to it, draw 2 more cards.",F,None,1,10.75,13.97,25.0,12.33,,Reverse Holofoil,
84490,Crobat (Delta Species),Crobat Delta Species,https://tcgplayer-cdn.tcgplayer.com/product/84490_200w.jpg,3,1429,https://cpt.tcgcsv.com/QPH,2025-01-17T02:46:57.467,1,2/113,Holo Rare,Metal Grass,90,Stage 2,,"[2] Radar Jam (30) 
<br>Your opponent can't play any Trainer cards (except for Supporter cards) from his or her hand during your opponent's next turn.",P,,0,14.62,15.98,19.99,13.72,,Holofoil,"[1GM] Target Attack  
<br>Choose 1 of your opponent's Pokemon.  This attack does 40 damage to that Pokemon.  If that Pokemon already has damage counters on it, this attack does 60 damage instead. <i> (Don't apply Weakness and Resistance for Benched Pokemon.)</i>"
84490,Crobat (Delta Species),Crobat Delta Species,https://tcgplayer-cdn.tcgplayer.com/product/84490_200w.jpg,3,1429,https://cpt.tcgcsv.com/QPH,2025-01-17T02:46:57.467,1,2/113,Holo Rare,Metal Grass,90,Stage 2,,"[2] Radar Jam (30) 
<br>Your opponent can't play any Trainer cards (except for Supporter cards) from his or her hand during your opponent's next turn.",P,,0,14.97,20.96,27.6,22.23,14.98,Reverse Holofoil,"[1GM] Target Attack  
<br>Choose 1 of your opponent's Pokemon.  This attack does 40 damage to that Pokemon.  If that Pokemon already has damage counters on it, this attack does 60 damage instead. <i> (Don't apply Weakness and Resistance for Benched Pokemon.)</i>"
84533,Cubone,Cubone,https://tcgplayer-cdn.tcgplayer.com/product/84533_200w.jpg,3,1429,https://cpt.tcgcsv.com/HQH,2024-04-11T18:13:10.427,1,60/113,Common,Fighting,50,Basic,,[1] Beat (10),G,None,1,0.48,0.81,4.99,1.35,,Normal,"[2] Rage (10+) 
<br>Does 10 damage plus 10 more damage for each damage counter on Cubone."
84533,Cubone,Cubone,https://tcgplayer-cdn.tcgplayer.com/product/84533_200w.jpg,3,1429,https://cpt.tcgcsv.com/HQH,2024-04-11T18:13:10.427,1,60/113,Common,Fighting,50,Basic,,[1] Beat (10),G,None,1,3.97,3.97,3.97,9.73,,Reverse Holofoil,"[2] Rage (10+) 
<br>Does 10 damage plus 10 more damage for each damage counter on Cubone."
84686,Darkness Energy (Special),Darkness Energy Special,https://tcgplayer-cdn.tcgplayer.com/product/84686_200w.jpg,3,1429,https://cpt.tcgcsv.com/LTH,2022-12-01T20:46:08.863,1,103/113,Rare,Special Energy,,,"If the Pokemon Darkness Energy is attached to attacks, the attack does 10 more damage to the Active Pokemon (before applying Weakness and Resistance).  Ignore this effect unless the Attacking Pokemon is Darkness or has Dark in its name.  Darkness Energy provides Darkness Energy.  <em>(Doesn't count as a basic Energy card.)</em>",,,,,0.69,1.0,4.6,1.08,,Normal,
84686,Darkness Energy (Special),Darkness Energy Special,https://tcgplayer-cdn.tcgplayer.com/product/84686_200w.jpg,3,1429,https://cpt.tcgcsv.com/LTH,2022-12-01T20:46:08.863,1,103/113,Rare,Special Energy,,,"If the Pokemon Darkness Energy is attached to attacks, the attack does 10 more damage to the Active Pokemon (before applying Weakness and Resistance).  Ignore this effect unless the Attacking Pokemon is Darkness or has Dark in its name.  Darkness Energy provides Darkness Energy.  <em>(Doesn't count as a basic Energy card.)</em>",,,,,2.93,5.14,7.91,5.02,,Reverse Holofoil,
84832,Ditto,Ditto,https://tcgplayer-cdn.tcgplayer.com/product/84832_200w.jpg,3,1429,https://cpt.tcgcsv.com/GXH,2024-04-11T18:14:03.973,1,35/113,Uncommon,Colorless,60,Basic,"<b>Poke-POWER</b> Duplicate 
<br>Once during your turn (before your attack), you may search your deck for another Ditto and switch it with Ditto.  <em>(Any cards attached to Ditto, damage counters, Special Conditions, and effects on it are now on the new Pokemon.)</em>  If you do, put Ditto on top of your deck.  Shuffle your deck afterward.  You can't use more than 1 Duplicate Poke-Power each turn.","[1] Energy Link (10) 
<br>Search your discard pile for an Energy card and attach it to Ditto.",F,,1,30.0,34.04,41.91,31.22,,Normal,
84832,Ditto,Ditto,https://tcgplayer-cdn.tcgplayer.com/product/84832_200w.jpg,3,1429,https://cpt.tcgcsv.com/GXH,2024-04-11T18:14:03.973,1,35/113,Uncommon,Colorless,60,Basic,"<b>Poke-POWER</b> Duplicate 
<br>Once during your turn (before your attack), you may search your deck for another Ditto and switch it with Ditto.  <em>(Any cards attached to Ditto, damage counters, Special Conditions, and effects on it are now on the new Pokemon.)</em>  If you do, put Ditto on top of your deck.  Shuffle your deck afterward.  You can't use more than 1 Duplicate Poke-Power each turn.","[1] Energy Link (10) 
<br>Search your discard pile for an Energy card and attach it to Ditto.",F,,1,50.0,50.0,50.0,54.5,,Reverse Holofoil,
84833,Ditto (Bulbasaur),Ditto Bulbasaur,https://tcgplayer-cdn.tcgplayer.com/product/84833_200w.jpg,3,1429,https://cpt.tcgcsv.com/HXH,2024-04-11T18:16:02.607,1,36/113,Uncommon,Grass,60,Basic,"<b>Poke-POWER</b> Duplicate 
<br>Once during your turn <em>(before your attack)</em>, you may search your deck for another Ditto and switch it with Ditto. <em> (Any cards attached to Ditto, damage counters, Special Conditions, and effects on it are now on the new Pokemon.) </em> If you do, put Ditto on top of your deck.  Shuffle your deck afterward.  You can't use more than 1 Duplicate Poke-Power each turn.","[1G] Toxic 
<br>The Defending Pokemon is now Poisoned.  Put 2 damage counters instead of 1 on the Defending Pokemon between turns.",R,None,1,50.8,61.97,118.99,55.85,61.97,Normal,
84833,Ditto (Bulbasaur),Ditto Bulbasaur,https://tcgplayer-cdn.tcgplayer.com/product/84833_200w.jpg,3,1429,https://cpt.tcgcsv.com/HXH,2024-04-11T18:16:02.607,1,36/113,Uncommon,Grass,60,Basic,"<b>Poke-POWER</b> Duplicate 
<br>Once during your turn <em>(before your attack)</em>, you may search your deck for another Ditto and switch it with Ditto. <em> (Any cards attached to Ditto, damage counters, Special Conditions, and effects on it are now on the new Pokemon.) </em> If you do, put Ditto on top of your deck.  Shuffle your deck afterward.  You can't use more than 1 Duplicate Poke-Power each turn.","[1G] Toxic 
<br>The Defending Pokemon is now Poisoned.  Put 2 damage counters instead of 1 on the Defending Pokemon between turns.",R,None,1,114.01,119.48,124.95,127.73,,Reverse Holofoil,
84834,Ditto - 037/113 (Charmander),Ditto 037 113 Charmander,https://tcgplayer-cdn.tcgplayer.com/product/84834_200w.jpg,3,1429,https://cpt.tcgcsv.com/JXH,2024-04-11T18:14:09.977,1,37/113,Uncommon,Fire,60,Basic,"<b>Poke-POWER</b> Duplicate
<br>Once during your turn (before your attack), you may search your deck for another Ditto and switch it with Ditto.  (Any cards attached to Ditto, damage counters, Special Conditions, and effects on it are now on the new Pokemon.)  If you do, put Ditto on top of your deck.  Shuffle your deck afterward.  You can't use more than 1 Duplicate Poke-Power each turn.  (Poke-POWER)","[2] Rage (10+) 
<br>Does 10 damage plus 10 more damage for each damage counter on Ditto.",W,None,1,23.62,25.43,29.99,26.88,,Normal,
84834,Ditto - 037/113 (Charmander),Ditto 037 113 Charmander,https://tcgplayer-cdn.tcgplayer.com/product/84834_200w.jpg,3,1429,https://cpt.tcgcsv.com/JXH,2024-04-11T18:14:09.977,1,37/113,Uncommon,Fire,60,Basic,"<b>Poke-POWER</b> Duplicate
<br>Once during your turn (before your attack), you may search your deck for another Ditto and switch it with Ditto.  (Any cards attached to Ditto, damage counters, Special Conditions, and effects on it are now on the new Pokemon.)  If you do, put Ditto on top of your deck.  Shuffle your deck afterward.  You can't use more than 1 Duplicate Poke-Power each turn.  (Poke-POWER)","[2] Rage (10+) 
<br>Does 10 damage plus 10 more damage for each damage counter on Ditto.",W,None,1,78.0,109.99,203.98,61.02,,Reverse Holofoil,
84835,Ditto - 038/113 (Mr. Mime),Ditto 038 113 Mr Mime,https://tcgplayer-cdn.tcgplayer.com/product/84835_200w.jpg,3,1429,https://cpt.tcgcsv.com/KXH,2024-04-11T18:14:53.127,1,38/113,Uncommon,Psychic,60,Basic,"<b>Poke-POWER</b> Duplicate 
<br>Once during your turn (before your attack), you may search your deck for another Ditto and switch it with Ditto.  <em>(Any cards attached to Ditto, damage counters, Special Conditions, and effects on it are now on the new Pokemon.)</em>  If you do, put Ditto on top of your deck.  Shuffle your deck afterward.  You can't use more than 1 Duplicate Poke-Power each turn.","[1] Copy 
<br>Choose 1 of the Defending Pokemon's attacks.  Copy copies that attack.  This attack does nothing if Ditto doesn't have the Energy necessary to use that attack. <i> (You must still do anything else required for that attack.) </i>Ditto performs that attack.",P,None,1,18.0,20.35,45.99,21.34,,Normal,
84835,Ditto - 038/113 (Mr. Mime),Ditto 038 113 Mr Mime,https://tcgplayer-cdn.tcgplayer.com/product/84835_200w.jpg,3,1429,https://cpt.tcgcsv.com/KXH,2024-04-11T18:14:53.127,1,38/113,Uncommon,Psychic,60,Basic,"<b>Poke-POWER</b> Duplicate 
<br>Once during your turn (before your attack), you may search your deck for another Ditto and switch it with Ditto.  <em>(Any cards attached to Ditto, damage counters, Special Conditions, and effects on it are now on the new Pokemon.)</em>  If you do, put Ditto on top of your deck.  Shuffle your deck afterward.  You can't use more than 1 Duplicate Poke-Power each turn.","[1] Copy 
<br>Choose 1 of the Defending Pokemon's attacks.  Copy copies that attack.  This attack does nothing if Ditto doesn't have the Energy necessary to use that attack. <i> (You must still do anything else required for that attack.) </i>Ditto performs that attack.",P,None,1,30.0,48.69,50.0,46.16,,Reverse Holofoil,
84836,Ditto - 039/113 (Pikachu),Ditto 039 113 Pikachu,https://tcgplayer-cdn.tcgplayer.com/product/84836_200w.jpg,3,1429,https://cpt.tcgcsv.com/LXH,2024-04-11T18:14:59.697,1,39/113,Uncommon,Lightning,60,Basic,"<b>Poke-POWER</b> Duplicate 
<br>Once during your turn (before your attack), you may search your deck for another Ditto and switch it with Ditto.  <em>(Any cards attached to Ditto, damage counters, Special Conditions, and effects on it are now on the new Pokemon.)</em>  If you do, put Ditto on top of your deck.  Shuffle your deck afterward.  You can't use more than 1 Duplicate Poke-Power each turn.  (Poke-POWER)",[1L] Thunderbolt (40) Discard all Energy cards attached to Ditto.,F,,1,25.0,46.43,53.99,44.51,,Normal,
84836,Ditto - 039/113 (Pikachu),Ditto 039 113 Pikachu,https://tcgplayer-cdn.tcgplayer.com/product/84836_200w.jpg,3,1429,https://cpt.tcgcsv.com/LXH,2024-04-11T18:14:59.697,1,39/113,Uncommon,Lightning,60,Basic,"<b>Poke-POWER</b> Duplicate 
<br>Once during your turn (before your attack), you may search your deck for another Ditto and switch it with Ditto.  <em>(Any cards attached to Ditto, damage counters, Special Conditions, and effects on it are now on the new Pokemon.)</em>  If you do, put Ditto on top of your deck.  Shuffle your deck afterward.  You can't use more than 1 Duplicate Poke-Power each turn.  (Poke-POWER)",[1L] Thunderbolt (40) Discard all Energy cards attached to Ditto.,F,,1,49.99,61.51,62.0,87.0,,Reverse Holofoil,
84837,Ditto - 040/113 (Squirtle),Ditto 040 113 Squirtle,https://tcgplayer-cdn.tcgplayer.com/product/84837_200w.jpg,3,1429,https://cpt.tcgcsv.com/MXH,2024-04-11T18:15:39.833,1,40/113,Uncommon,Water,60,Basic,"<b>Poke-POWER</b> Duplicate 
<br>Once during your turn (before your attack), you may search your deck for another Ditto and switch it with Ditto.  <em>(Any cards attached to Ditto, damage counters, Special Conditions, and effects on it are now on the new Pokemon.)</em>  If you do, put Ditto on top of your deck.  Shuffle your deck afterward.  You can't use more than 1 Duplicate Poke-Power each turn.","[1W] Smash Turn (20) 
<br>After your attack, you may switch Ditto with 1 of your Benched Pokemon.",L,None,1,48.48,50.83,79.41,47.69,,Normal,
84837,Ditto - 040/113 (Squirtle),Ditto 040 113 Squirtle,https://tcgplayer-cdn.tcgplayer.com/product/84837_200w.jpg,3,1429,https://cpt.tcgcsv.com/MXH,2024-04-11T18:15:39.833,1,40/113,Uncommon,Water,60,Basic,"<b>Poke-POWER</b> Duplicate 
<br>Once during your turn (before your attack), you may search your deck for another Ditto and switch it with Ditto.  <em>(Any cards attached to Ditto, damage counters, Special Conditions, and effects on it are now on the new Pokemon.)</em>  If you do, put Ditto on top of your deck.  Shuffle your deck afterward.  You can't use more than 1 Duplicate Poke-Power each turn.","[1W] Smash Turn (20) 
<br>After your attack, you may switch Ditto with 1 of your Benched Pokemon.",L,None,1,49.45,49.45,49.45,90.0,,Reverse Holofoil,
84838,Ditto - 61/113 (Charmander),Ditto 61 113 Charmander,https://tcgplayer-cdn.tcgplayer.com/product/84838_200w.jpg,3,1429,https://cpt.tcgcsv.com/NXH,2024-04-11T18:15:46.153,1,061/113,Common,Fire,60,Basic,"<b>Poke-POWER</b> Duplicate 
<br>Once during your turn (before your attack), you may search your deck for another Ditto and switch it with Ditto. <em> (Any cards attached to Ditto, damage counters, Special Conditions, and effects on it are now on the new Pokemon.)</em>  If you do, put Ditto on top of your deck.  Shuffle your deck afterward.  You can't use more than 1 Duplicate Poke-Power each turn.","[1R] Fireworks (30) 
<br>Flip a coin.  If tails, discard a R Energy card attached to Ditto.",W,None,1,12.6,15.48,26.56,18.42,,Normal,
84838,Ditto - 61/113 (Charmander),Ditto 61 113 Charmander,https://tcgplayer-cdn.tcgplayer.com/product/84838_200w.jpg,3,1429,https://cpt.tcgcsv.com/NXH,2024-04-11T18:15:46.153,1,061/113,Common,Fire,60,Basic,"<b>Poke-POWER</b> Duplicate 
<br>Once during your turn (before your attack), you may search your deck for another Ditto and switch it with Ditto. <em> (Any cards attached to Ditto, damage counters, Special Conditions, and effects on it are now on the new Pokemon.)</em>  If you do, put Ditto on top of your deck.  Shuffle your deck afterward.  You can't use more than 1 Duplicate Poke-Power each turn.","[1R] Fireworks (30) 
<br>Flip a coin.  If tails, discard a R Energy card attached to Ditto.",W,None,1,44.0,104.5,165.0,118.23,,Reverse Holofoil,
84839,Ditto (Geodude),Ditto Geodude,https://tcgplayer-cdn.tcgplayer.com/product/84839_200w.jpg,3,1429,https://cpt.tcgcsv.com/PXH,2024-04-11T18:16:06.793,1,62/113,Common,Fighting,60,Basic,"<b>Poke-POWER</b> Duplicate 
<br>Once during your turn (before your attack), you may search your deck for another Ditto and switch it with Ditto. <em> (Any cards attached to Ditto, damage counters, Special Conditions, and effects on it are now on the new Pokemon.)</em>  If you do, put Ditto on top of your deck.  Shuffle your deck afterward.  You can't use more than 1 Duplicate Poke-Power each turn.","[1L] Linear Attack 
<br>Choose 1 of your opponent's Pokemon.  This attack does 20 damage to that Pokemon.  <i>(Don't apply Weakness and Resistance for Benched Pokemon).",W,None,1,5.99,13.5,19.99,9.12,,Normal,
84840,Ditto - 63/113 (Pikachu),Ditto 63 113 Pikachu,https://tcgplayer-cdn.tcgplayer.com/product/84840_200w.jpg,3,1429,https://cpt.tcgcsv.com/QXH,2024-04-11T18:15:52.143,1,063/113,Common,Lightning,60,Basic,"<b>Poke-POWER</b> Duplicate 
<br>Once during your turn (before your attack), you may search your deck for another Ditto and switch it with Ditto. <em> (Any cards attached to Ditto, damage counters, Special Conditions, and effects on it are now on the new Pokemon.) </em>If you do, put Ditto on top of your deck.  Shuffle your deck afterward.  You can't use more than 1 Duplicate Poke-Power each turn.","[1L] Thundershock (20) 
<br>Flip a coin.  If heads, the Defending Pokemon is now Paralyzed.",F,None,1,25.9,35.99,99.99,27.72,,Normal,
84840,Ditto - 63/113 (Pikachu),Ditto 63 113 Pikachu,https://tcgplayer-cdn.tcgplayer.com/product/84840_200w.jpg,3,1429,https://cpt.tcgcsv.com/QXH,2024-04-11T18:15:52.143,1,063/113,Common,Lightning,60,Basic,"<b>Poke-POWER</b> Duplicate 
<br>Once during your turn (before your attack), you may search your deck for another Ditto and switch it with Ditto. <em> (Any cards attached to Ditto, damage counters, Special Conditions, and effects on it are now on the new Pokemon.) </em>If you do, put Ditto on top of your deck.  Shuffle your deck afterward.  You can't use more than 1 Duplicate Poke-Power each turn.","[1L] Thundershock (20) 
<br>Flip a coin.  If heads, the Defending Pokemon is now Paralyzed.",F,None,1,275.0,275.0,275.0,108.12,,Reverse Holofoil,
84841,Ditto - 64/113 (Squirtle),Ditto 64 113 Squirtle,https://tcgplayer-cdn.tcgplayer.com/product/84841_200w.jpg,3,1429,https://cpt.tcgcsv.com/RXH,2024-04-11T18:15:56.91,1,064/113,Common,Water,60,Basic,"<b>Poke-POWER</b> Duplicate
<br>Once during your turn (before your attack), you may search your deck for another Ditto and switch it with Ditto. <em> (Any cards attached to Ditto, damage counters, Special Conditions, and effects on it are now on the new Pokemon.)</em>  If you do, put Ditto on top of your deck.  Shuffle your deck afterward.  You can't use more than 1 Duplicate Poke-Power each turn.","[1W] Spiral Drain (20) 
<br>Remove 3 damage counters from Ditto <i>(all if there are less than 3).</i>",L,None,1,16.78,20.0,31.8,22.06,,Normal,
84841,Ditto - 64/113 (Squirtle),Ditto 64 113 Squirtle,https://tcgplayer-cdn.tcgplayer.com/product/84841_200w.jpg,3,1429,https://cpt.tcgcsv.com/RXH,2024-04-11T18:15:56.91,1,064/113,Common,Water,60,Basic,"<b>Poke-POWER</b> Duplicate
<br>Once during your turn (before your attack), you may search your deck for another Ditto and switch it with Ditto. <em> (Any cards attached to Ditto, damage counters, Special Conditions, and effects on it are now on the new Pokemon.)</em>  If you do, put Ditto on top of your deck.  Shuffle your deck afterward.  You can't use more than 1 Duplicate Poke-Power each turn.","[1W] Spiral Drain (20) 
<br>Remove 3 damage counters from Ditto <i>(all if there are less than 3).</i>",L,None,1,71.28,93.41,181.0,65.23,,Reverse Holofoil,
84905,Dragonair - 41/113 (Delta Species),Dragonair 41 113 Delta Species,https://tcgplayer-cdn.tcgplayer.com/product/84905_200w.jpg,3,1429,https://cpt.tcgcsv.com/7-H,2024-04-11T18:16:11.133,1,041/113,Uncommon,Lightning,70,Stage 1,,"[2] Slam (20x) 
<br>Flip 2 coins.  This attack does 20 damage times the number of heads.",C,FG,1,2.12,3.76,12.0,3.22,7.97,Normal,[2L] Dragon Rage (40)
84905,Dragonair - 41/113 (Delta Species),Dragonair 41 113 Delta Species,https://tcgplayer-cdn.tcgplayer.com/product/84905_200w.jpg,3,1429,https://cpt.tcgcsv.com/7-H,2024-04-11T18:16:11.133,1,041/113,Uncommon,Lightning,70,Stage 1,,"[2] Slam (20x) 
<br>Flip 2 coins.  This attack does 20 damage times the number of heads.",C,FG,1,44.99,45.95,56.3,33.05,,Reverse Holofoil,[2L] Dragon Rage (40)
84906,Dragonair - 42/113 (Delta Species),Dragonair 42 113 Delta Species,https://tcgplayer-cdn.tcgplayer.com/product/84906_200w.jpg,3,1429,https://cpt.tcgcsv.com/8-H,2024-04-11T18:16:16.143,1,042/113,Uncommon,Lightning,70,Stage 1,,"[1L] Twister (20) 
<br>Flip 2 coins.  If both are tails, this attack does nothing.  For each heads, discard an Energy attached to the Defending Pokemon.",C,FG,2,3.05,4.0,5.5,4.73,,Normal,
84906,Dragonair - 42/113 (Delta Species),Dragonair 42 113 Delta Species,https://tcgplayer-cdn.tcgplayer.com/product/84906_200w.jpg,3,1429,https://cpt.tcgcsv.com/8-H,2024-04-11T18:16:16.143,1,042/113,Uncommon,Lightning,70,Stage 1,,"[1L] Twister (20) 
<br>Flip 2 coins.  If both are tails, this attack does nothing.  For each heads, discard an Energy attached to the Defending Pokemon.",C,FG,2,14.99,50.0,50.66,25.64,,Reverse Holofoil,
84917,Dragonite (Delta Species),Dragonite Delta Species,https://tcgplayer-cdn.tcgplayer.com/product/84917_200w.jpg,3,1429,https://cpt.tcgcsv.com/m-H,2024-04-11T18:16:23.117,1,3/113,Holo Rare,Metal Lightning,100,Stage 2,"<b>Poke-POWER</b> Delta Charge  
<br>Once during your turn <em>(before your attack)</em>, you may attach a Lightning Energy card from your discard pile to 1 of your Benched Pokemon.  This power can't be used if Dragonite is affected by a Special Condition.","[1L] Agility (30) 
<br>Flip a coin.  If heads, prevent all effects of an attack, including damage, done to Dragonite during your opponent's next turn.",C,FG,2,40.0,85.5,184.69,140.94,,Holofoil,[2LM] Heavy Impact (70)
84917,Dragonite (Delta Species),Dragonite Delta Species,https://tcgplayer-cdn.tcgplayer.com/product/84917_200w.jpg,3,1429,https://cpt.tcgcsv.com/m-H,2024-04-11T18:16:23.117,1,3/113,Holo Rare,Metal Lightning,100,Stage 2,"<b>Poke-POWER</b> Delta Charge  
<br>Once during your turn <em>(before your attack)</em>, you may attach a Lightning Energy card from your discard pile to 1 of your Benched Pokemon.  This power can't be used if Dragonite is affected by a Special Condition.","[1L] Agility (30) 
<br>Flip a coin.  If heads, prevent all effects of an attack, including damage, done to Dragonite during your opponent's next turn.",C,FG,2,124.98,334.29,399.95,251.48,,Reverse Holofoil,[2LM] Heavy Impact (70)
84940,Dratini - 065/113 (Delta Species),Dratini 065 113 Delta Species,https://tcgplayer-cdn.tcgplayer.com/product/84940_200w.jpg,3,1429,https://cpt.tcgcsv.com/Q-H,2024-04-11T18:16:28.773,1,65/113,Common,Lightning,50,Basic,,[1] Hook (10),C,FG,1,0.48,1.06,501.5,1.07,,Normal,"[1L] Thunder Jolt (30) 
<br>Flip a coin.  If tails, Dratini does 10 damage to itself."
84940,Dratini - 065/113 (Delta Species),Dratini 065 113 Delta Species,https://tcgplayer-cdn.tcgplayer.com/product/84940_200w.jpg,3,1429,https://cpt.tcgcsv.com/Q-H,2024-04-11T18:16:28.773,1,65/113,Common,Lightning,50,Basic,,[1] Hook (10),C,FG,1,24.99,28.69,30.0,16.56,,Reverse Holofoil,"[1L] Thunder Jolt (30) 
<br>Flip a coin.  If tails, Dratini does 10 damage to itself."
84941,Dratini - 066/113 (Delta Species),Dratini 066 113 Delta Species,https://tcgplayer-cdn.tcgplayer.com/product/84941_200w.jpg,3,1429,https://cpt.tcgcsv.com/R-H,2024-04-11T18:16:35.88,1,66/113,Common,Lightning,50,Basic,,"[L] Thunder Wave (10)
<br>Flip a coin.  If heads, the Defending Pokemon is now Paralyzed.",C,FG,1,0.97,2.21,4.99,2.05,,Normal,
84941,Dratini - 066/113 (Delta Species),Dratini 066 113 Delta Species,https://tcgplayer-cdn.tcgplayer.com/product/84941_200w.jpg,3,1429,https://cpt.tcgcsv.com/R-H,2024-04-11T18:16:35.88,1,66/113,Common,Lightning,50,Basic,,"[L] Thunder Wave (10)
<br>Flip a coin.  If heads, the Defending Pokemon is now Paralyzed.",C,FG,1,18.42,23.99,38.03,25.35,,Reverse Holofoil,
84975,Drowzee,Drowzee,https://tcgplayer-cdn.tcgplayer.com/product/84975_200w.jpg,3,1429,https://cpt.tcgcsv.com/w_H,2024-04-11T18:16:41.063,1,67/113,Common,Psychic,50,Basic,,"[P] Disable 
<br>Choose 1 of the Defending Pokemon's attacks.  That Pokemon can't use that attack during your opponent's next turn.",P,,1,0.38,1.69,5.0,1.72,,Normal,[2] Headbutt (20)
84986,Dual Ball,Dual Ball,https://tcgplayer-cdn.tcgplayer.com/product/84986_200w.jpg,3,1429,https://cpt.tcgcsv.com/L_H,2024-04-11T18:16:43.947,1,89/113,Uncommon,Item,,,"Flip 2 coins.  For each heads, search your deck for a Basic Pokemon card, show it to your opponent, and put it into your hand.  Shuffle your deck afterward.",,,,,0.1,0.44,1.99,0.45,,Normal,
84986,Dual Ball,Dual Ball,https://tcgplayer-cdn.tcgplayer.com/product/84986_200w.jpg,3,1429,https://cpt.tcgcsv.com/L_H,2024-04-11T18:16:43.947,1,89/113,Uncommon,Item,,,"Flip 2 coins.  For each heads, search your deck for a Basic Pokemon card, show it to your opponent, and put it into your hand.  Shuffle your deck afterward.",,,,,1.75,2.64,4.8,2.42,4.0,Reverse Holofoil,
85082,Eevee - 069/113,Eevee 069 113,https://tcgplayer-cdn.tcgplayer.com/product/85082_200w.jpg,3,1429,https://cpt.tcgcsv.com/G2J,2024-04-11T18:16:52.71,1,69/113,Common,Colorless,50,Basic,,"[1] Call for Family 
<br>Search your deck for a Basic Pokemon and put it onto your Bench.  Shuffle your deck afterward.",F,None,1,3.69,5.54,26.97,5.39,,Normal,[2] Rear Kick (20)
85082,Eevee - 069/113,Eevee 069 113,https://tcgplayer-cdn.tcgplayer.com/product/85082_200w.jpg,3,1429,https://cpt.tcgcsv.com/G2J,2024-04-11T18:16:52.71,1,69/113,Common,Colorless,50,Basic,,"[1] Call for Family 
<br>Search your deck for a Basic Pokemon and put it onto your Bench.  Shuffle your deck afterward.",F,None,1,52.91,54.95,87.0,40.59,,Reverse Holofoil,[2] Rear Kick (20)
85097,Eevee - 068/113,Eevee 068 113,https://tcgplayer-cdn.tcgplayer.com/product/85097_200w.jpg,3,1429,https://cpt.tcgcsv.com/Z2J,2024-04-11T18:16:47.623,1,68/113,Common,Metal,50,Basic,,"[1] Metal Scoop (10) 
<br>Search your discard pile for a Metal Energy card and attach it to Eevee.",F,None,1,3.47,4.93,53.13,4.57,,Normal,
85097,Eevee - 068/113,Eevee 068 113,https://tcgplayer-cdn.tcgplayer.com/product/85097_200w.jpg,3,1429,https://cpt.tcgcsv.com/Z2J,2024-04-11T18:16:47.623,1,68/113,Common,Metal,50,Basic,,"[1] Metal Scoop (10) 
<br>Search your discard pile for a Metal Energy card and attach it to Eevee.",F,None,1,50.0,59.4,75.0,49.99,,Reverse Holofoil,
85327,Espeon (Delta Species),Espeon Delta Species,https://tcgplayer-cdn.tcgplayer.com/product/85327_200w.jpg,3,1429,https://cpt.tcgcsv.com/z8J,2024-04-11T18:16:58.383,1,4/113,Holo Rare,Metal Psychic,70,Stage 1,"<b>Poke-POWER</b> Delta Heal 
<br>Once during your turn <em>(before your attack)</em>, you may remove 1 damage counter from each of your Pokemon that has Delta Species symbol on its card.  You can't use more than 1 Delta Heal Poke-Power each turn.  This power can't be used if Espeon is affected by a Special Condition.","[MP] Psyshock (30) 
<br>Flip a coin.  If heads, the Defending Pokemon is now Paralyzed.",P,None,1,149.98,216.6,379.99,120.06,,Holofoil,
85327,Espeon (Delta Species),Espeon Delta Species,https://tcgplayer-cdn.tcgplayer.com/product/85327_200w.jpg,3,1429,https://cpt.tcgcsv.com/z8J,2024-04-11T18:16:58.383,1,4/113,Holo Rare,Metal Psychic,70,Stage 1,"<b>Poke-POWER</b> Delta Heal 
<br>Once during your turn <em>(before your attack)</em>, you may remove 1 damage counter from each of your Pokemon that has Delta Species symbol on its card.  You can't use more than 1 Delta Heal Poke-Power each turn.  This power can't be used if Espeon is affected by a Special Condition.","[MP] Psyshock (30) 
<br>Flip a coin.  If heads, the Defending Pokemon is now Paralyzed.",P,None,1,273.8,273.8,273.8,189.99,,Reverse Holofoil,
85501,Flareon (Delta Species),Flareon Delta Species,https://tcgplayer-cdn.tcgplayer.com/product/85501_200w.jpg,3,1429,https://cpt.tcgcsv.com/2dJ,2024-04-11T18:17:44.693,1,5/113,Holo Rare,Metal Fire,70,Stage 1,,"[1] Delta Search (10) 
<br>Search your deck for a Holon Energy card and attach it to Flareon.  Shuffle your deck afterward.",W,,1,97.89,124.45,149.99,97.44,,Holofoil,"[1MR] Return Burn (50) 
<br>You may return an Energy card to your hand.  If you do, the Defending Pokemon is now Burned."
85501,Flareon (Delta Species),Flareon Delta Species,https://tcgplayer-cdn.tcgplayer.com/product/85501_200w.jpg,3,1429,https://cpt.tcgcsv.com/2dJ,2024-04-11T18:17:44.693,1,5/113,Holo Rare,Metal Fire,70,Stage 1,,"[1] Delta Search (10) 
<br>Search your deck for a Holon Energy card and attach it to Flareon.  Shuffle your deck afterward.",W,,1,100.0,175.0,281.7,175.9,,Reverse Holofoil,"[1MR] Return Burn (50) 
<br>You may return an Energy card to your hand.  If you do, the Defending Pokemon is now Burned."
85505,Flareon ex,Flareon ex,https://tcgplayer-cdn.tcgplayer.com/product/85505_200w.jpg,3,1429,https://cpt.tcgcsv.com/7dJ,2022-12-01T20:46:47.027,1,108/113,Ultra Rare,Fire,110,Stage 1,"<b>Poke-POWER</b> Evolutionary Flame 
<br>Once during your turn, when you play Flareon ex from your hand to evolve 1 of your Pokemon, you may choose 1 of the Defending Pokemon.  That Pokemon is now Burned and Confused.","[1R] Flame Screen (30) 
<br>During your opponent's next turn, any damage done to Flareon ex by attacks is reduced by 20 <i>(after applying Weakness and Resistance).</i>",W,None,1,114.2,164.99,249.0,169.99,,Holofoil,"[2R] Heat Tackle (70) 
<br>Flareon ex does 10 damage to itself."
85640,Gardevoir (Delta Species),Gardevoir Delta Species,https://tcgplayer-cdn.tcgplayer.com/product/85640_200w.jpg,3,1429,https://cpt.tcgcsv.com/QgJ,2024-04-11T18:18:44.123,1,6/113,Holo Rare,Metal Psychic,100,Stage 2,"<b>Poke-POWER</b>Energy Jump 
<br>Once during your turn <em>(before your attack)</em>, you may move an Energy card attached to 1 of your Pokemon to another of your Pokemon.  This power can't be used if Gardevoir is affected by a Special Condition.","[1M] Psychic Rage 
<br>Choose 1 of your opponent's Pokemon.  This attack does 10 damage for each damage counter on Gardevoir to that Pokemon.  <i>(Don't apply Weakness and Resistance for Benched Pokemon.)</i>",P,None,2,63.32,72.9,94.3,71.99,,Holofoil,"[2P] Black Magic (10+) 
<br>Does 10 damage plus 20 more damage times the number of your opponent's Benched Pokemon."
85640,Gardevoir (Delta Species),Gardevoir Delta Species,https://tcgplayer-cdn.tcgplayer.com/product/85640_200w.jpg,3,1429,https://cpt.tcgcsv.com/QgJ,2024-04-11T18:18:44.123,1,6/113,Holo Rare,Metal Psychic,100,Stage 2,"<b>Poke-POWER</b>Energy Jump 
<br>Once during your turn <em>(before your attack)</em>, you may move an Energy card attached to 1 of your Pokemon to another of your Pokemon.  This power can't be used if Gardevoir is affected by a Special Condition.","[1M] Psychic Rage 
<br>Choose 1 of your opponent's Pokemon.  This attack does 10 damage for each damage counter on Gardevoir to that Pokemon.  <i>(Don't apply Weakness and Resistance for Benched Pokemon.)</i>",P,None,2,79.89,106.11,199.99,57.75,,Reverse Holofoil,"[2P] Black Magic (10+) 
<br>Does 10 damage plus 20 more damage times the number of your opponent's Benched Pokemon."
85795,Golbat,Golbat,https://tcgplayer-cdn.tcgplayer.com/product/85795_200w.jpg,3,1429,https://cpt.tcgcsv.com/WkJ,2024-04-11T18:18:49.203,1,43/113,Uncommon,Grass,70,Stage 1,,"[G] Super Poison Breath 
<br>Each Defending Pokemon is now Poisoned.",P,None,1,0.01,0.69,1.79,0.74,,Normal,"[2] Sonic Signal  
<br>Choose 2 of your opponent's Pokemon.  This attack does 10 damage to each of them. <i> (Don't apply Weakness and Resistance for Benched Pokemon.)</i>"
85795,Golbat,Golbat,https://tcgplayer-cdn.tcgplayer.com/product/85795_200w.jpg,3,1429,https://cpt.tcgcsv.com/WkJ,2024-04-11T18:18:49.203,1,43/113,Uncommon,Grass,70,Stage 1,,"[G] Super Poison Breath 
<br>Each Defending Pokemon is now Poisoned.",P,None,1,5.96,7.24,12.0,9.68,,Reverse Holofoil,"[2] Sonic Signal  
<br>Choose 2 of your opponent's Pokemon.  This attack does 10 damage to each of them. <i> (Don't apply Weakness and Resistance for Benched Pokemon.)</i>"
85896,Great Ball,Great Ball,https://tcgplayer-cdn.tcgplayer.com/product/85896_200w.jpg,3,1429,https://cpt.tcgcsv.com/XmJ,2024-04-11T18:18:56.427,1,90/113,Uncommon,Item,,,Search your deck for a Basic Pokemon (excluding Pokemon-ex) and put it onto your Bench.  Shuffle your deck afterward.,,,,,0.4,0.67,2.23,0.62,,Normal,
85896,Great Ball,Great Ball,https://tcgplayer-cdn.tcgplayer.com/product/85896_200w.jpg,3,1429,https://cpt.tcgcsv.com/XmJ,2024-04-11T18:18:56.427,1,90/113,Uncommon,Item,,,Search your deck for a Basic Pokemon (excluding Pokemon-ex) and put it onto your Bench.  Shuffle your deck afterward.,,,,,4.56,7.98,18.69,6.95,,Reverse Holofoil,
85927,Groudon Star,Groudon Star,https://tcgplayer-cdn.tcgplayer.com/product/85927_200w.jpg,3,1429,https://cpt.tcgcsv.com/znJ,2022-12-01T20:47:19.263,1,111/113,Ultra Rare,Fighting,90,Basic,,"[F] Critical Condition (10) 
<br>Count the number of Prize cards your opponent has taken.  Search your discard pile for up to that many Fighting Energy cards and attach them to Groudon Star.",W,,3,,,,,,,"[2FFF] Ground Slash (80) 
<br>Discard a Fighting Energy card attached to Groudon Star."
86013,Hariyama,Hariyama,https://tcgplayer-cdn.tcgplayer.com/product/86013_200w.jpg,3,1429,https://cpt.tcgcsv.com/hqJ,2024-04-11T18:21:06.767,1,44/113,Uncommon,Fighting,80,Stage 1,"<b>Poke-BODY</b> Reversal Aura 
<br>As long as you have more Prize cards left than your opponent, each of Hariyama's attacks does 20 more damage to the Active Pokemon <em>(before applying Weakness and Resistance)</em> and damage done by the Active Pokemon to Hariyama is reduced by 20 <em>(after applying Weakness and Resistance).</em>",[2] Slap Push (30),P,None,1,0.29,1.74,9.49,1.79,1.97,Normal,"[1FF] Brick Smash (50) 
<br>This attack's damage isn't affected by Resistance, Poke-Powers, Poke-Bodies, or any other effects on the Defending Pokemon."
86013,Hariyama,Hariyama,https://tcgplayer-cdn.tcgplayer.com/product/86013_200w.jpg,3,1429,https://cpt.tcgcsv.com/hqJ,2024-04-11T18:21:06.767,1,44/113,Uncommon,Fighting,80,Stage 1,"<b>Poke-BODY</b> Reversal Aura 
<br>As long as you have more Prize cards left than your opponent, each of Hariyama's attacks does 20 more damage to the Active Pokemon <em>(before applying Weakness and Resistance)</em> and damage done by the Active Pokemon to Hariyama is reduced by 20 <em>(after applying Weakness and Resistance).</em>",[2] Slap Push (30),P,None,1,5.0,8.78,33.95,7.02,,Reverse Holofoil,"[1FF] Brick Smash (50) 
<br>This attack's damage isn't affected by Resistance, Poke-Powers, Poke-Bodies, or any other effects on the Defending Pokemon."
86136,Holon Energy FF,Holon Energy FF,https://tcgplayer-cdn.tcgplayer.com/product/86136_200w.jpg,3,1429,https://cpt.tcgcsv.com/LsJ,2023-10-01T07:28:09.53,1,104/113,Rare,Special Energy,,,"Holon Energy FF provides Colorless Energy.
<br>If the Pokémon that Holon Energy FF is attached to also has a basic Fire Energy card attached to it, that Pokémon has no Weakness. If the Pokémon that Holon Energy FF is attached to also has a basic Fighting Energy card attached to it, damage done by that Pokémon's attack isn't affected by Resistance. Ignore these effects if Holon Energy FF is attached to Pokémon-ex.",,,,,1.43,3.02,7.33,1.48,,Normal,
86136,Holon Energy FF,Holon Energy FF,https://tcgplayer-cdn.tcgplayer.com/product/86136_200w.jpg,3,1429,https://cpt.tcgcsv.com/LsJ,2023-10-01T07:28:09.53,1,104/113,Rare,Special Energy,,,"Holon Energy FF provides Colorless Energy.
<br>If the Pokémon that Holon Energy FF is attached to also has a basic Fire Energy card attached to it, that Pokémon has no Weakness. If the Pokémon that Holon Energy FF is attached to also has a basic Fighting Energy card attached to it, damage done by that Pokémon's attack isn't affected by Resistance. Ignore these effects if Holon Energy FF is attached to Pokémon-ex.",,,,,3.75,4.9,6.68,5.59,,Reverse Holofoil,
86138,Holon Energy GL,Holon Energy GL,https://tcgplayer-cdn.tcgplayer.com/product/86138_200w.jpg,3,1429,https://cpt.tcgcsv.com/NsJ,2022-12-01T20:46:25.337,1,105/113,Rare,Special Energy,,,"Holon Energy GL provides Colorless Energy.
<br>If the Pokemon that Holon Energy GL is attached to also has a basic Grass Energy card attached to it, that Pokemon can't be affected by any Special Conditions.  If the Pokemon that Holon Energy GL is attached to also has a basic Lightning Energy card attached to it, damage done by your opponent's Pokemon-ex is reduced by 10.  Ignore these effects if Holon Energy GL is attached to Pokemon-ex.",,,,,0.5,1.97,5.39,0.98,1.77,Normal,
86138,Holon Energy GL,Holon Energy GL,https://tcgplayer-cdn.tcgplayer.com/product/86138_200w.jpg,3,1429,https://cpt.tcgcsv.com/NsJ,2022-12-01T20:46:25.337,1,105/113,Rare,Special Energy,,,"Holon Energy GL provides Colorless Energy.
<br>If the Pokemon that Holon Energy GL is attached to also has a basic Grass Energy card attached to it, that Pokemon can't be affected by any Special Conditions.  If the Pokemon that Holon Energy GL is attached to also has a basic Lightning Energy card attached to it, damage done by your opponent's Pokemon-ex is reduced by 10.  Ignore these effects if Holon Energy GL is attached to Pokemon-ex.",,,,,2.87,5.11,7.92,4.05,,Reverse Holofoil,
86140,Holon Energy WP,Holon Energy WP,https://tcgplayer-cdn.tcgplayer.com/product/86140_200w.jpg,3,1429,https://cpt.tcgcsv.com/QsJ,2022-12-01T20:46:32.863,1,106/113,Rare,Special Energy,,,"Holon Energy WP provides Colorless Energy. 
<br>If the Pokemon that Holon Energy WP is attached to also has a basic Water Energy card attached to it, prevent all effects, excluding damage, done to that Pokemon by your opponent's Pokemon.  If the Pokemon that Holon Energy WP is attached to also has a basic Psychic Energy card attached to it, that Pokemon's Retreat Cost is 0.  Ignore these effects if Holon Energy WP is attached to Pokemon-ex.",,,,,1.76,2.46,5.0,2.19,2.73,Normal,
86140,Holon Energy WP,Holon Energy WP,https://tcgplayer-cdn.tcgplayer.com/product/86140_200w.jpg,3,1429,https://cpt.tcgcsv.com/QsJ,2022-12-01T20:46:32.863,1,106/113,Rare,Special Energy,,,"Holon Energy WP provides Colorless Energy. 
<br>If the Pokemon that Holon Energy WP is attached to also has a basic Water Energy card attached to it, prevent all effects, excluding damage, done to that Pokemon by your opponent's Pokemon.  If the Pokemon that Holon Energy WP is attached to also has a basic Psychic Energy card attached to it, that Pokemon's Retreat Cost is 0.  Ignore these effects if Holon Energy WP is attached to Pokemon-ex.",,,,,3.55,5.14,15.27,4.9,,Reverse Holofoil,
86142,Holon Farmer,Holon Farmer,https://tcgplayer-cdn.tcgplayer.com/product/86142_200w.jpg,3,1429,https://cpt.tcgcsv.com/SsJ,2024-04-11T18:21:19.927,1,91/113,Uncommon,Supporter,,,"Discard a card from your hand.  If you can't discard a card from your hand, you can't play this card.  

<br>Search your discard pile for 3 basic Energy cards and any combination of 3 Basic Pokemon or Evolution cards, show them to your opponent, and put them on top of your deck.  Shuffle your deck afterward.",,,,,1.31,1.74,3.97,1.71,,Normal,
86142,Holon Farmer,Holon Farmer,https://tcgplayer-cdn.tcgplayer.com/product/86142_200w.jpg,3,1429,https://cpt.tcgcsv.com/SsJ,2024-04-11T18:21:19.927,1,91/113,Uncommon,Supporter,,,"Discard a card from your hand.  If you can't discard a card from your hand, you can't play this card.  

<br>Search your discard pile for 3 basic Energy cards and any combination of 3 Basic Pokemon or Evolution cards, show them to your opponent, and put them on top of your deck.  Shuffle your deck afterward.",,,,,3.5,5.07,11.0,4.99,,Reverse Holofoil,
86145,Holon Lass,Holon Lass,https://tcgplayer-cdn.tcgplayer.com/product/86145_200w.jpg,3,1429,https://cpt.tcgcsv.com/WsJ,2024-04-11T18:21:25.49,1,92/113,Uncommon,Supporter,,,"Discard a card from your hand.  If you can't discard a card from your hand, you can't play this card.
<br>
<br> Count the number of Prize cards left (both yours and your opponent's).  Look at that many cards from the top of your deck, choose as many Energy cards as you like, show them to your opponent, and put them into your hand.  Put the other cards back on top of your deck.  Shuffle your deck afterward.",,,,,0.24,0.75,1.99,0.76,0.4,Normal,
86145,Holon Lass,Holon Lass,https://tcgplayer-cdn.tcgplayer.com/product/86145_200w.jpg,3,1429,https://cpt.tcgcsv.com/WsJ,2024-04-11T18:21:25.49,1,92/113,Uncommon,Supporter,,,"Discard a card from your hand.  If you can't discard a card from your hand, you can't play this card.
<br>
<br> Count the number of Prize cards left (both yours and your opponent's).  Look at that many cards from the top of your deck, choose as many Energy cards as you like, show them to your opponent, and put them into your hand.  Put the other cards back on top of your deck.  Shuffle your deck afterward.",,,,,4.7,7.0,9.0,6.48,,Reverse Holofoil,
86147,Holon Mentor,Holon Mentor,https://tcgplayer-cdn.tcgplayer.com/product/86147_200w.jpg,3,1429,https://cpt.tcgcsv.com/ZsJ,2024-04-11T18:21:31.983,1,93/113,Uncommon,Supporter,,,"Discard a card from your hand.  If you can't discard a card from your hand, you can't play this card.
<br>
<br>Search your deck for up to 3 Basic Pokemon that each has 100 HP or less, show them to your opponent, and put them into your hand.  Shuffle your deck afterward.",,,,,3.81,4.68,7.97,4.12,,Normal,
86147,Holon Mentor,Holon Mentor,https://tcgplayer-cdn.tcgplayer.com/product/86147_200w.jpg,3,1429,https://cpt.tcgcsv.com/ZsJ,2024-04-11T18:21:31.983,1,93/113,Uncommon,Supporter,,,"Discard a card from your hand.  If you can't discard a card from your hand, you can't play this card.
<br>
<br>Search your deck for up to 3 Basic Pokemon that each has 100 HP or less, show them to your opponent, and put them into your hand.  Shuffle your deck afterward.",,,,,9.99,10.99,17.0,10.34,,Reverse Holofoil,
86149,Holon Research Tower,Holon Research Tower,https://tcgplayer-cdn.tcgplayer.com/product/86149_200w.jpg,3,1429,https://cpt.tcgcsv.com/_sJ,2024-04-11T18:21:37.587,1,94/113,Uncommon,Stadium,,,Each Player's basic Energy cards attached to Pokemon that has Delta Species symbol on its card are both their usual Energy type and Metal type but provide only 1 Energy at a time.  <em>(Has no effect other than providing Energy.)</em>,,,,,0.34,0.76,2.15,0.76,0.5,Normal,
86149,Holon Research Tower,Holon Research Tower,https://tcgplayer-cdn.tcgplayer.com/product/86149_200w.jpg,3,1429,https://cpt.tcgcsv.com/_sJ,2024-04-11T18:21:37.587,1,94/113,Uncommon,Stadium,,,Each Player's basic Energy cards attached to Pokemon that has Delta Species symbol on its card are both their usual Energy type and Metal type but provide only 1 Energy at a time.  <em>(Has no effect other than providing Energy.)</em>,,,,,3.44,5.47,9.99,3.71,,Reverse Holofoil,
86150,Holon Researcher,Holon Researcher,https://tcgplayer-cdn.tcgplayer.com/product/86150_200w.jpg,3,1429,https://cpt.tcgcsv.com/0tJ,2024-07-26T17:22:41.267,1,95/113,Uncommon,Supporter,,,"Discard a card from your hand.  If you can't discard a card from your hand, you can't play this card.  Search your deck for a M Energy card or a Basic Pokemon <em>(or Evolution card)</em> that has Delta Species symbol on its card, show it to your opponent, and put it into your hand.  Shuffle your deck afterward.",,,,,0.28,0.58,1.99,0.63,,Normal,
86150,Holon Researcher,Holon Researcher,https://tcgplayer-cdn.tcgplayer.com/product/86150_200w.jpg,3,1429,https://cpt.tcgcsv.com/0tJ,2024-07-26T17:22:41.267,1,95/113,Uncommon,Supporter,,,"Discard a card from your hand.  If you can't discard a card from your hand, you can't play this card.  Search your deck for a M Energy card or a Basic Pokemon <em>(or Evolution card)</em> that has Delta Species symbol on its card, show it to your opponent, and put it into your hand.  Shuffle your deck afterward.",,,,,2.13,5.6,13.75,5.07,,Reverse Holofoil,
86151,Holon Ruins,Holon Ruins,https://tcgplayer-cdn.tcgplayer.com/product/86151_200w.jpg,3,1429,https://cpt.tcgcsv.com/2tJ,2024-04-11T18:21:46.363,1,96/113,Uncommon,Stadium,,,"Each player that has any Pokemon in play that has Delta Species symbol on its card may draw a card once during his or her turn.  If the player does, he or she discards a card from his or her hand.",,,,,0.49,1.39,6.15,1.29,19.96,Normal,
86151,Holon Ruins,Holon Ruins,https://tcgplayer-cdn.tcgplayer.com/product/86151_200w.jpg,3,1429,https://cpt.tcgcsv.com/2tJ,2024-04-11T18:21:46.363,1,96/113,Uncommon,Stadium,,,"Each player that has any Pokemon in play that has Delta Species symbol on its card may draw a card once during his or her turn.  If the player does, he or she discards a card from his or her hand.",,,,,3.0,5.0,9.99,4.07,,Reverse Holofoil,
86152,Holon Scientist,Holon Scientist,https://tcgplayer-cdn.tcgplayer.com/product/86152_200w.jpg,3,1429,https://cpt.tcgcsv.com/3tJ,2024-04-11T18:08:39.933,1,97/113,Uncommon,Supporter,,,"Discard a card from your hand.  If you can't discard a card from your hand, you can't play this card.  If you have less cards in your hand than your opponent, draw cards until you have the same number of cards as your opponent.",,,,,3.6,6.38,9.07,3.64,,Normal,
86152,Holon Scientist,Holon Scientist,https://tcgplayer-cdn.tcgplayer.com/product/86152_200w.jpg,3,1429,https://cpt.tcgcsv.com/3tJ,2024-04-11T18:08:39.933,1,97/113,Uncommon,Supporter,,,"Discard a card from your hand.  If you can't discard a card from your hand, you can't play this card.  If you have less cards in your hand than your opponent, draw cards until you have the same number of cards as your opponent.",,,,,8.75,10.98,19.99,11.6,,Reverse Holofoil,
86153,Holon Transceiver,Holon Transceiver,https://tcgplayer-cdn.tcgplayer.com/product/86153_200w.jpg,3,1429,https://cpt.tcgcsv.com/5tJ,2024-04-11T18:08:48.91,1,98/113,Uncommon,Tool,,,"Search your deck for a Supporter card that has Holon in its name, show it to your opponent, and put it into your hand.  Shuffle your deck afterward.  Or, search your discard pile for a Supporter card that has Holon in its name, show it to your opponent, and put it into your hand.",,,,,18.0,31.47,50.0,24.11,,Normal,
86153,Holon Transceiver,Holon Transceiver,https://tcgplayer-cdn.tcgplayer.com/product/86153_200w.jpg,3,1429,https://cpt.tcgcsv.com/5tJ,2024-04-11T18:08:48.91,1,98/113,Uncommon,Tool,,,"Search your deck for a Supporter card that has Holon in its name, show it to your opponent, and put it into your hand.  Shuffle your deck afterward.  Or, search your discard pile for a Supporter card that has Holon in its name, show it to your opponent, and put it into your hand.",,,,,35.0,46.19,194.01,30.52,,Reverse Holofoil,
86155,Holon's Electrode,Holons Electrode,https://tcgplayer-cdn.tcgplayer.com/product/86155_200w.jpg,3,1429,https://cpt.tcgcsv.com/7tJ,2024-04-11T18:08:52.107,1,21/113,Rare,Lightning,70,Stage 1,"You may attach this as an Energy card from your hand to 1 of your Pokemon that already has an Energy card attached to it.  When you attach this card, return an Energy card attached to that Pokemon to your hand.  While attached, this card is a Special Energy card and provides every type of Energy but 2 Energy at a time.  <em>(Has no effect other than providing Energy.)</em>","[1L] Dazzle Blast (30) 
<br>The Defending Pokemon is now Confused.",F,,,1.5,2.54,4.99,2.24,,Normal,
86155,Holon's Electrode,Holons Electrode,https://tcgplayer-cdn.tcgplayer.com/product/86155_200w.jpg,3,1429,https://cpt.tcgcsv.com/7tJ,2024-04-11T18:08:52.107,1,21/113,Rare,Lightning,70,Stage 1,"You may attach this as an Energy card from your hand to 1 of your Pokemon that already has an Energy card attached to it.  When you attach this card, return an Energy card attached to that Pokemon to your hand.  While attached, this card is a Special Energy card and provides every type of Energy but 2 Energy at a time.  <em>(Has no effect other than providing Energy.)</em>","[1L] Dazzle Blast (30) 
<br>The Defending Pokemon is now Confused.",F,,,8.4,13.5,15.99,13.32,,Reverse Holofoil,
86156,Holon's Magnemite,Holons Magnemite,https://tcgplayer-cdn.tcgplayer.com/product/86156_200w.jpg,3,1429,https://cpt.tcgcsv.com/8tJ,2024-04-11T18:08:59.93,1,70/113,Common,Metal,40,Basic,"You may attach this as an Energy card from your hand to 1 of your Pokemon.  While attached, this card is a Special Energy card and provides 1 Colorless Energy.","[M] Linear Attack  
<br>Choose 1 of your opponent's Pokemon.  This attack does 10 damage to that Pokemon.<i>  (Don't apply Weakness and Resistance for Benched Pokemon.)</i>",F,G,,0.69,1.46,5.55,1.49,,Normal,
86156,Holon's Magnemite,Holons Magnemite,https://tcgplayer-cdn.tcgplayer.com/product/86156_200w.jpg,3,1429,https://cpt.tcgcsv.com/8tJ,2024-04-11T18:08:59.93,1,70/113,Common,Metal,40,Basic,"You may attach this as an Energy card from your hand to 1 of your Pokemon.  While attached, this card is a Special Energy card and provides 1 Colorless Energy.","[M] Linear Attack  
<br>Choose 1 of your opponent's Pokemon.  This attack does 10 damage to that Pokemon.<i>  (Don't apply Weakness and Resistance for Benched Pokemon.)</i>",F,G,,15.8,18.0,24.19,17.0,,Reverse Holofoil,
86157,Holon's Magneton,Holons Magneton,https://tcgplayer-cdn.tcgplayer.com/product/86157_200w.jpg,3,1429,https://cpt.tcgcsv.com/9tJ,2024-04-11T18:09:04.013,1,22/113,Rare,Metal,70,Stage 1,"You may attach this as an Energy card from your hand to 1 of your Pokemon that already has an Energy card attached to it.  When you attach this card, return an Energy card attached to that Pokemon to your hand.  While attached, this card is a Special Energy card and provides every type of Energy but 2 Energy at a time.  <em>(Has no effect other than providing Energy.)","[1M] Extra Ball (30+)
<br>If the Defending Pokemon is Pokemon-ex, this attack does 30 damage plus 20 more damage.",F,G,,4.05,4.77,14.09,4.39,,Normal,
86157,Holon's Magneton,Holons Magneton,https://tcgplayer-cdn.tcgplayer.com/product/86157_200w.jpg,3,1429,https://cpt.tcgcsv.com/9tJ,2024-04-11T18:09:04.013,1,22/113,Rare,Metal,70,Stage 1,"You may attach this as an Energy card from your hand to 1 of your Pokemon that already has an Energy card attached to it.  When you attach this card, return an Energy card attached to that Pokemon to your hand.  While attached, this card is a Special Energy card and provides every type of Energy but 2 Energy at a time.  <em>(Has no effect other than providing Energy.)","[1M] Extra Ball (30+)
<br>If the Defending Pokemon is Pokemon-ex, this attack does 30 damage plus 20 more damage.",F,G,,14.95,19.99,29.99,16.73,,Reverse Holofoil,
86158,Holon's Voltorb,Holons Voltorb,https://tcgplayer-cdn.tcgplayer.com/product/86158_200w.jpg,3,1429,https://cpt.tcgcsv.com/btJ,2024-07-26T17:22:41.34,1,71/113,Common,Lightning,40,Basic,"You may attach this as an Energy card from your hand to 1 of your Pokemon.  While attached, this card is a Special Energy card and provides 1 Colorless Energy.","[L] Thundershock (10) 
<br>Flip a coin.  If heads, the Defending Pokemon is now Paralyzed.",F,None,0,0.11,0.5,2.0,0.51,,Normal,
86158,Holon's Voltorb,Holons Voltorb,https://tcgplayer-cdn.tcgplayer.com/product/86158_200w.jpg,3,1429,https://cpt.tcgcsv.com/btJ,2024-07-26T17:22:41.34,1,71/113,Common,Lightning,40,Basic,"You may attach this as an Energy card from your hand to 1 of your Pokemon.  While attached, this card is a Special Energy card and provides 1 Colorless Energy.","[L] Thundershock (10) 
<br>Flip a coin.  If heads, the Defending Pokemon is now Paralyzed.",F,None,0,13.4,18.61,22.8,13.28,,Reverse Holofoil,
86253,Hypno,Hypno,https://tcgplayer-cdn.tcgplayer.com/product/86253_200w.jpg,3,1429,https://cpt.tcgcsv.com/5wJ,2024-04-11T18:09:18.643,1,23/113,Rare,Psychic,70,Stage 1,"<b>Poke-BODY</b> Blinding Aura 
<br>Your opponent can't play any Basic Pokemon or Evolution cards from his or her hand to evolve an Asleep Pokemon and can't attach any Energy cards from his or her hand to an Asleep Pokemon.","[1] Sleep Inducer 
<br>Switch 1 of your opponent's Benched Pokemon with 1 of the Defending Pokemon.  Your opponent chooses the Defending Pokemon to switch.  The new Defending Pokemon is now Asleep.",P,None,1,0.97,1.24,2.0,1.91,,Normal,[1P] Psyshot (40)
86253,Hypno,Hypno,https://tcgplayer-cdn.tcgplayer.com/product/86253_200w.jpg,3,1429,https://cpt.tcgcsv.com/5wJ,2024-04-11T18:09:18.643,1,23/113,Rare,Psychic,70,Stage 1,"<b>Poke-BODY</b> Blinding Aura 
<br>Your opponent can't play any Basic Pokemon or Evolution cards from his or her hand to evolve an Asleep Pokemon and can't attach any Energy cards from his or her hand to an Asleep Pokemon.","[1] Sleep Inducer 
<br>Switch 1 of your opponent's Benched Pokemon with 1 of the Defending Pokemon.  Your opponent chooses the Defending Pokemon to switch.  The new Defending Pokemon is now Asleep.",P,None,1,9.0,9.5,15.26,13.13,,Reverse Holofoil,[1P] Psyshot (40)
86266,Illumise,Illumise,https://tcgplayer-cdn.tcgplayer.com/product/86266_200w.jpg,3,1429,https://cpt.tcgcsv.com/lwJ,2024-04-11T18:24:26.517,1,45/113,Uncommon,Grass,60,Basic,"<b>Poke-BODY</b> Beacon Protection 
<br>As long as you have Volbeat in play, prevent all effects, including damage, done to Illumise by attacks from your opponent's Pokemon that has Dark in its name.","[1] Call for Family  
<br>Search your deck for a Basic Pokemon and put it onto your Bench.  Shuffle your deck afterward.",R,,1,0.49,0.9,3.97,0.99,,Normal,"[1G] Strange Rasping (20) 
<br>If the Defending Pokemon is an Evolved Pokemon, the Defending Pokemon is now Confused."
86266,Illumise,Illumise,https://tcgplayer-cdn.tcgplayer.com/product/86266_200w.jpg,3,1429,https://cpt.tcgcsv.com/lwJ,2024-04-11T18:24:26.517,1,45/113,Uncommon,Grass,60,Basic,"<b>Poke-BODY</b> Beacon Protection 
<br>As long as you have Volbeat in play, prevent all effects, including damage, done to Illumise by attacks from your opponent's Pokemon that has Dark in its name.","[1] Call for Family  
<br>Search your deck for a Basic Pokemon and put it onto your Bench.  Shuffle your deck afterward.",R,,1,2.14,2.8,5.23,4.45,,Reverse Holofoil,"[1G] Strange Rasping (20) 
<br>If the Defending Pokemon is an Evolved Pokemon, the Defending Pokemon is now Confused."
86349,Jolteon (Delta Species),Jolteon Delta Species,https://tcgplayer-cdn.tcgplayer.com/product/86349_200w.jpg,3,1429,https://cpt.tcgcsv.com/_xJ,2024-04-11T18:25:32.937,1,7/113,Holo Rare,Metal Lightning,70,Stage 1,,"[1] Delta Search (10) 
<br>Search your deck for a Holon Energy card and attach it to Jolteon.  Shuffle your deck afterward.",F,M,1,74.99,96.9,249.99,67.24,,Holofoil,"[1LM] Return Spark (50) 
<br>You may return an Energy card attached to Jolteon to your hand.  If you do, this attack does 20 damage to 1 of your opponent's Benched Pokemon.  <i>(Don't apply Weakness and Resistance for Benched Pokemon.)</i>"
86352,Jolteon ex,Jolteon ex,https://tcgplayer-cdn.tcgplayer.com/product/86352_200w.jpg,3,1429,https://cpt.tcgcsv.com/3zJ,2022-12-01T20:46:55.213,1,109/113,Ultra Rare,Lightning,100,Stage 1,"<b>Poke-POWER</b> Evolutionary Thunder 
<br>Once during your turn, when you play Jolteon ex from your hand to evolve 1 of your Pokemon, you may put 1 damage counter on each of your opponent's Pokemon.","[1L] Second Bite (20+) 
<br>Does 20 damage plus 10 more damage for each damage counter on the Defending Pokemon.",F,M,0,134.99,146.0,225.0,199.99,155.2,Holofoil,"[2L] Thunder Blast (70)
<br>Discard a Lightning Energy card attached to Jolteon ex."
86412,Kakuna,Kakuna,https://tcgplayer-cdn.tcgplayer.com/product/86412_200w.jpg,3,1429,https://cpt.tcgcsv.com/gBJ,2024-04-11T18:25:38.89,1,46/113,Uncommon,Grass,60,Stage 1,,"[G] Fast Evolution 
<br>Search your deck for an Evolution card, show it to your opponent, and put it into your hand.  Shuffle your deck afterward.",R,None,2,1.5,1.97,2.49,1.87,2.49,Normal,[3] Rollout (30)
86412,Kakuna,Kakuna,https://tcgplayer-cdn.tcgplayer.com/product/86412_200w.jpg,3,1429,https://cpt.tcgcsv.com/gBJ,2024-04-11T18:25:38.89,1,46/113,Uncommon,Grass,60,Stage 1,,"[G] Fast Evolution 
<br>Search your deck for an Evolution card, show it to your opponent, and put it into your hand.  Shuffle your deck afterward.",R,None,2,7.97,11.76,19.99,7.8,,Reverse Holofoil,[3] Rollout (30)
86463,Kirlia,Kirlia,https://tcgplayer-cdn.tcgplayer.com/product/86463_200w.jpg,3,1429,https://cpt.tcgcsv.com/hCJ,2024-04-11T18:25:43.22,1,47/113,Uncommon,Psychic,70,Stage 1,,"[1] Calm Mind 
<br>Remove 3 damage counters from Kirlia.",P,None,1,0.82,1.71,4.3,2.16,,Normal,"[1P] Psychic Boom (20+) 
<br>Does 20 damage plus 10 more damage for each Energy attached to the Defending Pokemon."
86463,Kirlia,Kirlia,https://tcgplayer-cdn.tcgplayer.com/product/86463_200w.jpg,3,1429,https://cpt.tcgcsv.com/hCJ,2024-04-11T18:25:43.22,1,47/113,Uncommon,Psychic,70,Stage 1,,"[1] Calm Mind 
<br>Remove 3 damage counters from Kirlia.",P,None,1,3.37,4.23,15.0,11.28,,Reverse Holofoil,"[1P] Psychic Boom (20+) 
<br>Does 20 damage plus 10 more damage for each Energy attached to the Defending Pokemon."
86495,Koffing,Koffing,https://tcgplayer-cdn.tcgplayer.com/product/86495_200w.jpg,3,1429,https://cpt.tcgcsv.com/WCJ,2024-04-11T18:13:47.967,1,72/113,Common,Grass,50,Basic,,"[G] Confusion Gas 
<br>The Defending Pokemon is now Confused.",P,None,1,0.05,0.46,1.98,0.54,0.5,Normal,[2] Ram (20)
86495,Koffing,Koffing,https://tcgplayer-cdn.tcgplayer.com/product/86495_200w.jpg,3,1429,https://cpt.tcgcsv.com/WCJ,2024-04-11T18:13:47.967,1,72/113,Common,Grass,50,Basic,,"[G] Confusion Gas 
<br>The Defending Pokemon is now Confused.",P,None,1,5.37,14.98,16.0,6.93,,Reverse Holofoil,[2] Ram (20)
86552,Kyogre Star,Kyogre Star,https://tcgplayer-cdn.tcgplayer.com/product/86552_200w.jpg,3,1429,https://cpt.tcgcsv.com/3FJ,2022-12-01T20:47:25.787,1,112/113,Ultra Rare,Water,90,Basic,,"[W] Critical Collection (10) 
<br>Count the number of Prize cards your opponent has taken.  Search your discard pile for up to that many Water Energy cards and attach them to Kyogre Star.",L,,3,2000.0,2050.49,2100.98,999.99,,Holofoil,"[2WWW] Sheer Cold (60) 
<br>Flip a coin.  If heads, each Defending Pokemon can't attack during your opponent's next turn."
86646,Larvitar (Delta Species),Larvitar Delta Species,https://tcgplayer-cdn.tcgplayer.com/product/86646_200w.jpg,3,1429,https://cpt.tcgcsv.com/XGJ,2024-04-11T18:25:47.987,1,73/113,Common,Fire,50,Basic,,[1] Bite (10),W,None,1,0.83,1.3,3.0,1.32,,Normal,"[1R] Rising Lunge (20+) 
<br>Flip a coin.  If heads, this attack does 20 damage plus 10 more damage."
86646,Larvitar (Delta Species),Larvitar Delta Species,https://tcgplayer-cdn.tcgplayer.com/product/86646_200w.jpg,3,1429,https://cpt.tcgcsv.com/XGJ,2024-04-11T18:25:47.987,1,73/113,Common,Fire,50,Basic,,[1] Bite (10),W,None,1,15.0,17.0,55.0,16.1,,Reverse Holofoil,"[1R] Rising Lunge (20+) 
<br>Flip a coin.  If heads, this attack does 20 damage plus 10 more damage."
86655,Latias (Delta Species),Latias Delta Species,https://tcgplayer-cdn.tcgplayer.com/product/86655_200w.jpg,3,1429,https://cpt.tcgcsv.com/7HJ,2024-04-11T18:25:53.713,1,8/113,Holo Rare,Metal Lightning,70,Basic,"<b>Poke-BODY</b> Delta Aura 
<br>If you have Latios or Latios ex in play, the attack cost of Latias's Extra Crush is now 1LM.","[1M] Spiral Drain (20) 
<br>Remove 2 damage counters from Latias.",C,FP,1,69.99,90.5,130.0,75.55,,Holofoil,"[3LM] Extra Crush (80) 
<br>If your opponent has no Pokemon-ex in play, this attack does nothing."
86655,Latias (Delta Species),Latias Delta Species,https://tcgplayer-cdn.tcgplayer.com/product/86655_200w.jpg,3,1429,https://cpt.tcgcsv.com/7HJ,2024-04-11T18:25:53.713,1,8/113,Holo Rare,Metal Lightning,70,Basic,"<b>Poke-BODY</b> Delta Aura 
<br>If you have Latios or Latios ex in play, the attack cost of Latias's Extra Crush is now 1LM.","[1M] Spiral Drain (20) 
<br>Remove 2 damage counters from Latias.",C,FP,1,50.0,81.0,114.95,99.0,,Reverse Holofoil,"[3LM] Extra Crush (80) 
<br>If your opponent has no Pokemon-ex in play, this attack does nothing."
86669,Latios (Delta Species),Latios Delta Species,https://tcgplayer-cdn.tcgplayer.com/product/86669_200w.jpg,3,1429,https://cpt.tcgcsv.com/pHJ,2024-04-11T18:18:32.873,1,9/113,Holo Rare,Metal Lightning,80,Basic,"<b>Poke-BODY</b> Delta Aura -
<br>If you have Latias or Latias ex in play, the attack cost of Latio's Psychic Force is now 1LM.",[2] Dragon Claw (20),C,FG,2,90.0,129.99,185.0,72.49,,Holofoil,"[3LM] Psychic Force (80) 
<br>If your opponent has no Stage 2 Evolved Pokemon in play, this attack does nothing."
86669,Latios (Delta Species),Latios Delta Species,https://tcgplayer-cdn.tcgplayer.com/product/86669_200w.jpg,3,1429,https://cpt.tcgcsv.com/pHJ,2024-04-11T18:18:32.873,1,9/113,Holo Rare,Metal Lightning,80,Basic,"<b>Poke-BODY</b> Delta Aura -
<br>If you have Latias or Latias ex in play, the attack cost of Latio's Psychic Force is now 1LM.",[2] Dragon Claw (20),C,FG,2,75.0,95.07,115.0,57.5,,Reverse Holofoil,"[3LM] Psychic Force (80) 
<br>If your opponent has no Stage 2 Evolved Pokemon in play, this attack does nothing."
87078,Magnemite,Magnemite,https://tcgplayer-cdn.tcgplayer.com/product/87078_200w.jpg,3,1429,https://cpt.tcgcsv.com/BRJ,2024-04-11T18:25:13.977,1,74/113,Common,Lightning,50,Basic,,"[1] Collect 
<br>Draw a card.",F,M,1,0.14,0.31,1.99,0.33,,Normal,[L] Magnetic Blast (10)
87078,Magnemite,Magnemite,https://tcgplayer-cdn.tcgplayer.com/product/87078_200w.jpg,3,1429,https://cpt.tcgcsv.com/BRJ,2024-04-11T18:25:13.977,1,74/113,Common,Lightning,50,Basic,,"[1] Collect 
<br>Draw a card.",F,M,1,11.99,16.0,19.6,10.21,19.6,Reverse Holofoil,[L] Magnetic Blast (10)
87104,Magneton,Magneton,https://tcgplayer-cdn.tcgplayer.com/product/87104_200w.jpg,3,1429,https://cpt.tcgcsv.com/6SJ,2024-04-11T18:24:01.4,1,48/113,Uncommon,Lightning,80,Stage 1,,"[1L] Supersonic (20) 
<br>Flip a coin.  If heads, the Defending Pokemon is now Confused.",F,M,1,0.25,0.87,5.98,0.81,,Normal,[1L] Speed Ball (50)
87104,Magneton,Magneton,https://tcgplayer-cdn.tcgplayer.com/product/87104_200w.jpg,3,1429,https://cpt.tcgcsv.com/6SJ,2024-04-11T18:24:01.4,1,48/113,Uncommon,Lightning,80,Stage 1,,"[1L] Supersonic (20) 
<br>Flip a coin.  If heads, the Defending Pokemon is now Confused.",F,M,1,4.25,25.25,26.4,9.2,,Reverse Holofoil,[1L] Speed Ball (50)
87130,Makuhita,Makuhita,https://tcgplayer-cdn.tcgplayer.com/product/87130_200w.jpg,3,1429,https://cpt.tcgcsv.com/DSJ,2024-04-11T18:24:06.637,1,75/113,Common,Fighting,50,Basic,,"[1] Sand Attack (10) 
<br>If the Defending Pokemon tries to attack during your opponent's next turn, your opponent flips a coin.  If tails, that attack does nothing.",P,,1,0.27,0.5,2.0,0.5,0.75,Normal,
87130,Makuhita,Makuhita,https://tcgplayer-cdn.tcgplayer.com/product/87130_200w.jpg,3,1429,https://cpt.tcgcsv.com/DSJ,2024-04-11T18:24:06.637,1,75/113,Common,Fighting,50,Basic,,"[1] Sand Attack (10) 
<br>If the Defending Pokemon tries to attack during your opponent's next turn, your opponent flips a coin.  If tails, that attack does nothing.",P,,1,1.75,2.82,3.88,5.27,,Reverse Holofoil,
87217,Marill,Marill,https://tcgplayer-cdn.tcgplayer.com/product/87217_200w.jpg,3,1429,https://cpt.tcgcsv.com/mVJ,2024-04-11T18:17:34.32,1,76/113,Common,Water,50,Basic,,[1] Rollout (10),L,None,1,0.23,0.5,1.99,0.61,,Normal,"[2] Jump On (10+)
<br>Flip a coin.  If heads, this attack does 10 damage plus 20 more damage."
87217,Marill,Marill,https://tcgplayer-cdn.tcgplayer.com/product/87217_200w.jpg,3,1429,https://cpt.tcgcsv.com/mVJ,2024-04-11T18:17:34.32,1,76/113,Common,Water,50,Basic,,[1] Rollout (10),L,None,1,6.82,7.21,7.6,7.18,,Reverse Holofoil,"[2] Jump On (10+)
<br>Flip a coin.  If heads, this attack does 10 damage plus 20 more damage."
87230,Marowak (Delta Species),Marowak Delta Species,https://tcgplayer-cdn.tcgplayer.com/product/87230_200w.jpg,3,1429,https://cpt.tcgcsv.com/DVJ,2025-01-16T13:23:15.507,1,10/113,Holo Rare,Metal Fighting,80,Stage 1,,"[FM] Energy Bone  
<br>Choose a number of your opponent's Pokemon up to the amount of Energy Attached to Marowak.  This attack does 20 damage to each of them.",G,None,1,15.98,25.0,34.0,18.95,,Holofoil,"[2F] Metal Crusher (50) 
<br>If the Defending Pokemon is Metal Pokemon, this attack's base damage is 90."
87230,Marowak (Delta Species),Marowak Delta Species,https://tcgplayer-cdn.tcgplayer.com/product/87230_200w.jpg,3,1429,https://cpt.tcgcsv.com/DVJ,2025-01-16T13:23:15.507,1,10/113,Holo Rare,Metal Fighting,80,Stage 1,,"[FM] Energy Bone  
<br>Choose a number of your opponent's Pokemon up to the amount of Energy Attached to Marowak.  This attack does 20 damage to each of them.",G,None,1,11.33,13.49,17.72,24.41,,Reverse Holofoil,"[2F] Metal Crusher (50) 
<br>If the Defending Pokemon is Metal Pokemon, this attack's base damage is 90."
87254,Master Ball,Master Ball,https://tcgplayer-cdn.tcgplayer.com/product/87254_200w.jpg,3,1429,https://cpt.tcgcsv.com/6WJ,2024-04-11T18:12:39.487,1,99/113,Uncommon,Item,,,"Look at the top 7 cards from your deck.  Choose a Basic Pokemon or Evolution card from those cards, show it to your opponent, and put it into your hand.  Put the other 6 cards back on top of your deck.  Shuffle your deck afterward.",,,,,0.19,0.59,3.29,0.61,,Normal,
87254,Master Ball,Master Ball,https://tcgplayer-cdn.tcgplayer.com/product/87254_200w.jpg,3,1429,https://cpt.tcgcsv.com/6WJ,2024-04-11T18:12:39.487,1,99/113,Uncommon,Item,,,"Look at the top 7 cards from your deck.  Choose a Basic Pokemon or Evolution card from those cards, show it to your opponent, and put it into your hand.  Put the other 6 cards back on top of your deck.  Shuffle your deck afterward.",,,,,3.5,7.0,13.49,6.73,7.5,Reverse Holofoil,
87318,Meowth,Meowth,https://tcgplayer-cdn.tcgplayer.com/product/87318_200w.jpg,3,1429,https://cpt.tcgcsv.com/nXJ,2024-04-11T18:10:20.85,1,77/113,Common,Colorless,50,Basic,,"[1] Pickup Power 
<br>Search your discard pile for an Energy card, show it to your opponent, and put it into your hand.",F,None,1,0.25,0.5,1.99,0.71,,Normal,[1] Bite (10)
87318,Meowth,Meowth,https://tcgplayer-cdn.tcgplayer.com/product/87318_200w.jpg,3,1429,https://cpt.tcgcsv.com/nXJ,2024-04-11T18:10:20.85,1,77/113,Common,Colorless,50,Basic,,"[1] Pickup Power 
<br>Search your discard pile for an Energy card, show it to your opponent, and put it into your hand.",F,None,1,39.98,69.68,69.69,15.92,,Reverse Holofoil,[1] Bite (10)
87342,Metagross (Delta Species),Metagross Delta Species,https://tcgplayer-cdn.tcgplayer.com/product/87342_200w.jpg,3,1429,https://cpt.tcgcsv.com/SXJ,2024-04-11T18:10:25.867,1,11/113,Holo Rare,Metal Lightning,100,Stage 2,"<b>Poke-POWER</b> Delta Control 
<br>Once during your turn <em>(before your attack)</em>, you may look at the top 4 cards of your deck, choose 1 of them, and put it into your hand.  Put the 3 other cards on the bottom of your deck in any order.  This power can't be used if Metagross is affected by a Special Condition.","[LM] Crush and Burn (30+) 
<br>You may discard as many Energy cards as you like attached to your Pokemon in play.  If you do, this attack does 30 damage plus 20 more damage for each Energy card you discarded.",R,G,3,29.99,33.24,40.0,36.53,,Holofoil,
87342,Metagross (Delta Species),Metagross Delta Species,https://tcgplayer-cdn.tcgplayer.com/product/87342_200w.jpg,3,1429,https://cpt.tcgcsv.com/SXJ,2024-04-11T18:10:25.867,1,11/113,Holo Rare,Metal Lightning,100,Stage 2,"<b>Poke-POWER</b> Delta Control 
<br>Once during your turn <em>(before your attack)</em>, you may look at the top 4 cards of your deck, choose 1 of them, and put it into your hand.  Put the 3 other cards on the bottom of your deck in any order.  This power can't be used if Metagross is affected by a Special Condition.","[LM] Crush and Burn (30+) 
<br>You may discard as many Energy cards as you like attached to your Pokemon in play.  If you do, this attack does 30 damage plus 20 more damage for each Energy card you discarded.",R,G,3,26.56,27.98,31.4,45.87,,Reverse Holofoil,
87345,Metagross Star,Metagross Star,https://tcgplayer-cdn.tcgplayer.com/product/87345_200w.jpg,3,1429,https://cpt.tcgcsv.com/WXJ,2022-12-01T20:47:34.387,1,113/113,Ultra Rare,Metal,90,Basic,,"[M] Critical Collection (10) 
<br>Count the number of Prize cards your opponent has taken.  Search your discard pile for up to that many Metal Energy cards and attach them to Metagross Star.",R,G,3,1998.0,1998.0,1998.0,1199.99,,Holofoil,"[2MMM] Hyper Beam (50) 
<br>Flip a coin.  If heads, discard an Energy card attached to the Defending Pokemon."
87359,Metal Energy (Special),Metal Energy Special,https://tcgplayer-cdn.tcgplayer.com/product/87359_200w.jpg,3,1429,https://cpt.tcgcsv.com/cZJ,2023-07-31T14:46:09.433,1,107/113,Rare,Special Metal Energy,,,Damage done by attacks to the Pokemon that Metal Energy is attached to is reduced by 10 <em>(after applying Weakness and Resistance). </em> Ignore this effect if the Pokemon that Metal Energy is attached to isn't Metal.  Metal Energy provides Metal Energy.  <em>(Doesn't count as a basic Energy card.)</em>,,,,,0.24,0.63,1.71,0.7,0.57,Normal,
87359,Metal Energy (Special),Metal Energy Special,https://tcgplayer-cdn.tcgplayer.com/product/87359_200w.jpg,3,1429,https://cpt.tcgcsv.com/cZJ,2023-07-31T14:46:09.433,1,107/113,Rare,Special Metal Energy,,,Damage done by attacks to the Pokemon that Metal Energy is attached to is reduced by 10 <em>(after applying Weakness and Resistance). </em> Ignore this effect if the Pokemon that Metal Energy is attached to isn't Metal.  Metal Energy provides Metal Energy.  <em>(Doesn't count as a basic Energy card.)</em>,,,,,2.9,6.25,11.19,4.75,,Reverse Holofoil,
87384,Metang (Delta Species),Metang Delta Species,https://tcgplayer-cdn.tcgplayer.com/product/87384_200w.jpg,3,1429,https://cpt.tcgcsv.com/JZJ,2024-04-11T18:10:36.83,1,49/113,Uncommon,Lightning,80,Stage 1,,"[2] Sharp Claws (20+) 
<br>Flip a coin.  If heads, this attack does 20 damage plus 10 more damage.",R,G,2,1.5,3.0,5.09,2.66,,Normal,[2L] Magnetic Blast (50)
87384,Metang (Delta Species),Metang Delta Species,https://tcgplayer-cdn.tcgplayer.com/product/87384_200w.jpg,3,1429,https://cpt.tcgcsv.com/JZJ,2024-04-11T18:10:36.83,1,49/113,Uncommon,Lightning,80,Stage 1,,"[2] Sharp Claws (20+) 
<br>Flip a coin.  If heads, this attack does 20 damage plus 10 more damage.",R,G,2,14.02,15.42,19.0,13.74,,Reverse Holofoil,[2L] Magnetic Blast (50)
87425,Mewtwo (Delta Species),Mewtwo Delta Species,https://tcgplayer-cdn.tcgplayer.com/product/87425_200w.jpg,3,1429,https://cpt.tcgcsv.com/w-J,2024-04-11T18:10:43.933,1,12/113,Holo Rare,Metal Fire,70,Basic,"<b>Poke-POWER</b> Delta Switch 
<br>Once during your turn, when you put Mewtwo from your hand onto your Bench, you may move any number of basic Energy cards attached to your Pokemon to your other Pokemon (excluding Mewtwo) in any way you like.","[MR] Energy Burst (10x) 
<br>Does 10 damage times the total amount of Energy attached to Mewtwo and the Defending Pokemon.",P,None,1,81.68,96.79,109.99,157.86,,Holofoil,
87425,Mewtwo (Delta Species),Mewtwo Delta Species,https://tcgplayer-cdn.tcgplayer.com/product/87425_200w.jpg,3,1429,https://cpt.tcgcsv.com/w-J,2024-04-11T18:10:43.933,1,12/113,Holo Rare,Metal Fire,70,Basic,"<b>Poke-POWER</b> Delta Switch 
<br>Once during your turn, when you put Mewtwo from your hand onto your Bench, you may move any number of basic Energy cards attached to your Pokemon to your other Pokemon (excluding Mewtwo) in any way you like.","[MR] Energy Burst (10x) 
<br>Does 10 damage times the total amount of Energy attached to Mewtwo and the Defending Pokemon.",P,None,1,169.99,169.99,169.99,170.26,,Reverse Holofoil,
87450,Mightyena (Delta Species),Mightyena Delta Species,https://tcgplayer-cdn.tcgplayer.com/product/87450_200w.jpg,3,1429,https://cpt.tcgcsv.com/0_J,2024-04-11T18:10:50.343,1,24/113,Rare,Darkness Metal,70,Stage 1,,"[1D] Delta Fang (20) 
<br>If the Defending Pokemon is Pokemon-ex, that Pokemon can't attack during your opponent's next turn.",F,P,1,4.0,6.9,9.22,3.56,,Normal,"[1M] Gang Up (10x) 
<br>Does 10 damage times the number of Darkness Pokemon and Metal Pokemon you have in play."
87450,Mightyena (Delta Species),Mightyena Delta Species,https://tcgplayer-cdn.tcgplayer.com/product/87450_200w.jpg,3,1429,https://cpt.tcgcsv.com/0_J,2024-04-11T18:10:50.343,1,24/113,Rare,Darkness Metal,70,Stage 1,,"[1D] Delta Fang (20) 
<br>If the Defending Pokemon is Pokemon-ex, that Pokemon can't attack during your opponent's next turn.",F,P,1,19.77,35.45,44.99,19.08,,Reverse Holofoil,"[1M] Gang Up (10x) 
<br>Does 10 damage times the number of Darkness Pokemon and Metal Pokemon you have in play."
87985,Persian,Persian,https://tcgplayer-cdn.tcgplayer.com/product/87985_200w.jpg,3,1429,https://cpt.tcgcsv.com/KcK,2024-04-11T18:25:09.507,1,50/113,Uncommon,Colorless,80,Stage 1,"<b>Poke-POWER</b> Prowl -
<br>Once during your turn, when you play Persian from your hand to evolve 1 of your Pokemon, you may search your deck for any 1 card and put it into your hand.  Shuffle your deck afterward.","[2] Snap Tail 
<br>Choose 1 of your opponent's Pokemon.  This attack does 30 damage to that Pokemon. <i>(Don't apply Weakness and Resistance for Benched Pokemon.)</i>",F,None,1,0.86,1.03,1.97,1.21,,Normal,
88286,Ponyta,Ponyta,https://tcgplayer-cdn.tcgplayer.com/product/88286_200w.jpg,3,1429,https://cpt.tcgcsv.com/LkK,2024-10-07T18:22:09.547,1,78/113,Common,Fire,50,Basic,,[R] Flare (10),W,None,1,0.15,0.3,2.0,0.3,,Normal,
88286,Ponyta,Ponyta,https://tcgplayer-cdn.tcgplayer.com/product/88286_200w.jpg,3,1429,https://cpt.tcgcsv.com/LkK,2024-10-07T18:22:09.547,1,78/113,Common,Fire,50,Basic,,[R] Flare (10),W,None,1,6.33,7.8,19.99,9.08,,Reverse Holofoil,
88297,Poochyena,Poochyena,https://tcgplayer-cdn.tcgplayer.com/product/88297_200w.jpg,3,1429,https://cpt.tcgcsv.com/ZkK,2024-04-11T18:24:58.13,1,79/113,Common,Darkness,50,Basic,,"[1] Roar 
<br>Your opponent switches the Defending Pokemon with 1 of his or her Benched Pokemon, if any.",F,P,1,0.31,0.63,1.99,0.66,,Normal,"[1D] Ambush (10+) 
<br>Flip a coin.  If heads, this attack does 10 damage plus 20 more damage."
88297,Poochyena,Poochyena,https://tcgplayer-cdn.tcgplayer.com/product/88297_200w.jpg,3,1429,https://cpt.tcgcsv.com/ZkK,2024-04-11T18:24:58.13,1,79/113,Common,Darkness,50,Basic,,"[1] Roar 
<br>Your opponent switches the Defending Pokemon with 1 of his or her Benched Pokemon, if any.",F,P,1,4.25,7.9,11.55,8.17,,Reverse Holofoil,"[1D] Ambush (10+) 
<br>Flip a coin.  If heads, this attack does 10 damage plus 20 more damage."
88310,Porygon,Porygon,https://tcgplayer-cdn.tcgplayer.com/product/88310_200w.jpg,3,1429,https://cpt.tcgcsv.com/dlK,2024-04-11T18:24:53.29,1,80/113,Common,Colorless,50,Basic,,[2] Sharpen (30),F,None,1,0.1,0.4,1.98,0.44,,Normal,
88310,Porygon,Porygon,https://tcgplayer-cdn.tcgplayer.com/product/88310_200w.jpg,3,1429,https://cpt.tcgcsv.com/dlK,2024-04-11T18:24:53.29,1,80/113,Common,Colorless,50,Basic,,[2] Sharpen (30),F,None,1,9.25,10.61,17.17,9.72,,Reverse Holofoil,
88325,Porygon2,Porygon2,https://tcgplayer-cdn.tcgplayer.com/product/88325_200w.jpg,3,1429,https://cpt.tcgcsv.com/wlK,2024-04-11T18:24:48.157,1,25/113,Rare,Colorless,70,Stage 1,"<b>Poke-POWER</b> Backup 
<br>Once during your turn (before your attack), if you have less than 6 cards in your hand, you may draw cards until you have 6 cards in your hand.  This power can't be used if Porygon2 is affected by a Special Condition.","[2] Machine Burst (30) 
<br>If Porygon2 has a Technical Machine card attached to it, the Defending Pokemon is now Asleep and Burned.",F,None,1,1.6,2.57,4.77,2.64,,Normal,
88325,Porygon2,Porygon2,https://tcgplayer-cdn.tcgplayer.com/product/88325_200w.jpg,3,1429,https://cpt.tcgcsv.com/wlK,2024-04-11T18:24:48.157,1,25/113,Rare,Colorless,70,Stage 1,"<b>Poke-POWER</b> Backup 
<br>Once during your turn (before your attack), if you have less than 6 cards in your hand, you may draw cards until you have 6 cards in your hand.  This power can't be used if Porygon2 is affected by a Special Condition.","[2] Machine Burst (30) 
<br>If Porygon2 has a Technical Machine card attached to it, the Defending Pokemon is now Asleep and Burned.",F,None,1,16.01,19.99,26.23,14.28,,Reverse Holofoil,
88338,Potion,Potion,https://tcgplayer-cdn.tcgplayer.com/product/88338_200w.jpg,3,1429,https://cpt.tcgcsv.com/NlK,2022-12-01T20:45:43.517,1,101/113,Common,Item,,,Remove 2 damage counters from 1 of your Pokemon (remove 1 damage counter if that Pokemon has only 1).,,,,,0.03,0.22,1.99,0.18,0.15,Normal,
88338,Potion,Potion,https://tcgplayer-cdn.tcgplayer.com/product/88338_200w.jpg,3,1429,https://cpt.tcgcsv.com/NlK,2022-12-01T20:45:43.517,1,101/113,Common,Item,,,Remove 2 damage counters from 1 of your Pokemon (remove 1 damage counter if that Pokemon has only 1).,,,,,1.35,1.61,4.24,1.59,,Reverse Holofoil,
88455,Pupitar (Delta Species),Pupitar Delta Species,https://tcgplayer-cdn.tcgplayer.com/product/88455_200w.jpg,3,1429,https://cpt.tcgcsv.com/7pK,2024-04-11T18:24:39.517,1,51/113,Uncommon,Fire,70,Stage 1,,"[1] Paralyzing Gaze  
<br>Flip a coin.  If heads, the Defending Pokemon is now Paralyzed.",G,None,0,1.02,1.4,2.49,1.34,,Normal,"[2R] Double-edge (40) 
<br>Pupitar does 10 damage to itself."
88455,Pupitar (Delta Species),Pupitar Delta Species,https://tcgplayer-cdn.tcgplayer.com/product/88455_200w.jpg,3,1429,https://cpt.tcgcsv.com/7pK,2024-04-11T18:24:39.517,1,51/113,Uncommon,Fire,70,Stage 1,,"[1] Paralyzing Gaze  
<br>Flip a coin.  If heads, the Defending Pokemon is now Paralyzed.",G,None,0,15.0,19.88,99.99,13.33,,Reverse Holofoil,"[2R] Double-edge (40) 
<br>Pupitar does 10 damage to itself."
88544,Rain Castform,Rain Castform,https://tcgplayer-cdn.tcgplayer.com/product/88544_200w.jpg,3,1429,https://cpt.tcgcsv.com/VqK,2024-04-11T18:23:53.633,1,26/113,Rare,Water,70,Basic,"<b>Poke-POWER</b> Temperamental Weather 
<br>Once during your turn (before you attack), you may search your deck for Castform, Sunny Castform, or Snow-cloud Castform and switch it with Rain Castform.  <em>(Any cards attached to Rain Castform, damage counters, Special Conditions, and effects on it are now on the new Pokemon.)  </em>Shuffle Rain Castform back into your deck.  You can't use more than 1 Temperamental Weather Poke-Power each turn.","[3] Holon Splash (30+) 
<br>Does 30 damage plus 10 more damage for each Holon Energy card attached to Rain Castform.",L,None,1,0.93,1.44,9.97,2.03,,Normal,
88544,Rain Castform,Rain Castform,https://tcgplayer-cdn.tcgplayer.com/product/88544_200w.jpg,3,1429,https://cpt.tcgcsv.com/VqK,2024-04-11T18:23:53.633,1,26/113,Rare,Water,70,Basic,"<b>Poke-POWER</b> Temperamental Weather 
<br>Once during your turn (before you attack), you may search your deck for Castform, Sunny Castform, or Snow-cloud Castform and switch it with Rain Castform.  <em>(Any cards attached to Rain Castform, damage counters, Special Conditions, and effects on it are now on the new Pokemon.)  </em>Shuffle Rain Castform back into your deck.  You can't use more than 1 Temperamental Weather Poke-Power each turn.","[3] Holon Splash (30+) 
<br>Does 30 damage plus 10 more damage for each Holon Energy card attached to Rain Castform.",L,None,1,8.15,14.9,29.99,6.92,,Reverse Holofoil,
88558,Ralts,Ralts,https://tcgplayer-cdn.tcgplayer.com/product/88558_200w.jpg,3,1429,https://cpt.tcgcsv.com/brK,2024-04-11T18:23:47.2,1,81/113,Common,Psychic,50,Basic,,"[1] Collect 
<br>Draw a card.",P,None,1,0.27,0.8,2.18,0.93,,Normal,"[2] Quick Blow (10+) 
<br>Flip a coin.  If heads, this attack does 10 damage plus 20 more damage."
88558,Ralts,Ralts,https://tcgplayer-cdn.tcgplayer.com/product/88558_200w.jpg,3,1429,https://cpt.tcgcsv.com/brK,2024-04-11T18:23:47.2,1,81/113,Common,Psychic,50,Basic,,"[1] Collect 
<br>Draw a card.",P,None,1,7.16,12.38,20.01,8.01,,Reverse Holofoil,"[2] Quick Blow (10+) 
<br>Flip a coin.  If heads, this attack does 10 damage plus 20 more damage."
88582,Rapidash,Rapidash,https://tcgplayer-cdn.tcgplayer.com/product/88582_200w.jpg,3,1429,https://cpt.tcgcsv.com/GrK,2024-04-11T18:23:41.37,1,52/113,Uncommon,Fire,70,Stage 1,,"[R] Super Singe  
<br>The Defending Pokemon is now Burned.",W,None,0,0.4,0.96,2.0,1.41,,Normal,"[1R] Stomp (30+) 
<br>Flip a coin.  If heads, this attack does 30 damage plus 10 more damage."
88582,Rapidash,Rapidash,https://tcgplayer-cdn.tcgplayer.com/product/88582_200w.jpg,3,1429,https://cpt.tcgcsv.com/GrK,2024-04-11T18:23:41.37,1,52/113,Uncommon,Fire,70,Stage 1,,"[R] Super Singe  
<br>The Defending Pokemon is now Burned.",W,None,0,24.98,24.99,29.99,15.83,,Reverse Holofoil,"[1R] Stomp (30+) 
<br>Flip a coin.  If heads, this attack does 30 damage plus 10 more damage."
88633,Rayquaza (Delta Species),Rayquaza Delta Species,https://tcgplayer-cdn.tcgplayer.com/product/88633_200w.jpg,3,1429,https://cpt.tcgcsv.com/HsK,2024-04-11T18:23:35.713,1,13/113,Holo Rare,Metal Lightning,90,Basic,"<b>Poke-BODY</b> Delta Guard 
<br>As long as Rayquaza has any Holon Energy cards attached to it, ignore the effect of Rayquaza's Lightning Storm attack.","[L] Power Blow (10x) 
<br>Does 10 damage times the amount of Energy attached to Rayquaza.",C,FW,3,72.7,87.97,199.99,111.78,,Holofoil,"[2LM] Lightning Storm (70) 
<br>Put 7 damage counters on Rayquaza."
88633,Rayquaza (Delta Species),Rayquaza Delta Species,https://tcgplayer-cdn.tcgplayer.com/product/88633_200w.jpg,3,1429,https://cpt.tcgcsv.com/HsK,2024-04-11T18:23:35.713,1,13/113,Holo Rare,Metal Lightning,90,Basic,"<b>Poke-BODY</b> Delta Guard 
<br>As long as Rayquaza has any Holon Energy cards attached to it, ignore the effect of Rayquaza's Lightning Storm attack.","[L] Power Blow (10x) 
<br>Does 10 damage times the amount of Energy attached to Rayquaza.",C,FW,3,67.68,100.16,230.0,103.73,,Reverse Holofoil,"[2LM] Lightning Storm (70) 
<br>Put 7 damage counters on Rayquaza."
88902,Salamence (Delta Species),Salamence Delta Species,https://tcgplayer-cdn.tcgplayer.com/product/88902_200w.jpg,3,1429,https://cpt.tcgcsv.com/3BK,2024-04-11T18:20:36.523,1,14/113,Holo Rare,Metal Fire,110,Stage 2,,"[1R] Fire Dance (30) 
<br>Search your discard pile for a Fire Energy card and attach it to 1 of your Pokemon.",C,FR,1,22.37,26.69,50.0,26.64,,Holofoil,"[2MR] Delta Blast (100) 
<br>Discard a Metal Energy card attached to Salamence."
88902,Salamence (Delta Species),Salamence Delta Species,https://tcgplayer-cdn.tcgplayer.com/product/88902_200w.jpg,3,1429,https://cpt.tcgcsv.com/3BK,2024-04-11T18:20:36.523,1,14/113,Holo Rare,Metal Fire,110,Stage 2,,"[1R] Fire Dance (30) 
<br>Search your discard pile for a Fire Energy card and attach it to 1 of your Pokemon.",C,FR,1,19.19,50.6,95.68,84.33,,Reverse Holofoil,"[2MR] Delta Blast (100) 
<br>Discard a Metal Energy card attached to Salamence."
88923,Sandshrew,Sandshrew,https://tcgplayer-cdn.tcgplayer.com/product/88923_200w.jpg,3,1429,https://cpt.tcgcsv.com/tBK,2024-04-11T18:20:30.61,1,82/113,Common,Fighting,50,Basic,,"[F] Dig Under 
<br>Choose 1 of your opponent's Pokemon.  This attack does 10 damage to that Pokemon.  This attack's damage isn't affected by Weakness or Resistance.",G,None,1,0.99,1.7,2.49,1.75,,Normal,[2] Scratch (20)
88923,Sandshrew,Sandshrew,https://tcgplayer-cdn.tcgplayer.com/product/88923_200w.jpg,3,1429,https://cpt.tcgcsv.com/tBK,2024-04-11T18:20:30.61,1,82/113,Common,Fighting,50,Basic,,"[F] Dig Under 
<br>Choose 1 of your opponent's Pokemon.  This attack does 10 damage to that Pokemon.  This attack's damage isn't affected by Weakness or Resistance.",G,None,1,18.91,20.25,27.3,18.91,,Reverse Holofoil,[2] Scratch (20)
88936,Sandslash (Delta Species),Sandslash Delta Species,https://tcgplayer-cdn.tcgplayer.com/product/88936_200w.jpg,3,1429,https://cpt.tcgcsv.com/LBK,2024-04-11T18:20:25.16,1,27/113,Rare,Metal Fighting,80,Stage 1,"<b>Poke-BODY</b> Delta Storm
<br>As long as Sandslash is your Active Pokemon, put 1 damage counter on each of your opponent's Pokemon-ex between turns.","[1F] Rend (20+) 
<br>If the Defending Pokemon already has any damage counters on it, this attack does 20 damage plus 20 more damage.",G,None,1,2.0,2.79,5.99,3.29,,Normal,[2M] Slash (50)
88936,Sandslash (Delta Species),Sandslash Delta Species,https://tcgplayer-cdn.tcgplayer.com/product/88936_200w.jpg,3,1429,https://cpt.tcgcsv.com/LBK,2024-04-11T18:20:25.16,1,27/113,Rare,Metal Fighting,80,Stage 1,"<b>Poke-BODY</b> Delta Storm
<br>As long as Sandslash is your Active Pokemon, put 1 damage counter on each of your opponent's Pokemon-ex between turns.","[1F] Rend (20+) 
<br>If the Defending Pokemon already has any damage counters on it, this attack does 20 damage plus 20 more damage.",G,None,1,16.58,21.19,24.99,20.81,24.99,Reverse Holofoil,[2M] Slash (50)
89132,Shelgon - 053/113 (Delta Species),Shelgon 053 113 Delta Species,https://tcgplayer-cdn.tcgplayer.com/product/89132_200w.jpg,3,1429,https://cpt.tcgcsv.com/GGK,2024-04-11T18:20:20.687,1,53/113,Uncommon,Fire,80,Stage 1,,"[R] Tight Jaw (10) 
<br>Flip a coin.  If heads, the Defending Pokemon is now Paralyzed.",C,FR,2,0.4,1.06,2.49,1.19,,Normal,[2R] Combustion (40)
89132,Shelgon - 053/113 (Delta Species),Shelgon 053 113 Delta Species,https://tcgplayer-cdn.tcgplayer.com/product/89132_200w.jpg,3,1429,https://cpt.tcgcsv.com/GGK,2024-04-11T18:20:20.687,1,53/113,Uncommon,Fire,80,Stage 1,,"[R] Tight Jaw (10) 
<br>Flip a coin.  If heads, the Defending Pokemon is now Paralyzed.",C,FR,2,4.72,4.75,5.01,6.87,,Reverse Holofoil,[2R] Combustion (40)
89133,Shelgon - 054/113 (Delta Species),Shelgon 054 113 Delta Species,https://tcgplayer-cdn.tcgplayer.com/product/89133_200w.jpg,3,1429,https://cpt.tcgcsv.com/HGK,2024-04-11T18:20:15.217,1,54/113,Uncommon,Fire,70,Stage 1,"<b>Poke-BODY</b> Exoskeleton 
<br>Any damage done to Shelgon by attacks is reduced by 10 <em>(after applying Weakness and Resistance). </em>",[1R] Heat Blast (30),C,FR,2,1.0,2.19,4.99,2.23,1.23,Normal,
89133,Shelgon - 054/113 (Delta Species),Shelgon 054 113 Delta Species,https://tcgplayer-cdn.tcgplayer.com/product/89133_200w.jpg,3,1429,https://cpt.tcgcsv.com/HGK,2024-04-11T18:20:15.217,1,54/113,Uncommon,Fire,70,Stage 1,"<b>Poke-BODY</b> Exoskeleton 
<br>Any damage done to Shelgon by attacks is reduced by 10 <em>(after applying Weakness and Resistance). </em>",[1R] Heat Blast (30),C,FR,2,3.48,4.12,19.99,6.27,,Reverse Holofoil,
89239,Skarmory,Skarmory,https://tcgplayer-cdn.tcgplayer.com/product/89239_200w.jpg,3,1429,https://cpt.tcgcsv.com/PJK,2024-04-11T18:20:08.163,1,55/113,Uncommon,Metal,70,Basic,"<b>Poke-BODY</b> Shining Horn 
<br>As long as Skarmory is the only Pokemon you have in play, your opponent's Basic Pokemon can't attack.","[1] Cry for Help
<br>Search your deck for a Metal Pokemon <i>(excluding Pokemon-ex)</i>, show it to your opponent, and put it into your hand.  Shuffle your deck afterward.",R,G,1,0.85,2.12,3.01,2.15,1.9,Normal,"[1M] Steel Wing (20)
<br>During your opponent's next turn, any damage done to Skarmory by attacks is reduced by 20 <i>(after applying Weakness and Resistance).</i>"
89239,Skarmory,Skarmory,https://tcgplayer-cdn.tcgplayer.com/product/89239_200w.jpg,3,1429,https://cpt.tcgcsv.com/PJK,2024-04-11T18:20:08.163,1,55/113,Uncommon,Metal,70,Basic,"<b>Poke-BODY</b> Shining Horn 
<br>As long as Skarmory is the only Pokemon you have in play, your opponent's Basic Pokemon can't attack.","[1] Cry for Help
<br>Search your deck for a Metal Pokemon <i>(excluding Pokemon-ex)</i>, show it to your opponent, and put it into your hand.  Shuffle your deck afterward.",R,G,1,11.88,17.6,99.99,15.16,,Reverse Holofoil,"[1M] Steel Wing (20)
<br>During your opponent's next turn, any damage done to Skarmory by attacks is reduced by 20 <i>(after applying Weakness and Resistance).</i>"
89315,Slowking,Slowking,https://tcgplayer-cdn.tcgplayer.com/product/89315_200w.jpg,3,1429,https://cpt.tcgcsv.com/kLK,2024-04-11T18:20:00.507,1,28/113,Rare,Water,80,Stage 1,"<b>Poke-POWER</b> Prize Shift  
<br>Once during your turn <em>(before your attack)</em>, you may choose a card from your hand and put it as a Prize card face up.  If you do, choose 1 of your face-down Prize cards without looking and put it into your hand.  This power can't be used if Slowking is affected by a Special Condition or if all of your Prize cards are face up.","[2] Psychic Option (20+) 
<br>If Slowking has a Water Energy card attached to it, this attack does 20 damage plus 20 more damage.  If Slowking has a Psychic Energy card attached to it, discard a Special Energy card attached to the Defending Pokemon, if any.",L,None,1,1.81,3.32,5.77,3.37,,Normal,
89315,Slowking,Slowking,https://tcgplayer-cdn.tcgplayer.com/product/89315_200w.jpg,3,1429,https://cpt.tcgcsv.com/kLK,2024-04-11T18:20:00.507,1,28/113,Rare,Water,80,Stage 1,"<b>Poke-POWER</b> Prize Shift  
<br>Once during your turn <em>(before your attack)</em>, you may choose a card from your hand and put it as a Prize card face up.  If you do, choose 1 of your face-down Prize cards without looking and put it into your hand.  This power can't be used if Slowking is affected by a Special Condition or if all of your Prize cards are face up.","[2] Psychic Option (20+) 
<br>If Slowking has a Water Energy card attached to it, this attack does 20 damage plus 20 more damage.  If Slowking has a Psychic Energy card attached to it, discard a Special Energy card attached to the Defending Pokemon, if any.",L,None,1,6.75,6.79,9.99,16.08,,Reverse Holofoil,
89330,Slowpoke,Slowpoke,https://tcgplayer-cdn.tcgplayer.com/product/89330_200w.jpg,3,1429,https://cpt.tcgcsv.com/DLK,2024-04-11T18:19:54.643,1,83/113,Common,Water,50,Basic,,"[1] Yawn 
<br>The Defending Pokemon is now Asleep.",L,None,1,0.4,1.49,4.95,1.66,,Normal,[2] Tackle (20)
89330,Slowpoke,Slowpoke,https://tcgplayer-cdn.tcgplayer.com/product/89330_200w.jpg,3,1429,https://cpt.tcgcsv.com/DLK,2024-04-11T18:19:54.643,1,83/113,Common,Water,50,Basic,,"[1] Yawn 
<br>The Defending Pokemon is now Asleep.",L,None,1,5.81,21.91,38.0,13.32,,Reverse Holofoil,[2] Tackle (20)
89409,Snow-cloud Castform,Snow cloud Castform,https://tcgplayer-cdn.tcgplayer.com/product/89409_200w.jpg,3,1429,https://cpt.tcgcsv.com/cNK,2024-04-11T18:19:49.787,1,29/113,Rare,Water,70,Basic,"<b>Poke-POWER</b> Temperamental Weather 
<br>Once during your turn <em>(before you attack)</em>, you may search your deck for Castform, Rain Castform, or Sunny Castform and switch it with Snow-cloud Castform.  <em>(Any cards attached to Snow-cloud Castform, damage counters, Special Conditions, and effects on it are now on the new Pokemon.)</em>  Shuffle Snow-cloud Castform back into your deck.  You can't use more than 1 Temperamental Weather Poke-Power each turn.","[1W] Holon Blizzard (20) 
<br>If Snow-cloud Castform has any Holon Energy attached to it, this attack does 10 damage for each of your opponent's Benched Pokemon. <i> (Don't apply Weakness and Resistance for Benched Pokemon.)</i>",M,None,2,1.4,3.36,5.31,2.8,,Normal,
89409,Snow-cloud Castform,Snow cloud Castform,https://tcgplayer-cdn.tcgplayer.com/product/89409_200w.jpg,3,1429,https://cpt.tcgcsv.com/cNK,2024-04-11T18:19:49.787,1,29/113,Rare,Water,70,Basic,"<b>Poke-POWER</b> Temperamental Weather 
<br>Once during your turn <em>(before you attack)</em>, you may search your deck for Castform, Rain Castform, or Sunny Castform and switch it with Snow-cloud Castform.  <em>(Any cards attached to Snow-cloud Castform, damage counters, Special Conditions, and effects on it are now on the new Pokemon.)</em>  Shuffle Snow-cloud Castform back into your deck.  You can't use more than 1 Temperamental Weather Poke-Power each turn.","[1W] Holon Blizzard (20) 
<br>If Snow-cloud Castform has any Holon Energy attached to it, this attack does 10 damage for each of your opponent's Benched Pokemon. <i> (Don't apply Weakness and Resistance for Benched Pokemon.)</i>",M,None,2,6.0,16.43,27.48,7.58,,Reverse Holofoil,
89540,Starmie - 015/113 (Delta Species),Starmie 015 113 Delta Species,https://tcgplayer-cdn.tcgplayer.com/product/89540_200w.jpg,3,1429,https://cpt.tcgcsv.com/QQK,2024-04-11T18:19:44.28,1,15/113,Holo Rare,Metal Water,60,Stage 1,"<b>Poke-POWER</b> Metal Navigation 
<br>Once during your turn <em>(before your attack)</em>, you may search your deck for a Metal Energy card and attach it to Starmie.  Shuffle your deck afterward.  This power can't be used if Starmie is affected by a Special Condition.","[W] Collect 
<br>Draw 3 cards.",L,None,0,11.2,19.44,36.81,22.27,,Holofoil,"[M] Energy Loop (30) 
<br>Return an Energy card attached to Starmie to your hand."
89540,Starmie - 015/113 (Delta Species),Starmie 015 113 Delta Species,https://tcgplayer-cdn.tcgplayer.com/product/89540_200w.jpg,3,1429,https://cpt.tcgcsv.com/QQK,2024-04-11T18:19:44.28,1,15/113,Holo Rare,Metal Water,60,Stage 1,"<b>Poke-POWER</b> Metal Navigation 
<br>Once during your turn <em>(before your attack)</em>, you may search your deck for a Metal Energy card and attach it to Starmie.  Shuffle your deck afterward.  This power can't be used if Starmie is affected by a Special Condition.","[W] Collect 
<br>Draw 3 cards.",L,None,0,18.49,22.6,49.99,21.04,,Reverse Holofoil,"[M] Energy Loop (30) 
<br>Return an Energy card attached to Starmie to your hand."
89541,Starmie - 030/113 (Delta Species),Starmie 030 113 Delta Species,https://tcgplayer-cdn.tcgplayer.com/product/89541_200w.jpg,3,1429,https://cpt.tcgcsv.com/RQK,2024-04-11T18:19:39.103,1,30/113,Rare,Water,70,Stage 1,,[W] Surf (20),L,None,1,2.22,2.77,5.0,2.47,2.33,Normal,"[3] Swift (50) 
<br>This attack's damage isn't affected by Weakness, Resistance, Poke-Powers, Poke-Bodies, or any other effects on the Defending Pokemon."
89541,Starmie - 030/113 (Delta Species),Starmie 030 113 Delta Species,https://tcgplayer-cdn.tcgplayer.com/product/89541_200w.jpg,3,1429,https://cpt.tcgcsv.com/RQK,2024-04-11T18:19:39.103,1,30/113,Rare,Water,70,Stage 1,,[W] Surf (20),L,None,1,10.77,18.5,29.99,18.8,,Reverse Holofoil,"[3] Swift (50) 
<br>This attack's damage isn't affected by Weakness, Resistance, Poke-Powers, Poke-Bodies, or any other effects on the Defending Pokemon."
89548,Staryu - 084/113,Staryu 084 113,https://tcgplayer-cdn.tcgplayer.com/product/89548_200w.jpg,3,1429,https://cpt.tcgcsv.com/-QK,2024-04-11T18:19:33.867,1,84/113,Common,Water,50,Basic,,[1] Tackle (10),L,None,1,0.25,0.5,2.0,0.52,,Normal,[1W] Spinning Attack (20)
89548,Staryu - 084/113,Staryu 084 113,https://tcgplayer-cdn.tcgplayer.com/product/89548_200w.jpg,3,1429,https://cpt.tcgcsv.com/-QK,2024-04-11T18:19:33.867,1,84/113,Common,Water,50,Basic,,[1] Tackle (10),L,None,1,5.39,7.17,8.6,7.25,,Reverse Holofoil,[1W] Spinning Attack (20)
89549,Staryu - 085/113,Staryu 085 113,https://tcgplayer-cdn.tcgplayer.com/product/89549_200w.jpg,3,1429,https://cpt.tcgcsv.com/_QK,2024-04-11T18:19:28.053,1,85/113,Common,Water,50,Basic,,"[1] Surprise Attack (20) 
<br>Flip a coin.  If tails, this attack does nothing.",L,,1,0.19,0.47,1.53,0.57,,Normal,"[W] Recover 
<br>Discard a Water Energy card attached to Staryu and remove 4 damage counters from Staryu<i> (all if there are less than 4).</i>"
89549,Staryu - 085/113,Staryu 085 113,https://tcgplayer-cdn.tcgplayer.com/product/89549_200w.jpg,3,1429,https://cpt.tcgcsv.com/_QK,2024-04-11T18:19:28.053,1,85/113,Common,Water,50,Basic,,"[1] Surprise Attack (20) 
<br>Flip a coin.  If tails, this attack does nothing.",L,,1,6.98,7.49,12.11,4.57,,Reverse Holofoil,"[W] Recover 
<br>Discard a Water Energy card attached to Staryu and remove 4 damage counters from Staryu<i> (all if there are less than 4).</i>"
89624,Sunny Castform,Sunny Castform,https://tcgplayer-cdn.tcgplayer.com/product/89624_200w.jpg,3,1429,https://cpt.tcgcsv.com/vSK,2024-04-11T18:19:21.417,1,31/113,Rare,Fire,70,Basic,"<b>Poke-POWER</b> Temperamental Weather  
<br>Once during your turn <em>(before you attack)</em>, you may search your deck for Castform, Rain Castform, or Snow-cloud Castform and switch it with Sunny Castform.  <em>(Any cards attached to Sunny Castform, damage counters, Special Conditions, and effects on it are now on the new Pokemon.) </em> Shuffle Sunny Castform back into your deck.  You can't use more than 1 Temperamental Weather Poke-Power each turn.","[2] Holon Search 
<br>Search your deck for a Holon Energy card and attach it to 1 of your Pokemon.  Shuffle your deck afterward.",W,None,2,1.69,3.44,6.0,3.49,,Normal,
89624,Sunny Castform,Sunny Castform,https://tcgplayer-cdn.tcgplayer.com/product/89624_200w.jpg,3,1429,https://cpt.tcgcsv.com/vSK,2024-04-11T18:19:21.417,1,31/113,Rare,Fire,70,Basic,"<b>Poke-POWER</b> Temperamental Weather  
<br>Once during your turn <em>(before you attack)</em>, you may search your deck for Castform, Rain Castform, or Snow-cloud Castform and switch it with Sunny Castform.  <em>(Any cards attached to Sunny Castform, damage counters, Special Conditions, and effects on it are now on the new Pokemon.) </em> Shuffle Sunny Castform back into your deck.  You can't use more than 1 Temperamental Weather Poke-Power each turn.","[2] Holon Search 
<br>Search your deck for a Holon Energy card and attach it to 1 of your Pokemon.  Shuffle your deck afterward.",W,None,2,15.99,20.09,39.54,24.12,,Reverse Holofoil,
89637,Super Scoop Up,Super Scoop Up,https://tcgplayer-cdn.tcgplayer.com/product/89637_200w.jpg,3,1429,https://cpt.tcgcsv.com/MSK,2022-12-01T20:45:35.323,1,100/113,Uncommon,Item,,,"Flip a coin.  If heads, return 1 of your Pokemon and all cards attached to it to your hand.",,,,,0.69,0.93,3.97,0.91,,Normal,
89637,Super Scoop Up,Super Scoop Up,https://tcgplayer-cdn.tcgplayer.com/product/89637_200w.jpg,3,1429,https://cpt.tcgcsv.com/MSK,2022-12-01T20:45:35.323,1,100/113,Uncommon,Item,,,"Flip a coin.  If heads, return 1 of your Pokemon and all cards attached to it to your hand.",,,,,3.99,5.0,9.75,5.22,,Reverse Holofoil,
89693,Swellow,Swellow,https://tcgplayer-cdn.tcgplayer.com/product/89693_200w.jpg,3,1429,https://cpt.tcgcsv.com/TTK,2024-04-11T18:19:13.293,1,32/113,Rare,Colorless,70,Stage 1,,"[1] Steep Dive 
<br>Flip a coin.  If heads, prevent all effects of an attack, including damage, done to Swellow during your opponent's next turn.  If tails, during your next turn, Swellow's Glide attack's base damage is 100.",L,F,0,0.4,0.74,1.99,0.79,,Normal,[3] Glide (40)
89693,Swellow,Swellow,https://tcgplayer-cdn.tcgplayer.com/product/89693_200w.jpg,3,1429,https://cpt.tcgcsv.com/TTK,2024-04-11T18:19:13.293,1,32/113,Rare,Colorless,70,Stage 1,,"[1] Steep Dive 
<br>Flip a coin.  If heads, prevent all effects of an attack, including damage, done to Swellow during your opponent's next turn.  If tails, during your next turn, Swellow's Glide attack's base damage is 100.",L,F,0,2.69,4.11,7.86,6.03,,Reverse Holofoil,[3] Glide (40)
89713,Switch,Switch,https://tcgplayer-cdn.tcgplayer.com/product/89713_200w.jpg,3,1429,https://cpt.tcgcsv.com/hVK,2022-12-01T20:45:57.567,1,102/113,Common,Item,,,Switch 1 of your Active Pokemon with 1 of your Benched Pokemon.,,,,,0.1,0.25,1.99,0.25,0.2,Normal,
89713,Switch,Switch,https://tcgplayer-cdn.tcgplayer.com/product/89713_200w.jpg,3,1429,https://cpt.tcgcsv.com/hVK,2022-12-01T20:45:57.567,1,102/113,Common,Item,,,Switch 1 of your Active Pokemon with 1 of your Benched Pokemon.,,,,,3.83,5.38,8.07,4.01,,Reverse Holofoil,
89734,Taillow,Taillow,https://tcgplayer-cdn.tcgplayer.com/product/89734_200w.jpg,3,1429,https://cpt.tcgcsv.com/JVK,2024-04-11T18:18:18.18,1,86/113,Common,Colorless,40,Basic,,"[1] Skill Dive 
<br>Does 10 damage to 1 of your opponent's Pokemon. <i> (Don't apply Weakness and Resistance for Benched Pokemon.)",L,F,1,0.13,0.31,3.0,0.3,,Normal,
89734,Taillow,Taillow,https://tcgplayer-cdn.tcgplayer.com/product/89734_200w.jpg,3,1429,https://cpt.tcgcsv.com/JVK,2024-04-11T18:18:18.18,1,86/113,Common,Colorless,40,Basic,,"[1] Skill Dive 
<br>Does 10 damage to 1 of your opponent's Pokemon. <i> (Don't apply Weakness and Resistance for Benched Pokemon.)",L,F,1,2.25,4.62,6.99,6.64,,Reverse Holofoil,
90123,Tyranitar (Delta Species),Tyranitar Delta Species,https://tcgplayer-cdn.tcgplayer.com/product/90123_200w.jpg,3,1429,https://cpt.tcgcsv.com/t3L,2024-04-11T18:18:11.977,1,16/113,Holo Rare,Metal Fire,120,Stage 2,"<b>Poke-POWER</b> Crush Draw 
<br>Once during your turn <em>(before you attack)</em>, you may reveal the top card of your deck.  If that card is a basic Energy card, attach it to 1 of your Pokemon.  If not, put the card back on your deck.  This power can't be used if Tyranitar is affected by a Special Condition.","[1MR] Delta Crush (50+) 
<br>You may discard an Energy card attached to Tyranitar.  If you do, this attack does 50 damage plus 20 more damage.",G,None,2,50.0,88.5,99.0,79.22,,Holofoil,
90123,Tyranitar (Delta Species),Tyranitar Delta Species,https://tcgplayer-cdn.tcgplayer.com/product/90123_200w.jpg,3,1429,https://cpt.tcgcsv.com/t3L,2024-04-11T18:18:11.977,1,16/113,Holo Rare,Metal Fire,120,Stage 2,"<b>Poke-POWER</b> Crush Draw 
<br>Once during your turn <em>(before you attack)</em>, you may reveal the top card of your deck.  If that card is a basic Energy card, attach it to 1 of your Pokemon.  If not, put the card back on your deck.  This power can't be used if Tyranitar is affected by a Special Condition.","[1MR] Delta Crush (50+) 
<br>You may discard an Energy card attached to Tyranitar.  If you do, this attack does 50 damage plus 20 more damage.",G,None,2,200.62,200.67,219.99,255.0,,Reverse Holofoil,
90151,Umbreon (Delta Species),Umbreon Delta Species,https://tcgplayer-cdn.tcgplayer.com/product/90151_200w.jpg,3,1429,https://cpt.tcgcsv.com/25L,2024-04-11T18:17:24.667,1,17/113,Holo Rare,Darkness Metal,70,Stage 1,"<b>Poke-BODY</b> Delta Moon
<br>When your opponent attaches a Special Energy card from his or her hand to 1 of his or her Pokemon, put 1 damage counter on that Pokemon.  You can't use more than 1 Delta Moon Poke-Body each turn.","[DM] Feint Attack  
<br>Choose 1 of your opponent's Pokemon.  This attack does 30 damage to that Pokemon.  This attack's damage isn't affected by Weakness, Resistance, Poke-Powers, Poke-Bodies, or any other effect on that Pokemon.",F,P,1,100.0,204.47,479.0,249.83,,Holofoil,
90151,Umbreon (Delta Species),Umbreon Delta Species,https://tcgplayer-cdn.tcgplayer.com/product/90151_200w.jpg,3,1429,https://cpt.tcgcsv.com/25L,2024-04-11T18:17:24.667,1,17/113,Holo Rare,Darkness Metal,70,Stage 1,"<b>Poke-BODY</b> Delta Moon
<br>When your opponent attaches a Special Energy card from his or her hand to 1 of his or her Pokemon, put 1 damage counter on that Pokemon.  You can't use more than 1 Delta Moon Poke-Body each turn.","[DM] Feint Attack  
<br>Choose 1 of your opponent's Pokemon.  This attack does 30 damage to that Pokemon.  This attack's damage isn't affected by Weakness, Resistance, Poke-Powers, Poke-Bodies, or any other effect on that Pokemon.",F,P,1,324.99,360.1,360.13,262.62,,Reverse Holofoil,
90290,Vaporeon (Delta Species),Vaporeon Delta Species,https://tcgplayer-cdn.tcgplayer.com/product/90290_200w.jpg,3,1429,https://cpt.tcgcsv.com/Q7L,2024-04-11T18:13:37.473,1,18/113,Holo Rare,Metal Water,70,Stage 1,,"[1] Delta Search (10) 
<br>Search your deck for a Holon Energy card and attach it to Vaporeon.  Shuffle your deck afterward.",L,None,1,45.75,53.09,76.35,75.12,53.09,Holofoil,"[1MW] Return Wave (50) 
<br>You may return an Energy card attached to Vaporeon to your hand.  If you do, choose an Energy card attached to the Defending Pokemon and return it to your opponent's hand."
90290,Vaporeon (Delta Species),Vaporeon Delta Species,https://tcgplayer-cdn.tcgplayer.com/product/90290_200w.jpg,3,1429,https://cpt.tcgcsv.com/Q7L,2024-04-11T18:13:37.473,1,18/113,Holo Rare,Metal Water,70,Stage 1,,"[1] Delta Search (10) 
<br>Search your deck for a Holon Energy card and attach it to Vaporeon.  Shuffle your deck afterward.",L,None,1,55.0,60.0,175.0,128.24,,Reverse Holofoil,"[1MW] Return Wave (50) 
<br>You may return an Energy card attached to Vaporeon to your hand.  If you do, choose an Energy card attached to the Defending Pokemon and return it to your opponent's hand."
90293,Vaporeon ex,Vaporeon ex,https://tcgplayer-cdn.tcgplayer.com/product/90293_200w.jpg,3,1429,https://cpt.tcgcsv.com/T7L,2022-12-01T20:47:02.093,1,110/113,Ultra Rare,Water,120,Stage 1,"<b>Poke-POWER</b> Evolutionary Swirl 
<br>Once during your turn, when you play Vaporeon ex from your hand to evolve 1 of your Pokemon, you may have your opponent shuffle his or her hand into his or her deck.  Then, your opponent draws up to 4 cards.","[1W] Fastwave (40) 
<br>This attack's damage isn't affected by Resistance, Poke-Powers, Poke-Bodies, or any other effects on the Defending Pokemon.",L,None,1,189.99,220.86,359.99,219.0,262.49,Holofoil,[2W] Hydrosplash (60)
90398,Volbeat,Volbeat,https://tcgplayer-cdn.tcgplayer.com/product/90398_200w.jpg,3,1429,https://cpt.tcgcsv.com/-9L,2024-04-11T18:13:25.967,1,56/113,Uncommon,Grass,60,Basic,"<b>Poke-BODY</b> Extra Protection 
<br>As long as you have Illumise in play, prevent all effects, including damage, done to Volbeat by attacks from your opponent's Pokemon-ex.","[1G] Swift (30) 
<br>This attack's damage isn't affected by Weakness, Resistance, Poke-Powers, Poke-Bodies, or any other effects on the Defending Pokemon.",R,None,1,0.39,0.86,2.0,0.82,,Normal,
90398,Volbeat,Volbeat,https://tcgplayer-cdn.tcgplayer.com/product/90398_200w.jpg,3,1429,https://cpt.tcgcsv.com/-9L,2024-04-11T18:13:25.967,1,56/113,Uncommon,Grass,60,Basic,"<b>Poke-BODY</b> Extra Protection 
<br>As long as you have Illumise in play, prevent all effects, including damage, done to Volbeat by attacks from your opponent's Pokemon-ex.","[1G] Swift (30) 
<br>This attack's damage isn't affected by Weakness, Resistance, Poke-Powers, Poke-Bodies, or any other effects on the Defending Pokemon.",R,None,1,2.9,7.49,9.63,6.49,,Reverse Holofoil,
90543,Weedle,Weedle,https://tcgplayer-cdn.tcgplayer.com/product/90543_200w.jpg,3,1429,https://cpt.tcgcsv.com/TdL,2024-04-11T18:12:28.75,1,87/113,Common,Grass,50,Basic,,"[1] String Shot (10) 
<br>Flip a coin.  If heads, the Defending Pokemon is now Paralyzed.",R,None,1,0.01,0.4,1.49,0.43,0.26,Normal,
90543,Weedle,Weedle,https://tcgplayer-cdn.tcgplayer.com/product/90543_200w.jpg,3,1429,https://cpt.tcgcsv.com/TdL,2024-04-11T18:12:28.75,1,87/113,Common,Grass,50,Basic,,"[1] String Shot (10) 
<br>Flip a coin.  If heads, the Defending Pokemon is now Paralyzed.",R,None,1,1.25,3.06,5.5,8.19,,Reverse Holofoil,
90561,Weezing,Weezing,https://tcgplayer-cdn.tcgplayer.com/product/90561_200w.jpg,3,1429,https://cpt.tcgcsv.com/ffL,2024-04-11T18:12:21.157,1,33/113,Rare,Grass,70,Stage 1,"<b>Poke-BODY</b> Body Odor 
<br>As long as Weezing is the Active Pokemon, put 1 damage counter on each of your opponent's Pokemon that has any Poke-Bodies between turns.","[G] Mist Attack  
<br>Does 10 damage to each of your opponent's Pokemon. <i> (Don't apply Weakness and Resistance for Benched Pokemon.)</i>",P,None,2,0.5,0.91,2.39,0.91,,Normal,[2G] Sludge Whirlpool (50)
90561,Weezing,Weezing,https://tcgplayer-cdn.tcgplayer.com/product/90561_200w.jpg,3,1429,https://cpt.tcgcsv.com/ffL,2024-04-11T18:12:21.157,1,33/113,Rare,Grass,70,Stage 1,"<b>Poke-BODY</b> Body Odor 
<br>As long as Weezing is the Active Pokemon, put 1 damage counter on each of your opponent's Pokemon that has any Poke-Bodies between turns.","[G] Mist Attack  
<br>Does 10 damage to each of your opponent's Pokemon. <i> (Don't apply Weakness and Resistance for Benched Pokemon.)</i>",P,None,2,9.98,11.94,11.95,7.99,,Reverse Holofoil,[2G] Sludge Whirlpool (50)
90773,Zubat,Zubat,https://tcgplayer-cdn.tcgplayer.com/product/90773_200w.jpg,3,1429,https://cpt.tcgcsv.com/tkL,2024-04-11T18:10:04.987,1,88/113,Common,Grass,50,Basic,,"[G] Poison Fang (10) 
<br>Flip a coin.  If heads, the Defending Pokemon is now Poisoned.",P,None,1,0.01,0.5,2.0,0.57,,Normal,
90773,Zubat,Zubat,https://tcgplayer-cdn.tcgplayer.com/product/90773_200w.jpg,3,1429,https://cpt.tcgcsv.com/tkL,2024-04-11T18:10:04.987,1,88/113,Common,Grass,50,Basic,,"[G] Poison Fang (10) 
<br>Flip a coin.  If heads, the Defending Pokemon is now Poisoned.",P,None,1,5.0,16.49,24.99,7.87,,Reverse Holofoil,
98943,Delta Species Booster Box,Delta Species Booster Box,https://tcgplayer-cdn.tcgplayer.com/product/98943_200w.jpg,3,1429,https://cpt.tcgcsv.com/TBP,2015-05-14T18:47:06.08,1,,,,,,,,,,,,,,,,,
98944,Delta Species Booster Pack,Delta Species Booster Pack,https://tcgplayer-cdn.tcgplayer.com/product/98944_200w.jpg,3,1429,https://cpt.tcgcsv.com/VBP,2017-07-22T16:57:48.393,1,,,,,,,,,,,749.95,749.98,750.0,,,Normal,
232863,"Delta Species Theme Deck - ""Breakthrough""",Delta Species Theme Deck Breakthrough,https://tcgplayer-cdn.tcgplayer.com/product/232863_200w.jpg,3,1429,https://cpt.tcgcsv.com/h9T2,2021-02-17T15:27:24.56,1,,,,,,"Reveal your brilliance to your opponents with the Breakthrough theme deck. Using Grass and Lightning Pokémon—and the brand-new Pokémon Delta Species—you'll show your opponents just what a little science can achieve.
<br><br><strong>Contents for each Deck:</strong>
<br>• 1 60-card pre-constructed deck 
<br>• Damage counters 
<br>• 1 coin",,,,,,,,,,,
232864,"Delta Species Theme Deck - ""Steeplechase""",Delta Species Theme Deck Steeplechase,https://tcgplayer-cdn.tcgplayer.com/product/232864_200w.jpg,3,1429,https://cpt.tcgcsv.com/j9T2,2021-02-17T15:31:30.723,1,,,,,,"It's a race you're sure to win when you challenge your opponents with the Steeplechase theme deck. Your Fire and Pokémon Delta Species overrun your opponents and leave them chasing your dust!
<br><br><strong>Contents for each Deck:</strong>
<br>• 1 60-card pre-constructed deck 
<br>• Damage counters 
<br>• 1 coin",,,,,,,,,,,
