productId,name,cleanName,imageUrl,categoryId,groupId,url,modifiedOn,imageCount,extNumber,extRarity,extCardType,extCardText,lowPrice,midPrice,highPrice,marketPrice,directLowPrice,subTypeName,extHP,extStage,extAttack1,extAttack2,extWeakness,extResistance,extRetreatCost,extUPC
83990,Broken Ground Gym,Broken Ground Gym,https://tcgplayer-cdn.tcgplayer.com/product/83990_200w.jpg,3,1444,https://cpt.tcgcsv.com/QCH,2022-11-28T19:06:45.78,1,092/105,Rare,Stadium,"This card stays in play when you play it. Discard this card if another Stadium card comes into play.
<br>
Each player pays 1 Colorless more to retreat a Baby Pokémon or Basic Pokémon.",14.75,15.12,15.49,13.82,,1st Edition,,,,,,,,
83990,Broken Ground Gym,Broken Ground Gym,https://tcgplayer-cdn.tcgplayer.com/product/83990_200w.jpg,3,1444,https://cpt.tcgcsv.com/QCH,2022-11-28T19:06:45.78,1,092/105,Rare,Stadium,"This card stays in play when you play it. Discard this card if another Stadium card comes into play.
<br>
Each player pays 1 Colorless more to retreat a Baby Pokémon or Basic Pokémon.",7.66,9.29,19.0,9.28,,Unlimited,,,,,,,,
84170,Chansey,Chansey,https://tcgplayer-cdn.tcgplayer.com/product/84170_200w.jpg,3,1444,https://cpt.tcgcsv.com/qHH,2022-11-28T19:08:20.843,1,031/105,Uncommon,Colorless,,9.16,30.0,30.0,11.14,,1st Edition,90,Basic,"[2] Double Slap (20x)
<br>Flip 2 coins. This attack does 20 damage times the number of heads.","[3] Egg Toss (80)
<br>Flip 2 coins. If either is tails, this attack does nothing.",F,P-30,2,
84170,Chansey,Chansey,https://tcgplayer-cdn.tcgplayer.com/product/84170_200w.jpg,3,1444,https://cpt.tcgcsv.com/qHH,2022-11-28T19:08:20.843,1,031/105,Uncommon,Colorless,,6.0,8.58,12.99,8.33,,Unlimited,90,Basic,"[2] Double Slap (20x)
<br>Flip 2 coins. This attack does 20 damage times the number of heads.","[3] Egg Toss (80)
<br>Flip 2 coins. If either is tails, this attack does nothing.",F,P-30,2,
84448,Counterattack Claws,Counterattack Claws,https://tcgplayer-cdn.tcgplayer.com/product/84448_200w.jpg,3,1444,https://cpt.tcgcsv.com/-NH,2022-11-28T19:09:30.103,1,097/105,Uncommon,Tool,"Attach Counterrattack Claws to 1 of your Pokémon that doesn't have a Pokémon Tool attached to it.
<br>
During your opponent's turn, if the Pokémon Counterattack Claws is attached to is your Active Pokémon and an opponent's attack damages it (even if it is Knocked Out), flip a coin. If heads, put 2 damage counters on the Defending Pokémon. Then, discard Counterattack Claws.",1.58,2.1,4.51,2.05,,1st Edition,,,,,,,,
84448,Counterattack Claws,Counterattack Claws,https://tcgplayer-cdn.tcgplayer.com/product/84448_200w.jpg,3,1444,https://cpt.tcgcsv.com/-NH,2022-11-28T19:09:30.103,1,097/105,Uncommon,Tool,"Attach Counterrattack Claws to 1 of your Pokémon that doesn't have a Pokémon Tool attached to it.
<br>
During your opponent's turn, if the Pokémon Counterattack Claws is attached to is your Active Pokémon and an opponent's attack damages it (even if it is Knocked Out), flip a coin. If heads, put 2 damage counters on the Defending Pokémon. Then, discard Counterattack Claws.",0.35,0.74,2.2,0.67,,Unlimited,,,,,,,,
84546,Cyndaquil,Cyndaquil,https://tcgplayer-cdn.tcgplayer.com/product/84546_200w.jpg,3,1444,https://cpt.tcgcsv.com/XQH,2022-11-28T19:10:23.46,1,061/105,Common,Fire,,5.0,7.08,19.0,7.67,,1st Edition,40,Basic,"[R] Smokescreen (10)
<br>If the Defending Pokémon tries to attack during your opponent's next turn, your opponent flips a coin. If tails, that attack does nothing.",,W,,1,
84546,Cyndaquil,Cyndaquil,https://tcgplayer-cdn.tcgplayer.com/product/84546_200w.jpg,3,1444,https://cpt.tcgcsv.com/XQH,2022-11-28T19:10:23.46,1,061/105,Common,Fire,,0.49,1.18,501.5,1.26,,Unlimited,40,Basic,"[R] Smokescreen (10)
<br>If the Defending Pokémon tries to attack during your opponent's next turn, your opponent flips a coin. If tails, that attack does nothing.",,W,,1,
84561,Dark Ampharos,Dark Ampharos,https://tcgplayer-cdn.tcgplayer.com/product/84561_200w.jpg,3,1444,https://cpt.tcgcsv.com/fRH,2022-11-28T19:12:07.233,1,001/105,Holo Rare,Lightning,"<strong>Pokémon Power: Conductivity</strong> Whenever your opponent attaches an Energy card from his or her hand to a Pokémon, this power does 10 damage to that Pokémon. <em>(Don't apply Weakness and Resistance.)</em> This power stops working if you have more than 1 Dark Ampharos in play or while Dark Ampharos is Asleep, Confused, or Paralyzed.",109.49,149.97,171.2,200.0,,1st Edition Holofoil,70,Stage 2,"[2L] Shock Bolt (50)
<br>Discard all Lightning Energy cards attached to this Pokémon in order to use this attack.",,F,,2,
84561,Dark Ampharos,Dark Ampharos,https://tcgplayer-cdn.tcgplayer.com/product/84561_200w.jpg,3,1444,https://cpt.tcgcsv.com/fRH,2022-11-28T19:12:07.233,1,001/105,Holo Rare,Lightning,"<strong>Pokémon Power: Conductivity</strong> Whenever your opponent attaches an Energy card from his or her hand to a Pokémon, this power does 10 damage to that Pokémon. <em>(Don't apply Weakness and Resistance.)</em> This power stops working if you have more than 1 Dark Ampharos in play or while Dark Ampharos is Asleep, Confused, or Paralyzed.",39.87,45.0,90.0,79.25,,Unlimited Holofoil,70,Stage 2,"[2L] Shock Bolt (50)
<br>Discard all Lightning Energy cards attached to this Pokémon in order to use this attack.",,F,,2,
84566,Dark Ariados,Dark Ariados,https://tcgplayer-cdn.tcgplayer.com/product/84566_200w.jpg,3,1444,https://cpt.tcgcsv.com/lRH,2022-11-28T19:14:34.087,1,017/105,Rare,Grass,,5.9,11.31,20.24,11.09,,1st Edition,60,Stage 1,"[G] Entangle
<br>If your opponent has any Benched Pokémon, choose 1 of them and switch it with the Defending Pokémon, then flip a coin. If heads, the new Defending Pokémon is now Paralyzed.","[GGG] Poison Bind (30)
<br>The Defending Pokémon is now Poisoned. Flip a coin. If heads, the Defending Pokémon can't retreat until the end of your opponent's next turn and if the effect of an attack, Pokémon Power, or Trainer card would change that player's Active Pokémon, that part of the effect does nothing.",R,,2,
84566,Dark Ariados,Dark Ariados,https://tcgplayer-cdn.tcgplayer.com/product/84566_200w.jpg,3,1444,https://cpt.tcgcsv.com/lRH,2022-11-28T19:14:34.087,1,017/105,Rare,Grass,,3.5,5.17,8.75,4.95,,Unlimited,60,Stage 1,"[G] Entangle
<br>If your opponent has any Benched Pokémon, choose 1 of them and switch it with the Defending Pokémon, then flip a coin. If heads, the new Defending Pokémon is now Paralyzed.","[GGG] Poison Bind (30)
<br>The Defending Pokémon is now Poisoned. Flip a coin. If heads, the Defending Pokémon can't retreat until the end of your opponent's next turn and if the effect of an attack, Pokémon Power, or Trainer card would change that player's Active Pokémon, that part of the effect does nothing.",R,,2,
84576,Dark Crobat,Dark Crobat,https://tcgplayer-cdn.tcgplayer.com/product/84576_200w.jpg,3,1444,https://cpt.tcgcsv.com/xRH,2022-11-28T19:16:42.99,1,002/105,Holo Rare,Grass,"<strong>Pokémon Power: Surprise Bite</strong> When you play Dark Crobat from your hand, you may choose 1 of your opponent's Pokémon. This power does 20 damage to that Pokémon. <em>(Don't apply Weakness and Resistance.)</em>",120.0,120.89,121.78,150.0,,1st Edition Holofoil,70,Stage 2,"[GG] Dark Drain
<br>Flip a coin for each of your opponent's Pokémon. For each heads, this attack does 10 damage to that Pokémon. Don't apply Weakness and Resistance. Remove a number of damage counters from Dark Crobat equal to the damage dealt. If Dark Crobat has fewer damage counters than that, remove all of them.",,P,F-30,,
84576,Dark Crobat,Dark Crobat,https://tcgplayer-cdn.tcgplayer.com/product/84576_200w.jpg,3,1444,https://cpt.tcgcsv.com/xRH,2022-11-28T19:16:42.99,1,002/105,Holo Rare,Grass,"<strong>Pokémon Power: Surprise Bite</strong> When you play Dark Crobat from your hand, you may choose 1 of your opponent's Pokémon. This power does 20 damage to that Pokémon. <em>(Don't apply Weakness and Resistance.)</em>",79.98,99.0,150.0,91.94,,Unlimited Holofoil,70,Stage 2,"[GG] Dark Drain
<br>Flip a coin for each of your opponent's Pokémon. For each heads, this attack does 10 damage to that Pokémon. Don't apply Weakness and Resistance. Remove a number of damage counters from Dark Crobat equal to the damage dealt. If Dark Crobat has fewer damage counters than that, remove all of them.",,P,F-30,,
84578,Dark Croconaw,Dark Croconaw,https://tcgplayer-cdn.tcgplayer.com/product/84578_200w.jpg,3,1444,https://cpt.tcgcsv.com/BRH,2022-11-28T19:18:49.197,1,032/105,Uncommon,Water,,12.06,14.35,16.7,13.93,,1st Edition,60,Stage 1,"[WW] Clamping Jaw (20)
<br>The Defending Pokémon can't retreat during your opponent's next turn. If the Defending Pokémon tries to attack during your opponent's next turn, your opponent flips a coin. If tails, that attack does nothing. <em>(Benching either Pokémon ends this effect.)</em>",,G,,2,
84578,Dark Croconaw,Dark Croconaw,https://tcgplayer-cdn.tcgplayer.com/product/84578_200w.jpg,3,1444,https://cpt.tcgcsv.com/BRH,2022-11-28T19:18:49.197,1,032/105,Uncommon,Water,,2.39,3.82,7.5,4.33,,Unlimited,60,Stage 1,"[WW] Clamping Jaw (20)
<br>The Defending Pokémon can't retreat during your opponent's next turn. If the Defending Pokémon tries to attack during your opponent's next turn, your opponent flips a coin. If tails, that attack does nothing. <em>(Benching either Pokémon ends this effect.)</em>",,G,,2,
84579,Dark Donphan,Dark Donphan,https://tcgplayer-cdn.tcgplayer.com/product/84579_200w.jpg,3,1444,https://cpt.tcgcsv.com/CRH,2022-11-28T19:20:09.737,1,003/105,Holo Rare,Fighting,,80.0,109.5,215.99,77.98,,1st Edition Holofoil,60,Stage 1,"[FF] Tusk Toss
<br>If your opponent has any Benched Pokémon, flip a coin. If heads, return the Defending Pokémon and all cards attached to it to your opponent's hand. If tails, your opponent chooses 1 of his or her Benched Pokémon and switches it with the Defending Pokémon.",[1FF] Giant Tusk (50),G,L-30,3,
84579,Dark Donphan,Dark Donphan,https://tcgplayer-cdn.tcgplayer.com/product/84579_200w.jpg,3,1444,https://cpt.tcgcsv.com/CRH,2022-11-28T19:20:09.737,1,003/105,Holo Rare,Fighting,,33.19,45.83,99.95,55.55,,Unlimited Holofoil,60,Stage 1,"[FF] Tusk Toss
<br>If your opponent has any Benched Pokémon, flip a coin. If heads, return the Defending Pokémon and all cards attached to it to your opponent's hand. If tails, your opponent chooses 1 of his or her Benched Pokémon and switches it with the Defending Pokémon.",[1FF] Giant Tusk (50),G,L-30,3,
84592,Dark Espeon,Dark Espeon,https://tcgplayer-cdn.tcgplayer.com/product/84592_200w.jpg,3,1444,https://cpt.tcgcsv.com/SRH,2023-04-29T10:12:09.223,1,004/105,Holo Rare,Psychic,,450.0,725.0,999.99,437.5,,1st Edition Holofoil,60,Stage 1,"[1] Gouge (10+)
<br>Flip a coin. If heads, this attack does 10 damage plus 10 more damage; if tails, this attack does 10 damage.","[2P] Psysplash
<br>Does 10 damage to each of your opponent's Pokémon for each Energy card attached to that Pokémon. Don't apply Weakness and Resistance.",P,,,
84592,Dark Espeon,Dark Espeon,https://tcgplayer-cdn.tcgplayer.com/product/84592_200w.jpg,3,1444,https://cpt.tcgcsv.com/SRH,2023-04-29T10:12:09.223,1,004/105,Holo Rare,Psychic,,87.9,152.5,250.0,301.62,,Unlimited Holofoil,60,Stage 1,"[1] Gouge (10+)
<br>Flip a coin. If heads, this attack does 10 damage plus 10 more damage; if tails, this attack does 10 damage.","[2P] Psysplash
<br>Does 10 damage to each of your opponent's Pokémon for each Energy card attached to that Pokémon. Don't apply Weakness and Resistance.",P,,,
84593,Dark Exeggcutor,Dark Exeggcutor,https://tcgplayer-cdn.tcgplayer.com/product/84593_200w.jpg,3,1444,https://cpt.tcgcsv.com/TRH,2022-11-28T19:23:35.45,1,033/105,Uncommon,Psychic,,6.5,7.19,7.88,8.67,,1st Edition,60,Stage 1,"[1] Triple Headbutt (10x)
<br>Flip 3 coins. This attack does 10 damage times the number of heads.","[1P] MAX Burst (20x)
<br>Flip a number of coins equal to the number of Energy cards attached to your opponent's Pokémon. This attack does 20 damage times the number of heads.",P,,2,
84593,Dark Exeggcutor,Dark Exeggcutor,https://tcgplayer-cdn.tcgplayer.com/product/84593_200w.jpg,3,1444,https://cpt.tcgcsv.com/TRH,2022-11-28T19:23:35.45,1,033/105,Uncommon,Psychic,,2.35,3.47,7.99,3.84,,Unlimited,60,Stage 1,"[1] Triple Headbutt (10x)
<br>Flip 3 coins. This attack does 10 damage times the number of heads.","[1P] MAX Burst (20x)
<br>Flip a number of coins equal to the number of Energy cards attached to your opponent's Pokémon. This attack does 20 damage times the number of heads.",P,,2,
84594,Dark Feraligatr,Dark Feraligatr,https://tcgplayer-cdn.tcgplayer.com/product/84594_200w.jpg,3,1444,https://cpt.tcgcsv.com/VRH,2022-11-28T19:25:29.967,1,005/105,Holo Rare,Water,"<strong>Pokémon Power: Scare</strong> As long as Dark Feraligatr is your Active Pokémon, all of your opponent's Baby Pokémon Powers stop working and your opponent's Baby Pokémon can't attack. This power stops working while Dark Feraligatr is Asleep, Confused, or Paralyzed.",90.1,98.34,150.95,149.97,,Unlimited Holofoil,80,Stage 2,"[WWW] Crushing Blow (50)
<br>If the Defending Pokémon has any Energy cards attached to it, flip a coin. If heads, choose 1 of those cards and discard it.",,G,,3,
84595,Dark Flaaffy,Dark Flaaffy,https://tcgplayer-cdn.tcgplayer.com/product/84595_200w.jpg,3,1444,https://cpt.tcgcsv.com/WRH,2023-05-26T11:06:04.153,1,034/105,Uncommon,Lightning,,7.2,7.44,7.67,7.67,,1st Edition,60,Stage 1,"[L] High Voltage (10)
<br>Flip a coin. If heads, your opponent can't play Trainer cards during his or her next turn.","[1L] Stun Wave (30)
<br>If the Defending Pokémon has a Pokémon Power, that power stops working until the end of your next turn.",F,,1,
84595,Dark Flaaffy,Dark Flaaffy,https://tcgplayer-cdn.tcgplayer.com/product/84595_200w.jpg,3,1444,https://cpt.tcgcsv.com/WRH,2023-05-26T11:06:04.153,1,034/105,Uncommon,Lightning,,2.13,3.0,4.99,3.21,,Unlimited,60,Stage 1,"[L] High Voltage (10)
<br>Flip a coin. If heads, your opponent can't play Trainer cards during his or her next turn.","[1L] Stun Wave (30)
<br>If the Defending Pokémon has a Pokémon Power, that power stops working until the end of your next turn.",F,,1,
84598,Dark Forretress,Dark Forretress,https://tcgplayer-cdn.tcgplayer.com/product/84598_200w.jpg,3,1444,https://cpt.tcgcsv.com/-RH,2022-11-28T19:28:48.627,1,035/105,Uncommon,Grass,,3.95,4.9,7.49,4.73,7.49,1st Edition,60,Stage 1,"[1] Armor Up
<br>
Until the end of your next turn, if Dark Forretress would be Knocked Out by damage from an attack, flip a coin. If heads, Dark Forretress is not Knocked Out and its remaining HIP become 10 instead.","[GG] Explosion (60)
<br>Dark Forretress does 60 damage to itself.",R,,2,
84598,Dark Forretress,Dark Forretress,https://tcgplayer-cdn.tcgplayer.com/product/84598_200w.jpg,3,1444,https://cpt.tcgcsv.com/-RH,2022-11-28T19:28:48.627,1,035/105,Uncommon,Grass,,1.42,3.33,7.99,3.55,,Unlimited,60,Stage 1,"[1] Armor Up
<br>
Until the end of your next turn, if Dark Forretress would be Knocked Out by damage from an attack, flip a coin. If heads, Dark Forretress is not Knocked Out and its remaining HIP become 10 instead.","[GG] Explosion (60)
<br>Dark Forretress does 60 damage to itself.",R,,2,
84599,Dark Gengar,Dark Gengar,https://tcgplayer-cdn.tcgplayer.com/product/84599_200w.jpg,3,1444,https://cpt.tcgcsv.com/_RH,2022-11-28T19:31:15.423,1,006/105,Holo Rare,Psychic,"<strong>Pokémon Power: Deep Sleep</strong> As long as any Dark Gengar are in play, a player flips 2 coins for each of his or her Pokémon that is Asleep at the end of each turn. If either of them is tails, that Pokémon is still Asleep. This power stops working while Dark Gengar is Asleep, Confused, or Paralyzed.",169.99,240.37,300.0,299.87,,Unlimited Holofoil,70,Stage 2,"[PPP] Pull In (30)
<br>
If your opponent has any Benched Pokémon, you may choose 1 of them and switch it with the Defending Pokémon (before doing damage or other effects of this attack). Either way, the Defending Pokémon is now Asleep.",,,F-30,2,
84609,Dark Haunter,Dark Haunter,https://tcgplayer-cdn.tcgplayer.com/product/84609_200w.jpg,3,1444,https://cpt.tcgcsv.com/cSH,2022-11-28T19:33:49.62,1,036/105,Uncommon,Psychic,,39.99,40.95,49.95,36.01,,1st Edition,50,Stage 1,"[P] Call Back
<br>
Put a Baby Pokémon or Basic Pokémon card from your opponent's discard pile onto his or her Bench. Put 1 damage counter on that Pokémon. <em>(You can't use this attack if your Bench is full.)</em>","[PP] Surround (20)
<br>Flip a coin. If heads, the Defending Pokémon is now Asleep. If tails, the Defending Pokémon can't retreat during your opponent's next turn.",,F-30,,
84609,Dark Haunter,Dark Haunter,https://tcgplayer-cdn.tcgplayer.com/product/84609_200w.jpg,3,1444,https://cpt.tcgcsv.com/cSH,2022-11-28T19:33:49.62,1,036/105,Uncommon,Psychic,,4.0,5.14,40.0,5.9,,Unlimited,50,Stage 1,"[P] Call Back
<br>
Put a Baby Pokémon or Basic Pokémon card from your opponent's discard pile onto his or her Bench. Put 1 damage counter on that Pokémon. <em>(You can't use this attack if your Bench is full.)</em>","[PP] Surround (20)
<br>Flip a coin. If heads, the Defending Pokémon is now Asleep. If tails, the Defending Pokémon can't retreat during your opponent's next turn.",,F-30,,
84610,Dark Houndoom,Dark Houndoom,https://tcgplayer-cdn.tcgplayer.com/product/84610_200w.jpg,3,1444,https://cpt.tcgcsv.com/dSH,2022-11-28T19:35:12.677,1,007/105,Holo Rare,Fire,,80.0,99.5,140.0,124.37,,Unlimited Holofoil,60,Stage 1,"[1] Eerie Howl
<br>If your opponent's Bench isn't full, look at his or her hand. If your opponent has any Baby Pokémon or Basic Pokémon there, choose 1 of them and put it on his or her Bench. Then, switch it with the Defending Pokémon.","[1R] Dark Fire (30+)
<br>If there are any Darkness Energy cards attached to Dark Houndoom, discard 1 of them and this attack does 30 damage plus 20 more damage (plus 10 more for the Darkness Energy you discarded). If there aren't any, this attack does 30 damage.",W,,1,
84622,Dark Magcargo,Dark Magcargo,https://tcgplayer-cdn.tcgplayer.com/product/84622_200w.jpg,3,1444,https://cpt.tcgcsv.com/sSH,2023-03-20T11:26:04.313,1,018/105,Rare,Fire,"<strong>Pokémon Power: Hot Plate</strong> As long as Dark Magcargo is your Active Pokémon, whenever a player puts a Baby Pokémon or a Basic Pokémon onto his or her Bench from his or her hand, this power does 10 damage to that Pokémon. <em>(Don't apply Weakness and Resistance.)</em> This power stops working while Dark Magcargo is Asleep, Confused, or Paralyzed.",14.99,16.0,17.98,11.49,,1st Edition,60,Stage 1,"[RR] Ball of Flame (20)
<br>You may discard a Fire Energy card attached to Dark Magcargo when you use this attack. If you do and if your opponent has any Benched Pokémon, choose 1 of them and this attack does 20 damage to it. <em>(Don't apply Weakness and Resistance for Benched Pokémon.)</em>",,W,,3,
84622,Dark Magcargo,Dark Magcargo,https://tcgplayer-cdn.tcgplayer.com/product/84622_200w.jpg,3,1444,https://cpt.tcgcsv.com/sSH,2023-03-20T11:26:04.313,1,018/105,Rare,Fire,"<strong>Pokémon Power: Hot Plate</strong> As long as Dark Magcargo is your Active Pokémon, whenever a player puts a Baby Pokémon or a Basic Pokémon onto his or her Bench from his or her hand, this power does 10 damage to that Pokémon. <em>(Don't apply Weakness and Resistance.)</em> This power stops working while Dark Magcargo is Asleep, Confused, or Paralyzed.",1.0,2.49,16.75,2.7,,Unlimited,60,Stage 1,"[RR] Ball of Flame (20)
<br>You may discard a Fire Energy card attached to Dark Magcargo when you use this attack. If you do and if your opponent has any Benched Pokémon, choose 1 of them and this attack does 20 damage to it. <em>(Don't apply Weakness and Resistance for Benched Pokémon.)</em>",,W,,3,
84632,Dark Octillery,Dark Octillery,https://tcgplayer-cdn.tcgplayer.com/product/84632_200w.jpg,3,1444,https://cpt.tcgcsv.com/GSH,2022-11-28T19:50:14.037,1,062/105,Common,Water,,1.01,2.49,4.2,2.3,,1st Edition,60,Stage 1,"[W] Ink Blast (20+)
<br>This attack does 20 damage plus 10 more damage for each Energy attached to Dark Octillery but not used to pay for this attack's Energy cost. You can't add more than 20 damage in this way.","[1W] Tentacle Wrap (20)
<br>
Flip a coin. If heads, the Defending Pokémon is now Paralyzed. If tails, during your opponent's next turn, your opponent pays 1 Colorless more to retreat the Defending Pokémon.",L,,2,
84632,Dark Octillery,Dark Octillery,https://tcgplayer-cdn.tcgplayer.com/product/84632_200w.jpg,3,1444,https://cpt.tcgcsv.com/GSH,2022-11-28T19:50:14.037,1,062/105,Common,Water,,0.45,1.1,2.49,1.26,,Unlimited,60,Stage 1,"[W] Ink Blast (20+)
<br>This attack does 20 damage plus 10 more damage for each Energy attached to Dark Octillery but not used to pay for this attack's Energy cost. You can't add more than 20 damage in this way.","[1W] Tentacle Wrap (20)
<br>
Flip a coin. If heads, the Defending Pokémon is now Paralyzed. If tails, during your opponent's next turn, your opponent pays 1 Colorless more to retreat the Defending Pokémon.",L,,2,
84634,Dark Omanyte,Dark Omanyte,https://tcgplayer-cdn.tcgplayer.com/product/84634_200w.jpg,3,1444,https://cpt.tcgcsv.com/JSH,2022-11-28T19:51:53.743,1,037/105,Uncommon,Water,,5.4,6.25,8.45,6.06,,1st Edition,40,Stage 1,"[W] Water Cannon
<br>Choose 1 of your opponent's Pokémon. This attack does 10 damage for each Water Energy card attached to Dark Omanyte. Don't apply Weakness and resistance. You can't do more than 30 damage in this way.",,G,,1,
84634,Dark Omanyte,Dark Omanyte,https://tcgplayer-cdn.tcgplayer.com/product/84634_200w.jpg,3,1444,https://cpt.tcgcsv.com/JSH,2022-11-28T19:51:53.743,1,037/105,Uncommon,Water,,1.81,2.89,12.0,3.17,,Unlimited,40,Stage 1,"[W] Water Cannon
<br>Choose 1 of your opponent's Pokémon. This attack does 10 damage for each Water Energy card attached to Dark Omanyte. Don't apply Weakness and resistance. You can't do more than 30 damage in this way.",,G,,1,
84635,Dark Omastar,Dark Omastar,https://tcgplayer-cdn.tcgplayer.com/product/84635_200w.jpg,3,1444,https://cpt.tcgcsv.com/KSH,2024-01-04T18:53:46.06,1,019/105,Rare,Water,,29.99,29.99,29.99,18.31,,1st Edition,70,Stage 2,"[W] Prehistoric Water
<br>If your opponent has any evolved Pokémon in play, choose 1 of them and flip a coin. If heads, your opponent takes the highest Stage Evolution card on that Pokémon and shuffles it into his or her deck.","[1W] Dark Tentacle (30)
<br>
During your opponent's next turn, the Defending Pokémon can't evolve except from effects of attacks or Pokémon Powers. <em>(Benching that Pokémon ends this effect.)</em>",G,,2,
84635,Dark Omastar,Dark Omastar,https://tcgplayer-cdn.tcgplayer.com/product/84635_200w.jpg,3,1444,https://cpt.tcgcsv.com/KSH,2024-01-04T18:53:46.06,1,019/105,Rare,Water,,10.0,12.35,19.99,10.6,,Unlimited,70,Stage 2,"[W] Prehistoric Water
<br>If your opponent has any evolved Pokémon in play, choose 1 of them and flip a coin. If heads, your opponent takes the highest Stage Evolution card on that Pokémon and shuffles it into his or her deck.","[1W] Dark Tentacle (30)
<br>
During your opponent's next turn, the Defending Pokémon can't evolve except from effects of attacks or Pokémon Powers. <em>(Benching that Pokémon ends this effect.)</em>",G,,2,
84640,Dark Porygon2,Dark Porygon2,https://tcgplayer-cdn.tcgplayer.com/product/84640_200w.jpg,3,1444,https://cpt.tcgcsv.com/QSH,2022-11-28T19:58:42.023,1,008/105,Holo Rare,Colorless,"<strong>Pokémon Power: Spatial Distortion</strong> Once during your turn <em>(before your attack)</em>, you may flip a coin. If heads, choose a Stadium card from your discard pile and put it into play. (If there's already a Stadium card in play, discard it.) This power can't be used if Dark Porygon2 is Asleep, Confused, or Paralyzed.",60.0,89.97,107.99,64.75,,Unlimited Holofoil,60,Stage 1,"[3] Curve Attack (20)
<br>Flip a coin. If heads, prevent all damage done by attacks to Dark Porygon2 during your opponent's next turn. <em>(Any other effects of attacks still happen.)</em>",,F,P-30,1,
84642,Dark Pupitar,Dark Pupitar,https://tcgplayer-cdn.tcgplayer.com/product/84642_200w.jpg,3,1444,https://cpt.tcgcsv.com/SSH,2022-11-28T20:00:42.44,1,038/105,Uncommon,Fighting,,8.12,9.4,11.2,9.01,,1st Edition,60,Stage 1,"[FF] Rock Tackle (40)
<br>Dark Pupitar does 10 damage to itself. Dark Pupitar can't use this attack during your next turn.","[3] Explosive Evolution
<br>Flip a coin. If heads, this attack does 10 damage to each of your opponent's Pokémon. Don't apply Weakness and Resistance. Then, search your deck for an Evolution card named Dark Tyranitar and put it on Dark Pupitar. <em>(This counts as evolving Dark Pupitar.)</em> Shuffle your deck afterward.",G,L-30,1,
84642,Dark Pupitar,Dark Pupitar,https://tcgplayer-cdn.tcgplayer.com/product/84642_200w.jpg,3,1444,https://cpt.tcgcsv.com/SSH,2022-11-28T20:00:42.44,1,038/105,Uncommon,Fighting,,1.99,3.0,7.99,2.98,,Unlimited,60,Stage 1,"[FF] Rock Tackle (40)
<br>Dark Pupitar does 10 damage to itself. Dark Pupitar can't use this attack during your next turn.","[3] Explosive Evolution
<br>Flip a coin. If heads, this attack does 10 damage to each of your opponent's Pokémon. Don't apply Weakness and Resistance. Then, search your deck for an Evolution card named Dark Tyranitar and put it on Dark Pupitar. <em>(This counts as evolving Dark Pupitar.)</em> Shuffle your deck afterward.",G,L-30,1,
84645,Dark Quilava,Dark Quilava,https://tcgplayer-cdn.tcgplayer.com/product/84645_200w.jpg,3,1444,https://cpt.tcgcsv.com/WSH,2022-12-05T12:02:16.26,1,039/105,Uncommon,Fire,,9.55,11.86,17.0,11.84,,1st Edition,60,Stage 1,"[R] Incinerate
<br>
Show the top card of your opponent's deck to all players. If it's a Trainer card, discard it.","[RR] Rushing Magma (20x)
<br>
Discard the top 5 cards of your deck. <em>(If there are fewer than 5 cards in your deck, discard all of them.)</em> This attack does 20 damage for each Fire Energy card you discarded in this way.",W,,1,
84645,Dark Quilava,Dark Quilava,https://tcgplayer-cdn.tcgplayer.com/product/84645_200w.jpg,3,1444,https://cpt.tcgcsv.com/WSH,2022-12-05T12:02:16.26,1,039/105,Uncommon,Fire,,1.25,2.11,5.0,2.22,,Unlimited,60,Stage 1,"[R] Incinerate
<br>
Show the top card of your opponent's deck to all players. If it's a Trainer card, discard it.","[RR] Rushing Magma (20x)
<br>
Discard the top 5 cards of your deck. <em>(If there are fewer than 5 cards in your deck, discard all of them.)</em> This attack does 20 damage for each Fire Energy card you discarded in this way.",W,,1,
84652,Dark Scizor,Dark Scizor,https://tcgplayer-cdn.tcgplayer.com/product/84652_200w.jpg,3,1444,https://cpt.tcgcsv.com/3TH,2022-11-28T20:12:59.443,1,009/105,Holo Rare,Metal,,300.0,492.49,999.99,749.84,,1st Edition Holofoil,70,Stage 1,"[2] Threaten
<br>Flip a coin. If heads, look at your opponent's hand. If there are any Trainer cards there, choose 1 of them. Your opponent shuffles that card into his or her deck.",[3] Slash (30),R,G-30,2,
84652,Dark Scizor,Dark Scizor,https://tcgplayer-cdn.tcgplayer.com/product/84652_200w.jpg,3,1444,https://cpt.tcgcsv.com/3TH,2022-11-28T20:12:59.443,1,009/105,Holo Rare,Metal,,111.98,176.0,191.99,176.44,,Unlimited Holofoil,70,Stage 1,"[2] Threaten
<br>Flip a coin. If heads, look at your opponent's hand. If there are any Trainer cards there, choose 1 of them. Your opponent shuffles that card into his or her deck.",[3] Slash (30),R,G-30,2,
84656,Dark Slowking,Dark Slowking,https://tcgplayer-cdn.tcgplayer.com/product/84656_200w.jpg,3,1444,https://cpt.tcgcsv.com/8TH,2022-11-28T20:14:29.82,1,020/105,Rare,Psychic,"<strong>Pokémon Power: Cunning</strong> Once during your turn <em>(before your attack)</em>, you may flip a coin. If heads, look at the top card of your opponent's deck. Then, you may have your opponent shuffle his or her deck. This power can't be used if Dark Slowking is Asleep, Confused, or Paralyzed.",30.0,64.5,99.0,52.15,,1st Edition,60,Stage 1,"[PP] Mind Shock (30)
<br>Don't apply Weakness and Resistance for this attack.",,P,,2,
84656,Dark Slowking,Dark Slowking,https://tcgplayer-cdn.tcgplayer.com/product/84656_200w.jpg,3,1444,https://cpt.tcgcsv.com/8TH,2022-11-28T20:14:29.82,1,020/105,Rare,Psychic,"<strong>Pokémon Power: Cunning</strong> Once during your turn <em>(before your attack)</em>, you may flip a coin. If heads, look at the top card of your opponent's deck. Then, you may have your opponent shuffle his or her deck. This power can't be used if Dark Slowking is Asleep, Confused, or Paralyzed.",22.64,40.09,77.0,21.39,,Unlimited,60,Stage 1,"[PP] Mind Shock (30)
<br>Don't apply Weakness and Resistance for this attack.",,P,,2,
84659,Dark Typhlosion,Dark Typhlosion,https://tcgplayer-cdn.tcgplayer.com/product/84659_200w.jpg,3,1444,https://cpt.tcgcsv.com/cTH,2022-11-28T20:15:49.63,1,010/105,Holo Rare,Fire,,160.0,160.0,160.0,195.0,,1st Edition Holofoil,80,Stage 2,[1] Claw Swipe (20),"[R] Rushing Flames (40x)
<br>You may discard any number of Fire Energy cards attached to your Pokémon. Flip a coin for each Fire Energy card discarded in this way. This attack does 40 damage times the number of heads.",W,,1,
84659,Dark Typhlosion,Dark Typhlosion,https://tcgplayer-cdn.tcgplayer.com/product/84659_200w.jpg,3,1444,https://cpt.tcgcsv.com/cTH,2022-11-28T20:15:49.63,1,010/105,Holo Rare,Fire,,39.99,60.99,175.0,56.84,,Unlimited Holofoil,80,Stage 2,[1] Claw Swipe (20),"[R] Rushing Flames (40x)
<br>You may discard any number of Fire Energy cards attached to your Pokémon. Flip a coin for each Fire Energy card discarded in this way. This attack does 40 damage times the number of heads.",W,,1,
84660,Dark Tyranitar,Dark Tyranitar,https://tcgplayer-cdn.tcgplayer.com/product/84660_200w.jpg,3,1444,https://cpt.tcgcsv.com/dTH,2022-11-28T20:18:14.817,1,011/105,Holo Rare,Fighting,,200.0,200.0,200.0,399.99,,1st Edition Holofoil,90,Stage 2,"[F] Mountain Smasher (20x)
<br>
Flip a number of coins equal to the number of Fighting Energy cards attached to Dark Tyranitar. This attack does 20 damage times the number of heads. Then, for each heads, discard the top card from your opponent's deck.","[1FFF] Fling Away (50)
<br>If your opponent has any Benched Pokémon, this attack does 30 damage instead of 50 and choose 1 of those Benched Pokémon. This attack does 30 damage to that Pokémon. <em>(Don't apply Weakness and Resistance for Benched Pokémon.)</em>",G,L-30,3,
84660,Dark Tyranitar,Dark Tyranitar,https://tcgplayer-cdn.tcgplayer.com/product/84660_200w.jpg,3,1444,https://cpt.tcgcsv.com/dTH,2022-11-28T20:18:14.817,1,011/105,Holo Rare,Fighting,,135.0,188.29,286.88,250.0,,Unlimited Holofoil,90,Stage 2,"[F] Mountain Smasher (20x)
<br>
Flip a number of coins equal to the number of Fighting Energy cards attached to Dark Tyranitar. This attack does 20 damage times the number of heads. Then, for each heads, discard the top card from your opponent's deck.","[1FFF] Fling Away (50)
<br>If your opponent has any Benched Pokémon, this attack does 30 damage instead of 50 and choose 1 of those Benched Pokémon. This attack does 30 damage to that Pokémon. <em>(Don't apply Weakness and Resistance for Benched Pokémon.)</em>",G,L-30,3,
84663,Dark Ursaring,Dark Ursaring,https://tcgplayer-cdn.tcgplayer.com/product/84663_200w.jpg,3,1444,https://cpt.tcgcsv.com/hTH,2022-11-28T20:20:15.163,1,021/105,Rare,Colorless,,11.79,12.68,13.56,32.28,,1st Edition,60,Stage 1,"[1] Provoke
<br>Look at your opponent's hand. If he or she has any Baby Pokémon and/or Basic Pokémon there, you. may put any number of them onto your opponent's Bench <em>(as long as there's room)</em>. Then, your opponent looks at your hand. If you have any Baby Pokémon and/or Basic Pokémon there, your opponent may put any number of them onto your Bench <em>(as long as there's room)</em>.","[2] Battle Frenzy
<br>For each Pokémon in play <em>(yours and your opponent's)</em>, flip a coin. For each heads, this attack does 20 damage to that Pokémon. Don't apply Weakness and Resistance for this attack.",F,P-30,2,
84663,Dark Ursaring,Dark Ursaring,https://tcgplayer-cdn.tcgplayer.com/product/84663_200w.jpg,3,1444,https://cpt.tcgcsv.com/hTH,2022-11-28T20:20:15.163,1,021/105,Rare,Colorless,,7.66,11.86,16.22,11.72,,Unlimited,60,Stage 1,"[1] Provoke
<br>Look at your opponent's hand. If he or she has any Baby Pokémon and/or Basic Pokémon there, you. may put any number of them onto your opponent's Bench <em>(as long as there's room)</em>. Then, your opponent looks at your hand. If you have any Baby Pokémon and/or Basic Pokémon there, your opponent may put any number of them onto your Bench <em>(as long as there's room)</em>.","[2] Battle Frenzy
<br>For each Pokémon in play <em>(yours and your opponent's)</em>, flip a coin. For each heads, this attack does 20 damage to that Pokémon. Don't apply Weakness and Resistance for this attack.",F,P-30,2,
84674,Dark Wigglytuff,Dark Wigglytuff,https://tcgplayer-cdn.tcgplayer.com/product/84674_200w.jpg,3,1444,https://cpt.tcgcsv.com/vTH,2022-11-28T20:22:03.59,1,040/105,Uncommon,Colorless,,8.0,8.54,10.0,9.76,,1st Edition,60,Stage 1,"[2] Dark Song
<br>Flip a coin. If heads, the Defending Pokémon is now Asleep. If tails, the Defending Pokémon is now Confused.","[3] Slap Awake (20+)
<br>If the Defending Pokémon is Asleep or Confused, this attack does 20 more damage. Then, the Defending Pokémon is no longer Asleep or Confused.",F,P-30,2,
84674,Dark Wigglytuff,Dark Wigglytuff,https://tcgplayer-cdn.tcgplayer.com/product/84674_200w.jpg,3,1444,https://cpt.tcgcsv.com/vTH,2022-11-28T20:22:03.59,1,040/105,Uncommon,Colorless,,2.45,4.14,6.38,4.41,,Unlimited,60,Stage 1,"[2] Dark Song
<br>Flip a coin. If heads, the Defending Pokémon is now Asleep. If tails, the Defending Pokémon is now Confused.","[3] Slap Awake (20+)
<br>If the Defending Pokémon is Asleep or Confused, this attack does 20 more damage. Then, the Defending Pokémon is no longer Asleep or Confused.",F,P-30,2,
84929,Dratini,Dratini,https://tcgplayer-cdn.tcgplayer.com/product/84929_200w.jpg,3,1444,https://cpt.tcgcsv.com/C-H,2022-11-28T20:23:05.47,1,063/105,Common,Colorless,,5.76,7.75,29.99,7.74,,1st Edition,40,Basic,"[1] Shed
<br>Remove 1 damage counter from Dratini.","[1] Fury Attack (10x)
<br>Flip 2 coins. This attack does 10 damage times the number of heads.",,P-30,1,
84929,Dratini,Dratini,https://tcgplayer-cdn.tcgplayer.com/product/84929_200w.jpg,3,1444,https://cpt.tcgcsv.com/C-H,2022-11-28T20:23:05.47,1,063/105,Common,Colorless,,1.89,3.33,6.99,3.31,,Unlimited,40,Basic,"[1] Shed
<br>Remove 1 damage counter from Dratini.","[1] Fury Attack (10x)
<br>Flip 2 coins. This attack does 10 damage times the number of heads.",,P-30,1,
85208,Energy Amplifier,Energy Amplifier,https://tcgplayer-cdn.tcgplayer.com/product/85208_200w.jpg,3,1444,https://cpt.tcgcsv.com/b6J,2022-11-28T20:23:39.067,1,098/105,Uncommon,Trainer,"Choose an Energy card in your hand, show it to your opponent, and shuffle it into your deck. Then flip a coin. If heads, search your deck for up to 3 basic Energy cards. Show them to your opponent, and put them into your hand. Shuffle your deck afterward.",0.73,1.75,4.19,1.85,,1st Edition,,,,,,,,
85208,Energy Amplifier,Energy Amplifier,https://tcgplayer-cdn.tcgplayer.com/product/85208_200w.jpg,3,1444,https://cpt.tcgcsv.com/b6J,2022-11-28T20:23:39.067,1,098/105,Uncommon,Trainer,"Choose an Energy card in your hand, show it to your opponent, and shuffle it into your deck. Then flip a coin. If heads, search your deck for up to 3 basic Energy cards. Show them to your opponent, and put them into your hand. Shuffle your deck afterward.",0.53,1.27,4.99,1.28,,Unlimited,,,,,,,,
85251,Energy Stadium,Energy Stadium,https://tcgplayer-cdn.tcgplayer.com/product/85251_200w.jpg,3,1444,https://cpt.tcgcsv.com/27J,2022-11-28T20:24:25.24,1,099/105,Uncommon,Stadium,"This card stays in play when you play it. Discard this card if another Stadium card comes into play.
<br>
Once during each player's turn <em>(before attacking)</em>, that play may flip a coin. If heads, that player puts a basic Energy card from his or her discard pile into his or her hand.",3.0,6.72,11.97,6.93,11.97,1st Edition,,,,,,,,
85251,Energy Stadium,Energy Stadium,https://tcgplayer-cdn.tcgplayer.com/product/85251_200w.jpg,3,1444,https://cpt.tcgcsv.com/27J,2022-11-28T20:24:25.24,1,099/105,Uncommon,Stadium,"This card stays in play when you play it. Discard this card if another Stadium card comes into play.
<br>
Once during each player's turn <em>(before attacking)</em>, that play may flip a coin. If heads, that player puts a basic Energy card from his or her discard pile into his or her hand.",0.6,1.28,4.99,1.35,,Unlimited,,,,,,,,
85342,Exeggcute,Exeggcute,https://tcgplayer-cdn.tcgplayer.com/product/85342_200w.jpg,3,1444,https://cpt.tcgcsv.com/S8J,2025-02-05T21:14:41.693,1,064/105,Common,Psychic,,0.29,1.38,4.99,1.33,,1st Edition,40,Basic,"[G] Sleep Power (10)
<br>The Defending Pokémon is now Asleep.","[P] Psyshock (10)
<br>Flip a coin. If heads, the Defending Pokémon is now Paralyzed.",P,,1,
85342,Exeggcute,Exeggcute,https://tcgplayer-cdn.tcgplayer.com/product/85342_200w.jpg,3,1444,https://cpt.tcgcsv.com/S8J,2025-02-05T21:14:41.693,1,064/105,Common,Psychic,,0.47,0.9,5.94,0.95,,Unlimited,40,Basic,"[G] Sleep Power (10)
<br>The Defending Pokémon is now Asleep.","[P] Psyshock (10)
<br>Flip a coin. If heads, the Defending Pokémon is now Paralyzed.",P,,1,
85367,EXP.ALL,EXPALL,https://tcgplayer-cdn.tcgplayer.com/product/85367_200w.jpg,3,1444,https://cpt.tcgcsv.com/m9J,2022-11-28T20:26:34.62,1,093/105,Rare,Tool,"Attach EXP.ALL to 1 of your Pokémon that doesn't have a Pokémon Tool attached to it.
<br>
During your opponent's turn, if your Active Pokémon would be Knocked Out by your opponent's attack, you may take 1 of the basic Energy cards attached to your Active Pokémon and attach it to the Pokémon with EXP. ALL attached to it. If you do, discard EXP. ALL",5.88,7.34,7.99,7.3,,1st Edition,,,,,,,,
85367,EXP.ALL,EXPALL,https://tcgplayer-cdn.tcgplayer.com/product/85367_200w.jpg,3,1444,https://cpt.tcgcsv.com/m9J,2022-11-28T20:26:34.62,1,093/105,Rare,Tool,"Attach EXP.ALL to 1 of your Pokémon that doesn't have a Pokémon Tool attached to it.
<br>
During your opponent's turn, if your Active Pokémon would be Knocked Out by your opponent's attack, you may take 1 of the basic Energy cards attached to your Active Pokémon and attach it to the Pokémon with EXP. ALL attached to it. If you do, discard EXP. ALL",4.05,5.06,7.0,5.02,,Unlimited,,,,,,,,
85647,Gastly,Gastly,https://tcgplayer-cdn.tcgplayer.com/product/85647_200w.jpg,3,1444,https://cpt.tcgcsv.com/ZgJ,2023-07-13T16:01:18.03,1,065/105,Common,Psychic,,4.0,4.6,11.98,4.5,,1st Edition,40,Basic,"[P] Nightmare (10)
<br>The Defending Pokémon is now Asleep.",,,F-30,,
85647,Gastly,Gastly,https://tcgplayer-cdn.tcgplayer.com/product/85647_200w.jpg,3,1444,https://cpt.tcgcsv.com/ZgJ,2023-07-13T16:01:18.03,1,065/105,Common,Psychic,,0.35,1.16,501.5,1.19,,Unlimited,40,Basic,"[P] Nightmare (10)
<br>The Defending Pokémon is now Asleep.",,,F-30,,
85728,Girafarig,Girafarig,https://tcgplayer-cdn.tcgplayer.com/product/85728_200w.jpg,3,1444,https://cpt.tcgcsv.com/BjJ,2023-03-08T18:01:23.513,1,066/105,Common,Colorless,,2.16,2.46,2.99,2.45,,1st Edition,60,Basic,"[2] Tail Bite (10+)
<br>Flip a coin. If heads, this attack does 10 damage plus 20 more damage; if tails, this attack does 10 damage.","[PP] Psychic (10+)
<br>
Does 10 damage plus 10 more damage for each Energy card attached to the Defending Pokémon.",,,1,
85728,Girafarig,Girafarig,https://tcgplayer-cdn.tcgplayer.com/product/85728_200w.jpg,3,1444,https://cpt.tcgcsv.com/BjJ,2023-03-08T18:01:23.513,1,066/105,Common,Colorless,,0.85,1.1,501.5,1.12,,Unlimited,60,Basic,"[2] Tail Bite (10+)
<br>Flip a coin. If heads, this attack does 10 damage plus 20 more damage; if tails, this attack does 10 damage.","[PP] Psychic (10+)
<br>
Does 10 damage plus 10 more damage for each Energy card attached to the Defending Pokémon.",,,1,
85762,Gligar,Gligar,https://tcgplayer-cdn.tcgplayer.com/product/85762_200w.jpg,3,1444,https://cpt.tcgcsv.com/gkJ,2025-02-05T21:14:41.757,1,067/105,Common,Fighting,,0.89,1.38,4.99,1.34,,1st Edition,50,Basic,"[1F] Stun Poison (10)
<br>Flip a coin. If heads, the Defending Pokémon is now Paralyzed and Poisoned.",,G,F-30,,
85762,Gligar,Gligar,https://tcgplayer-cdn.tcgplayer.com/product/85762_200w.jpg,3,1444,https://cpt.tcgcsv.com/gkJ,2025-02-05T21:14:41.757,1,067/105,Common,Fighting,,0.16,0.47,5.94,0.47,,Unlimited,50,Basic,"[1F] Stun Poison (10)
<br>Flip a coin. If heads, the Defending Pokémon is now Paralyzed and Poisoned.",,G,F-30,,
85952,Growlithe,Growlithe,https://tcgplayer-cdn.tcgplayer.com/product/85952_200w.jpg,3,1444,https://cpt.tcgcsv.com/3pJ,2022-11-28T20:32:10.76,1,068/105,Common,Fire,,3.1,4.0,4.47,3.89,,1st Edition,50,Basic,[2] Bite (20),,W,,1,
85952,Growlithe,Growlithe,https://tcgplayer-cdn.tcgplayer.com/product/85952_200w.jpg,3,1444,https://cpt.tcgcsv.com/3pJ,2022-11-28T20:32:10.76,1,068/105,Common,Fire,,0.75,1.3,501.5,1.3,,Unlimited,50,Basic,[2] Bite (20),,W,,1,
86039,Heal Powder,Heal Powder,https://tcgplayer-cdn.tcgplayer.com/product/86039_200w.jpg,3,1444,https://cpt.tcgcsv.com/PqJ,2025-02-05T21:14:41.817,1,104/105,Common,Item,"Flip a coin. If heads, your Active Pokémon is no longer Asleep, Confused, Paralyzed, or Poisoned and removed 2 damage counters from it. If your Active Pokémon has fewer damage counters than that, remove all of them.",0.48,0.88,2.09,0.72,0.56,1st Edition,,,,,,,,
86039,Heal Powder,Heal Powder,https://tcgplayer-cdn.tcgplayer.com/product/86039_200w.jpg,3,1444,https://cpt.tcgcsv.com/PqJ,2025-02-05T21:14:41.817,1,104/105,Common,Item,"Flip a coin. If heads, your Active Pokémon is no longer Asleep, Confused, Paralyzed, or Poisoned and removed 2 damage counters from it. If your Active Pokémon has fewer damage counters than that, remove all of them.",0.14,0.39,1.99,0.42,,Unlimited,,,,,,,,
86060,Heracross,Heracross,https://tcgplayer-cdn.tcgplayer.com/product/86060_200w.jpg,3,1444,https://cpt.tcgcsv.com/drJ,2022-11-28T20:36:33.597,1,041/105,Uncommon,Grass,,6.52,11.39,15.0,10.52,,1st Edition,60,Basic,[1G] Tackle (20),"[GGG] Charging Horn (30+)
<br>Flip a coin. If heads, this attack does 30 damage plus 30 more damage. If tails, this attack does 30 damage.",R,,2,
86060,Heracross,Heracross,https://tcgplayer-cdn.tcgplayer.com/product/86060_200w.jpg,3,1444,https://cpt.tcgcsv.com/drJ,2022-11-28T20:36:33.597,1,041/105,Uncommon,Grass,,3.0,4.0,7.64,4.65,,Unlimited,60,Basic,[1G] Tackle (20),"[GGG] Charging Horn (30+)
<br>Flip a coin. If heads, this attack does 30 damage plus 30 more damage. If tails, this attack does 30 damage.",R,,2,
86090,Hitmonchan,Hitmonchan,https://tcgplayer-cdn.tcgplayer.com/product/86090_200w.jpg,3,1444,https://cpt.tcgcsv.com/QrJ,2022-11-28T20:37:56.75,1,069/105,Common,Fighting,,2.22,3.5,7.97,3.26,3.79,1st Edition,60,Basic,"[F] Dodge
<br>
If Hitmonchan would be damaged by an attack during your opponent's next turn, flip a coin. If heads, prevent that attack's damage done to Hitmonchan. <em>(Any other effects of attacks still happen.)</em>",[FFF] Supersonic Jab (40),P,,1,
86090,Hitmonchan,Hitmonchan,https://tcgplayer-cdn.tcgplayer.com/product/86090_200w.jpg,3,1444,https://cpt.tcgcsv.com/QrJ,2022-11-28T20:37:56.75,1,069/105,Common,Fighting,,0.5,1.1,2.99,1.28,1.31,Unlimited,60,Basic,"[F] Dodge
<br>
If Hitmonchan would be damaged by an attack during your opponent's next turn, flip a coin. If heads, prevent that attack's damage done to Hitmonchan. <em>(Any other effects of attacks still happen.)</em>",[FFF] Supersonic Jab (40),P,,1,
86103,Hitmonlee,Hitmonlee,https://tcgplayer-cdn.tcgplayer.com/product/86103_200w.jpg,3,1444,https://cpt.tcgcsv.com/5sJ,2023-06-17T08:00:53.097,1,042/105,Uncommon,Fighting,,3.99,5.69,7.0,6.32,,1st Edition,60,Basic,"[FF] One-Two Kick (20x)
<br>
Flip 2 coins. This attack does 20 damage times the number of heads.","[FFF] Heel Drop (60)
<br>Flip a coin. If tails, this attack does nothing.",P,,1,
86103,Hitmonlee,Hitmonlee,https://tcgplayer-cdn.tcgplayer.com/product/86103_200w.jpg,3,1444,https://cpt.tcgcsv.com/5sJ,2023-06-17T08:00:53.097,1,042/105,Uncommon,Fighting,,0.65,1.64,7.99,1.91,,Unlimited,60,Basic,"[FF] One-Two Kick (20x)
<br>
Flip 2 coins. This attack does 20 damage times the number of heads.","[FFF] Heel Drop (60)
<br>Flip a coin. If tails, this attack does nothing.",P,,1,
86219,Houndour,Houndour,https://tcgplayer-cdn.tcgplayer.com/product/86219_200w.jpg,3,1444,https://cpt.tcgcsv.com/pvJ,2022-11-28T20:40:50.237,1,043/105,Uncommon,Darkness,,4.0,4.98,9.72,6.19,,1st Edition,40,Basic,"[D] Corner
<br>
The Defending Pokémon can't retreat during your opponent's next turn.","[2] Lunge (30)
<br>Flip a coin. If tails, this attack does nothing.",,P-30,1,
86219,Houndour,Houndour,https://tcgplayer-cdn.tcgplayer.com/product/86219_200w.jpg,3,1444,https://cpt.tcgcsv.com/pvJ,2022-11-28T20:40:50.237,1,043/105,Uncommon,Darkness,,1.25,2.7,9.0,2.79,,Unlimited,40,Basic,"[D] Corner
<br>
The Defending Pokémon can't retreat during your opponent's next turn.","[2] Lunge (30)
<br>Flip a coin. If tails, this attack does nothing.",,P-30,1,
86272,Impostor Professor Oak's Invention,Impostor Professor Oaks Invention,https://tcgplayer-cdn.tcgplayer.com/product/86272_200w.jpg,3,1444,https://cpt.tcgcsv.com/swJ,2022-11-28T20:41:54.557,1,094/105,Rare,Trainer,"Look at your opponent's Prize cards. You may have your opponent shuffle them into his or her deck. If you do, your opponent takes that many cards from the top of his or her deck and sets them aside as his or her new Prize cards (without looking at them).",6.99,8.0,10.5,7.75,,1st Edition,,,,,,,,
86272,Impostor Professor Oak's Invention,Impostor Professor Oaks Invention,https://tcgplayer-cdn.tcgplayer.com/product/86272_200w.jpg,3,1444,https://cpt.tcgcsv.com/swJ,2022-11-28T20:41:54.557,1,094/105,Rare,Trainer,"Look at your opponent's Prize cards. You may have your opponent shuffle them into his or her deck. If you do, your opponent takes that many cards from the top of his or her deck and sets them aside as his or her new Prize cards (without looking at them).",2.42,4.64,7.49,4.54,,Unlimited,,,,,,,,
86311,Jigglypuff,Jigglypuff,https://tcgplayer-cdn.tcgplayer.com/product/86311_200w.jpg,3,1444,https://cpt.tcgcsv.com/fxJ,2022-11-28T20:42:59.937,1,044/105,Uncommon,Colorless,,13.62,13.95,14.27,14.27,,1st Edition,50,Basic,"[2] Expand (10)
<br>
All damage done to Jigglypuff during your opponent's next turn is reduced by 10 <em>(after applying Weakness and Resistance)</em>.",,F,P-30,1,
86311,Jigglypuff,Jigglypuff,https://tcgplayer-cdn.tcgplayer.com/product/86311_200w.jpg,3,1444,https://cpt.tcgcsv.com/fxJ,2022-11-28T20:42:59.937,1,044/105,Uncommon,Colorless,,8.0,9.3,29.99,8.98,29.99,Unlimited,50,Basic,"[2] Expand (10)
<br>
All damage done to Jigglypuff during your opponent's next turn is reduced by 10 <em>(after applying Weakness and Resistance)</em>.",,F,P-30,1,
86633,Larvitar,Larvitar,https://tcgplayer-cdn.tcgplayer.com/product/86633_200w.jpg,3,1444,https://cpt.tcgcsv.com/HGJ,2022-12-12T20:08:27.403,1,070/105,Common,Fighting,,2.67,5.43,14.99,6.04,6.49,1st Edition,40,Basic,"[1] Leer
<br>Flip a coin. If heads, the Defending Pokémon can't attack during your opponent's next turn. <em>(Benching or evolving either Pokémon ends this effect.)</em>",[1F] Rock Throw (20),G,L-30,1,
86633,Larvitar,Larvitar,https://tcgplayer-cdn.tcgplayer.com/product/86633_200w.jpg,3,1444,https://cpt.tcgcsv.com/HGJ,2022-12-12T20:08:27.403,1,070/105,Common,Fighting,,0.68,1.2,3.5,1.12,1.1,Unlimited,40,Basic,"[1] Leer
<br>Flip a coin. If heads, the Defending Pokémon can't attack during your opponent's next turn. <em>(Benching or evolving either Pokémon ends this effect.)</em>",[1F] Rock Throw (20),G,L-30,1,
86700,Ledyba,Ledyba,https://tcgplayer-cdn.tcgplayer.com/product/86700_200w.jpg,3,1444,https://cpt.tcgcsv.com/0JJ,2023-06-28T15:52:00.907,1,071/105,Common,Grass,,1.6,2.37,9.99,1.78,,1st Edition,40,Basic,"[1G] Swift (20)
<br>This attack's damage isn't affected by Weakness, Resistance, Pokémon Powers, or any other effects on the Defending Pokémon.",,R,F-30,,
86700,Ledyba,Ledyba,https://tcgplayer-cdn.tcgplayer.com/product/86700_200w.jpg,3,1444,https://cpt.tcgcsv.com/0JJ,2023-06-28T15:52:00.907,1,071/105,Common,Grass,,0.5,0.89,2.5,1.04,,Unlimited,40,Basic,"[1G] Swift (20)
<br>This attack's damage isn't affected by Weakness, Resistance, Pokémon Powers, or any other effects on the Defending Pokémon.",,R,F-30,,
86734,Light Arcanine,Light Arcanine,https://tcgplayer-cdn.tcgplayer.com/product/86734_200w.jpg,3,1444,https://cpt.tcgcsv.com/JJJ,2022-11-28T20:51:44.31,1,012/105,Holo Rare,Fire,"<strong>Pokémon Power: Drive Off</strong> As long as Light Arcanine is your Active Pokémon, once during your turn <em>(before your attack)</em>, if your opponent has any Benched Pokémon, he or she chooses 1 of them and switches it with the Defending Pokémon. This power can't be used while Light Arcanine is Asleep, Confused, or Paralyzed.",339.37,339.37,339.37,200.0,,1st Edition Holofoil,100,Stage 1,"[1RR] Gentle Flames (50)
<br>
If the Defending Pokémon is a Baby Pokémon, this attack does 10 damage instead of 50. If the Defending Pokémon is a Basic Pokémon, this attack does 30 damage instead of 50.",,W,,2,
86734,Light Arcanine,Light Arcanine,https://tcgplayer-cdn.tcgplayer.com/product/86734_200w.jpg,3,1444,https://cpt.tcgcsv.com/JJJ,2022-11-28T20:51:44.31,1,012/105,Holo Rare,Fire,"<strong>Pokémon Power: Drive Off</strong> As long as Light Arcanine is your Active Pokémon, once during your turn <em>(before your attack)</em>, if your opponent has any Benched Pokémon, he or she chooses 1 of them and switches it with the Defending Pokémon. This power can't be used while Light Arcanine is Asleep, Confused, or Paralyzed.",129.99,225.66,282.76,281.08,,Unlimited Holofoil,100,Stage 1,"[1RR] Gentle Flames (50)
<br>
If the Defending Pokémon is a Baby Pokémon, this attack does 10 damage instead of 50. If the Defending Pokémon is a Basic Pokémon, this attack does 30 damage instead of 50.",,W,,2,
86735,Light Azumarill,Light Azumarill,https://tcgplayer-cdn.tcgplayer.com/product/86735_200w.jpg,3,1444,https://cpt.tcgcsv.com/KJJ,2022-11-28T20:55:45.443,1,013/105,Holo Rare,Water,,69.95,101.99,101.99,119.0,,1st Edition Holofoil,80,Stage 1,"[W] Bubble (10)
<br>Flip a coin. If heads, the Defending Pokémon is now Paralyzed.","[2W] Bubble Jump (30)
<br>
If you have any Benched Pokémon, flip a coin. If heads, take 2 Energy cards attached to Light Azumarill and attach them to 1 of your Benched Pokémon. Then return Light Azumarill and all cards attached to it to your hand.",L,,1,
86735,Light Azumarill,Light Azumarill,https://tcgplayer-cdn.tcgplayer.com/product/86735_200w.jpg,3,1444,https://cpt.tcgcsv.com/KJJ,2022-11-28T20:55:45.443,1,013/105,Holo Rare,Water,,13.71,20.0,59.95,17.68,,Unlimited Holofoil,80,Stage 1,"[W] Bubble (10)
<br>Flip a coin. If heads, the Defending Pokémon is now Paralyzed.","[2W] Bubble Jump (30)
<br>
If you have any Benched Pokémon, flip a coin. If heads, take 2 Energy cards attached to Light Azumarill and attach them to 1 of your Benched Pokémon. Then return Light Azumarill and all cards attached to it to your hand.",L,,1,
86736,Light Dewgong,Light Dewgong,https://tcgplayer-cdn.tcgplayer.com/product/86736_200w.jpg,3,1444,https://cpt.tcgcsv.com/LJJ,2022-11-28T21:00:57.153,1,045/105,Uncommon,Water,,4.25,5.95,7.86,5.99,,1st Edition,80,Stage 1,"[WW] Freezing Breath (10)
<br>Flip a coin. If heads, the Defending Pokémon is now Paralyzed. If tails, the Defending Pokémon is now Asleep.","[WWW] Ice Pillar (40)
<br>
Until the end of your opponent's next turn, as long as Light Dewgong is your Active Pokémon, prevent all damage done by attacks to your Benched Pokémon. <em>(Any other effects of attacks still happen.)</em>",L,,2,
86736,Light Dewgong,Light Dewgong,https://tcgplayer-cdn.tcgplayer.com/product/86736_200w.jpg,3,1444,https://cpt.tcgcsv.com/LJJ,2022-11-28T21:00:57.153,1,045/105,Uncommon,Water,,0.43,1.5,3.49,1.83,,Unlimited,80,Stage 1,"[WW] Freezing Breath (10)
<br>Flip a coin. If heads, the Defending Pokémon is now Paralyzed. If tails, the Defending Pokémon is now Asleep.","[WWW] Ice Pillar (40)
<br>
Until the end of your opponent's next turn, as long as Light Dewgong is your Active Pokémon, prevent all damage done by attacks to your Benched Pokémon. <em>(Any other effects of attacks still happen.)</em>",L,,2,
86737,Light Dragonair,Light Dragonair,https://tcgplayer-cdn.tcgplayer.com/product/86737_200w.jpg,3,1444,https://cpt.tcgcsv.com/MJJ,2022-11-28T21:02:56.35,1,022/105,Rare,Colorless,,30.0,30.0,59.99,65.71,,1st Edition,80,Stage 1,"[2] Healing Light
<br>Remove 1 damage counter from each of your Pokémon that has any damage counters on it.","[3] Protective Wave
<br>Flip a coin. If heads, during your opponent's next turn, prevent all effects of attacks, including damage, done to Light Dragonair.",,P-30,2,
86737,Light Dragonair,Light Dragonair,https://tcgplayer-cdn.tcgplayer.com/product/86737_200w.jpg,3,1444,https://cpt.tcgcsv.com/MJJ,2022-11-28T21:02:56.35,1,022/105,Rare,Colorless,,18.7,20.0,54.99,19.24,,Unlimited,80,Stage 1,"[2] Healing Light
<br>Remove 1 damage counter from each of your Pokémon that has any damage counters on it.","[3] Protective Wave
<br>Flip a coin. If heads, during your opponent's next turn, prevent all effects of attacks, including damage, done to Light Dragonair.",,P-30,2,
86738,Light Dragonite,Light Dragonite,https://tcgplayer-cdn.tcgplayer.com/product/86738_200w.jpg,3,1444,https://cpt.tcgcsv.com/NJJ,2022-11-28T21:06:05.497,1,014/105,Holo Rare,Colorless,"<strong>Pokémon Power: Miraculous Wind</strong> As long as Light Dragonite is your Active Pokémon, each Special Energy card provides Colorless Energy instead of its usual type and its other effects stop working. This power stops working while Light Dragonite is Asleep, Confused, or Paralyzed.",329.99,329.99,329.99,,,1st Edition Holofoil,100,Stage 2,"[3] Light Wave (40)
<br>
Prevent all effects of attacks, other than damage, done to Light Dragonite during your opponent's next turn.",,,F-30,2,
86738,Light Dragonite,Light Dragonite,https://tcgplayer-cdn.tcgplayer.com/product/86738_200w.jpg,3,1444,https://cpt.tcgcsv.com/NJJ,2022-11-28T21:06:05.497,1,014/105,Holo Rare,Colorless,"<strong>Pokémon Power: Miraculous Wind</strong> As long as Light Dragonite is your Active Pokémon, each Special Energy card provides Colorless Energy instead of its usual type and its other effects stop working. This power stops working while Light Dragonite is Asleep, Confused, or Paralyzed.",220.91,258.81,350.0,263.21,,Unlimited Holofoil,100,Stage 2,"[3] Light Wave (40)
<br>
Prevent all effects of attacks, other than damage, done to Light Dragonite during your opponent's next turn.",,,F-30,2,
86739,Light Flareon,Light Flareon,https://tcgplayer-cdn.tcgplayer.com/product/86739_200w.jpg,3,1444,https://cpt.tcgcsv.com/PJJ,2022-11-28T21:08:57.49,1,046/105,Uncommon,Fire,,35.83,40.48,79.99,50.39,79.99,1st Edition,80,Stage 1,"[R] Warm Up
<br>If you have any Benched Pokémon, search your deck for a Fire Energy card and attach it to 1 of them. Then shuffle your deck.","[1RR] Burning Flame (30+)
<br>Flip 2 coins. For each heads, discard a Fire Energy card attached to Light Flareon or this attack does nothing. This attack does 30 damage plus 20 damage for each heads.",W,,1,
86739,Light Flareon,Light Flareon,https://tcgplayer-cdn.tcgplayer.com/product/86739_200w.jpg,3,1444,https://cpt.tcgcsv.com/PJJ,2022-11-28T21:08:57.49,1,046/105,Uncommon,Fire,,16.34,21.36,30.0,18.47,,Unlimited,80,Stage 1,"[R] Warm Up
<br>If you have any Benched Pokémon, search your deck for a Fire Energy card and attach it to 1 of them. Then shuffle your deck.","[1RR] Burning Flame (30+)
<br>Flip 2 coins. For each heads, discard a Fire Energy card attached to Light Flareon or this attack does nothing. This attack does 30 damage plus 20 damage for each heads.",W,,1,
86740,Light Golduck,Light Golduck,https://tcgplayer-cdn.tcgplayer.com/product/86740_200w.jpg,3,1444,https://cpt.tcgcsv.com/QJJ,2022-11-28T21:10:48.153,1,047/105,Uncommon,Water,,4.51,6.61,11.0,6.61,,1st Edition,80,Stage 1,"[W] Flipper Stroke
<br>
Your opponent looks at the top 3 cards of his or her deck. If any of them are basic Energy cards, he or she may show any number of them to you and put them into his or her hand. You do the same. Either way, each player shuffles his or her deck.","[2P] Core Blast (30+)
<br>This attack does 30 damage for each Special Energy card attached to the Defending Pokémon.",L,,1,
86740,Light Golduck,Light Golduck,https://tcgplayer-cdn.tcgplayer.com/product/86740_200w.jpg,3,1444,https://cpt.tcgcsv.com/QJJ,2022-11-28T21:10:48.153,1,047/105,Uncommon,Water,,1.35,2.28,8.0,2.37,,Unlimited,80,Stage 1,"[W] Flipper Stroke
<br>
Your opponent looks at the top 3 cards of his or her deck. If any of them are basic Energy cards, he or she may show any number of them to you and put them into his or her hand. You do the same. Either way, each player shuffles his or her deck.","[2P] Core Blast (30+)
<br>This attack does 30 damage for each Special Energy card attached to the Defending Pokémon.",L,,1,
86741,Light Jolteon,Light Jolteon,https://tcgplayer-cdn.tcgplayer.com/product/86741_200w.jpg,3,1444,https://cpt.tcgcsv.com/RJJ,2022-11-28T21:13:40.233,1,048/105,Uncommon,Lightning,,123.96,136.48,149.99,113.13,,1st Edition,70,Stage 1,"[L] Pulse Guard
<br>
During your opponent's next turn, whenever 30 or more damage is done to Light Jolteon <em>(after applying Weakness and Resistance)</em>, prevent that damage. <em>(Any other effects of attacks still happen.)</em>","[1LL] Thunder Needle (20x)
<br>Flip 3 coins. This attack does 20 damage times the number of heads. If you get 2 or more heads, the Defending Pokémon is now Paralyzed.",F,,,
86741,Light Jolteon,Light Jolteon,https://tcgplayer-cdn.tcgplayer.com/product/86741_200w.jpg,3,1444,https://cpt.tcgcsv.com/RJJ,2022-11-28T21:13:40.233,1,048/105,Uncommon,Lightning,,58.0,62.99,149.99,51.46,,Unlimited,70,Stage 1,"[L] Pulse Guard
<br>
During your opponent's next turn, whenever 30 or more damage is done to Light Jolteon <em>(after applying Weakness and Resistance)</em>, prevent that damage. <em>(Any other effects of attacks still happen.)</em>","[1LL] Thunder Needle (20x)
<br>Flip 3 coins. This attack does 20 damage times the number of heads. If you get 2 or more heads, the Defending Pokémon is now Paralyzed.",F,,,
86742,Light Lanturn,Light Lanturn,https://tcgplayer-cdn.tcgplayer.com/product/86742_200w.jpg,3,1444,https://cpt.tcgcsv.com/SJJ,2022-11-28T21:15:07.193,1,023/105,Rare,Lightning,,8.99,9.99,13.75,9.75,,1st Edition,80,Stage 1,"[L] Searchlight
<br>Flip a coin. If heads, each player may choose a card from his or her discard pile and put it into his or her hand.","[LL] Spark (30)
<br>If your opponent has any Benched Pokémon, choose 1 of them and this attack does 10 damage to it. <em>(Don't apply Weakness and Resistance for Benched Pokémon.)</em>",F,,2,
86742,Light Lanturn,Light Lanturn,https://tcgplayer-cdn.tcgplayer.com/product/86742_200w.jpg,3,1444,https://cpt.tcgcsv.com/SJJ,2022-11-28T21:15:07.193,1,023/105,Rare,Lightning,,3.06,3.8,9.99,3.79,,Unlimited,80,Stage 1,"[L] Searchlight
<br>Flip a coin. If heads, each player may choose a card from his or her discard pile and put it into his or her hand.","[LL] Spark (30)
<br>If your opponent has any Benched Pokémon, choose 1 of them and this attack does 10 damage to it. <em>(Don't apply Weakness and Resistance for Benched Pokémon.)</em>",F,,2,
86743,Light Ledian,Light Ledian,https://tcgplayer-cdn.tcgplayer.com/product/86743_200w.jpg,3,1444,https://cpt.tcgcsv.com/TJJ,2022-11-28T21:17:23.287,1,024/105,Rare,Grass,,11.9,17.33,22.75,11.35,,1st Edition,70,Stage 1,"[G] Flash Touch
<br>If you have any Benched Pokémon, switch 1 of them with Light Ledian. As long as that Pokémon is your Active Pokémon, it can't become Asleep, Confused, Paralyzed, or Poisoned. <em>(All other effects of attacks, Pokémon Powers, and Trainer cards still happen.)</em>","[2G] Comet Punch (20x)
<br>Flip 4 coins. This attack does 20 damage times the number of heads.",R,F-30,,
86743,Light Ledian,Light Ledian,https://tcgplayer-cdn.tcgplayer.com/product/86743_200w.jpg,3,1444,https://cpt.tcgcsv.com/TJJ,2022-11-28T21:17:23.287,1,024/105,Rare,Grass,,3.5,15.5,28.33,8.51,,Unlimited,70,Stage 1,"[G] Flash Touch
<br>If you have any Benched Pokémon, switch 1 of them with Light Ledian. As long as that Pokémon is your Active Pokémon, it can't become Asleep, Confused, Paralyzed, or Poisoned. <em>(All other effects of attacks, Pokémon Powers, and Trainer cards still happen.)</em>","[2G] Comet Punch (20x)
<br>Flip 4 coins. This attack does 20 damage times the number of heads.",R,F-30,,
86744,Light Machamp,Light Machamp,https://tcgplayer-cdn.tcgplayer.com/product/86744_200w.jpg,3,1444,https://cpt.tcgcsv.com/VJJ,2022-11-28T21:19:38.873,1,025/105,Rare,Fighting,"<strong>Pokémon Power: Tag Team</strong> When you play Light Machamp from your hand, if it is on your Bench, remove 3 damage counters from your Active Pokémon. If it has fewer damage counters than that, remove all of them. Then, switch Light Machamp with your Active Pokémon.",4.0,6.8,14.47,8.01,,Unlimited,100,Stage 2,"[FFF] Beatdown (50)
<br>If the Defending Pokémon has Dark in its name or is a Darkness Pokémon, flip a coin. If heads, this attack does 100 damage instead of 50.",,P,,2,
86745,Light Machoke,Light Machoke,https://tcgplayer-cdn.tcgplayer.com/product/86745_200w.jpg,3,1444,https://cpt.tcgcsv.com/WJJ,2022-11-28T21:21:03.203,1,049/105,Uncommon,Fighting,,5.68,11.29,18.48,11.32,,1st Edition,80,Stage 1,"[F] Return Home
<br>If you have any Benched Pokémon, shuffle 1 of them and all cards attached to it into your deck.","[FF] Gentle Kick (40)
<br>If the Defending Pokémon has no damage counters on it, this attack does 40 damage. If it has any, this attack does 20 damage.",P,,2,
86745,Light Machoke,Light Machoke,https://tcgplayer-cdn.tcgplayer.com/product/86745_200w.jpg,3,1444,https://cpt.tcgcsv.com/WJJ,2022-11-28T21:21:03.203,1,049/105,Uncommon,Fighting,,0.6,2.1,5.0,2.49,,Unlimited,80,Stage 1,"[F] Return Home
<br>If you have any Benched Pokémon, shuffle 1 of them and all cards attached to it into your deck.","[FF] Gentle Kick (40)
<br>If the Defending Pokémon has no damage counters on it, this attack does 40 damage. If it has any, this attack does 20 damage.",P,,2,
86746,Light Ninetales,Light Ninetales,https://tcgplayer-cdn.tcgplayer.com/product/86746_200w.jpg,3,1444,https://cpt.tcgcsv.com/XJJ,2022-11-28T21:22:33.787,1,050/105,Uncommon,Fire,,22.49,29.75,59.99,31.74,,1st Edition,90,Stage 1,"[R] Guiding Flame
<br>Put a Baby Pokémon or a Basic Pokémon card from your discard pile onto your Bench. <em>(You can't use this attack if your Bench is full.)</em>","[RRR] Fire Blast (50)
<br>Discard a Fire Energy card attached to Light Ninetales in order to use this attack.",W,,1,
86746,Light Ninetales,Light Ninetales,https://tcgplayer-cdn.tcgplayer.com/product/86746_200w.jpg,3,1444,https://cpt.tcgcsv.com/XJJ,2022-11-28T21:22:33.787,1,050/105,Uncommon,Fire,,7.44,9.29,16.75,9.34,6.22,Unlimited,90,Stage 1,"[R] Guiding Flame
<br>Put a Baby Pokémon or a Basic Pokémon card from your discard pile onto your Bench. <em>(You can't use this attack if your Bench is full.)</em>","[RRR] Fire Blast (50)
<br>Discard a Fire Energy card attached to Light Ninetales in order to use this attack.",W,,1,
86747,Light Piloswine,Light Piloswine,https://tcgplayer-cdn.tcgplayer.com/product/86747_200w.jpg,3,1444,https://cpt.tcgcsv.com/ZJJ,2022-11-28T21:24:11.287,1,026/105,Rare,Water,"<strong>Pokémon Power: Fluffly Wool</strong> During your opponent's turn, if Light Piloswine is your Active Pokémon and is damaged by your opponent's attack (even if it's Knocked Out), flip a coin. If heads, the attacking Pokémon is now Asleep. This power stops working if Light Piloswine is already Asleep, Confused, or Paralyzed when your opponent attacks.",12.2,13.0,13.5,12.64,,1st Edition,90,Stage 1,"[3] Knock Over (30)
<br>If there is a Stadium card in play, you may discard it.",,G,L-30,3,
86747,Light Piloswine,Light Piloswine,https://tcgplayer-cdn.tcgplayer.com/product/86747_200w.jpg,3,1444,https://cpt.tcgcsv.com/ZJJ,2022-11-28T21:24:11.287,1,026/105,Rare,Water,"<strong>Pokémon Power: Fluffly Wool</strong> During your opponent's turn, if Light Piloswine is your Active Pokémon and is damaged by your opponent's attack (even if it's Knocked Out), flip a coin. If heads, the attacking Pokémon is now Asleep. This power stops working if Light Piloswine is already Asleep, Confused, or Paralyzed when your opponent attacks.",8.49,9.03,14.65,8.9,,Unlimited,90,Stage 1,"[3] Knock Over (30)
<br>If there is a Stadium card in play, you may discard it.",,G,L-30,3,
86748,Light Slowbro,Light Slowbro,https://tcgplayer-cdn.tcgplayer.com/product/86748_200w.jpg,3,1444,https://cpt.tcgcsv.com/-JJ,2022-11-28T21:26:09.157,1,051/105,Uncommon,Psychic,,43.5,48.99,54.99,38.42,,1st Edition,80,Stage 1,"[P] Fish Out
<br>
Your opponent may choose up to 3 Baby Pokémon, Basic Pokémon, and/or Evolution cards from his or her discard pile and shuffle them into his or her deck. Either way, you may do the same.","[1W] Splash About (20+)
<br>If there are more Energy attached to the Defending Pokémon than to Light Slowbro, this attack does 20 damage plus 20 more damage. If not, this attack does 20 damage.",P,,2,
86748,Light Slowbro,Light Slowbro,https://tcgplayer-cdn.tcgplayer.com/product/86748_200w.jpg,3,1444,https://cpt.tcgcsv.com/-JJ,2022-11-28T21:26:09.157,1,051/105,Uncommon,Psychic,,16.0,24.77,129.99,17.11,,Unlimited,80,Stage 1,"[P] Fish Out
<br>
Your opponent may choose up to 3 Baby Pokémon, Basic Pokémon, and/or Evolution cards from his or her discard pile and shuffle them into his or her deck. Either way, you may do the same.","[1W] Splash About (20+)
<br>If there are more Energy attached to the Defending Pokémon than to Light Slowbro, this attack does 20 damage plus 20 more damage. If not, this attack does 20 damage.",P,,2,
86749,Light Sunflora,Light Sunflora,https://tcgplayer-cdn.tcgplayer.com/product/86749_200w.jpg,3,1444,https://cpt.tcgcsv.com/_JJ,2022-11-28T21:29:49.58,1,072/105,Common,Grass,,1.43,2.84,5.38,2.56,,1st Edition,80,Stage 1,"[2] Reflected Sunlight
<br>
Attach up to 2 Grass Energy cards from your hand to 1 of your Grass Pokémon.",[GGG] Solarbeam (40),R,,1,
86749,Light Sunflora,Light Sunflora,https://tcgplayer-cdn.tcgplayer.com/product/86749_200w.jpg,3,1444,https://cpt.tcgcsv.com/_JJ,2022-11-28T21:29:49.58,1,072/105,Common,Grass,,0.48,1.02,2.99,1.24,,Unlimited,80,Stage 1,"[2] Reflected Sunlight
<br>
Attach up to 2 Grass Energy cards from your hand to 1 of your Grass Pokémon.",[GGG] Solarbeam (40),R,,1,
86750,Light Togetic,Light Togetic,https://tcgplayer-cdn.tcgplayer.com/product/86750_200w.jpg,3,1444,https://cpt.tcgcsv.com/0KJ,2022-11-28T21:32:33.613,1,015/105,Holo Rare,Colorless,"<strong>Pokémon Power: Gift</strong> When you play Light Togetic from your hand, your opponent may search his or her deck for a Pokémon Tool card, show that card to you, and put it into his or her hand. Either way, you may do the same, and then each player who searched shuffles his or her deck.",68.25,89.99,245.44,149.99,,1st Edition Holofoil,60,Stage 1,"[2] Sweet Kiss (30)
<br>Your opponent may draw a card.",,,F-30,,
86750,Light Togetic,Light Togetic,https://tcgplayer-cdn.tcgplayer.com/product/86750_200w.jpg,3,1444,https://cpt.tcgcsv.com/0KJ,2022-11-28T21:32:33.613,1,015/105,Holo Rare,Colorless,"<strong>Pokémon Power: Gift</strong> When you play Light Togetic from your hand, your opponent may search his or her deck for a Pokémon Tool card, show that card to you, and put it into his or her hand. Either way, you may do the same, and then each player who searched shuffles his or her deck.",55.0,59.0,175.0,55.83,,Unlimited Holofoil,60,Stage 1,"[2] Sweet Kiss (30)
<br>Your opponent may draw a card.",,,F-30,,
86751,Light Vaporeon,Light Vaporeon,https://tcgplayer-cdn.tcgplayer.com/product/86751_200w.jpg,3,1444,https://cpt.tcgcsv.com/2KJ,2024-11-16T03:15:08.95,1,052/105,Uncommon,Water,,31.31,45.98,48.75,48.73,,1st Edition,80,Stage 1,"[W] Wash Away
<br>If you have any Benched Pokémon, flip a coin. If heads, remove all damage counters from 1 of your Benched Pokémon and discard all Energy cards attached to it.","[1WW] Hypno Shower (30)
<br>The Defending Pokémon is now Asleep. Remove 1 damage counter from each Benched Pokémon <em>(yours and your opponent's)</em> with any damage counter on it.",L,,1,
86751,Light Vaporeon,Light Vaporeon,https://tcgplayer-cdn.tcgplayer.com/product/86751_200w.jpg,3,1444,https://cpt.tcgcsv.com/2KJ,2024-11-16T03:15:08.95,1,052/105,Uncommon,Water,,15.48,26.56,38.75,19.36,,Unlimited,80,Stage 1,"[W] Wash Away
<br>If you have any Benched Pokémon, flip a coin. If heads, remove all damage counters from 1 of your Benched Pokémon and discard all Energy cards attached to it.","[1WW] Hypno Shower (30)
<br>The Defending Pokémon is now Asleep. Remove 1 damage counter from each Benched Pokémon <em>(yours and your opponent's)</em> with any damage counter on it.",L,,1,
86752,Light Venomoth,Light Venomoth,https://tcgplayer-cdn.tcgplayer.com/product/86752_200w.jpg,3,1444,https://cpt.tcgcsv.com/3KJ,2022-11-28T21:37:26.143,1,053/105,Uncommon,Grass,,4.36,5.48,12.68,6.72,,1st Edition,80,Stage 1,"[G] Mysterious Wing
<br>
Your opponent may choose a Baby Pokémon, Basic Pokémon, or Evolution card from his or her discard pile and put it into his or her hand. Either way, you may do the same.","[1P] Synchronize (40)
<br>If Light Venomoth and the Defending Pokémon have a different number of Energy cards attached to them, this attack does nothing.",R,F-30,,
86752,Light Venomoth,Light Venomoth,https://tcgplayer-cdn.tcgplayer.com/product/86752_200w.jpg,3,1444,https://cpt.tcgcsv.com/3KJ,2022-11-28T21:37:26.143,1,053/105,Uncommon,Grass,,1.78,3.29,7.99,3.77,,Unlimited,80,Stage 1,"[G] Mysterious Wing
<br>
Your opponent may choose a Baby Pokémon, Basic Pokémon, or Evolution card from his or her discard pile and put it into his or her hand. Either way, you may do the same.","[1P] Synchronize (40)
<br>If Light Venomoth and the Defending Pokémon have a different number of Energy cards attached to them, this attack does nothing.",R,F-30,,
86753,Light Wigglytuff,Light Wigglytuff,https://tcgplayer-cdn.tcgplayer.com/product/86753_200w.jpg,3,1444,https://cpt.tcgcsv.com/5KJ,2022-11-28T21:40:49.22,1,054/105,Uncommon,Colorless,,7.87,34.98,34.99,13.77,34.98,1st Edition,80,Stage 1,"[1] Evolution Song
<br>
Your opponent may choose 1 of his or her Pokémon and search his or her deck for a card that evolves from that Pokémon. Your opponent attachs that card to that Pokémon. This counts as evolving that Pokémon. Either way, you may do the same, and then each player who searched shuffles his or her deck.","[3] Body Slam (20)
<br>Flip a coin. If heads, the Defending Pokémon is now Paralyzed.",F,P-30,1,
86753,Light Wigglytuff,Light Wigglytuff,https://tcgplayer-cdn.tcgplayer.com/product/86753_200w.jpg,3,1444,https://cpt.tcgcsv.com/5KJ,2022-11-28T21:40:49.22,1,054/105,Uncommon,Colorless,,4.0,5.06,9.98,5.75,,Unlimited,80,Stage 1,"[1] Evolution Song
<br>
Your opponent may choose 1 of his or her Pokémon and search his or her deck for a card that evolves from that Pokémon. Your opponent attachs that card to that Pokémon. This counts as evolving that Pokémon. Either way, you may do the same, and then each player who searched shuffles his or her deck.","[3] Body Slam (20)
<br>Flip a coin. If heads, the Defending Pokémon is now Paralyzed.",F,P-30,1,
86893,Lucky Stadium,Lucky Stadium,https://tcgplayer-cdn.tcgplayer.com/product/86893_200w.jpg,3,1444,https://cpt.tcgcsv.com/TMJ,2022-12-20T20:30:54.703,1,100/105,Uncommon,Stadium,"This card stays in play when you play it. Discard this card if another Stadium card comes into play.
<br>
Once during each player's turn <em>(before attacking)</em>, that player may flip a coin. If heads, that player draws a card.",6.1,6.95,12.75,7.13,,1st Edition,,,,,,,,
86893,Lucky Stadium,Lucky Stadium,https://tcgplayer-cdn.tcgplayer.com/product/86893_200w.jpg,3,1444,https://cpt.tcgcsv.com/TMJ,2022-12-20T20:30:54.703,1,100/105,Uncommon,Stadium,"This card stays in play when you play it. Discard this card if another Stadium card comes into play.
<br>
Once during each player's turn <em>(before attacking)</em>, that player may flip a coin. If heads, that player draws a card.",1.9,2.86,5.54,3.13,,Unlimited,,,,,,,,
86988,Machop,Machop,https://tcgplayer-cdn.tcgplayer.com/product/86988_200w.jpg,3,1444,https://cpt.tcgcsv.com/NPJ,2023-02-05T04:47:42.623,1,073/105,Common,Fighting,,1.25,2.17,2.99,2.5,,1st Edition,40,Basic,[1] Chop (10),[2] Punch (20),P,,1,
86988,Machop,Machop,https://tcgplayer-cdn.tcgplayer.com/product/86988_200w.jpg,3,1444,https://cpt.tcgcsv.com/NPJ,2023-02-05T04:47:42.623,1,073/105,Common,Fighting,,0.18,0.52,5.94,0.58,,Unlimited,40,Basic,[1] Chop (10),[2] Punch (20),P,,1,
87122,Magnifier,Magnifier,https://tcgplayer-cdn.tcgplayer.com/product/87122_200w.jpg,3,1444,https://cpt.tcgcsv.com/sSJ,2022-11-28T21:46:59.74,1,101/105,Uncommon,Trainer,"Attach Magnifier to 1 of your Pokémon. At the end of your turn, discard Magnifier. If the Pokémon Magnifier is attached to attacks, don't apply Resistance for that attack.",0.94,2.07,4.74,2.26,,1st Edition,,,,,,,,
87122,Magnifier,Magnifier,https://tcgplayer-cdn.tcgplayer.com/product/87122_200w.jpg,3,1444,https://cpt.tcgcsv.com/sSJ,2022-11-28T21:46:59.74,1,101/105,Uncommon,Trainer,"Attach Magnifier to 1 of your Pokémon. At the end of your turn, discard Magnifier. If the Pokémon Magnifier is attached to attacks, don't apply Resistance for that attack.",0.48,1.15,4.99,1.36,,Unlimited,,,,,,,,
87123,Mail from Bill,Mail from Bill,https://tcgplayer-cdn.tcgplayer.com/product/87123_200w.jpg,3,1444,https://cpt.tcgcsv.com/tSJ,2025-02-05T21:14:41.903,1,105/105,Common,Trainer,You can't play this card if you have 5 or more cards in your hand <em>(including this one)</em>. Draw cards until you have exactly 4 cards in your hand.,0.49,0.99,4.0,1.51,,1st Edition,,,,,,,,
87123,Mail from Bill,Mail from Bill,https://tcgplayer-cdn.tcgplayer.com/product/87123_200w.jpg,3,1444,https://cpt.tcgcsv.com/tSJ,2025-02-05T21:14:41.903,1,105/105,Common,Trainer,You can't play this card if you have 5 or more cards in your hand <em>(including this one)</em>. Draw cards until you have exactly 4 cards in your hand.,0.2,0.47,1.99,0.52,,Unlimited,,,,,,,,
87180,Mantine,Mantine,https://tcgplayer-cdn.tcgplayer.com/product/87180_200w.jpg,3,1444,https://cpt.tcgcsv.com/DTJ,2023-07-17T13:02:59.383,1,074/105,Common,Water,,1.13,1.99,4.99,2.09,,1st Edition,60,Basic,"[WW] Giant Wave (40) 
<br>
Mantine can't attack during your next turn.",,L,F-30,2,
87180,Mantine,Mantine,https://tcgplayer-cdn.tcgplayer.com/product/87180_200w.jpg,3,1444,https://cpt.tcgcsv.com/DTJ,2023-07-17T13:02:59.383,1,074/105,Common,Water,,0.3,0.95,501.5,1.04,0.65,Unlimited,60,Basic,"[WW] Giant Wave (40) 
<br>
Mantine can't attack during your next turn.",,L,F-30,2,
87194,Mareep,Mareep,https://tcgplayer-cdn.tcgplayer.com/product/87194_200w.jpg,3,1444,https://cpt.tcgcsv.com/VTJ,2022-11-28T21:55:57.217,1,075/105,Common,Lightning,,1.3,2.79,4.04,2.79,,1st Edition,50,Basic,[1] Headbutt (10),,F,,1,
87194,Mareep,Mareep,https://tcgplayer-cdn.tcgplayer.com/product/87194_200w.jpg,3,1444,https://cpt.tcgcsv.com/VTJ,2022-11-28T21:55:57.217,1,075/105,Common,Lightning,,0.64,1.2,501.5,1.26,,Unlimited,50,Basic,[1] Headbutt (10),,F,,1,
87496,Miracle Energy,Miracle Energy,https://tcgplayer-cdn.tcgplayer.com/product/87496_200w.jpg,3,1444,https://cpt.tcgcsv.com/X_J,2022-11-29T03:14:00.493,1,016/105,Holo Rare,Special Energy,"You can't have more than 1 Miracle Energy in your deck.
<br>
Attach Miracle Energy to 1 of your Shining or Light Pokémon. At the end of your turn, discard Miracle Energy.
<br>
While in play, Miracle Energy counts as every type of Energy but provides only 2 Energy at a time.",45.0,64.12,74.95,74.95,,1st Edition Holofoil,,,,,,,,
87496,Miracle Energy,Miracle Energy,https://tcgplayer-cdn.tcgplayer.com/product/87496_200w.jpg,3,1444,https://cpt.tcgcsv.com/X_J,2022-11-29T03:14:00.493,1,016/105,Holo Rare,Special Energy,"You can't have more than 1 Miracle Energy in your deck.
<br>
Attach Miracle Energy to 1 of your Shining or Light Pokémon. At the end of your turn, discard Miracle Energy.
<br>
While in play, Miracle Energy counts as every type of Energy but provides only 2 Energy at a time.",17.6,20.0,30.0,22.63,,Unlimited Holofoil,,,,,,,,
87997,Phanpy,Phanpy,https://tcgplayer-cdn.tcgplayer.com/product/87997_200w.jpg,3,1444,https://cpt.tcgcsv.com/ZcK,2022-11-29T03:16:58.63,1,076/105,Common,Fighting,,1.5,2.5,3.48,2.62,,1st Edition,40,Basic,"[F] Crushing Step (10+)
<br>
Flip a coin. If heads, this attack does 10 damage plus 10 more damage; if tails, this attack does 10 damage.",,G,L-30,1,
87997,Phanpy,Phanpy,https://tcgplayer-cdn.tcgplayer.com/product/87997_200w.jpg,3,1444,https://cpt.tcgcsv.com/ZcK,2022-11-29T03:16:58.63,1,076/105,Common,Fighting,,0.3,0.99,6.44,1.09,,Unlimited,40,Basic,"[F] Crushing Step (10+)
<br>
Flip a coin. If heads, this attack does 10 damage plus 10 more damage; if tails, this attack does 10 damage.",,G,L-30,1,
88123,Pineco,Pineco,https://tcgplayer-cdn.tcgplayer.com/product/88123_200w.jpg,3,1444,https://cpt.tcgcsv.com/tgK,2022-11-29T03:18:14.047,1,077/105,Common,Grass,,0.73,1.49,2.99,1.49,1.3,1st Edition,40,Basic,[2] Tackle (20),,R,,2,
88123,Pineco,Pineco,https://tcgplayer-cdn.tcgplayer.com/product/88123_200w.jpg,3,1444,https://cpt.tcgcsv.com/tgK,2022-11-29T03:18:14.047,1,077/105,Common,Grass,,0.19,0.55,5.94,0.63,0.4,Unlimited,40,Basic,[2] Tackle (20),,R,,2,
88232,Pokemon Personality Test,Pokemon Personality Test,https://tcgplayer-cdn.tcgplayer.com/product/88232_200w.jpg,3,1444,https://cpt.tcgcsv.com/GjK,2023-02-25T20:33:04.06,1,102/105,Uncommon,Trainer,"Put an Evolution card from your hand face down in front of you. Your opponent guess whether it is a Pokémon card with Light in its name, a Pokémon card with Dark in its name, or neither one. Flip the card over. If your opponent guessed right, he or she draws 3 cards. If your opponent guessed wrong, you draw 3 cards. Either way, return the card to your hand.",4.99,8.0,9.42,8.24,,1st Edition,,,,,,,,
88232,Pokemon Personality Test,Pokemon Personality Test,https://tcgplayer-cdn.tcgplayer.com/product/88232_200w.jpg,3,1444,https://cpt.tcgcsv.com/GjK,2023-02-25T20:33:04.06,1,102/105,Uncommon,Trainer,"Put an Evolution card from your hand face down in front of you. Your opponent guess whether it is a Pokémon card with Light in its name, a Pokémon card with Dark in its name, or neither one. Flip the card over. If your opponent guessed right, he or she draws 3 cards. If your opponent guessed wrong, you draw 3 cards. Either way, return the card to your hand.",2.9,4.94,5.99,5.03,,Unlimited,,,,,,,,
88305,Porygon,Porygon,https://tcgplayer-cdn.tcgplayer.com/product/88305_200w.jpg,3,1444,https://cpt.tcgcsv.com/7lK,2024-12-28T13:01:42.27,1,078/105,Common,Colorless,,2.25,3.11,11.34,2.81,3.11,1st Edition,50,Basic,[2] Sharpen (20),,F,P-30,1,
88305,Porygon,Porygon,https://tcgplayer-cdn.tcgplayer.com/product/88305_200w.jpg,3,1444,https://cpt.tcgcsv.com/7lK,2024-12-28T13:01:42.27,1,078/105,Common,Colorless,,0.47,0.95,5.0,0.94,1.5,Unlimited,50,Basic,[2] Sharpen (20),,F,P-30,1,
88433,Psyduck,Psyduck,https://tcgplayer-cdn.tcgplayer.com/product/88433_200w.jpg,3,1444,https://cpt.tcgcsv.com/HnK,2022-11-29T03:22:03.097,1,079/105,Common,Water,,18.88,22.95,23.5,17.13,,1st Edition,50,Basic,[W] Flipper Splash (10),"[1P] Migraine (20)
<br>
Flip a coin. If heads, the Defending Pokémon is now Confused. If tails, Psyduck is now Confused.",L,,1,
88433,Psyduck,Psyduck,https://tcgplayer-cdn.tcgplayer.com/product/88433_200w.jpg,3,1444,https://cpt.tcgcsv.com/HnK,2022-11-29T03:22:03.097,1,079/105,Common,Water,,5.94,9.21,12.35,9.15,,Unlimited,50,Basic,[W] Flipper Splash (10),"[1P] Migraine (20)
<br>
Flip a coin. If heads, the Defending Pokémon is now Confused. If tails, Psyduck is now Confused.",L,,1,
88497,Radio Tower,Radio Tower,https://tcgplayer-cdn.tcgplayer.com/product/88497_200w.jpg,3,1444,https://cpt.tcgcsv.com/ZpK,2022-11-29T03:27:17.607,1,095/105,Rare,Stadium,"This card stays in play when you play it. Discard this card if another Stadium card comes into play.
<br>
Once during each player's turn <em>(before attacking)</em>, that player may look at the top 2 cards of his or her deck and put them back in the same order.",9.08,9.5,12.98,10.08,,1st Edition,,,,,,,,
88497,Radio Tower,Radio Tower,https://tcgplayer-cdn.tcgplayer.com/product/88497_200w.jpg,3,1444,https://cpt.tcgcsv.com/ZpK,2022-11-29T03:27:17.607,1,095/105,Rare,Stadium,"This card stays in play when you play it. Discard this card if another Stadium card comes into play.
<br>
Once during each player's turn <em>(before attacking)</em>, that player may look at the top 2 cards of his or her deck and put them back in the same order.",4.74,5.55,9.89,5.72,,Unlimited,,,,,,,,
88693,Remoraid,Remoraid,https://tcgplayer-cdn.tcgplayer.com/product/88693_200w.jpg,3,1444,https://cpt.tcgcsv.com/TtK,2022-11-29T03:28:32.1,1,080/105,Common,Water,,0.99,1.62,4.99,1.61,1.14,1st Edition,40,Basic,"[W] Fury Strikes (10x)
<br>Flip 3 coins. This attack does 10 damage times the number of heads.",,L,,,
88693,Remoraid,Remoraid,https://tcgplayer-cdn.tcgplayer.com/product/88693_200w.jpg,3,1444,https://cpt.tcgcsv.com/TtK,2022-11-29T03:28:32.1,1,080/105,Common,Water,,0.22,0.6,2.55,0.64,,Unlimited,40,Basic,"[W] Fury Strikes (10x)
<br>Flip 3 coins. This attack does 10 damage times the number of heads.",,L,,,
88995,Scyther,Scyther,https://tcgplayer-cdn.tcgplayer.com/product/88995_200w.jpg,3,1444,https://cpt.tcgcsv.com/WCK,2022-11-29T03:29:41.16,1,055/105,Uncommon,Grass,,7.5,14.96,18.05,14.27,,1st Edition,60,Basic,"[1G] Agility (10)
<br>Flip a coin. If heads, during your opponent's next turn, prevent all effects of attacks, including damage, done to Scyther.",[GGG] Sharp Sickle (40),R,F-30,1,
88995,Scyther,Scyther,https://tcgplayer-cdn.tcgplayer.com/product/88995_200w.jpg,3,1444,https://cpt.tcgcsv.com/WCK,2022-11-29T03:29:41.16,1,055/105,Uncommon,Grass,,3.0,4.49,5.99,4.61,,Unlimited,60,Basic,"[1G] Agility (10)
<br>Flip a coin. If heads, during your opponent's next turn, prevent all effects of attacks, including damage, done to Scyther.",[GGG] Sharp Sickle (40),R,F-30,1,
89048,Seel,Seel,https://tcgplayer-cdn.tcgplayer.com/product/89048_200w.jpg,3,1444,https://cpt.tcgcsv.com/-DK,2025-02-05T21:14:41.957,1,081/105,Common,Water,,0.9,1.5,8.0,1.69,,1st Edition,50,Basic,"[1W] Take Down (30)
<br>
Seel does 10 damage to itself.",,L,,1,
89048,Seel,Seel,https://tcgplayer-cdn.tcgplayer.com/product/89048_200w.jpg,3,1444,https://cpt.tcgcsv.com/-DK,2025-02-05T21:14:41.957,1,081/105,Common,Water,,0.2,0.5,1.99,0.67,,Unlimited,50,Basic,"[1W] Take Down (30)
<br>
Seel does 10 damage to itself.",,L,,1,
89162,Shining Celebi,Shining Celebi,https://tcgplayer-cdn.tcgplayer.com/product/89162_200w.jpg,3,1444,https://cpt.tcgcsv.com/gHK,2022-11-29T03:32:45.35,1,106/105,Secret Rare,Grass,,618.89,1249.99,1400.0,,,1st Edition Holofoil,50,Basic,"[W] Healing Water
<br>
Remove a number of damage counters from 1 of your Benched Pokémon equal to the number of Water Energy cards attached to Shining Celebi. If the Pokémon has fewer damage counters than that, remove all of them.","[GP] Miracle Leaf (10)
<br>
Flip a number of coins equal to the number of Energy attached to the Defending Pokémon. If you get 1 or more heads, the Defending Pokémon is now Asleep, Confused, or Poisoned (your choice).",R,,1,
89162,Shining Celebi,Shining Celebi,https://tcgplayer-cdn.tcgplayer.com/product/89162_200w.jpg,3,1444,https://cpt.tcgcsv.com/gHK,2022-11-29T03:32:45.35,1,106/105,Secret Rare,Grass,,374.99,382.5,450.0,442.97,,Unlimited Holofoil,50,Basic,"[W] Healing Water
<br>
Remove a number of damage counters from 1 of your Benched Pokémon equal to the number of Water Energy cards attached to Shining Celebi. If the Pokémon has fewer damage counters than that, remove all of them.","[GP] Miracle Leaf (10)
<br>
Flip a number of coins equal to the number of Energy attached to the Defending Pokémon. If you get 1 or more heads, the Defending Pokémon is now Asleep, Confused, or Poisoned (your choice).",R,,1,
89163,Shining Charizard,Shining Charizard,https://tcgplayer-cdn.tcgplayer.com/product/89163_200w.jpg,3,1444,https://cpt.tcgcsv.com/hHK,2023-03-01T18:12:07.52,1,107/105,Secret Rare,Fire,,6166.56,6166.56,6166.56,,,1st Edition Holofoil,100,Basic,"[RRRLL] White-hot Flame (100)
<br>
Discard 1 Fire Energy card and 1 Lightning Energy card attached to Shining Charizard or this attack does nothing. Flip a coin. If tails, Shining Charizard does 30 damage to itself.",,W,F-30,3,
89163,Shining Charizard,Shining Charizard,https://tcgplayer-cdn.tcgplayer.com/product/89163_200w.jpg,3,1444,https://cpt.tcgcsv.com/hHK,2023-03-01T18:12:07.52,1,107/105,Secret Rare,Fire,,1250.0,1700.0,9500.0,6502.49,,Unlimited Holofoil,100,Basic,"[RRRLL] White-hot Flame (100)
<br>
Discard 1 Fire Energy card and 1 Lightning Energy card attached to Shining Charizard or this attack does nothing. Flip a coin. If tails, Shining Charizard does 30 damage to itself.",,W,F-30,3,
89165,Shining Kabutops,Shining Kabutops,https://tcgplayer-cdn.tcgplayer.com/product/89165_200w.jpg,3,1444,https://cpt.tcgcsv.com/kHK,2022-11-29T03:37:40.33,1,108/105,Secret Rare,Fighting,,300.0,360.32,400.0,290.56,,Unlimited Holofoil,80,Basic,"[FFL] Lightning Cut (30+)
<br>
Flip a coin. If heads, this attack does 30 damage plus 10 more damage and does 10 damage to each of your opponent's Benched Pokémon. <em>(Don't apply Weakness and Resistance for Benched Pokémon.)</em> If tails, this attack does 30 damage and Shining Kabutops does 10 damage to itself.","[FFWW] Water Slash (50+)
<br>
Does 50 damage plus 10 more damage for each Water Energy attached to Shining Kabutops but not used to pay for this attack's Energy cost. Don't apply Resistance.",G,,2,
89167,Shining Mewtwo,Shining Mewtwo,https://tcgplayer-cdn.tcgplayer.com/product/89167_200w.jpg,3,1444,https://cpt.tcgcsv.com/mHK,2022-11-29T03:40:49.127,1,109/105,Secret Rare,Psychic,,3000.0,3000.0,3000.0,500.0,,1st Edition Holofoil,70,Basic,"[PL] Reflect Shield
<br>
If an attack does damage to Shining Mewtwo during your opponent's next turn <em>(even if Shining Mewtwo is Knocked Out)</em>, flip a coin. If heads, prevent all damage done to Shining Mewtwo from that attack <em>(any other effects of attacks still happen)</em> and do 20 damage to the attacking Pokémon.","[PPR] Psyburst (40+)
<br>
Discard a Fire Energy card attached to Shining Mewtwo or this attack does nothing. This attack does 40 damage plus 10 damage for each Energy attached to the Defending Pokémon.",P,,2,
89167,Shining Mewtwo,Shining Mewtwo,https://tcgplayer-cdn.tcgplayer.com/product/89167_200w.jpg,3,1444,https://cpt.tcgcsv.com/mHK,2022-11-29T03:40:49.127,1,109/105,Secret Rare,Psychic,,767.27,1090.0,1100.0,769.28,,Unlimited Holofoil,70,Basic,"[PL] Reflect Shield
<br>
If an attack does damage to Shining Mewtwo during your opponent's next turn <em>(even if Shining Mewtwo is Knocked Out)</em>, flip a coin. If heads, prevent all damage done to Shining Mewtwo from that attack <em>(any other effects of attacks still happen)</em> and do 20 damage to the attacking Pokémon.","[PPR] Psyburst (40+)
<br>
Discard a Fire Energy card attached to Shining Mewtwo or this attack does nothing. This attack does 40 damage plus 10 damage for each Energy attached to the Defending Pokémon.",P,,2,
89168,Shining Noctowl,Shining Noctowl,https://tcgplayer-cdn.tcgplayer.com/product/89168_200w.jpg,3,1444,https://cpt.tcgcsv.com/nHK,2022-11-29T03:47:31.613,1,110/105,Secret Rare,Colorless,,329.99,329.99,329.99,631.04,,1st Edition Holofoil,60,Basic,"[1PL] Flashing Eyes (30)
<br>
Flip 3 coins. If exactly 1 is heads, the Defending Pokémon is now Asleep. If exactly 2 are heads, the Defending Pokémon is now Confused. If all 3 are heads, the Defending Pokémon is now Paralyzed.",,L,F-30,1,
89168,Shining Noctowl,Shining Noctowl,https://tcgplayer-cdn.tcgplayer.com/product/89168_200w.jpg,3,1444,https://cpt.tcgcsv.com/nHK,2022-11-29T03:47:31.613,1,110/105,Secret Rare,Colorless,,191.39,300.0,316.33,215.72,,Unlimited Holofoil,60,Basic,"[1PL] Flashing Eyes (30)
<br>
Flip 3 coins. If exactly 1 is heads, the Defending Pokémon is now Asleep. If exactly 2 are heads, the Defending Pokémon is now Confused. If all 3 are heads, the Defending Pokémon is now Paralyzed.",,L,F-30,1,
89169,Shining Raichu,Shining Raichu,https://tcgplayer-cdn.tcgplayer.com/product/89169_200w.jpg,3,1444,https://cpt.tcgcsv.com/pHK,2022-11-29T03:49:02.823,1,111/105,Secret Rare,Lightning,,250.0,329.99,350.0,317.5,,Unlimited Holofoil,70,Basic,"[LLWW] Thundersquall (40)
<br>
If your opponent has any Benched Pokémon, choose 1 of them and this attack does 10 damage to that Pokémon for each Water Energy attached to Shining Raichu. <em>(Don't apply Weakness and Resistance for Benched Pokémon.)</em>",,F,,1,
89170,Shining Steelix,Shining Steelix,https://tcgplayer-cdn.tcgplayer.com/product/89170_200w.jpg,3,1444,https://cpt.tcgcsv.com/qHK,2022-11-29T03:52:54.083,1,112/105,Secret Rare,Metal,,228.99,323.31,349.99,242.5,,Unlimited Holofoil,90,Basic,"[MMFF] Crushing Earth (80) 
<br>
Flip a coin. If heads, this attack does 10 damage to each Benched Pokémon <em>(yours and your opponent's)</em>. <em>(Don't apply Weakness and Resistance for Benched Pokémon.)</em> If tails, this attack does nothing. Either way, Shining Steelix can't attack during your next turn.",,R,G-30,4,
89171,Shining Tyranitar,Shining Tyranitar,https://tcgplayer-cdn.tcgplayer.com/product/89171_200w.jpg,3,1444,https://cpt.tcgcsv.com/rHK,2022-11-29T03:55:37.093,1,113/105,Secret Rare,Darkness,,700.0,2475.0,4249.99,,,1st Edition Holofoil,80,Basic,"[DFF] Mountain Crush (30)
<br>
Flip a coin until you get tails. For each heads, your opponent discards the top card from his or her deck.","[DRRR] Destructive Fire (50)
<br>
Flip a coin for each Fire Energy card attached to Shining Tyranitar. For each heads, discard a Fire Energy card attached to Shining Tyranitar or this attack does nothing. Then, for each heads, choose an Energy card attached to the Defending Pokémon and discard it. If it has fewer Energy cards than that, discard all of them.",None,P-30,3,
89171,Shining Tyranitar,Shining Tyranitar,https://tcgplayer-cdn.tcgplayer.com/product/89171_200w.jpg,3,1444,https://cpt.tcgcsv.com/rHK,2022-11-29T03:55:37.093,1,113/105,Secret Rare,Darkness,,501.99,610.0,842.28,669.65,,Unlimited Holofoil,80,Basic,"[DFF] Mountain Crush (30)
<br>
Flip a coin until you get tails. For each heads, your opponent discards the top card from his or her deck.","[DRRR] Destructive Fire (50)
<br>
Flip a coin for each Fire Energy card attached to Shining Tyranitar. For each heads, discard a Fire Energy card attached to Shining Tyranitar or this attack does nothing. Then, for each heads, choose an Energy card attached to the Defending Pokémon and discard it. If it has fewer Energy cards than that, discard all of them.",None,P-30,3,
89337,Slugma,Slugma,https://tcgplayer-cdn.tcgplayer.com/product/89337_200w.jpg,3,1444,https://cpt.tcgcsv.com/MLK,2023-05-27T17:43:34.45,1,082/105,Common,Fire,,0.92,1.76,4.99,1.79,,1st Edition,50,Basic,[RR] Combustion (30),,W,,2,
89337,Slugma,Slugma,https://tcgplayer-cdn.tcgplayer.com/product/89337_200w.jpg,3,1444,https://cpt.tcgcsv.com/MLK,2023-05-27T17:43:34.45,1,082/105,Common,Fire,,0.17,0.5,1.99,0.51,0.31,Unlimited,50,Basic,[RR] Combustion (30),,W,,2,
89618,Sunkern,Sunkern,https://tcgplayer-cdn.tcgplayer.com/product/89618_200w.jpg,3,1444,https://cpt.tcgcsv.com/nSK,2022-11-29T03:57:51.937,1,083/105,Common,Grass,,0.99,1.75,3.89,1.75,1.18,1st Edition,40,Basic,[1] Rollout (10),"[GG] Sunbathe
<br>
Flip a coin. If heads, remove all damage counters from Sunkern. Search your deck for a card that evolves from Sunkern and attach that card to Sunkern. This counts as evolving Sunkern. Shuffle your deck afterward.",R,,2,
89618,Sunkern,Sunkern,https://tcgplayer-cdn.tcgplayer.com/product/89618_200w.jpg,3,1444,https://cpt.tcgcsv.com/nSK,2022-11-29T03:57:51.937,1,083/105,Common,Grass,,0.24,0.61,1.99,0.65,,Unlimited,40,Basic,[1] Rollout (10),"[GG] Sunbathe
<br>
Flip a coin. If heads, remove all damage counters from Sunkern. Search your deck for a card that evolves from Sunkern and attach that card to Sunkern. This counts as evolving Sunkern. Shuffle your deck afterward.",R,,2,
89699,Swinub,Swinub,https://tcgplayer-cdn.tcgplayer.com/product/89699_200w.jpg,3,1444,https://cpt.tcgcsv.com/_TK,2022-11-29T03:59:25.56,1,084/105,Common,Water,,1.22,1.99,4.22,1.87,,1st Edition,50,Basic,"[1W] Generate Cold (20)
<br>
Flip a coin. If heads, the Defending Pokémon is now Paralyzed.",,G,L-30,1,
89699,Swinub,Swinub,https://tcgplayer-cdn.tcgplayer.com/product/89699_200w.jpg,3,1444,https://cpt.tcgcsv.com/_TK,2022-11-29T03:59:25.56,1,084/105,Common,Water,,0.34,0.9,2.05,0.94,,Unlimited,50,Basic,"[1W] Generate Cold (20)
<br>
Flip a coin. If heads, the Defending Pokémon is now Paralyzed.",,G,L-30,1,
89850,Team Rocket's Evil Deeds,Team Rockets Evil Deeds,https://tcgplayer-cdn.tcgplayer.com/product/89850_200w.jpg,3,1444,https://cpt.tcgcsv.com/0ZK,2022-11-29T04:00:35.073,1,103/105,Uncommon,Trainer,"Look at your opponent's hand and choose a card there. Your opponent shuffles that card into his or her deck. Then, your opponent may draw up to 2 cards.",4.45,7.35,8.4,7.51,,1st Edition,,,,,,,,
89850,Team Rocket's Evil Deeds,Team Rockets Evil Deeds,https://tcgplayer-cdn.tcgplayer.com/product/89850_200w.jpg,3,1444,https://cpt.tcgcsv.com/0ZK,2022-11-29T04:00:35.073,1,103/105,Uncommon,Trainer,"Look at your opponent's hand and choose a card there. Your opponent shuffles that card into his or her deck. Then, your opponent may draw up to 2 cards.",1.69,2.5,6.54,2.28,,Unlimited,,,,,,,,
89898,Thought Wave Machine (Rocket's Secret Machine),Thought Wave Machine Rockets Secret Machine,https://tcgplayer-cdn.tcgplayer.com/product/89898_200w.jpg,3,1444,https://cpt.tcgcsv.com/-ZK,2022-11-29T04:02:20.777,1,096/105,Rare,Trainer,"Flip a coin until you get tails. For each heads, return an Energy card attached to your opponent's Active Pokémon to your opponent's hand. If the Pokémon has fewer attached Energy cards than that, return all of them to your opponent's hand. Your turn is over now (you don't get to attack).",5.99,10.1,15.0,8.29,,1st Edition,,,,,,,,
89898,Thought Wave Machine (Rocket's Secret Machine),Thought Wave Machine Rockets Secret Machine,https://tcgplayer-cdn.tcgplayer.com/product/89898_200w.jpg,3,1444,https://cpt.tcgcsv.com/-ZK,2022-11-29T04:02:20.777,1,096/105,Rare,Trainer,"Flip a coin until you get tails. For each heads, return an Energy card attached to your opponent's Active Pokémon to your opponent's hand. If the Pokémon has fewer attached Energy cards than that, return all of them to your opponent's hand. Your turn is over now (you don't get to attack).",4.89,6.0,8.99,5.47,,Unlimited,,,,,,,,
89930,Togepi,Togepi,https://tcgplayer-cdn.tcgplayer.com/product/89930_200w.jpg,3,1444,https://cpt.tcgcsv.com/D-K,2022-11-29T04:05:08.213,1,056/105,Uncommon,Colorless,,24.74,29.3,33.85,23.95,,1st Edition,40,Basic,"[1] Charm
<br>
If the Defending Pokémon attacks during your opponent's next turn, any damage it does is reduced by 10 (before applying Weakness and Resistance).","[2] Spike Ball Tackle (20)
<br>
Togepi does 10 damage to itself.",,P-30,1,
89930,Togepi,Togepi,https://tcgplayer-cdn.tcgplayer.com/product/89930_200w.jpg,3,1444,https://cpt.tcgcsv.com/D-K,2022-11-29T04:05:08.213,1,056/105,Uncommon,Colorless,,13.89,16.0,28.06,12.19,,Unlimited,40,Basic,"[1] Charm
<br>
If the Defending Pokémon attacks during your opponent's next turn, any damage it does is reduced by 10 (before applying Weakness and Resistance).","[2] Spike Ball Tackle (20)
<br>
Togepi does 10 damage to itself.",,P-30,1,
89993,Totodile,Totodile,https://tcgplayer-cdn.tcgplayer.com/product/89993_200w.jpg,3,1444,https://cpt.tcgcsv.com/T_K,2023-01-06T06:32:20.927,1,085/105,Common,Water,,3.88,5.43,6.99,5.35,,1st Edition,50,Basic,"[W] Water Gun (10+)
<br>
Does 10 damage plus 10 more damage for each Water Energy attached to Totodile but not used to pay for this attack's Energy cost. You can't add more than 20 damage in this way.",,G,,1,
89993,Totodile,Totodile,https://tcgplayer-cdn.tcgplayer.com/product/89993_200w.jpg,3,1444,https://cpt.tcgcsv.com/T_K,2023-01-06T06:32:20.927,1,085/105,Common,Water,,0.55,1.99,9.48,1.99,,Unlimited,50,Basic,"[W] Water Gun (10+)
<br>
Does 10 damage plus 10 more damage for each Water Energy attached to Totodile but not used to pay for this attack's Energy cost. You can't add more than 20 damage in this way.",,G,,1,
90201,Unown [C],Unown C,https://tcgplayer-cdn.tcgplayer.com/product/90201_200w.jpg,3,1444,https://cpt.tcgcsv.com/26L,2022-11-29T04:09:22.023,1,057/105,Uncommon,Psychic,"<strong>Pokémon Power: [Chase]</strong> As long as Unown [C] is your Active Pokémon, whenever your opponent's Active Pokémon tries to retreat, flip a coin. If heads, put 1 damage counter on that Pokémon. Apply Weakness and Resistance.",7.82,8.85,10.8,8.85,,1st Edition,40,Basic,[P] Hidden Power (10),,P,,1,
90201,Unown [C],Unown C,https://tcgplayer-cdn.tcgplayer.com/product/90201_200w.jpg,3,1444,https://cpt.tcgcsv.com/26L,2022-11-29T04:09:22.023,1,057/105,Uncommon,Psychic,"<strong>Pokémon Power: [Chase]</strong> As long as Unown [C] is your Active Pokémon, whenever your opponent's Active Pokémon tries to retreat, flip a coin. If heads, put 1 damage counter on that Pokémon. Apply Weakness and Resistance.",3.68,6.34,8.17,6.43,,Unlimited,40,Basic,[P] Hidden Power (10),,P,,1,
90209,Unown [G],Unown G,https://tcgplayer-cdn.tcgplayer.com/product/90209_200w.jpg,3,1444,https://cpt.tcgcsv.com/c6L,2022-11-29T04:12:52.99,1,027/105,Rare,Psychic,"<strong>Pokémon Power: [Give]</strong> Once during your turn <em>(before your attack)</em>, if you have Unown [G], Unown [I], Unown [V], and Unown [E] on your Bench, you may flip a coin. If heads, search your deck for a basic Energy card and attach it to 1 of your Pokémon. Shuffle your deck afterward.",18.1,20.06,20.41,18.55,,1st Edition,40,Basic,[P] Hidden Power (10),,P,,1,
90209,Unown [G],Unown G,https://tcgplayer-cdn.tcgplayer.com/product/90209_200w.jpg,3,1444,https://cpt.tcgcsv.com/c6L,2022-11-29T04:12:52.99,1,027/105,Rare,Psychic,"<strong>Pokémon Power: [Give]</strong> Once during your turn <em>(before your attack)</em>, if you have Unown [G], Unown [I], Unown [V], and Unown [E] on your Bench, you may flip a coin. If heads, search your deck for a basic Energy card and attach it to 1 of your Pokémon. Shuffle your deck afterward.",9.49,13.07,25.25,13.19,11.2,Unlimited,40,Basic,[P] Hidden Power (10),,P,,1,
90211,Unown [H],Unown H,https://tcgplayer-cdn.tcgplayer.com/product/90211_200w.jpg,3,1444,https://cpt.tcgcsv.com/f6L,2022-11-29T04:14:52.293,1,028/105,Rare,Psychic,"<strong>Pokémon Power: [Help]</strong> Once during your turn <em>(before your attack)</em>, if you have Unown [H], Unown [E], Unown [L], and Unown [P] on your Bench, you may shuffle your hand into your deck, then draw a new hand of the same number of cards.",12.13,16.87,21.6,17.2,,1st Edition,40,Basic,[P] Hidden Power (10),,P,,1,
90211,Unown [H],Unown H,https://tcgplayer-cdn.tcgplayer.com/product/90211_200w.jpg,3,1444,https://cpt.tcgcsv.com/f6L,2022-11-29T04:14:52.293,1,028/105,Rare,Psychic,"<strong>Pokémon Power: [Help]</strong> Once during your turn <em>(before your attack)</em>, if you have Unown [H], Unown [E], Unown [L], and Unown [P] on your Bench, you may shuffle your hand into your deck, then draw a new hand of the same number of cards.",13.47,16.99,33.0,13.28,,Unlimited,40,Basic,[P] Hidden Power (10),,P,,1,
90219,Unown [L],Unown L,https://tcgplayer-cdn.tcgplayer.com/product/90219_200w.jpg,3,1444,https://cpt.tcgcsv.com/p6L,2022-12-30T22:53:58.347,1,086/105,Common,Psychic,"<strong>Pokémon Power: [Laugh]</strong> Once during your turn <em>(before your attack)</em>, you may flip a coin. If heads, each player shuffles his or her deck. This power can be used even if Unown [L] is Asleep, Confused, or Paralyzed.",0.82,1.99,3.66,1.87,,1st Edition,40,Basic,[P] Hidden Power (10),,P,,1,
90219,Unown [L],Unown L,https://tcgplayer-cdn.tcgplayer.com/product/90219_200w.jpg,3,1444,https://cpt.tcgcsv.com/p6L,2022-12-30T22:53:58.347,1,086/105,Common,Psychic,"<strong>Pokémon Power: [Laugh]</strong> Once during your turn <em>(before your attack)</em>, you may flip a coin. If heads, each player shuffles his or her deck. This power can be used even if Unown [L] is Asleep, Confused, or Paralyzed.",0.36,0.74,3.0,0.78,,Unlimited,40,Basic,[P] Hidden Power (10),,P,,1,
90227,Unown [P],Unown P,https://tcgplayer-cdn.tcgplayer.com/product/90227_200w.jpg,3,1444,https://cpt.tcgcsv.com/z6L,2022-11-29T04:17:27.017,1,058/105,Uncommon,Psychic,"<strong>Pokémon Power: [Perform]</strong>
<br>
If an attack damaged Unown [P] during your opponent's last turn and Unown [P] was your Active Pokémon, Unown [P]'s Hidden Power attack does that much more damage to the Defending Pokémon. This power can be used even if Unown [P] is Confused.",3.67,8.45,14.99,5.53,,1st Edition,40,Basic,[P] Hidden Power (10),,P,,1,
90227,Unown [P],Unown P,https://tcgplayer-cdn.tcgplayer.com/product/90227_200w.jpg,3,1444,https://cpt.tcgcsv.com/z6L,2022-11-29T04:17:27.017,1,058/105,Uncommon,Psychic,"<strong>Pokémon Power: [Perform]</strong>
<br>
If an attack damaged Unown [P] during your opponent's last turn and Unown [P] was your Active Pokémon, Unown [P]'s Hidden Power attack does that much more damage to the Defending Pokémon. This power can be used even if Unown [P] is Confused.",1.67,2.7,7.99,2.75,,Unlimited,40,Basic,[P] Hidden Power (10),,P,,1,
90229,Unown [Q],Unown Q,https://tcgplayer-cdn.tcgplayer.com/product/90229_200w.jpg,3,1444,https://cpt.tcgcsv.com/C6L,2022-11-29T04:18:56.453,1,059/105,Uncommon,Psychic,"<strong>Pokémon Power: [Quicken]</strong>
<br>
Once during your turn <em>(before your attack)</em>, you may flip a coin. If heads, prevent all effects of attacks, including damage, done to any of your Pokémon with Unown in its name during your opponent's next turn. If you have more than 1 Unown [Q] in play, use only 1 [Quicken] each turn. This power can be used even if Unown [Q] is Asleep, Confused, or Paralyzed.",8.0,9.59,16.0,8.47,,1st Edition,40,Basic,[P] Hidden Power (10),,P,,1,
90229,Unown [Q],Unown Q,https://tcgplayer-cdn.tcgplayer.com/product/90229_200w.jpg,3,1444,https://cpt.tcgcsv.com/C6L,2022-11-29T04:18:56.453,1,059/105,Uncommon,Psychic,"<strong>Pokémon Power: [Quicken]</strong>
<br>
Once during your turn <em>(before your attack)</em>, you may flip a coin. If heads, prevent all effects of attacks, including damage, done to any of your Pokémon with Unown in its name during your opponent's next turn. If you have more than 1 Unown [Q] in play, use only 1 [Quicken] each turn. This power can be used even if Unown [Q] is Asleep, Confused, or Paralyzed.",3.34,6.98,14.5,6.25,,Unlimited,40,Basic,[P] Hidden Power (10),,P,,1,
90232,Unown [S],Unown S,https://tcgplayer-cdn.tcgplayer.com/product/90232_200w.jpg,3,1444,https://cpt.tcgcsv.com/G6L,2022-11-29T04:20:06.553,1,087/105,Common,Psychic,"<strong>Pokémon Power: [Search]</strong>
<br>
Once during your turn <em>(before your attack)</em>, you may look at 1 of your Prize cards. Return that Prize card face down. This power can be used even if Unown [S] is Asleep, Confused, or Paralyzed.",1.48,1.95,4.0,1.89,,1st Edition,40,Basic,[1P] Hidden Power (20),,P,,1,
90232,Unown [S],Unown S,https://tcgplayer-cdn.tcgplayer.com/product/90232_200w.jpg,3,1444,https://cpt.tcgcsv.com/G6L,2022-11-29T04:20:06.553,1,087/105,Common,Psychic,"<strong>Pokémon Power: [Search]</strong>
<br>
Once during your turn <em>(before your attack)</em>, you may look at 1 of your Prize cards. Return that Prize card face down. This power can be used even if Unown [S] is Asleep, Confused, or Paralyzed.",0.47,0.91,4.89,0.92,,Unlimited,40,Basic,[1P] Hidden Power (20),,P,,1,
90234,Unown [T],Unown T,https://tcgplayer-cdn.tcgplayer.com/product/90234_200w.jpg,3,1444,https://cpt.tcgcsv.com/J6L,2022-11-29T04:21:07,1,088/105,Common,Psychic,"<strong>Pokémon Power: [Tell]</strong> Once during your turn <em>(before your attack)</em>, you may flip a coin. If heads, look at your opponent's hand and show your hand to your opponent. This power can be used even if Unown [T] is Asleep, Confused, or Paralyzed.",1.15,1.56,3.99,1.49,,1st Edition,40,Basic,[1P] Hidden Power (20),,P,,1,
90234,Unown [T],Unown T,https://tcgplayer-cdn.tcgplayer.com/product/90234_200w.jpg,3,1444,https://cpt.tcgcsv.com/J6L,2022-11-29T04:21:07,1,088/105,Common,Psychic,"<strong>Pokémon Power: [Tell]</strong> Once during your turn <em>(before your attack)</em>, you may flip a coin. If heads, look at your opponent's hand and show your hand to your opponent. This power can be used even if Unown [T] is Asleep, Confused, or Paralyzed.",0.19,0.68,2.99,0.72,0.38,Unlimited,40,Basic,[1P] Hidden Power (20),,P,,1,
90238,Unown [V],Unown V,https://tcgplayer-cdn.tcgplayer.com/product/90238_200w.jpg,3,1444,https://cpt.tcgcsv.com/N6L,2022-11-29T04:22:11.743,1,089/105,Common,Psychic,"<strong>Pokémon Power: [Vanish]</strong>
<br>
When you play Unown [V] from your hand, you may flip a coin. If heads, return 1 of your Pokémon with Unown in its name (other than Unown [V]) to your hand. <em>(Discard all cards attached to that card.)</em>",1.05,1.99,4.08,1.56,1.42,1st Edition,40,Basic,[P] Hidden Power (10),,P,,1,
90238,Unown [V],Unown V,https://tcgplayer-cdn.tcgplayer.com/product/90238_200w.jpg,3,1444,https://cpt.tcgcsv.com/N6L,2022-11-29T04:22:11.743,1,089/105,Common,Psychic,"<strong>Pokémon Power: [Vanish]</strong>
<br>
When you play Unown [V] from your hand, you may flip a coin. If heads, return 1 of your Pokémon with Unown in its name (other than Unown [V]) to your hand. <em>(Discard all cards attached to that card.)</em>",0.5,1.12,3.99,1.12,,Unlimited,40,Basic,[P] Hidden Power (10),,P,,1,
90240,Unown [W],Unown W,https://tcgplayer-cdn.tcgplayer.com/product/90240_200w.jpg,3,1444,https://cpt.tcgcsv.com/Q6L,2022-11-29T04:23:36.427,1,029/105,Rare,Psychic,"<strong>Pokémon Power: [Want]</strong> Once during your turn <em>(before your attack)</em>, if you have Unown [W]. Unown [A], Unown [N], and Unown [T] on your Bench, you may flip a coin. If heads, put a Trainer card from your discard pile into your hand.",19.99,24.08,24.98,22.13,,1st Edition,40,Basic,[P] Hidden Power (10),,P,,1,
90240,Unown [W],Unown W,https://tcgplayer-cdn.tcgplayer.com/product/90240_200w.jpg,3,1444,https://cpt.tcgcsv.com/Q6L,2022-11-29T04:23:36.427,1,029/105,Rare,Psychic,"<strong>Pokémon Power: [Want]</strong> Once during your turn <em>(before your attack)</em>, if you have Unown [W]. Unown [A], Unown [N], and Unown [T] on your Bench, you may flip a coin. If heads, put a Trainer card from your discard pile into your hand.",7.15,8.74,16.0,8.8,,Unlimited,40,Basic,[P] Hidden Power (10),,P,,1,
90242,Unown [X],Unown X,https://tcgplayer-cdn.tcgplayer.com/product/90242_200w.jpg,3,1444,https://cpt.tcgcsv.com/S6L,2022-11-29T04:24:39.8,1,030/105,Rare,Psychic,"<strong>Pokémon Power: [XXXXX]</strong>
<br>
Whenever 1 of your Pokémon with Unown in its name uses its Hidden Power attack, flip a coin until you get tails. That attack does 10 more damage for each heads. If you have more than 1 Unown [X] in play, use only 1 [XXXXX] each turn.",16.23,22.44,37.85,21.09,,1st Edition,40,Basic,[P] Hidden Power (10),,P,,1,
90242,Unown [X],Unown X,https://tcgplayer-cdn.tcgplayer.com/product/90242_200w.jpg,3,1444,https://cpt.tcgcsv.com/S6L,2022-11-29T04:24:39.8,1,030/105,Rare,Psychic,"<strong>Pokémon Power: [XXXXX]</strong>
<br>
Whenever 1 of your Pokémon with Unown in its name uses its Hidden Power attack, flip a coin until you get tails. That attack does 10 more damage for each heads. If you have more than 1 Unown [X] in play, use only 1 [XXXXX] each turn.",12.0,15.71,21.5,14.91,,Unlimited,40,Basic,[P] Hidden Power (10),,P,,1,
90246,Unown [Z],Unown Z,https://tcgplayer-cdn.tcgplayer.com/product/90246_200w.jpg,3,1444,https://cpt.tcgcsv.com/X6L,2022-11-29T04:25:22.127,1,060/105,Uncommon,Psychic,"<strong>Pokémon Power: [Zoom]</strong> As long as Unown [Z] is Benched, you pay no Energy cost to retreat a Pokémon with Unown in its name.",8.97,12.04,18.35,12.28,,1st Edition,40,Basic,[P] Hidden Power (10),,P,,1,
90246,Unown [Z],Unown Z,https://tcgplayer-cdn.tcgplayer.com/product/90246_200w.jpg,3,1444,https://cpt.tcgcsv.com/X6L,2022-11-29T04:25:22.127,1,060/105,Uncommon,Psychic,"<strong>Pokémon Power: [Zoom]</strong> As long as Unown [Z] is Benched, you pay no Energy cost to retreat a Pokémon with Unown in its name.",3.19,4.74,12.0,4.01,,Unlimited,40,Basic,[P] Hidden Power (10),,P,,1,
90305,Venonat,Venonat,https://tcgplayer-cdn.tcgplayer.com/product/90305_200w.jpg,3,1444,https://cpt.tcgcsv.com/78L,2022-11-29T04:26:28.433,1,090/105,Common,Grass,,1.04,1.68,4.99,1.61,1.67,1st Edition,40,Basic,[1] Gnaw (10),"[1G] Poisonpowder (10)
<br>The Defending Pokémon is now Poisoned.",R,,1,
90305,Venonat,Venonat,https://tcgplayer-cdn.tcgplayer.com/product/90305_200w.jpg,3,1444,https://cpt.tcgcsv.com/78L,2022-11-29T04:26:28.433,1,090/105,Common,Grass,,0.26,0.64,5.94,0.64,0.47,Unlimited,40,Basic,[1] Gnaw (10),"[1G] Poisonpowder (10)
<br>The Defending Pokémon is now Poisoned.",R,,1,
90433,Vulpix,Vulpix,https://tcgplayer-cdn.tcgplayer.com/product/90433_200w.jpg,3,1444,https://cpt.tcgcsv.com/HbL,2022-11-29T04:27:43.147,1,091/105,Common,Fire,,3.99,5.6,10.43,5.64,,1st Edition,50,Basic,"[1R] Ember (30)
<br>Discard 1 Fire Energy card attached to Vulpix in order to use this attack.",,W,,1,
90433,Vulpix,Vulpix,https://tcgplayer-cdn.tcgplayer.com/product/90433_200w.jpg,3,1444,https://cpt.tcgcsv.com/HbL,2022-11-29T04:27:43.147,1,091/105,Common,Fire,,0.52,1.45,3.99,1.49,,Unlimited,50,Basic,"[1R] Ember (30)
<br>Discard 1 Fire Energy card attached to Vulpix in order to use this attack.",,W,,1,
138147,Neo Destiny Booster Pack [Unlimited Edition],Neo Destiny Booster Pack Unlimited Edition,https://tcgplayer-cdn.tcgplayer.com/product/138147_200w.jpg,3,1444,https://cpt.tcgcsv.com/Zg72,2017-07-22T16:20:37.093,1,,,,This booster pack contains 11 cards for Wizards of the Coast printed Neo Destiny set.,,,,,,,,,,,,,,
138148,Neo Destiny Booster Pack [1st Edition],Neo Destiny Booster Pack 1st Edition,https://tcgplayer-cdn.tcgplayer.com/product/138148_200w.jpg,3,1444,https://cpt.tcgcsv.com/-g72,2017-07-22T16:20:52.683,1,,,,This booster pack contains 11 cards for Wizards of the Coast printed Neo Destiny set.,,,,,,,,,,,,,,
232869,"Neo Destiny Theme Deck - ""Light""",Neo Destiny Theme Deck Light,https://tcgplayer-cdn.tcgplayer.com/product/232869_200w.jpg,3,1444,https://cpt.tcgcsv.com/p9T2,2021-02-17T15:50:35.91,1,,,,"Your game will shine when you challenge opponents with the ""Light"" theme deck.
<br><br><strong>Contents for each Deck:</strong>
<br>• 1 60-card pre-constructed deck 
<br>• Damage counters 
<br>• 1 coin",299.96,399.95,399.97,,,Normal,,,,,,,,
232872,"Neo Destiny Theme Deck - ""Dark""",Neo Destiny Theme Deck Dark,https://tcgplayer-cdn.tcgplayer.com/product/232872_200w.jpg,3,1444,https://cpt.tcgcsv.com/s9T2,2021-02-17T15:52:51.437,1,,,,"Opponents won't see you coming when you play the ""Dark"" theme deck.
<br><br><strong>Contents for each Deck:</strong>
<br>• 1 60-card pre-constructed deck 
<br>• Damage counters 
<br>• 1 coin",,,,,,,,,,,,,,
563754,Neo Destiny Booster Box [1st Edition],Neo Destiny Booster Box 1st Edition,https://tcgplayer-cdn.tcgplayer.com/product/563754_200w.jpg,3,1444,https://cpt.tcgcsv.com/6ww6,2024-08-13T16:52:28.73,2,,,,"To Light...and to Darkness...
<br>Pokémon wreathed in mysterious light and Pokémon shrouded in darkness....What is their connection to Team Rocket? The mystery deepens and the adventure never ends!
<br><strong>Contents:</strong>
<br>Contains 36 booster packs (each with 11 game cards)",,,,,,,,,,,,,,076930175286
563755,Neo Destiny Booster Box [Unlimited Edition],Neo Destiny Booster Box Unlimited Edition,https://tcgplayer-cdn.tcgplayer.com/product/563755_200w.jpg,3,1444,https://cpt.tcgcsv.com/7ww6,2024-08-13T17:01:42.35,2,,,,"To Light...and to Darkness...
<br>Pokémon wreathed in mysterious light and Pokémon shrouded in darkness....What is their connection to Team Rocket? The mystery deepens and the adventure never ends!
<br><strong>Contents:</strong>
<br>Contains 36 booster packs (each with 11 game cards)",,,,,,,,,,,,,,076930175286
