productId,name,cleanName,imageUrl,categoryId,groupId,url,modifiedOn,imageCount,extNumber,extRarity,extCardType,extHP,extStage,extAttack1,extAttack2,extWeakness,extResistance,lowPrice,midPrice,highPrice,marketPrice,directLowPrice,subTypeName,extRetreatCost,extCardText
83485,Aipom,Aipom,https://tcgplayer-cdn.tcgplayer.com/product/83485_200w.jpg,3,1396,https://cpt.tcgcsv.com/KpH,2023-08-16T15:33:54.69,1,026/111,Uncommon,Colorless,40,Basic,"[1] Pilfer
<br>Shuffle Aipom and all cards attached to it into your deck. Flip a coin. If heads, shuffle a card from your discard pile into your deck.","[1] Tail Rap (10x)
<br>Flip 2 coins. This attack does 10 damage times the number of heads.",F,P-30,2.17,2.98,6.25,2.84,1.7,1st Edition,,
83485,Aipom,Aipom,https://tcgplayer-cdn.tcgplayer.com/product/83485_200w.jpg,3,1396,https://cpt.tcgcsv.com/KpH,2023-08-16T15:33:54.69,1,026/111,Uncommon,Colorless,40,Basic,"[1] Pilfer
<br>Shuffle Aipom and all cards attached to it into your deck. Flip a coin. If heads, shuffle a card from your discard pile into your deck.","[1] Tail Rap (10x)
<br>Flip 2 coins. This attack does 10 damage times the number of heads.",F,P-30,0.66,1.45,5.0,1.72,,Unlimited,,
83534,Ampharos,Ampharos,https://tcgplayer-cdn.tcgplayer.com/product/83534_200w.jpg,3,1396,https://cpt.tcgcsv.com/JqH,2022-11-22T14:38:54.833,1,001/111,Holo Rare,Lightning,80,Stage 2,"[LLL] Gigaspark (40)
<br>Flip a coin. If heads, the Defending Pokémon is now Paralyzed and this attack does 10 damage to each of your opponent's Benched Pokémon. <em>(Don't apply Weakness and Resistance for Benched Pokémon.)</em>",,F,,51.69,64.79,150.0,54.67,,1st Edition Holofoil,2,
83534,Ampharos,Ampharos,https://tcgplayer-cdn.tcgplayer.com/product/83534_200w.jpg,3,1396,https://cpt.tcgcsv.com/JqH,2022-11-22T14:38:54.833,1,001/111,Holo Rare,Lightning,80,Stage 2,"[LLL] Gigaspark (40)
<br>Flip a coin. If heads, the Defending Pokémon is now Paralyzed and this attack does 10 damage to each of your opponent's Benched Pokémon. <em>(Don't apply Weakness and Resistance for Benched Pokémon.)</em>",,F,,15.0,20.19,29.0,22.98,13.58,Unlimited Holofoil,2,
83573,Arcade Game (Goldenrod Game Corner),Arcade Game Goldenrod Game Corner,https://tcgplayer-cdn.tcgplayer.com/product/83573_200w.jpg,3,1396,https://cpt.tcgcsv.com/trH,2025-04-16T11:21:15.25,1,083/111,Rare,Trainer,,,,,,,2.24,2.99,8.24,3.5,,1st Edition,,"Shuffle your deck, then reveal the top 3 cards of it. If at least 2 of those cards share the same name, put all of the ones with that name into your hand and shuffle the rest into your deck. If none of them do, shuffle all 3 into your deck."
83573,Arcade Game (Goldenrod Game Corner),Arcade Game Goldenrod Game Corner,https://tcgplayer-cdn.tcgplayer.com/product/83573_200w.jpg,3,1396,https://cpt.tcgcsv.com/trH,2025-04-16T11:21:15.25,1,083/111,Rare,Trainer,,,,,,,0.75,1.54,2.99,1.64,,Unlimited,,"Shuffle your deck, then reveal the top 3 cards of it. If at least 2 of those cards share the same name, put all of the ones with that name into your hand and shuffle the rest into your deck. If none of them do, shuffle all 3 into your deck."
83615,Ariados,Ariados,https://tcgplayer-cdn.tcgplayer.com/product/83615_200w.jpg,3,1396,https://cpt.tcgcsv.com/ksH,2025-02-05T21:05:28.69,1,027/111,Uncommon,Grass,60,Stage 1,"[G] Spider Web
<br>Flip a coin. If heads, the Defending Pokémon can't retreat. <em>(Benching or evolving that Pokémon ends this effect.)</em>","[GGG] Poison Bite (20)
<br>If this attack damages the Defending Pokémon, the Defending Pokémon is now Poisoned and you remove a number of damage counters from Ariados equal to half that damage <em>(rounded up to the nearest 10)</em>. If Ariados has fewer damage counters than that, remove all of them.",R,,0.89,1.75,5.99,1.56,,1st Edition,1,
83615,Ariados,Ariados,https://tcgplayer-cdn.tcgplayer.com/product/83615_200w.jpg,3,1396,https://cpt.tcgcsv.com/ksH,2025-02-05T21:05:28.69,1,027/111,Uncommon,Grass,60,Stage 1,"[G] Spider Web
<br>Flip a coin. If heads, the Defending Pokémon can't retreat. <em>(Benching or evolving that Pokémon ends this effect.)</em>","[GGG] Poison Bite (20)
<br>If this attack damages the Defending Pokémon, the Defending Pokémon is now Poisoned and you remove a number of damage counters from Ariados equal to half that damage <em>(rounded up to the nearest 10)</em>. If Ariados has fewer damage counters than that, remove all of them.",R,,0.19,0.56,501.5,0.68,0.47,Unlimited,1,
83678,Azumarill,Azumarill,https://tcgplayer-cdn.tcgplayer.com/product/83678_200w.jpg,3,1396,https://cpt.tcgcsv.com/BtH,2022-11-22T14:43:02.553,1,002/111,Holo Rare,Water,70,Stage 1,[2] Tackle (20),"[WWW] Bubble Shower (30)
<br>Flip a coin. If heads, the Defending Pokémon is now Paralyzed and this attack does 10 damage to each of your opponent's Benched Pokémon. <em>(Don't apply Weakness and Resistance for Benched Pokémon.)</em>",L,,40.0,44.53,89.98,51.98,44.08,1st Edition Holofoil,1,
83678,Azumarill,Azumarill,https://tcgplayer-cdn.tcgplayer.com/product/83678_200w.jpg,3,1396,https://cpt.tcgcsv.com/BtH,2022-11-22T14:43:02.553,1,002/111,Holo Rare,Water,70,Stage 1,[2] Tackle (20),"[WWW] Bubble Shower (30)
<br>Flip a coin. If heads, the Defending Pokémon is now Paralyzed and this attack does 10 damage to each of your opponent's Benched Pokémon. <em>(Don't apply Weakness and Resistance for Benched Pokémon.)</em>",L,,14.0,16.43,29.99,19.19,,Unlimited Holofoil,1,
83743,Bayleef (28),Bayleef 28,https://tcgplayer-cdn.tcgplayer.com/product/83743_200w.jpg,3,1396,https://cpt.tcgcsv.com/TvH,2024-02-02T11:02:28.477,1,028/111,Uncommon,Grass,70,Stage 1,"[1G] Poisonpowder (20)
<br>Flip a coin. If heads, the Defending Pokémon is now Poisoned.","[1GG] Pollen Shield (30)
<br>During your opponent's next turn, Bayleef can't become Asleep, Confused, Paralyzed, or Poisoned. <em>(All other effects of attacks, Pokémon Powers, and Trainer cards still happen.)</em>",R,,3.65,5.46,8.97,5.41,5.22,1st Edition,,
83743,Bayleef (28),Bayleef 28,https://tcgplayer-cdn.tcgplayer.com/product/83743_200w.jpg,3,1396,https://cpt.tcgcsv.com/TvH,2024-02-02T11:02:28.477,1,028/111,Uncommon,Grass,70,Stage 1,"[1G] Poisonpowder (20)
<br>Flip a coin. If heads, the Defending Pokémon is now Poisoned.","[1GG] Pollen Shield (30)
<br>During your opponent's next turn, Bayleef can't become Asleep, Confused, Paralyzed, or Poisoned. <em>(All other effects of attacks, Pokémon Powers, and Trainer cards still happen.)</em>",R,,1.23,2.95,4.86,3.08,,Unlimited,,
83744,Bayleef (29),Bayleef 29,https://tcgplayer-cdn.tcgplayer.com/product/83744_200w.jpg,3,1396,https://cpt.tcgcsv.com/VvH,2024-11-03T03:52:21.07,1,029/111,Uncommon,Grass,80,Stage 1,"[G] Sweet Scent
<br>Flip a coin. If heads and if any of your Pokémon have any damage counters on them, then remove 2 damage counters from 1 of them (or 1 if it only has 1). If tails and if any of your opponent's Pokémon have any damage counters on them, choose 1 of them and remove 2 damage counters from it (or 1 if it only has 1).","[GGG] Double Razor Leaf (40x)
<br>Flip 2 coins. This attack does 40 damage times the number of heads.",R,,2.17,3.95,5.0,3.89,,1st Edition,2,
83744,Bayleef (29),Bayleef 29,https://tcgplayer-cdn.tcgplayer.com/product/83744_200w.jpg,3,1396,https://cpt.tcgcsv.com/VvH,2024-11-03T03:52:21.07,1,029/111,Uncommon,Grass,80,Stage 1,"[G] Sweet Scent
<br>Flip a coin. If heads and if any of your Pokémon have any damage counters on them, then remove 2 damage counters from 1 of them (or 1 if it only has 1). If tails and if any of your opponent's Pokémon have any damage counters on them, choose 1 of them and remove 2 damage counters from it (or 1 if it only has 1).","[GGG] Double Razor Leaf (40x)
<br>Flip 2 coins. This attack does 40 damage times the number of heads.",R,,0.71,1.91,9.41,2.4,,Unlimited,2,
83795,Bellossom,Bellossom,https://tcgplayer-cdn.tcgplayer.com/product/83795_200w.jpg,3,1396,https://cpt.tcgcsv.com/WwH,2023-02-25T16:03:30.703,1,003/111,Holo Rare,Grass,70,Stage 2,"[G] Sweet Nectar
<br>Flip a coin. If heads, remove all damage counters from 1 of your Pokémon.","[1GG] Flower Dance (30x)
<br>Does 30 damage times the number of cards with Bellossom in their names that you have in play <em>(including this one)</em>.",R,,14.55,21.12,75.0,44.33,,1st Edition Holofoil,2,
83795,Bellossom,Bellossom,https://tcgplayer-cdn.tcgplayer.com/product/83795_200w.jpg,3,1396,https://cpt.tcgcsv.com/WwH,2023-02-25T16:03:30.703,1,003/111,Holo Rare,Grass,70,Stage 2,"[G] Sweet Nectar
<br>Flip a coin. If heads, remove all damage counters from 1 of your Pokémon.","[1GG] Flower Dance (30x)
<br>Does 30 damage times the number of cards with Bellossom in their names that you have in play <em>(including this one)</em>.",R,,14.2,17.89,56.74,17.93,35.98,Unlimited Holofoil,2,
83812,Berry,Berry,https://tcgplayer-cdn.tcgplayer.com/product/83812_200w.jpg,3,1396,https://cpt.tcgcsv.com/gxH,2025-02-05T21:05:28.75,1,099/111,Common,Tool,,,,,,,0.2,0.55,4.99,0.63,,1st Edition,,"Attach Berry to 1 of your Pokémon that doesn't have a Pokémon Tool attached to it.
<br>
At any time between turns, if there are at least 2 damage counters on the Pokémon Berry is attached to, you may remove 2 of them and discard Berry. At the start of each turn, if there are at least 2 damage counters on the Pokémon Berry is attached to, remove 2 of them and discard Berry."
83812,Berry,Berry,https://tcgplayer-cdn.tcgplayer.com/product/83812_200w.jpg,3,1396,https://cpt.tcgcsv.com/gxH,2025-02-05T21:05:28.75,1,099/111,Common,Tool,,,,,,,0.07,0.29,2.5,0.29,,Unlimited,,"Attach Berry to 1 of your Pokémon that doesn't have a Pokémon Tool attached to it.
<br>
At any time between turns, if there are at least 2 damage counters on the Pokémon Berry is attached to, you may remove 2 of them and discard Berry. At the start of each turn, if there are at least 2 damage counters on the Pokémon Berry is attached to, remove 2 of them and discard Berry."
83841,Bill's Teleporter,Bills Teleporter,https://tcgplayer-cdn.tcgplayer.com/product/83841_200w.jpg,3,1396,https://cpt.tcgcsv.com/RxH,2025-02-05T21:05:28.797,1,091/111,Uncommon,Item,,,,,,,0.32,1.0,4.99,0.92,,1st Edition,,"Flip a coin. If heads, draw 4 cards."
83841,Bill's Teleporter,Bills Teleporter,https://tcgplayer-cdn.tcgplayer.com/product/83841_200w.jpg,3,1396,https://cpt.tcgcsv.com/RxH,2025-02-05T21:05:28.797,1,091/111,Uncommon,Item,,,,,,,0.15,0.44,501.5,0.45,,Unlimited,,"Flip a coin. If heads, draw 4 cards."
84098,Card-Flip Game (Goldenrod Game Corner),Card Flip Game Goldenrod Game Corner,https://tcgplayer-cdn.tcgplayer.com/product/84098_200w.jpg,3,1396,https://cpt.tcgcsv.com/-FH,2022-11-22T14:48:52.56,1,092/111,Uncommon,Item,,,,,,,0.68,1.41,3.24,1.47,1.62,1st Edition,,"Choose 1 of your opponent's face-down Prizes. Guess whether it is an Energy card, a Trainer card, or a Pokémon (Basic or Evolution) card. Flip the card face up <em>(and leave it face up)</em>. If you guessed right, draw 2 cards."
84098,Card-Flip Game (Goldenrod Game Corner),Card Flip Game Goldenrod Game Corner,https://tcgplayer-cdn.tcgplayer.com/product/84098_200w.jpg,3,1396,https://cpt.tcgcsv.com/-FH,2022-11-22T14:48:52.56,1,092/111,Uncommon,Item,,,,,,,0.46,0.64,1.95,0.65,0.58,Unlimited,,"Choose 1 of your opponent's face-down Prizes. Guess whether it is an Energy card, a Trainer card, or a Pokémon (Basic or Evolution) card. Flip the card face up <em>(and leave it face up)</em>. If you guessed right, draw 2 cards."
84272,Chikorita (53),Chikorita 53,https://tcgplayer-cdn.tcgplayer.com/product/84272_200w.jpg,3,1396,https://cpt.tcgcsv.com/sKH,2025-02-03T11:42:14.92,1,053/111,Common,Grass,40,Basic,[1] Tackle (10),"[G] Deflector
<br>During your opponent's next turn, whenever Chikorita takes damage, divide that damage in half (rounded down to the nearest 10). <em>(Any other effects still happen.)</em>",R,,1.05,3.0,4.27,3.23,,1st Edition,1,
84272,Chikorita (53),Chikorita 53,https://tcgplayer-cdn.tcgplayer.com/product/84272_200w.jpg,3,1396,https://cpt.tcgcsv.com/sKH,2025-02-03T11:42:14.92,1,053/111,Common,Grass,40,Basic,[1] Tackle (10),"[G] Deflector
<br>During your opponent's next turn, whenever Chikorita takes damage, divide that damage in half (rounded down to the nearest 10). <em>(Any other effects still happen.)</em>",R,,0.35,1.0,5.38,1.58,,Unlimited,1,
84273,Chikorita (54),Chikorita 54,https://tcgplayer-cdn.tcgplayer.com/product/84273_200w.jpg,3,1396,https://cpt.tcgcsv.com/tKH,2024-08-13T05:05:18.407,1,054/111,Common,Grass,50,Basic,"[1] Growl
<br>If the Defending Pokémon attacks Chikorita during your opponent's next turn, any damage done to Chikorita is reduced by 10 <em>(before applying Weakness and Resistance)</em>. <em>(Benching or evolving either Pokemon ends this effect.)</em>",[1G] Razor Leaf (20),R,,1.75,4.02,9.87,4.04,,1st Edition,1,
84273,Chikorita (54),Chikorita 54,https://tcgplayer-cdn.tcgplayer.com/product/84273_200w.jpg,3,1396,https://cpt.tcgcsv.com/tKH,2024-08-13T05:05:18.407,1,054/111,Common,Grass,50,Basic,"[1] Growl
<br>If the Defending Pokémon attacks Chikorita during your opponent's next turn, any damage done to Chikorita is reduced by 10 <em>(before applying Weakness and Resistance)</em>. <em>(Benching or evolving either Pokemon ends this effect.)</em>",[1G] Razor Leaf (20),R,,0.44,0.99,4.12,1.24,,Unlimited,1,
84300,Chinchou,Chinchou,https://tcgplayer-cdn.tcgplayer.com/product/84300_200w.jpg,3,1396,https://cpt.tcgcsv.com/0LH,2025-02-05T21:05:28.887,1,055/111,Common,Lightning,50,Basic,"[L] Supersonic
<br>Flip a coin. If heads, the Defending Pokémon is now Confused.","[W] Flail (10x)
<br>Does 10 damage times the number of damage counters on Chinchou.",F,,0.53,1.22,4.99,1.11,,1st Edition,1,
84300,Chinchou,Chinchou,https://tcgplayer-cdn.tcgplayer.com/product/84300_200w.jpg,3,1396,https://cpt.tcgcsv.com/0LH,2025-02-05T21:05:28.887,1,055/111,Common,Lightning,50,Basic,"[L] Supersonic
<br>Flip a coin. If heads, the Defending Pokémon is now Confused.","[W] Flail (10x)
<br>Does 10 damage times the number of damage counters on Chinchou.",F,,0.12,0.42,12.99,0.41,,Unlimited,1,
84352,Clefairy,Clefairy,https://tcgplayer-cdn.tcgplayer.com/product/84352_200w.jpg,3,1396,https://cpt.tcgcsv.com/3MH,2023-06-09T14:35:32.86,1,030/111,Uncommon,Colorless,50,Basic,"[2] Doubleslap (10x)
<br>Flip 2 coins. This attack does 10 damage times the number of heads.","[3] Squaredance
<br>Flip a number of coins equal to the total number of Pokémon in play. For each heads, you may search your deck for a basic Energy card, show it to your opponent, and put it into your hand. Shuffle your deck afterward.",F,P-30,2.24,3.56,7.95,3.91,,1st Edition,1,
84352,Clefairy,Clefairy,https://tcgplayer-cdn.tcgplayer.com/product/84352_200w.jpg,3,1396,https://cpt.tcgcsv.com/3MH,2023-06-09T14:35:32.86,1,030/111,Uncommon,Colorless,50,Basic,"[2] Doubleslap (10x)
<br>Flip 2 coins. This attack does 10 damage times the number of heads.","[3] Squaredance
<br>Flip a number of coins equal to the total number of Pokémon in play. For each heads, you may search your deck for a basic Energy card, show it to your opponent, and put it into your hand. Shuffle your deck afterward.",F,P-30,0.49,1.55,2.89,1.65,,Unlimited,1,
84362,Cleffa,Cleffa,https://tcgplayer-cdn.tcgplayer.com/product/84362_200w.jpg,3,1396,https://cpt.tcgcsv.com/gMH,2023-02-10T20:01:10.84,1,020/111,Rare,Colorless,30,Basic,"[1] Eeeeeeek
<br>Shuffle your hand into your deck, then draw 7 cards.",,,,8.49,13.66,20.5,15.11,,1st Edition,,"<em>If this Baby Pokémon is your Active Pokémon and your opponent tries to attack, your opponent flips a coin (before doing anything required in order to use that attack). If tails, your opponent's turn ends without an attack.</em>"
84362,Cleffa,Cleffa,https://tcgplayer-cdn.tcgplayer.com/product/84362_200w.jpg,3,1396,https://cpt.tcgcsv.com/gMH,2023-02-10T20:01:10.84,1,020/111,Rare,Colorless,30,Basic,"[1] Eeeeeeek
<br>Shuffle your hand into your deck, then draw 7 cards.",,,,6.79,9.25,17.99,8.64,9.12,Unlimited,,"<em>If this Baby Pokémon is your Active Pokémon and your opponent tries to attack, your opponent flips a coin (before doing anything required in order to use that attack). If tails, your opponent's turn ends without an attack.</em>"
84495,Croconaw (31),Croconaw 31,https://tcgplayer-cdn.tcgplayer.com/product/84495_200w.jpg,3,1396,https://cpt.tcgcsv.com/WPH,2025-03-15T08:42:24.047,1,031/111,Uncommon,Water,70,Stage 1,"[1] Screech
<br>Until the end of your next turn, if an attack damages the Defending Pokémon <em>(after applying Weakness and Resistance)</em>, that attack does 20 more damage to the Defending Pokémon.","[1WW] Jaw Clamp (30)
<br>Until the end of your opponent's next turn, as long as Croconaw is your Active Pokémon, the Defending Pokémon can't retreat, and if the effect of an attack, Pokémon Power, or Trainer card would change that player's Active Pokémon, that part of the effect does nothing.",G,,3.2,4.5,10.0,3.87,5.37,1st Edition,2,
84495,Croconaw (31),Croconaw 31,https://tcgplayer-cdn.tcgplayer.com/product/84495_200w.jpg,3,1396,https://cpt.tcgcsv.com/WPH,2025-03-15T08:42:24.047,1,031/111,Uncommon,Water,70,Stage 1,"[1] Screech
<br>Until the end of your next turn, if an attack damages the Defending Pokémon <em>(after applying Weakness and Resistance)</em>, that attack does 20 more damage to the Defending Pokémon.","[1WW] Jaw Clamp (30)
<br>Until the end of your opponent's next turn, as long as Croconaw is your Active Pokémon, the Defending Pokémon can't retreat, and if the effect of an attack, Pokémon Power, or Trainer card would change that player's Active Pokémon, that part of the effect does nothing.",G,,0.49,1.95,5.47,2.35,,Unlimited,2,
84496,Croconaw (32),Croconaw 32,https://tcgplayer-cdn.tcgplayer.com/product/84496_200w.jpg,3,1396,https://cpt.tcgcsv.com/XPH,2024-05-07T12:07:48.68,1,032/111,Uncommon,Water,80,Stage 1,[2] Tackle (20),"[1WW] Sweep Away (50)
<br>Discard the top 3 cards from your deck.",G,,1.45,4.0,13.29,3.63,,1st Edition,2,
84496,Croconaw (32),Croconaw 32,https://tcgplayer-cdn.tcgplayer.com/product/84496_200w.jpg,3,1396,https://cpt.tcgcsv.com/XPH,2024-05-07T12:07:48.68,1,032/111,Uncommon,Water,80,Stage 1,[2] Tackle (20),"[1WW] Sweep Away (50)
<br>Discard the top 3 cards from your deck.",G,,0.69,1.03,3.5,1.14,0.74,Unlimited,2,
84543,Cyndaquil (56),Cyndaquil 56,https://tcgplayer-cdn.tcgplayer.com/product/84543_200w.jpg,3,1396,https://cpt.tcgcsv.com/TQH,2024-02-21T14:39:09.367,1,056/111,Common,Fire,40,Basic,"[1] Leer
<br>Flip a coin. If heads, the Defending Pokémon can't attack Cyndaquil during your opponent's next turn. <em>(Benching or evolving either Pokémon ends this effect.)</em>","[1R] Swift (20)
<br>This attack's damage isn't affected by Weakness, Resistance, Pokémon Powers, or any other effects on the Defending Pokémon.",W,,1.95,4.87,15.87,4.79,,1st Edition,1,
84543,Cyndaquil (56),Cyndaquil 56,https://tcgplayer-cdn.tcgplayer.com/product/84543_200w.jpg,3,1396,https://cpt.tcgcsv.com/TQH,2024-02-21T14:39:09.367,1,056/111,Common,Fire,40,Basic,"[1] Leer
<br>Flip a coin. If heads, the Defending Pokémon can't attack Cyndaquil during your opponent's next turn. <em>(Benching or evolving either Pokémon ends this effect.)</em>","[1R] Swift (20)
<br>This attack's damage isn't affected by Weakness, Resistance, Pokémon Powers, or any other effects on the Defending Pokémon.",W,,0.23,0.98,4.94,0.98,0.78,Unlimited,1,
84544,Cyndaquil (57),Cyndaquil 57,https://tcgplayer-cdn.tcgplayer.com/product/84544_200w.jpg,3,1396,https://cpt.tcgcsv.com/VQH,2024-05-16T13:33:18.893,1,057/111,Common,Fire,50,Basic,"[R] Fireworks (20)
<br>Flip a coin. If tails, discard 1 Energy card attached to Cyndaquil.","[2] Quick Attack (10+)
<br>Flip a coin. If heads, this attack does 10 damage plus 20 more damage; if tails, this attack does 10 damage.",W,,1.23,3.44,55.0,3.76,,1st Edition,1,
84544,Cyndaquil (57),Cyndaquil 57,https://tcgplayer-cdn.tcgplayer.com/product/84544_200w.jpg,3,1396,https://cpt.tcgcsv.com/VQH,2024-05-16T13:33:18.893,1,057/111,Common,Fire,50,Basic,"[R] Fireworks (20)
<br>Flip a coin. If tails, discard 1 Energy card attached to Cyndaquil.","[2] Quick Attack (10+)
<br>Flip a coin. If heads, this attack does 10 damage plus 20 more damage; if tails, this attack does 10 damage.",W,,0.34,0.95,3.35,1.07,0.55,Unlimited,1,
84695,Darkness Energy,Darkness Energy,https://tcgplayer-cdn.tcgplayer.com/product/84695_200w.jpg,3,1396,https://cpt.tcgcsv.com/WTH,2022-11-22T15:02:31.97,1,104/111,Rare,Special Energy,,,,,,,5.41,6.82,13.49,4.52,,1st Edition,,"If the Pokémon Darkness Energy is attached to damages the Defending Pokémon <em>(after applying Weakness and Resistance)</em>, the attack does 10 more damage to the Defending Pokémon. At the end of every turn, put 1 damage counter on the Pokémon Darkness Energy is attached to, unless it's Darkness or has Dark in its name. Darkness Energy provides Darkness Energy. <em>(Doesn't count as a basic Energy card.)</em>"
84695,Darkness Energy,Darkness Energy,https://tcgplayer-cdn.tcgplayer.com/product/84695_200w.jpg,3,1396,https://cpt.tcgcsv.com/WTH,2022-11-22T15:02:31.97,1,104/111,Rare,Special Energy,,,,,,,3.0,4.31,11.95,4.68,7.64,Unlimited,,"If the Pokémon Darkness Energy is attached to damages the Defending Pokémon <em>(after applying Weakness and Resistance)</em>, the attack does 10 more damage to the Defending Pokémon. At the end of every turn, put 1 damage counter on the Pokémon Darkness Energy is attached to, unless it's Darkness or has Dark in its name. Darkness Energy provides Darkness Energy. <em>(Doesn't count as a basic Energy card.)</em>"
84872,Donphan,Donphan,https://tcgplayer-cdn.tcgplayer.com/product/84872_200w.jpg,3,1396,https://cpt.tcgcsv.com/sZH,2023-06-26T10:00:24.657,1,021/111,Rare,Fighting,70,Stage 1,"[F] Flail (10x)
<br>Does 10 damage times the number of damage counters on Donphan.","[FFF] Rapid Spin (50)
<br>If your opponent has any Benched Pokémon, he or she chooses 1 of them and switches it with his or her Active Pokémon, then, if you have any Benched Pokémon, you switch 1 of them with your Active Pokémon. <em>(Do the damage before switching the Pokémon.)</em>",G,L-30,3.15,4.65,8.99,4.65,,1st Edition,3,
84872,Donphan,Donphan,https://tcgplayer-cdn.tcgplayer.com/product/84872_200w.jpg,3,1396,https://cpt.tcgcsv.com/sZH,2023-06-26T10:00:24.657,1,021/111,Rare,Fighting,70,Stage 1,"[F] Flail (10x)
<br>Does 10 damage times the number of damage counters on Donphan.","[FFF] Rapid Spin (50)
<br>If your opponent has any Benched Pokémon, he or she chooses 1 of them and switches it with his or her Active Pokémon, then, if you have any Benched Pokémon, you switch 1 of them with your Active Pokémon. <em>(Do the damage before switching the Pokémon.)</em>",G,L-30,2.0,2.78,4.0,2.78,,Unlimited,3,
84891,Double Gust,Double Gust,https://tcgplayer-cdn.tcgplayer.com/product/84891_200w.jpg,3,1396,https://cpt.tcgcsv.com/RZH,2022-12-02T15:10:06.18,1,100/111,Common,Trainer,,,,,,,0.75,1.57,3.99,1.47,,1st Edition,,"If you have any Benched Pokémon, your opponent chooses 1 of them and switches it with your Active Pokémon. Then, if your opponent has any Benched Pokémon, choose 1 of them and switch it with his or her Active Pokémon."
84891,Double Gust,Double Gust,https://tcgplayer-cdn.tcgplayer.com/product/84891_200w.jpg,3,1396,https://cpt.tcgcsv.com/RZH,2022-12-02T15:10:06.18,1,100/111,Common,Trainer,,,,,,,0.23,0.99,501.5,1.1,,Unlimited,,"If you have any Benched Pokémon, your opponent chooses 1 of them and switches it with your Active Pokémon. Then, if your opponent has any Benched Pokémon, choose 1 of them and switch it with his or her Active Pokémon."
85066,Ecogym,Ecogym,https://tcgplayer-cdn.tcgplayer.com/product/85066_200w.jpg,3,1396,https://cpt.tcgcsv.com/l2J,2022-11-22T15:05:26.68,1,084/111,Rare,Stadium,,,,,,,2.68,3.35,10.97,3.55,,1st Edition,,"This card stays in play when you play it.  Discard this card if another Stadium card comes into play.
<br>
Whenever an attack, Pokémon Power, or Trainer card discards another player's non-Colorless Energy card from a Pokémon, return that Energy card to its owner's hand. <em>(Energy cards that are discarded when that Pokémon is Knocked Out don't count.)</em>"
85066,Ecogym,Ecogym,https://tcgplayer-cdn.tcgplayer.com/product/85066_200w.jpg,3,1396,https://cpt.tcgcsv.com/l2J,2022-11-22T15:05:26.68,1,084/111,Rare,Stadium,,,,,,,1.47,2.68,7.0,2.5,,Unlimited,,"This card stays in play when you play it.  Discard this card if another Stadium card comes into play.
<br>
Whenever an attack, Pokémon Power, or Trainer card discards another player's non-Colorless Energy card from a Pokémon, return that Energy card to its owner's hand. <em>(Energy cards that are discarded when that Pokémon is Knocked Out don't count.)</em>"
85109,Electabuzz,Electabuzz,https://tcgplayer-cdn.tcgplayer.com/product/85109_200w.jpg,3,1396,https://cpt.tcgcsv.com/c3J,2025-02-05T21:05:28.94,1,033/111,Uncommon,Lightning,70,Basic,[2] Punch (20),"[LLL] Swift (30)
<br>This attack's damage isn't affected by Weakness, Resistance, Pokémon Powers, or any other effects on the Defending Pokémon.",F,,2.29,3.19,21.99,2.71,,1st Edition,1,
85109,Electabuzz,Electabuzz,https://tcgplayer-cdn.tcgplayer.com/product/85109_200w.jpg,3,1396,https://cpt.tcgcsv.com/c3J,2025-02-05T21:05:28.94,1,033/111,Uncommon,Lightning,70,Basic,[2] Punch (20),"[LLL] Swift (30)
<br>This attack's damage isn't affected by Weakness, Resistance, Pokémon Powers, or any other effects on the Defending Pokémon.",F,,0.33,0.95,3.1,1.08,0.65,Unlimited,1,
85168,Elekid,Elekid,https://tcgplayer-cdn.tcgplayer.com/product/85168_200w.jpg,3,1396,https://cpt.tcgcsv.com/n5J,2024-12-20T20:09:04.97,1,022/111,Rare,Lightning,30,Baby,,,,,4.79,6.6,15.51,7.27,,1st Edition,,"<strong>Pokémon Power: Playful Punch</strong> Once during your turn <em>(before your attack)</em>, you may flip a coin. If heads, do 20 damage to your opponent's Active Pokémon. <em>(Apply Weakness and Resistance.)</em> Either way, this ends your turn. This power can't be used if Elekid is Asleep, Confused, or Paralyzed.
<br><br>
<em>If this Baby Pokémon is your Active Pokémon and your opponent tries to attack, your opponent flips a coin (before doing anything required in order to use that attack). If tails, your opponent's turn ends without an attack.</em>"
85168,Elekid,Elekid,https://tcgplayer-cdn.tcgplayer.com/product/85168_200w.jpg,3,1396,https://cpt.tcgcsv.com/n5J,2024-12-20T20:09:04.97,1,022/111,Rare,Lightning,30,Baby,,,,,1.22,2.72,23.99,2.83,,Unlimited,,"<strong>Pokémon Power: Playful Punch</strong> Once during your turn <em>(before your attack)</em>, you may flip a coin. If heads, do 20 damage to your opponent's Active Pokémon. <em>(Apply Weakness and Resistance.)</em> Either way, this ends your turn. This power can't be used if Elekid is Asleep, Confused, or Paralyzed.
<br><br>
<em>If this Baby Pokémon is your Active Pokémon and your opponent tries to attack, your opponent flips a coin (before doing anything required in order to use that attack). If tails, your opponent's turn ends without an attack.</em>"
85210,Energy Charge,Energy Charge,https://tcgplayer-cdn.tcgplayer.com/product/85210_200w.jpg,3,1396,https://cpt.tcgcsv.com/d6J,2022-12-09T16:35:59.847,1,085/111,Rare,Item,,,,,,,1.77,2.57,8.99,2.56,,1st Edition,,"Flip a coin. If heads, shuffle up to 2 Energy cards from your discard pile into your deck."
85210,Energy Charge,Energy Charge,https://tcgplayer-cdn.tcgplayer.com/product/85210_200w.jpg,3,1396,https://cpt.tcgcsv.com/d6J,2022-12-09T16:35:59.847,1,085/111,Rare,Item,,,,,,,0.95,1.91,3.13,1.91,,Unlimited,,"Flip a coin. If heads, shuffle up to 2 Energy cards from your discard pile into your deck."
85412,Feraligatr (4),Feraligatr 4,https://tcgplayer-cdn.tcgplayer.com/product/85412_200w.jpg,3,1396,https://cpt.tcgcsv.com/gbJ,2025-04-09T03:08:21.677,1,004/111,Holo Rare,Water,100,Stage 2,"[WWWW] Chomp (50+)
<br>Flip a number of coins equal to the number of damage counters on Feraligatr. This attack does 50 damage plus 10 more damage for each heads.",,G,,200.0,399.98,599.95,200.0,,1st Edition Holofoil,3,"<strong>Pokémon Power: Berserk</strong> When you play Feraligatr from your hand, flip a coin. If heads, discard the top 5 cards from your opponent's deck. If tails, discard the top 5 cards from your deck."
85412,Feraligatr (4),Feraligatr 4,https://tcgplayer-cdn.tcgplayer.com/product/85412_200w.jpg,3,1396,https://cpt.tcgcsv.com/gbJ,2025-04-09T03:08:21.677,1,004/111,Holo Rare,Water,100,Stage 2,"[WWWW] Chomp (50+)
<br>Flip a number of coins equal to the number of damage counters on Feraligatr. This attack does 50 damage plus 10 more damage for each heads.",,G,,50.0,81.24,99.99,77.18,63.99,Unlimited Holofoil,3,"<strong>Pokémon Power: Berserk</strong> When you play Feraligatr from your hand, flip a coin. If heads, discard the top 5 cards from your opponent's deck. If tails, discard the top 5 cards from your deck."
85413,Feraligatr (5),Feraligatr 5,https://tcgplayer-cdn.tcgplayer.com/product/85413_200w.jpg,3,1396,https://cpt.tcgcsv.com/hbJ,2024-12-01T10:42:25.187,1,005/111,Holo Rare,Water,120,Stage 2,"[WWW] Riptide (10+)
<br>Does 10 damage plus 10 damage times the number of Water Energy cards in your discard pile. Then, shuffle all Water Energy cards from your discard pile into your deck.",,G,,275.0,283.0,500.0,121.29,,1st Edition Holofoil,3,"<strong>Pokémon Power: Downpour</strong> As often as you like during your turn <em>(before your attack)</em>, you may discard a Water Energy card from your hand. This power can't be used if Feraligatr is Asleep, Confused, or Paralyzed."
85413,Feraligatr (5),Feraligatr 5,https://tcgplayer-cdn.tcgplayer.com/product/85413_200w.jpg,3,1396,https://cpt.tcgcsv.com/hbJ,2024-12-01T10:42:25.187,1,005/111,Holo Rare,Water,120,Stage 2,"[WWW] Riptide (10+)
<br>Does 10 damage plus 10 damage times the number of Water Energy cards in your discard pile. Then, shuffle all Water Energy cards from your discard pile into your deck.",,G,,55.65,58.58,99.95,72.41,50.0,Unlimited Holofoil,3,"<strong>Pokémon Power: Downpour</strong> As often as you like during your turn <em>(before your attack)</em>, you may discard a Water Energy card from your hand. This power can't be used if Feraligatr is Asleep, Confused, or Paralyzed."
85434,Fighting Energy,Fighting Energy,https://tcgplayer-cdn.tcgplayer.com/product/85434_200w.jpg,3,1396,https://cpt.tcgcsv.com/JbJ,2025-02-05T21:05:28.987,1,106/111,Common,Basic Energy,,,,,,,0.38,0.86,17.99,0.89,,1st Edition,,
85434,Fighting Energy,Fighting Energy,https://tcgplayer-cdn.tcgplayer.com/product/85434_200w.jpg,3,1396,https://cpt.tcgcsv.com/JbJ,2025-02-05T21:05:28.987,1,106/111,Common,Basic Energy,,,,,,,0.09,0.27,1.5,0.31,,Unlimited,,
85453,Fire Energy,Fire Energy,https://tcgplayer-cdn.tcgplayer.com/product/85453_200w.jpg,3,1396,https://cpt.tcgcsv.com/5cJ,2025-02-05T21:05:29.05,1,107/111,Common,Basic Energy,,,,,,,0.36,0.9,3.47,0.95,,1st Edition,,
85453,Fire Energy,Fire Energy,https://tcgplayer-cdn.tcgplayer.com/product/85453_200w.jpg,3,1396,https://cpt.tcgcsv.com/5cJ,2025-02-05T21:05:29.05,1,107/111,Common,Basic Energy,,,,,,,0.09,0.3,1.69,0.38,,Unlimited,,
85474,Flaaffy,Flaaffy,https://tcgplayer-cdn.tcgplayer.com/product/85474_200w.jpg,3,1396,https://cpt.tcgcsv.com/vcJ,2023-06-07T10:24:17.577,1,034/111,Uncommon,Lightning,60,Stage 1,"[L] Discharge (30x)
<br>Discard all Lightning Energy cards attached to Flaaffy in order to use this attack. Flip a number of coins equal to the number of Lightning Energy cards you discarded. This attack does 30 damage times the number of heads.","[LL] Electric Current (20)
<br>Take 1 Lightning Energy card attached to Flaaffy and attach it to 1 of your Benched Pokémon. If you have no Benched Pokémon, discard that Energy card.",F,,2.25,3.99,5.5,3.86,,1st Edition,1,
85474,Flaaffy,Flaaffy,https://tcgplayer-cdn.tcgplayer.com/product/85474_200w.jpg,3,1396,https://cpt.tcgcsv.com/vcJ,2023-06-07T10:24:17.577,1,034/111,Uncommon,Lightning,60,Stage 1,"[L] Discharge (30x)
<br>Discard all Lightning Energy cards attached to Flaaffy in order to use this attack. Flip a number of coins equal to the number of Lightning Energy cards you discarded. This attack does 30 damage times the number of heads.","[LL] Electric Current (20)
<br>Take 1 Lightning Energy card attached to Flaaffy and attach it to 1 of your Benched Pokémon. If you have no Benched Pokémon, discard that Energy card.",F,,1.0,2.0,4.24,2.27,,Unlimited,1,
85536,Focus Band,Focus Band,https://tcgplayer-cdn.tcgplayer.com/product/85536_200w.jpg,3,1396,https://cpt.tcgcsv.com/LdJ,2022-11-22T15:21:13.457,1,086/111,Rare,Tool,,,,,,,7.9,12.04,24.98,11.29,,1st Edition,,"Attach Focus Band to 1 of your Pokémon that doesn't have a Pokémon Tool attached to it.
<br>
If the Pokémon Focus Band is attached to would be Knocked Out by your opponent's attack, flip a coin. If heads, that Pokémon is not Knocked Out and its remaining HP become 10 instead. Then, discard Focus Band."
85536,Focus Band,Focus Band,https://tcgplayer-cdn.tcgplayer.com/product/85536_200w.jpg,3,1396,https://cpt.tcgcsv.com/LdJ,2022-11-22T15:21:13.457,1,086/111,Rare,Tool,,,,,,,7.5,9.05,81830.55,9.52,,Unlimited,,"Attach Focus Band to 1 of your Pokémon that doesn't have a Pokémon Tool attached to it.
<br>
If the Pokémon Focus Band is attached to would be Knocked Out by your opponent's attack, flip a coin. If heads, that Pokémon is not Knocked Out and its remaining HP become 10 instead. Then, discard Focus Band."
85589,Furret,Furret,https://tcgplayer-cdn.tcgplayer.com/product/85589_200w.jpg,3,1396,https://cpt.tcgcsv.com/PfJ,2023-04-09T14:21:09.127,1,035/111,Uncommon,Colorless,60,Stage 1,"[2] Quick Attack (20+)
<br>Flip a coin. If heads, this attack does 20 damage plus 10 more damage; if tails, this attack does 20 damage.","[3] Slam (30x)
<br>Flip 2 coins. This attack does 30 damage times the number of heads.",F,P-30,1.25,2.64,4.0,2.7,2.48,1st Edition,1,
85589,Furret,Furret,https://tcgplayer-cdn.tcgplayer.com/product/85589_200w.jpg,3,1396,https://cpt.tcgcsv.com/PfJ,2023-04-09T14:21:09.127,1,035/111,Uncommon,Colorless,60,Stage 1,"[2] Quick Attack (20+)
<br>Flip a coin. If heads, this attack does 20 damage plus 10 more damage; if tails, this attack does 20 damage.","[3] Slam (30x)
<br>Flip 2 coins. This attack does 30 damage times the number of heads.",F,P-30,0.74,1.5,3.17,2.07,1.16,Unlimited,1,
85726,Girafarig,Girafarig,https://tcgplayer-cdn.tcgplayer.com/product/85726_200w.jpg,3,1396,https://cpt.tcgcsv.com/xjJ,2025-02-05T21:05:29.097,1,058/111,Common,Psychic,60,Basic,"[2] Agility (10)
<br>Flip a coin. If heads, during your opponent's next turn, prevent all effects of attacks, including damage, done to Girafarig.","[PP] Psybeam (20)
<br>Flip a coin. If heads, the Defending Pokémon is now Confused.",,,0.68,1.47,4.99,1.45,,1st Edition,1,
85726,Girafarig,Girafarig,https://tcgplayer-cdn.tcgplayer.com/product/85726_200w.jpg,3,1396,https://cpt.tcgcsv.com/xjJ,2025-02-05T21:05:29.097,1,058/111,Common,Psychic,60,Basic,"[2] Agility (10)
<br>Flip a coin. If heads, during your opponent's next turn, prevent all effects of attacks, including damage, done to Girafarig.","[PP] Psybeam (20)
<br>Flip a coin. If heads, the Defending Pokémon is now Confused.",,,0.19,0.49,501.5,0.53,,Unlimited,1,
85764,Gligar,Gligar,https://tcgplayer-cdn.tcgplayer.com/product/85764_200w.jpg,3,1396,https://cpt.tcgcsv.com/jkJ,2025-02-05T21:05:29.143,1,059/111,Common,Fighting,60,Basic,"[F] Poison Sting (10)
<br>Flip a coin. If heads, the Defending Pokémon is now Poisoned.",[2] Slash (20),G,F-30,0.5,1.21,4.99,1.21,,1st Edition,,
85764,Gligar,Gligar,https://tcgplayer-cdn.tcgplayer.com/product/85764_200w.jpg,3,1396,https://cpt.tcgcsv.com/jkJ,2025-02-05T21:05:29.143,1,059/111,Common,Fighting,60,Basic,"[F] Poison Sting (10)
<br>Flip a coin. If heads, the Defending Pokémon is now Poisoned.",[2] Slash (20),G,F-30,0.15,0.64,2.49,0.66,,Unlimited,,
85778,Gloom,Gloom,https://tcgplayer-cdn.tcgplayer.com/product/85778_200w.jpg,3,1396,https://cpt.tcgcsv.com/BkJ,2025-02-21T15:44:55.003,1,036/111,Uncommon,Grass,60,Stage 1,"[1G] Strange Powder (20)
<br>Flip a coin. If heads, the Defending Pokémon is now Confused; if tails, the Defending Pokémon is now Asleep.","[1GG] Sticky Nectar (20+)
<br>Flip a coin. If heads, this attack does 20 damage plus 10 more damage and, until the end of your opponent's next turn, as long as Gloom is your Active Pokémon, the Defending Pokémon can't retreat, and if the effect of an attack, Pokémon Power, or Trainer card would change that player's Active Pokémon, that part of the effect does nothing. If tails, this attack does 20 damage.",R,,1.69,2.59,3.57,2.5,,1st Edition,1,
85778,Gloom,Gloom,https://tcgplayer-cdn.tcgplayer.com/product/85778_200w.jpg,3,1396,https://cpt.tcgcsv.com/BkJ,2025-02-21T15:44:55.003,1,036/111,Uncommon,Grass,60,Stage 1,"[1G] Strange Powder (20)
<br>Flip a coin. If heads, the Defending Pokémon is now Confused; if tails, the Defending Pokémon is now Asleep.","[1GG] Sticky Nectar (20+)
<br>Flip a coin. If heads, this attack does 20 damage plus 10 more damage and, until the end of your opponent's next turn, as long as Gloom is your Active Pokémon, the Defending Pokémon can't retreat, and if the effect of an attack, Pokémon Power, or Trainer card would change that player's Active Pokémon, that part of the effect does nothing. If tails, this attack does 20 damage.",R,,0.68,1.65,2.94,1.78,,Unlimited,1,
85799,Gold Berry,Gold Berry,https://tcgplayer-cdn.tcgplayer.com/product/85799_200w.jpg,3,1396,https://cpt.tcgcsv.com/_kJ,2023-07-11T13:22:45.4,1,093/111,Uncommon,Tool,,,,,,,2.2,4.0,6.94,3.2,,1st Edition,,"Attach Gold Berry to 1 of your Pokémon that doesn't have a Pokémon Tool attached to it.
<br>
At any time between turns, if there are at least 4 damage counters on the Pokémon Gold Berry is attached to, you may remove 4 of them and discard Gold Berry. At the start of each turn, if there are at least 4 damage counters on the Pokémon Gold Berry is attached to, remove 4 of them and discard Gold Berry."
85799,Gold Berry,Gold Berry,https://tcgplayer-cdn.tcgplayer.com/product/85799_200w.jpg,3,1396,https://cpt.tcgcsv.com/_kJ,2023-07-11T13:22:45.4,1,093/111,Uncommon,Tool,,,,,,,1.28,3.02,6.22,2.97,2.26,Unlimited,,"Attach Gold Berry to 1 of your Pokémon that doesn't have a Pokémon Tool attached to it.
<br>
At any time between turns, if there are at least 4 damage counters on the Pokémon Gold Berry is attached to, you may remove 4 of them and discard Gold Berry. At the start of each turn, if there are at least 4 damage counters on the Pokémon Gold Berry is attached to, remove 4 of them and discard Gold Berry."
85861,Granbull,Granbull,https://tcgplayer-cdn.tcgplayer.com/product/85861_200w.jpg,3,1396,https://cpt.tcgcsv.com/fmJ,2025-07-24T20:16:49.393,1,037/111,Uncommon,Colorless,70,Stage 1,[2] Tackle (20),"[3] Raging Charge (10+)
<br>This attack does 10 damage plus 10 damage for each damage counter on Granbull. Then, Granbull does 20 damage to itself.",F,P-30,0.95,1.82,3.87,1.61,1.4,1st Edition,2,
85861,Granbull,Granbull,https://tcgplayer-cdn.tcgplayer.com/product/85861_200w.jpg,3,1396,https://cpt.tcgcsv.com/fmJ,2025-07-24T20:16:49.393,1,037/111,Uncommon,Colorless,70,Stage 1,[2] Tackle (20),"[3] Raging Charge (10+)
<br>This attack does 10 damage plus 10 damage for each damage counter on Granbull. Then, Granbull does 20 damage to itself.",F,P-30,0.25,1.03,2.21,1.25,0.85,Unlimited,2,
85870,Grass Energy,Grass Energy,https://tcgplayer-cdn.tcgplayer.com/product/85870_200w.jpg,3,1396,https://cpt.tcgcsv.com/qmJ,2025-02-05T21:05:29.203,1,108/111,Common,Basic Energy,,,,,,,0.2,1.0,25.99,1.08,,1st Edition,,
85870,Grass Energy,Grass Energy,https://tcgplayer-cdn.tcgplayer.com/product/85870_200w.jpg,3,1396,https://cpt.tcgcsv.com/qmJ,2025-02-05T21:05:29.203,1,108/111,Common,Basic Energy,,,,,,,0.05,0.25,1.49,0.25,,Unlimited,,
86059,Heracross,Heracross,https://tcgplayer-cdn.tcgplayer.com/product/86059_200w.jpg,3,1396,https://cpt.tcgcsv.com/crJ,2022-11-22T15:30:44.587,1,006/111,Holo Rare,Grass,60,Basic,"[GGG] Megahorn (60)
<br>Flip a coin. If tails, this attack does nothing.",,R,,55.99,85.29,140.0,82.23,100.0,1st Edition Holofoil,2,"<strong>Pokémon Power: Final Blow</strong>
<br>
If Heracross's remaining HP are 20 or less, you may make its Megahorn attack's base damage 120 instead of 60. This power can't be used if Heracross is Asleep, Confused, or Paralyzed."
86059,Heracross,Heracross,https://tcgplayer-cdn.tcgplayer.com/product/86059_200w.jpg,3,1396,https://cpt.tcgcsv.com/crJ,2022-11-22T15:30:44.587,1,006/111,Holo Rare,Grass,60,Basic,"[GGG] Megahorn (60)
<br>Flip a coin. If tails, this attack does nothing.",,R,,19.0,29.15,59.85,38.53,,Unlimited Holofoil,2,"<strong>Pokémon Power: Final Blow</strong>
<br>
If Heracross's remaining HP are 20 or less, you may make its Megahorn attack's base damage 120 instead of 60. This power can't be used if Heracross is Asleep, Confused, or Paralyzed."
86169,Hoothoot,Hoothoot,https://tcgplayer-cdn.tcgplayer.com/product/86169_200w.jpg,3,1396,https://cpt.tcgcsv.com/ptJ,2022-12-02T14:44:51.24,1,060/111,Common,Colorless,50,Basic,"[1] Hypnosis
<br>The Defending Pokémon is now Asleep.",[2] Peck (20),L,F-30,0.49,1.25,183051.49,1.29,,1st Edition,1,
86169,Hoothoot,Hoothoot,https://tcgplayer-cdn.tcgplayer.com/product/86169_200w.jpg,3,1396,https://cpt.tcgcsv.com/ptJ,2022-12-02T14:44:51.24,1,060/111,Common,Colorless,50,Basic,"[1] Hypnosis
<br>The Defending Pokémon is now Asleep.",[2] Peck (20),L,F-30,0.2,0.66,1.79,0.66,0.68,Unlimited,1,
86177,Hoppip,Hoppip,https://tcgplayer-cdn.tcgplayer.com/product/86177_200w.jpg,3,1396,https://cpt.tcgcsv.com/ztJ,2025-02-05T21:05:29.25,1,061/111,Common,Grass,50,Basic,[1] Hop (10),"[G] Sprout
<br>Search your deck for a Basic Pokémon named Hoppip and put it onto your Bench. Shuffle your deck afterward. <em>(You can't use this attack if your Bench is full.)</em>",R,F-30,0.5,1.11,4.99,1.12,,1st Edition,,
86177,Hoppip,Hoppip,https://tcgplayer-cdn.tcgplayer.com/product/86177_200w.jpg,3,1396,https://cpt.tcgcsv.com/ztJ,2025-02-05T21:05:29.25,1,061/111,Common,Grass,50,Basic,[1] Hop (10),"[G] Sprout
<br>Search your deck for a Basic Pokémon named Hoppip and put it onto your Bench. Shuffle your deck afterward. <em>(You can't use this attack if your Bench is full.)</em>",R,F-30,0.15,0.43,2.43,0.43,,Unlimited,,
86185,Horsea,Horsea,https://tcgplayer-cdn.tcgplayer.com/product/86185_200w.jpg,3,1396,https://cpt.tcgcsv.com/KtJ,2025-02-05T21:05:29.313,1,062/111,Common,Water,50,Basic,"[WW] Fin Slap (20+)
<br>If an attack damaged Horsea during your opponent's last turn, this attack does 20 damage plus 10 more damage. If not, this attack does 20 damage.",,L,,0.69,1.51,4.99,1.57,,1st Edition,,
86185,Horsea,Horsea,https://tcgplayer-cdn.tcgplayer.com/product/86185_200w.jpg,3,1396,https://cpt.tcgcsv.com/KtJ,2025-02-05T21:05:29.313,1,062/111,Common,Water,50,Basic,"[WW] Fin Slap (20+)
<br>If an attack damaged Horsea during your opponent's last turn, this attack does 20 damage plus 10 more damage. If not, this attack does 20 damage.",,L,,0.23,0.48,15.99,0.46,,Unlimited,,
86361,Jumpluff,Jumpluff,https://tcgplayer-cdn.tcgplayer.com/product/86361_200w.jpg,3,1396,https://cpt.tcgcsv.com/fzJ,2023-04-13T10:30:49.687,1,007/111,Holo Rare,Grass,70,Stage 2,"[G] Sleep Powder (20)
<br>The Defending Pokémon is now Asleep.","[G] Leech Seed (20)
<br>If this attack damages the Defending Pokémon <em>(after applying Weakness and Resistance)</em>, remove 1 damage counter from Jumpluff, if it has any.",R,F-30,17.66,29.72,30.44,29.72,,1st Edition Holofoil,,
86361,Jumpluff,Jumpluff,https://tcgplayer-cdn.tcgplayer.com/product/86361_200w.jpg,3,1396,https://cpt.tcgcsv.com/fzJ,2023-04-13T10:30:49.687,1,007/111,Holo Rare,Grass,70,Stage 2,"[G] Sleep Powder (20)
<br>The Defending Pokémon is now Asleep.","[G] Leech Seed (20)
<br>If this attack damages the Defending Pokémon <em>(after applying Weakness and Resistance)</em>, remove 1 damage counter from Jumpluff, if it has any.",R,F-30,5.0,7.0,29.98,8.49,5.0,Unlimited Holofoil,,
86440,Kingdra,Kingdra,https://tcgplayer-cdn.tcgplayer.com/product/86440_200w.jpg,3,1396,https://cpt.tcgcsv.com/QBJ,2022-11-22T15:36:18.207,1,008/111,Holo Rare,Water,90,Stage 2,"[1WW] Agility (30)
<br>Flip a coin. If heads, during your opponent's next turn, prevent all effects of attacks, including damage, done to Kingdra.","[WWWW] Dragon Tornado (50)
<br>If this attack doesn't Knock Out the Defending Pokémon, and if there are any Pokémon on your opponent's Bench, choose 1 of them and switch it with the Defending Pokémon.",,,48.52,69.99,135.0,54.65,,1st Edition Holofoil,2,
86440,Kingdra,Kingdra,https://tcgplayer-cdn.tcgplayer.com/product/86440_200w.jpg,3,1396,https://cpt.tcgcsv.com/QBJ,2022-11-22T15:36:18.207,1,008/111,Holo Rare,Water,90,Stage 2,"[1WW] Agility (30)
<br>Flip a coin. If heads, during your opponent's next turn, prevent all effects of attacks, including damage, done to Kingdra.","[WWWW] Dragon Tornado (50)
<br>If this attack doesn't Knock Out the Defending Pokémon, and if there are any Pokémon on your opponent's Bench, choose 1 of them and switch it with the Defending Pokémon.",,,7.0,11.5,55.99,12.02,39.99,Unlimited Holofoil,2,
86603,Lanturn,Lanturn,https://tcgplayer-cdn.tcgplayer.com/product/86603_200w.jpg,3,1396,https://cpt.tcgcsv.com/5GJ,2022-11-22T15:38:29.29,1,038/111,Uncommon,Lightning,70,Stage 1,"[LL] Floodlight (20)
<br>Flip a coin. If heads, the Defending Pokémon is now Paralyzed.",,F,,0.79,2.0,4.99,2.0,,1st Edition,2,"<strong>Pokémon Power: Hydroelectric Power</strong> You. may make Floodlight do 10 more damage for each Water Energy attached to Lanturn but not used to pay for Floodlight's Energy cost. This power can't be used if Lanturn is Asleep, Confused, or Paralyzed."
86603,Lanturn,Lanturn,https://tcgplayer-cdn.tcgplayer.com/product/86603_200w.jpg,3,1396,https://cpt.tcgcsv.com/5GJ,2022-11-22T15:38:29.29,1,038/111,Uncommon,Lightning,70,Stage 1,"[LL] Floodlight (20)
<br>Flip a coin. If heads, the Defending Pokémon is now Paralyzed.",,F,,0.24,0.7,18.99,0.8,0.49,Unlimited,2,"<strong>Pokémon Power: Hydroelectric Power</strong> You. may make Floodlight do 10 more damage for each Water Energy attached to Lanturn but not used to pay for Floodlight's Energy cost. This power can't be used if Lanturn is Asleep, Confused, or Paralyzed."
86692,Ledian,Ledian,https://tcgplayer-cdn.tcgplayer.com/product/86692_200w.jpg,3,1396,https://cpt.tcgcsv.com/SHJ,2022-11-22T15:39:27.08,1,039/111,Uncommon,Grass,60,Stage 1,"[GG] Baton Pass (30)
<br>If you have any Grass Pokémon on your Bench, remove all Grass Energy cards from Ledian and attach them to 1 of those Pokémon, then switch Ledian with that Pokémon.",,R,F-30,1.11,1.88,4.79,1.97,,1st Edition,,
86692,Ledian,Ledian,https://tcgplayer-cdn.tcgplayer.com/product/86692_200w.jpg,3,1396,https://cpt.tcgcsv.com/SHJ,2022-11-22T15:39:27.08,1,039/111,Uncommon,Grass,60,Stage 1,"[GG] Baton Pass (30)
<br>If you have any Grass Pokémon on your Bench, remove all Grass Energy cards from Ledian and attach them to 1 of those Pokémon, then switch Ledian with that Pokémon.",,R,F-30,0.45,1.12,2.31,1.32,0.9,Unlimited,,
86699,Ledyba,Ledyba,https://tcgplayer-cdn.tcgplayer.com/product/86699_200w.jpg,3,1396,https://cpt.tcgcsv.com/_HJ,2025-02-05T21:05:29.36,1,063/111,Common,Grass,40,Basic,"[G] Supersonic
<br>Flip a coin. If heads, the Defending Pokémon is now Confused.","[GG] Comet Punch (10x)
<br>Flip 4 coins. This attack does 10 damage times the number of heads.",R,F-30,0.5,1.0,4.99,0.98,,1st Edition,,
86699,Ledyba,Ledyba,https://tcgplayer-cdn.tcgplayer.com/product/86699_200w.jpg,3,1396,https://cpt.tcgcsv.com/_HJ,2025-02-05T21:05:29.36,1,063/111,Common,Grass,40,Basic,"[G] Supersonic
<br>Flip a coin. If heads, the Defending Pokémon is now Confused.","[GG] Comet Punch (10x)
<br>Flip 4 coins. This attack does 10 damage times the number of heads.",R,F-30,0.2,0.5,3.98,0.59,,Unlimited,,
86756,Lightning Energy,Lightning Energy,https://tcgplayer-cdn.tcgplayer.com/product/86756_200w.jpg,3,1396,https://cpt.tcgcsv.com/8KJ,2023-03-20T11:16:07.123,1,109/111,Common,Basic Energy,,,,,,,0.22,0.96,19.99,0.97,,1st Edition,,
86756,Lightning Energy,Lightning Energy,https://tcgplayer-cdn.tcgplayer.com/product/86756_200w.jpg,3,1396,https://cpt.tcgcsv.com/8KJ,2023-03-20T11:16:07.123,1,109/111,Common,Basic Energy,,,,,,,0.1,0.33,1.46,0.39,,Unlimited,,
86903,Lugia,Lugia,https://tcgplayer-cdn.tcgplayer.com/product/86903_200w.jpg,3,1396,https://cpt.tcgcsv.com/5NJ,2022-11-22T15:42:13,1,009/111,Holo Rare,Colorless,90,Basic,"[RWL] Elemental Blast (90)
<br>Discard a Fire Energy card, a Water Energy card, and a Lightning Energy card attached to Lugia in order to use this attack.",,P,F-30,1798.78,1899.99,1900.97,1799.99,,1st Edition Holofoil,2,
86903,Lugia,Lugia,https://tcgplayer-cdn.tcgplayer.com/product/86903_200w.jpg,3,1396,https://cpt.tcgcsv.com/5NJ,2022-11-22T15:42:13,1,009/111,Holo Rare,Colorless,90,Basic,"[RWL] Elemental Blast (90)
<br>Discard a Fire Energy card, a Water Energy card, and a Lightning Energy card attached to Lugia in order to use this attack.",,P,F-30,349.95,386.85,447.0,415.18,,Unlimited Holofoil,2,
87001,Magby,Magby,https://tcgplayer-cdn.tcgplayer.com/product/87001_200w.jpg,3,1396,https://cpt.tcgcsv.com/2QJ,2022-11-22T15:43:55.903,1,023/111,Rare,Fire,30,Basic,"[1] Sputter (10)
<br>All Pokémon Powers stop working until the end of your next turn.",,,,3.69,6.67,12.89,6.67,,1st Edition,,"<em>If this Baby Pokémon is your Active Pokémon and your opponent tries to attack, your opponent flips a coin (before doing anything required in order to use that attack). If tails, your opponent's turn ends without an attack.</em>"
87001,Magby,Magby,https://tcgplayer-cdn.tcgplayer.com/product/87001_200w.jpg,3,1396,https://cpt.tcgcsv.com/2QJ,2022-11-22T15:43:55.903,1,023/111,Rare,Fire,30,Basic,"[1] Sputter (10)
<br>All Pokémon Powers stop working until the end of your next turn.",,,,0.94,2.16,7.0,2.16,,Unlimited,,"<em>If this Baby Pokémon is your Active Pokémon and your opponent tries to attack, your opponent flips a coin (before doing anything required in order to use that attack). If tails, your opponent's turn ends without an attack.</em>"
87042,Magmar,Magmar,https://tcgplayer-cdn.tcgplayer.com/product/87042_200w.jpg,3,1396,https://cpt.tcgcsv.com/SQJ,2025-02-05T21:05:29.413,1,040/111,Uncommon,Fire,70,Basic,[2] Tail Slap (20),[1RR] Magma Punch (40),W,,1.3,2.17,4.5,2.06,,1st Edition,2,
87042,Magmar,Magmar,https://tcgplayer-cdn.tcgplayer.com/product/87042_200w.jpg,3,1396,https://cpt.tcgcsv.com/SQJ,2025-02-05T21:05:29.413,1,040/111,Uncommon,Fire,70,Basic,[2] Tail Slap (20),[1RR] Magma Punch (40),W,,0.34,0.59,2.6,0.64,0.56,Unlimited,2,
87179,Mantine,Mantine,https://tcgplayer-cdn.tcgplayer.com/product/87179_200w.jpg,3,1396,https://cpt.tcgcsv.com/CTJ,2025-02-05T21:05:29.46,1,064/111,Common,Water,60,Basic,"[WW] Undulate (20)
<br>Flip a coin. If heads, during your opponent's next turn, prevent all effects of attacks, including damage, done to Mantine.",,L,F-30,0.69,1.25,4.99,1.32,,1st Edition,1,
87179,Mantine,Mantine,https://tcgplayer-cdn.tcgplayer.com/product/87179_200w.jpg,3,1396,https://cpt.tcgcsv.com/CTJ,2025-02-05T21:05:29.46,1,064/111,Common,Water,60,Basic,"[WW] Undulate (20)
<br>Flip a coin. If heads, during your opponent's next turn, prevent all effects of attacks, including damage, done to Mantine.",,L,F-30,0.14,0.39,1.49,0.39,,Unlimited,1,
87193,Mareep,Mareep,https://tcgplayer-cdn.tcgplayer.com/product/87193_200w.jpg,3,1396,https://cpt.tcgcsv.com/TTJ,2022-11-22T15:48:47.207,1,065/111,Common,Lightning,40,Basic,"[L] Static Electricity
<br>For each Mareep in play, you may search your deck for a Lightning Energy card and attach it to Mareep. Shuffle your deck afterward.","[LL] Thundershock (20)
<br>Flip a coin. If heads, the Defending Pokémon is now Paralyzed.",F,,0.98,1.49,3.99,1.51,2.49,1st Edition,1,
87193,Mareep,Mareep,https://tcgplayer-cdn.tcgplayer.com/product/87193_200w.jpg,3,1396,https://cpt.tcgcsv.com/TTJ,2022-11-22T15:48:47.207,1,065/111,Common,Lightning,40,Basic,"[L] Static Electricity
<br>For each Mareep in play, you may search your deck for a Lightning Energy card and attach it to Mareep. Shuffle your deck afterward.","[LL] Thundershock (20)
<br>Flip a coin. If heads, the Defending Pokémon is now Paralyzed.",F,,0.23,0.59,2.0,0.59,,Unlimited,1,
87213,Marill,Marill,https://tcgplayer-cdn.tcgplayer.com/product/87213_200w.jpg,3,1396,https://cpt.tcgcsv.com/hVJ,2023-12-19T09:36:22.813,1,066/111,Common,Water,40,Basic,"[1] Defense Curl
<br>Flip a coin. If heads, prevent all damage done to Marill during your opponent's next turn. <em>(Any other effects of attacks still happen.)</em>","[WW] Bubble Bomb (30)
<br>Flip a coin. If heads, the Defending Pokémon is now Paralyzed. If tails, Marill does 10 damage to itself.",L,,0.7,1.33,4.25,1.55,,1st Edition,1,
87213,Marill,Marill,https://tcgplayer-cdn.tcgplayer.com/product/87213_200w.jpg,3,1396,https://cpt.tcgcsv.com/hVJ,2023-12-19T09:36:22.813,1,066/111,Common,Water,40,Basic,"[1] Defense Curl
<br>Flip a coin. If heads, prevent all damage done to Marill during your opponent's next turn. <em>(Any other effects of attacks still happen.)</em>","[WW] Bubble Bomb (30)
<br>Flip a coin. If heads, the Defending Pokémon is now Paralyzed. If tails, Marill does 10 damage to itself.",L,,0.18,0.6,4.96,0.64,0.53,Unlimited,1,
87241,Mary,Mary,https://tcgplayer-cdn.tcgplayer.com/product/87241_200w.jpg,3,1396,https://cpt.tcgcsv.com/RVJ,2022-11-22T15:50:52.727,1,087/111,Rare,Trainer,,,,,,,2.28,4.02,11.5,4.02,9.58,1st Edition,,"Draw 2 cards. Then, shuffle 2 cards from your hand into your deck."
87241,Mary,Mary,https://tcgplayer-cdn.tcgplayer.com/product/87241_200w.jpg,3,1396,https://cpt.tcgcsv.com/RVJ,2022-11-22T15:50:52.727,1,087/111,Rare,Trainer,,,,,,,1.38,2.5,9.79,2.46,,Unlimited,,"Draw 2 cards. Then, shuffle 2 cards from your hand into your deck."
87286,Meganium (10),Meganium 10,https://tcgplayer-cdn.tcgplayer.com/product/87286_200w.jpg,3,1396,https://cpt.tcgcsv.com/LWJ,2022-11-22T15:52:07.987,1,010/111,Holo Rare,Grass,100,Stage 2,"[2GG] Body Slam (40)
<br>Flip a coin. If heads, the Defending Pokémon is now Paralyzed.",,R,,56.1,111.02,135.99,129.85,,1st Edition Holofoil,3,"<strong>Pokémon Power: Herbal Scent</strong> When you play Meganium from your hand, you may flip a coin. If heads, remove all damage counters from all Grass Pokémon in play."
87286,Meganium (10),Meganium 10,https://tcgplayer-cdn.tcgplayer.com/product/87286_200w.jpg,3,1396,https://cpt.tcgcsv.com/LWJ,2022-11-22T15:52:07.987,1,010/111,Holo Rare,Grass,100,Stage 2,"[2GG] Body Slam (40)
<br>Flip a coin. If heads, the Defending Pokémon is now Paralyzed.",,R,,35.0,38.22,75.0,43.69,,Unlimited Holofoil,3,"<strong>Pokémon Power: Herbal Scent</strong> When you play Meganium from your hand, you may flip a coin. If heads, remove all damage counters from all Grass Pokémon in play."
87287,Meganium (11),Meganium 11,https://tcgplayer-cdn.tcgplayer.com/product/87287_200w.jpg,3,1396,https://cpt.tcgcsv.com/MWJ,2024-09-22T08:09:02.16,1,011/111,Holo Rare,Grass,100,Stage 2,"[GGGG] Soothing Scent (40)
<br>The Defending Pokémon is now Asleep.",,R,,86.69,145.0,151.0,142.5,,1st Edition Holofoil,3,"<strong>Pokémon Power: Wild Growth</strong> As long as Meganium is in play, each Grass Energy card attached to your Grass Pokémon instead provides 2 Grass. This power stops working while Meganium is Asleep, Confused, or Paralyzed."
87287,Meganium (11),Meganium 11,https://tcgplayer-cdn.tcgplayer.com/product/87287_200w.jpg,3,1396,https://cpt.tcgcsv.com/MWJ,2024-09-22T08:09:02.16,1,011/111,Holo Rare,Grass,100,Stage 2,"[GGGG] Soothing Scent (40)
<br>The Defending Pokémon is now Asleep.",,R,,41.91,46.99,125.24,58.4,,Unlimited Holofoil,3,"<strong>Pokémon Power: Wild Growth</strong> As long as Meganium is in play, each Grass Energy card attached to your Grass Pokémon instead provides 2 Grass. This power stops working while Meganium is Asleep, Confused, or Paralyzed."
87368,Metal Energy,Metal Energy,https://tcgplayer-cdn.tcgplayer.com/product/87368_200w.jpg,3,1396,https://cpt.tcgcsv.com/nZJ,2022-11-22T15:55:48.02,1,019/111,Holo Rare,Special Energy,,,,,,,17.49,24.0,50.27,25.33,18.85,1st Edition Holofoil,,"Damage done to the Pokémon Metal Energy is attached to is reduced by 10 <em>(after applying Weakness and Resistance)</em>. If the Pokémon Metal Energy is attached to isn't Metal, whenever it damages a Pokémon, reduce that damage by 10 <em>(before applying Weakness and Resistance)</em>. Metal Energy provides Metal Energy. <em>(Doesn't count as a basic Energy card.)</em>"
87368,Metal Energy,Metal Energy,https://tcgplayer-cdn.tcgplayer.com/product/87368_200w.jpg,3,1396,https://cpt.tcgcsv.com/nZJ,2022-11-22T15:55:48.02,1,019/111,Holo Rare,Special Energy,,,,,,,9.37,11.92,19.99,13.28,,Unlimited Holofoil,,"Damage done to the Pokémon Metal Energy is attached to is reduced by 10 <em>(after applying Weakness and Resistance)</em>. If the Pokémon Metal Energy is attached to isn't Metal, whenever it damages a Pokémon, reduce that damage by 10 <em>(before applying Weakness and Resistance)</em>. Metal Energy provides Metal Energy. <em>(Doesn't count as a basic Energy card.)</em>"
87461,Miltank,Miltank,https://tcgplayer-cdn.tcgplayer.com/product/87461_200w.jpg,3,1396,https://cpt.tcgcsv.com/f_J,2022-11-22T15:57:23.123,1,041/111,Uncommon,Colorless,70,Basic,"[1] Milk Drink
<br>Flip 2 coins. Remove 2 damage counters times the number of heads from Miltank. If it has fewer damage counters than that, remove all of them.","[3] Body Slam (20)
<br>Flip a coin. If heads, the Defending Pokémon is now Paralyzed.",F,P-30,2.06,4.14,6.29,4.74,,1st Edition,2,
87461,Miltank,Miltank,https://tcgplayer-cdn.tcgplayer.com/product/87461_200w.jpg,3,1396,https://cpt.tcgcsv.com/f_J,2022-11-22T15:57:23.123,1,041/111,Uncommon,Colorless,70,Basic,"[1] Milk Drink
<br>Flip 2 coins. Remove 2 damage counters times the number of heads from Miltank. If it has fewer damage counters than that, remove all of them.","[3] Body Slam (20)
<br>Flip a coin. If heads, the Defending Pokémon is now Paralyzed.",F,P-30,1.43,2.27,4.0,2.53,,Unlimited,2,
87495,Miracle Berry,Miracle Berry,https://tcgplayer-cdn.tcgplayer.com/product/87495_200w.jpg,3,1396,https://cpt.tcgcsv.com/W_J,2025-02-05T21:05:29.507,1,094/111,Uncommon,Tool,,,,,,,0.3,0.79,4.99,0.75,,1st Edition,,"Attach Miracle Berry to 1 of your Pokémon that doesn't have a Pokémon Tool attached to it.
<br>
At any time between turns, if the Pokémon Miracle Berry is attached to is Asleep, Confused, Paralyzed, or Poisoned, you may remove all of those effects from that Pokémon and discard Miracle Berry. At the start of each turn, if the Pokémon Miracle Berry is attached to is Asleep, Confused, Paralyzed, or Poisoned, remove all of those effects from that Pokémon and discard Miracle Berry."
87495,Miracle Berry,Miracle Berry,https://tcgplayer-cdn.tcgplayer.com/product/87495_200w.jpg,3,1396,https://cpt.tcgcsv.com/W_J,2025-02-05T21:05:29.507,1,094/111,Uncommon,Tool,,,,,,,0.24,0.56,2.01,0.6,,Unlimited,,"Attach Miracle Berry to 1 of your Pokémon that doesn't have a Pokémon Tool attached to it.
<br>
At any time between turns, if the Pokémon Miracle Berry is attached to is Asleep, Confused, Paralyzed, or Poisoned, you may remove all of those effects from that Pokémon and discard Miracle Berry. At the start of each turn, if the Pokémon Miracle Berry is attached to is Asleep, Confused, Paralyzed, or Poisoned, remove all of those effects from that Pokémon and discard Miracle Berry."
87574,Moo-Moo Milk,Moo Moo Milk,https://tcgplayer-cdn.tcgplayer.com/product/87574_200w.jpg,3,1396,https://cpt.tcgcsv.com/v2K,2025-02-05T21:05:29.57,1,101/111,Common,Trainer,,,,,,,0.02,0.89,3.0,1.35,,1st Edition,,"Choose 1 of your Pokémon. Flip 2 coins. Remove 2 damage counters times the number of heads from that Pokémon. If the Pokémon has fewer damage counters than that, remove all of them."
87574,Moo-Moo Milk,Moo Moo Milk,https://tcgplayer-cdn.tcgplayer.com/product/87574_200w.jpg,3,1396,https://cpt.tcgcsv.com/v2K,2025-02-05T21:05:29.57,1,101/111,Common,Trainer,,,,,,,0.12,0.38,501.5,0.37,,Unlimited,,"Choose 1 of your Pokémon. Flip 2 coins. Remove 2 damage counters times the number of heads from that Pokémon. If the Pokémon has fewer damage counters than that, remove all of them."
87646,Murkrow,Murkrow,https://tcgplayer-cdn.tcgplayer.com/product/87646_200w.jpg,3,1396,https://cpt.tcgcsv.com/X3K,2022-11-22T16:00:16.637,1,024/111,Rare,Darkness,50,Basic,"[D] Mean Look
<br>The Defending Pokémon can't retreat as long as Murkrow remains your Active Pokémon. <em>(Benching or evolving either Pokémon ends this effect.)</em>","[1D] Feint Attack
<br>Choose 1 of your opponent's Pokémon. This attack does 20 damage to that Pokémon. This attack's damage isn't affected by Weakness, Resistance, Pokémon Powers, or any other effects on the Defending Pokémon.",,P-30,4.6,7.38,15.99,6.17,,1st Edition,,
87646,Murkrow,Murkrow,https://tcgplayer-cdn.tcgplayer.com/product/87646_200w.jpg,3,1396,https://cpt.tcgcsv.com/X3K,2022-11-22T16:00:16.637,1,024/111,Rare,Darkness,50,Basic,"[D] Mean Look
<br>The Defending Pokémon can't retreat as long as Murkrow remains your Active Pokémon. <em>(Benching or evolving either Pokémon ends this effect.)</em>","[1D] Feint Attack
<br>Choose 1 of your opponent's Pokémon. This attack does 20 damage to that Pokémon. This attack's damage isn't affected by Weakness, Resistance, Pokémon Powers, or any other effects on the Defending Pokémon.",,P-30,1.85,3.94,6.0,4.13,,Unlimited,,
87681,Natu,Natu,https://tcgplayer-cdn.tcgplayer.com/product/87681_200w.jpg,3,1396,https://cpt.tcgcsv.com/F5K,2025-02-05T21:05:29.617,1,067/111,Common,Psychic,30,Basic,[1] Peck (10),"[PP] Telekinesis
<br>Choose 1 of your opponent's Pokémon. This attack does 20 damage to that Pokémon. Don't apply Weakness and Resistance for this attack. <em>(Any other effects that would happen after applying Weakness and Resistance still happen.)</em>",P,F-30,0.44,1.0,4.99,0.98,,1st Edition,,
87681,Natu,Natu,https://tcgplayer-cdn.tcgplayer.com/product/87681_200w.jpg,3,1396,https://cpt.tcgcsv.com/F5K,2025-02-05T21:05:29.617,1,067/111,Common,Psychic,30,Basic,[1] Peck (10),"[PP] Telekinesis
<br>Choose 1 of your opponent's Pokémon. This attack does 20 damage to that Pokémon. Don't apply Weakness and Resistance for this attack. <em>(Any other effects that would happen after applying Weakness and Resistance still happen.)</em>",P,F-30,0.19,0.55,2.0,0.61,,Unlimited,,
87690,New Pokedex,New Pokedex,https://tcgplayer-cdn.tcgplayer.com/product/87690_200w.jpg,3,1396,https://cpt.tcgcsv.com/Q5K,2022-11-23T15:02:09.807,1,095/111,Uncommon,Trainer,,,,,,,0.5,0.91,4.99,0.82,1.99,1st Edition,,"Shuffle your deck. Then, look at up to 5 cards from the top of your deck and rearrange them as you like."
87690,New Pokedex,New Pokedex,https://tcgplayer-cdn.tcgplayer.com/product/87690_200w.jpg,3,1396,https://cpt.tcgcsv.com/Q5K,2022-11-23T15:02:09.807,1,095/111,Uncommon,Trainer,,,,,,,0.2,0.5,2.0,0.61,,Unlimited,,"Shuffle your deck. Then, look at up to 5 cards from the top of your deck and rearrange them as you like."
87791,Noctowl,Noctowl,https://tcgplayer-cdn.tcgplayer.com/product/87791_200w.jpg,3,1396,https://cpt.tcgcsv.com/R7K,2023-07-17T16:14:27.74,1,042/111,Uncommon,Colorless,60,Stage 1,[3] Wing Attack (30),,L,F-30,3.8,5.01,6.79,5.02,,1st Edition,,"<strong>Pokémon Power: Glaring Gaze</strong> Once during your turn <em>(before your attack)</em>, you may flip a coin. If heads, look at your opponent's hand. If your opponent has any Trainer cards there, choose 1 of them. Your opponent shuffles that card into his or her deck. This power can't be used if Noctowl is Asleep, Confused, or Paralyzed."
87791,Noctowl,Noctowl,https://tcgplayer-cdn.tcgplayer.com/product/87791_200w.jpg,3,1396,https://cpt.tcgcsv.com/R7K,2023-07-17T16:14:27.74,1,042/111,Uncommon,Colorless,60,Stage 1,[3] Wing Attack (30),,L,F-30,1.98,2.5,9.99,3.2,,Unlimited,,"<strong>Pokémon Power: Glaring Gaze</strong> Once during your turn <em>(before your attack)</em>, you may flip a coin. If heads, look at your opponent's hand. If your opponent has any Trainer cards there, choose 1 of them. Your opponent shuffles that card into his or her deck. This power can't be used if Noctowl is Asleep, Confused, or Paralyzed."
87838,Oddish,Oddish,https://tcgplayer-cdn.tcgplayer.com/product/87838_200w.jpg,3,1396,https://cpt.tcgcsv.com/N8K,2025-02-05T21:05:29.757,1,068/111,Common,Grass,40,Basic,"[1] Hide
<br>Flip a coin. If heads, during your opponent's next turn, prevent all effects of attacks, including damage, done to Oddish.","[GG] Absorb (20)
<br>Remove a number of damage counters from Oddish equal to half the damage done to the Defending Pokémon <em>(after applying Weakness and Resistance)</em> (rounded up to the nearest 10). If Oddish has fewer damage counters than that, remove all of them.",R,,0.53,1.13,2.99,1.07,,1st Edition,1,
87838,Oddish,Oddish,https://tcgplayer-cdn.tcgplayer.com/product/87838_200w.jpg,3,1396,https://cpt.tcgcsv.com/N8K,2025-02-05T21:05:29.757,1,068/111,Common,Grass,40,Basic,"[1] Hide
<br>Flip a coin. If heads, during your opponent's next turn, prevent all effects of attacks, including damage, done to Oddish.","[GG] Absorb (20)
<br>Remove a number of damage counters from Oddish equal to half the damage done to the Defending Pokémon <em>(after applying Weakness and Resistance)</em> (rounded up to the nearest 10). If Oddish has fewer damage counters than that, remove all of them.",R,,0.18,0.47,1.98,0.47,,Unlimited,1,
87875,Onix,Onix,https://tcgplayer-cdn.tcgplayer.com/product/87875_200w.jpg,3,1396,https://cpt.tcgcsv.com/w9K,2025-07-24T20:16:58.62,1,069/111,Common,Fighting,60,Basic,"[1] Screech
<br>Until the end of your next turn, if an attack damages the Defending Pokémon <em>(after applying Weakness and Resistance)</em>, that attack does 20 more damage to the Defending Pokémon.","[FF] Rage (10+)
<br>Does 10 damage plus 10 more damage for each damage counter on Onix.",G,,0.75,1.94,4.99,1.57,,1st Edition,2,
87875,Onix,Onix,https://tcgplayer-cdn.tcgplayer.com/product/87875_200w.jpg,3,1396,https://cpt.tcgcsv.com/w9K,2025-07-24T20:16:58.62,1,069/111,Common,Fighting,60,Basic,"[1] Screech
<br>Until the end of your next turn, if an attack damages the Defending Pokémon <em>(after applying Weakness and Resistance)</em>, that attack does 20 more damage to the Defending Pokémon.","[FF] Rage (10+)
<br>Does 10 damage plus 10 more damage for each damage counter on Onix.",G,,0.25,0.76,2.1,0.84,,Unlimited,2,
87995,Phanpy,Phanpy,https://tcgplayer-cdn.tcgplayer.com/product/87995_200w.jpg,3,1396,https://cpt.tcgcsv.com/WcK,2022-11-23T15:08:22.783,1,043/111,Uncommon,Fighting,40,Basic,[1] Tackle (10),"[F] Endure
<br>Flip a coin. If heads, then if, during your opponent's next turn, Phanpy would be Knocked Out by an attack, Phanpy isn't Knocked Out and its remaining HP become 10 instead.",G,L-30,0.94,2.09,5.99,2.24,,1st Edition,1,
87995,Phanpy,Phanpy,https://tcgplayer-cdn.tcgplayer.com/product/87995_200w.jpg,3,1396,https://cpt.tcgcsv.com/WcK,2022-11-23T15:08:22.783,1,043/111,Uncommon,Fighting,40,Basic,[1] Tackle (10),"[F] Endure
<br>Flip a coin. If heads, then if, during your opponent's next turn, Phanpy would be Knocked Out by an attack, Phanpy isn't Knocked Out and its remaining HP become 10 instead.",G,L-30,0.5,1.02,187989.76,1.04,0.99,Unlimited,1,
88011,Pichu,Pichu,https://tcgplayer-cdn.tcgplayer.com/product/88011_200w.jpg,3,1396,https://cpt.tcgcsv.com/fdK,2022-11-23T15:10:16.993,1,012/111,Holo Rare,Lightning,30,Basic,"[1] Zzzap
<br>Does 20 damage to each Pokémon in play that has a Pokémon Power. Don't apply Weakness and Resistance.",,,,80.0,119.99,156.06,152.0,,1st Edition Holofoil,,
88011,Pichu,Pichu,https://tcgplayer-cdn.tcgplayer.com/product/88011_200w.jpg,3,1396,https://cpt.tcgcsv.com/fdK,2022-11-23T15:10:16.993,1,012/111,Holo Rare,Lightning,30,Basic,"[1] Zzzap
<br>Does 20 damage to each Pokémon in play that has a Pokémon Power. Don't apply Weakness and Resistance.",,,,54.0,72.48,85.04,75.72,,Unlimited Holofoil,,
88072,Pikachu,Pikachu,https://tcgplayer-cdn.tcgplayer.com/product/88072_200w.jpg,3,1396,https://cpt.tcgcsv.com/sfK,2025-02-05T21:05:29.877,1,070/111,Common,Lightning,50,Basic,"[1] Quick Attack (10+)
<br>Flip a coin. If heads, this attack does 10 damage plus 20 more damage; if tails, this attack does 10 damage.","[1LL] Agility (20)
<br>Flip a coin. If heads, during your opponent's next turn, prevent all effects of attacks, including damage, done to Pikachu.",F,,5.77,10.16,13.22,11.16,,1st Edition,1,
88072,Pikachu,Pikachu,https://tcgplayer-cdn.tcgplayer.com/product/88072_200w.jpg,3,1396,https://cpt.tcgcsv.com/sfK,2025-02-05T21:05:29.877,1,070/111,Common,Lightning,50,Basic,"[1] Quick Attack (10+)
<br>Flip a coin. If heads, this attack does 10 damage plus 20 more damage; if tails, this attack does 10 damage.","[1LL] Agility (20)
<br>Flip a coin. If heads, during your opponent's next turn, prevent all effects of attacks, including damage, done to Pikachu.",F,,0.96,3.0,17598.05,3.76,,Unlimited,1,
88116,Piloswine,Piloswine,https://tcgplayer-cdn.tcgplayer.com/product/88116_200w.jpg,3,1396,https://cpt.tcgcsv.com/lgK,2022-11-23T15:15:21.91,1,044/111,Uncommon,Water,80,Stage 1,"[WW] Freeze (10)
<br>Flip a coin. If heads, the Defending Pokémon can't attack. <em>(Benching or evolving the Defending Pokémon ends this effect.)</em>","[WWW] Blizzard (30)
<br>Flip a coin. If heads, this attack does 10 damage to each of your opponent's Benched Pokémon. If tails, this attack does 10 damage to each of your own Benched Pokémon. <em>(Don't apply Weakness and Resistance for Benched Pokémon.)</em>",G,L-30,1.08,2.15,4.99,1.88,,1st Edition,3,
88116,Piloswine,Piloswine,https://tcgplayer-cdn.tcgplayer.com/product/88116_200w.jpg,3,1396,https://cpt.tcgcsv.com/lgK,2022-11-23T15:15:21.91,1,044/111,Uncommon,Water,80,Stage 1,"[WW] Freeze (10)
<br>Flip a coin. If heads, the Defending Pokémon can't attack. <em>(Benching or evolving the Defending Pokémon ends this effect.)</em>","[WWW] Blizzard (30)
<br>Flip a coin. If heads, this attack does 10 damage to each of your opponent's Benched Pokémon. If tails, this attack does 10 damage to each of your own Benched Pokémon. <em>(Don't apply Weakness and Resistance for Benched Pokémon.)</em>",G,L-30,0.7,1.39,2.77,1.55,1.19,Unlimited,3,
88204,PokeGear,PokeGear,https://tcgplayer-cdn.tcgplayer.com/product/88204_200w.jpg,3,1396,https://cpt.tcgcsv.com/6jK,2022-12-20T20:15:11.997,1,088/111,Rare,Trainer,,,,,,,0.99,2.22,6.97,2.38,,1st Edition,,"Look at the top 7 cards of your deck. If any of them are Trainer cards, you may show 1 of them to your opponent and put it into your hand. Shuffle your deck afterward. You can't play any more Trainer cards this turn."
88204,PokeGear,PokeGear,https://tcgplayer-cdn.tcgplayer.com/product/88204_200w.jpg,3,1396,https://cpt.tcgcsv.com/6jK,2022-12-20T20:15:11.997,1,088/111,Rare,Trainer,,,,,,,0.96,1.3,5.0,1.46,1.07,Unlimited,,"Look at the top 7 cards of your deck. If any of them are Trainer cards, you may show 1 of them to your opponent and put it into your hand. Shuffle your deck afterward. You can't play any more Trainer cards this turn."
88228,Pokemon March,Pokemon March,https://tcgplayer-cdn.tcgplayer.com/product/88228_200w.jpg,3,1396,https://cpt.tcgcsv.com/BjK,2025-02-05T21:05:29.923,1,102/111,Common,Trainer,,,,,,,0.5,1.04,2.26,1.26,,1st Edition,,"Your opponent may search his or her deck for 1 Basic Pokémon card and put it onto his or her Bench. Then, you may search your deck for 1 Basic Pokémon card and put it onto your Bench. Then, each player shuffles his or her deck. <em>(A player can't do any of this if his or her Bench is full.)</em>"
88228,Pokemon March,Pokemon March,https://tcgplayer-cdn.tcgplayer.com/product/88228_200w.jpg,3,1396,https://cpt.tcgcsv.com/BjK,2025-02-05T21:05:29.923,1,102/111,Common,Trainer,,,,,,,0.22,0.49,3.0,0.44,,Unlimited,,"Your opponent may search his or her deck for 1 Basic Pokémon card and put it onto his or her Bench. Then, you may search your deck for 1 Basic Pokémon card and put it onto your Bench. Then, each player shuffles his or her deck. <em>(A player can't do any of this if his or her Bench is full.)</em>"
88388,Professor Elm,Professor Elm,https://tcgplayer-cdn.tcgplayer.com/product/88388_200w.jpg,3,1396,https://cpt.tcgcsv.com/NmK,2023-06-28T10:31:26.667,1,096/111,Uncommon,Trainer,,,,,,,0.98,2.5,5.99,2.33,4.04,1st Edition,,"Shuffle your hand into your deck. Then, draw 7 cards. You can't play any more Trainer cards this turn."
88388,Professor Elm,Professor Elm,https://tcgplayer-cdn.tcgplayer.com/product/88388_200w.jpg,3,1396,https://cpt.tcgcsv.com/NmK,2023-06-28T10:31:26.667,1,096/111,Uncommon,Trainer,,,,,,,0.4,1.53,10558.78,1.73,0.97,Unlimited,,"Shuffle your hand into your deck. Then, draw 7 cards. You can't play any more Trainer cards this turn."
88414,Psychic Energy,Psychic Energy,https://tcgplayer-cdn.tcgplayer.com/product/88414_200w.jpg,3,1396,https://cpt.tcgcsv.com/jnK,2025-02-05T21:05:29.97,1,110/111,Common,Basic Energy,,,,,,,0.62,0.99,2.99,1.09,,1st Edition,,
88414,Psychic Energy,Psychic Energy,https://tcgplayer-cdn.tcgplayer.com/product/88414_200w.jpg,3,1396,https://cpt.tcgcsv.com/jnK,2025-02-05T21:05:29.97,1,110/111,Common,Basic Energy,,,,,,,0.13,0.35,1.61,0.51,,Unlimited,,
88468,Quagsire,Quagsire,https://tcgplayer-cdn.tcgplayer.com/product/88468_200w.jpg,3,1396,https://cpt.tcgcsv.com/npK,2023-08-22T13:43:57.92,1,045/111,Uncommon,Water,70,Stage 1,[WW] Surf (30),"[2FF] Earthquake (60)
<br>Does 10 damage to each of your own Benched Pokémon. <em>(Don't apply Weakness and Resistance for Benched Pokémon.)</em>",G,L-30,2.75,3.09,5.03,3.7,,1st Edition,2,
88468,Quagsire,Quagsire,https://tcgplayer-cdn.tcgplayer.com/product/88468_200w.jpg,3,1396,https://cpt.tcgcsv.com/npK,2023-08-22T13:43:57.92,1,045/111,Uncommon,Water,70,Stage 1,[WW] Surf (30),"[2FF] Earthquake (60)
<br>Does 10 damage to each of your own Benched Pokémon. <em>(Don't apply Weakness and Resistance for Benched Pokémon.)</em>",G,L-30,1.34,1.87,6.99,2.89,,Unlimited,2,
88480,Quilava (46),Quilava 46,https://tcgplayer-cdn.tcgplayer.com/product/88480_200w.jpg,3,1396,https://cpt.tcgcsv.com/DpK,2024-10-03T19:25:47.61,1,046/111,Uncommon,Fire,60,Stage 1,"[1R] Ember (30)
<br>Discard 1 Fire Energy card attached to Quilava in order to use this attack.","[RR] Fire Wind (20)
<br>If your opponent has any Benched Pokémon, choose 1 of them. Flip 2 coins. For each heads, this attack does 10 damage to that Pokémon. <em>(Don't apply Weakness and Resistance.)</em>",W,,3.18,4.5,12.87,4.42,,1st Edition,1,
88480,Quilava (46),Quilava 46,https://tcgplayer-cdn.tcgplayer.com/product/88480_200w.jpg,3,1396,https://cpt.tcgcsv.com/DpK,2024-10-03T19:25:47.61,1,046/111,Uncommon,Fire,60,Stage 1,"[1R] Ember (30)
<br>Discard 1 Fire Energy card attached to Quilava in order to use this attack.","[RR] Fire Wind (20)
<br>If your opponent has any Benched Pokémon, choose 1 of them. Flip 2 coins. For each heads, this attack does 10 damage to that Pokémon. <em>(Don't apply Weakness and Resistance.)</em>",W,,1.15,2.52,4.87,2.68,,Unlimited,1,
88481,Quilava (47),Quilava 47,https://tcgplayer-cdn.tcgplayer.com/product/88481_200w.jpg,3,1396,https://cpt.tcgcsv.com/FpK,2024-01-31T19:26:23.793,1,047/111,Uncommon,Fire,70,Stage 1,"[RR] Smokescreen (20)
<br>If the Defending Pokémon tries to attack during your opponent's next turn, your opponent flips a coin. If tails, that attack does nothing.","[RRR] Char (30)
<br>If the Defending Pokémon doesn't have a Char counter on it, flip a coin. If heads, put a Char counter on it. A Char counter requires your opponent to flip a coin after every turn. If tails, put 2 damage counters on the Pokémon with that Char counter. <em>(Char counters stay on the Pokemon as long as it's in play.)</em>",W,,4.49,7.32,12.0,7.33,5.23,1st Edition,1,
88481,Quilava (47),Quilava 47,https://tcgplayer-cdn.tcgplayer.com/product/88481_200w.jpg,3,1396,https://cpt.tcgcsv.com/FpK,2024-01-31T19:26:23.793,1,047/111,Uncommon,Fire,70,Stage 1,"[RR] Smokescreen (20)
<br>If the Defending Pokémon tries to attack during your opponent's next turn, your opponent flips a coin. If tails, that attack does nothing.","[RRR] Char (30)
<br>If the Defending Pokémon doesn't have a Char counter on it, flip a coin. If heads, put a Char counter on it. A Char counter requires your opponent to flip a coin after every turn. If tails, put 2 damage counters on the Pokémon with that Char counter. <em>(Char counters stay on the Pokemon as long as it's in play.)</em>",W,,0.9,1.81,4.38,2.42,1.63,Unlimited,1,
88654,Recycle Energy,Recycle Energy,https://tcgplayer-cdn.tcgplayer.com/product/88654_200w.jpg,3,1396,https://cpt.tcgcsv.com/6tK,2022-12-24T06:34:05.67,1,105/111,Rare,Special Energy,,,,,,,4.0,5.99,13.99,4.8,5.97,1st Edition,,"Recycle Energy provides 1 Colorless Energy. <em>(Doesn't count as a basic Energy card.)</em>
<br>
If this card is put into your discard pile from play, return it to your hand."
88654,Recycle Energy,Recycle Energy,https://tcgplayer-cdn.tcgplayer.com/product/88654_200w.jpg,3,1396,https://cpt.tcgcsv.com/6tK,2022-12-24T06:34:05.67,1,105/111,Rare,Special Energy,,,,,,,3.0,4.08,7.05,4.47,,Unlimited,,"Recycle Energy provides 1 Colorless Energy. <em>(Doesn't count as a basic Energy card.)</em>
<br>
If this card is put into your discard pile from play, return it to your hand."
89009,Seadra,Seadra,https://tcgplayer-cdn.tcgplayer.com/product/89009_200w.jpg,3,1396,https://cpt.tcgcsv.com/cDK,2024-04-16T10:17:44.92,1,048/111,Uncommon,Water,70,Stage 1,"[W] Bubble (10)
<br>Flip a coin. If heads, the Defending Pokémon is now Paralyzed.","[WW] Mud Splash (30)
<br>If your opponent has any Benched Pokémon, choose 1 of them and flip a coin. If heads, this attack does 10 damage to that Pokémon. <em>(Don't apply Weakness and Resistance for Benched Pokémon.)</em>",L,,1.52,2.26,42.99,2.26,,1st Edition,1,
89009,Seadra,Seadra,https://tcgplayer-cdn.tcgplayer.com/product/89009_200w.jpg,3,1396,https://cpt.tcgcsv.com/cDK,2024-04-16T10:17:44.92,1,048/111,Uncommon,Water,70,Stage 1,"[W] Bubble (10)
<br>Flip a coin. If heads, the Defending Pokémon is now Paralyzed.","[WW] Mud Splash (30)
<br>If your opponent has any Benched Pokémon, choose 1 of them and flip a coin. If heads, this attack does 10 damage to that Pokémon. <em>(Don't apply Weakness and Resistance for Benched Pokémon.)</em>",L,,0.37,1.0,6.0,1.04,0.75,Unlimited,1,
89062,Sentret,Sentret,https://tcgplayer-cdn.tcgplayer.com/product/89062_200w.jpg,3,1396,https://cpt.tcgcsv.com/gFK,2022-12-02T15:20:38.463,1,071/111,Common,Colorless,40,Basic,"[1] Fury Swipes (10x)
<br>Flip 3 coins. This attack does 10 damage times the number of heads.",,F,P-30,0.7,1.5,4.99,1.5,4.99,1st Edition,1,
89062,Sentret,Sentret,https://tcgplayer-cdn.tcgplayer.com/product/89062_200w.jpg,3,1396,https://cpt.tcgcsv.com/gFK,2022-12-02T15:20:38.463,1,071/111,Common,Colorless,40,Basic,"[1] Fury Swipes (10x)
<br>Flip 3 coins. This attack does 10 damage times the number of heads.",,F,P-30,0.25,0.64,5.0,0.64,1.0,Unlimited,1,
89188,Shuckle,Shuckle,https://tcgplayer-cdn.tcgplayer.com/product/89188_200w.jpg,3,1396,https://cpt.tcgcsv.com/NHK,2025-01-31T19:10:01.257,1,072/111,Common,Grass,50,Basic,"[G] Withdraw
<br>Flip a coin. If heads, prevent all damage done to Shuckle during your opponent's next turn. <em>(Any other effects of attacks still happen.)</em>","[GG] Wrap (20)
<br>Flip a coin. If heads, the Defending Pokémon is now Paralyzed.",R,,0.82,1.49,4.99,1.51,,1st Edition,1,
89188,Shuckle,Shuckle,https://tcgplayer-cdn.tcgplayer.com/product/89188_200w.jpg,3,1396,https://cpt.tcgcsv.com/NHK,2025-01-31T19:10:01.257,1,072/111,Common,Grass,50,Basic,"[G] Withdraw
<br>Flip a coin. If heads, prevent all damage done to Shuckle during your opponent's next turn. <em>(Any other effects of attacks still happen.)</em>","[GG] Wrap (20)
<br>Flip a coin. If heads, the Defending Pokémon is now Paralyzed.",R,,0.38,0.81,4.59,0.85,0.65,Unlimited,1,
89232,Skarmory,Skarmory,https://tcgplayer-cdn.tcgplayer.com/product/89232_200w.jpg,3,1396,https://cpt.tcgcsv.com/GJK,2022-11-23T15:47:42.533,1,013/111,Holo Rare,Metal,60,Basic,"[1] Claw (20)
<br>Flip a coin. If tails, this attack does nothing.","[2M] Steel Wing (30)
<br>Flip a coin. If heads, all damage done by attacks to Skarmory during your opponent's next turn is reduced by 20 <em>(after applying Weakness and Resistance)</em>.",R,G-30,50.65,50.93,78.9,44.72,50.93,1st Edition Holofoil,2,
89232,Skarmory,Skarmory,https://tcgplayer-cdn.tcgplayer.com/product/89232_200w.jpg,3,1396,https://cpt.tcgcsv.com/GJK,2022-11-23T15:47:42.533,1,013/111,Holo Rare,Metal,60,Basic,"[1] Claw (20)
<br>Flip a coin. If tails, this attack does nothing.","[2M] Steel Wing (30)
<br>Flip a coin. If heads, all damage done by attacks to Skarmory during your opponent's next turn is reduced by 20 <em>(after applying Weakness and Resistance)</em>.",R,G-30,15.02,19.99,29.98,21.13,,Unlimited Holofoil,2,
89252,Skiploom,Skiploom,https://tcgplayer-cdn.tcgplayer.com/product/89252_200w.jpg,3,1396,https://cpt.tcgcsv.com/3KK,2025-02-05T21:05:30.03,1,049/111,Uncommon,Grass,60,Stage 1,"[G] Poisonpowder (10)
<br>The Defending Pokémon is now Poisoned.","[G] Stun Spore (10)
<br>Flip a coin. If heads, the Defending Pokémon is now Paralyzed.",R,F-30,0.5,1.4,3.26,1.22,,1st Edition,,
89252,Skiploom,Skiploom,https://tcgplayer-cdn.tcgplayer.com/product/89252_200w.jpg,3,1396,https://cpt.tcgcsv.com/3KK,2025-02-05T21:05:30.03,1,049/111,Uncommon,Grass,60,Stage 1,"[G] Poisonpowder (10)
<br>The Defending Pokémon is now Poisoned.","[G] Stun Spore (10)
<br>Flip a coin. If heads, the Defending Pokémon is now Paralyzed.",R,F-30,0.24,0.62,18.99,0.63,,Unlimited,,
89311,Slowking,Slowking,https://tcgplayer-cdn.tcgplayer.com/product/89311_200w.jpg,3,1396,https://cpt.tcgcsv.com/fLK,2022-11-23T15:50:18.77,1,014/111,Holo Rare,Psychic,80,Stage 1,"[PPP] Mind Blast (20+)
<br>Flip a coin. If heads, this attack does 20 damage plus 10 more damage and the Defending Pokémon is now Confused. If tails, this attack does 20 damage.",,P,,101.28,142.5,185.0,166.5,,1st Edition Holofoil,3,"<strong>Pokémon Power: Mind Games</strong> Whenever your opponent plays a Trainer card, you may flip a coin. If heads, that card does nothing. Put it on top of your opponent's deck. This power can't be used if Slowking is Asleep, Confused, or Paralyzed."
89311,Slowking,Slowking,https://tcgplayer-cdn.tcgplayer.com/product/89311_200w.jpg,3,1396,https://cpt.tcgcsv.com/fLK,2022-11-23T15:50:18.77,1,014/111,Holo Rare,Psychic,80,Stage 1,"[PPP] Mind Blast (20+)
<br>Flip a coin. If heads, this attack does 20 damage plus 10 more damage and the Defending Pokémon is now Confused. If tails, this attack does 20 damage.",,P,,31.11,41.23,88.41,40.94,,Unlimited Holofoil,3,"<strong>Pokémon Power: Mind Games</strong> Whenever your opponent plays a Trainer card, you may flip a coin. If heads, that card does nothing. Put it on top of your opponent's deck. This power can't be used if Slowking is Asleep, Confused, or Paralyzed."
89323,Slowpoke,Slowpoke,https://tcgplayer-cdn.tcgplayer.com/product/89323_200w.jpg,3,1396,https://cpt.tcgcsv.com/tLK,2022-11-23T15:51:36.513,1,073/111,Common,Psychic,50,Basic,"[P] Psyshock (10)
<br>Flip a coin. If heads, the Defending Pokémon is now Paralyzed.","[W] Water Gun (10+)
<br>Does 10 damage plus 10 more damage for each Water Energy attached to Slowpoke but not used to pay for this attack's Energy cost. You can't add more than 20 damage in this way.",P,,1.22,3.9,29.99,3.81,,1st Edition,1,
89323,Slowpoke,Slowpoke,https://tcgplayer-cdn.tcgplayer.com/product/89323_200w.jpg,3,1396,https://cpt.tcgcsv.com/tLK,2022-11-23T15:51:36.513,1,073/111,Common,Psychic,50,Basic,"[P] Psyshock (10)
<br>Flip a coin. If heads, the Defending Pokémon is now Paralyzed.","[W] Water Gun (10+)
<br>Does 10 damage plus 10 more damage for each Water Energy attached to Slowpoke but not used to pay for this attack's Energy cost. You can't add more than 20 damage in this way.",P,,0.28,0.99,4.37,1.11,,Unlimited,1,
89367,Sneasel,Sneasel,https://tcgplayer-cdn.tcgplayer.com/product/89367_200w.jpg,3,1396,https://cpt.tcgcsv.com/mMK,2023-01-15T17:34:03.153,1,025/111,Rare,Darkness,60,Basic,"[1] Fury Swipes (10x)
<br>Flip 3 coins. This attack does 10 damage times the number of heads.","[DD] Beat Up (20x)
<br>Flip a coin for each of your Pokémon in play (including this one). This attack does 20 damage times the number of heads.",,P-30,5.09,7.49,13.46,8.02,7.3,1st Edition,,
89367,Sneasel,Sneasel,https://tcgplayer-cdn.tcgplayer.com/product/89367_200w.jpg,3,1396,https://cpt.tcgcsv.com/mMK,2023-01-15T17:34:03.153,1,025/111,Rare,Darkness,60,Basic,"[1] Fury Swipes (10x)
<br>Flip 3 coins. This attack does 10 damage times the number of heads.","[DD] Beat Up (20x)
<br>Flip a coin for each of your Pokémon in play (including this one). This attack does 20 damage times the number of heads.",,P-30,2.85,4.3,9.99,4.39,4.14,Unlimited,,
89412,Snubbull,Snubbull,https://tcgplayer-cdn.tcgplayer.com/product/89412_200w.jpg,3,1396,https://cpt.tcgcsv.com/gNK,2022-11-23T15:54:20.79,1,074/111,Common,Colorless,50,Basic,"[1] Roar
<br>Flip a coin. If heads and if your opponent has any Benched Pokémon, he or she chooses 1 of them and switches it with the Defending Pokémon. <em>(Do the damage before switching the Pokémon.)</em>","[2] Lick (10)
<br>Flip a coin. If heads, the Defending Pokémon is now Paralyzed.",F,P-30,0.69,1.16,3.99,1.18,0.97,1st Edition,1,
89412,Snubbull,Snubbull,https://tcgplayer-cdn.tcgplayer.com/product/89412_200w.jpg,3,1396,https://cpt.tcgcsv.com/gNK,2022-11-23T15:54:20.79,1,074/111,Common,Colorless,50,Basic,"[1] Roar
<br>Flip a coin. If heads and if your opponent has any Benched Pokémon, he or she chooses 1 of them and switches it with the Defending Pokémon. <em>(Do the damage before switching the Pokémon.)</em>","[2] Lick (10)
<br>Flip a coin. If heads, the Defending Pokémon is now Paralyzed.",F,P-30,0.21,0.44,2.5,0.42,0.36,Unlimited,1,
89453,Spinarak,Spinarak,https://tcgplayer-cdn.tcgplayer.com/product/89453_200w.jpg,3,1396,https://cpt.tcgcsv.com/5PK,2025-02-05T21:05:30.077,1,075/111,Common,Grass,40,Basic,"[1] Scary Face
<br>Flip a coin. If heads, until the end of your opponent's next turn the Defending Pokémon can't attack or retreat.","[G] String Shot (10)
<br>Flip a coin. If heads, the Defending Pokémon is now Paralyzed.",R,,0.45,1.0,4.99,1.15,,1st Edition,1,
89453,Spinarak,Spinarak,https://tcgplayer-cdn.tcgplayer.com/product/89453_200w.jpg,3,1396,https://cpt.tcgcsv.com/5PK,2025-02-05T21:05:30.077,1,075/111,Common,Grass,40,Basic,"[1] Scary Face
<br>Flip a coin. If heads, until the end of your opponent's next turn the Defending Pokémon can't attack or retreat.","[G] String Shot (10)
<br>Flip a coin. If heads, the Defending Pokémon is now Paralyzed.",R,,0.14,0.41,1.55,0.44,,Unlimited,1,
89482,Sprout Tower,Sprout Tower,https://tcgplayer-cdn.tcgplayer.com/product/89482_200w.jpg,3,1396,https://cpt.tcgcsv.com/GPK,2025-04-13T05:05:08.917,1,097/111,Uncommon,Stadium,,,,,,,0.75,1.57,4.99,1.36,1.09,1st Edition,,"This card stays in play when you play it. Discard this card if another Stadium card comes into play.
<br>
All damage done by Colorless Pokémon's attacks is reduced by 30 <em>(after applying Weakness and Resistance)</em>."
89482,Sprout Tower,Sprout Tower,https://tcgplayer-cdn.tcgplayer.com/product/89482_200w.jpg,3,1396,https://cpt.tcgcsv.com/GPK,2025-04-13T05:05:08.917,1,097/111,Uncommon,Stadium,,,,,,,0.48,0.81,3.99,0.81,0.62,Unlimited,,"This card stays in play when you play it. Discard this card if another Stadium card comes into play.
<br>
All damage done by Colorless Pokémon's attacks is reduced by 30 <em>(after applying Weakness and Resistance)</em>."
89501,Stantler,Stantler,https://tcgplayer-cdn.tcgplayer.com/product/89501_200w.jpg,3,1396,https://cpt.tcgcsv.com/2QK,2025-02-05T21:05:30.14,1,076/111,Common,Colorless,60,Basic,"[2] Stomp (20+)
<br>Flip a coin. If heads, this attack does 20 damage plus 10 more damage; if tails, this attack does 20 damage.","[3] Mystifying Horns (20)
<br>Flip a coin. If heads, the Defending Pokémon is now Confused.",F,P-30,0.43,1.65,4.99,1.68,,1st Edition,,
89501,Stantler,Stantler,https://tcgplayer-cdn.tcgplayer.com/product/89501_200w.jpg,3,1396,https://cpt.tcgcsv.com/2QK,2025-02-05T21:05:30.14,1,076/111,Common,Colorless,60,Basic,"[2] Stomp (20+)
<br>Flip a coin. If heads, this attack does 20 damage plus 10 more damage; if tails, this attack does 20 damage.","[3] Mystifying Horns (20)
<br>Flip a coin. If heads, the Defending Pokémon is now Confused.",F,P-30,0.18,0.5,1.62,0.53,,Unlimited,,
89555,Steelix,Steelix,https://tcgplayer-cdn.tcgplayer.com/product/89555_200w.jpg,3,1396,https://cpt.tcgcsv.com/7RK,2023-04-29T10:08:59.357,1,015/111,Holo Rare,Metal,110,Stage 1,[2] Tackle (20),"[2M] Tail Crush (30+)
<br>Flip a coin. If heads, this attack does 30 damage plus 20 more damage; if tails, this attack does 30 damage.",R,G-30,57.0,90.55,139.99,90.71,74.99,1st Edition Holofoil,4,
89555,Steelix,Steelix,https://tcgplayer-cdn.tcgplayer.com/product/89555_200w.jpg,3,1396,https://cpt.tcgcsv.com/7RK,2023-04-29T10:08:59.357,1,015/111,Holo Rare,Metal,110,Stage 1,[2] Tackle (20),"[2M] Tail Crush (30+)
<br>Flip a coin. If heads, this attack does 30 damage plus 20 more damage; if tails, this attack does 30 damage.",R,G-30,22.5,32.5,73.95,34.24,27.3,Unlimited Holofoil,4,
89592,Sudowoodo,Sudowoodo,https://tcgplayer-cdn.tcgplayer.com/product/89592_200w.jpg,3,1396,https://cpt.tcgcsv.com/SRK,2023-09-22T08:36:17.58,1,077/111,Common,Fighting,60,Basic,"[F] Flail (10x)
<br>Does 10 damage times the number of damage counters on Sudowoodo.",[1F] Rock Throw (30),G,,0.92,1.83,4.99,1.95,,1st Edition,3,
89592,Sudowoodo,Sudowoodo,https://tcgplayer-cdn.tcgplayer.com/product/89592_200w.jpg,3,1396,https://cpt.tcgcsv.com/SRK,2023-09-22T08:36:17.58,1,077/111,Common,Fighting,60,Basic,"[F] Flail (10x)
<br>Does 10 damage times the number of damage counters on Sudowoodo.",[1F] Rock Throw (30),G,,0.31,0.59,2.25,0.65,0.34,Unlimited,3,
89612,Sunflora,Sunflora,https://tcgplayer-cdn.tcgplayer.com/product/89612_200w.jpg,3,1396,https://cpt.tcgcsv.com/gSK,2022-11-23T16:02:52.93,1,050/111,Uncommon,Grass,70,Stage 1,"[GGG] Petal Dance (30x)
<br>Flip 3 coins.  This attack does 30 damage times the number of heads. Sunflora is now Confused <em>(after doing damage)</em>.",,R,,1.73,2.48,5.99,2.34,,1st Edition,1,
89612,Sunflora,Sunflora,https://tcgplayer-cdn.tcgplayer.com/product/89612_200w.jpg,3,1396,https://cpt.tcgcsv.com/gSK,2022-11-23T16:02:52.93,1,050/111,Uncommon,Grass,70,Stage 1,"[GGG] Petal Dance (30x)
<br>Flip 3 coins.  This attack does 30 damage times the number of heads. Sunflora is now Confused <em>(after doing damage)</em>.",,R,,1.0,1.64,2.99,1.68,2.99,Unlimited,1,
89617,Sunkern,Sunkern,https://tcgplayer-cdn.tcgplayer.com/product/89617_200w.jpg,3,1396,https://cpt.tcgcsv.com/mSK,2025-02-05T21:05:30.203,1,078/111,Common,Grass,40,Basic,"[G] Growth
<br>Flip a coin. If heads, you may attach up to 2 Grass Energy cards from your hand to Sunkern.","[GGG] Mega Drain (30)
<br>Remove a number of damage counters from Sunkern equal to half the damage done to the Defending Pokémon <em>(after applying Weakness and Resistance)</em> (rounded up to the nearest 10). If Sunkern has fewer damage counters than that, remove all of them.",R,,0.56,1.04,4.99,1.18,,1st Edition,2,
89617,Sunkern,Sunkern,https://tcgplayer-cdn.tcgplayer.com/product/89617_200w.jpg,3,1396,https://cpt.tcgcsv.com/mSK,2025-02-05T21:05:30.203,1,078/111,Common,Grass,40,Basic,"[G] Growth
<br>Flip a coin. If heads, you may attach up to 2 Grass Energy cards from your hand to Sunkern.","[GGG] Mega Drain (30)
<br>Remove a number of damage counters from Sunkern equal to half the damage done to the Defending Pokémon <em>(after applying Weakness and Resistance)</em> (rounded up to the nearest 10). If Sunkern has fewer damage counters than that, remove all of them.",R,,0.23,0.57,2.0,0.57,,Unlimited,2,
89628,Super Energy Retrieval,Super Energy Retrieval,https://tcgplayer-cdn.tcgplayer.com/product/89628_200w.jpg,3,1396,https://cpt.tcgcsv.com/BSK,2022-11-23T16:04:22.933,1,089/111,Rare,Trainer,,,,,,,1.68,2.78,4.99,2.54,,1st Edition,,"Trade 2 of the other cards in your hand for 4 basic Energy cards from your discard pile. If you have fewer than 4 basic Energy cards there, take all of them."
89628,Super Energy Retrieval,Super Energy Retrieval,https://tcgplayer-cdn.tcgplayer.com/product/89628_200w.jpg,3,1396,https://cpt.tcgcsv.com/BSK,2022-11-23T16:04:22.933,1,089/111,Rare,Trainer,,,,,,,0.95,1.48,3.0,1.42,,Unlimited,,"Trade 2 of the other cards in your hand for 4 basic Energy cards from your discard pile. If you have fewer than 4 basic Energy cards there, take all of them."
89633,Super Rod,Super Rod,https://tcgplayer-cdn.tcgplayer.com/product/89633_200w.jpg,3,1396,https://cpt.tcgcsv.com/HSK,2024-07-29T04:55:20.073,1,103/111,Common,Trainer,,,,,,,0.62,0.97,2.74,0.94,1.64,1st Edition,,"Flip a coin. If heads, put an Evolution card from your discard pile, if any, into your hand. If tails, put a Basic Pokémon card from your discard pile, if any, into your hand."
89633,Super Rod,Super Rod,https://tcgplayer-cdn.tcgplayer.com/product/89633_200w.jpg,3,1396,https://cpt.tcgcsv.com/HSK,2024-07-29T04:55:20.073,1,103/111,Common,Trainer,,,,,,,0.01,0.55,501.5,0.84,1.13,Unlimited,,"Flip a coin. If heads, put an Evolution card from your discard pile, if any, into your hand. If tails, put a Basic Pokémon card from your discard pile, if any, into your hand."
89634,Super Scoop Up,Super Scoop Up,https://tcgplayer-cdn.tcgplayer.com/product/89634_200w.jpg,3,1396,https://cpt.tcgcsv.com/JSK,2022-11-23T16:05:55.783,1,098/111,Uncommon,Trainer,,,,,,,0.8,1.55,4.99,1.51,,1st Edition,,"Flip a coin. If heads, return 1 of your Pokémon and all cards attached to it to your hand."
89634,Super Scoop Up,Super Scoop Up,https://tcgplayer-cdn.tcgplayer.com/product/89634_200w.jpg,3,1396,https://cpt.tcgcsv.com/JSK,2022-11-23T16:05:55.783,1,098/111,Uncommon,Trainer,,,,,,,0.5,1.12,2.29,1.2,,Unlimited,,"Flip a coin. If heads, return 1 of your Pokémon and all cards attached to it to your hand."
89698,Swinub,Swinub,https://tcgplayer-cdn.tcgplayer.com/product/89698_200w.jpg,3,1396,https://cpt.tcgcsv.com/-TK,2023-08-09T13:52:44.567,1,079/111,Common,Water,40,Basic,"[W] Powder Snow (10)
<br>The Defending Pokémon is now Asleep.",,G,L-30,0.65,1.0,4.99,0.98,0.85,1st Edition,1,
89698,Swinub,Swinub,https://tcgplayer-cdn.tcgplayer.com/product/89698_200w.jpg,3,1396,https://cpt.tcgcsv.com/-TK,2023-08-09T13:52:44.567,1,079/111,Common,Water,40,Basic,"[W] Powder Snow (10)
<br>The Defending Pokémon is now Asleep.",,G,L-30,0.11,0.52,5.98,0.54,0.43,Unlimited,1,
89918,Time Capsule,Time Capsule,https://tcgplayer-cdn.tcgplayer.com/product/89918_200w.jpg,3,1396,https://cpt.tcgcsv.com/n-K,2023-02-23T20:49:58.887,1,090/111,Rare,Trainer,,,,,,,0.99,2.1,6.99,2.12,,1st Edition,,"Your opponent may choose 5 Basic Pokémon, Evolution, and/or basic Energy cards in his or her discard pile. <em>(If your opponent doesn't have that many, he or she chooses all or none of them.)</em> If your opponent chooses any cards, he or she shuffles them into his or her deck. Either way, you may do the same, and you can't play any more Trainer cards this turn."
89918,Time Capsule,Time Capsule,https://tcgplayer-cdn.tcgplayer.com/product/89918_200w.jpg,3,1396,https://cpt.tcgcsv.com/n-K,2023-02-23T20:49:58.887,1,090/111,Rare,Trainer,,,,,,,0.7,1.0,4.99,1.04,0.93,Unlimited,,"Your opponent may choose 5 Basic Pokémon, Evolution, and/or basic Energy cards in his or her discard pile. <em>(If your opponent doesn't have that many, he or she chooses all or none of them.)</em> If your opponent chooses any cards, he or she shuffles them into his or her deck. Either way, you may do the same, and you can't play any more Trainer cards this turn."
89929,Togepi,Togepi,https://tcgplayer-cdn.tcgplayer.com/product/89929_200w.jpg,3,1396,https://cpt.tcgcsv.com/C-K,2023-05-06T19:44:58.74,1,051/111,Uncommon,Colorless,40,Basic,"[2] Poison Barb (10)
<br>The Defending Pokémon is now Poisoned.",,,P-30,6.58,12.04,16.0,11.61,,1st Edition,1,
89929,Togepi,Togepi,https://tcgplayer-cdn.tcgplayer.com/product/89929_200w.jpg,3,1396,https://cpt.tcgcsv.com/C-K,2023-05-06T19:44:58.74,1,051/111,Uncommon,Colorless,40,Basic,"[2] Poison Barb (10)
<br>The Defending Pokémon is now Poisoned.",,,P-30,2.87,3.44,9.99,4.6,,Unlimited,1,
89939,Togetic,Togetic,https://tcgplayer-cdn.tcgplayer.com/product/89939_200w.jpg,3,1396,https://cpt.tcgcsv.com/P-K,2022-11-23T16:10:22.41,1,016/111,Holo Rare,Colorless,60,Stage 1,"[1] Super Metronome
<br>Flip a coin. If heads, choose an attack of 1 of your opponent's Pokémon. Super Metronome copies that attack except for its Energy cost. <em>(You must still do anything else in order to use that attack.) (No matter what type the Defending Pokémon is, Togetic's type is still Colorless.)</em> Togetic performs that attack. (Togetic can make that attack even if it does not have the appropriate number or type of Energy attached to it necessary to make the attack.)","[3] Fly (30)
<br>Flip a coin. If heads, during your opponent's next turn, prevent all effects of attacks, including damage, done to Togetic; if tails, this attack does nothing <em>(not even damage)</em>.",,F-30,61.68,70.99,87.69,73.43,,1st Edition Holofoil,,
89939,Togetic,Togetic,https://tcgplayer-cdn.tcgplayer.com/product/89939_200w.jpg,3,1396,https://cpt.tcgcsv.com/P-K,2022-11-23T16:10:22.41,1,016/111,Holo Rare,Colorless,60,Stage 1,"[1] Super Metronome
<br>Flip a coin. If heads, choose an attack of 1 of your opponent's Pokémon. Super Metronome copies that attack except for its Energy cost. <em>(You must still do anything else in order to use that attack.) (No matter what type the Defending Pokémon is, Togetic's type is still Colorless.)</em> Togetic performs that attack. (Togetic can make that attack even if it does not have the appropriate number or type of Energy attached to it necessary to make the attack.)","[3] Fly (30)
<br>Flip a coin. If heads, during your opponent's next turn, prevent all effects of attacks, including damage, done to Togetic; if tails, this attack does nothing <em>(not even damage)</em>.",,F-30,18.0,25.5,59.89,26.59,,Unlimited Holofoil,,
89991,Totodile (80),Totodile 80,https://tcgplayer-cdn.tcgplayer.com/product/89991_200w.jpg,3,1396,https://cpt.tcgcsv.com/R_K,2023-07-08T15:49:52.617,1,080/111,Common,Water,40,Basic,[1] Bite (10),"[1W] Rage (10+)
<br>Does 10 damage plus 10 more damage for each damage counter on Totodile.",G,,1.4,3.75,111.72,3.64,,1st Edition,1,
89991,Totodile (80),Totodile 80,https://tcgplayer-cdn.tcgplayer.com/product/89991_200w.jpg,3,1396,https://cpt.tcgcsv.com/R_K,2023-07-08T15:49:52.617,1,080/111,Common,Water,40,Basic,[1] Bite (10),"[1W] Rage (10+)
<br>Does 10 damage plus 10 more damage for each damage counter on Totodile.",G,,0.28,0.75,4.11,0.96,0.6,Unlimited,1,
89992,Totodile (81),Totodile 81,https://tcgplayer-cdn.tcgplayer.com/product/89992_200w.jpg,3,1396,https://cpt.tcgcsv.com/S_K,2025-02-05T21:05:30.267,1,081/111,Common,Water,50,Basic,"[1] Leer
<br>Flip a coin. If heads, the Defending Pokémon can't attack Totodile during your opponent's next turn. <em>(Benching or evolving either Pokémon ends this effect.)</em>","[W] Fury Swipes (10x)
<br>Flip 3 coins. This attack does 10 damage times the number of heads.",G,,1.25,3.54,5.66,3.71,,1st Edition,1,
89992,Totodile (81),Totodile 81,https://tcgplayer-cdn.tcgplayer.com/product/89992_200w.jpg,3,1396,https://cpt.tcgcsv.com/S_K,2025-02-05T21:05:30.267,1,081/111,Common,Water,50,Basic,"[1] Leer
<br>Flip a coin. If heads, the Defending Pokémon can't attack Totodile during your opponent's next turn. <em>(Benching or evolving either Pokémon ends this effect.)</em>","[W] Fury Swipes (10x)
<br>Flip 3 coins. This attack does 10 damage times the number of heads.",G,,0.35,0.75,4.65,0.84,,Unlimited,1,
90098,Typhlosion (17),Typhlosion 17,https://tcgplayer-cdn.tcgplayer.com/product/90098_200w.jpg,3,1396,https://cpt.tcgcsv.com/-2L,2022-11-23T16:16:14.82,1,017/111,Holo Rare,Fire,100,Stage 2,"[RRRR] Flame Burst (60+)
<br>Flip a coin. If heads, this attack does 60 damage plus 20 more damage and does 20 damage to Typhlosion. If tails, this attack does 60 damage.",,W,,304.98,627.49,950.0,352.49,,1st Edition Holofoil,2,"<strong>Pokémon Power: Fire Recharge</strong> Once during your turn <em>(before your attack)</em>, you may flip a coin. If heads, attach a Fire Energy card from your discard pile to 1 of your Fire Pokémon. This power can't be used if Typhlosion is Asleep, Confused, or Paralyzed."
90098,Typhlosion (17),Typhlosion 17,https://tcgplayer-cdn.tcgplayer.com/product/90098_200w.jpg,3,1396,https://cpt.tcgcsv.com/-2L,2022-11-23T16:16:14.82,1,017/111,Holo Rare,Fire,100,Stage 2,"[RRRR] Flame Burst (60+)
<br>Flip a coin. If heads, this attack does 60 damage plus 20 more damage and does 20 damage to Typhlosion. If tails, this attack does 60 damage.",,W,,104.51,147.5,299.99,159.74,,Unlimited Holofoil,2,"<strong>Pokémon Power: Fire Recharge</strong> Once during your turn <em>(before your attack)</em>, you may flip a coin. If heads, attach a Fire Energy card from your discard pile to 1 of your Fire Pokémon. This power can't be used if Typhlosion is Asleep, Confused, or Paralyzed."
90099,Typhlosion (18),Typhlosion 18,https://tcgplayer-cdn.tcgplayer.com/product/90099_200w.jpg,3,1396,https://cpt.tcgcsv.com/_2L,2022-11-29T04:32:58.143,1,018/111,Holo Rare,Fire,100,Stage 2,"[RRRR] Flame Wheel (80)
<br>Discard 3 Fire Energy cards attached to Typhlosion in order to use this attack. Do 20 damage to each Benched Pokémon <em>(yours and your opponent's)</em>. <em>(Don't apply Weakness and Resistance for Benched Pokémon.)</em>",,W,,185.85,185.99,189.99,195.0,,1st Edition Holofoil,2,"<strong>Pokémon Power: Fire Boost</strong> When you play Typhlosion from your hand, you may flip a coin. If heads, search your deck for up to 4 Fire Energy cards and attach them to Typhlosion. Shuffle your deck afterward."
90099,Typhlosion (18),Typhlosion 18,https://tcgplayer-cdn.tcgplayer.com/product/90099_200w.jpg,3,1396,https://cpt.tcgcsv.com/_2L,2022-11-29T04:32:58.143,1,018/111,Holo Rare,Fire,100,Stage 2,"[RRRR] Flame Wheel (80)
<br>Discard 3 Fire Energy cards attached to Typhlosion in order to use this attack. Do 20 damage to each Benched Pokémon <em>(yours and your opponent's)</em>. <em>(Don't apply Weakness and Resistance for Benched Pokémon.)</em>",,W,,80.0,109.99,151.22,110.02,,Unlimited Holofoil,2,"<strong>Pokémon Power: Fire Boost</strong> When you play Typhlosion from your hand, you may flip a coin. If heads, search your deck for up to 4 Fire Energy cards and attach them to Typhlosion. Shuffle your deck afterward."
90502,Water Energy,Water Energy,https://tcgplayer-cdn.tcgplayer.com/product/90502_200w.jpg,3,1396,https://cpt.tcgcsv.com/3dL,2022-11-25T20:00:05.39,1,111/111,Common,Basic Energy,,,,,,,0.62,1.15,3.89,1.21,,1st Edition,,
90502,Water Energy,Water Energy,https://tcgplayer-cdn.tcgplayer.com/product/90502_200w.jpg,3,1396,https://cpt.tcgcsv.com/3dL,2022-11-25T20:00:05.39,1,111/111,Common,Basic Energy,,,,,,,0.14,0.3,35.0,0.34,,Unlimited,,
90632,Wooper,Wooper,https://tcgplayer-cdn.tcgplayer.com/product/90632_200w.jpg,3,1396,https://cpt.tcgcsv.com/GgL,2025-01-22T05:16:05.343,1,082/111,Common,Water,50,Basic,"[W] Amnesia
<br>Choose 1 of the Defending Pokémon's attacks. That Pokémon can't use that attack during your opponent's next turn.","[2] Slam (20x)
<br>Flip 2 coins. This attack does 20 damage times the number of heads.",G,L-30,0.63,1.69,4.98,1.53,,1st Edition,1,
90632,Wooper,Wooper,https://tcgplayer-cdn.tcgplayer.com/product/90632_200w.jpg,3,1396,https://cpt.tcgcsv.com/GgL,2025-01-22T05:16:05.343,1,082/111,Common,Water,50,Basic,"[W] Amnesia
<br>Choose 1 of the Defending Pokémon's attacks. That Pokémon can't use that attack during your opponent's next turn.","[2] Slam (20x)
<br>Flip 2 coins. This attack does 20 damage times the number of heads.",G,L-30,0.23,0.7,1.71,0.84,,Unlimited,1,
90661,Xatu,Xatu,https://tcgplayer-cdn.tcgplayer.com/product/90661_200w.jpg,3,1396,https://cpt.tcgcsv.com/fhL,2022-11-25T20:07:01.7,1,052/111,Uncommon,Psychic,80,Stage 1,"[P] Prophecy
<br>Look at the top 3 cards of either player's deck and rearrange them as you like.","[PPP] Confuse Ray (30)
<br>Flip a coin. If heads, the Defending Pokémon is now Confused.",P,F-30,1.25,1.81,2.73,1.56,,1st Edition,1,
90661,Xatu,Xatu,https://tcgplayer-cdn.tcgplayer.com/product/90661_200w.jpg,3,1396,https://cpt.tcgcsv.com/fhL,2022-11-25T20:07:01.7,1,052/111,Uncommon,Psychic,80,Stage 1,"[P] Prophecy
<br>Look at the top 3 cards of either player's deck and rearrange them as you like.","[PPP] Confuse Ray (30)
<br>Flip a coin. If heads, the Defending Pokémon is now Confused.",P,F-30,0.35,1.03,2.0,1.1,0.64,Unlimited,1,
138141,Neo Genesis Booster Pack [1st Edition],Neo Genesis Booster Pack 1st Edition,https://tcgplayer-cdn.tcgplayer.com/product/138141_200w.jpg,3,1396,https://cpt.tcgcsv.com/Rg72,2022-12-07T14:50:12.88,1,,,,,,,,,,799.0,799.0,799.0,695.0,,Normal,,This booster pack contains 11 cards for Wizards of the Coast printed Neo Genesis set.
138142,Neo Genesis Booster Pack [Unlimited Edition],Neo Genesis Booster Pack Unlimited Edition,https://tcgplayer-cdn.tcgplayer.com/product/138142_200w.jpg,3,1396,https://cpt.tcgcsv.com/Sg72,2017-07-22T16:16:46.563,1,,,,,,,,,,598.0,598.0,598.0,580.0,,Normal,,This booster pack contains 11 cards for Wizards of the Coast printed Neo Genesis set.
193334,Neo Genesis Booster Box [1st Edition],Neo Genesis Booster Box 1st Edition,https://tcgplayer-cdn.tcgplayer.com/product/193334_200w.jpg,3,1396,https://cpt.tcgcsv.com/Jlz2,2019-06-28T17:48:50.267,1,,,,,,,,,,,,,,,,,Contains 36 1st Edition Booster Packs.
193335,Neo Genesis Booster Box [Unlimited Edition],Neo Genesis Booster Box Unlimited Edition,https://tcgplayer-cdn.tcgplayer.com/product/193335_200w.jpg,3,1396,https://cpt.tcgcsv.com/Klz2,2019-06-28T17:49:31.217,1,,,,,,,,,,,,,,,,,Contains 36 Unlimited Edition Booster Packs.
234505,"Neo Genesis Theme Deck - ""Cold Fusion""",Neo Genesis Theme Deck Cold Fusion,https://tcgplayer-cdn.tcgplayer.com/product/234505_200w.jpg,3,1396,https://cpt.tcgcsv.com/7QT2,2021-03-15T17:58:54.75,1,,,,,,,,,,375.0,437.5,499.99,,,Normal,,
451098,"Neo Genesis Theme Deck - ""Hotfoot""",Neo Genesis Theme Deck Hotfoot,https://tcgplayer-cdn.tcgplayer.com/product/451098_200w.jpg,3,1396,https://cpt.tcgcsv.com/-rD5,2022-10-21T17:57:06.523,1,,,,,,,,,,,,,,,,,
