productId,name,cleanName,imageUrl,categoryId,groupId,url,modifiedOn,imageCount,extCardText,extUPC,lowPrice,midPrice,highPrice,marketPrice,directLowPrice,subTypeName,extRarity,extNumber,extCardType,extHP,extStage,extAttack1,extAttack2,extWeakness,extResistance,extRetreatCost
270708,Pokemon GO Elite Trainer Box,Pokemon GO Elite Trainer Box,https://tcgplayer-cdn.tcgplayer.com/product/270708_200w.jpg,3,3064,https://cpt.tcgcsv.com/bjb3,2022-07-01T04:03:10.78,1,"Gear up for battle like never before as Pokémon GO meets the Pokémon Trading Card Game! Dragonite VSTAR and Mewtwo VSTAR show off immense powers, while Melmetal VMAX in its Gigantamax form smashes the competition. Appearing as sought-after Shiny Pokémon, Radiant Venusaur, Radiant Charizard, and Radiant Blastoise bring dazzling new strategies to the battlefield. Meanwhile, the leaders of Team Instinct, Team Mystic, and Team Valor are ready to show their support in the Pokémon TCG: Pokémon GO expansion!The Pokémon TCG: Pokémon GO Elite Trainer Box includes:
<br><br>• 10 Pokémon TCG: Pokémon GO booster packs
<br>• 1 foil promo card featuring Mewtwo V
<br>• 65 card sleeves featuring Mewtwo
<br>• 45 Pokémon TCG Energy cards
<br>• A player’s guide to the Pokémon GO expansion
<br>• 6 damage-counter dice
<br>• 1 competition-legal coin-flip die
<br>• 2 acrylic condition markers
<br>• 1 acrylic VSTAR marker
<br>• A collector’s box to hold everything, with 4 dividers to keep it organized
<br>• A code card for Pokémon Trading Card Game Live",820650850509,89.99,110.0,999.99,95.26,,Normal,,,,,,,,,,
270709,Pokemon GO Pokemon Center Elite Trainer Box Plus (Exclusive),Pokemon GO Pokemon Center Elite Trainer Box Plus Exclusive,https://tcgplayer-cdn.tcgplayer.com/product/270709_200w.jpg,3,3064,https://cpt.tcgcsv.com/cjb3,2022-07-29T04:03:24.727,1,"This Pokémon TCG: Pokémon GO Pokémon Center Elite Trainer Box Plus can be found only at Pokémon Center and comes with exclusive accessories—a deck box, metal dice, metal coin, and metal condition markers—plus 12 booster packs (two more than in a standard Pokémon GO Elite Trainer Box).
<br><br>• 12 Pokémon TCG: Pokémon GO booster packs
<br>• 1 full-art foil promo card featuring Mewtwo V
<br>• 65 card sleeves featuring Mewtwo
<br>• 45 Pokémon TCG Energy cards
<br>• A player’s guide to the Pokémon GO expansion
<br>• 6 damage-counter dice
<br>• 1 competition-legal coin-flip die
<br>• 2 acrylic condition markers
<br>• 1 acrylic VSTAR marker
<br>• A collector’s box to hold everything, with 4 dividers to keep it organized
<br>• A code card for Pokémon Trading Card Game Live",,167.99,239.95,1799.99,153.11,,Normal,,,,,,,,,,
270710,V Battle Deck [Mewtwo V],V Battle Deck Mewtwo V,https://tcgplayer-cdn.tcgplayer.com/product/270710_200w.jpg,3,3064,https://cpt.tcgcsv.com/djb3,2022-07-01T04:03:10.78,1,"Unleash mental might or metal mayhem with a deck led by Mewtwo V or Melmetal V! Mewtwo V leads an elusive team of Psychic types, and Melmetal V brings the crushing power of Metal types, so you can land quick hits turn after turn, keep Energy in play, and master all the tricks of these two V Battle Decks!
<br><br>In each box, you’ll find:
<br>• 1 ready-to-play 60-card deck
<br>• 3 reference cards
<br>• 1 rules booklet
<br>• Single-player playmat
<br>• Damage counters
<br>• 1 large metallic coin
<br>• 1 deck box
<br>• 1 Quick Guide to unlock the strategies within
<br>• 1 code card to play this deck online",,14.6,20.99,45.0,16.24,,Normal,,,,,,,,,,
270711,V Battle Deck [Melmetal V],V Battle Deck Melmetal V,https://tcgplayer-cdn.tcgplayer.com/product/270711_200w.jpg,3,3064,https://cpt.tcgcsv.com/fjb3,2022-07-01T04:03:10.78,1,"Unleash mental might or metal mayhem with a deck led by Mewtwo V or Melmetal V! Mewtwo V leads an elusive team of Psychic types, and Melmetal V brings the crushing power of Metal types, so you can land quick hits turn after turn, keep Energy in play, and master all the tricks of these two V Battle Decks!
<br><br>In each box, you’ll find:
<br>• 1 ready-to-play 60-card deck
<br>• 3 reference cards
<br>• 1 rules booklet
<br>• Single-player playmat
<br>• Damage counters
<br>• 1 large metallic coin
<br>• 1 deck box
<br>• 1 Quick Guide to unlock the strategies within
<br>• 1 code card to play this deck online",,6.5,7.93,27.39,7.4,,Normal,,,,,,,,,,
270712,Pokemon GO V Battle Deck Bundle [Mewtwo V/Melmetal V],Pokemon GO V Battle Deck Bundle Mewtwo V Melmetal V,https://tcgplayer-cdn.tcgplayer.com/product/270712_200w.jpg,3,3064,https://cpt.tcgcsv.com/gjb3,2022-07-07T14:12:09.797,1,"Get ready for a major Pokémon battle with a ready-to-play double deck bundle—with extra Trainer cards! This set includes a deck for you and one for a friend. You can choose either Mewtwo V or Melmetal V to lead your team in a heads-up battle against another Trainer. Then, switch up the decks and see what things look like from the other side—can you win with both powerful Pokémon V?
The Pokémon TCG: Pokémon GO V Battle Deck—Mewtwo vs. Melmetal includes:
<br>
<br>The Pokemon TCG: V Battle Deck—Mewtwo vs. Melmetal  includes:
<br>• 2 ready-to-play V Battle Decks (60 cards each)
<br>• Each deck includes a foil Pokémon V: Mewtwo V or Melmetal V
<br>• 11 additional Trainer cards, including 5 foil cards
<br>• 2 Pokémon GO booster packs
<br>• Each booster pack contains 10 cards and either 1 basic Energy or 1 VSTAR marker. Cards vary by pack.
<br>• 1 sticker sheet
<br>• 2 large metallic coins
<br>• 2 deck boxes
<br>• 2 Quick Guides to unlock the strategies within
<br>• 2 single-player playmats
<br>• 6 reference cards
<br>• Damage counters
<br>• 1 guide to upgrading your decks
<br>• 1 code card for the Pokemon Trading Card Game Online",,25.99,31.0,80.0,26.79,,Normal,,,,,,,,,,
270713,Pokemon GO Special Collection - Team Instinct,Pokemon GO Special Collection Team Instinct,https://tcgplayer-cdn.tcgplayer.com/product/270713_200w.jpg,3,3064,https://cpt.tcgcsv.com/hjb3,2022-07-01T04:03:10.78,1,"Nothing beats exploring the world with your teammates by your side! Proudly let other Trainers know which team you’re on with the eye-catching pin in this collection. You’ll also find your favorite team leader as a playable Supporter card that helps you draw cards and get Energy into play, as well as a stack of booster packs from the special Pokémon GO expansion.
<br>Each Pokémon TCG: Pokémon GO Special Team Collection includes:
<br>• A full-art foil promo card featuring Spark, Blanche, or Candela
<br>• A deluxe pin featuring the emblem of Team Instinct, Team Mystic, or Team Valor
<br>• 6 Pokémon GO booster packs
<br>• A code card for Pokémon TCG Live",,50.0,59.74,237.0,45.54,,Normal,,,,,,,,,,
270714,Pokemon GO Special Collection - Team Mystic,Pokemon GO Special Collection Team Mystic,https://tcgplayer-cdn.tcgplayer.com/product/270714_200w.jpg,3,3064,https://cpt.tcgcsv.com/jjb3,2022-07-01T04:03:10.78,1,"Nothing beats exploring the world with your teammates by your side! Proudly let other Trainers know which team you’re on with the eye-catching pin in this collection. You’ll also find your favorite team leader as a playable Supporter card that helps you draw cards and get Energy into play, as well as a stack of booster packs from the special Pokémon GO expansion.
<br>Each Pokémon TCG: Pokémon GO Special Team Collection includes:
<br>• A full-art foil promo card featuring Spark, Blanche, or Candela
<br>• A deluxe pin featuring the emblem of Team Instinct, Team Mystic, or Team Valor
<br>• 6 Pokémon GO booster packs
<br>• A code card for Pokémon TCG Live",,43.99,56.48,237.0,47.43,,Normal,,,,,,,,,,
270715,Pokemon GO Special Collection - Team Valor,Pokemon GO Special Collection Team Valor,https://tcgplayer-cdn.tcgplayer.com/product/270715_200w.jpg,3,3064,https://cpt.tcgcsv.com/kjb3,2022-07-01T04:03:10.78,1,"Nothing beats exploring the world with your teammates by your side! Proudly let other Trainers know which team you’re on with the eye-catching pin in this collection. You’ll also find your favorite team leader as a playable Supporter card that helps you draw cards and get Energy into play, as well as a stack of booster packs from the special Pokémon GO expansion.
<br>Each Pokémon TCG: Pokémon GO Special Team Collection includes:
<br>• A full-art foil promo card featuring Spark, Blanche, or Candela
<br>• A deluxe pin featuring the emblem of Team Instinct, Team Mystic, or Team Valor
<br>• 6 Pokémon GO booster packs
<br>• A code card for Pokémon TCG Live",,48.99,61.99,237.0,56.41,,Normal,,,,,,,,,,
270716,Pokemon GO Collection [Alolan Exeggutor V],Pokemon GO Collection Alolan Exeggutor V,https://tcgplayer-cdn.tcgplayer.com/product/270716_200w.jpg,3,3064,https://cpt.tcgcsv.com/ljb3,2022-07-01T04:03:10.78,1,"Growing taller and stronger in the tropical sunshine, Alolan Exeggutor V surveys its surroundings and then swings in to strike! This powerful Grass-type Pokémon makes it easy to get Energy into play so you can land a big hit. Here you’ll find a ready-to-play copy of Alolan Exeggutor V, plus an oversize version to show off in your collection, as well as a handful of booster packs from the special Pokémon GO expansion.
<br>The Pokémon TCG: Pokémon GO Collection—Alolan Exeggutor V includes:
<br>• A foil promo card featuring Alolan Exeggutor V
<br>• An oversize foil card featuring Alolan Exeggutor V
<br>• 4 Pokémon GO booster packs
<br>• A code card for Pokémon TCG Live",820650870545,30.0,39.99,164.0,29.96,,Normal,,,,,,,,,,
270717,Pokemon GO Premium Collection [Radiant Eevee],Pokemon GO Premium Collection Radiant Eevee,https://tcgplayer-cdn.tcgplayer.com/product/270717_200w.jpg,3,3064,https://cpt.tcgcsv.com/mjb3,2022-07-01T04:03:10.78,1,"A Shining Smile & Fluffy Fur—Radiant Eevee Is Here!
<br>With their unique coloration, Shiny Pokémon are usually tough to find, but the adorable Radiant Eevee is eager to join your team in this collection filled with tons of treasures! In addition to a playable foil card featuring Radiant Eevee, you also get a glossy enamel pin and a playmat that shows off beautiful artwork of this rare Pokémon. Then, find even more awesome Pokémon and Trainer cards in a stack of Pokémon GO booster packs!
<br>The Pokémon TCG: Pokémon GO Premium Collection—Radiant Eevee includes:
<br>• A foil promo card featuring Radiant Eevee
<br>• A deluxe pin featuring Radiant Eevee
<br>• A playmat with artwork featuring Radiant Eevee
<br>• 8 Pokémon GO booster packs
<br>• A code card for Pokémon TCG Live",,82.44,100.0,999.0,84.23,,Normal,,,,,,,,,,
270725,Pokemon GO Tin [Blissey],Pokemon GO Tin Blissey,https://tcgplayer-cdn.tcgplayer.com/product/270725_200w.jpg,3,3064,https://cpt.tcgcsv.com/wjb3,2025-05-21T14:00:12.253,1,"Let Pikachu help you to battle hard and build your Pokémon TCG collection! The Mouse Pokémon is here as a foil promo card that can help you find an Item card in your deck, and it's joined by another Pokémon friend as a playable foil card. Expand your collection with Pokémon GO booster packs, and decorate your binder or deck boxes with a set of colorful stickers featuring Pikachu, Snorlax, and Blissey!
<br>In this tin, you'll find:
<br>• 1 foil promo card featuring Pikachu
<br>• 1 additional foil card featuring Pikachu, Snorlax, or Blissey
<br>• 4 Pokémon TCG: Pokémon GO booster packs
<br>• 1 sticker sheet
<br>• A code card for Pokémon TCG Live",,26.21,36.28,79.99,26.43,,Normal,,,,,,,,,,
270726,Pokemon GO Tin [Pikachu],Pokemon GO Tin Pikachu,https://tcgplayer-cdn.tcgplayer.com/product/270726_200w.jpg,3,3064,https://cpt.tcgcsv.com/xjb3,2022-07-15T04:03:08.86,1,"Let Pikachu help you to battle hard and build your Pokémon TCG collection! The Mouse Pokémon is here as a foil promo card that can help you find an Item card in your deck, and it's joined by another Pokémon friend as a playable foil card. Expand your collection with Pokémon GO booster packs, and decorate your binder or deck boxes with a set of colorful stickers featuring Pikachu, Snorlax, and Blissey!
<br>In this tin, you'll find:
<br>• 1 foil promo card featuring Pikachu
<br>• 1 additional foil card featuring Pikachu, Snorlax, or Blissey
<br>• 4 Pokémon TCG: Pokémon GO booster packs
<br>• 1 sticker sheet
<br>• A code card for Pokémon TCG Live",,34.9,50.0,149.99,32.49,,Normal,,,,,,,,,,
270727,Pokemon GO Tin [Snorlax],Pokemon GO Tin Snorlax,https://tcgplayer-cdn.tcgplayer.com/product/270727_200w.jpg,3,3064,https://cpt.tcgcsv.com/zjb3,2025-05-21T14:00:22.71,1,"Let Pikachu help you to battle hard and build your Pokémon TCG collection! The Mouse Pokémon is here as a foil promo card that can help you find an Item card in your deck, and it's joined by another Pokémon friend as a playable foil card. Expand your collection with Pokémon GO booster packs, and decorate your binder or deck boxes with a set of colorful stickers featuring Pikachu, Snorlax, and Blissey!
<br>In this tin, you'll find:
<br>• 1 foil promo card featuring Pikachu
<br>• 1 additional foil card featuring Pikachu, Snorlax, or Blissey
<br>• 4 Pokémon TCG: Pokémon GO booster packs
<br>• 1 sticker sheet
<br>• A code card for Pokémon TCG Live",,41.98,50.0,99.99,29.63,,Normal,,,,,,,,,,
270728,Pokemon GO Mini Tin [Magikarp],Pokemon GO Mini Tin Magikarp,https://tcgplayer-cdn.tcgplayer.com/product/270728_200w.jpg,3,3064,https://cpt.tcgcsv.com/Bjb3,2022-08-05T04:03:07.72,1,"Each mini tin comes with two booster packs, a metallic Pokemon coin, and “a Pokemon art card showing the art from this Mini Tin — you can collect and combine all five!”",0820650850462,24.99,39.99,54.99,33.67,,Normal,,,,,,,,,,
270729,Pokemon GO Mini Tin [Blissey],Pokemon GO Mini Tin Blissey,https://tcgplayer-cdn.tcgplayer.com/product/270729_200w.jpg,3,3064,https://cpt.tcgcsv.com/Cjb3,2022-08-05T04:03:07.72,1,"Each mini tin comes with two booster packs, a metallic Pokemon coin, and “a Pokemon art card showing the art from this Mini Tin — you can collect and combine all five!”",0820650850462,24.99,28.89,49.99,28.46,,Normal,,,,,,,,,,
270730,Pokemon GO Mini Tin [Pikachu],Pokemon GO Mini Tin Pikachu,https://tcgplayer-cdn.tcgplayer.com/product/270730_200w.jpg,3,3064,https://cpt.tcgcsv.com/Djb3,2022-08-05T04:03:07.72,1,"Each mini tin comes with two booster packs, a metallic Pokemon coin, and “a Pokemon art card showing the art from this Mini Tin — you can collect and combine all five!”",0820650850462,17.0,34.26,59.99,18.82,,Normal,,,,,,,,,,
270731,Pokemon GO Mini Tin [Eevee],Pokemon GO Mini Tin Eevee,https://tcgplayer-cdn.tcgplayer.com/product/270731_200w.jpg,3,3064,https://cpt.tcgcsv.com/Fjb3,2022-08-05T04:03:07.72,1,"Each mini tin comes with two booster packs, a metallic Pokemon coin, and “a Pokemon art card showing the art from this Mini Tin — you can collect and combine all five!”",0820650850462,26.99,34.97,54.99,17.78,,Normal,,,,,,,,,,
270732,Pokemon GO Mini Tin [Snorlax],Pokemon GO Mini Tin Snorlax,https://tcgplayer-cdn.tcgplayer.com/product/270732_200w.jpg,3,3064,https://cpt.tcgcsv.com/Gjb3,2022-08-05T04:03:07.72,1,"Each mini tin comes with two booster packs, a metallic Pokemon coin, and “a Pokemon art card showing the art from this Mini Tin — you can collect and combine all five!”",0820650850462,24.99,24.99,24.99,30.81,,Normal,,,,,,,,,,
270733,Pokemon GO Poke Ball Tin - Great Ball,Pokemon GO Poke Ball Tin Great Ball,https://tcgplayer-cdn.tcgplayer.com/product/270733_200w.jpg,3,3064,https://cpt.tcgcsv.com/Hjb3,2022-08-26T04:03:07.723,1,"The Pokémon TCG: Pokémon GO Poké Ball Tin contains:
<br>• 3 Pokémon TCG: Pokémon GO booster packs
<br>• 2 sticker sheets",0820650850516,37.78,37.78,37.78,22.22,,Normal,,,,,,,,,,
270734,Pokemon GO Poke Ball Tin - Poke Ball,Pokemon GO Poke Ball Tin Poke Ball,https://tcgplayer-cdn.tcgplayer.com/product/270734_200w.jpg,3,3064,https://cpt.tcgcsv.com/Jjb3,2022-08-26T04:03:07.723,1,"The Pokémon TCG: Pokémon GO Poké Ball Tin contains:
<br>• 3 Pokémon TCG: Pokémon GO booster packs
<br>• 2 sticker sheets",0820650850516,32.58,34.23,35.88,26.73,,Normal,,,,,,,,,,
270735,Pokemon GO Poke Ball Tin - Ultra Ball,Pokemon GO Poke Ball Tin Ultra Ball,https://tcgplayer-cdn.tcgplayer.com/product/270735_200w.jpg,3,3064,https://cpt.tcgcsv.com/Kjb3,2022-08-26T04:03:07.723,1,"The Pokémon TCG: Pokémon GO Poké Ball Tin contains:
<br>• 3 Pokémon TCG: Pokémon GO booster packs
<br>• 2 sticker sheets",0820650850516,39.99,39.99,39.99,26.19,,Normal,,,,,,,,,,
271500,Pokemon GO Mini Tin [Set of 5],Pokemon GO Mini Tin Set of 5,https://tcgplayer-cdn.tcgplayer.com/product/271500_200w.jpg,3,3064,https://cpt.tcgcsv.com/0Db3,2022-08-05T04:03:07.72,1,Each product contains 5 Pokemon Go Mini Tins designs.,,,,,,,,,,,,,,,,,
271501,Pokemon GO Poke Ball Tin [Set of 3],Pokemon GO Poke Ball Tin Set of 3,https://tcgplayer-cdn.tcgplayer.com/product/271501_200w.jpg,3,3064,https://cpt.tcgcsv.com/2Db3,2022-08-26T04:03:07.723,1,"This listing contains 3 Pokemon Go Poke Balls.
<br>The Pokémon TCG: Pokémon GO Poké Ball Tin contains:
<br>• 3 Pokémon TCG: Pokémon GO booster packs
<br>• 2 sticker sheets",,109.97,109.97,109.97,90.15,,Normal,,,,,,,,,,
271502,Pokemon GO Special Collection [Set of 3],Pokemon GO Special Collection Set of 3,https://tcgplayer-cdn.tcgplayer.com/product/271502_200w.jpg,3,3064,https://cpt.tcgcsv.com/3Db3,2022-07-01T12:36:16.85,1,This product contains 1 of each Special Collection.,,170.0,170.0,170.0,135.71,,Normal,,,,,,,,,,
271503,Pokemon GO Tin [Set of 3],Pokemon GO Tin Set of 3,https://tcgplayer-cdn.tcgplayer.com/product/271503_200w.jpg,3,3064,https://cpt.tcgcsv.com/5Db3,2022-07-15T04:03:08.86,1,"This listing is for 3 Pokemon GO tins.
<br>Each tin contains:
<br>• 1 foil promo card featuring Pikachu
<br>• 1 additional foil card featuring Pikachu, Snorlax, or Blissey
<br>• 4 Pokémon TCG: Pokémon GO booster packs
<br>• 1 sticker sheet
<br>• A code card for Pokémon TCG Live",,95.95,99.97,490.0,82.62,,Normal,,,,,,,,,,
271504,Pokemon GO Melmetal V/Mewtwo V Battle Decks [Set of 2],Pokemon GO Melmetal V Mewtwo V Battle Decks Set of 2,https://tcgplayer-cdn.tcgplayer.com/product/271504_200w.jpg,3,3064,https://cpt.tcgcsv.com/6Db3,2022-07-01T04:03:10.78,1,"Powerful Pokémon V are ready to charge onto the battlefield in the new Pokémon TCG: V Battle Decks! Each 60-card deck is led by a valiant Pokémon V and includes everything you need to play right away. Let the battle begin!
<br><br>In each box, you’ll find:
<br>• 1 ready-to-play 60-card deck
<br>• 3 reference cards
<br>• 1 rules booklet
<br>• Single-player playmat
<br>• Damage counters
<br>• 1 large metallic coin
<br>• 1 deck box
<br>• 1 Quick Guide to unlock the strategies within
<br>• 1 code card to play this deck online
<br><br>Each set includes one of each, V Battle Deck [Melmetal] and V Battle Deck [Mewtwo V]",,20.0,35.99,40.0,16.72,,Normal,,,,,,,,,,
271511,Pokemon GO Poke Ball Tin Display,Pokemon GO Poke Ball Tin Display,https://tcgplayer-cdn.tcgplayer.com/product/271511_200w.jpg,3,3064,https://cpt.tcgcsv.com/fDb3,2022-08-26T04:03:07.723,1,"Contents:
<br>• The Pokémon TCG: Pokémon GO Poké Ball Tin contains:
<br>• 3 Pokémon TCG: Pokémon GO booster packs
<br>• 2 sticker sheets",0820650860515,717.0,717.0,717.0,87.21,,Normal,,,,,,,,,,
271512,Pokemon GO Mini Tin Display,Pokemon GO Mini Tin Display,https://tcgplayer-cdn.tcgplayer.com/product/271512_200w.jpg,3,3064,https://cpt.tcgcsv.com/gDb3,2025-01-22T13:02:44.92,1,"This product contains 2 of each Pokemon GO Mini Tin design (for a total of 10). Each tin contains 2 booster packs, 1 metallic coin and 1 Pokémon art card.",0820650860461,165.38,207.44,819.0,167.14,,Normal,,,,,,,,,,
271513,Pokemon GO Elite Trainer Box Case,Pokemon GO Elite Trainer Box Case,https://tcgplayer-cdn.tcgplayer.com/product/271513_200w.jpg,3,3064,https://cpt.tcgcsv.com/hDb3,2022-07-01T04:03:10.78,1,"This sealed case product contains 10 Pokémon GO Elite Trainer Boxes.
<br><br>Gear up for battle like never before as Pokémon GO meets the Pokémon Trading Card Game! Dragonite VSTAR and Mewtwo VSTAR show off immense powers, while Melmetal VMAX in its Gigantamax form smashes the competition. Appearing as sought-after Shiny Pokémon, Radiant Venusaur, Radiant Charizard, and Radiant Blastoise bring dazzling new strategies to the battlefield. Meanwhile, the leaders of Team Instinct, Team Mystic, and Team Valor are ready to show their support in the Pokémon TCG: Pokémon GO expansion!The Pokémon TCG: Pokémon GO Elite Trainer Box includes:
<br><br>• 10 Pokémon TCG: Pokémon GO booster packs
<br>• 1 foil promo card featuring Mewtwo V
<br>• 65 card sleeves featuring Mewtwo
<br>• 45 Pokémon TCG Energy cards
<br>• A player’s guide to the Pokémon GO expansion
<br>• 6 damage-counter dice
<br>• 1 competition-legal coin-flip die
<br>• 2 acrylic condition markers
<br>• 1 acrylic VSTAR marker
<br>• A collector’s box to hold everything, with 4 dividers to keep it organized
<br>• A code card for Pokémon Trading Card Game Live",820650870507,2140.0,2145.0,2150.0,888.41,,Normal,,,,,,,,,,
271514,Code Card - Pokemon GO Collection [Alolan Exeggutor V],Code Card Pokemon GO Collection Alolan Exeggutor V,https://tcgplayer-cdn.tcgplayer.com/product/271514_200w.jpg,3,3064,https://cpt.tcgcsv.com/jDb3,2022-07-20T19:42:12.463,1,"This listing is <strong>not</strong> a physical item. Please keep in mind that this <strong>Code Card</strong> listing represents a digital copy of the stated item for the Pokémon TCG Online <strong>and/or</strong> the Pokémon TCG Live games. You may receive the physical <strong>Code Card</strong>. Upon purchase, please work with your specific Seller by sending them a message using the <strong>Contact Seller</strong> button on the order details in your <a href=https://store.tcgplayer.com/myaccount/orderhistory>Order History</a> to opt in to having your <strong>Code Card</strong> code delivered digitally due to the nature of the product.",,0.02,0.07,0.5,0.06,,Normal,Code Card,,,,,,,,,
271515,Code Card - Pokemon GO Elite Trainer Box,Code Card Pokemon GO Elite Trainer Box,https://tcgplayer-cdn.tcgplayer.com/product/271515_200w.jpg,3,3064,https://cpt.tcgcsv.com/kDb3,2022-07-20T19:42:13.577,1,"This listing is <strong>not</strong> a physical item. Please keep in mind that this <strong>Code Card</strong> listing represents a digital copy of the stated item for the Pokémon TCG Online <strong>and/or</strong> the Pokémon TCG Live games. You may receive the physical <strong>Code Card</strong>. Upon purchase, please work with your specific Seller by sending them a message using the <strong>Contact Seller</strong> button on the order details in your <a href=https://store.tcgplayer.com/myaccount/orderhistory>Order History</a> to opt in to having your <strong>Code Card</strong> code delivered digitally due to the nature of the product.",,0.02,0.1,5.95,0.11,,Normal,Code Card,,,,,,,,,
271517,Code Card - Pokemon GO Premium Collection [Radiant Eevee],Code Card Pokemon GO Premium Collection Radiant Eevee,https://tcgplayer-cdn.tcgplayer.com/product/271517_200w.jpg,3,3064,https://cpt.tcgcsv.com/mDb3,2022-07-20T19:42:46.607,1,"This listing is <strong>not</strong> a physical item. Please keep in mind that this <strong>Code Card</strong> listing represents a digital copy of the stated item for the Pokémon TCG Online <strong>and/or</strong> the Pokémon TCG Live games. You may receive the physical <strong>Code Card</strong>. Upon purchase, please work with your specific Seller by sending them a message using the <strong>Contact Seller</strong> button on the order details in your <a href=https://store.tcgplayer.com/myaccount/orderhistory>Order History</a> to opt in to having your <strong>Code Card</strong> code delivered digitally due to the nature of the product.",,0.04,0.1,0.99,0.06,,Normal,Code Card,,,,,,,,,
271518,Code Card - Pokemon GO Special Collection - Team Instinct,Code Card Pokemon GO Special Collection Team Instinct,https://tcgplayer-cdn.tcgplayer.com/product/271518_200w.jpg,3,3064,https://cpt.tcgcsv.com/nDb3,2022-07-20T19:42:47.527,1,"This listing is <strong>not</strong> a physical item. Please keep in mind that this <strong>Code Card</strong> listing represents a digital copy of the stated item for the Pokémon TCG Online <strong>and/or</strong> the Pokémon TCG Live games. You may receive the physical <strong>Code Card</strong>. Upon purchase, please work with your specific Seller by sending them a message using the <strong>Contact Seller</strong> button on the order details in your <a href=https://store.tcgplayer.com/myaccount/orderhistory>Order History</a> to opt in to having your <strong>Code Card</strong> code delivered digitally due to the nature of the product.",,0.03,0.11,0.99,0.08,,Normal,Code Card,,,,,,,,,
271519,Code Card - Pokemon GO Special Collection - Team Mystic,Code Card Pokemon GO Special Collection Team Mystic,https://tcgplayer-cdn.tcgplayer.com/product/271519_200w.jpg,3,3064,https://cpt.tcgcsv.com/pDb3,2022-07-20T19:42:48.86,1,"This listing is <strong>not</strong> a physical item. Please keep in mind that this <strong>Code Card</strong> listing represents a digital copy of the stated item for the Pokémon TCG Online <strong>and/or</strong> the Pokémon TCG Live games. You may receive the physical <strong>Code Card</strong>. Upon purchase, please work with your specific Seller by sending them a message using the <strong>Contact Seller</strong> button on the order details in your <a href=https://store.tcgplayer.com/myaccount/orderhistory>Order History</a> to opt in to having your <strong>Code Card</strong> code delivered digitally due to the nature of the product.",,0.07,0.12,0.5,0.1,,Normal,Code Card,,,,,,,,,
271520,Code Card - Pokemon GO Special Collection - Team Valor,Code Card Pokemon GO Special Collection Team Valor,https://tcgplayer-cdn.tcgplayer.com/product/271520_200w.jpg,3,3064,https://cpt.tcgcsv.com/qDb3,2022-07-20T19:42:49.913,1,"This listing is <strong>not</strong> a physical item. Please keep in mind that this <strong>Code Card</strong> listing represents a digital copy of the stated item for the Pokémon TCG Online <strong>and/or</strong> the Pokémon TCG Live games. You may receive the physical <strong>Code Card</strong>. Upon purchase, please work with your specific Seller by sending them a message using the <strong>Contact Seller</strong> button on the order details in your <a href=https://store.tcgplayer.com/myaccount/orderhistory>Order History</a> to opt in to having your <strong>Code Card</strong> code delivered digitally due to the nature of the product.",,0.09,0.12,0.6,0.1,,Normal,Code Card,,,,,,,,,
271521,Code Card - Pokemon GO Tin [Blissey],Code Card Pokemon GO Tin Blissey,https://tcgplayer-cdn.tcgplayer.com/product/271521_200w.jpg,3,3064,https://cpt.tcgcsv.com/rDb3,2022-07-20T19:42:51.313,1,"This listing is <strong>not</strong> a physical item. Please keep in mind that this <strong>Code Card</strong> listing represents a digital copy of the stated item for the Pokémon TCG Online <strong>and/or</strong> the Pokémon TCG Live games. You may receive the physical <strong>Code Card</strong>. Upon purchase, please work with your specific Seller by sending them a message using the <strong>Contact Seller</strong> button on the order details in your <a href=https://store.tcgplayer.com/myaccount/orderhistory>Order History</a> to opt in to having your <strong>Code Card</strong> code delivered digitally due to the nature of the product.",,0.03,0.1,0.51,0.07,,Normal,Code Card,,,,,,,,,
271522,Code Card - Pokemon GO Tin [Pikachu],Code Card Pokemon GO Tin Pikachu,https://tcgplayer-cdn.tcgplayer.com/product/271522_200w.jpg,3,3064,https://cpt.tcgcsv.com/sDb3,2022-07-20T19:44:21.683,1,"This listing is <strong>not</strong> a physical item. Please keep in mind that this <strong>Code Card</strong> listing represents a digital copy of the stated item for the Pokémon TCG Online <strong>and/or</strong> the Pokémon TCG Live games. You may receive the physical <strong>Code Card</strong>. Upon purchase, please work with your specific Seller by sending them a message using the <strong>Contact Seller</strong> button on the order details in your <a href=https://store.tcgplayer.com/myaccount/orderhistory>Order History</a> to opt in to having your <strong>Code Card</strong> code delivered digitally due to the nature of the product.",,0.02,0.06,0.6,0.05,,Normal,Code Card,,,,,,,,,
271523,Code Card - Pokemon GO Tin [Snorlax],Code Card Pokemon GO Tin Snorlax,https://tcgplayer-cdn.tcgplayer.com/product/271523_200w.jpg,3,3064,https://cpt.tcgcsv.com/tDb3,2022-07-20T19:42:54.143,1,"This listing is <strong>not</strong> a physical item. Please keep in mind that this <strong>Code Card</strong> listing represents a digital copy of the stated item for the Pokémon TCG Online <strong>and/or</strong> the Pokémon TCG Live games. You may receive the physical <strong>Code Card</strong>. Upon purchase, please work with your specific Seller by sending them a message using the <strong>Contact Seller</strong> button on the order details in your <a href=https://store.tcgplayer.com/myaccount/orderhistory>Order History</a> to opt in to having your <strong>Code Card</strong> code delivered digitally due to the nature of the product.",,0.04,0.12,0.55,0.1,,Normal,Code Card,,,,,,,,,
274421,Pokemon GO Booster Pack,Pokemon GO Booster Pack,https://tcgplayer-cdn.tcgplayer.com/product/274421_200w.jpg,3,3064,https://cpt.tcgcsv.com/rNc3,2022-07-01T04:03:10.78,1,Each Pokemon GO booster pack contains 10 random cards.,,6.5,9.25,40.99,8.7,,Normal,,,,,,,,,,
274433,Bulbasaur,Bulbasaur,https://tcgplayer-cdn.tcgplayer.com/product/274433_200w.jpg,3,3064,https://cpt.tcgcsv.com/HNc3,2022-07-01T04:03:10.78,1,,,0.02,0.18,5.11,0.17,,Normal,Common,001/078,Grass,70,Basic,[G] Vine Whip (10),[1G] Razor Leaf (20),Rx2,None,2
274433,Bulbasaur,Bulbasaur,https://tcgplayer-cdn.tcgplayer.com/product/274433_200w.jpg,3,3064,https://cpt.tcgcsv.com/HNc3,2022-07-01T04:03:10.78,1,,,0.09,0.3,3.02,0.25,,Reverse Holofoil,Common,001/078,Grass,70,Basic,[G] Vine Whip (10),[1G] Razor Leaf (20),Rx2,None,2
274434,Ivysaur,Ivysaur,https://tcgplayer-cdn.tcgplayer.com/product/274434_200w.jpg,3,3064,https://cpt.tcgcsv.com/JNc3,2022-08-11T18:39:04.593,1,,,0.15,0.39,2.99,0.34,,Reverse Holofoil,Uncommon,002/078,Grass,100,Stage 1,"[G] Summoning Aroma
<br>Search your deck for up to 2 Pokémon, reveal them, and put them into your hand. Then, shuffle your deck.",[2G] Razor Leaf (60),Rx2,None,3
274434,Ivysaur,Ivysaur,https://tcgplayer-cdn.tcgplayer.com/product/274434_200w.jpg,3,3064,https://cpt.tcgcsv.com/JNc3,2022-08-11T18:39:04.593,1,,,0.02,0.19,5.0,0.13,,Normal,Uncommon,002/078,Grass,100,Stage 1,"[G] Summoning Aroma
<br>Search your deck for up to 2 Pokémon, reveal them, and put them into your hand. Then, shuffle your deck.",[2G] Razor Leaf (60),Rx2,None,3
274435,Venusaur,Venusaur,https://tcgplayer-cdn.tcgplayer.com/product/274435_200w.jpg,3,3064,https://cpt.tcgcsv.com/KNc3,2022-07-01T04:03:10.78,1,"<strong>Ability — Loopy Lasso</strong>
<br>Once during your turn, you may flip a coin. If heads, switch 1 of your opponent's Benched Pokémon with their Active Pokémon, and the new Active Pokémon is now Asleep and Poisoned.",,0.45,0.74,19.99,0.69,,Reverse Holofoil,Holo Rare,003/078,Grass,180,Stage 2,[2GG] Solar Beam (130),,Rx2,None,4
274435,Venusaur,Venusaur,https://tcgplayer-cdn.tcgplayer.com/product/274435_200w.jpg,3,3064,https://cpt.tcgcsv.com/KNc3,2022-07-01T04:03:10.78,1,"<strong>Ability — Loopy Lasso</strong>
<br>Once during your turn, you may flip a coin. If heads, switch 1 of your opponent's Benched Pokémon with their Active Pokémon, and the new Active Pokémon is now Asleep and Poisoned.",,0.16,0.7,25.0,0.68,1.49,Holofoil,Holo Rare,003/078,Grass,180,Stage 2,[2GG] Solar Beam (130),,Rx2,None,4
274436,Charmander,Charmander,https://tcgplayer-cdn.tcgplayer.com/product/274436_200w.jpg,3,3064,https://cpt.tcgcsv.com/LNc3,2022-07-01T04:03:10.78,1,,,0.09,0.41,4.99,0.41,,Reverse Holofoil,Common,008/078,Fire,60,Basic,"[R] Tail on Fire (10)
<br>Search your deck for a Fire Energy card and attach it to this Pokémon. Then, shuffle your deck.",,Wx2,None,1
274436,Charmander,Charmander,https://tcgplayer-cdn.tcgplayer.com/product/274436_200w.jpg,3,3064,https://cpt.tcgcsv.com/LNc3,2022-07-01T04:03:10.78,1,,,0.01,0.18,2.17,0.13,,Normal,Common,008/078,Fire,60,Basic,"[R] Tail on Fire (10)
<br>Search your deck for a Fire Energy card and attach it to this Pokémon. Then, shuffle your deck.",,Wx2,None,1
274438,Charmeleon,Charmeleon,https://tcgplayer-cdn.tcgplayer.com/product/274438_200w.jpg,3,3064,https://cpt.tcgcsv.com/NNc3,2022-08-18T18:02:16.943,1,,,0.15,0.51,4.75,0.49,,Reverse Holofoil,Uncommon,009/078,Fire,90,Stage 1,[1R] Scratch (30),"[2RR] Flamethrower (100)
<br>Discard a Fire Energy from this Pokémon.",Wx2,None,2
274438,Charmeleon,Charmeleon,https://tcgplayer-cdn.tcgplayer.com/product/274438_200w.jpg,3,3064,https://cpt.tcgcsv.com/NNc3,2022-08-18T18:02:16.943,1,,,0.01,0.19,19.99,0.15,0.15,Normal,Uncommon,009/078,Fire,90,Stage 1,[1R] Scratch (30),"[2RR] Flamethrower (100)
<br>Discard a Fire Energy from this Pokémon.",Wx2,None,2
274439,Charizard,Charizard,https://tcgplayer-cdn.tcgplayer.com/product/274439_200w.jpg,3,3064,https://cpt.tcgcsv.com/PNc3,2025-09-18T13:55:41.28,1,"<strong>Ability — Burn Brightly</em>
<br>Each basic R Energy attached to your Pokémon provides RR Energy. You can't apply more than 1 Burn Brightly Ability at a time.",,1.25,2.02,19.95,1.89,2.25,Reverse Holofoil,Holo Rare,010/078,Fire,170,Stage 2,"[2RR] Flare Blitz (170)
<br>Discard all R Energy from this Pokémon.",,Wx2,None,3
274439,Charizard,Charizard,https://tcgplayer-cdn.tcgplayer.com/product/274439_200w.jpg,3,3064,https://cpt.tcgcsv.com/PNc3,2025-09-18T13:55:41.28,1,"<strong>Ability — Burn Brightly</em>
<br>Each basic R Energy attached to your Pokémon provides RR Energy. You can't apply more than 1 Burn Brightly Ability at a time.",,0.76,2.0,50.0,1.74,2.17,Holofoil,Holo Rare,010/078,Fire,170,Stage 2,"[2RR] Flare Blitz (170)
<br>Discard all R Energy from this Pokémon.",,Wx2,None,3
274445,Squirtle,Squirtle,https://tcgplayer-cdn.tcgplayer.com/product/274445_200w.jpg,3,3064,https://cpt.tcgcsv.com/WNc3,2022-07-01T04:03:10.78,1,,,0.01,0.2,2.0,0.19,0.15,Normal,Common,015/078,Water,70,Basic,[W] Water Gun (20),,Lx2,None,1
274445,Squirtle,Squirtle,https://tcgplayer-cdn.tcgplayer.com/product/274445_200w.jpg,3,3064,https://cpt.tcgcsv.com/WNc3,2022-07-01T04:03:10.78,1,,,0.1,0.41,4.99,0.42,,Reverse Holofoil,Common,015/078,Water,70,Basic,[W] Water Gun (20),,Lx2,None,1
274451,Wartortle,Wartortle,https://tcgplayer-cdn.tcgplayer.com/product/274451_200w.jpg,3,3064,https://cpt.tcgcsv.com/2Pc3,2022-07-01T04:03:10.78,1,,,0.15,0.46,4.0,0.43,,Reverse Holofoil,Uncommon,016/078,Water,90,Stage 1,[W] Water Gun (30),"[3] Hydro Pump (50+)
<br>This attack does 10 more damage for each W Energy attached to this Pokémon.",Lx2,None,2
274451,Wartortle,Wartortle,https://tcgplayer-cdn.tcgplayer.com/product/274451_200w.jpg,3,3064,https://cpt.tcgcsv.com/2Pc3,2022-07-01T04:03:10.78,1,,,0.02,0.18,2.0,0.13,,Normal,Uncommon,016/078,Water,90,Stage 1,[W] Water Gun (30),"[3] Hydro Pump (50+)
<br>This attack does 10 more damage for each W Energy attached to this Pokémon.",Lx2,None,2
274453,Blastoise,Blastoise,https://tcgplayer-cdn.tcgplayer.com/product/274453_200w.jpg,3,3064,https://cpt.tcgcsv.com/5Pc3,2025-02-27T04:37:21.427,1,"<strong>Ability — Vitality Spring</strong>
<br>Once during your turn, you may search your deck for up to 6 Energy cards and attach them to your Pokémon in any way you like. Then, shuffle your deck. If you use this Ability, your turn ends.",,0.75,1.58,12.95,1.47,1.97,Reverse Holofoil,Holo Rare,017/078,Water,170,Stage 2,"[3] Hydro Pump (90+)
<br>This attack does 30 more damage for each W Energy attached to this Pokémon.",,Lx2,None,3
274453,Blastoise,Blastoise,https://tcgplayer-cdn.tcgplayer.com/product/274453_200w.jpg,3,3064,https://cpt.tcgcsv.com/5Pc3,2025-02-27T04:37:21.427,1,"<strong>Ability — Vitality Spring</strong>
<br>Once during your turn, you may search your deck for up to 6 Energy cards and attach them to your Pokémon in any way you like. Then, shuffle your deck. If you use this Ability, your turn ends.",,0.3,0.9,10.0,0.85,1.59,Holofoil,Holo Rare,017/078,Water,170,Stage 2,"[3] Hydro Pump (90+)
<br>This attack does 30 more damage for each W Energy attached to this Pokémon.",,Lx2,None,3
274457,Wimpod,Wimpod,https://tcgplayer-cdn.tcgplayer.com/product/274457_200w.jpg,3,3064,https://cpt.tcgcsv.com/9Pc3,2022-07-01T04:03:10.78,1,"<strong>Ability — Punk Out</strong>
<br>If your opponent has any Pokémon V in play, this Pokémon has no Retreat Cost.",,0.01,0.1,2.0,0.06,,Normal,Common,025/078,Water,70,Basic,[W] Gnaw (10),,Lx2,None,3
274457,Wimpod,Wimpod,https://tcgplayer-cdn.tcgplayer.com/product/274457_200w.jpg,3,3064,https://cpt.tcgcsv.com/9Pc3,2022-07-01T04:03:10.78,1,"<strong>Ability — Punk Out</strong>
<br>If your opponent has any Pokémon V in play, this Pokémon has no Retreat Cost.",,0.04,0.25,2.0,0.24,,Reverse Holofoil,Common,025/078,Water,70,Basic,[W] Gnaw (10),,Lx2,None,3
274459,Golisopod,Golisopod,https://tcgplayer-cdn.tcgplayer.com/product/274459_200w.jpg,3,3064,https://cpt.tcgcsv.com/cPc3,2022-07-01T04:03:10.78,1,,,0.1,0.26,2.0,0.27,,Reverse Holofoil,Holo Rare,026/078,Water,130,Stage 1,"[W] First Impression (20+)
<br>If this Pokémon moved from your Bench to the Active Spot this turn, this attack does 90 more damage.",[2W] Slash (100),Lx2,None,2
274459,Golisopod,Golisopod,https://tcgplayer-cdn.tcgplayer.com/product/274459_200w.jpg,3,3064,https://cpt.tcgcsv.com/cPc3,2022-07-01T04:03:10.78,1,,,0.04,0.2,2.99,0.18,0.14,Holofoil,Holo Rare,026/078,Water,130,Stage 1,"[W] First Impression (20+)
<br>If this Pokémon moved from your Bench to the Active Spot this turn, this attack does 90 more damage.",[2W] Slash (100),Lx2,None,2
274461,Pikachu (28),Pikachu 28,https://tcgplayer-cdn.tcgplayer.com/product/274461_200w.jpg,3,3064,https://cpt.tcgcsv.com/fPc3,2022-07-01T04:03:10.78,1,,,0.3,0.63,5.95,0.62,,Reverse Holofoil,Holo Rare,028/078,Lightning,70,Basic,"[1LL] Wild Charge (90)
<br>This Pokémon also does 30 damage to itself.",,Fx2,None,1
274461,Pikachu (28),Pikachu 28,https://tcgplayer-cdn.tcgplayer.com/product/274461_200w.jpg,3,3064,https://cpt.tcgcsv.com/fPc3,2022-07-01T04:03:10.78,1,,,0.2,0.57,15.0,0.84,,Holofoil,Holo Rare,028/078,Lightning,70,Basic,"[1LL] Wild Charge (90)
<br>This Pokémon also does 30 damage to itself.",,Fx2,None,1
274465,Radiant Venusaur,Radiant Venusaur,https://tcgplayer-cdn.tcgplayer.com/product/274465_200w.jpg,3,3064,https://cpt.tcgcsv.com/kPc3,2024-06-03T10:11:16.25,1,"<strong>Ability — Sunny Bloom</strong>
<br>Once at the end of your turn <em>(after your attack)</em>, you may use this Ability. Draw cards until you have 4 cards in your hand.",,3.03,5.99,500.0,5.22,6.38,Holofoil,Radiant Rare,004/078,Grass,150,Basic,"[1GG] Pollen Hazard (90)
<br>Your opponent's Active Pokémon is now Burned, Confused, and Poisoned.",,Rx2,None,3
274467,Radiant Charizard,Radiant Charizard,https://tcgplayer-cdn.tcgplayer.com/product/274467_200w.jpg,3,3064,https://cpt.tcgcsv.com/mPc3,2025-01-30T09:10:22.023,1,"<strong>Ability — Excited Heart</strong>
<br>This Pokémon's attacks cost C less for each Prize card your opponent has taken.",,16.99,22.67,2000.0,21.14,25.24,Holofoil,Radiant Rare,011/078,Fire,160,Basic,"[4R] Combustion Blast (250)
<br>During your next turn, this Pokémon can't use Combustion Blast.",,Wx2,None,3
274468,Radiant Blastoise,Radiant Blastoise,https://tcgplayer-cdn.tcgplayer.com/product/274468_200w.jpg,3,3064,https://cpt.tcgcsv.com/nPc3,2025-03-13T11:25:34.797,1,"<strong>Ability — Pump Shot</strong>
<br>You must discard a W Energy card from your hand in order to use this Ability. Once during your turn, you may put 2 damage counters on 1 of your opponent's Benched Pokémon.",,4.93,7.94,65.0,6.75,7.34,Holofoil,Radiant Rare,018/078,Water,150,Basic,"[1WW] Torrential Cannon (170)
<br>During your next turn, this Pokémon can't use Torrential Cannon.",,Lx2,None,2
274470,Mewtwo V (Alternate Full Art),Mewtwo V Alternate Full Art,https://tcgplayer-cdn.tcgplayer.com/product/274470_200w.jpg,3,3064,https://cpt.tcgcsv.com/qPc3,2024-09-25T18:10:17.213,1,,,66.25,94.96,168.0,82.95,69.99,Holofoil,Ultra Rare,072/078,Psychic,220,Basic,[1P] Super Psy Bolt (50),"[1PP] Transfer Break (160)
<br>Move an Energy from this Pokémon to 1 of your Benched Pokémon.",Dx2,F-30,2
275825,Pokemon GO Pin Collection [Bulbasaur],Pokemon GO Pin Collection Bulbasaur,https://tcgplayer-cdn.tcgplayer.com/product/275825_200w.jpg,3,3064,https://cpt.tcgcsv.com/wld3,2022-09-02T04:03:07.71,1,"Celebrate your journey as a Pokémon Trainer, and get ready for brand-new adventures with Bulbasaur! The Kanto region’s first partner Pokémon is here as a playable promo card and gleaming enamel pin, along with booster packs from the Pokémon GO expansion so you can discover even more Pokémon friends!
<br>This product contains:
<br>• 1 foil promo card featuring Bulbasaur
<br>• A collector’s pin featuring Bulbasaur
<br>• 3 Pokémon TCG: Pokémon GO booster packs
<br>• A code card for Pokémon TCG Live",0820650850813,54.99,54.99,54.99,26.82,,Normal,,,,,,,,,,
275826,Pokemon GO Pin Collection [Charmander],Pokemon GO Pin Collection Charmander,https://tcgplayer-cdn.tcgplayer.com/product/275826_200w.jpg,3,3064,https://cpt.tcgcsv.com/xld3,2022-09-02T04:03:07.71,1,"Celebrate your journey as a Pokémon Trainer, and get ready for brand-new adventures with Charmander! The Kanto region’s first partner Pokémon is here as a playable promo card and gleaming enamel pin, along with booster packs from the Pokémon GO expansion so you can discover even more Pokémon friends!
<br>This product contains:
<br>• 1 foil promo card featuring Charmander
<br>• A collector’s pin featuring Charmander
<br>• 3 Pokémon TCG: Pokémon GO booster packs
<br>• A code card for Pokémon TCG Live",0820650850813,27.99,29.98,34.97,27.61,,Normal,,,,,,,,,,
275827,Pokemon GO Pin Collection [Squirtle],Pokemon GO Pin Collection Squirtle,https://tcgplayer-cdn.tcgplayer.com/product/275827_200w.jpg,3,3064,https://cpt.tcgcsv.com/zld3,2022-09-02T04:03:07.71,1,"Celebrate your journey as a Pokémon Trainer, and get ready for brand-new adventures with Squirtle! The Kanto region’s first partner Pokémon is here as a playable promo card and gleaming enamel pin, along with booster packs from the Pokémon GO expansion so you can discover even more Pokémon friends!
<br>This product contains:
<br>• 1 foil promo card featuring Squirtle
<br>• A collector’s pin featuring Squirtle
<br>• 3 Pokémon TCG: Pokémon GO booster packs
<br>• A code card for Pokémon TCG Live",0820650850813,45.0,48.45,51.95,28.39,,Normal,,,,,,,,,,
275831,Code Card - Pokemon GO Pin Collection [Bulbasaur],Code Card Pokemon GO Pin Collection Bulbasaur,https://tcgplayer-cdn.tcgplayer.com/product/275831_200w.jpg,3,3064,https://cpt.tcgcsv.com/Fld3,2022-09-02T04:03:07.71,1,"This listing is <strong>not</strong> a physical item. Please keep in mind that this <strong>Code Card</strong> listing represents a digital copy of the stated item for the Pokémon TCG Online <strong>and/or</strong> the Pokémon TCG Live games. You may receive the physical <strong>Code Card</strong>. Upon purchase, please work with your specific Seller by sending them a message using the <strong>Contact Seller</strong> button on the order details in your <a href=https://store.tcgplayer.com/myaccount/orderhistory>Order History</a> to opt in to having your <strong>Code Card</strong> code delivered digitally due to the nature of the product.",,0.03,0.1,2.99,0.07,,Normal,Code Card,,,,,,,,,
275832,Code Card - Pokemon GO Pin Collection [Charmander],Code Card Pokemon GO Pin Collection Charmander,https://tcgplayer-cdn.tcgplayer.com/product/275832_200w.jpg,3,3064,https://cpt.tcgcsv.com/Gld3,2022-09-02T04:03:07.71,1,"This listing is <strong>not</strong> a physical item. Please keep in mind that this <strong>Code Card</strong> listing represents a digital copy of the stated item for the Pokémon TCG Online <strong>and/or</strong> the Pokémon TCG Live games. You may receive the physical <strong>Code Card</strong>. Upon purchase, please work with your specific Seller by sending them a message using the <strong>Contact Seller</strong> button on the order details in your <a href=https://store.tcgplayer.com/myaccount/orderhistory>Order History</a> to opt in to having your <strong>Code Card</strong> code delivered digitally due to the nature of the product.",,0.02,0.08,3.99,0.07,,Normal,Code Card,,,,,,,,,
275833,Code Card - Pokemon GO Pin Collection [Squirtle],Code Card Pokemon GO Pin Collection Squirtle,https://tcgplayer-cdn.tcgplayer.com/product/275833_200w.jpg,3,3064,https://cpt.tcgcsv.com/Hld3,2022-09-02T04:03:07.71,1,"This listing is <strong>not</strong> a physical item. Please keep in mind that this <strong>Code Card</strong> listing represents a digital copy of the stated item for the Pokémon TCG Online <strong>and/or</strong> the Pokémon TCG Live games. You may receive the physical <strong>Code Card</strong>. Upon purchase, please work with your specific Seller by sending them a message using the <strong>Contact Seller</strong> button on the order details in your <a href=https://store.tcgplayer.com/myaccount/orderhistory>Order History</a> to opt in to having your <strong>Code Card</strong> code delivered digitally due to the nature of the product.",,0.04,0.09,2.99,0.09,,Normal,Code Card,,,,,,,,,
275842,Pokemon GO Premier Deck Holder Collection [Dragonite VSTAR],Pokemon GO Premier Deck Holder Collection Dragonite VSTAR,https://tcgplayer-cdn.tcgplayer.com/product/275842_200w.jpg,3,3064,https://cpt.tcgcsv.com/Sld3,2022-09-30T04:03:16.653,1,"An epic Raid Battle brings mighty rewards: a powerful Dragonite VSTAR for your collection and
a Premier Ball holder for your favorite deck! With a VSTAR Power that shares loads of Energy
with your Pokémon, Dragonite VSTAR soars to strategic heights, and you’ll receive it along with
Dragonite V in this special collection featuring the Pokémon TCG: Pokémon GO expansion. To top
it off, the sturdy Premier Ball case holds a fully sleeved deck of cards for an ultimate statement
of Pokémon Trainer style!
<br>The Pokémon TCG: Pokémon GO Premier Deck Holder Collection contains:
<br>• 1 etched foil promo card featuring Dragonite VSTAR
<br>• 1 foil promo card featuring Dragonite V
<br>• 1 deck holder shaped like a Premier Ball
<br>• 9 Pokémon GO booster packs
<br>• A code card for Pokémon TCG Live",0820650870798,61.79,74.45,380.0,66.82,,Normal,,,,,,,,,,
275845,Pokemon GO Pin Collection [Set of 3],Pokemon GO Pin Collection Set of 3,https://tcgplayer-cdn.tcgplayer.com/product/275845_200w.jpg,3,3064,https://cpt.tcgcsv.com/Wld3,2022-09-02T04:03:07.71,1,"This contains one of each style from the pin collection.
<br>• Pokémon GO Pin Collection [Bulbasaur]
<br>• Pokémon GO Pin Collection [Charmander]
<br>• Pokémon GO Pin Collection [Squirtle]",0820650850813,91.0,98.37,479.0,86.82,,Normal,,,,,,,,,,
276943,Alolan Exeggutor V,Alolan Exeggutor V,https://tcgplayer-cdn.tcgplayer.com/product/276943_200w.jpg,3,3064,https://cpt.tcgcsv.com/TNd3,2023-01-09T22:46:04.21,1,,,0.34,0.99,10.38,0.72,,Holofoil,Ultra Rare,005/078,Grass,240,Basic,"[G] Growing Tall
<br>Flip a coin. If heads, search your deck for up to 5 G Energy cards and attach them to your Pokémon in any way you like. Then, shuffle your deck.","[3] Head Swing
<br>This attack does 30 damage to 1 of your opponent's Pokémon for each G Energy attached to this Pokémon. <em>(Don't apply Weakness and Resistance for Benched Pokémon.)</em>",Rx2,None,3
276944,Spinarak,Spinarak,https://tcgplayer-cdn.tcgplayer.com/product/276944_200w.jpg,3,3064,https://cpt.tcgcsv.com/VNd3,2022-07-01T04:03:10.78,1,,,0.01,0.11,6.05,0.09,,Normal,Common,006/078,Grass,60,Basic,"[G] Poison Sting (10)
<br>Flip a coin. If heads, your opponent's Active Pokémon is now Poisoned.",,Rx2,None,1
276944,Spinarak,Spinarak,https://tcgplayer-cdn.tcgplayer.com/product/276944_200w.jpg,3,3064,https://cpt.tcgcsv.com/VNd3,2022-07-01T04:03:10.78,1,,,0.05,0.26,7.0,0.26,,Reverse Holofoil,Common,006/078,Grass,60,Basic,"[G] Poison Sting (10)
<br>Flip a coin. If heads, your opponent's Active Pokémon is now Poisoned.",,Rx2,None,1
276945,Ariados,Ariados,https://tcgplayer-cdn.tcgplayer.com/product/276945_200w.jpg,3,3064,https://cpt.tcgcsv.com/WNd3,2022-07-01T04:03:10.78,1,,,0.01,0.1,2.0,0.08,,Normal,Uncommon,007/078,Grass,110,Stage 1,"[1] Poison String-Up (20)
<br>Flip a coin. If heads, your opponent's Active Pokémon is now Paralyzed and Poisoned.",[1G] Absorb (50),Rx2,None,1
276945,Ariados,Ariados,https://tcgplayer-cdn.tcgplayer.com/product/276945_200w.jpg,3,3064,https://cpt.tcgcsv.com/WNd3,2022-07-01T04:03:10.78,1,,,0.1,0.27,2.0,0.28,,Reverse Holofoil,Uncommon,007/078,Grass,110,Stage 1,"[1] Poison String-Up (20)
<br>Flip a coin. If heads, your opponent's Active Pokémon is now Paralyzed and Poisoned.",[1G] Absorb (50),Rx2,None,1
276946,Pikachu (27),Pikachu 27,https://tcgplayer-cdn.tcgplayer.com/product/276946_200w.jpg,3,3064,https://cpt.tcgcsv.com/XNd3,2022-09-01T18:16:26.163,1,,,0.01,0.17,2.0,0.14,0.14,Normal,Common,027/078,Lightning,60,Basic,"[2L] Buddy Bolt (30+)
<br>If you played a Supporter card from your hand during this turn, this attack does 30 more damage.",,Fx2,None,1
276946,Pikachu (27),Pikachu 27,https://tcgplayer-cdn.tcgplayer.com/product/276946_200w.jpg,3,3064,https://cpt.tcgcsv.com/XNd3,2022-09-01T18:16:26.163,1,,,0.13,0.35,3.0,0.37,,Reverse Holofoil,Common,027/078,Lightning,60,Basic,"[2L] Buddy Bolt (30+)
<br>If you played a Supporter card from your hand during this turn, this attack does 30 more damage.",,Fx2,None,1
276947,Numel,Numel,https://tcgplayer-cdn.tcgplayer.com/product/276947_200w.jpg,3,3064,https://cpt.tcgcsv.com/ZNd3,2022-07-01T04:03:10.78,1,,,0.01,0.1,5.01,0.08,0.03,Normal,Common,013/078,Fire,80,Basic,[1R] Tackle (20),"[1RR] Stomp (50+)
<br>Flip a coin. If heads, this attack does 50 more damage.",Wx2,None,3
276947,Numel,Numel,https://tcgplayer-cdn.tcgplayer.com/product/276947_200w.jpg,3,3064,https://cpt.tcgcsv.com/ZNd3,2022-07-01T04:03:10.78,1,,,0.08,0.26,2.0,0.27,,Reverse Holofoil,Common,013/078,Fire,80,Basic,[1R] Tackle (20),"[1RR] Stomp (50+)
<br>Flip a coin. If heads, this attack does 50 more damage.",Wx2,None,3
276948,Camerupt,Camerupt,https://tcgplayer-cdn.tcgplayer.com/product/276948_200w.jpg,3,3064,https://cpt.tcgcsv.com/-Nd3,2022-07-01T04:03:10.78,1,,,0.05,0.24,2.0,0.21,,Reverse Holofoil,Uncommon,014/078,Fire,140,Stage 1,"[1R] Split Bomb
<br>This attack does 50 damage to 2 of your opponent's Pokémon. <em>(Don't apply Weakness and Resistance for Benched Pokémon.)</em>",[1RR] Heat Blast (120),Wx2,None,4
276948,Camerupt,Camerupt,https://tcgplayer-cdn.tcgplayer.com/product/276948_200w.jpg,3,3064,https://cpt.tcgcsv.com/-Nd3,2022-07-01T04:03:10.78,1,,,0.01,0.1,22.0,0.07,,Normal,Uncommon,014/078,Fire,140,Stage 1,"[1R] Split Bomb
<br>This attack does 50 damage to 2 of your opponent's Pokémon. <em>(Don't apply Weakness and Resistance for Benched Pokémon.)</em>",[1RR] Heat Blast (120),Wx2,None,4
276949,Slowpoke,Slowpoke,https://tcgplayer-cdn.tcgplayer.com/product/276949_200w.jpg,3,3064,https://cpt.tcgcsv.com/_Nd3,2022-07-01T04:03:10.78,1,,,0.01,0.34,2.0,0.34,,Reverse Holofoil,Common,019/078,Water,70,Basic,"[1] Hold Still
<br>Heal 30 damage from this Pokémon.","[W] Ideal Fishing Day
<br>Put an Item card from your discard pile into your hand.",Lx2,None,2
276949,Slowpoke,Slowpoke,https://tcgplayer-cdn.tcgplayer.com/product/276949_200w.jpg,3,3064,https://cpt.tcgcsv.com/_Nd3,2022-07-01T04:03:10.78,1,,,0.01,0.14,2.0,0.13,,Normal,Common,019/078,Water,70,Basic,"[1] Hold Still
<br>Heal 30 damage from this Pokémon.","[W] Ideal Fishing Day
<br>Put an Item card from your discard pile into your hand.",Lx2,None,2
276950,Slowbro,Slowbro,https://tcgplayer-cdn.tcgplayer.com/product/276950_200w.jpg,3,3064,https://cpt.tcgcsv.com/0Pd3,2022-07-01T04:03:10.78,1,,,0.05,0.33,1.49,0.31,,Reverse Holofoil,Uncommon,020/078,Water,120,Stage 1,"[1] Tumbling Tackle (20)
<br>Both Active Pokémon are now Asleep.","[2] Twilight Inspiration
<br>You can use this attack only if your opponent has exactly 1 Prize card remaining. Take 2 Prize cards.",Lx2,None,3
276950,Slowbro,Slowbro,https://tcgplayer-cdn.tcgplayer.com/product/276950_200w.jpg,3,3064,https://cpt.tcgcsv.com/0Pd3,2022-07-01T04:03:10.78,1,,,0.01,0.15,5.0,0.15,,Normal,Uncommon,020/078,Water,120,Stage 1,"[1] Tumbling Tackle (20)
<br>Both Active Pokémon are now Asleep.","[2] Twilight Inspiration
<br>You can use this attack only if your opponent has exactly 1 Prize card remaining. Take 2 Prize cards.",Lx2,None,3
276951,Magikarp,Magikarp,https://tcgplayer-cdn.tcgplayer.com/product/276951_200w.jpg,3,3064,https://cpt.tcgcsv.com/2Pd3,2022-07-01T04:03:10.78,1,,,0.05,0.24,5.0,0.22,,Reverse Holofoil,Common,021/078,Water,30,Basic,"[1] Lively Grouping
<br>Search your deck for any number of Magikarp, reveal them, and put them into your hand. Then, shuffle your deck.","[2] Raging Fin (10+)
<br>This attack does 30 more damage for each Magikarp and Gyarados in your discard pile.",Lx2,None,1
276951,Magikarp,Magikarp,https://tcgplayer-cdn.tcgplayer.com/product/276951_200w.jpg,3,3064,https://cpt.tcgcsv.com/2Pd3,2022-07-01T04:03:10.78,1,,,0.01,0.14,2.0,0.12,,Normal,Common,021/078,Water,30,Basic,"[1] Lively Grouping
<br>Search your deck for any number of Magikarp, reveal them, and put them into your hand. Then, shuffle your deck.","[2] Raging Fin (10+)
<br>This attack does 30 more damage for each Magikarp and Gyarados in your discard pile.",Lx2,None,1
276953,Moltres,Moltres,https://tcgplayer-cdn.tcgplayer.com/product/276953_200w.jpg,3,3064,https://cpt.tcgcsv.com/5Pd3,2025-01-31T09:44:46.773,1,"<strong>Ability — Flare Symbol</strong>
<br>Your basic R Pokémon's attacks, except any Moltres, do 10 more damage to your opponent's Active Pokèmon <em>(before applying Weakness and Resistance).</em>",,0.1,0.32,2.99,0.31,,Reverse Holofoil,Holo Rare,012/078,Fire,120,Basic,[1RR] Fire Wing (110),,Wx2,None,3
276953,Moltres,Moltres,https://tcgplayer-cdn.tcgplayer.com/product/276953_200w.jpg,3,3064,https://cpt.tcgcsv.com/5Pd3,2025-01-31T09:44:46.773,1,"<strong>Ability — Flare Symbol</strong>
<br>Your basic R Pokémon's attacks, except any Moltres, do 10 more damage to your opponent's Active Pokèmon <em>(before applying Weakness and Resistance).</em>",,0.05,0.29,10.3,0.24,0.26,Holofoil,Holo Rare,012/078,Fire,120,Basic,[1RR] Fire Wing (110),,Wx2,None,3
276954,Zapdos,Zapdos,https://tcgplayer-cdn.tcgplayer.com/product/276954_200w.jpg,3,3064,https://cpt.tcgcsv.com/6Pd3,2024-06-08T13:28:24.51,1,"<strong>Ability — Lightning Symbol</strong>
<br>Your basic L Pokémon's attacks, except any Zapdos, do 10 more damage to your opponent's Active Pokémon <em>(before applying Weakness and Resistance).</em>",,0.09,0.35,9.99,0.25,0.23,Holofoil,Holo Rare,029/078,Lighnting,120,Basic,[1LL] Electric Ball (110),,Fx2,None,2
276954,Zapdos,Zapdos,https://tcgplayer-cdn.tcgplayer.com/product/276954_200w.jpg,3,3064,https://cpt.tcgcsv.com/6Pd3,2024-06-08T13:28:24.51,1,"<strong>Ability — Lightning Symbol</strong>
<br>Your basic L Pokémon's attacks, except any Zapdos, do 10 more damage to your opponent's Active Pokémon <em>(before applying Weakness and Resistance).</em>",,0.19,0.54,4.25,0.51,,Reverse Holofoil,Holo Rare,029/078,Lighnting,120,Basic,[1LL] Electric Ball (110),,Fx2,None,2
276955,Gyarados,Gyarados,https://tcgplayer-cdn.tcgplayer.com/product/276955_200w.jpg,3,3064,https://cpt.tcgcsv.com/7Pd3,2024-10-29T12:46:00.647,1,,,0.15,0.35,2.0,0.31,,Reverse Holofoil,Holo Rare,022/078,Water,170,Stage 1,"[1] Wreak Havoc
<br>Flip a coin until you get tails. For each heads, discard the top 2 cards of your opponent's deck.","[2WW] Wild Splash (230)
<br>Discard the top 5 cards of your deck.",Lx2,None,3
276955,Gyarados,Gyarados,https://tcgplayer-cdn.tcgplayer.com/product/276955_200w.jpg,3,3064,https://cpt.tcgcsv.com/7Pd3,2024-10-29T12:46:00.647,1,,,0.1,0.29,5.35,0.25,,Holofoil,Holo Rare,022/078,Water,170,Stage 1,"[1] Wreak Havoc
<br>Flip a coin until you get tails. For each heads, discard the top 2 cards of your opponent's deck.","[2WW] Wild Splash (230)
<br>Discard the top 5 cards of your deck.",Lx2,None,3
276957,Lapras,Lapras,https://tcgplayer-cdn.tcgplayer.com/product/276957_200w.jpg,3,3064,https://cpt.tcgcsv.com/9Pd3,2022-07-01T04:03:10.78,1,,,0.03,0.25,4.99,0.19,,Holofoil,Holo Rare,023/078,Water,120,Basic,"[W] Ice Beam (20)
<br>Flip a coin. If heads, your opponent's Active Pokémon is now Paralyzed.",[1WW] Surf (110),Lx2,None,2
276957,Lapras,Lapras,https://tcgplayer-cdn.tcgplayer.com/product/276957_200w.jpg,3,3064,https://cpt.tcgcsv.com/9Pd3,2022-07-01T04:03:10.78,1,,,0.1,0.3,4.17,0.3,,Reverse Holofoil,Holo Rare,023/078,Water,120,Basic,"[W] Ice Beam (20)
<br>Flip a coin. If heads, your opponent's Active Pokémon is now Paralyzed.",[1WW] Surf (110),Lx2,None,2
276959,Articuno,Articuno,https://tcgplayer-cdn.tcgplayer.com/product/276959_200w.jpg,3,3064,https://cpt.tcgcsv.com/cPd3,2024-04-01T20:10:03.41,1,"<strong>Ability — Ice Symbol</strong>
<br>Your Basic W Pokémon's attacks, except any Articuno, do 10 more damage to your opponent's Active Pokémon <em>(before applying Weakness and Resistance).</em>",,0.09,0.27,9.99,0.25,,Holofoil,Holo Rare,024/078,Water,120,Basic,[1WW] Freezing Wind (110),,Mx2,None,2
276959,Articuno,Articuno,https://tcgplayer-cdn.tcgplayer.com/product/276959_200w.jpg,3,3064,https://cpt.tcgcsv.com/cPd3,2024-04-01T20:10:03.41,1,"<strong>Ability — Ice Symbol</strong>
<br>Your Basic W Pokémon's attacks, except any Articuno, do 10 more damage to your opponent's Active Pokémon <em>(before applying Weakness and Resistance).</em>",,0.15,0.3,2.0,0.31,,Reverse Holofoil,Holo Rare,024/078,Water,120,Basic,[1WW] Freezing Wind (110),,Mx2,None,2
276960,Mewtwo V,Mewtwo V,https://tcgplayer-cdn.tcgplayer.com/product/276960_200w.jpg,3,3064,https://cpt.tcgcsv.com/dPd3,2024-10-19T04:25:50.037,1,,,2.99,4.5,100.0,3.72,,Holofoil,Ultra Rare,030/078,Psychic,220,Basic,[1P] Super Psy Bolt (50),"[1PP] Transfer Break (160)
<br>Move an Energy from this Pokémon to 1 of your Benched Pokémon.",Dx2,F-30,2
276962,Dragonite V,Dragonite V,https://tcgplayer-cdn.tcgplayer.com/product/276962_200w.jpg,3,3064,https://cpt.tcgcsv.com/gPd3,2023-10-18T13:58:18.263,1,,,2.5,3.75,99.99,3.14,,Holofoil,Ultra Rare,049/078,Dragon,230,Basic,"[WL] Hyper Beam (60)
<br>Discard an Energy from your opponent's Active Pokémon.",[1WL] Buster Tail (160),None,None,2
276963,Mewtwo VSTAR,Mewtwo VSTAR,https://tcgplayer-cdn.tcgplayer.com/product/276963_200w.jpg,3,3064,https://cpt.tcgcsv.com/hPd3,2024-04-14T13:18:50.397,1,,,3.49,7.0,2000.0,5.46,7.29,Holofoil,Ultra Rare,031/078,Psychic,280,VSTAR,"[1P] Psy Purge (90x)
<br>Discard up to 3 P Energy from your Pokémon. This does 90 damage for each card you discarded in this way.","<span style=""color:gold""><strong>VSTAR Power</strong></span>
<br>[1P] Star Raid
<br>This attack does 120 damage to each of your opponent's Pokémon V. This damage isn't affected by Weakness or Resistance. (You can't use more than 1 VSTAR Power in a game.)",Dx2,F-30,2
276964,Dragonite VSTAR,Dragonite VSTAR,https://tcgplayer-cdn.tcgplayer.com/product/276964_200w.jpg,3,3064,https://cpt.tcgcsv.com/jPd3,2024-10-18T05:41:16.377,1,,,1.2,2.41,99.99,2.43,3.16,Holofoil,Ultra Rare,050/078,Dragon,280,VSTAR,"[2WL] Giga Impact (250)
<br>During your next turn, this Pokémon can't attack.","<span style=""color:gold""><strong>VSTAR Power</strong></span>
<br>[1] Draconic Star
<br>Look at the top 12 cards of your deck and attach any number of W or L Energy cards you find there to your Pokémon in any way you like. Shuffle the other cards back into your deck. <em>(You can't use more than 1 VSTAR Power in a game.)</em>",None,None,2
276965,Chansey,Chansey,https://tcgplayer-cdn.tcgplayer.com/product/276965_200w.jpg,3,3064,https://cpt.tcgcsv.com/kPd3,2022-07-01T04:03:10.78,1,,,0.1,0.26,2.0,0.25,,Reverse Holofoil,Uncommon,051/078,Colorless,130,Basic,"[1] Delicious Egg
<br>Heal 30 damage from 1 of your Benched Pokémon.",[2] Gentle Slap (30),Fx2,None,3
276965,Chansey,Chansey,https://tcgplayer-cdn.tcgplayer.com/product/276965_200w.jpg,3,3064,https://cpt.tcgcsv.com/kPd3,2022-07-01T04:03:10.78,1,,,0.01,0.15,2.0,0.15,,Normal,Uncommon,051/078,Colorless,130,Basic,"[1] Delicious Egg
<br>Heal 30 damage from 1 of your Benched Pokémon.",[2] Gentle Slap (30),Fx2,None,3
276966,Natu,Natu,https://tcgplayer-cdn.tcgplayer.com/product/276966_200w.jpg,3,3064,https://cpt.tcgcsv.com/lPd3,2022-07-01T04:03:10.78,1,,,0.09,0.24,1.49,0.23,,Reverse Holofoil,Common,032/078,Psychic,50,Basic,"[1] Nap
<br>Heal 20 damage from this Pokémon.",[1P] Peck (20),Dx2,F-30,1
276966,Natu,Natu,https://tcgplayer-cdn.tcgplayer.com/product/276966_200w.jpg,3,3064,https://cpt.tcgcsv.com/lPd3,2022-07-01T04:03:10.78,1,,,0.01,0.1,2.0,0.1,,Normal,Common,032/078,Psychic,50,Basic,"[1] Nap
<br>Heal 20 damage from this Pokémon.",[1P] Peck (20),Dx2,F-30,1
276967,Blissey,Blissey,https://tcgplayer-cdn.tcgplayer.com/product/276967_200w.jpg,3,3064,https://cpt.tcgcsv.com/mPd3,2022-08-27T08:58:42.82,1,,,0.09,0.3,2.0,0.35,,Reverse Holofoil,Holo Rare,052/078,Colorless,200,Stage 1,"[1] Enriching Egg
<br>Heal all damage from 1 of your Benched Pokémon.",[3] Zen Headbutt (100),Fx2,None,4
276967,Blissey,Blissey,https://tcgplayer-cdn.tcgplayer.com/product/276967_200w.jpg,3,3064,https://cpt.tcgcsv.com/mPd3,2022-08-27T08:58:42.82,1,,,0.04,0.21,4.99,0.16,,Holofoil,Holo Rare,052/078,Colorless,200,Stage 1,"[1] Enriching Egg
<br>Heal all damage from 1 of your Benched Pokémon.",[3] Zen Headbutt (100),Fx2,None,4
276969,Xatu,Xatu,https://tcgplayer-cdn.tcgplayer.com/product/276969_200w.jpg,3,3064,https://cpt.tcgcsv.com/pPd3,2022-07-01T04:03:10.78,1,,,0.01,0.11,2.0,0.09,,Normal,Uncommon,033/078,Psychic,110,Stage 1,"[P] Pinpoint Wave
<br.This attack does 90 damage to 1 of your opponent's Pokémon V. This damage isn't affected by Weakness or Resistance.","[1P] Mind Bend (50)
<br>Your opponent's Active Pokémon is now Confused.",Dx2,F-30,0
276969,Xatu,Xatu,https://tcgplayer-cdn.tcgplayer.com/product/276969_200w.jpg,3,3064,https://cpt.tcgcsv.com/pPd3,2022-07-01T04:03:10.78,1,,,0.09,0.24,2999.99,0.21,,Reverse Holofoil,Uncommon,033/078,Psychic,110,Stage 1,"[P] Pinpoint Wave
<br.This attack does 90 damage to 1 of your opponent's Pokémon V. This damage isn't affected by Weakness or Resistance.","[1P] Mind Bend (50)
<br>Your opponent's Active Pokémon is now Confused.",Dx2,F-30,0
276971,Ditto,Ditto,https://tcgplayer-cdn.tcgplayer.com/product/276971_200w.jpg,3,3064,https://cpt.tcgcsv.com/rPd3,2022-10-13T12:36:53.057,1,"<strong>Ability — Sudden Transformation</strong>
<br>This Pokémon can use the attacks of any Basic Pokémon in your discard pile, except for Pokémon with a Rule Box <em>(Pokémon V, Pokémon-GX, etc. have Rule Boxes). (You still need the necessary Energy to use each attack.)",,1.02,2.28,15.0,2.29,2.99,Holofoil,Holo Rare,053/078,Colorless,70,Basic,,,Fx2,None,1
276972,Lunatone,Lunatone,https://tcgplayer-cdn.tcgplayer.com/product/276972_200w.jpg,3,3064,https://cpt.tcgcsv.com/sPd3,2022-08-19T11:22:50.277,1,,,0.07,0.26,3.95,0.29,,Reverse Holofoil,Uncommon,034/078,Psychic,90,Basic,"[P] Cycle Draw
<br>Discard a card from your hand. If you do, draw 3 cards.","[3] Moon Kinesis (30+)
<br>This attack does 30 more damage for each P Energy attached to this Pokémon.",Dx2,F-30,1
276972,Lunatone,Lunatone,https://tcgplayer-cdn.tcgplayer.com/product/276972_200w.jpg,3,3064,https://cpt.tcgcsv.com/sPd3,2022-08-19T11:22:50.277,1,,,0.01,0.1,2.0,0.1,,Normal,Uncommon,034/078,Psychic,90,Basic,"[P] Cycle Draw
<br>Discard a card from your hand. If you do, draw 3 cards.","[3] Moon Kinesis (30+)
<br>This attack does 30 more damage for each P Energy attached to this Pokémon.",Dx2,F-30,1
276973,Eevee,Eevee,https://tcgplayer-cdn.tcgplayer.com/product/276973_200w.jpg,3,3064,https://cpt.tcgcsv.com/tPd3,2022-07-01T04:03:10.78,1,,,0.01,0.2,2.0,0.2,0.14,Normal,Common,054/078,Colorless,60,Basic,"[1] Whiny Voice
<br>Choose a random card from your opponent's hand. Your opponent reveals that card and shuffles it into their deck.",[2] Tackle (20),Fx2,None,1
276973,Eevee,Eevee,https://tcgplayer-cdn.tcgplayer.com/product/276973_200w.jpg,3,3064,https://cpt.tcgcsv.com/tPd3,2022-07-01T04:03:10.78,1,,,0.1,0.27,2.0,0.25,,Reverse Holofoil,Common,054/078,Colorless,60,Basic,"[1] Whiny Voice
<br>Choose a random card from your opponent's hand. Your opponent reveals that card and shuffles it into their deck.",[2] Tackle (20),Fx2,None,1
276974,Snorlax,Snorlax,https://tcgplayer-cdn.tcgplayer.com/product/276974_200w.jpg,3,3064,https://cpt.tcgcsv.com/vPd3,2025-01-24T10:36:01.483,1,"<strong>Ability — Block</strong>
<br>As long as this Pokémon is in the Active Spot, your opponent's Active Pokémon can't retreat.",,0.17,0.55,99.0,0.52,0.25,Holofoil,Holo Rare,055/078,Colorless,150,Basic,[4] Collapse (15),,Fx2,None,4
276974,Snorlax,Snorlax,https://tcgplayer-cdn.tcgplayer.com/product/276974_200w.jpg,3,3064,https://cpt.tcgcsv.com/vPd3,2025-01-24T10:36:01.483,1,"<strong>Ability — Block</strong>
<br>As long as this Pokémon is in the Active Spot, your opponent's Active Pokémon can't retreat.",,0.49,0.99,6.99,0.91,0.56,Reverse Holofoil,Holo Rare,055/078,Colorless,150,Basic,[4] Collapse (15),,Fx2,None,4
276975,Aipom,Aipom,https://tcgplayer-cdn.tcgplayer.com/product/276975_200w.jpg,3,3064,https://cpt.tcgcsv.com/wPd3,2022-07-01T04:03:10.78,1,,,0.01,0.1,2.0,0.08,0.03,Normal,Common,056/078,Colorless,60,Basic,"[1] Bustle
<br>Flip a coin. If heads, during your opponent's next turn, prevent all damage from and effects of attacks done to this Pokémon.",[3] Slap (30),Fx2,None,1
276975,Aipom,Aipom,https://tcgplayer-cdn.tcgplayer.com/product/276975_200w.jpg,3,3064,https://cpt.tcgcsv.com/wPd3,2022-07-01T04:03:10.78,1,,,0.1,0.25,2.0,0.26,,Reverse Holofoil,Common,056/078,Colorless,60,Basic,"[1] Bustle
<br>Flip a coin. If heads, during your opponent's next turn, prevent all damage from and effects of attacks done to this Pokémon.",[3] Slap (30),Fx2,None,1
276976,Sylveon,Sylveon,https://tcgplayer-cdn.tcgplayer.com/product/276976_200w.jpg,3,3064,https://cpt.tcgcsv.com/xPd3,2022-07-01T04:03:10.78,1,,,0.1,0.44,12.95,0.38,,Holofoil,Holo Rare,035/078,Psychic,120,Stage 1,"[P] Souvenir
<br>Search your deck for up to 2 cards and put them into your hand. Then, shuffle your deck.","[3] Wonder Flash [90+]
<br>If your opponent's Active Pokémon is a O Pokémon, this attack does 90 more damage.",Mx2,None,1
276976,Sylveon,Sylveon,https://tcgplayer-cdn.tcgplayer.com/product/276976_200w.jpg,3,3064,https://cpt.tcgcsv.com/xPd3,2022-07-01T04:03:10.78,1,,,0.23,0.5,4.99,0.44,,Reverse Holofoil,Holo Rare,035/078,Psychic,120,Stage 1,"[P] Souvenir
<br>Search your deck for up to 2 cards and put them into your hand. Then, shuffle your deck.","[3] Wonder Flash [90+]
<br>If your opponent's Active Pokémon is a O Pokémon, this attack does 90 more damage.",Mx2,None,1
276978,Ambipom,Ambipom,https://tcgplayer-cdn.tcgplayer.com/product/276978_200w.jpg,3,3064,https://cpt.tcgcsv.com/BPd3,2022-07-01T04:03:10.78,1,"<strong>Ability — Primate Dexterity</strong>
<br>If any damage is done to this Pokémon by attacks, flip a coin. If heads, prevent that damage.",,0.01,0.11,2.0,0.09,0.03,Normal,Common,057/078,Colorless,90,Stage 1,"[1] Full Tilt Fling (60x)
<br> Flip a coin for each Energy attached to this Pokémon. This attack does 60 damage for each heads.",,Fx2,None,1
276978,Ambipom,Ambipom,https://tcgplayer-cdn.tcgplayer.com/product/276978_200w.jpg,3,3064,https://cpt.tcgcsv.com/BPd3,2022-07-01T04:03:10.78,1,"<strong>Ability — Primate Dexterity</strong>
<br>If any damage is done to this Pokémon by attacks, flip a coin. If heads, prevent that damage.",,0.08,0.25,2.0,0.27,,Reverse Holofoil,Common,057/078,Colorless,90,Stage 1,"[1] Full Tilt Fling (60x)
<br> Flip a coin for each Energy attached to this Pokémon. This attack does 60 damage for each heads.",,Fx2,None,1
276980,Slaking V,Slaking V,https://tcgplayer-cdn.tcgplayer.com/product/276980_200w.jpg,3,3064,https://cpt.tcgcsv.com/DPd3,2023-05-05T13:22:36.317,1,"<strong>Ability — Kinda Lazy</strong>
<br>If you have exactly 2, 4, or 6 Prize cards remaining, this Pokémon can't attack.",,0.35,0.99,5.95,0.75,0.97,Holofoil,Ultra Rare,058/078,Colorless,230,Basic,[4] Heavy Impact (260),,Fx2,None,3
276981,Onix,Onix,https://tcgplayer-cdn.tcgplayer.com/product/276981_200w.jpg,3,3064,https://cpt.tcgcsv.com/FPd3,2022-07-01T04:03:10.78,1,,,0.09,0.31,2.0,0.35,,Reverse Holofoil,Common,036/078,Fighting,120,Basic,"[3] Rock Tomb (50)
<br>During your opponent's next turn, the Defending Pokémon can't retreat.","[2FF] Raging Swing (50x)
<br>This attack does 50 damage for each damage counter on this Pokémon.",Gx2,None,4
276981,Onix,Onix,https://tcgplayer-cdn.tcgplayer.com/product/276981_200w.jpg,3,3064,https://cpt.tcgcsv.com/FPd3,2022-07-01T04:03:10.78,1,,,0.01,0.1,20.0,0.07,,Normal,Common,036/078,Fighting,120,Basic,"[3] Rock Tomb (50)
<br>During your opponent's next turn, the Defending Pokémon can't retreat.","[2FF] Raging Swing (50x)
<br>This attack does 50 damage for each damage counter on this Pokémon.",Gx2,None,4
276982,Bidoof,Bidoof,https://tcgplayer-cdn.tcgplayer.com/product/276982_200w.jpg,3,3064,https://cpt.tcgcsv.com/GPd3,2022-09-10T18:49:09.78,1,,,0.01,0.11,2.0,0.1,0.03,Normal,Common,059/078,Colorless,70,Basic,"[3] Take Down (50)
<br>This Pokémon also does 10 damage to itself.",,Fx2,None,2
276982,Bidoof,Bidoof,https://tcgplayer-cdn.tcgplayer.com/product/276982_200w.jpg,3,3064,https://cpt.tcgcsv.com/GPd3,2022-09-10T18:49:09.78,1,,,0.07,0.28,2.0,0.31,,Reverse Holofoil,Common,059/078,Colorless,70,Basic,"[3] Take Down (50)
<br>This Pokémon also does 10 damage to itself.",,Fx2,None,2
276983,Bibarel,Bibarel,https://tcgplayer-cdn.tcgplayer.com/product/276983_200w.jpg,3,3064,https://cpt.tcgcsv.com/HPd3,2022-07-01T04:03:10.78,1,"<strong>Ability — Reassuring Dam</strong>
<br>As long as this Pokémon is on your Bench, cards in your deck can't be discarded by effects of your opponent's attacks, Abilities, Item cards, or Supporter cards.",,0.09,0.28,2.0,0.27,0.23,Reverse Holofoil,Common,060/078,Colorless,110,Stage 1,[3] Hammer In (80),,Fx2,None,2
276983,Bibarel,Bibarel,https://tcgplayer-cdn.tcgplayer.com/product/276983_200w.jpg,3,3064,https://cpt.tcgcsv.com/HPd3,2022-07-01T04:03:10.78,1,"<strong>Ability — Reassuring Dam</strong>
<br>As long as this Pokémon is on your Bench, cards in your deck can't be discarded by effects of your opponent's attacks, Abilities, Item cards, or Supporter cards.",,0.01,0.13,2.0,0.13,0.03,Normal,Common,060/078,Colorless,110,Stage 1,[3] Hammer In (80),,Fx2,None,2
276984,Larvitar,Larvitar,https://tcgplayer-cdn.tcgplayer.com/product/276984_200w.jpg,3,3064,https://cpt.tcgcsv.com/JPd3,2022-07-01T04:03:10.78,1,,,0.08,0.26,1.49,0.27,,Reverse Holofoil,Common,037/078,Fighting,60,Basic,"[1] Rock Smash (10+)
<br>Flip a coin. If heads, this attack does 10 more damage.",,Gx2,None,1
276984,Larvitar,Larvitar,https://tcgplayer-cdn.tcgplayer.com/product/276984_200w.jpg,3,3064,https://cpt.tcgcsv.com/JPd3,2022-07-01T04:03:10.78,1,,,0.01,0.1,2.0,0.11,0.03,Normal,Common,037/078,Fighting,60,Basic,"[1] Rock Smash (10+)
<br>Flip a coin. If heads, this attack does 10 more damage.",,Gx2,None,1
276985,Pidove,Pidove,https://tcgplayer-cdn.tcgplayer.com/product/276985_200w.jpg,3,3064,https://cpt.tcgcsv.com/KPd3,2022-07-01T04:03:10.78,1,,,0.01,0.1,2.0,0.07,,Normal,Common,061/078,Colorless,60,Basic,"[1] Growl
<br>During your opponent's next turn, the Defending Pokémon's attacks do 20 less damage <em>(before applying Weakness and Resistance)</em>.",[2] Flap (20),Lx2,F-30,1
276985,Pidove,Pidove,https://tcgplayer-cdn.tcgplayer.com/product/276985_200w.jpg,3,3064,https://cpt.tcgcsv.com/KPd3,2022-07-01T04:03:10.78,1,,,0.05,0.21,2.0,0.19,,Reverse Holofoil,Common,061/078,Colorless,60,Basic,"[1] Growl
<br>During your opponent's next turn, the Defending Pokémon's attacks do 20 less damage <em>(before applying Weakness and Resistance)</em>.",[2] Flap (20),Lx2,F-30,1
276988,Tranquill,Tranquill,https://tcgplayer-cdn.tcgplayer.com/product/276988_200w.jpg,3,3064,https://cpt.tcgcsv.com/NPd3,2022-07-01T04:03:10.78,1,,,0.04,0.28,2.0,0.31,,Reverse Holofoil,Common,062/078,Colorless,80,Stage 1,"[1] Aerial Ace (20+)
<br>Flip a coin. If heads, this attack does 20 more damage.",[2] Flap (30),Lx2,F-30,1
276988,Tranquill,Tranquill,https://tcgplayer-cdn.tcgplayer.com/product/276988_200w.jpg,3,3064,https://cpt.tcgcsv.com/NPd3,2022-07-01T04:03:10.78,1,,,0.01,0.1,2.0,0.09,,Normal,Common,062/078,Colorless,80,Stage 1,"[1] Aerial Ace (20+)
<br>Flip a coin. If heads, this attack does 20 more damage.",[2] Flap (30),Lx2,F-30,1
276989,Unfezant,Unfezant,https://tcgplayer-cdn.tcgplayer.com/product/276989_200w.jpg,3,3064,https://cpt.tcgcsv.com/PPd3,2022-07-01T04:03:10.78,1,,,0.08,0.27,2.0,0.29,,Reverse Holofoil,Uncommon,063/078,Colorless,140,Stage 2,[1] Gust (30),"[2] Hurricane Wing (70x)
<br>Flip 4 coins. This attack does 70 damage for each heads.",Lx2,F-30,1
276989,Unfezant,Unfezant,https://tcgplayer-cdn.tcgplayer.com/product/276989_200w.jpg,3,3064,https://cpt.tcgcsv.com/PPd3,2022-07-01T04:03:10.78,1,,,0.01,0.1,2.0,0.07,0.03,Normal,Uncommon,063/078,Colorless,140,Stage 2,[1] Gust (30),"[2] Hurricane Wing (70x)
<br>Flip 4 coins. This attack does 70 damage for each heads.",Lx2,F-30,1
276990,Pupitar,Pupitar,https://tcgplayer-cdn.tcgplayer.com/product/276990_200w.jpg,3,3064,https://cpt.tcgcsv.com/QPd3,2022-07-01T04:03:10.78,1,,,0.01,0.12,2.03,0.12,0.03,Normal,Uncommon,038/078,Fighting,90,Stage 1,"[1] Crashing Bullet (20)
<br>This attack also does 20 damage to each Benched Pokémon <em>(both yours and your opponent's). (Don't apply Weakness and Resistance for Benched Pokémon.)</em>",[2F] Tackle (70),Gx2,None,1
276990,Pupitar,Pupitar,https://tcgplayer-cdn.tcgplayer.com/product/276990_200w.jpg,3,3064,https://cpt.tcgcsv.com/QPd3,2022-07-01T04:03:10.78,1,,,0.1,0.25,1.51,0.25,0.2,Reverse Holofoil,Uncommon,038/078,Fighting,90,Stage 1,"[1] Crashing Bullet (20)
<br>This attack also does 20 damage to each Benched Pokémon <em>(both yours and your opponent's). (Don't apply Weakness and Resistance for Benched Pokémon.)</em>",[2F] Tackle (70),Gx2,None,1
276991,Blanche,Blanche,https://tcgplayer-cdn.tcgplayer.com/product/276991_200w.jpg,3,3064,https://cpt.tcgcsv.com/RPd3,2022-07-01T04:03:10.78,1,"Draw 2 cards. If you drew any cards in this way, flip a coin. If heads, attach a W Energy card from your discard pile to 1 of your Benched Pokémon.",,0.01,0.11,2.0,0.08,,Normal,Uncommon,064/078,Supporter,,,,,,,
276991,Blanche,Blanche,https://tcgplayer-cdn.tcgplayer.com/product/276991_200w.jpg,3,3064,https://cpt.tcgcsv.com/RPd3,2022-07-01T04:03:10.78,1,"Draw 2 cards. If you drew any cards in this way, flip a coin. If heads, attach a W Energy card from your discard pile to 1 of your Benched Pokémon.",,0.09,0.25,2.0,0.25,,Reverse Holofoil,Uncommon,064/078,Supporter,,,,,,,
276992,Candela,Candela,https://tcgplayer-cdn.tcgplayer.com/product/276992_200w.jpg,3,3064,https://cpt.tcgcsv.com/SPd3,2022-07-01T04:03:10.78,1,"Draw 2 cards. If you drew any cards in this way, flip a coin. If heads, attach a R Energy card from your discard pile to 1 of your Benched Pokémon.",,0.01,0.12,2.0,0.11,,Normal,Uncommon,065/078,Supporter,,,,,,,
276992,Candela,Candela,https://tcgplayer-cdn.tcgplayer.com/product/276992_200w.jpg,3,3064,https://cpt.tcgcsv.com/SPd3,2022-07-01T04:03:10.78,1,"Draw 2 cards. If you drew any cards in this way, flip a coin. If heads, attach a R Energy card from your discard pile to 1 of your Benched Pokémon.",,0.09,0.25,1.49,0.26,,Reverse Holofoil,Uncommon,065/078,Supporter,,,,,,,
276993,Solrock,Solrock,https://tcgplayer-cdn.tcgplayer.com/product/276993_200w.jpg,3,3064,https://cpt.tcgcsv.com/TPd3,2025-03-22T09:33:59.82,1,<strong>Ability Sun Energy</strong>,,0.01,0.12,2.0,0.09,,Normal,Uncommon,039/078,Fighting,90,Basic,[1F] Spinning Attack (50),,Gx2,None,1
276993,Solrock,Solrock,https://tcgplayer-cdn.tcgplayer.com/product/276993_200w.jpg,3,3064,https://cpt.tcgcsv.com/TPd3,2025-03-22T09:33:59.82,1,<strong>Ability Sun Energy</strong>,,0.09,0.25,3.0,0.25,,Reverse Holofoil,Uncommon,039/078,Fighting,90,Basic,[1F] Spinning Attack (50),,Gx2,None,1
276994,Egg Incubator,Egg Incubator,https://tcgplayer-cdn.tcgplayer.com/product/276994_200w.jpg,3,3064,https://cpt.tcgcsv.com/VPd3,2022-07-01T04:03:10.78,1,"Flip a coin. If heads, search your deck for a Basic Pokémon, put it onto your Bench, and shuffle your deck. If tails, put this Egg Incubator on the bottom of your deck instead of in the discard pile.",,0.01,0.1,5.0,0.08,0.03,Normal,Uncommon,066/078,Item,,,,,,,
276994,Egg Incubator,Egg Incubator,https://tcgplayer-cdn.tcgplayer.com/product/276994_200w.jpg,3,3064,https://cpt.tcgcsv.com/VPd3,2022-07-01T04:03:10.78,1,"Flip a coin. If heads, search your deck for a Basic Pokémon, put it onto your Bench, and shuffle your deck. If tails, put this Egg Incubator on the bottom of your deck instead of in the discard pile.",,0.05,0.24,2.0,0.25,,Reverse Holofoil,Uncommon,066/078,Item,,,,,,,
276995,Lure Module,Lure Module,https://tcgplayer-cdn.tcgplayer.com/product/276995_200w.jpg,3,3064,https://cpt.tcgcsv.com/WPd3,2022-07-01T04:03:10.78,1,"Each player reveals the top 3 cards of their deck and puts all Pokémon they find there into their hand. Then, each player shuffles the other cards back into their deck.",,0.01,0.11,2.1,0.06,0.01,Normal,Uncommon,067/078,Item,,,,,,,
276995,Lure Module,Lure Module,https://tcgplayer-cdn.tcgplayer.com/product/276995_200w.jpg,3,3064,https://cpt.tcgcsv.com/WPd3,2022-07-01T04:03:10.78,1,"Each player reveals the top 3 cards of their deck and puts all Pokémon they find there into their hand. Then, each player shuffles the other cards back into their deck.",,0.05,0.25,2.0,0.25,,Reverse Holofoil,Uncommon,067/078,Item,,,,,,,
276996,PokeStop,PokeStop,https://tcgplayer-cdn.tcgplayer.com/product/276996_200w.jpg,3,3064,https://cpt.tcgcsv.com/XPd3,2024-08-24T17:10:03.423,1,"Once during each player's turn, that player may discard 3 cards from the top of their deck. If a player discarded any Item cards in this way, they put those Item cards into their hand.",,0.01,0.25,100.0,0.17,0.19,Normal,Uncommon,068/078,Stadium,,,,,,,
276996,PokeStop,PokeStop,https://tcgplayer-cdn.tcgplayer.com/product/276996_200w.jpg,3,3064,https://cpt.tcgcsv.com/XPd3,2024-08-24T17:10:03.423,1,"Once during each player's turn, that player may discard 3 cards from the top of their deck. If a player discarded any Item cards in this way, they put those Item cards into their hand.",,0.1,0.88,7.34,0.79,0.23,Reverse Holofoil,Uncommon,068/078,Stadium,,,,,,,
276997,Rare Candy,Rare Candy,https://tcgplayer-cdn.tcgplayer.com/product/276997_200w.jpg,3,3064,https://cpt.tcgcsv.com/ZPd3,2022-07-01T04:03:10.78,1,"Choose 1 of your Basic Pokémon in play. If you have a Stage 2 card in your hand that evolves from that Pokémon, put that card onto the Basic Pokémon to evolve it, skipping the Stage 1. You can't use this card during your first turn or on a Basic Pokémon that was put into play this turn.",,0.02,0.19,2.95,0.15,,Normal,Uncommon,069/078,Item,,,,,,,
276997,Rare Candy,Rare Candy,https://tcgplayer-cdn.tcgplayer.com/product/276997_200w.jpg,3,3064,https://cpt.tcgcsv.com/ZPd3,2022-07-01T04:03:10.78,1,"Choose 1 of your Basic Pokémon in play. If you have a Stage 2 card in your hand that evolves from that Pokémon, put that card onto the Basic Pokémon to evolve it, skipping the Stage 1. You can't use this card during your first turn or on a Basic Pokémon that was put into play this turn.",,0.04,0.43,5.95,0.5,,Reverse Holofoil,Uncommon,069/078,Item,,,,,,,
276998,Spark,Spark,https://tcgplayer-cdn.tcgplayer.com/product/276998_200w.jpg,3,3064,https://cpt.tcgcsv.com/-Pd3,2022-07-01T04:03:10.78,1,"Draw 2 cards. If you drew any cards in this way, flip a coin. If heads, attach a L Energy card from your discard pile to 1 of your Benched Pokémon.",,0.05,0.26,2.0,0.28,0.23,Reverse Holofoil,Uncommon,070/078,Supporter,,,,,,,
276998,Spark,Spark,https://tcgplayer-cdn.tcgplayer.com/product/276998_200w.jpg,3,3064,https://cpt.tcgcsv.com/-Pd3,2022-07-01T04:03:10.78,1,"Draw 2 cards. If you drew any cards in this way, flip a coin. If heads, attach a L Energy card from your discard pile to 1 of your Benched Pokémon.",,0.01,0.12,2.0,0.11,,Normal,Uncommon,070/078,Supporter,,,,,,,
276999,Conkeldurr V,Conkeldurr V,https://tcgplayer-cdn.tcgplayer.com/product/276999_200w.jpg,3,3064,https://cpt.tcgcsv.com/_Pd3,2023-01-09T22:46:57.48,1,,,0.38,0.99,10.42,0.64,,Holofoil,Ultra Rare,040/078,Fighting,230,Basic,"[F] Counter (20+)
<br>If this Pokémon was damaged by an attack during your opponent's last turn, this attack does that much more damage.","[2F] Dynamic Punch (90+)
<br>Flip a coin. If heads up, this attack does 90 more damage, and your opponent's Active Pokémon is now Confused.",Px2,None,3
277000,Alolan Exeggutor V (Full Art),Alolan Exeggutor V Full Art,https://tcgplayer-cdn.tcgplayer.com/product/277000_200w.jpg,3,3064,https://cpt.tcgcsv.com/0Qd3,2024-10-21T21:28:21.93,1,,,1.0,2.0,19.99,1.74,2.01,Holofoil,Ultra Rare,071/078,Grass,240,Basic,"[G] Growing Tall
<br>Flip a coin. If heads, search your deck for up to 5 G Energy cards and attach them to your Pokémon in any way you like. Then, shuffle your deck.","[3] Head Swing
<br>This attack does 30 damage to 1 of your opponent's Pokémon for each G Energy attached to this Pokémon. <em>(Don't apply Weakness and Resistance for Benched Pokémon.)</em>",Rx2,None,3
277001,Conkeldurr V (Full Art),Conkeldurr V Full Art,https://tcgplayer-cdn.tcgplayer.com/product/277001_200w.jpg,3,3064,https://cpt.tcgcsv.com/2Qd3,2022-07-01T04:03:10.78,1,,,0.99,1.86,26.36,1.77,1.85,Holofoil,Ultra Rare,073/078,Fighting,230,Basic,"[F] Counter (20+)
<br>If this Pokémon was damaged by an attack during your opponent's last turn, this attack does that much more damage.","[2F] Dynamic Punch (90+)
<br>Flip a coin. If heads up, this attack does 90 more damage, and your opponent's Active Pokémon is now Confused.",Px2,None,3
277002,Alolan Rattata,Alolan Rattata,https://tcgplayer-cdn.tcgplayer.com/product/277002_200w.jpg,3,3064,https://cpt.tcgcsv.com/3Qd3,2022-07-01T04:03:10.78,1,,,0.01,0.1,2.0,0.1,0.05,Normal,Common,041/078,Darkness,40,Basic,"[2] Hyper Fang (50)
<br>Flip a coin. If tails, this attack does nothing.",,Gx2,None,1
277002,Alolan Rattata,Alolan Rattata,https://tcgplayer-cdn.tcgplayer.com/product/277002_200w.jpg,3,3064,https://cpt.tcgcsv.com/3Qd3,2022-07-01T04:03:10.78,1,,,0.1,0.26,2.0,0.26,,Reverse Holofoil,Common,041/078,Darkness,40,Basic,"[2] Hyper Fang (50)
<br>Flip a coin. If tails, this attack does nothing.",,Gx2,None,1
277003,Alolan Raticate,Alolan Raticate,https://tcgplayer-cdn.tcgplayer.com/product/277003_200w.jpg,3,3064,https://cpt.tcgcsv.com/5Qd3,2022-07-01T04:03:10.78,1,,,0.09,0.3,3.7,0.31,,Reverse Holofoil,Common,042/078,Darkness,120,Stage 1,"[D] Chase Up
<br>Search your deck for a card and put it into your hand. Then, shuffle your deck.","[3] Super Fang
<br>Put damage counters on your opponent's Active Pokémon until its remaining HP is 10.",Gx2,None,3
277003,Alolan Raticate,Alolan Raticate,https://tcgplayer-cdn.tcgplayer.com/product/277003_200w.jpg,3,3064,https://cpt.tcgcsv.com/5Qd3,2022-07-01T04:03:10.78,1,,,0.01,0.1,2.0,0.07,0.05,Normal,Common,042/078,Darkness,120,Stage 1,"[D] Chase Up
<br>Search your deck for a card and put it into your hand. Then, shuffle your deck.","[3] Super Fang
<br>Put damage counters on your opponent's Active Pokémon until its remaining HP is 10.",Gx2,None,3
277004,Conkeldurr V (Alternate Full Art),Conkeldurr V Alternate Full Art,https://tcgplayer-cdn.tcgplayer.com/product/277004_200w.jpg,3,3064,https://cpt.tcgcsv.com/6Qd3,2025-03-24T20:46:52.427,1,,,2.99,5.07,59.95,4.94,4.25,Holofoil,Ultra Rare,074/078,Fighting,230,Basic,"[F] Counter (20+)
<br>If this Pokémon was damaged by an attack during your opponent's last turn, this attack does that much more damage.","[2F] Dynamic Punch (90+)
<br>Flip a coin. If heads up, this attack does 90 more damage, and your opponent's Active Pokémon is now Confused.",Px2,None,3
277005,Melmetal V (Full Art),Melmetal V Full Art,https://tcgplayer-cdn.tcgplayer.com/product/277005_200w.jpg,3,3064,https://cpt.tcgcsv.com/7Qd3,2022-07-01T04:03:10.78,1,,,1.0,1.55,26.43,1.4,1.93,Holofoil,Ultra Rare,075/078,Metal,220,Basic,"[MM] Arm Charge (50)
<br>You may attach a M Energy card from your hand to this Pokémon.",[MMM] Mega Punch (140),Rx2,G-30,3
277006,Dragonite V (Full Art),Dragonite V Full Art,https://tcgplayer-cdn.tcgplayer.com/product/277006_200w.jpg,3,3064,https://cpt.tcgcsv.com/8Qd3,2022-11-02T19:30:44.223,1,,,8.13,11.31,1000.0,9.87,,Holofoil,Ultra Rare,076/078,Dragon,230,Basic,"[WL] Hyper Beam (60)
<br>Discard an Energy from your opponent's Active Pokémon.",[1WL] Buster Tail (160),None,None,2
277007,Tyranitar,Tyranitar,https://tcgplayer-cdn.tcgplayer.com/product/277007_200w.jpg,3,3064,https://cpt.tcgcsv.com/9Qd3,2022-07-01T04:03:10.78,1,,,0.05,0.28,25.0,0.24,,Holofoil,Holo Rare,043/078,Darkness,180,Stage 2,"[2] Raging Crash (10x)
<br>This attack does 10 damage for each damage counter on all of your Benched Pokémon.","[2DD] Earthquake (180)
<br>This attack also does 20 damage to each of your Benched Pokémon. <em>(Don't apply Weakness and Resistance for Benched Pokémon.)</em>",Gx2,None,3
277007,Tyranitar,Tyranitar,https://tcgplayer-cdn.tcgplayer.com/product/277007_200w.jpg,3,3064,https://cpt.tcgcsv.com/9Qd3,2022-07-01T04:03:10.78,1,,,0.17,0.39,2.0,0.35,,Reverse Holofoil,Holo Rare,043/078,Darkness,180,Stage 2,"[2] Raging Crash (10x)
<br>This attack does 10 damage for each damage counter on all of your Benched Pokémon.","[2DD] Earthquake (180)
<br>This attack also does 20 damage to each of your Benched Pokémon. <em>(Don't apply Weakness and Resistance for Benched Pokémon.)</em>",Gx2,None,3
277008,Slaking V (Full Art),Slaking V Full Art,https://tcgplayer-cdn.tcgplayer.com/product/277008_200w.jpg,3,3064,https://cpt.tcgcsv.com/bQd3,2022-07-01T04:03:10.78,1,<strong>Ability — Kinda Lazy,,1.0,1.65,20.0,1.42,1.1,Holofoil,Ultra Rare,077/078,Colorless,230,Basic,[4] Heavy Impact (260),,Fx2,None,3
277009,Professor's Research (Full Art),Professors Research Full Art,https://tcgplayer-cdn.tcgplayer.com/product/277009_200w.jpg,3,3064,https://cpt.tcgcsv.com/cQd3,2024-09-25T21:20:30.813,1,Discard your hand and draw 7 cards.,,1.0,2.53,49.99,2.27,2.98,Holofoil,Ultra Rare,078/078,Supporter,,,,,,,
277011,Mewtwo VSTAR (79) (Secret),Mewtwo VSTAR 79 Secret,https://tcgplayer-cdn.tcgplayer.com/product/277011_200w.jpg,3,3064,https://cpt.tcgcsv.com/fQd3,2024-02-28T15:52:26.49,1,,,30.0,44.75,66.99,38.98,38.98,Holofoil,Secret Rare,079/078,Psychic,280,VSTAR,"[1P] Psy Purge (90x)
<br>Discard up to 3 P Energy from your Pokémon. This does 90 damage for each card you discarded in this way.","<span style=""color:gold""><strong>VSTAR Power</strong></span>
<br>[1P] Star Raid
<br>This attack does 120 damage to each of your opponent's Pokémon V. This damage isn't affected by Weakness or Resistance. (You can't use more than 1 VSTAR Power in a game.)",Dx2,F-30,2
277012,Steelix,Steelix,https://tcgplayer-cdn.tcgplayer.com/product/277012_200w.jpg,3,3064,https://cpt.tcgcsv.com/gQd3,2022-07-01T04:03:10.78,1,,,0.01,0.14,2.0,0.09,,Normal,Uncommon,044/078,Metal,180,Stage 1,"[3] Body Slam (70)
<br>Flip a coin. If heads, your opponent's Active Pokémon is now Paralyzed.","[3M] Iron Buster (170)
<br>During your next turn, this Pokémon can't attack.",Rx2,G-30,4
277012,Steelix,Steelix,https://tcgplayer-cdn.tcgplayer.com/product/277012_200w.jpg,3,3064,https://cpt.tcgcsv.com/gQd3,2022-07-01T04:03:10.78,1,,,0.08,0.27,2.0,0.28,,Reverse Holofoil,Uncommon,044/078,Metal,180,Stage 1,"[3] Body Slam (70)
<br>Flip a coin. If heads, your opponent's Active Pokémon is now Paralyzed.","[3M] Iron Buster (170)
<br>During your next turn, this Pokémon can't attack.",Rx2,G-30,4
277013,Melmetal VMAX (Secret),Melmetal VMAX Secret,https://tcgplayer-cdn.tcgplayer.com/product/277013_200w.jpg,3,3064,https://cpt.tcgcsv.com/hQd3,2024-12-17T10:42:01.757,1,,,9.39,11.13,21.0,10.75,11.02,Holofoil,Secret Rare,080/078,Metal,330,VMAX,"[MMM] G-Max Juggernaut (160+)
<br>This attack does 60 more damage for each extra M Energy attached to this Pokémon <em>(in addition to this attack's cost)</em>. You can't add more than 120 damage in this way.",,Rx2,G-30,4
277014,Dragonite VSTAR (Secret),Dragonite VSTAR Secret,https://tcgplayer-cdn.tcgplayer.com/product/277014_200w.jpg,3,3064,https://cpt.tcgcsv.com/jQd3,2024-12-23T11:06:20.02,1,,,27.34,33.0,97.25,31.88,,Holofoil,Secret Rare,081/078,Dragon,280,VSTAR,"[2WL] Giga Impact (250)
<br>During your next turn, this Pokémon can't attack.","<span style=""color:gold""><strong>VSTAR Power</strong></span>
<br>[1] Draconic Star
<br>Look at the top 12 cards of your deck and attach any number of W or L Energy cards you find there to your Pokémon in any way you like. Shuffle the other cards back into your deck. <em>(You can't use more than 1 VSTAR Power in a game.)</em>",None,None,2
277015,Blanche (Secret),Blanche Secret,https://tcgplayer-cdn.tcgplayer.com/product/277015_200w.jpg,3,3064,https://cpt.tcgcsv.com/kQd3,2022-07-01T04:03:10.78,1,"Draw 2 cards. If you drew any cards in this way, flip a coin. If heads, attach a W Energy card from your discard pile to 1 of your Benched Pokémon.",,4.96,7.78,30.0,7.49,8.49,Holofoil,Secret Rare,082/078,Supporter,,,,,,,
277016,Melmetal,Melmetal,https://tcgplayer-cdn.tcgplayer.com/product/277016_200w.jpg,3,3064,https://cpt.tcgcsv.com/lQd3,2024-10-24T04:37:15.19,1,,,0.06,0.25,2.0,0.25,,Reverse Holofoil,Holo Rare,046/078,Metal,160,Stage 1,[2] Headbutt (60),"[2M] Swinging Smash (30+)
<br>Flip 2 coins. This attack does 90 more damage for each heads.",Rx2,G-30,4
277016,Melmetal,Melmetal,https://tcgplayer-cdn.tcgplayer.com/product/277016_200w.jpg,3,3064,https://cpt.tcgcsv.com/lQd3,2024-10-24T04:37:15.19,1,,,0.01,0.2,2.0,0.16,,Holofoil,Holo Rare,046/078,Metal,160,Stage 1,[2] Headbutt (60),"[2M] Swinging Smash (30+)
<br>Flip 2 coins. This attack does 90 more damage for each heads.",Rx2,G-30,4
277017,Candela (Secret),Candela Secret,https://tcgplayer-cdn.tcgplayer.com/product/277017_200w.jpg,3,3064,https://cpt.tcgcsv.com/mQd3,2022-07-01T04:03:10.78,1,"Draw 2 cards. If you drew any cards in this way, flip a coin. If heads, attach a R Energy card from your discard pile to 1 of your Benched Pokémon.",,5.38,7.53,20.0,6.61,7.32,Holofoil,Secret Rare,083/078,Supporter,,,,,,,
277018,Professor's Research (Secret),Professors Research Secret,https://tcgplayer-cdn.tcgplayer.com/product/277018_200w.jpg,3,3064,https://cpt.tcgcsv.com/nQd3,2022-07-01T04:03:10.78,1,Discard your hand and draw 7 cards.,,7.0,9.0,499.99,8.57,10.41,Holofoil,Secret Rare,084/078,Supporter,,,,,,,
277019,Melmetal V,Melmetal V,https://tcgplayer-cdn.tcgplayer.com/product/277019_200w.jpg,3,3064,https://cpt.tcgcsv.com/pQd3,2022-07-01T04:03:10.78,1,,,0.29,0.99,5.99,0.71,0.74,Holofoil,Ultra Rare,047/078,Metal,220,Basic,"[MM] Arm Charge (50)
<br>You may attach a M Energy card from your hand to this Pokémon.",[MMM] Mega Punch (140),Rx2,G-30,3
277020,Spark (Secret),Spark Secret,https://tcgplayer-cdn.tcgplayer.com/product/277020_200w.jpg,3,3064,https://cpt.tcgcsv.com/qQd3,2024-12-09T10:25:22.017,1,"Draw 2 cards. If you drew any cards in this way, flip a coin. If heads, attach a L Energy card from your discard pile to 1 of your Benched Pokémon.",,6.49,8.16,20.23,8.16,14.24,Holofoil,Secret Rare,085/078,Supporter,,,,,,,
277023,Melmetal VMAX,Melmetal VMAX,https://tcgplayer-cdn.tcgplayer.com/product/277023_200w.jpg,3,3064,https://cpt.tcgcsv.com/tQd3,2024-07-02T19:56:23.837,1,,,1.0,1.84,24.99,1.57,1.57,Holofoil,Ultra Rare,048/078,Metal,330,VMAX,"[MMM] G-Max Juggernaut (160+)
<br>This attack does 60 more damage for each extra M Energy attached to this Pokémon <em>(in addition to this attack's cost).</em> You can't add more than 120 damage in this way.",,Rx2,G-30,4
277024,Mewtwo VSTAR (86) (Secret),Mewtwo VSTAR 86 Secret,https://tcgplayer-cdn.tcgplayer.com/product/277024_200w.jpg,3,3064,https://cpt.tcgcsv.com/vQd3,2022-07-01T04:03:10.78,1,,,16.55,25.54,2000.0,22.56,22.77,Holofoil,Secret Rare,086/078,Psychic,280,VSTAR,"[1P] Psy Purge (90x)
<br>Discard up to 3 P Energy from your Pokémon. This attack does 90 damage for each card you discarded in this way.","<span style=""color:gold""><strong>VSTAR Power</strong></span>
<br>[1P] Star Raid
<br>This attack does 120 damage to each of your opponent's Pokémon V. This damage isn't affected by Weakness or Resistance. <em>(You can't use more than 1 VSTAR Power in a game.)",Dx2,F-30,2
277025,Egg Incubator (Secret),Egg Incubator Secret,https://tcgplayer-cdn.tcgplayer.com/product/277025_200w.jpg,3,3064,https://cpt.tcgcsv.com/wQd3,2022-07-01T04:03:10.78,1,"Flip a coin. If heads, search your deck for a Basic Pokémon, put it onto your Bench, and shuffle your deck. If tails, put this Egg Incubator on the bottom of your deck instead of in the discard pile.",,2.0,3.17,14.25,3.0,2.68,Holofoil,Secret Rare,087/078,Item,,,,,,,
277026,Lure Module (Secret),Lure Module Secret,https://tcgplayer-cdn.tcgplayer.com/product/277026_200w.jpg,3,3064,https://cpt.tcgcsv.com/xQd3,2022-07-01T04:03:10.78,1,"Each player reveals the top 3 cards of their deck and puts all Pokémon they find there into their hand. Then, each player shuffles the other cards back into their deck.",,1.7,2.89,59.95,2.53,2.37,Holofoil,Secret Rare,088/078,Item,,,,,,,
277027,Meltan,Meltan,https://tcgplayer-cdn.tcgplayer.com/product/277027_200w.jpg,3,3064,https://cpt.tcgcsv.com/zQd3,2022-07-01T04:03:10.78,1,,,0.03,0.22,2.0,0.22,,Reverse Holofoil,Common,045/078,Metal,70,Basic,"[2] Thunder Shock (20)
<br>Flip a coin. If heads, your opponent's Active Pokémon is now Paralyzed.",,Rx2,G-30,2
277027,Meltan,Meltan,https://tcgplayer-cdn.tcgplayer.com/product/277027_200w.jpg,3,3064,https://cpt.tcgcsv.com/zQd3,2022-07-01T04:03:10.78,1,,,0.01,0.1,2.0,0.08,,Normal,Common,045/078,Metal,70,Basic,"[2] Thunder Shock (20)
<br>Flip a coin. If heads, your opponent's Active Pokémon is now Paralyzed.",,Rx2,G-30,2
277788,Bidoof (Peelable Ditto),Bidoof Peelable Ditto,https://tcgplayer-cdn.tcgplayer.com/product/277788_200w.jpg,3,3064,https://cpt.tcgcsv.com/N7f3,2024-08-20T16:01:30.493,1,<strong>This product is not tournament playable. In order to use this card you must peel the Bidoof to reveal the Ditto underneath.</strong>,,11.31,19.0,50.0,14.98,,Reverse Holofoil,Common,059/078,Colorless,70,Basic,"[3] Take Down (50)
<br>This Pokémon also does 10 damage to itself.",,Fx2,None,2
277791,Numel (Peelable Ditto),Numel Peelable Ditto,https://tcgplayer-cdn.tcgplayer.com/product/277791_200w.jpg,3,3064,https://cpt.tcgcsv.com/R7f3,2024-08-20T16:01:30.54,1,<strong>This product is not tournament playable. In order to use this card you must peel the Numel to reveal the Ditto underneath.</strong>,,7.25,9.54,40.0,8.26,,Reverse Holofoil,Common,013/078,Fire,80,Basic,[1R] Tackle (20),"[1RR] Stomp (50+)
<br>Flip a coin. If heads, this attack does 50 more damage.",Wx2,None,3
277793,Spinarak (Peelable Ditto),Spinarak Peelable Ditto,https://tcgplayer-cdn.tcgplayer.com/product/277793_200w.jpg,3,3064,https://cpt.tcgcsv.com/T7f3,2024-08-20T16:01:30.603,1,<strong>This product is not tournament playable. In order to use this card you must peel the Spinarak to reveal the Ditto underneath.</strong>,,4.56,8.91,40.0,7.35,,Reverse Holofoil,Common,006/078,Grass,60,Basic,"[G] Poison Sting (10)
<br>Flip a coin. If heads, your opponent's Active Pokémon is now Poisoned.",,Rx2,None,1
277884,Code Card - Pokemon Go Booster Pack,Code Card Pokemon Go Booster Pack,https://tcgplayer-cdn.tcgplayer.com/product/277884_200w.jpg,3,3064,https://cpt.tcgcsv.com/J9f3,2022-07-20T19:42:10.62,1,"This listing is <strong>not</strong> a physical item. Please keep in mind that this <strong>Code Card</strong> listing represents a digital copy of the stated item for the Pokémon TCG Online <strong>and/or</strong> the Pokémon TCG Live games. You may receive the physical <strong>Code Card</strong>. Upon purchase, please work with your specific Seller by sending them a message using the <strong>Contact Seller</strong> button on the order details in your <a href=https://store.tcgplayer.com/myaccount/orderhistory>Order History</a> to opt in to having your <strong>Code Card</strong> code delivered digitally due to the nature of the product.",,0.01,0.07,2.0,0.05,,Normal,Code Card,,,,,,,,,
284193,Code Card - V Battle Deck [Melmetal V],Code Card V Battle Deck Melmetal V,https://tcgplayer-cdn.tcgplayer.com/product/284193_200w.jpg,3,3064,https://cpt.tcgcsv.com/THh3,2022-08-30T20:32:06.303,1,"This listing is <strong>not</strong> a physical item. Please keep in mind that this <strong>Code Card</strong> listing represents a digital copy of the stated item for the Pokémon TCG Online <strong>and/or</strong> the Pokémon TCG Live games. You may receive the physical <strong>Code Card</strong>. Upon purchase, please work with your specific Seller by sending them a message using the <strong>Contact Seller</strong> button on the order details in your <a href=https://store.tcgplayer.com/myaccount/orderhistory>Order History</a> to opt in to having your <strong>Code Card</strong> code delivered digitally due to the nature of the product.",,0.08,0.24,1.15,0.14,,Normal,Code Card,,,,,,,,,
284194,Code Card - V Battle Deck [Mewtwo V],Code Card V Battle Deck Mewtwo V,https://tcgplayer-cdn.tcgplayer.com/product/284194_200w.jpg,3,3064,https://cpt.tcgcsv.com/VHh3,2022-08-30T20:32:19.717,1,"This listing is <strong>not</strong> a physical item. Please keep in mind that this <strong>Code Card</strong> listing represents a digital copy of the stated item for the Pokémon TCG Online <strong>and/or</strong> the Pokémon TCG Live games. You may receive the physical <strong>Code Card</strong>. Upon purchase, please work with your specific Seller by sending them a message using the <strong>Contact Seller</strong> button on the order details in your <a href=https://store.tcgplayer.com/myaccount/orderhistory>Order History</a> to opt in to having your <strong>Code Card</strong> code delivered digitally due to the nature of the product.",,0.95,1.12,1.75,0.98,,Normal,Code Card,,,,,,,,,
453432,Code Card - Pokemon GO Premier Deck Holder Collection [Dragonite VSTAR],Code Card Pokemon GO Premier Deck Holder Collection Dragonite VSTAR,https://tcgplayer-cdn.tcgplayer.com/product/453432_200w.jpg,3,3064,https://cpt.tcgcsv.com/GnF5,2023-03-31T16:22:05.853,1,"This listing is <strong>not</strong> a physical item. Please keep in mind that this <strong>Code Card</strong> listing represents a digital copy of the stated item for the Pokémon TCG Online <strong>and/or</strong> the Pokémon TCG Live games. You may receive the physical <strong>Code Card</strong>. Upon purchase, please work with your specific Seller by sending them a message using the <strong>Contact Seller</strong> button on the order details in your <a href=https://store.tcgplayer.com/myaccount/orderhistory>Order History</a> to opt in to having your <strong>Code Card</strong> code delivered digitally due to the nature of the product.",,0.08,0.11,1.24,0.1,,Normal,Code Card,,,,,,,,,
482321,Code Card - Pokemon GO Pokemon Center Elite Trainer Box Plus (Exclusive),Code Card Pokemon GO Pokemon Center Elite Trainer Box Plus Exclusive,https://tcgplayer-cdn.tcgplayer.com/product/482321_200w.jpg,3,3064,https://cpt.tcgcsv.com/rXS5,2023-06-20T15:51:32.833,1,"This listing is <strong>not</strong> a physical item. Please keep in mind that this <strong>Code Card</strong> listing represents a digital copy of the stated item for the Pokémon TCG Online <strong>and/or</strong> the Pokémon TCG Live games. You may receive the physical <strong>Code Card</strong>. Upon purchase, please work with your specific Seller by sending them a message using the <strong>Contact Seller</strong> button on the order details in your <a href=https://store.tcgplayer.com/myaccount/orderhistory>Order History</a> to opt in to having your <strong>Code Card</strong> code delivered digitally due to the nature of the product.",,1.99,2.11,2.11,2.11,,Normal,Code Card,,,,,,,,,
630089,Pokemon Go Pokemon Center Elite Trainer Box Plus Case (Exclusive),Pokemon Go Pokemon Center Elite Trainer Box Plus Case Exclusive,https://tcgplayer-cdn.tcgplayer.com/product/630089_200w.jpg,3,3064,https://cpt.tcgcsv.com/P237,2025-05-06T14:10:14.52,0,"<em>(This product is the Pokemon Center Exclusive)</em>
<br><br>Each sealed Pokemon Center Elite Trainer Box case contains 4 Elite Trainer Boxes",,1194.95,1334.98,1485.0,,,Normal,,,,,,,,,,
