productId,name,cleanName,imageUrl,categoryId,groupId,url,modifiedOn,imageCount,lowPrice,midPrice,highPrice,marketPrice,directLowPrice,subTypeName,extNumber,extRarity,extCardType,extHP,extStage,extAttack1,extWeakness,extResistance,extRetreatCost,extAttack2,extCardText,extAttack3,extUPC
146995,Crimson Invasion Booster Box,Crimson Invasion Booster Box,https://tcgplayer-cdn.tcgplayer.com/product/146995_200w.jpg,3,2071,https://cpt.tcgcsv.com/WPb2,2017-11-03T15:07:57.163,1,474.99,587.48,1200.0,410.18,,Normal,,,,,,,,,,,,,
146996,Crimson Invasion Booster Pack,Crimson Invasion Booster Pack,https://tcgplayer-cdn.tcgplayer.com/product/146996_200w.jpg,3,2071,https://cpt.tcgcsv.com/XPb2,2017-10-30T14:39:04.553,1,11.98,16.72,42.99,13.42,,Normal,,,,,,,,,,,,,
149022,Weedle,Weedle,https://tcgplayer-cdn.tcgplayer.com/product/149022_200w.jpg,3,2071,https://cpt.tcgcsv.com/sDc2,2022-12-05T19:05:27.163,1,0.02,0.16,1.49,0.16,,Normal,1/111,Common,Grass,50,Basic,"[G] Poison Sting
<br>Your opponent's Active Pokemon is now Poisoned.",Rx2,None,1,,,,
149022,Weedle,Weedle,https://tcgplayer-cdn.tcgplayer.com/product/149022_200w.jpg,3,2071,https://cpt.tcgcsv.com/sDc2,2022-12-05T19:05:27.163,1,0.14,0.29,1.56,0.29,,Reverse Holofoil,1/111,Common,Grass,50,Basic,"[G] Poison Sting
<br>Your opponent's Active Pokemon is now Poisoned.",Rx2,None,1,,,,
149023,Kakuna,Kakuna,https://tcgplayer-cdn.tcgplayer.com/product/149023_200w.jpg,3,2071,https://cpt.tcgcsv.com/tDc2,2022-12-05T19:05:38.183,1,0.01,0.15,1.49,0.11,0.1,Normal,2/111,Uncommon,Grass,80,Stage 1,"[G] Multiply
<br>Search your deck for up to 3 Kakuna and put them onto your Bench. Then, shuffle your deck.",Rx2,None,2,,,,
149023,Kakuna,Kakuna,https://tcgplayer-cdn.tcgplayer.com/product/149023_200w.jpg,3,2071,https://cpt.tcgcsv.com/tDc2,2022-12-05T19:05:38.183,1,0.19,0.25,1.53,0.25,0.25,Reverse Holofoil,2/111,Uncommon,Grass,80,Stage 1,"[G] Multiply
<br>Search your deck for up to 3 Kakuna and put them onto your Bench. Then, shuffle your deck.",Rx2,None,2,,,,
149024,Beedrill,Beedrill,https://tcgplayer-cdn.tcgplayer.com/product/149024_200w.jpg,3,2071,https://cpt.tcgcsv.com/vDc2,2025-02-05T21:26:06.89,1,0.06,0.25,3.0,0.21,,Normal,3/111,Rare,Grass,120,Stage 2,"[G] Sudden Sting (10)
<br>If this Pokemon evolved from Kakuna during this turn, your opponent's Active Pokemon is now Paralyzed and Poisoned.",Rx2,None,0,[G] Sharp Sting (60),,,
149024,Beedrill,Beedrill,https://tcgplayer-cdn.tcgplayer.com/product/149024_200w.jpg,3,2071,https://cpt.tcgcsv.com/vDc2,2025-02-05T21:26:06.89,1,0.13,0.37,5.4,0.31,,Reverse Holofoil,3/111,Rare,Grass,120,Stage 2,"[G] Sudden Sting (10)
<br>If this Pokemon evolved from Kakuna during this turn, your opponent's Active Pokemon is now Paralyzed and Poisoned.",Rx2,None,0,[G] Sharp Sting (60),,,
149025,Exeggcute,Exeggcute,https://tcgplayer-cdn.tcgplayer.com/product/149025_200w.jpg,3,2071,https://cpt.tcgcsv.com/wDc2,2025-02-05T21:26:06.947,1,0.01,0.13,1.54,0.08,,Normal,4/111,Common,Grass,50,Basic,"[1] Hypnosis
<br>Your opponent's Active Pokemon is now Asleep.",Rx2,None,1,[G] Ram (10),,,
149025,Exeggcute,Exeggcute,https://tcgplayer-cdn.tcgplayer.com/product/149025_200w.jpg,3,2071,https://cpt.tcgcsv.com/wDc2,2025-02-05T21:26:06.947,1,0.08,0.25,1.49,0.24,,Reverse Holofoil,4/111,Common,Grass,50,Basic,"[1] Hypnosis
<br>Your opponent's Active Pokemon is now Asleep.",Rx2,None,1,[G] Ram (10),,,
149026,Cacnea,Cacnea,https://tcgplayer-cdn.tcgplayer.com/product/149026_200w.jpg,3,2071,https://cpt.tcgcsv.com/xDc2,2025-02-05T21:26:06.993,1,0.01,0.13,3.0,0.09,,Normal,5/111,Common,Grass,60,Basic,"[G] Sucker Punch (10+)
<br>If this Pokemon has any Darkness Energy attached to it, this attack does 30 more damage.",Rx2,None,1,,,,
149026,Cacnea,Cacnea,https://tcgplayer-cdn.tcgplayer.com/product/149026_200w.jpg,3,2071,https://cpt.tcgcsv.com/xDc2,2025-02-05T21:26:06.993,1,0.09,0.25,1.49,0.18,,Reverse Holofoil,5/111,Common,Grass,60,Basic,"[G] Sucker Punch (10+)
<br>If this Pokemon has any Darkness Energy attached to it, this attack does 30 more damage.",Rx2,None,1,,,,
149027,Cacturne,Cacturne,https://tcgplayer-cdn.tcgplayer.com/product/149027_200w.jpg,3,2071,https://cpt.tcgcsv.com/zDc2,2022-12-05T19:06:09.007,1,0.02,0.23,3.0,0.19,,Normal,6/111,Rare,Grass,110,Stage 1,"[G] Spike Rend (30+)
<br>If your opponent's Active Pokemon already has any damage counters on it, this attack does 60 more damage.",Rx2,None,2,"[1G] Hunt
<br>Switch 1 of your opponent's Benched Pokemon with their Active Pokemon. This attack does 40 damage to the new Active Pokemon.",,,
149027,Cacturne,Cacturne,https://tcgplayer-cdn.tcgplayer.com/product/149027_200w.jpg,3,2071,https://cpt.tcgcsv.com/zDc2,2022-12-05T19:06:09.007,1,0.15,0.4,1.49,0.32,0.42,Reverse Holofoil,6/111,Rare,Grass,110,Stage 1,"[G] Spike Rend (30+)
<br>If your opponent's Active Pokemon already has any damage counters on it, this attack does 60 more damage.",Rx2,None,2,"[1G] Hunt
<br>Switch 1 of your opponent's Benched Pokemon with their Active Pokemon. This attack does 40 damage to the new Active Pokemon.",,,
149028,Karrablast,Karrablast,https://tcgplayer-cdn.tcgplayer.com/product/149028_200w.jpg,3,2071,https://cpt.tcgcsv.com/BDc2,2025-02-05T21:26:07.04,1,0.01,0.15,3.0,0.1,,Normal,7/111,Common,Grass,60,Basic,[3] Peck (30),Rx2,None,2,,"<strong>Ability — Shell On</strong>
<br>Once during your turn <em>(before your attack)</em>, you may discard a Shelmet from your hand. If you do, search your deck for a card that evolves from this Pokemon and put it onto this Pokemon to evolve it. Then, shuffle your deck.",,
149028,Karrablast,Karrablast,https://tcgplayer-cdn.tcgplayer.com/product/149028_200w.jpg,3,2071,https://cpt.tcgcsv.com/BDc2,2025-02-05T21:26:07.04,1,0.09,0.25,2.99,0.21,,Reverse Holofoil,7/111,Common,Grass,60,Basic,[3] Peck (30),Rx2,None,2,,"<strong>Ability — Shell On</strong>
<br>Once during your turn <em>(before your attack)</em>, you may discard a Shelmet from your hand. If you do, search your deck for a card that evolves from this Pokemon and put it onto this Pokemon to evolve it. Then, shuffle your deck.",,
149029,Shelmet,Shelmet,https://tcgplayer-cdn.tcgplayer.com/product/149029_200w.jpg,3,2071,https://cpt.tcgcsv.com/CDc2,2022-12-05T19:06:22.633,1,0.01,0.15,3.0,0.11,0.07,Normal,8/111,Common,Grass,60,Basic,"[G] Absorb (10)
<br>Heal 10 damage from this Pokemon.",Rx2,None,3,,,,
149029,Shelmet,Shelmet,https://tcgplayer-cdn.tcgplayer.com/product/149029_200w.jpg,3,2071,https://cpt.tcgcsv.com/CDc2,2022-12-05T19:06:22.633,1,0.1,0.3,1.54,0.3,,Reverse Holofoil,8/111,Common,Grass,60,Basic,"[G] Absorb (10)
<br>Heal 10 damage from this Pokemon.",Rx2,None,3,,,,
149030,Accelgor,Accelgor,https://tcgplayer-cdn.tcgplayer.com/product/149030_200w.jpg,3,2071,https://cpt.tcgcsv.com/DDc2,2022-12-05T19:06:29.107,1,0.01,0.15,1.49,0.1,0.1,Normal,9/111,Uncommon,Grass,90,Stage 1,"[1] Recover
<br>Discard an Energy from this Pokemon and heal all damage from it.",Rx2,None,1,[1G] Speed Attack (70),,,
149030,Accelgor,Accelgor,https://tcgplayer-cdn.tcgplayer.com/product/149030_200w.jpg,3,2071,https://cpt.tcgcsv.com/DDc2,2022-12-05T19:06:29.107,1,0.05,0.25,1.49,0.18,,Reverse Holofoil,9/111,Uncommon,Grass,90,Stage 1,"[1] Recover
<br>Discard an Energy from this Pokemon and heal all damage from it.",Rx2,None,1,[1G] Speed Attack (70),,,
149031,Skiddo,Skiddo,https://tcgplayer-cdn.tcgplayer.com/product/149031_200w.jpg,3,2071,https://cpt.tcgcsv.com/FDc2,2025-02-05T21:26:07.087,1,0.02,0.15,1.49,0.12,,Normal,10/111,Common,Grass,70,Basic,[2] Seed Bomb (20),Rx2,None,1,,,,
149031,Skiddo,Skiddo,https://tcgplayer-cdn.tcgplayer.com/product/149031_200w.jpg,3,2071,https://cpt.tcgcsv.com/FDc2,2025-02-05T21:26:07.087,1,0.03,0.24,1.49,0.18,,Reverse Holofoil,10/111,Common,Grass,70,Basic,[2] Seed Bomb (20),Rx2,None,1,,,,
149032,Gogoat,Gogoat,https://tcgplayer-cdn.tcgplayer.com/product/149032_200w.jpg,3,2071,https://cpt.tcgcsv.com/GDc2,2022-12-05T19:06:43.59,1,0.1,0.35,3.0,0.35,0.25,Holofoil,11/111,Holo Rare,Grass,120,Stage 1,"[2G] Horn Leech (80)
<br>Heal 20 damage from this Pokemon.",Rx2,None,2,,"<strong>Ability — Sap Sipper</strong>
<br>This Pokemon's attacks do 80 more damage to your opponent's Grass Pokemon <em>(before applying Weakness and Resistance)</em>.",,
149032,Gogoat,Gogoat,https://tcgplayer-cdn.tcgplayer.com/product/149032_200w.jpg,3,2071,https://cpt.tcgcsv.com/GDc2,2022-12-05T19:06:43.59,1,0.15,0.32,1.51,0.3,,Reverse Holofoil,11/111,Holo Rare,Grass,120,Stage 1,"[2G] Horn Leech (80)
<br>Heal 20 damage from this Pokemon.",Rx2,None,2,,"<strong>Ability — Sap Sipper</strong>
<br>This Pokemon's attacks do 80 more damage to your opponent's Grass Pokemon <em>(before applying Weakness and Resistance)</em>.",,
149033,Alolan Marowak,Alolan Marowak,https://tcgplayer-cdn.tcgplayer.com/product/149033_200w.jpg,3,2071,https://cpt.tcgcsv.com/HDc2,2022-12-05T19:06:49.357,1,0.3,0.78,2.0,0.76,,Holofoil,12/111,Holo Rare,Fire,100,Stage 1,"[0] Dance of Flames
<br>For each Energy attached to your opponent's Pokemon, attach a Fire Energy card from your discard pile to your Pokemon in any way you like.",Wx2,None,2,"[1RR] Burning Bonemerang (70x)
<br>Flip 2 coins. This attack does 70 damage for each heads. If either of them is heads, your opponent's Active Pokemon is now Burned.",,,
149033,Alolan Marowak,Alolan Marowak,https://tcgplayer-cdn.tcgplayer.com/product/149033_200w.jpg,3,2071,https://cpt.tcgcsv.com/HDc2,2022-12-05T19:06:49.357,1,0.31,0.98,5.0,0.96,,Reverse Holofoil,12/111,Holo Rare,Fire,100,Stage 1,"[0] Dance of Flames
<br>For each Energy attached to your opponent's Pokemon, attach a Fire Energy card from your discard pile to your Pokemon in any way you like.",Wx2,None,2,"[1RR] Burning Bonemerang (70x)
<br>Flip 2 coins. This attack does 70 damage for each heads. If either of them is heads, your opponent's Active Pokemon is now Burned.",,,
149034,Numel,Numel,https://tcgplayer-cdn.tcgplayer.com/product/149034_200w.jpg,3,2071,https://cpt.tcgcsv.com/JDc2,2025-02-05T21:26:07.133,1,0.02,0.11,3.0,0.1,,Normal,13/111,Common,Fire,80,Basic,"[1R] Continuous Headbutt (30x)
<br>Flip a coin until you get tails. This attack does 30 damage for each heads.",Wx2,None,3,,,,
149034,Numel,Numel,https://tcgplayer-cdn.tcgplayer.com/product/149034_200w.jpg,3,2071,https://cpt.tcgcsv.com/JDc2,2025-02-05T21:26:07.133,1,0.08,0.22,1.49,0.19,,Reverse Holofoil,13/111,Common,Fire,80,Basic,"[1R] Continuous Headbutt (30x)
<br>Flip a coin until you get tails. This attack does 30 damage for each heads.",Wx2,None,3,,,,
149035,Camerupt,Camerupt,https://tcgplayer-cdn.tcgplayer.com/product/149035_200w.jpg,3,2071,https://cpt.tcgcsv.com/KDc2,2025-02-05T21:26:07.193,1,0.09,0.22,3.0,0.2,,Normal,14/111,Rare,Fire,140,Stage 1,"[2R] Continuous Headbutt (80x)
<br>Flip a coin until you get tails. This attack does 80 damage for each heads.",Wx2,None,4,"[2RR] Searing Flame (120)
<br>Your opponent's Active Pokemon is now Burned.",,,
149035,Camerupt,Camerupt,https://tcgplayer-cdn.tcgplayer.com/product/149035_200w.jpg,3,2071,https://cpt.tcgcsv.com/KDc2,2025-02-05T21:26:07.193,1,0.09,0.32,2.95,0.31,,Reverse Holofoil,14/111,Rare,Fire,140,Stage 1,"[2R] Continuous Headbutt (80x)
<br>Flip a coin until you get tails. This attack does 80 damage for each heads.",Wx2,None,4,"[2RR] Searing Flame (120)
<br>Your opponent's Active Pokemon is now Burned.",,,
149036,Staryu,Staryu,https://tcgplayer-cdn.tcgplayer.com/product/149036_200w.jpg,3,2071,https://cpt.tcgcsv.com/LDc2,2025-02-05T21:26:07.24,1,0.01,0.15,1.49,0.12,,Normal,15/111,Common,Water,60,Basic,[1] Spinning Attack (10),Gx2,None,1,,,,
149036,Staryu,Staryu,https://tcgplayer-cdn.tcgplayer.com/product/149036_200w.jpg,3,2071,https://cpt.tcgcsv.com/LDc2,2025-02-05T21:26:07.24,1,0.05,0.25,1.49,0.18,,Reverse Holofoil,15/111,Common,Water,60,Basic,[1] Spinning Attack (10),Gx2,None,1,,,,
149037,Starmie,Starmie,https://tcgplayer-cdn.tcgplayer.com/product/149037_200w.jpg,3,2071,https://cpt.tcgcsv.com/MDc2,2022-12-05T19:07:14.307,1,0.15,0.33,3.0,0.32,,Normal,16/111,Rare,Water,90,Stage 1,[1] Spinning Attack (10),Gx2,None,1,,"<strong>Ability — Escape</strong>
<br>Once during your turn <em>(before your attack)</em>, you may shuffle this Pokemon and all cards attached to it in your deck.",,
149037,Starmie,Starmie,https://tcgplayer-cdn.tcgplayer.com/product/149037_200w.jpg,3,2071,https://cpt.tcgcsv.com/MDc2,2022-12-05T19:07:14.307,1,0.15,0.47,1.99,0.4,0.44,Reverse Holofoil,16/111,Rare,Water,90,Stage 1,[1] Spinning Attack (10),Gx2,None,1,,"<strong>Ability — Escape</strong>
<br>Once during your turn <em>(before your attack)</em>, you may shuffle this Pokemon and all cards attached to it in your deck.",,
149038,Magikarp,Magikarp,https://tcgplayer-cdn.tcgplayer.com/product/149038_200w.jpg,3,2071,https://cpt.tcgcsv.com/NDc2,2025-02-05T21:26:07.35,1,0.02,0.24,3.0,0.23,0.21,Normal,17/111,Common,Water,30,Basic,"[2W] Waterfall Evolution
<br>Search your deck for a card that evolves from this Pokemon and put it onto this Pokemon to evolve it. Then, shuffle your deck.",Lx2,None,1,,"<strong>Ability — Submerge</strong>
<br>As long as this Pokemon is on your Bench, prevent all damage done to this Pokemon by attacks <em>(both yours and your opponent's)</em>.",,
149038,Magikarp,Magikarp,https://tcgplayer-cdn.tcgplayer.com/product/149038_200w.jpg,3,2071,https://cpt.tcgcsv.com/NDc2,2025-02-05T21:26:07.35,1,0.14,0.56,3.0,0.61,,Reverse Holofoil,17/111,Common,Water,30,Basic,"[2W] Waterfall Evolution
<br>Search your deck for a card that evolves from this Pokemon and put it onto this Pokemon to evolve it. Then, shuffle your deck.",Lx2,None,1,,"<strong>Ability — Submerge</strong>
<br>As long as this Pokemon is on your Bench, prevent all damage done to this Pokemon by attacks <em>(both yours and your opponent's)</em>.",,
149039,Gyarados GX,Gyarados GX,https://tcgplayer-cdn.tcgplayer.com/product/149039_200w.jpg,3,2071,https://cpt.tcgcsv.com/PDc2,2024-08-04T14:35:39.073,1,9.76,14.99,300.0,9.99,12.49,Holofoil,18/111,Ultra Rare,Water,240,Stage 1,[2W] Waterfall (70),Lx2,None,4,"[4W] Draconic Disaster (100+)
<br>If there is any Stadium card in play, this attack does 100 more damage. Then, discard that Stadium card.",,"<span style=""color:Teal""><strong>[W] Dread Storm GX</strong>
<br>Discard an Energy from each of your opponent's Pokemon.<em> (You can't use more than 1 GX attack in a game.)</em></span>",
149040,Swinub,Swinub,https://tcgplayer-cdn.tcgplayer.com/product/149040_200w.jpg,3,2071,https://cpt.tcgcsv.com/QDc2,2022-12-05T19:07:34.633,1,0.01,0.15,3.0,0.14,,Normal,19/111,Common,Water,60,Basic,[2] Gnaw (30),Mx2,None,3,,,,
149040,Swinub,Swinub,https://tcgplayer-cdn.tcgplayer.com/product/149040_200w.jpg,3,2071,https://cpt.tcgcsv.com/QDc2,2022-12-05T19:07:34.633,1,0.13,0.35,1.5,0.38,,Reverse Holofoil,19/111,Common,Water,60,Basic,[2] Gnaw (30),Mx2,None,3,,,,
149041,Piloswine,Piloswine,https://tcgplayer-cdn.tcgplayer.com/product/149041_200w.jpg,3,2071,https://cpt.tcgcsv.com/RDc2,2022-12-05T19:07:41.323,1,0.02,0.15,1.49,0.11,,Normal,20/111,Uncommon,Water,100,Stage 1,[W] Stampede (20),Mx2,None,4,"[4] Rest 
<br>This Pokemon is now Asleep. Heal 90 damages from it.",,,
149041,Piloswine,Piloswine,https://tcgplayer-cdn.tcgplayer.com/product/149041_200w.jpg,3,2071,https://cpt.tcgcsv.com/RDc2,2022-12-05T19:07:41.323,1,0.14,0.29,1.72,0.25,0.25,Reverse Holofoil,20/111,Uncommon,Water,100,Stage 1,[W] Stampede (20),Mx2,None,4,"[4] Rest 
<br>This Pokemon is now Asleep. Heal 90 damages from it.",,,
149042,Mamoswine,Mamoswine,https://tcgplayer-cdn.tcgplayer.com/product/149042_200w.jpg,3,2071,https://cpt.tcgcsv.com/SDc2,2025-02-05T21:26:07.413,1,0.05,0.25,1.49,0.27,,Normal,21/111,Rare,Water,180,Stage 2,"[2W] Double Stomp (60+)
<br>Flip 2 coins. This attack does 30 more damage for each heads.",Mx2,None,4,"[2WW] Forceful Tackle (90+)
<br>You may put up to 9 damage counters on this Pokemon. This attack does 10 more damage for each damage counter you placed in this way.",,,
149042,Mamoswine,Mamoswine,https://tcgplayer-cdn.tcgplayer.com/product/149042_200w.jpg,3,2071,https://cpt.tcgcsv.com/SDc2,2025-02-05T21:26:07.413,1,0.2,0.36,1.52,0.33,,Reverse Holofoil,21/111,Rare,Water,180,Stage 2,"[2W] Double Stomp (60+)
<br>Flip 2 coins. This attack does 30 more damage for each heads.",Mx2,None,4,"[2WW] Forceful Tackle (90+)
<br>You may put up to 9 damage counters on this Pokemon. This attack does 10 more damage for each damage counter you placed in this way.",,,
149043,Remoraid,Remoraid,https://tcgplayer-cdn.tcgplayer.com/product/149043_200w.jpg,3,2071,https://cpt.tcgcsv.com/TDc2,2022-12-05T19:07:54.58,1,0.01,0.15,3.0,0.08,0.08,Normal,22/111,Common,Water,60,Basic,[1W] Water Gun (30),Gx2,None,1,,,,
149043,Remoraid,Remoraid,https://tcgplayer-cdn.tcgplayer.com/product/149043_200w.jpg,3,2071,https://cpt.tcgcsv.com/TDc2,2022-12-05T19:07:54.58,1,0.03,0.25,1.63,0.19,0.23,Reverse Holofoil,22/111,Common,Water,60,Basic,[1W] Water Gun (30),Gx2,None,1,,,,
149044,Octillery,Octillery,https://tcgplayer-cdn.tcgplayer.com/product/149044_200w.jpg,3,2071,https://cpt.tcgcsv.com/VDc2,2025-02-05T21:26:07.47,1,0.08,0.25,3.0,0.23,,Normal,23/111,Rare,Water,100,Stage 1,"[1] Ink Spit
<br>If the Defending Pokemon tries to attack during your opponent's next turn, your opponent flips a coin. If tails, that attack does nothing.",Gx2,None,2,"[1W] Special Artillery (40+)
<br>You may discard a Special Energy from this Pokemon. If you do, this attack does 80 more damage.",,,
149044,Octillery,Octillery,https://tcgplayer-cdn.tcgplayer.com/product/149044_200w.jpg,3,2071,https://cpt.tcgcsv.com/VDc2,2025-02-05T21:26:07.47,1,0.19,0.36,1.51,0.33,,Reverse Holofoil,23/111,Rare,Water,100,Stage 1,"[1] Ink Spit
<br>If the Defending Pokemon tries to attack during your opponent's next turn, your opponent flips a coin. If tails, that attack does nothing.",Gx2,None,2,"[1W] Special Artillery (40+)
<br>You may discard a Special Energy from this Pokemon. If you do, this attack does 80 more damage.",,,
149045,Corphish,Corphish,https://tcgplayer-cdn.tcgplayer.com/product/149045_200w.jpg,3,2071,https://cpt.tcgcsv.com/WDc2,2025-02-05T21:26:07.533,1,0.01,0.12,3.0,0.07,,Normal,24/111,Common,Water,70,Basic,[WW] Crabhammer (30),Gx2,None,2,,,,
149045,Corphish,Corphish,https://tcgplayer-cdn.tcgplayer.com/product/149045_200w.jpg,3,2071,https://cpt.tcgcsv.com/WDc2,2025-02-05T21:26:07.533,1,0.09,0.25,1.49,0.24,,Reverse Holofoil,24/111,Common,Water,70,Basic,[WW] Crabhammer (30),Gx2,None,2,,,,
149046,Crawdaunt,Crawdaunt,https://tcgplayer-cdn.tcgplayer.com/product/149046_200w.jpg,3,2071,https://cpt.tcgcsv.com/XDc2,2025-02-05T21:26:07.62,1,0.05,0.23,3.0,0.22,,Normal,25/111,Rare,Water,110,Stage 1,"[1WWW] Double Claws (80)
<br>Discard 2 Energy from your opponent's Active Pokemon.",Gx2,None,2,,,,
149046,Crawdaunt,Crawdaunt,https://tcgplayer-cdn.tcgplayer.com/product/149046_200w.jpg,3,2071,https://cpt.tcgcsv.com/XDc2,2025-02-05T21:26:07.62,1,0.1,0.33,1.5,0.31,,Reverse Holofoil,25/111,Rare,Water,110,Stage 1,"[1WWW] Double Claws (80)
<br>Discard 2 Energy from your opponent's Active Pokemon.",Gx2,None,2,,,,
149047,Feebas,Feebas,https://tcgplayer-cdn.tcgplayer.com/product/149047_200w.jpg,3,2071,https://cpt.tcgcsv.com/ZDc2,2022-12-05T19:11:58.323,1,0.01,0.15,1.49,0.13,0.15,Normal,26/111,Common,Water,30,Basic,"[W] Splashing Dodge (10)
<br>Flip a coin. If heads, prevent all effects of attacks, including damage, done to this Pokemon during your opponent's next turn.",Gx2,None,1,,,,
149047,Feebas,Feebas,https://tcgplayer-cdn.tcgplayer.com/product/149047_200w.jpg,3,2071,https://cpt.tcgcsv.com/ZDc2,2022-12-05T19:11:58.323,1,0.07,0.25,1.75,0.23,,Reverse Holofoil,26/111,Common,Water,30,Basic,"[W] Splashing Dodge (10)
<br>Flip a coin. If heads, prevent all effects of attacks, including damage, done to this Pokemon during your opponent's next turn.",Gx2,None,1,,,,
149049,Milotic,Milotic,https://tcgplayer-cdn.tcgplayer.com/product/149049_200w.jpg,3,2071,https://cpt.tcgcsv.com/_Dc2,2022-12-05T19:12:09.76,1,0.29,0.56,5.03,0.58,,Holofoil,27/111,Holo Rare,Water,120,Stage 1,"[W] TLC
<br>Shuffle 1 of your opponent's Benched Pokemon that has any damage counters on it and all cards attached to it into their deck.",Gx2,None,2,"[2WW] Ocean Cyclone (80)
<br>This attack does 10 damage to each of your opponent's Benched Pokemon. <em>(Don't apply Weakness and Resistance for Benched Pokemon.)</em>",,,
149049,Milotic,Milotic,https://tcgplayer-cdn.tcgplayer.com/product/149049_200w.jpg,3,2071,https://cpt.tcgcsv.com/_Dc2,2022-12-05T19:12:09.76,1,0.27,0.53,1.68,0.5,,Reverse Holofoil,27/111,Holo Rare,Water,120,Stage 1,"[W] TLC
<br>Shuffle 1 of your opponent's Benched Pokemon that has any damage counters on it and all cards attached to it into their deck.",Gx2,None,2,"[2WW] Ocean Cyclone (80)
<br>This attack does 10 damage to each of your opponent's Benched Pokemon. <em>(Don't apply Weakness and Resistance for Benched Pokemon.)</em>",,,
149050,Regice,Regice,https://tcgplayer-cdn.tcgplayer.com/product/149050_200w.jpg,3,2071,https://cpt.tcgcsv.com/0Fc2,2022-12-05T19:12:19.433,1,0.24,0.58,3.95,0.59,0.74,Holofoil,28/111,Holo Rare,Water,130,Basic,[2W] Frost Smash (70),Mx2,None,3,,"<strong>Ability — Iceberg Shield</strong>
<br>If you have Regirock in play, prevent all effects of attacks, including damage, done to this Pokemon by your opponent's Stage 2 Pokemon.",,
149050,Regice,Regice,https://tcgplayer-cdn.tcgplayer.com/product/149050_200w.jpg,3,2071,https://cpt.tcgcsv.com/0Fc2,2022-12-05T19:12:19.433,1,0.34,0.57,4.95,0.57,,Reverse Holofoil,28/111,Holo Rare,Water,130,Basic,[2W] Frost Smash (70),Mx2,None,3,,"<strong>Ability — Iceberg Shield</strong>
<br>If you have Regirock in play, prevent all effects of attacks, including damage, done to this Pokemon by your opponent's Stage 2 Pokemon.",,
149051,Shellos,Shellos,https://tcgplayer-cdn.tcgplayer.com/product/149051_200w.jpg,3,2071,https://cpt.tcgcsv.com/2Fc2,2025-02-05T21:26:07.697,1,0.01,0.15,3.0,0.12,,Normal,29/111,Common,Water,60,Basic,"[1] Regeneration
<br>Heal 30 damage from this Pokemon.",Gx2,None,1,[1] Mud-Slap (10),,,
149051,Shellos,Shellos,https://tcgplayer-cdn.tcgplayer.com/product/149051_200w.jpg,3,2071,https://cpt.tcgcsv.com/2Fc2,2025-02-05T21:26:07.697,1,0.03,0.24,1.49,0.2,,Reverse Holofoil,29/111,Common,Water,60,Basic,"[1] Regeneration
<br>Heal 30 damage from this Pokemon.",Gx2,None,1,[1] Mud-Slap (10),,,
149053,Pikachu,Pikachu,https://tcgplayer-cdn.tcgplayer.com/product/149053_200w.jpg,3,2071,https://cpt.tcgcsv.com/5Fc2,2023-04-20T13:36:44.957,1,0.2,0.77,5.0,0.79,0.43,Normal,30/111,Common,Lightning,60,Basic,"[1] Pika Draw
<br>Draw a card.",Fx2,M-20,1,"[2] Quick Attack (20+)
<br>Flip a coin. If heads, this attack does 20 more damage.",,,
149053,Pikachu,Pikachu,https://tcgplayer-cdn.tcgplayer.com/product/149053_200w.jpg,3,2071,https://cpt.tcgcsv.com/5Fc2,2023-04-20T13:36:44.957,1,1.72,3.25,4.99,2.3,,Reverse Holofoil,30/111,Common,Lightning,60,Basic,"[1] Pika Draw
<br>Draw a card.",Fx2,M-20,1,"[2] Quick Attack (20+)
<br>Flip a coin. If heads, this attack does 20 more damage.",,,
149054,Alolan Raichu,Alolan Raichu,https://tcgplayer-cdn.tcgplayer.com/product/149054_200w.jpg,3,2071,https://cpt.tcgcsv.com/6Fc2,2023-03-02T19:48:00.643,1,0.49,0.86,5.99,0.81,3.0,Holofoil,31/111,Holo Rare,Lightning,110,Stage 1,"[3] Psychic (70+)
<br>This attack does 20 more damage times the amount of Energy attached to your opponent's Active Pokemon.",Fx2,M-20,2,,"<strong>Ability — Surge Surfer</strong>
<br>If there is any Stadium card in play, this Pokemon has no Retreat Cost.",,
149054,Alolan Raichu,Alolan Raichu,https://tcgplayer-cdn.tcgplayer.com/product/149054_200w.jpg,3,2071,https://cpt.tcgcsv.com/6Fc2,2023-03-02T19:48:00.643,1,0.51,1.46,9.99,1.36,,Reverse Holofoil,31/111,Holo Rare,Lightning,110,Stage 1,"[3] Psychic (70+)
<br>This attack does 20 more damage times the amount of Energy attached to your opponent's Active Pokemon.",Fx2,M-20,2,,"<strong>Ability — Surge Surfer</strong>
<br>If there is any Stadium card in play, this Pokemon has no Retreat Cost.",,
149055,Alolan Geodude,Alolan Geodude,https://tcgplayer-cdn.tcgplayer.com/product/149055_200w.jpg,3,2071,https://cpt.tcgcsv.com/7Fc2,2025-02-05T21:26:07.793,1,0.01,0.15,1.49,0.07,,Normal,32/111,Common,Lightning,60,Basic,"[0] Defense Curl
<br>Flip a coin. If heads, prevent all damage done to this Pokemon by attacks during your opponent's next turn.",Fx2,M-20,2,[2] Tackle (20),,,
149055,Alolan Geodude,Alolan Geodude,https://tcgplayer-cdn.tcgplayer.com/product/149055_200w.jpg,3,2071,https://cpt.tcgcsv.com/7Fc2,2025-02-05T21:26:07.793,1,0.09,0.25,1.49,0.19,,Reverse Holofoil,32/111,Common,Lightning,60,Basic,"[0] Defense Curl
<br>Flip a coin. If heads, prevent all damage done to this Pokemon by attacks during your opponent's next turn.",Fx2,M-20,2,[2] Tackle (20),,,
149056,Alolan Graveler,Alolan Graveler,https://tcgplayer-cdn.tcgplayer.com/product/149056_200w.jpg,3,2071,https://cpt.tcgcsv.com/8Fc2,2025-02-05T21:26:07.84,1,0.01,0.15,1.49,0.11,,Normal,33/111,Uncommon,Lightning,100,Stage 1,[2] Corkscrew (30),Fx2,M-20,3,"[1LL] Self-Destruct (100)
<br>This Pokemon does 100 damage to itself.",,,
149056,Alolan Graveler,Alolan Graveler,https://tcgplayer-cdn.tcgplayer.com/product/149056_200w.jpg,3,2071,https://cpt.tcgcsv.com/8Fc2,2025-02-05T21:26:07.84,1,0.15,0.3,1.95,0.26,,Reverse Holofoil,33/111,Uncommon,Lightning,100,Stage 1,[2] Corkscrew (30),Fx2,M-20,3,"[1LL] Self-Destruct (100)
<br>This Pokemon does 100 damage to itself.",,,
149057,Alolan Golem GX,Alolan Golem GX,https://tcgplayer-cdn.tcgplayer.com/product/149057_200w.jpg,3,2071,https://cpt.tcgcsv.com/9Fc2,2023-01-06T06:27:40.937,1,1.33,1.99,14.0,1.82,2.48,Holofoil,34/111,Ultra Rare,Lightning,250,Stage 2,[2L] hammer In (80),Fx2,M-20,4,"[2LL] Super Electromagnetic Tackle (200)
<br>This Pokemon does 50 damage to itself.",,"<span style=""color:Teal""><strong>[2LL] Heavy Rock GX (100)</strong>
<br>Your opponent can't play any cards from their hand during their next turn.<em> (You can't use more than 1 GX attack in a game.)</em></span>",
149058,Emolga,Emolga,https://tcgplayer-cdn.tcgplayer.com/product/149058_200w.jpg,3,2071,https://cpt.tcgcsv.com/bFc2,2025-02-05T21:26:07.93,1,0.01,0.15,2.13,0.13,,Normal,35/111,Uncommon,Lightning,60,Basic,"[1] Energy Catch
<br>Put 3 basic Energy cards from your discard pile into your hand.",Lx2,F-20,1,"[L] Volt Switch (30)
<br>Switch this Pokemon with 1 of your Benched Lightning Pokemon.",,,
149058,Emolga,Emolga,https://tcgplayer-cdn.tcgplayer.com/product/149058_200w.jpg,3,2071,https://cpt.tcgcsv.com/bFc2,2025-02-05T21:26:07.93,1,0.1,0.33,1.95,0.33,,Reverse Holofoil,35/111,Uncommon,Lightning,60,Basic,"[1] Energy Catch
<br>Put 3 basic Energy cards from your discard pile into your hand.",Lx2,F-20,1,"[L] Volt Switch (30)
<br>Switch this Pokemon with 1 of your Benched Lightning Pokemon.",,,
149059,Gastly,Gastly,https://tcgplayer-cdn.tcgplayer.com/product/149059_200w.jpg,3,2071,https://cpt.tcgcsv.com/cFc2,2022-12-05T19:13:29.797,1,0.05,0.2,3.09,0.16,,Normal,36/111,Common,Psychic,50,Basic,"[P] Ominous Eyes
<br>Put 1 damage counter on 1 of your opponent's Pokemon.",Dx2,F-20,1,,,,
149059,Gastly,Gastly,https://tcgplayer-cdn.tcgplayer.com/product/149059_200w.jpg,3,2071,https://cpt.tcgcsv.com/cFc2,2022-12-05T19:13:29.797,1,0.08,0.38,1.49,0.38,,Reverse Holofoil,36/111,Common,Psychic,50,Basic,"[P] Ominous Eyes
<br>Put 1 damage counter on 1 of your opponent's Pokemon.",Dx2,F-20,1,,,,
149060,Haunter,Haunter,https://tcgplayer-cdn.tcgplayer.com/product/149060_200w.jpg,3,2071,https://cpt.tcgcsv.com/dFc2,2022-12-05T19:13:38.413,1,0.04,0.21,1.49,0.18,0.19,Normal,37/111,Uncommon,Psychic,70,Stage 1,"[P] Pain Amplifier
<br>Put 2 damage counters on each of your opponent's Pokemon that has any damage counters on it.",Dx2,F-20,1,,,,
149060,Haunter,Haunter,https://tcgplayer-cdn.tcgplayer.com/product/149060_200w.jpg,3,2071,https://cpt.tcgcsv.com/dFc2,2022-12-05T19:13:38.413,1,0.3,0.65,3.95,0.66,,Reverse Holofoil,37/111,Uncommon,Psychic,70,Stage 1,"[P] Pain Amplifier
<br>Put 2 damage counters on each of your opponent's Pokemon that has any damage counters on it.",Dx2,F-20,1,,,,
149061,Gengar,Gengar,https://tcgplayer-cdn.tcgplayer.com/product/149061_200w.jpg,3,2071,https://cpt.tcgcsv.com/fFc2,2022-12-05T19:13:44.71,1,12.06,19.51,35.99,12.06,,Holofoil,38/111,Holo Rare,Psychic,130,Stage 2,"[2P] Fade to Black (70)
<br>Your opponent's Active Pokemon is now Confused.",Dx2,F-20,0,,"<strong>Ability — Gnawing Curse</strong>
<br>Whenever your opponent attaches an Energy card from their hand to 1 of their Pokemon, put 2 damage counters on that Pokemon.",,
149061,Gengar,Gengar,https://tcgplayer-cdn.tcgplayer.com/product/149061_200w.jpg,3,2071,https://cpt.tcgcsv.com/fFc2,2022-12-05T19:13:44.71,1,19.99,28.0,30.0,11.89,27.99,Reverse Holofoil,38/111,Holo Rare,Psychic,130,Stage 2,"[2P] Fade to Black (70)
<br>Your opponent's Active Pokemon is now Confused.",Dx2,F-20,0,,"<strong>Ability — Gnawing Curse</strong>
<br>Whenever your opponent attaches an Energy card from their hand to 1 of their Pokemon, put 2 damage counters on that Pokemon.",,
149062,Misdreavus,Misdreavus,https://tcgplayer-cdn.tcgplayer.com/product/149062_200w.jpg,3,2071,https://cpt.tcgcsv.com/gFc2,2022-12-05T19:13:51.033,1,0.03,0.15,1.49,0.14,0.12,Normal,39/111,Common,Psychic,60,Basic,"[P] Confuse Ray
<br>Your opponent's Active Pokemon is now Confused.",Dx2,F-20,1,,,,
149062,Misdreavus,Misdreavus,https://tcgplayer-cdn.tcgplayer.com/product/149062_200w.jpg,3,2071,https://cpt.tcgcsv.com/gFc2,2022-12-05T19:13:51.033,1,0.09,0.28,1.49,0.28,0.18,Reverse Holofoil,39/111,Common,Psychic,60,Basic,"[P] Confuse Ray
<br>Your opponent's Active Pokemon is now Confused.",Dx2,F-20,1,,,,
149063,Mismagius,Mismagius,https://tcgplayer-cdn.tcgplayer.com/product/149063_200w.jpg,3,2071,https://cpt.tcgcsv.com/hFc2,2025-02-05T21:26:08.007,1,0.05,0.29,3.0,0.27,,Normal,40/111,Rare,Psychic,110,Stage 1,"[P] Chaos Wheel (30)
<br>Your opponent can't play any Pokemon Tool, Special Energy, or Stadium cards from their hand during their next turn.",Dx2,F-20,1,"[2P] Dark Arts (20x)
<br>This attack does 20 damage for each card in your opponent's hand.",,,
149063,Mismagius,Mismagius,https://tcgplayer-cdn.tcgplayer.com/product/149063_200w.jpg,3,2071,https://cpt.tcgcsv.com/hFc2,2025-02-05T21:26:08.007,1,0.25,0.44,4.99,0.41,,Reverse Holofoil,40/111,Rare,Psychic,110,Stage 1,"[P] Chaos Wheel (30)
<br>Your opponent can't play any Pokemon Tool, Special Energy, or Stadium cards from their hand during their next turn.",Dx2,F-20,1,"[2P] Dark Arts (20x)
<br>This attack does 20 damage for each card in your opponent's hand.",,,
149064,Spoink,Spoink,https://tcgplayer-cdn.tcgplayer.com/product/149064_200w.jpg,3,2071,https://cpt.tcgcsv.com/jFc2,2025-02-05T21:26:08.063,1,0.01,0.13,1.49,0.1,,Normal,41/111,Common,Psychic,50,Basic,[1] Splash (10),Px2,None,1,,,,
149064,Spoink,Spoink,https://tcgplayer-cdn.tcgplayer.com/product/149064_200w.jpg,3,2071,https://cpt.tcgcsv.com/jFc2,2025-02-05T21:26:08.063,1,0.05,0.25,1.49,0.2,,Reverse Holofoil,41/111,Common,Psychic,50,Basic,[1] Splash (10),Px2,None,1,,,,
149065,Grumpig,Grumpig,https://tcgplayer-cdn.tcgplayer.com/product/149065_200w.jpg,3,2071,https://cpt.tcgcsv.com/kFc2,2025-02-05T21:26:08.11,1,0.01,0.15,1.49,0.13,,Normal,42/111,Uncommon,Psychic,120,Stage 1,"[2P] Psych Up (60)
<br>During your turn, this Pokemon's Psych Up attack does 60 more damage <em>(before applying Weakness and Resistance)</em>.",Px2,None,2,,"<strong>Ability — Own Tempo</strong>
<br>This Pokemon can't be Confused.",,
149065,Grumpig,Grumpig,https://tcgplayer-cdn.tcgplayer.com/product/149065_200w.jpg,3,2071,https://cpt.tcgcsv.com/kFc2,2025-02-05T21:26:08.11,1,0.14,0.28,2.0,0.26,,Reverse Holofoil,42/111,Uncommon,Psychic,120,Stage 1,"[2P] Psych Up (60)
<br>During your turn, this Pokemon's Psych Up attack does 60 more damage <em>(before applying Weakness and Resistance)</em>.",Px2,None,2,,"<strong>Ability — Own Tempo</strong>
<br>This Pokemon can't be Confused.",,
149066,Chimecho,Chimecho,https://tcgplayer-cdn.tcgplayer.com/product/149066_200w.jpg,3,2071,https://cpt.tcgcsv.com/lFc2,2025-02-05T21:26:08.16,1,0.02,0.16,1.49,0.16,,Normal,43/111,Common,Psychic,70,Basic,"[P] Bell of Silence (10)
<br>Your opponent can't play any Pokemon that has an Ability from their hand during theirn ext turn.",Px2,None,1,,,,
149066,Chimecho,Chimecho,https://tcgplayer-cdn.tcgplayer.com/product/149066_200w.jpg,3,2071,https://cpt.tcgcsv.com/lFc2,2025-02-05T21:26:08.16,1,0.09,0.25,1.98,0.22,,Reverse Holofoil,43/111,Common,Psychic,70,Basic,"[P] Bell of Silence (10)
<br>Your opponent can't play any Pokemon that has an Ability from their hand during theirn ext turn.",Px2,None,1,,,,
149067,Pumpkaboo,Pumpkaboo,https://tcgplayer-cdn.tcgplayer.com/product/149067_200w.jpg,3,2071,https://cpt.tcgcsv.com/mFc2,2022-12-05T19:14:25.773,1,0.01,0.15,3.66,0.12,0.07,Normal,44/111,Common,Psychic,60,Basic,"[P] Astonish
<br>Choose a random card from your opponent's hand. Your opponent reveals that card and shuffles it into their deck.",Dx2,F-20,2,,,,
149067,Pumpkaboo,Pumpkaboo,https://tcgplayer-cdn.tcgplayer.com/product/149067_200w.jpg,3,2071,https://cpt.tcgcsv.com/mFc2,2022-12-05T19:14:25.773,1,0.03,0.24,1.49,0.18,,Reverse Holofoil,44/111,Common,Psychic,60,Basic,"[P] Astonish
<br>Choose a random card from your opponent's hand. Your opponent reveals that card and shuffles it into their deck.",Dx2,F-20,2,,,,
149068,Gourgeist,Gourgeist,https://tcgplayer-cdn.tcgplayer.com/product/149068_200w.jpg,3,2071,https://cpt.tcgcsv.com/nFc2,2025-02-05T21:26:08.22,1,0.05,0.23,1.49,0.16,,Normal,45/111,Rare,Psychic,120,Stage 1,"[P] Confuse Ray
<br>Your opponent's Active Pokemon is now Confused.",Dx2,F-20,3,"[2] Pumpkin Bomb (10+)
<br>Before doing damage, you may discard any number of Pokemon Tool cards from your Pokemon. This attack does 40 more damage for each card you discarded in this way.",,,
149068,Gourgeist,Gourgeist,https://tcgplayer-cdn.tcgplayer.com/product/149068_200w.jpg,3,2071,https://cpt.tcgcsv.com/nFc2,2025-02-05T21:26:08.22,1,0.09,0.3,1.49,0.24,,Reverse Holofoil,45/111,Rare,Psychic,120,Stage 1,"[P] Confuse Ray
<br>Your opponent's Active Pokemon is now Confused.",Dx2,F-20,3,"[2] Pumpkin Bomb (10+)
<br>Before doing damage, you may discard any number of Pokemon Tool cards from your Pokemon. This attack does 40 more damage for each card you discarded in this way.",,,
149069,Salandit,Salandit,https://tcgplayer-cdn.tcgplayer.com/product/149069_200w.jpg,3,2071,https://cpt.tcgcsv.com/pFc2,2025-02-05T21:26:08.283,1,0.01,0.1,1.49,0.09,,Normal,46/111,Common,Psychic,60,Basic,"[P] Singe
<br>Your opponent's Active Pokemon is now Burned.",Px2,None,1,,,,
149069,Salandit,Salandit,https://tcgplayer-cdn.tcgplayer.com/product/149069_200w.jpg,3,2071,https://cpt.tcgcsv.com/pFc2,2025-02-05T21:26:08.283,1,0.05,0.25,1.49,0.14,,Reverse Holofoil,46/111,Common,Psychic,60,Basic,"[P] Singe
<br>Your opponent's Active Pokemon is now Burned.",Px2,None,1,,,,
149070,Salazzle,Salazzle,https://tcgplayer-cdn.tcgplayer.com/product/149070_200w.jpg,3,2071,https://cpt.tcgcsv.com/qFc2,2022-12-05T19:14:50.267,1,0.07,0.34,1.49,0.31,0.34,Holofoil,47/111,Holo Rare,Psychic,110,Stage 1,"[P] Nasty Plot
<br>Search your deck for up to 2 cards and put them into your hand. Then, shuffle your deck.",Px2,None,1,"[P] Severe Poison
<br>Your opponent's Active Pokemon is now Poisoned. Put 4 damage counters instead of 1 on that Pokemon between turns.",,,
149070,Salazzle,Salazzle,https://tcgplayer-cdn.tcgplayer.com/product/149070_200w.jpg,3,2071,https://cpt.tcgcsv.com/qFc2,2022-12-05T19:14:50.267,1,0.19,0.41,1.55,0.31,,Reverse Holofoil,47/111,Holo Rare,Psychic,110,Stage 1,"[P] Nasty Plot
<br>Search your deck for up to 2 cards and put them into your hand. Then, shuffle your deck.",Px2,None,1,"[P] Severe Poison
<br>Your opponent's Active Pokemon is now Poisoned. Put 4 damage counters instead of 1 on that Pokemon between turns.",,,
149071,Oranguru,Oranguru,https://tcgplayer-cdn.tcgplayer.com/product/149071_200w.jpg,3,2071,https://cpt.tcgcsv.com/rFc2,2025-02-05T21:26:08.347,1,0.05,0.22,1.56,0.2,,Normal,48/111,Rare,Psychic,110,Basic,"[P] Fixer of the Forest
<br>Put 3 Pokemon Tool cards from your discard pile into your hand.",Px2,None,2,[2P] Zen Headbutt (70),,,
149071,Oranguru,Oranguru,https://tcgplayer-cdn.tcgplayer.com/product/149071_200w.jpg,3,2071,https://cpt.tcgcsv.com/rFc2,2025-02-05T21:26:08.347,1,0.09,0.3,1.4,0.28,,Reverse Holofoil,48/111,Rare,Psychic,110,Basic,"[P] Fixer of the Forest
<br>Put 3 Pokemon Tool cards from your discard pile into your hand.",Px2,None,2,[2P] Zen Headbutt (70),,,
149072,Nihilego GX,Nihilego GX,https://tcgplayer-cdn.tcgplayer.com/product/149072_200w.jpg,3,2071,https://cpt.tcgcsv.com/sFc2,2024-10-22T04:11:03.037,1,5.0,6.02,34.96,5.88,,Holofoil,49/111,Ultra Rare,Psychic,180,Basic,"[PPP] Lock Up (120)
<br>The Defending Pokemon can't retreat during your opponent's next turn.",Px2,None,2,"<span style=""color:DarkRed""><strong>[PPP] Symbiont GX</strong>
<br>Add the top 2 cards of your opponent's deck to their Prize cards.<em> (You can't use more than 1 GX attack in a game.)</em></span>","<strong>Ability — Empty Light</strong>
<br>When you play this Pokemon from your hand onto your Bench during your turn, you may leave both Active Pokemon Confused and Poisoned.",,
149073,Mankey,Mankey,https://tcgplayer-cdn.tcgplayer.com/product/149073_200w.jpg,3,2071,https://cpt.tcgcsv.com/tFc2,2025-02-05T21:26:08.41,1,0.01,0.15,1.49,0.13,,Normal,50/111,Common,Fighting,60,Basic,"[F] Three-Step Strike (10x)
<br>Flip 3 coins. This attack does 10 damage for each heads.",Px2,None,1,,,,
149073,Mankey,Mankey,https://tcgplayer-cdn.tcgplayer.com/product/149073_200w.jpg,3,2071,https://cpt.tcgcsv.com/tFc2,2025-02-05T21:26:08.41,1,0.05,0.22,1.95,0.17,,Reverse Holofoil,50/111,Common,Fighting,60,Basic,"[F] Three-Step Strike (10x)
<br>Flip 3 coins. This attack does 10 damage for each heads.",Px2,None,1,,,,
149074,Primeape,Primeape,https://tcgplayer-cdn.tcgplayer.com/product/149074_200w.jpg,3,2071,https://cpt.tcgcsv.com/vFc2,2025-03-16T09:42:33.073,1,0.15,0.39,1.62,0.36,0.23,Normal,51/111,Rare,Fighting,90,Stage 1,[2] Low Kick (30),Px2,None,1,"[FF] Lucha Fight (90)
<br>During your opponent's next turn, the Defending Pokemon's attacks do 30 more damage <em>(before applying Weakness and Resistance)</em>.",,,
149074,Primeape,Primeape,https://tcgplayer-cdn.tcgplayer.com/product/149074_200w.jpg,3,2071,https://cpt.tcgcsv.com/vFc2,2025-03-16T09:42:33.073,1,0.21,0.65,1.56,0.55,0.68,Reverse Holofoil,51/111,Rare,Fighting,90,Stage 1,[2] Low Kick (30),Px2,None,1,"[FF] Lucha Fight (90)
<br>During your opponent's next turn, the Defending Pokemon's attacks do 30 more damage <em>(before applying Weakness and Resistance)</em>.",,,
149075,Cubone,Cubone,https://tcgplayer-cdn.tcgplayer.com/product/149075_200w.jpg,3,2071,https://cpt.tcgcsv.com/wFc2,2022-12-05T19:15:36.463,1,0.01,0.17,3.0,0.17,0.1,Normal,52/111,Common,Fighting,70,Basic,"[1] Leer
<br>Flip a coin. If heads, your opponent's Active Pokemon is now Paralyzed.",Gx2,None,2,[2] Headbutt (20),,,
149075,Cubone,Cubone,https://tcgplayer-cdn.tcgplayer.com/product/149075_200w.jpg,3,2071,https://cpt.tcgcsv.com/wFc2,2022-12-05T19:15:36.463,1,0.05,0.39,3.0,0.4,0.08,Reverse Holofoil,52/111,Common,Fighting,70,Basic,"[1] Leer
<br>Flip a coin. If heads, your opponent's Active Pokemon is now Paralyzed.",Gx2,None,2,[2] Headbutt (20),,,
149076,Regirock,Regirock,https://tcgplayer-cdn.tcgplayer.com/product/149076_200w.jpg,3,2071,https://cpt.tcgcsv.com/xFc2,2025-02-05T21:26:08.463,1,0.09,0.25,2.5,0.25,,Normal,53/111,Rare,Fighting,130,Basic,"[1FF] Tough Swing (110)
<br>This attack's damage isn't affected by Resistance.",Gx2,None,3,,"<strong>Ability — Rock Peak Growl</strong>
<br>Your Registeel's attacks do 10 more damage to your opponent's Active Pokemon <em>(before applying Weakness and Resistance)</em>.",,
149076,Regirock,Regirock,https://tcgplayer-cdn.tcgplayer.com/product/149076_200w.jpg,3,2071,https://cpt.tcgcsv.com/xFc2,2025-02-05T21:26:08.463,1,0.18,0.4,1.49,0.4,,Reverse Holofoil,53/111,Rare,Fighting,130,Basic,"[1FF] Tough Swing (110)
<br>This attack's damage isn't affected by Resistance.",Gx2,None,3,,"<strong>Ability — Rock Peak Growl</strong>
<br>Your Registeel's attacks do 10 more damage to your opponent's Active Pokemon <em>(before applying Weakness and Resistance)</em>.",,
149077,Gastrodon,Gastrodon,https://tcgplayer-cdn.tcgplayer.com/product/149077_200w.jpg,3,2071,https://cpt.tcgcsv.com/zFc2,2025-02-05T21:26:08.517,1,0.02,0.15,3.0,0.12,,Normal,54/111,Uncommon,Fighting,120,Stage 1,"[1F] Eerie Fluid (30)
<br>Your opponent's Active Pokemon is now Confused.",Gx2,None,3,"[1FF] Earthquake (120)
<br>This attack does 10 damage to each of your Benched Pokemon. <em>(Don't apply Weakness and Resistance for Benched Pokemon.)</em>",,,
149077,Gastrodon,Gastrodon,https://tcgplayer-cdn.tcgplayer.com/product/149077_200w.jpg,3,2071,https://cpt.tcgcsv.com/zFc2,2025-02-05T21:26:08.517,1,0.15,0.33,1.51,0.32,,Reverse Holofoil,54/111,Uncommon,Fighting,120,Stage 1,"[1F] Eerie Fluid (30)
<br>Your opponent's Active Pokemon is now Confused.",Gx2,None,3,"[1FF] Earthquake (120)
<br>This attack does 10 damage to each of your Benched Pokemon. <em>(Don't apply Weakness and Resistance for Benched Pokemon.)</em>",,,
149078,Stufful,Stufful,https://tcgplayer-cdn.tcgplayer.com/product/149078_200w.jpg,3,2071,https://cpt.tcgcsv.com/BFc2,2022-12-05T19:21:24.823,1,0.03,0.16,3.0,0.16,,Normal,55/111,Common,Fighting,70,Basic,[2] Flop (30),Px2,None,2,,,,
149078,Stufful,Stufful,https://tcgplayer-cdn.tcgplayer.com/product/149078_200w.jpg,3,2071,https://cpt.tcgcsv.com/BFc2,2022-12-05T19:21:24.823,1,0.08,0.3,2.0,0.32,0.23,Reverse Holofoil,55/111,Common,Fighting,70,Basic,[2] Flop (30),Px2,None,2,,,,
149079,Bewear,Bewear,https://tcgplayer-cdn.tcgplayer.com/product/149079_200w.jpg,3,2071,https://cpt.tcgcsv.com/CFc2,2025-02-05T21:26:08.57,1,0.15,0.38,1.49,0.38,,Holofoil,56/111,Holo Rare,Fighting,130,Stage 1,"[2F] Cross-Cut (60+)
<br>If your opponent's Active Pokemon is an Evolution Pokemon, this attack does 60 more damage.",Px2,None,3,,"<strong>Ability — Fluffy</strong>
<br>This Pokemon takes 30 less damage from the attacks of your opponent's non-Fire Pokemon <em>(after applying Weakness and Resistance)</em>.",,
149079,Bewear,Bewear,https://tcgplayer-cdn.tcgplayer.com/product/149079_200w.jpg,3,2071,https://cpt.tcgcsv.com/CFc2,2025-02-05T21:26:08.57,1,0.19,0.36,1.49,0.33,,Reverse Holofoil,56/111,Holo Rare,Fighting,130,Stage 1,"[2F] Cross-Cut (60+)
<br>If your opponent's Active Pokemon is an Evolution Pokemon, this attack does 60 more damage.",Px2,None,3,,"<strong>Ability — Fluffy</strong>
<br>This Pokemon takes 30 less damage from the attacks of your opponent's non-Fire Pokemon <em>(after applying Weakness and Resistance)</em>.",,
149080,Buzzwole GX,Buzzwole GX,https://tcgplayer-cdn.tcgplayer.com/product/149080_200w.jpg,3,2071,https://cpt.tcgcsv.com/DFc2,2022-12-05T19:21:53.463,1,1.73,2.61,6.75,2.55,,Holofoil,57/111,Ultra Rare,Fighting,190,Basic,"[F] Jet Punch (30)
<br>This attack does 30 damage to 1 of your opponent's Benched Pokemon. <em>(Don't apply Weakness and Resistance for Benched Pokemon.)</em>",Px2,None,2,"[FFF] Knuckle Impact (160)
<br>This Pokemon can't attack during your next turn.",,"<span style=""color:DarkRed""><strong>[FFF] Absorption GX</strong>
<br>This attack does 40 damage for each of your remaining Prize cards.<em> (You can't use more than 1 GX attack in a game.)</em></span>",
149081,Houndour,Houndour,https://tcgplayer-cdn.tcgplayer.com/product/149081_200w.jpg,3,2071,https://cpt.tcgcsv.com/FFc2,2022-12-05T19:22:07.83,1,0.01,0.15,3.0,0.13,,Normal,58/111,Common,Darkness,60,Basic,[D] Rear Kick (10),Fx2,P-20,1,[1D] Darkness Fang (20),,,
149081,Houndour,Houndour,https://tcgplayer-cdn.tcgplayer.com/product/149081_200w.jpg,3,2071,https://cpt.tcgcsv.com/FFc2,2022-12-05T19:22:07.83,1,0.09,0.27,1.95,0.26,0.09,Reverse Holofoil,58/111,Common,Darkness,60,Basic,[D] Rear Kick (10),Fx2,P-20,1,[1D] Darkness Fang (20),,,
149082,Houndoom,Houndoom,https://tcgplayer-cdn.tcgplayer.com/product/149082_200w.jpg,3,2071,https://cpt.tcgcsv.com/GFc2,2022-12-05T19:22:15.983,1,0.15,0.4,2.99,0.41,,Normal,59/111,Rare,Darkness,110,Stage 1,"[1D] Fire Fang (30)
<br>Your opponent's Active Pokemon is now Burned.",Fx2,P-20,1,"[2D] Puncturing Fangs (90)
<br>This attack's damage isn't affected by Resistance.",,,
149082,Houndoom,Houndoom,https://tcgplayer-cdn.tcgplayer.com/product/149082_200w.jpg,3,2071,https://cpt.tcgcsv.com/GFc2,2022-12-05T19:22:15.983,1,0.35,0.55,5.95,0.67,,Reverse Holofoil,59/111,Rare,Darkness,110,Stage 1,"[1D] Fire Fang (30)
<br>Your opponent's Active Pokemon is now Burned.",Fx2,P-20,1,"[2D] Puncturing Fangs (90)
<br>This attack's damage isn't affected by Resistance.",,,
149083,Deino,Deino,https://tcgplayer-cdn.tcgplayer.com/product/149083_200w.jpg,3,2071,https://cpt.tcgcsv.com/HFc2,2022-12-05T19:22:22.1,1,0.03,0.16,3.0,0.16,0.1,Normal,60/111,Common,Darkness,70,Basic,[1D] Headbutt (20),Fx2,P-20,2,"[1DD] Surprise Attack (60)
<br>Flip a coin. If tails, this attack does nothing.",,,
149083,Deino,Deino,https://tcgplayer-cdn.tcgplayer.com/product/149083_200w.jpg,3,2071,https://cpt.tcgcsv.com/HFc2,2022-12-05T19:22:22.1,1,0.1,0.25,1.99,0.24,,Reverse Holofoil,60/111,Common,Darkness,70,Basic,[1D] Headbutt (20),Fx2,P-20,2,"[1DD] Surprise Attack (60)
<br>Flip a coin. If tails, this attack does nothing.",,,
149084,Zweilous,Zweilous,https://tcgplayer-cdn.tcgplayer.com/product/149084_200w.jpg,3,2071,https://cpt.tcgcsv.com/JFc2,2025-05-07T04:01:15.967,1,0.01,0.15,5.01,0.14,,Normal,61/111,Uncommon,Darkness,90,Stage 1,[1D] Headbutt (30),Fx2,P-20,2,"[1DD] Double Hit (60x)
<br>Flip 2 coins. This attack does 60 damage for each heads.",,,
149084,Zweilous,Zweilous,https://tcgplayer-cdn.tcgplayer.com/product/149084_200w.jpg,3,2071,https://cpt.tcgcsv.com/JFc2,2025-05-07T04:01:15.967,1,0.12,0.35,1.99,0.37,0.23,Reverse Holofoil,61/111,Uncommon,Darkness,90,Stage 1,[1D] Headbutt (30),Fx2,P-20,2,"[1DD] Double Hit (60x)
<br>Flip 2 coins. This attack does 60 damage for each heads.",,,
149085,Hydreigon,Hydreigon,https://tcgplayer-cdn.tcgplayer.com/product/149085_200w.jpg,3,2071,https://cpt.tcgcsv.com/KFc2,2022-12-05T19:22:38.14,1,0.08,0.25,3.0,0.24,,Normal,62/111,Rare,Darkness,160,Stage 2,"[1DD] Dark Destruction (120)
<br>You may discard an Energy from this Pokemon. If you do, discard an Energy from your opponent's Active Pokemon.",Fx2,P-20,2,,"<strong>Ability — Weed Out</strong>
<br>Once during your turn <em>(before your attack)</em>, you may choose 3 of your Benched Pokemon. Then, discard your other Benched Pokemon.",,
149085,Hydreigon,Hydreigon,https://tcgplayer-cdn.tcgplayer.com/product/149085_200w.jpg,3,2071,https://cpt.tcgcsv.com/KFc2,2022-12-05T19:22:38.14,1,0.17,0.39,1.95,0.38,,Reverse Holofoil,62/111,Rare,Darkness,160,Stage 2,"[1DD] Dark Destruction (120)
<br>You may discard an Energy from this Pokemon. If you do, discard an Energy from your opponent's Active Pokemon.",Fx2,P-20,2,,"<strong>Ability — Weed Out</strong>
<br>Once during your turn <em>(before your attack)</em>, you may choose 3 of your Benched Pokemon. Then, discard your other Benched Pokemon.",,
149086,Guzzlord GX,Guzzlord GX,https://tcgplayer-cdn.tcgplayer.com/product/149086_200w.jpg,3,2071,https://cpt.tcgcsv.com/LFc2,2022-12-05T19:22:45.023,1,3.0,4.35,13.85,4.36,,Holofoil,63/111,Ultra Rare,Darkness,210,Basic,"[D] Eat Sloppily
<br>Discard the top 5 cards of your deck. If any of those cards are Energy cards, attach them to this Pokemon.",Fx2,P-20,4,[2DDD] Tyrannical Hole (180),,"<span style=""color:DarkRed""><strong>[DDDDD] Glutton GX (100)</strong>
<br>If your opponent's Pokemon is Knocked Out by damage from this attack, take 2 more Prize cards.
<em> (You can't use more than 1 GX attack in a game.)</em></span>",
149087,Mawile,Mawile,https://tcgplayer-cdn.tcgplayer.com/product/149087_200w.jpg,3,2071,https://cpt.tcgcsv.com/MFc2,2025-02-05T21:26:08.633,1,0.01,0.15,1.49,0.13,,Normal,64/111,Uncommon,Metal,80,Basic,"[1] Call for Family
<br>Search your deck for up to 2 Basic Pokemon and put them onto your Bench. Then, shuffle your deck.",Rx2,P-20,1,"[2] Crunch (30)
<br>Flip a coin. If heads, discard an Energy from your opponent's Active Pokemon.",,,
149087,Mawile,Mawile,https://tcgplayer-cdn.tcgplayer.com/product/149087_200w.jpg,3,2071,https://cpt.tcgcsv.com/MFc2,2025-02-05T21:26:08.633,1,0.1,0.35,1.51,0.3,,Reverse Holofoil,64/111,Uncommon,Metal,80,Basic,"[1] Call for Family
<br>Search your deck for up to 2 Basic Pokemon and put them onto your Bench. Then, shuffle your deck.",Rx2,P-20,1,"[2] Crunch (30)
<br>Flip a coin. If heads, discard an Energy from your opponent's Active Pokemon.",,,
149088,Aron,Aron,https://tcgplayer-cdn.tcgplayer.com/product/149088_200w.jpg,3,2071,https://cpt.tcgcsv.com/NFc2,2022-12-05T19:22:57.097,1,0.01,0.13,1.49,0.11,0.03,Normal,65/111,Common,Metal,60,Basic,[M] Tackle (10),Rx2,P-20,1,[2M] Metal Claw (30),,,
149088,Aron,Aron,https://tcgplayer-cdn.tcgplayer.com/product/149088_200w.jpg,3,2071,https://cpt.tcgcsv.com/NFc2,2022-12-05T19:22:57.097,1,0.1,0.25,1.49,0.25,,Reverse Holofoil,65/111,Common,Metal,60,Basic,[M] Tackle (10),Rx2,P-20,1,[2M] Metal Claw (30),,,
149089,Lairon,Lairon,https://tcgplayer-cdn.tcgplayer.com/product/149089_200w.jpg,3,2071,https://cpt.tcgcsv.com/PFc2,2025-02-05T21:26:08.68,1,0.01,0.14,1.49,0.11,,Normal,66/111,Uncommon,Metal,100,Stage 1,[M] Metal Claw (20),Rx2,P-20,3,[2MM] Hammer In (80),,,
149089,Lairon,Lairon,https://tcgplayer-cdn.tcgplayer.com/product/149089_200w.jpg,3,2071,https://cpt.tcgcsv.com/PFc2,2025-02-05T21:26:08.68,1,0.16,0.3,1.5,0.3,,Reverse Holofoil,66/111,Uncommon,Metal,100,Stage 1,[M] Metal Claw (20),Rx2,P-20,3,[2MM] Hammer In (80),,,
149091,Aggron,Aggron,https://tcgplayer-cdn.tcgplayer.com/product/149091_200w.jpg,3,2071,https://cpt.tcgcsv.com/RFc2,2025-02-05T21:26:08.727,1,0.08,0.4,1.99,0.38,,Holofoil,67/111,Holo Rare,Metal,170,Stage 2,"[2M] Revenge Cannon (10+)
<br>This attack does 10 more damage for each damage counter on all of your Benched Pokemon.",Rx2,P-20,4,"[2MM] Buster Swing (120)
<br>This attack's damage isn't affected by Resistance.",,,
149091,Aggron,Aggron,https://tcgplayer-cdn.tcgplayer.com/product/149091_200w.jpg,3,2071,https://cpt.tcgcsv.com/RFc2,2025-02-05T21:26:08.727,1,0.22,0.51,1.55,0.51,,Reverse Holofoil,67/111,Holo Rare,Metal,170,Stage 2,"[2M] Revenge Cannon (10+)
<br>This attack does 10 more damage for each damage counter on all of your Benched Pokemon.",Rx2,P-20,4,"[2MM] Buster Swing (120)
<br>This attack's damage isn't affected by Resistance.",,,
149092,Registeel,Registeel,https://tcgplayer-cdn.tcgplayer.com/product/149092_200w.jpg,3,2071,https://cpt.tcgcsv.com/SFc2,2022-12-05T19:23:24.8,1,0.07,0.28,2.5,0.26,0.23,Normal,68/111,Rare,Metal,130,Basic,"[M] Turbo Arm (30)
<br>Attach a basic Energy card from your discard pile to 1 of your Benched Pokemon.",Rx2,P-20,3,"[1MM] Iron Hand (90)
<br>If Regice is on your Bench, heal 30 damage from this Pokemon.",,,
149092,Registeel,Registeel,https://tcgplayer-cdn.tcgplayer.com/product/149092_200w.jpg,3,2071,https://cpt.tcgcsv.com/SFc2,2022-12-05T19:23:24.8,1,0.13,0.42,3.0,0.41,,Reverse Holofoil,68/111,Rare,Metal,130,Basic,"[M] Turbo Arm (30)
<br>Attach a basic Energy card from your discard pile to 1 of your Benched Pokemon.",Rx2,P-20,3,"[1MM] Iron Hand (90)
<br>If Regice is on your Bench, heal 30 damage from this Pokemon.",,,
149093,Escavalier,Escavalier,https://tcgplayer-cdn.tcgplayer.com/product/149093_200w.jpg,3,2071,https://cpt.tcgcsv.com/TFc2,2025-02-05T21:26:08.79,1,0.07,0.2,3.0,0.17,,Normal,69/111,Rare,Metal,120,Stage 1,"[M] Fury Attack (30x)
<br>Flip 3 coins. This attack does 30 damage for each heads.",Rx2,P-20,2,"[1MM] Iron Tackle (130)
<br>This Pokemon does 30 damage to itself.",,,
149093,Escavalier,Escavalier,https://tcgplayer-cdn.tcgplayer.com/product/149093_200w.jpg,3,2071,https://cpt.tcgcsv.com/TFc2,2025-02-05T21:26:08.79,1,0.09,0.3,3.0,0.28,,Reverse Holofoil,69/111,Rare,Metal,120,Stage 1,"[M] Fury Attack (30x)
<br>Flip 3 coins. This attack does 30 damage for each heads.",Rx2,P-20,2,"[1MM] Iron Tackle (130)
<br>This Pokemon does 30 damage to itself.",,,
149094,Kartana GX,Kartana GX,https://tcgplayer-cdn.tcgplayer.com/product/149094_200w.jpg,3,2071,https://cpt.tcgcsv.com/VFc2,2022-12-05T19:23:40.077,1,1.4,1.94,9.99,1.73,2.92,Holofoil,70/111,Ultra Rare,Metal,170,Basic,"[2M] Gale Blade (70)
<br>You may shuffle this Pokemon and all cards attached to it into your deck.",Rx2,P-20,1,"<span style=""color:DarkRed""><strong>[M] Blade GX</strong>
<br>Take a Prize card.<em> (You can't use more than 1 GX attack in a game.)</em></span>","<strong>Ability — Slice Off</strong>
<br>When you play this Pokemon from your hand onto your Bench during your turn, you may discard a Special Energy from your opponent's Pokemon.",,
149097,Jigglypuff,Jigglypuff,https://tcgplayer-cdn.tcgplayer.com/product/149097_200w.jpg,3,2071,https://cpt.tcgcsv.com/ZFc2,2022-12-05T19:23:45.607,1,0.09,0.25,4.0,0.27,,Normal,71/111,Common,Fairy,60,Basic,[1] Rollout (10),Mx2,D-20,1,"[1Y] Double Slap (20x)
<br>Flip 2 coins. This attack does 20 damage for each heads.",,,
149097,Jigglypuff,Jigglypuff,https://tcgplayer-cdn.tcgplayer.com/product/149097_200w.jpg,3,2071,https://cpt.tcgcsv.com/ZFc2,2022-12-05T19:23:45.607,1,0.23,0.5,7.95,0.98,,Reverse Holofoil,71/111,Common,Fairy,60,Basic,[1] Rollout (10),Mx2,D-20,1,"[1Y] Double Slap (20x)
<br>Flip 2 coins. This attack does 20 damage for each heads.",,,
149098,Wigglytuff,Wigglytuff,https://tcgplayer-cdn.tcgplayer.com/product/149098_200w.jpg,3,2071,https://cpt.tcgcsv.com/-Fc2,2022-12-05T19:23:51.573,1,0.2,0.57,3.95,0.74,,Normal,72/111,Rare,Fairy,120,Stage 1,"[2] Hypnoblast (30)
<br>Your opponent's Active Pokemon is now Asleep.",Mx2,D-20,2,"[2Y] Punishing Slap (60+)
<br>If any of your opponent's Pokemon have any Darkness Energy attached to them, this attack does 60 more damage.",,,
149098,Wigglytuff,Wigglytuff,https://tcgplayer-cdn.tcgplayer.com/product/149098_200w.jpg,3,2071,https://cpt.tcgcsv.com/-Fc2,2022-12-05T19:23:51.573,1,0.28,1.0,7.99,0.99,,Reverse Holofoil,72/111,Rare,Fairy,120,Stage 1,"[2] Hypnoblast (30)
<br>Your opponent's Active Pokemon is now Asleep.",Mx2,D-20,2,"[2Y] Punishing Slap (60+)
<br>If any of your opponent's Pokemon have any Darkness Energy attached to them, this attack does 60 more damage.",,,
149099,Xerneas,Xerneas,https://tcgplayer-cdn.tcgplayer.com/product/149099_200w.jpg,3,2071,https://cpt.tcgcsv.com/_Fc2,2022-12-05T19:23:58.483,1,0.35,0.79,1.99,0.85,,Holofoil,73/111,Holo Rare,Fairy,130,Basic,"[1] Lead
<br>Search your deck for a Supporter card, reveal it, and put it into your hand. Then, shuffle your deck.",Mx2,D-20,3,"[YYY] Bright Horns (130)
<br>This Pokemon can't use Bright Horns during your next turn.",,,
149099,Xerneas,Xerneas,https://tcgplayer-cdn.tcgplayer.com/product/149099_200w.jpg,3,2071,https://cpt.tcgcsv.com/_Fc2,2022-12-05T19:23:58.483,1,0.49,1.0,2.99,1.06,,Reverse Holofoil,73/111,Holo Rare,Fairy,130,Basic,"[1] Lead
<br>Search your deck for a Supporter card, reveal it, and put it into your hand. Then, shuffle your deck.",Mx2,D-20,3,"[YYY] Bright Horns (130)
<br>This Pokemon can't use Bright Horns during your next turn.",,,
149100,Alolan Exeggutor GX,Alolan Exeggutor GX,https://tcgplayer-cdn.tcgplayer.com/product/149100_200w.jpg,3,2071,https://cpt.tcgcsv.com/0Gc2,2023-07-30T07:34:35.77,1,1.25,2.48,9.99,2.17,1.78,Holofoil,74/111,Ultra Rare,Dragon,220,Stage 1,"[G] Tropical Head
<br>This attack does 20 damage times the amount of Energy attached to this Pokemon to 1 of your opponent's Pokemon. <em>(Don't apply Weakness and Resistance for Benched Pokemon.)</em>",Yx2,None,3,"[3G] Dragon Hammer (120)
<br>Your opponent's Active Pokemon is now Confused.",,"<span style=""color:Teal""><strong>[3G] Tower-Go-Round GX (180)</strong>
<br>Move any number of Energy from your Pokemon to your other Pokemon in any way you like.<em> (You can't use more than 1 GX attack in a game.)</em></span>",
149101,Jangmo-o,Jangmo o,https://tcgplayer-cdn.tcgplayer.com/product/149101_200w.jpg,3,2071,https://cpt.tcgcsv.com/2Gc2,2022-12-05T19:24:41.757,1,0.03,0.17,1.49,0.15,0.1,Normal,75/111,Common,Dragon,60,Basic,[1] Headbutt (10),Yx2,None,1,[LF] Gentle Slap (20),,,
149101,Jangmo-o,Jangmo o,https://tcgplayer-cdn.tcgplayer.com/product/149101_200w.jpg,3,2071,https://cpt.tcgcsv.com/2Gc2,2022-12-05T19:24:41.757,1,0.05,0.26,1.87,0.26,,Reverse Holofoil,75/111,Common,Dragon,60,Basic,[1] Headbutt (10),Yx2,None,1,[LF] Gentle Slap (20),,,
149102,Hakamo-o,Hakamo o,https://tcgplayer-cdn.tcgplayer.com/product/149102_200w.jpg,3,2071,https://cpt.tcgcsv.com/3Gc2,2022-12-05T19:25:01.753,1,0.02,0.2,1.54,0.17,0.15,Normal,76/111,Uncommon,Dragon,90,Stage 1,"[1] Noble Roar
<br>Your opponent switches their Active Pokemon with 1 of their Benched Pokemon.",Yx2,None,1,[LF] Dragon Claw (40),,,
149102,Hakamo-o,Hakamo o,https://tcgplayer-cdn.tcgplayer.com/product/149102_200w.jpg,3,2071,https://cpt.tcgcsv.com/3Gc2,2022-12-05T19:25:01.753,1,0.24,0.41,1.49,0.41,,Reverse Holofoil,76/111,Uncommon,Dragon,90,Stage 1,"[1] Noble Roar
<br>Your opponent switches their Active Pokemon with 1 of their Benched Pokemon.",Yx2,None,1,[LF] Dragon Claw (40),,,
149103,Kommo-o,Kommo o,https://tcgplayer-cdn.tcgplayer.com/product/149103_200w.jpg,3,2071,https://cpt.tcgcsv.com/5Gc2,2023-06-19T05:34:28.84,1,0.11,0.7,6.99,0.84,,Normal,77/111,Rare,Dragon,160,Stage 2,"[2] War Cry (30+)
<br>If you have fewer Pokemon in play than your opponent, this attack does 90 more damage.",Yx2,None,2,"[1LF] Clangling Scales (130)
<br>During your opponent's next turn, this Pokemon takes 30 more damage form attacks <em>(after applying Weakness and Resistance)</em>.",,,
149103,Kommo-o,Kommo o,https://tcgplayer-cdn.tcgplayer.com/product/149103_200w.jpg,3,2071,https://cpt.tcgcsv.com/5Gc2,2023-06-19T05:34:28.84,1,0.38,0.97,20.0,0.99,,Reverse Holofoil,77/111,Rare,Dragon,160,Stage 2,"[2] War Cry (30+)
<br>If you have fewer Pokemon in play than your opponent, this attack does 90 more damage.",Yx2,None,2,"[1LF] Clangling Scales (130)
<br>During your opponent's next turn, this Pokemon takes 30 more damage form attacks <em>(after applying Weakness and Resistance)</em>.",,,
149104,Miltank,Miltank,https://tcgplayer-cdn.tcgplayer.com/product/149104_200w.jpg,3,2071,https://cpt.tcgcsv.com/6Gc2,2022-12-05T19:25:50.407,1,0.05,0.2,3.74,0.19,,Normal,78/111,Uncommon,Colorless,100,Basic,"[3] Sitdown Splash (60+)
<br>Flip a coin. If heads, this attack does 30 more damage.",Fx2,None,2,,"<strong>Ability — Moo Moo Ale</strong>
<br>As long as this Pokemon is your Active Pokemon, whenever you attach an Energy card from your hand to 1 of your Pokemon, heal 90 damage from that Pokemon.",,
149104,Miltank,Miltank,https://tcgplayer-cdn.tcgplayer.com/product/149104_200w.jpg,3,2071,https://cpt.tcgcsv.com/6Gc2,2022-12-05T19:25:50.407,1,0.18,0.46,1.71,0.47,,Reverse Holofoil,78/111,Uncommon,Colorless,100,Basic,"[3] Sitdown Splash (60+)
<br>Flip a coin. If heads, this attack does 30 more damage.",Fx2,None,2,,"<strong>Ability — Moo Moo Ale</strong>
<br>As long as this Pokemon is your Active Pokemon, whenever you attach an Energy card from your hand to 1 of your Pokemon, heal 90 damage from that Pokemon.",,
149105,Swablu,Swablu,https://tcgplayer-cdn.tcgplayer.com/product/149105_200w.jpg,3,2071,https://cpt.tcgcsv.com/7Gc2,2025-02-05T21:26:08.853,1,0.01,0.15,1.49,0.12,,Normal,79/111,Common,Colorless,50,Basic,[1] Peck (10),Lx2,F-20,1,,,,
149105,Swablu,Swablu,https://tcgplayer-cdn.tcgplayer.com/product/149105_200w.jpg,3,2071,https://cpt.tcgcsv.com/7Gc2,2025-02-05T21:26:08.853,1,0.07,0.25,2.0,0.22,,Reverse Holofoil,79/111,Common,Colorless,50,Basic,[1] Peck (10),Lx2,F-20,1,,,,
149106,Altaria,Altaria,https://tcgplayer-cdn.tcgplayer.com/product/149106_200w.jpg,3,2071,https://cpt.tcgcsv.com/8Gc2,2022-12-05T19:26:03.983,1,0.05,0.28,1.49,0.28,,Normal,80/111,Rare,Colorless,90,Stage 1,"[1] Draco Melody
<br>Flip a coin. If heads, search your deck for a Dragon Pokemon and put it onto your Bench. Then, shuffle your deck.",Lx2,F-20,1,"[1] Cotton Guard (30)
<br>During your opponent's next turn, this Pokemon takes 30 less damage from attacks <em>(after applying Weakness and Resistance)</em>.",,,
149106,Altaria,Altaria,https://tcgplayer-cdn.tcgplayer.com/product/149106_200w.jpg,3,2071,https://cpt.tcgcsv.com/8Gc2,2022-12-05T19:26:03.983,1,0.15,0.52,2.0,0.49,0.64,Reverse Holofoil,80/111,Rare,Colorless,90,Stage 1,"[1] Draco Melody
<br>Flip a coin. If heads, search your deck for a Dragon Pokemon and put it onto your Bench. Then, shuffle your deck.",Lx2,F-20,1,"[1] Cotton Guard (30)
<br>During your opponent's next turn, this Pokemon takes 30 less damage from attacks <em>(after applying Weakness and Resistance)</em>.",,,
149107,Starly,Starly,https://tcgplayer-cdn.tcgplayer.com/product/149107_200w.jpg,3,2071,https://cpt.tcgcsv.com/9Gc2,2025-02-05T21:26:08.9,1,0.01,0.12,1.49,0.11,,Normal,81/111,Common,Colorless,60,Basic,"[1] Bug Search 
<br>Your opponent reveals their hand.",Lx2,F-20,1,[2] Flap (20),,,
149107,Starly,Starly,https://tcgplayer-cdn.tcgplayer.com/product/149107_200w.jpg,3,2071,https://cpt.tcgcsv.com/9Gc2,2025-02-05T21:26:08.9,1,0.04,0.23,1.49,0.18,,Reverse Holofoil,81/111,Common,Colorless,60,Basic,"[1] Bug Search 
<br>Your opponent reveals their hand.",Lx2,F-20,1,[2] Flap (20),,,
149108,Staraptor,Staraptor,https://tcgplayer-cdn.tcgplayer.com/product/149108_200w.jpg,3,2071,https://cpt.tcgcsv.com/bGc2,2025-02-05T21:26:08.973,1,0.09,0.2,1.49,0.18,,Normal,83/111,Rare,Colorless,140,Stage 2,"[2] Clutch (50)
<br>The Defending Pokemon can't retreat during your opponent's next turn.",Lx2,F-20,1,"[4] Sky Hunting (120)
<br>If your opponent's Pokemon is Knocked Out by the damage from this attack, switch this Pokemon with 1 of your Benched Pokemon.",,,
149108,Staraptor,Staraptor,https://tcgplayer-cdn.tcgplayer.com/product/149108_200w.jpg,3,2071,https://cpt.tcgcsv.com/bGc2,2025-02-05T21:26:08.973,1,0.09,0.3,3.0,0.29,,Reverse Holofoil,83/111,Rare,Colorless,140,Stage 2,"[2] Clutch (50)
<br>The Defending Pokemon can't retreat during your opponent's next turn.",Lx2,F-20,1,"[4] Sky Hunting (120)
<br>If your opponent's Pokemon is Knocked Out by the damage from this attack, switch this Pokemon with 1 of your Benched Pokemon.",,,
149109,Regigigas,Regigigas,https://tcgplayer-cdn.tcgplayer.com/product/149109_200w.jpg,3,2071,https://cpt.tcgcsv.com/cGc2,2025-02-05T21:26:09.05,1,0.12,0.49,3.95,0.49,,Holofoil,84/111,Holo Rare,Colorless,180,Basic,"[5] Giant Stomp (160)
<br>Discard any Stadium card in play.",Fx2,None,4,,"<strong>Ability — Seal of Antiquity</strong>
<br>This Pokemon can't attack unless Regirock, Regice, and Registeel are on your Bench.",,
149109,Regigigas,Regigigas,https://tcgplayer-cdn.tcgplayer.com/product/149109_200w.jpg,3,2071,https://cpt.tcgcsv.com/cGc2,2025-02-05T21:26:09.05,1,0.2,0.49,4.0,0.47,,Reverse Holofoil,84/111,Holo Rare,Colorless,180,Basic,"[5] Giant Stomp (160)
<br>Discard any Stadium card in play.",Fx2,None,4,,"<strong>Ability — Seal of Antiquity</strong>
<br>This Pokemon can't attack unless Regirock, Regice, and Registeel are on your Bench.",,
149110,Minccino,Minccino,https://tcgplayer-cdn.tcgplayer.com/product/149110_200w.jpg,3,2071,https://cpt.tcgcsv.com/dGc2,2025-02-05T21:26:09.113,1,0.01,0.15,1.49,0.1,,Normal,85/111,Common,Colorless,60,Basic,"[1] Tickle (10)
<br>Flip a coin. If heads, your opponent's Active Pokemon is now Paralyzed.",Fx2,None,1,,,,
149110,Minccino,Minccino,https://tcgplayer-cdn.tcgplayer.com/product/149110_200w.jpg,3,2071,https://cpt.tcgcsv.com/dGc2,2025-02-05T21:26:09.113,1,0.08,0.25,1.49,0.24,,Reverse Holofoil,85/111,Common,Colorless,60,Basic,"[1] Tickle (10)
<br>Flip a coin. If heads, your opponent's Active Pokemon is now Paralyzed.",Fx2,None,1,,,,
149111,Cinccino,Cinccino,https://tcgplayer-cdn.tcgplayer.com/product/149111_200w.jpg,3,2071,https://cpt.tcgcsv.com/fGc2,2024-02-02T22:32:15.707,1,0.02,0.15,1.49,0.14,,Normal,86/111,Uncommon,Colorless,90,Basic,"[1] Amazing Plea
<br>Choose 2 cards from your discard pile. Then, ask your opponent if you may put them into your hand. If no, this attack does 80 damage to your opponent's Active Pokemon.",Fx2,None,1,,,,
149111,Cinccino,Cinccino,https://tcgplayer-cdn.tcgplayer.com/product/149111_200w.jpg,3,2071,https://cpt.tcgcsv.com/fGc2,2024-02-02T22:32:15.707,1,0.1,0.3,1.49,0.26,,Reverse Holofoil,86/111,Uncommon,Colorless,90,Basic,"[1] Amazing Plea
<br>Choose 2 cards from your discard pile. Then, ask your opponent if you may put them into your hand. If no, this attack does 80 damage to your opponent's Active Pokemon.",Fx2,None,1,,,,
149112,Bunnelby,Bunnelby,https://tcgplayer-cdn.tcgplayer.com/product/149112_200w.jpg,3,2071,https://cpt.tcgcsv.com/gGc2,2025-02-05T21:26:09.177,1,0.01,0.15,1.49,0.08,,Normal,87/111,Common,Colorless,70,Basic,[2] Mud Shot (30),Fx2,None,2,,,,
149112,Bunnelby,Bunnelby,https://tcgplayer-cdn.tcgplayer.com/product/149112_200w.jpg,3,2071,https://cpt.tcgcsv.com/gGc2,2025-02-05T21:26:09.177,1,0.05,0.24,1.4,0.16,,Reverse Holofoil,87/111,Common,Colorless,70,Basic,[2] Mud Shot (30),Fx2,None,2,,,,
149113,Diggersby,Diggersby,https://tcgplayer-cdn.tcgplayer.com/product/149113_200w.jpg,3,2071,https://cpt.tcgcsv.com/hGc2,2025-02-05T21:26:09.237,1,0.02,0.15,1.75,0.1,,Normal,88/111,Uncommon,Colorless,130,Stage 1,"[3] Dig (60)
<br>Flip a coin. If heads, prevent all effects of attacks, including damage, done to this Pokemon during your opponent's next turn.",Fx2,None,3,"[4] Hammer Arm (90)
<br>Discard the top card of your opponent's deck.",,,
149113,Diggersby,Diggersby,https://tcgplayer-cdn.tcgplayer.com/product/149113_200w.jpg,3,2071,https://cpt.tcgcsv.com/hGc2,2025-02-05T21:26:09.237,1,0.09,0.29,1.46,0.29,,Reverse Holofoil,88/111,Uncommon,Colorless,130,Stage 1,"[3] Dig (60)
<br>Flip a coin. If heads, prevent all effects of attacks, including damage, done to this Pokemon during your opponent's next turn.",Fx2,None,3,"[4] Hammer Arm (90)
<br>Discard the top card of your opponent's deck.",,,
149114,Type: Null,Type Null,https://tcgplayer-cdn.tcgplayer.com/product/149114_200w.jpg,3,2071,https://cpt.tcgcsv.com/jGc2,2022-12-05T19:27:43.047,1,0.21,0.56,5.67,0.76,,Holofoil,89/111,Holo Rare,Colorless,110,Basic,"[2] Armor Press (30)
<br>During your opponent's next turn, this Pokemon takes 30 less damage from attacks <em>(after applying Weakness and Resistance)</em>.",Fx2,None,2,[3] Slashing Claw (70),,,
149114,Type: Null,Type Null,https://tcgplayer-cdn.tcgplayer.com/product/149114_200w.jpg,3,2071,https://cpt.tcgcsv.com/jGc2,2022-12-05T19:27:43.047,1,0.24,0.75,2.11,1.11,,Reverse Holofoil,89/111,Holo Rare,Colorless,110,Basic,"[2] Armor Press (30)
<br>During your opponent's next turn, this Pokemon takes 30 less damage from attacks <em>(after applying Weakness and Resistance)</em>.",Fx2,None,2,[3] Slashing Claw (70),,,
149115,Silvally GX,Silvally GX,https://tcgplayer-cdn.tcgplayer.com/product/149115_200w.jpg,3,2071,https://cpt.tcgcsv.com/kGc2,2023-06-06T10:01:40.037,1,1.0,2.23,8.65,2.28,,Holofoil,90/111,Ultra Rare,Colorless,210,Stage 1,"[3] Turbo Drive (120)
<br>Attach a basic Energy card from your discard pile to 1 of your Benched Pokemon.",Fx2,None,2,"<span style=""color:Teal""><strong>[3] Rebel GX (50x)</strong>
<br>This attack does 50 damage for each of your opponent's Benched Pokemon.<em> (You can't use more than 1 GX attack in a game.)</em></span>","<strong>Ability — Gyro Unit</strong>
<br>Your Basic Pokemon in play have no Retreat Cost.",,
149116,Counter Catcher,Counter Catcher,https://tcgplayer-cdn.tcgplayer.com/product/149116_200w.jpg,3,2071,https://cpt.tcgcsv.com/lGc2,2025-04-15T01:29:13.42,1,0.6,1.68,8.88,1.63,2.12,Normal,91/111,Uncommon,Item,,,,,,,,"You can play this card only if you have more Prize cards remaining than your opponent.
<br>Switch 1 of your opponent's Benched Pokemon with their Active Pokémon.",,
149116,Counter Catcher,Counter Catcher,https://tcgplayer-cdn.tcgplayer.com/product/149116_200w.jpg,3,2071,https://cpt.tcgcsv.com/lGc2,2025-04-15T01:29:13.42,1,1.34,4.23,29.99,5.64,29.86,Reverse Holofoil,91/111,Uncommon,Item,,,,,,,,"You can play this card only if you have more Prize cards remaining than your opponent.
<br>Switch 1 of your opponent's Benched Pokemon with their Active Pokémon.",,
149117,Dashing Pouch,Dashing Pouch,https://tcgplayer-cdn.tcgplayer.com/product/149117_200w.jpg,3,2071,https://cpt.tcgcsv.com/mGc2,2024-12-04T06:08:40.037,1,0.02,0.18,1.49,0.13,0.05,Normal,92/111,Uncommon,Tool,,,,,,,,"Attach a Pokemon Tool to 1 of your Pokemon that doesn't already have a Pokemon Tool attached to it.
<br>If the Pokémon this card is attached to discards Energy for its Retreat Cost, put that Energy into your hand instead of the discard pile.",,
149117,Dashing Pouch,Dashing Pouch,https://tcgplayer-cdn.tcgplayer.com/product/149117_200w.jpg,3,2071,https://cpt.tcgcsv.com/mGc2,2024-12-04T06:08:40.037,1,0.05,0.25,1.49,0.21,,Reverse Holofoil,92/111,Uncommon,Tool,,,,,,,,"Attach a Pokemon Tool to 1 of your Pokemon that doesn't already have a Pokemon Tool attached to it.
<br>If the Pokémon this card is attached to discards Energy for its Retreat Cost, put that Energy into your hand instead of the discard pile.",,
149118,Devoured Field,Devoured Field,https://tcgplayer-cdn.tcgplayer.com/product/149118_200w.jpg,3,2071,https://cpt.tcgcsv.com/nGc2,2022-12-05T19:28:25.56,1,0.01,0.2,1.49,0.12,0.14,Normal,93/111,Uncommon,Stadium,,,,,,,,The attacks of Darkness Pokemon and Dragon Pokemon <em>(both yours and your opponent's)</em> do 10 more damage to the opponent's Active Pokemon <em>(before applying Weakness and Resistance)</em>.,,
149118,Devoured Field,Devoured Field,https://tcgplayer-cdn.tcgplayer.com/product/149118_200w.jpg,3,2071,https://cpt.tcgcsv.com/nGc2,2022-12-05T19:28:25.56,1,0.15,0.36,2.0,0.35,0.27,Reverse Holofoil,93/111,Uncommon,Stadium,,,,,,,,The attacks of Darkness Pokemon and Dragon Pokemon <em>(both yours and your opponent's)</em> do 10 more damage to the opponent's Active Pokemon <em>(before applying Weakness and Resistance)</em>.,,
149119,Fighting Memory,Fighting Memory,https://tcgplayer-cdn.tcgplayer.com/product/149119_200w.jpg,3,2071,https://cpt.tcgcsv.com/pGc2,2025-02-05T21:26:09.283,1,0.01,0.12,1.52,0.06,,Normal,94/111,Uncommon,Tool,,,,,,,,"Attach a Pokémon Tool to 1 of your Pokémon that doesn't already have a Pokémon Tool attached to it.
<br>The Silvally GX this card is attached to is a Fighting Pokémon.",,
149119,Fighting Memory,Fighting Memory,https://tcgplayer-cdn.tcgplayer.com/product/149119_200w.jpg,3,2071,https://cpt.tcgcsv.com/pGc2,2025-02-05T21:26:09.283,1,0.17,0.39,1.53,0.38,,Reverse Holofoil,94/111,Uncommon,Tool,,,,,,,,"Attach a Pokémon Tool to 1 of your Pokémon that doesn't already have a Pokémon Tool attached to it.
<br>The Silvally GX this card is attached to is a Fighting Pokémon.",,
149120,Gladion,Gladion,https://tcgplayer-cdn.tcgplayer.com/product/149120_200w.jpg,3,2071,https://cpt.tcgcsv.com/qGc2,2024-11-18T05:56:36.043,1,0.25,0.63,7.98,0.63,1.0,Normal,95/111,Uncommon,Supporter,,,,,,,,"Look at your face-down Prize cards and put 1 of them into your hand. Then, shuffle this Gladion into your remaining Prize cards and put them back face down. If you didn't play this Gladion from your hand, it does nothing.",,
149120,Gladion,Gladion,https://tcgplayer-cdn.tcgplayer.com/product/149120_200w.jpg,3,2071,https://cpt.tcgcsv.com/qGc2,2024-11-18T05:56:36.043,1,0.45,1.19,2.99,1.66,2.16,Reverse Holofoil,95/111,Uncommon,Supporter,,,,,,,,"Look at your face-down Prize cards and put 1 of them into your hand. Then, shuffle this Gladion into your remaining Prize cards and put them back face down. If you didn't play this Gladion from your hand, it does nothing.",,
149121,Lusamine,Lusamine,https://tcgplayer-cdn.tcgplayer.com/product/149121_200w.jpg,3,2071,https://cpt.tcgcsv.com/rGc2,2025-03-28T05:08:44.81,1,0.2,0.48,1.99,0.39,0.39,Normal,96/111,Uncommon,Supporter,,,,,,,,Put 2 in any combination of Supporter and Stadium cards from your discard pile into your hand.,,
149121,Lusamine,Lusamine,https://tcgplayer-cdn.tcgplayer.com/product/149121_200w.jpg,3,2071,https://cpt.tcgcsv.com/rGc2,2025-03-28T05:08:44.81,1,0.75,1.25,9.99,1.43,,Reverse Holofoil,96/111,Uncommon,Supporter,,,,,,,,Put 2 in any combination of Supporter and Stadium cards from your discard pile into your hand.,,
149122,Peeking Red Card,Peeking Red Card,https://tcgplayer-cdn.tcgplayer.com/product/149122_200w.jpg,3,2071,https://cpt.tcgcsv.com/sGc2,2025-01-13T05:26:00.93,1,0.01,0.15,1.49,0.11,0.09,Normal,97/111,Uncommon,Item,,,,,,,,"Your opponent reveals their hand. You may have your opponent count the cards in their hand, shuffle those cards into their deck, then draw that many cards.",,
149122,Peeking Red Card,Peeking Red Card,https://tcgplayer-cdn.tcgplayer.com/product/149122_200w.jpg,3,2071,https://cpt.tcgcsv.com/sGc2,2025-01-13T05:26:00.93,1,0.1,0.26,1.4,0.24,0.23,Reverse Holofoil,97/111,Uncommon,Item,,,,,,,,"Your opponent reveals their hand. You may have your opponent count the cards in their hand, shuffle those cards into their deck, then draw that many cards.",,
149123,Psychic Memory,Psychic Memory,https://tcgplayer-cdn.tcgplayer.com/product/149123_200w.jpg,3,2071,https://cpt.tcgcsv.com/tGc2,2025-02-05T21:26:09.347,1,0.02,0.12,1.49,0.06,,Normal,98/111,Uncommon,Tool,,,,,,,,"Attach a Pokémon Tool to 1 of your Pokémon that doesn't already have a Pokémon Tool attached to it.
<br>The Silvally GX this card is attached to is a Psychic Pokémon.",,
149123,Psychic Memory,Psychic Memory,https://tcgplayer-cdn.tcgplayer.com/product/149123_200w.jpg,3,2071,https://cpt.tcgcsv.com/tGc2,2025-02-05T21:26:09.347,1,0.09,0.25,0.99,0.25,,Reverse Holofoil,98/111,Uncommon,Tool,,,,,,,,"Attach a Pokémon Tool to 1 of your Pokémon that doesn't already have a Pokémon Tool attached to it.
<br>The Silvally GX this card is attached to is a Psychic Pokémon.",,
149124,Sea of Nothingness,Sea of Nothingness,https://tcgplayer-cdn.tcgplayer.com/product/149124_200w.jpg,3,2071,https://cpt.tcgcsv.com/vGc2,2022-12-05T19:29:15.613,1,0.01,0.16,3.82,0.13,,Normal,99/111,Uncommon,Stadium,,,,,,,,Special Conditions are not removed when Pokémon <em>(both yours and your opponent's)</em> evolve or devolve.,,
149124,Sea of Nothingness,Sea of Nothingness,https://tcgplayer-cdn.tcgplayer.com/product/149124_200w.jpg,3,2071,https://cpt.tcgcsv.com/vGc2,2022-12-05T19:29:15.613,1,0.04,0.3,1.49,0.27,,Reverse Holofoil,99/111,Uncommon,Stadium,,,,,,,,Special Conditions are not removed when Pokémon <em>(both yours and your opponent's)</em> evolve or devolve.,,
149125,Counter Energy,Counter Energy,https://tcgplayer-cdn.tcgplayer.com/product/149125_200w.jpg,3,2071,https://cpt.tcgcsv.com/wGc2,2025-02-05T21:26:09.413,1,0.22,0.57,26.0,0.59,,Normal,100/111,Uncommon,Special Energy,,,,,,,,"This card provides Colorless Energy.
<br>If you have more Prize cards remaining than your opponent, and if this card is attached to a Pokemon that isn't a Pokémon GX or Pokemon EX, this card provides every type of Energy but provides only 2 Energy at a time.",,
149125,Counter Energy,Counter Energy,https://tcgplayer-cdn.tcgplayer.com/product/149125_200w.jpg,3,2071,https://cpt.tcgcsv.com/wGc2,2025-02-05T21:26:09.413,1,0.7,1.2,5.99,1.22,,Reverse Holofoil,100/111,Uncommon,Special Energy,,,,,,,,"This card provides Colorless Energy.
<br>If you have more Prize cards remaining than your opponent, and if this card is attached to a Pokemon that isn't a Pokémon GX or Pokemon EX, this card provides every type of Energy but provides only 2 Energy at a time.",,
149126,Gyarados GX (Full Art),Gyarados GX Full Art,https://tcgplayer-cdn.tcgplayer.com/product/149126_200w.jpg,3,2071,https://cpt.tcgcsv.com/xGc2,2024-10-23T04:39:33.177,1,17.82,26.32,34.0,16.97,29.95,Holofoil,101/111,Ultra Rare,Water,240,Stage 1,[2W] Waterfall (70),Lx2,None,4,"[4W] Draconic Disaster (100+)
<br>If there is any Stadium card in play, this attack does 100 more damage. Then, discard that Stadium card.",,"<span style=""color:Teal""><strong>[W] Dread Storm GX</strong>
<br>Discard an Energy from each of your opponent's Pokemon.<em> (You can't use more than 1 GX attack in a game.)</em></span>",
149127,Gyarados GX (Secret),Gyarados GX Secret,https://tcgplayer-cdn.tcgplayer.com/product/149127_200w.jpg,3,2071,https://cpt.tcgcsv.com/zGc2,2022-12-05T19:38:09.287,1,35.49,52.99,200.0,46.04,68.99,Holofoil,112/111,Secret Rare,Water,240,Stage 1,[2W] Waterfall (70),Lx2,None,4,"[4W] Draconic Disaster (100+)
<br>If there is any Stadium card in play, this attack does 100 more damage. Then, discard that Stadium card.",,"<span style=""color:Teal""><strong>[W] Dread Storm GX</strong>
<br>Discard an Energy from each of your opponent's Pokemon.<em> (You can't use more than 1 GX attack in a game.)</em></span>",
149128,Alolan Golem GX (Full Art),Alolan Golem GX Full Art,https://tcgplayer-cdn.tcgplayer.com/product/149128_200w.jpg,3,2071,https://cpt.tcgcsv.com/BGc2,2022-12-05T19:36:41.093,1,2.85,4.16,24.95,3.69,3.02,Holofoil,102/111,Ultra Rare,Lightning,250,Stage 2,[2L] hammer In (80),Fx2,M-20,4,"[2LL] Super Electromagnetic Tackle (200)
<br>This Pokemon does 50 damage to itself.",,"<span style=""color:Teal""><strong>[2LL] Heavy Rock GX (100)</strong>
<br>Your opponent can't play any cards from their hand during their next turn.<em> (You can't use more than 1 GX attack in a game.)</em></span>",
149129,Alolan Golem GX (Secret),Alolan Golem GX Secret,https://tcgplayer-cdn.tcgplayer.com/product/149129_200w.jpg,3,2071,https://cpt.tcgcsv.com/CGc2,2022-12-05T19:38:18.82,1,6.47,10.32,24.95,9.98,12.45,Holofoil,113/111,Secret Rare,Lightning,250,Stage 2,[2L] hammer In (80),Fx2,M-20,4,"[2LL] Super Electromagnetic Tackle (200)
<br>This Pokemon does 50 damage to itself.",,"<span style=""color:Teal""><strong>[2LL] Heavy Rock GX (100)</strong>
<br>Your opponent can't play any cards from their hand during their next turn.<em> (You can't use more than 1 GX attack in a game.)</em></span>",
149130,Nihilego GX (Full Art),Nihilego GX Full Art,https://tcgplayer-cdn.tcgplayer.com/product/149130_200w.jpg,3,2071,https://cpt.tcgcsv.com/DGc2,2024-03-18T15:26:20.453,1,6.5,9.0,30.0,6.83,,Holofoil,103/111,Ultra Rare,Psychic,180,Basic,"[PPP] Lock Up (120)
<br>The Defending Pokemon can't retreat during your opponent's next turn.",Px2,None,2,"<span style=""color:DarkRed""><strong>[PPP] Symbiont GX</strong>
<br>Add the top 2 cards of your opponent's deck to their Prize cards.<em> (You can't use more than 1 GX attack in a game.)</em></span>","<strong>Ability — Empty Light</strong>
<br>When you play this Pokemon from your hand onto your Bench during your turn, you may leave both Active Pokemon Confused and Poisoned.",,
149131,Nihilego GX (Secret),Nihilego GX Secret,https://tcgplayer-cdn.tcgplayer.com/product/149131_200w.jpg,3,2071,https://cpt.tcgcsv.com/FGc2,2022-12-05T19:38:25.833,1,12.32,19.76,60.0,11.72,39.99,Holofoil,114/111,Secret Rare,Psychic,180,Basic,"[PPP] Lock Up (120)
<br>The Defending Pokemon can't retreat during your opponent's next turn.",Px2,None,2,"<span style=""color:DarkRed""><strong>[PPP] Symbiont GX</strong>
<br>Add the top 2 cards of your opponent's deck to their Prize cards.<em> (You can't use more than 1 GX attack in a game.)</em></span>","<strong>Ability — Empty Light</strong>
<br>When you play this Pokemon from your hand onto your Bench during your turn, you may leave both Active Pokemon Confused and Poisoned.",,
149132,Buzzwole GX (Full Art),Buzzwole GX Full Art,https://tcgplayer-cdn.tcgplayer.com/product/149132_200w.jpg,3,2071,https://cpt.tcgcsv.com/GGc2,2023-06-08T08:45:06.65,1,4.66,5.88,17.99,5.76,16.98,Holofoil,104/111,Ultra Rare,Fighting,190,Basic,"[F] Jet Punch (30)
<br>This attack does 30 damage to 1 of your opponent's Benched Pokemon. <em>(Don't apply Weakness and Resistance for Benched Pokemon.)</em>",Px2,None,2,"[FFF] Knuckle Impact (160)
<br>This Pokemon can't attack during your next turn.",,"<span style=""color:DarkRed""><strong>[FFF] Absorption GX</strong>
<br>This attack does 40 damage for each of your remaining Prize cards.<em> (You can't use more than 1 GX attack in a game.)</em></span>",
149133,Buzzwole GX (Secret),Buzzwole GX Secret,https://tcgplayer-cdn.tcgplayer.com/product/149133_200w.jpg,3,2071,https://cpt.tcgcsv.com/HGc2,2022-12-05T19:38:33.873,1,10.5,14.28,28.99,13.14,15.65,Holofoil,115/111,Secret Rare,Fighting,190,Basic,"[F] Jet Punch (30)
<br>This attack does 30 damage to 1 of your opponent's Benched Pokemon. <em>(Don't apply Weakness and Resistance for Benched Pokemon.)</em>",Px2,None,2,"[FFF] Knuckle Impact (160)
<br>This Pokemon can't attack during your next turn.",,"<span style=""color:DarkRed""><strong>[FFF] Absorption GX</strong>
<br>This attack does 40 damage for each of your remaining Prize cards.<em> (You can't use more than 1 GX attack in a game.)</em></span>",
149134,Guzzlord GX (Full Art),Guzzlord GX Full Art,https://tcgplayer-cdn.tcgplayer.com/product/149134_200w.jpg,3,2071,https://cpt.tcgcsv.com/JGc2,2024-10-26T08:04:15.773,1,3.86,4.99,10.87,4.87,,Holofoil,105/111,Ultra Rare,Darkness,210,Basic,"[D] Eat Sloppily
<br>Discard the top 5 cards of your deck. If any of those cards are Energy cards, attach them to this Pokemon.",Fx2,P-20,4,[2DDD] Tyrannical Hole (180),,"<span style=""color:DarkRed""><strong>[DDDDD] Glutton GX (100)</strong>
<br>If your opponent's Pokemon is Knocked Out by damage from this attack, take 2 more Prize cards.
<em> (You can't use more than 1 GX attack in a game.)</em></span>",
149135,Guzzlord GX (Secret),Guzzlord GX Secret,https://tcgplayer-cdn.tcgplayer.com/product/149135_200w.jpg,3,2071,https://cpt.tcgcsv.com/KGc2,2022-12-05T19:38:46.617,1,11.69,17.0,29.0,11.69,,Holofoil,116/111,Secret Rare,Darkness,210,Basic,"[D] Eat Sloppily
<br>Discard the top 5 cards of your deck. If any of those cards are Energy cards, attach them to this Pokemon.",Fx2,P-20,4,[2DDD] Tyrannical Hole (180),,"<span style=""color:DarkRed""><strong>[DDDDD] Glutton GX (100)</strong>
<br>If your opponent's Pokemon is Knocked Out by damage from this attack, take 2 more Prize cards.
<em> (You can't use more than 1 GX attack in a game.)</em></span>",
149136,Kartana GX (Full Art),Kartana GX Full Art,https://tcgplayer-cdn.tcgplayer.com/product/149136_200w.jpg,3,2071,https://cpt.tcgcsv.com/LGc2,2025-06-05T09:43:44.703,1,2.5,4.0,12.47,3.95,,Holofoil,106/111,Ultra Rare,Metal,170,Basic,"[2M] Gale Blade (70)
<br>You may shuffle this Pokemon and all cards attached to it into your deck.",Rx2,P-20,1,"<span style=""color:DarkRed""><strong>[M] Blade GX</strong>
<br>Take a Prize card.<em> (You can't use more than 1 GX attack in a game.)</em></span>","<strong>Ability — Slice Off</strong>
<br>When you play this Pokemon from your hand onto your Bench during your turn, you may discard a Special Energy from your opponent's Pokemon.",,
149137,Kartana GX (Secret),Kartana GX Secret,https://tcgplayer-cdn.tcgplayer.com/product/149137_200w.jpg,3,2071,https://cpt.tcgcsv.com/MGc2,2022-12-05T19:38:53.41,1,5.85,7.94,22.36,7.26,,Holofoil,117/111,Secret Rare,Metal,170,Basic,"[2M] Gale Blade (70)
<br>You may shuffle this Pokemon and all cards attached to it into your deck.",Rx2,P-20,1,"<span style=""color:DarkRed""><strong>[M] Blade GX</strong>
<br>Take a Prize card.<em> (You can't use more than 1 GX attack in a game.)</em></span>","<strong>Ability — Slice Off</strong>
<br>When you play this Pokemon from your hand onto your Bench during your turn, you may discard a Special Energy from your opponent's Pokemon.",,
149138,Alolan Exeggutor GX (Full Art),Alolan Exeggutor GX Full Art,https://tcgplayer-cdn.tcgplayer.com/product/149138_200w.jpg,3,2071,https://cpt.tcgcsv.com/NGc2,2023-06-30T18:22:44.373,1,2.5,3.5,9.96,3.27,4.24,Holofoil,107/111,Ultra Rare,Dragon,220,Stage 1,"[G] Tropical Head
<br>This attack does 20 damage times the amount of Energy attached to this Pokemon to 1 of your opponent's Pokemon. <em>(Don't apply Weakness and Resistance for Benched Pokemon.)</em>",Yx2,None,3,"[3G] Dragon Hammer (120)
<br>Your opponent's Active Pokemon is now Confused.",,"<span style=""color:Teal""><strong>[3G] Tower-Go-Round GX (180)</strong>
<br>Move any number of Energy from your Pokemon to your other Pokemon in any way you like.<em> (You can't use more than 1 GX attack in a game.)</em></span>",
149139,Alolan Exeggutor GX (Secret),Alolan Exeggutor GX Secret,https://tcgplayer-cdn.tcgplayer.com/product/149139_200w.jpg,3,2071,https://cpt.tcgcsv.com/PGc2,2022-12-05T19:39:00.44,1,7.69,10.83,45.0,10.24,,Holofoil,118/111,Secret Rare,Dragon,220,Stage 1,"[G] Tropical Head
<br>This attack does 20 damage times the amount of Energy attached to this Pokemon to 1 of your opponent's Pokemon. <em>(Don't apply Weakness and Resistance for Benched Pokemon.)</em>",Yx2,None,3,"[3G] Dragon Hammer (120)
<br>Your opponent's Active Pokemon is now Confused.",,"<span style=""color:Teal""><strong>[3G] Tower-Go-Round GX (180)</strong>
<br>Move any number of Energy from your Pokemon to your other Pokemon in any way you like.<em> (You can't use more than 1 GX attack in a game.)</em></span>",
149140,Silvally GX (Full Art),Silvally GX Full Art,https://tcgplayer-cdn.tcgplayer.com/product/149140_200w.jpg,3,2071,https://cpt.tcgcsv.com/QGc2,2022-12-05T19:37:33.177,1,1.93,4.27,7.24,4.27,4.86,Holofoil,108/111,Ultra Rare,Colorless,210,Stage 1,"[3] Turbo Drive (120)
<br>Attach a basic Energy card from your discard pile to 1 of your Benched Pokemon.",Fx2,None,2,"<span style=""color:Teal""><strong>[3] Rebel GX (50x)</strong>
<br>This attack does 50 damage for each of your opponent's Benched Pokemon.<em> (You can't use more than 1 GX attack in a game.)</em></span>","<strong>Ability — Gyro Unit</strong>
<br>Your Basic Pokemon in play have no Retreat Cost.",,
149141,Silvally GX (Secret),Silvally GX Secret,https://tcgplayer-cdn.tcgplayer.com/product/149141_200w.jpg,3,2071,https://cpt.tcgcsv.com/RGc2,2023-02-26T08:46:55.897,1,8.23,11.62,26.98,9.17,11.62,Holofoil,119/111,Secret Rare,Colorless,210,Stage 1,"[3] Turbo Drive (120)
<br>Attach a basic Energy card from your discard pile to 1 of your Benched Pokemon.",Fx2,None,2,"<span style=""color:Teal""><strong>[3] Rebel GX (50x)</strong>
<br>This attack does 50 damage for each of your opponent's Benched Pokemon.<em> (You can't use more than 1 GX attack in a game.)</em></span>","<strong>Ability — Gyro Unit</strong>
<br>Your Basic Pokemon in play have no Retreat Cost.",,
149142,Gladion (Full Art),Gladion Full Art,https://tcgplayer-cdn.tcgplayer.com/product/149142_200w.jpg,3,2071,https://cpt.tcgcsv.com/SGc2,2022-12-08T22:08:12.95,1,13.35,15.0,34.99,14.95,13.35,Holofoil,109/111,Ultra Rare,Supporter,,,,,,,,"Look at your face-down Prize cards and put 1 of them into your hand. Then, shuffle this Gladion into your remaining Prize cards and put them back face down. If you didn't play this Gladion from your hand, it does nothing.",,
149143,Lusamine (Full Art),Lusamine Full Art,https://tcgplayer-cdn.tcgplayer.com/product/149143_200w.jpg,3,2071,https://cpt.tcgcsv.com/TGc2,2022-12-05T19:37:48.497,1,29.0,36.02,145.0,36.05,31.46,Holofoil,110/111,Ultra Rare,Supporter,,,,,,,,Put 2 in any combination of Supporter and Stadium cards from your discard pile into your hand.,,
149144,Olivia (Full Art),Olivia Full Art,https://tcgplayer-cdn.tcgplayer.com/product/149144_200w.jpg,3,2071,https://cpt.tcgcsv.com/VGc2,2023-09-12T20:48:51.183,1,11.84,16.64,49.99,15.81,,Holofoil,111/111,Ultra Rare,Supporter,,,,,,,,"Search your deck for up to 2 Pokemon-GX, reveal them, and put them into your hand. Then, shuffle your deck.",,
149145,Counter Catcher (Secret),Counter Catcher Secret,https://tcgplayer-cdn.tcgplayer.com/product/149145_200w.jpg,3,2071,https://cpt.tcgcsv.com/WGc2,2024-06-08T16:32:45.747,1,12.25,18.25,66.86,16.13,,Holofoil,120/111,Secret Rare,Item,,,,,,,,"You can play this card only if you have more Prize cards remaining than your opponent.
<br>Switch 1 of your opponent's Benched Pokémon with their Active Pokémon.",,
149146,Wishful Baton (Secret),Wishful Baton Secret,https://tcgplayer-cdn.tcgplayer.com/product/149146_200w.jpg,3,2071,https://cpt.tcgcsv.com/XGc2,2022-12-05T19:39:24.96,1,3.55,4.49,12.49,4.16,,Holofoil,121/111,Secret Rare,Tool,,,,,,,,"If the Pokemon this card is attached to is your Active Pokemon and is Knocked Out by damage from an opponent's attack, move up to 3 basic Energy cards from that Pokemon to 1 of your Benched Pokemon.",,
149147,Counter Energy (Secret),Counter Energy Secret,https://tcgplayer-cdn.tcgplayer.com/product/149147_200w.jpg,3,2071,https://cpt.tcgcsv.com/ZGc2,2024-12-27T08:18:10.753,1,5.98,8.29,29.99,7.82,6.99,Holofoil,122/111,Secret Rare,Special Energy,,,,,,,,"This card provides Colorless Energy.
<br>If you have more Prize cards remaining than your opponent, and if this card is attached to a Pokemon that isn't a Pokémon GX or Pokemon EX, this card provides every type of Energy but provides only 2 Energy at a time.",,
149148,Warp Energy (Secret),Warp Energy Secret,https://tcgplayer-cdn.tcgplayer.com/product/149148_200w.jpg,3,2071,https://cpt.tcgcsv.com/-Gc2,2022-12-05T19:39:38.147,1,2.99,4.72,17.83,3.98,3.95,Holofoil,123/111,Secret Rare,Energy,,,,,,,,"This card provides 1 Energy.
<br>When you attach this card from your hand to your Active Pokemon, switch that Pokemon with 1 of your Benched Pokemon.",,
149149,Water Energy (Secret),Water Energy Secret,https://tcgplayer-cdn.tcgplayer.com/product/149149_200w.jpg,3,2071,https://cpt.tcgcsv.com/_Gc2,2022-12-05T19:39:47.797,1,10.49,16.5,39.29,13.98,14.5,Holofoil,124/111,Secret Rare,Basic Water Energy,,,,,,,,,,
149299,Staravia,Staravia,https://tcgplayer-cdn.tcgplayer.com/product/149299_200w.jpg,3,2071,https://cpt.tcgcsv.com/_Kc2,2024-09-04T08:42:37.96,1,0.01,0.15,1.49,0.08,0.07,Normal,82/111,Uncommon,Colorless,80,Stage 1,[1] Flap (20),Lx2,F-20,1,[3] Wing Attack (60),,,
149299,Staravia,Staravia,https://tcgplayer-cdn.tcgplayer.com/product/149299_200w.jpg,3,2071,https://cpt.tcgcsv.com/_Kc2,2024-09-04T08:42:37.96,1,0.24,0.47,1.54,0.47,,Reverse Holofoil,82/111,Uncommon,Colorless,80,Stage 1,[1] Flap (20),Lx2,F-20,1,[3] Wing Attack (60),,,
149375,Ultra Beasts GX Premium Collection [Pheromosa GX & Celesteela GX],Ultra Beasts GX Premium Collection Pheromosa GX and Celesteela GX,https://tcgplayer-cdn.tcgplayer.com/product/149375_200w.jpg,3,2071,https://cpt.tcgcsv.com/wMc2,2017-11-01T19:54:24.883,1,222.0,222.0,222.0,179.0,,Normal,,,,,,,,,,,"This Ultra Beasts GX Premium Collection features Pheromosa and Celesteela. Each collection contains:
<br>• 8 Pokemon TCG booster packs
<br>• 1 Pheromosa GX holofoil promo 
<br>• 1 Pheromosa GX holofoil Jumbo promo
<br>• 1 Celesteela GX holofoil promo
<br>• 1 Special plamat
<br>• 1 Collectible coin
<br>• 1 Pokemon TCG Online code card",,
149376,Ultra Beasts GX Premium Collection [Buzzwole GX & Xurkitree GX],Ultra Beasts GX Premium Collection Buzzwole GX and Xurkitree GX,https://tcgplayer-cdn.tcgplayer.com/product/149376_200w.jpg,3,2071,https://cpt.tcgcsv.com/xMc2,2017-11-01T19:54:42.93,1,225.0,225.0,225.0,190.0,,Normal,,,,,,,,,,,"This Ultra Beasts GX Premium Collection features Buzzwole and Xurkitree. Each collection contains:
<br>• 8 Pokemon TCG booster packs
<br>• 1 Buzzwole GX holofoil promo 
<br>• 1 Buzzwole GX holofoil Jumbo promo
<br>• 1 Xurkitree GX holofoil promo
<br>• 1 Special plamat
<br>• 1 Collectible coin
<br>• 1 Pokemon TCG Online code card",,
149377,Crimson Invasion Elite Trainer Box,Crimson Invasion Elite Trainer Box,https://tcgplayer-cdn.tcgplayer.com/product/149377_200w.jpg,3,2071,https://cpt.tcgcsv.com/zMc2,2018-01-26T13:25:21.653,1,160.0,196.49,1999.99,169.4,,Normal,,,,,,,,,,,"Featuring the mighty Silvally as it faces off against the mysterious Ultra Beasts, the Crimson Invasion expansion ramps up the excitement with amazing new Pokemon and new strategies. And with the Elite Trainer Box, you can capture the spirit of the expansion with Silvally card sleeves, high-quality dice and condition markers, and much more. Battle bigger with the Crimson Invasion Elite Trainer Box!
<br>
<br><strong>The Crimson Invasion Elite Trainer Box includes:</strong>
<br>• 8 Crimson Invasion booster packs
<br>• 65 card sleeves featuring Silvally
<br>• 45 Pokemon TCG Energy cards
<br>• A player's guide to the Crimson Invasion expansion
<br>• 6 damage-counter dice
<br>• 1 competition-legal coin-flip die
<br>• 2 acrylic condition markers and 1 acrylic GX marker
<br>• A collector's box to hold everything, with 4 dividers to keep it organized
<br>• A code card for the Pokemon Trading Card Game Online",,820650802607
149379,"Crimson Invasion Theme Deck - ""Clanging Thunder"" [Kommo-o]",Crimson Invasion Theme Deck Clanging Thunder Kommo o,https://tcgplayer-cdn.tcgplayer.com/product/149379_200w.jpg,3,2071,https://cpt.tcgcsv.com/CMc2,2021-02-17T16:02:46.773,1,28.0,31.49,34.97,29.99,,Normal,,,,,,,,,,,"<em>Echoes of Mighty Pokémon!
<br>Kommo-o makes a mighty noise in battle! With a thunderous crew of Fighting and Lightning types, you can tear it up with huge hits and powerful Pokémon. The Clanging Thunder theme deck is going extra-big at full volume!</em>
<br><br><strong>Contents for each Deck:</strong>
<br>• 1 60-card pre-constructed deck 
<br>• Damage counters 
<br>• 1 coin",,
149380,"Crimson Invasion Theme Deck - ""Destruction Fang"" [Hydreigon]",Crimson Invasion Theme Deck Destruction Fang Hydreigon,https://tcgplayer-cdn.tcgplayer.com/product/149380_200w.jpg,3,2071,https://cpt.tcgcsv.com/DMc2,2021-02-17T16:02:52.737,1,18.01,30.48,33.85,30.35,,Normal,,,,,,,,,,,"<em>Armed with fangs, claws, and poison, Hydreigon and friends are ready to battle! This dangerous deck calls on Darkness- and Psychic-type Pokémon with howling fury and keen instincts. Make a furious attack work for you with the Destruction Fang theme deck!</em>
<br><br><strong>Contents for each Deck:</strong>
<br>• 1 60-card pre-constructed deck 
<br>• Damage counters 
<br>• 1 coin",,
152598,Shiny Silvally GX Box,Shiny Silvally GX Box,https://tcgplayer-cdn.tcgplayer.com/product/152598_200w.jpg,3,2071,https://cpt.tcgcsv.com/-2f2,2017-11-16T14:32:52.687,1,,,,,,,,,,,,,,,,,"The Pokémon TCG: Shiny Silvally-GX Box includes:
<br>• 1 holofoil promo card of Shiny Silvally GX (SM91) and 1 Jumbo version
<br>• 4 Pokémon TCG booster packs
<br>• A code card for the Pokémon Trading Card Game Online",,
152601,Silvally Figure Collection,Silvally Figure Collection,https://tcgplayer-cdn.tcgplayer.com/product/152601_200w.jpg,3,2071,https://cpt.tcgcsv.com/23f2,2017-11-16T14:37:38.737,1,,,,,,,,,,,,,,,,,"The Pokémon TCG: Silvally Figure Collection includes:
<br>• 1 foil promo card featuring Silvally
<br>• 1 detailed figure of Silvally
<br>• 4 Pokémon TCG booster packs
<br>• A code card for the Pokémon Trading Card Game Online",,
152602,Marshadow Figure Collection,Marshadow Figure Collection,https://tcgplayer-cdn.tcgplayer.com/product/152602_200w.jpg,3,2071,https://cpt.tcgcsv.com/33f2,2017-11-16T14:38:33.51,1,249.98,249.98,249.98,165.5,,Normal,,,,,,,,,,,"The Pokémon TCG: Marshadow Figure Collection includes:
<br>• 1 foil promo card featuringMarshadow
<br>• 1 detailed figure of Marshadow
<br>• 4 Pokémon TCG booster packs
<br>• A code card for the Pokémon Trading Card Game Online",,
153081,Crimson Invasion Prerelease Kit,Crimson Invasion Prerelease Kit,https://tcgplayer-cdn.tcgplayer.com/product/153081_200w.jpg,3,2071,https://cpt.tcgcsv.com/Fff2,2017-11-22T12:38:51.527,1,90.0,95.0,100.0,41.7,,Normal,,,,,,,,,,,"Each Kit includes 4 Crimson Invasion booster packs, 1 special 23-card prerelease pack with 1 of 4 exclusive foil prerelease promo card.",,
155061,Guzzlord GX Box,Guzzlord GX Box,https://tcgplayer-cdn.tcgplayer.com/product/155061_200w.jpg,3,2071,https://cpt.tcgcsv.com/f2g2,2017-12-19T19:21:25.54,1,,,,,,,,,,,,,,,,,"Each Guzzlord GX Box comes with a holofoil promo of Guzzlord GX <em(and a Jumbo version)</em>, 4 booster packs, and a Pokemon Trading Card Game Online code card.",,
158064,Battle Arena Decks: Landorus vs. Genesect,Battle Arena Decks Landorus vs Genesect,https://tcgplayer-cdn.tcgplayer.com/product/158064_200w.jpg,3,2071,https://cpt.tcgcsv.com/jfh2,2018-01-30T15:04:13.403,1,,,,,,,,,,,,,,,,,"<br>Landorus and Genesect go head to head in the new Pokemon TCG Battle Arena Decks! These two 60-card decks are ready to play right away, with powerful cards and winning strategies worthy of an ace Trainer! Each deck is led by an exceptional Pokemon-EX and includes 11 foil cards. Let the battle begin!!
<br>
<br>You get two complete decks! In each 60-card deck, you’ll find: 
<br>• 2 foil cards featuring Landorus-EX or Genesect-EX 
<br>• 8 foil basic Energy cards: 4 each of two types 
<br>• Tournament-level Trainer cards, including Lysandre, N, VS Seeker, and more! 
<br>• Special versions of Delinquent and Professor’s Letter with all-new art!
<br>
<br>In addition, each box contains: 
<br>• 2 metallic coins and 2 sets of damage counters 
<br>• 2-player playmat and rulesheet 
<br>• 1 code card to play these decks in the Pokemon Trading Card Game Online 
<br>• 2 deck boxes 
<br>• 1 Quick Guide to unlock the powerful strategies within",,0820650803222
166409,Pikachu Sidekick Collection,Pikachu Sidekick Collection,https://tcgplayer-cdn.tcgplayer.com/product/166409_200w.jpg,3,2071,https://cpt.tcgcsv.com/cBl2,2018-04-26T19:57:32.36,1,124.99,137.5,150.0,74.14,,Normal,,,,,,,,,,,"Deliver a Thunder Shock—with Pikachu!
<br>Pikachu is always charged up for battle and ready to show off its electric powers! You get Pikachu as a clip-on dangler for your backpack, key ring, or lanyard, and also as a playable foil promo card. Bring a new spark to your game, and fire up your battling spirit with Pikachu!
<br><strong>The Pikachu Sidekick Collection includes:</strong>
<br>A foil promo card featuring Pikachu (SM98)
<br>An awesome dangler featuring Pikachu
<br>3 Pokémon TCG booster packs
<br>
<br><em>Cards vary by pack. Packs may vary by product.</em>",,
166410,Mimikyu Sidekick Collection,Mimikyu Sidekick Collection,https://tcgplayer-cdn.tcgplayer.com/product/166410_200w.jpg,3,2071,https://cpt.tcgcsv.com/dBl2,2018-04-26T20:26:25.95,1,350.0,350.0,350.0,69.28,,Normal,,,,,,,,,,,"A Pokémon in Disguise: Mimikyu!
<br>Time to hide under a totally perfect disguise! No, that’s not Pikachu—it’s the Mimikyu Sidekick Collection, featuring the spooky cutie Mimikyu as a clip-on dangler for your backpack, key ring, or lanyard, and also as a playable foil promo card. Confuse opponents with copycat trickery, or just revel in the mystery of Mimikyu!
<br><strong>The Mimikyu Sidekick Collection includes:</strong>
<br>A foil promo card featuring Mimikyu (SM99)
<br>An awesome dangler featuring Mimikyu
<br>3 Pokémon TCG booster packs
<br><em>Cards vary by pack. Packs may vary by product.</em>",,
177872,Crimson Invasion 3 Pack Blister [Decidueye],Crimson Invasion 3 Pack Blister Decidueye,https://tcgplayer-cdn.tcgplayer.com/product/177872_200w.jpg,3,2071,https://cpt.tcgcsv.com/s9r2,2018-10-10T19:30:53.883,1,,,,,,,,,,,,,,,,,"Each 3 Pack blister comes with 3 Sun & Moon—Crimson Invasion Booster packs, 1 coin, and a promotional card of Decidueye.",,
177873,Crimson Invasion 3 Pack Blister [Lucario],Crimson Invasion 3 Pack Blister Lucario,https://tcgplayer-cdn.tcgplayer.com/product/177873_200w.jpg,3,2071,https://cpt.tcgcsv.com/t9r2,2018-10-10T19:30:11.62,1,41.66,50.49,62.0,45.0,,Normal,,,,,,,,,,,"Each 3 Pack blister comes with 3 Sun & Moon—Crimson Invasion Booster packs, 1 coin, and a promotional card of Lucario.",,
177874,Crimson Invasion Single Pack Blister [Golisopod],Crimson Invasion Single Pack Blister Golisopod,https://tcgplayer-cdn.tcgplayer.com/product/177874_200w.jpg,3,2071,https://cpt.tcgcsv.com/v9r2,2018-10-10T19:32:16.86,1,34.95,34.95,34.95,34.95,,Normal,,,,,,,,,,,"Each blister comes with 1 Sun & Moon—Crimson Invasion Booster packs, 1 coin, and a promotional card of Golisopod.",,
177875,Crimson Invasion Single Pack Blister [Dhelmise],Crimson Invasion Single Pack Blister Dhelmise,https://tcgplayer-cdn.tcgplayer.com/product/177875_200w.jpg,3,2071,https://cpt.tcgcsv.com/w9r2,2018-10-10T19:33:12.98,1,,,,,,,,,,,,,,,,,"Each blister comes with 1 Sun & Moon—Crimson Invasion Booster packs, 1 coin, and a promotional card of Dhelmise.",,
257520,Code Card - Crimson Invasion Booster Pack,Code Card Crimson Invasion Booster Pack,https://tcgplayer-cdn.tcgplayer.com/product/257520_200w.jpg,3,2071,https://cpt.tcgcsv.com/q053,2022-07-20T19:23:55.83,1,0.01,0.1,0.49,0.05,,Normal,,Code Card,,,,,,,,,"This listing is <strong>not</strong> a physical item. Please keep in mind that this <strong>Code Card</strong> listing represents a digital copy of the stated item for the Pokémon TCG Online <strong>and/or</strong> the Pokémon TCG Live games. You may receive the physical <strong>Code Card</strong>. Upon purchase, please work with your specific Seller by sending them a message using the <strong>Contact Seller</strong> button on the order details in your <a href=https://store.tcgplayer.com/myaccount/orderhistory>Order History</a> to opt in to having your <strong>Code Card</strong> code delivered digitally due to the nature of the product.",,
257535,Code Card - Crimson Invasion 3 Pack Blister [Lucario],Code Card Crimson Invasion 3 Pack Blister Lucario,https://tcgplayer-cdn.tcgplayer.com/product/257535_200w.jpg,3,2071,https://cpt.tcgcsv.com/K053,2022-07-20T19:23:54.667,1,0.15,0.25,2.95,,,Normal,,Code Card,,,,,,,,,"This listing is <strong>not</strong> a physical item. Please keep in mind that this <strong>Code Card</strong> listing represents a digital copy of the stated item for the Pokémon TCG Online <strong>and/or</strong> the Pokémon TCG Live games. You may receive the physical <strong>Code Card</strong>. Upon purchase, please work with your specific Seller by sending them a message using the <strong>Contact Seller</strong> button on the order details in your <a href=https://store.tcgplayer.com/myaccount/orderhistory>Order History</a> to opt in to having your <strong>Code Card</strong> code delivered digitally due to the nature of the product.",,
257549,Code Card - Ultra Beasts GX Premium Collection [Pheromosa GX & Celesteela GX],Code Card Ultra Beasts GX Premium Collection Pheromosa GX and Celesteela GX,https://tcgplayer-cdn.tcgplayer.com/product/257549_200w.jpg,3,2071,https://cpt.tcgcsv.com/_053,2022-07-20T19:28:00.913,1,,,,,,,,Code Card,,,,,,,,,"This listing is <strong>not</strong> a physical item. Please keep in mind that this <strong>Code Card</strong> listing represents a digital copy of the stated item for the Pokémon TCG Online <strong>and/or</strong> the Pokémon TCG Live games. You may receive the physical <strong>Code Card</strong>. Upon purchase, please work with your specific Seller by sending them a message using the <strong>Contact Seller</strong> button on the order details in your <a href=https://store.tcgplayer.com/myaccount/orderhistory>Order History</a> to opt in to having your <strong>Code Card</strong> code delivered digitally due to the nature of the product.",,
266455,Code Card - Crimson Invasion 3 Pack Blister [Decidueye],Code Card Crimson Invasion 3 Pack Blister Decidueye,https://tcgplayer-cdn.tcgplayer.com/product/266455_200w.jpg,3,2071,https://cpt.tcgcsv.com/7C83,2022-07-20T19:23:53.08,1,0.15,0.15,0.15,,,Normal,,Code Card,,,,,,,,,"This listing is <strong>not</strong> a physical item. Please keep in mind that this <strong>Code Card</strong> listing represents a digital copy of the stated item for the Pokémon TCG Online <strong>and/or</strong> the Pokémon TCG Live games. You may receive the physical <strong>Code Card</strong>. Upon purchase, please work with your specific Seller by sending them a message using the <strong>Contact Seller</strong> button on the order details in your <a href=https://store.tcgplayer.com/myaccount/orderhistory>Order History</a> to opt in to having your <strong>Code Card</strong> code delivered digitally due to the nature of the product.",,
266457,Code Card - Crimson Invasion Single Pack Blister [Dhelmise],Code Card Crimson Invasion Single Pack Blister Dhelmise,https://tcgplayer-cdn.tcgplayer.com/product/266457_200w.jpg,3,2071,https://cpt.tcgcsv.com/9C83,2022-07-20T19:23:59.75,1,0.05,0.28,0.5,,,Normal,,Code Card,,,,,,,,,"This listing is <strong>not</strong> a physical item. Please keep in mind that this <strong>Code Card</strong> listing represents a digital copy of the stated item for the Pokémon TCG Online <strong>and/or</strong> the Pokémon TCG Live games. You may receive the physical <strong>Code Card</strong>. Upon purchase, please work with your specific Seller by sending them a message using the <strong>Contact Seller</strong> button on the order details in your <a href=https://store.tcgplayer.com/myaccount/orderhistory>Order History</a> to opt in to having your <strong>Code Card</strong> code delivered digitally due to the nature of the product.",,
266459,Code Card - Crimson Invasion Single Pack Blister [Golisopod],Code Card Crimson Invasion Single Pack Blister Golisopod,https://tcgplayer-cdn.tcgplayer.com/product/266459_200w.jpg,3,2071,https://cpt.tcgcsv.com/cC83,2022-07-20T19:24:01.733,1,0.2,0.2,0.5,,,Normal,,Code Card,,,,,,,,,"This listing is <strong>not</strong> a physical item. Please keep in mind that this <strong>Code Card</strong> listing represents a digital copy of the stated item for the Pokémon TCG Online <strong>and/or</strong> the Pokémon TCG Live games. You may receive the physical <strong>Code Card</strong>. Upon purchase, please work with your specific Seller by sending them a message using the <strong>Contact Seller</strong> button on the order details in your <a href=https://store.tcgplayer.com/myaccount/orderhistory>Order History</a> to opt in to having your <strong>Code Card</strong> code delivered digitally due to the nature of the product.",,
266460,"Code Card - Crimson Invasion Theme Deck - ""Clanging Thunder"" [Kommo-o]",Code Card Crimson Invasion Theme Deck Clanging Thunder Kommo o,https://tcgplayer-cdn.tcgplayer.com/product/266460_200w.jpg,3,2071,https://cpt.tcgcsv.com/dC83,2022-07-20T19:24:04.253,1,,,,,,,,Code Card,,,,,,,,,"This listing is <strong>not</strong> a physical item. Please keep in mind that this <strong>Code Card</strong> listing represents a digital copy of the stated item for the Pokémon TCG Online <strong>and/or</strong> the Pokémon TCG Live games. You may receive the physical <strong>Code Card</strong>. Upon purchase, please work with your specific Seller by sending them a message using the <strong>Contact Seller</strong> button on the order details in your <a href=https://store.tcgplayer.com/myaccount/orderhistory>Order History</a> to opt in to having your <strong>Code Card</strong> code delivered digitally due to the nature of the product.",,
266461,"Code Card - Crimson Invasion Theme Deck - ""Destruction Fang"" [Hydreigon]",Code Card Crimson Invasion Theme Deck Destruction Fang Hydreigon,https://tcgplayer-cdn.tcgplayer.com/product/266461_200w.jpg,3,2071,https://cpt.tcgcsv.com/fC83,2022-07-20T19:24:05.663,1,,,,,,,,Code Card,,,,,,,,,"This listing is <strong>not</strong> a physical item. Please keep in mind that this <strong>Code Card</strong> listing represents a digital copy of the stated item for the Pokémon TCG Online <strong>and/or</strong> the Pokémon TCG Live games. You may receive the physical <strong>Code Card</strong>. Upon purchase, please work with your specific Seller by sending them a message using the <strong>Contact Seller</strong> button on the order details in your <a href=https://store.tcgplayer.com/myaccount/orderhistory>Order History</a> to opt in to having your <strong>Code Card</strong> code delivered digitally due to the nature of the product.",,
266488,Code Card - Guzzlord GX Box,Code Card Guzzlord GX Box,https://tcgplayer-cdn.tcgplayer.com/product/266488_200w.jpg,3,2071,https://cpt.tcgcsv.com/NC83,2022-07-20T19:32:17.693,1,,,,,,,,Code Card,,,,,,,,,"This listing is <strong>not</strong> a physical item. Please keep in mind that this <strong>Code Card</strong> listing represents a digital copy of the stated item for the Pokémon TCG Online <strong>and/or</strong> the Pokémon TCG Live games. You may receive the physical <strong>Code Card</strong>. Upon purchase, please work with your specific Seller by sending them a message using the <strong>Contact Seller</strong> button on the order details in your <a href=https://store.tcgplayer.com/myaccount/orderhistory>Order History</a> to opt in to having your <strong>Code Card</strong> code delivered digitally due to the nature of the product.",,
266512,Code Card - Marshadow Figure Collection,Code Card Marshadow Figure Collection,https://tcgplayer-cdn.tcgplayer.com/product/266512_200w.jpg,3,2071,https://cpt.tcgcsv.com/gD83,2022-07-20T19:41:05.923,1,0.25,0.55,1.0,,,Normal,,Code Card,,,,,,,,,"This listing is <strong>not</strong> a physical item. Please keep in mind that this <strong>Code Card</strong> listing represents a digital copy of the stated item for the Pokémon TCG Online <strong>and/or</strong> the Pokémon TCG Live games. You may receive the physical <strong>Code Card</strong>. Upon purchase, please work with your specific Seller by sending them a message using the <strong>Contact Seller</strong> button on the order details in your <a href=https://store.tcgplayer.com/myaccount/orderhistory>Order History</a> to opt in to having your <strong>Code Card</strong> code delivered digitally due to the nature of the product.",,
266517,Code Card - Mimikyu Sidekick Collection,Code Card Mimikyu Sidekick Collection,https://tcgplayer-cdn.tcgplayer.com/product/266517_200w.jpg,3,2071,https://cpt.tcgcsv.com/mD83,2022-07-20T19:41:24.337,1,3.55,5.0,5.95,3.55,,Normal,,Code Card,,,,,,,,,"This listing is <strong>not</strong> a physical item. Please keep in mind that this <strong>Code Card</strong> listing represents a digital copy of the stated item for the Pokémon TCG Online <strong>and/or</strong> the Pokémon TCG Live games. You may receive the physical <strong>Code Card</strong>. Upon purchase, please work with your specific Seller by sending them a message using the <strong>Contact Seller</strong> button on the order details in your <a href=https://store.tcgplayer.com/myaccount/orderhistory>Order History</a> to opt in to having your <strong>Code Card</strong> code delivered digitally due to the nature of the product.",,
266522,Code Card - Pikachu Sidekick Collection,Code Card Pikachu Sidekick Collection,https://tcgplayer-cdn.tcgplayer.com/product/266522_200w.jpg,3,2071,https://cpt.tcgcsv.com/sD83,2022-07-20T19:42:04.25,1,1.3,3.29,6.99,,,Normal,,Code Card,,,,,,,,,"This listing is <strong>not</strong> a physical item. Please keep in mind that this <strong>Code Card</strong> listing represents a digital copy of the stated item for the Pokémon TCG Online <strong>and/or</strong> the Pokémon TCG Live games. You may receive the physical <strong>Code Card</strong>. Upon purchase, please work with your specific Seller by sending them a message using the <strong>Contact Seller</strong> button on the order details in your <a href=https://store.tcgplayer.com/myaccount/orderhistory>Order History</a> to opt in to having your <strong>Code Card</strong> code delivered digitally due to the nature of the product.",,
266532,Code Card - Shiny Silvally GX Box,Code Card Shiny Silvally GX Box,https://tcgplayer-cdn.tcgplayer.com/product/266532_200w.jpg,3,2071,https://cpt.tcgcsv.com/GD83,2022-07-20T19:47:40.437,1,0.05,0.05,0.05,,,Normal,,Code Card,,,,,,,,,"This listing is <strong>not</strong> a physical item. Please keep in mind that this <strong>Code Card</strong> listing represents a digital copy of the stated item for the Pokémon TCG Online <strong>and/or</strong> the Pokémon TCG Live games. You may receive the physical <strong>Code Card</strong>. Upon purchase, please work with your specific Seller by sending them a message using the <strong>Contact Seller</strong> button on the order details in your <a href=https://store.tcgplayer.com/myaccount/orderhistory>Order History</a> to opt in to having your <strong>Code Card</strong> code delivered digitally due to the nature of the product.",,
266534,Code Card - Silvally Figure Collection,Code Card Silvally Figure Collection,https://tcgplayer-cdn.tcgplayer.com/product/266534_200w.jpg,3,2071,https://cpt.tcgcsv.com/JD83,2022-07-20T19:47:43.267,1,0.2,1.1,2.0,0.54,,Normal,,Code Card,,,,,,,,,"This listing is <strong>not</strong> a physical item. Please keep in mind that this <strong>Code Card</strong> listing represents a digital copy of the stated item for the Pokémon TCG Online <strong>and/or</strong> the Pokémon TCG Live games. You may receive the physical <strong>Code Card</strong>. Upon purchase, please work with your specific Seller by sending them a message using the <strong>Contact Seller</strong> button on the order details in your <a href=https://store.tcgplayer.com/myaccount/orderhistory>Order History</a> to opt in to having your <strong>Code Card</strong> code delivered digitally due to the nature of the product.",,
266559,Code Card - Ultra Beasts GX Premium Collection [Buzzwole GX & Xurkitree GX],Code Card Ultra Beasts GX Premium Collection Buzzwole GX and Xurkitree GX,https://tcgplayer-cdn.tcgplayer.com/product/266559_200w.jpg,3,2071,https://cpt.tcgcsv.com/cF83,2022-07-20T19:27:50.553,1,2.5,2.5,2.5,,,Normal,,Code Card,,,,,,,,,"This listing is <strong>not</strong> a physical item. Please keep in mind that this <strong>Code Card</strong> listing represents a digital copy of the stated item for the Pokémon TCG Online <strong>and/or</strong> the Pokémon TCG Live games. You may receive the physical <strong>Code Card</strong>. Upon purchase, please work with your specific Seller by sending them a message using the <strong>Contact Seller</strong> button on the order details in your <a href=https://store.tcgplayer.com/myaccount/orderhistory>Order History</a> to opt in to having your <strong>Code Card</strong> code delivered digitally due to the nature of the product.",,
267039,Crimson Invasion Booster Pack Art Bundle [Set of 4],Crimson Invasion Booster Pack Art Bundle Set of 4,https://tcgplayer-cdn.tcgplayer.com/product/267039_200w.jpg,3,2071,https://cpt.tcgcsv.com/PQ83,2022-06-07T19:55:32.39,1,52.0,52.98,55.99,49.32,,Normal,,,,,,,,,,,"Collect each of the 4 unique art packs for Sun & Moon—Crimson Invasion.
<br>Each Sun & Moon—Crimson Invasion booster pack contains 10 random cards.",,
276580,Crimson Invasion Sleeved Booster Pack Art Bundle [Set of 4],Crimson Invasion Sleeved Booster Pack Art Bundle Set of 4,https://tcgplayer-cdn.tcgplayer.com/product/276580_200w.jpg,3,2071,https://cpt.tcgcsv.com/DFd3,2022-06-20T18:50:47.827,1,65.0,70.0,89.95,63.88,,Normal,,,,,,,,,,,"Collect each of the 4 unique art packs for Crimson Invasion.
<br>Each Crimson Invasion booster pack contains 10 random cards.",,
278668,Code Card - Crimson Invasion Prerelease Kit,Code Card Crimson Invasion Prerelease Kit,https://tcgplayer-cdn.tcgplayer.com/product/278668_200w.jpg,3,2071,https://cpt.tcgcsv.com/ntf3,2023-03-31T16:02:08.227,1,0.17,1.75,3.0,0.17,,Normal,,Code Card,,,,,,,,,"This listing is <strong>not</strong> a physical item. Please keep in mind that this <strong>Code Card</strong> listing represents a digital copy of the stated item for the Pokémon TCG Online <strong>and/or</strong> the Pokémon TCG Live games. You may receive the physical <strong>Code Card</strong>. Upon purchase, please work with your specific Seller by sending them a message using the <strong>Contact Seller</strong> button on the order details in your <a href=https://store.tcgplayer.com/myaccount/orderhistory>Order History</a> to opt in to having your <strong>Code Card</strong> code delivered digitally due to the nature of the product.",,
