productId,name,cleanName,imageUrl,categoryId,groupId,url,modifiedOn,imageCount,extCardText,lowPrice,midPrice,highPrice,marketPrice,directLowPrice,subTypeName,extNumber,extRarity,extCardType,extHP,extStage,extAttack1,extAttack2,extAttack3,extWeakness,extResistance,extRetreatCost,extUPC
185717,Unbroken Bonds Booster Box,Unbroken Bonds Booster Box,https://tcgplayer-cdn.tcgplayer.com/product/185717_200w.jpg,3,2420,https://cpt.tcgcsv.com/mjv2,2019-04-10T18:04:38.007,1,Each Sun & Moon—Unbroken Bonds booster box contains 36 booster packs <em>(each containing random 10 cards)</em>.,2900.0,3025.0,8999.99,2195.76,,Normal,,,,,,,,,,,,
185718,Unbroken Bonds Booster Pack,Unbroken Bonds Booster Pack,https://tcgplayer-cdn.tcgplayer.com/product/185718_200w.jpg,3,2420,https://cpt.tcgcsv.com/njv2,2019-03-20T17:55:23.857,1,Each Sun & Moon—Unbroken Bonds booster pack contains 10 random cards.,54.0,64.99,79.99,51.54,,Normal,,,,,,,,,,,,
185719,Unbroken Bonds Elite Trainer Box,Unbroken Bonds Elite Trainer Box,https://tcgplayer-cdn.tcgplayer.com/product/185719_200w.jpg,3,2420,https://cpt.tcgcsv.com/pjv2,2019-04-10T18:04:18.987,1,"<strong>Contents:</strong>
<br>• 8 Unbroken Bonds booster packs
<br>• 65 card sleeves
<br>• 45 Energy cards
<br>• A player's guide
<br>• 6 damage-counter dice
<br>• Competition-legal coin-flip die
<br>• 2 acrylic condition markers
<br>• 1 acrylic GX marker
<br>• A collector's box
<br>• 4 dividers
<br>• A Pokemon Trading Card Game Online code card",1999.99,2175.0,2350.0,1164.5,,Normal,,,,,,,,,,,,
188399,Unbroken Bonds Battle Minds Theme Deck - [Mewtwo],Unbroken Bonds Battle Minds Theme Deck Mewtwo,https://tcgplayer-cdn.tcgplayer.com/product/188399_200w.jpg,3,2420,https://cpt.tcgcsv.com/_mw2,2019-11-22T16:04:11.783,1,"<br><strong>Contents:</strong>
<br>• 1 60-card preconstructed deck
<br>• Damage counters
<br>• 1 coin",20.0,24.91,33.86,19.79,,Normal,,,,,,,,,,,,
188400,Unbroken Bonds Lightning Loop Theme Deck - [Zeraora],Unbroken Bonds Lightning Loop Theme Deck Zeraora,https://tcgplayer-cdn.tcgplayer.com/product/188400_200w.jpg,3,2420,https://cpt.tcgcsv.com/0nw2,2019-11-22T16:07:49.487,1,"<br><strong>Contents:</strong>
<br>• 1 60-card preconstructed deck
<br>• Damage counters
<br>• 1 coin",25.99,26.0,38.99,27.45,,Normal,,,,,,,,,,,,
188401,Pheromosa & Buzzwole GX,Pheromosa and Buzzwole GX,https://tcgplayer-cdn.tcgplayer.com/product/188401_200w.jpg,3,2420,https://cpt.tcgcsv.com/2nw2,2022-12-13T16:24:24.703,1,,8.99,11.4,99.69,10.73,10.21,Holofoil,1/214,Ultra Rare,Grass,260,Basic,"[G] Jet Punch (30)
<br>This attack does 30 damage to 1 of your opponent's Benched Pokemon. <em>(Don't apply Weakness and Resistance for Benched Pokemon.)</em>","[1GG] Elegant Sole (190)
<br>During your next turn, this Pokemon's Elegant Sole attacks base damage is 60.","<span style=""color:DarkRed""><strong>[G+] Beast Game GX (50)</strong>
<br>If your opponent's Pokemon is Knocked Out by damage from this attack, take 1 more Prize card. If this Pokmeon has at least 7 extra Energy attached to it <em>(in addition to this attack's cost)</em>, take 3 more Prize cards instead. <em>(You can't use more than 1 GX attack in a game.)</em></span>",Rx2,None,2,
188402,Beast Bringer,Beast Bringer,https://tcgplayer-cdn.tcgplayer.com/product/188402_200w.jpg,3,2420,https://cpt.tcgcsv.com/3nw2,2025-02-07T19:59:42.683,1,"If you have exactly 6 Prize cards remaining, and if your opponent's Active Pokemon GX or Pokemon EX is Knocked Out by damage from an attack of the Ultra Beast this card is attached to, take 1 more Prize card.",0.02,0.2,1.49,0.08,0.08,Normal,164/214,Uncommon,Item,,,,,,,,,
188402,Beast Bringer,Beast Bringer,https://tcgplayer-cdn.tcgplayer.com/product/188402_200w.jpg,3,2420,https://cpt.tcgcsv.com/3nw2,2025-02-07T19:59:42.683,1,"If you have exactly 6 Prize cards remaining, and if your opponent's Active Pokemon GX or Pokemon EX is Knocked Out by damage from an attack of the Ultra Beast this card is attached to, take 1 more Prize card.",0.09,0.28,1.49,0.21,,Reverse Holofoil,164/214,Uncommon,Item,,,,,,,,,
188403,Celesteela GX,Celesteela GX,https://tcgplayer-cdn.tcgplayer.com/product/188403_200w.jpg,3,2420,https://cpt.tcgcsv.com/5nw2,2022-12-13T17:11:34.693,1,"<strong>Ability — Force Canceler</strong>
<br>As long as this Pokemon is your Active Pokemon, prevent all effects of your opponent's GX attacks, including damage, done to your Pokemon.",1.9,2.46,6.89,2.21,,Holofoil,163/214,Ultra Rare,Colorless,200,Basic,"[3] Power Cyclone (110)
<br>Move an Energy from this Pokemon to 1 of your Benched Pokemon.","<span style=""color:DarkRed""><strong>[1] Discovery GX</strong>
<br>Count your Prize cards and put them them into your hand. Then, take that many cards from the top of your deck and put them face down as your Prize cards. If you don't have that many cards in your deck, this attack does nothing. <em>(You can't use more than 1 GX attack in a game.)</em></span>",,Lx2,F-20,4,
188404,Gardevoir & Sylveon GX,Gardevoir and Sylveon GX,https://tcgplayer-cdn.tcgplayer.com/product/188404_200w.jpg,3,2420,https://cpt.tcgcsv.com/6nw2,2022-12-13T17:03:42.907,1,,45.0,66.5,185.0,57.11,58.15,Holofoil,130/214,Ultra Rare,Fairy,260,Basic,"[1] Fairy Song
<br>Search your deck for up to 2 Fairy Energy cards and attach them to your Benched Pokemon in any way you like. Then, shuffle your deck.","[1YY] Kaleidostorm (150)
<br>Move any number of Energy from your Pokemon to your other Pokemon in any way you like.","<span style=""color:Teal""><strong>[YYY+] Magical Miracle GX (200)</strong>
<br>If this Pokemon has at least 3 extra Fairy Energy attached to it <em>(in addition to this attack's cost)</em>, your opponent shuffles their hand into their deck. <em>(You can't use more than 1 GX attack in a game.)</em></span>",Mx2,D-20,2,
188405,Greninja & Zoroark GX,Greninja and Zoroark GX,https://tcgplayer-cdn.tcgplayer.com/product/188405_200w.jpg,3,2420,https://cpt.tcgcsv.com/7nw2,2022-12-13T17:00:12.557,1,,38.99,61.02,85.0,46.24,38.99,Holofoil,107/214,Ultra Rare,Darkness,250,Basic,"[1D] Dark Pulse (30+)
<br>This attack does 30 more damage times the amount of Darkness Energy attached to all of your Pokemon.","<span style=""color:Teal""><strong>[1D+] Dark Union GX</strong>
<br>Put 2 in any combination of Darkness Pokemon GX and Darkness Pokemon EX from your discard pile onto your Bench. If this Pokemon has at least 1 extra Energy attached to it <em>(in addition to this attack's cost)</em>, attach 2 Energy cards from your discard pile to each Pokemon that you put onto your Bench this way. <em>(You can't use more than 1 GX attack in a game.)</em></span>",,Fx2,P-20,2,
188406,Lucario & Melmetal GX,Lucario and Melmetal GX,https://tcgplayer-cdn.tcgplayer.com/product/188406_200w.jpg,3,2420,https://cpt.tcgcsv.com/8nw2,2023-03-07T12:23:47.567,1,,26.33,30.2,100.0,30.16,26.82,Holofoil,120/214,Ultra Rare,Metal,260,Basic,"[2] Steel Fist (50)
<br>Search your deck for a Metal Energy card and attach it to this Pokemon. Then, shuffle your deck.",[2MM] Heavy Impact (150),"<span style=""color:Teal""><strong>[1+] Full Metal Wall GX</strong>
<br>For the rest of this game, your Metal Pokemon take 30 less damage from your opponent's attacks <em>(after applying Weakness and Resistance)</em>. If this Pokemon has at least 1 extra Energy attached to it <em>(in addition to this attack's cost)</em>, discard all Energy from your opponent's Active Pokemon. <em>(You can't use more than 1 GX attack in a game.)</em></span>",Rx2,P-20,3,
188407,Marshadow & Machamp GX,Marshadow and Machamp GX,https://tcgplayer-cdn.tcgplayer.com/product/188407_200w.jpg,3,2420,https://cpt.tcgcsv.com/9nw2,2022-12-13T16:56:19.853,1,,27.02,35.26,200.0,27.46,30.21,Holofoil,82/214,Ultra Rare,Fighting,270,Basic,"[1F] Revenge (30+)
<br>If any of your Pokemon were Knocked Out by damage from an opponent's attack during their last turn, this attack does 90 more damage.",[1FF] Hundred-Blows Impact (160),"<span style=""color:Teal""><strong>[1FF+] Acme of Heroism GX (200)</strong>
<br>If this Pokemon has at least 1 extra Energy attached to it <em>(in addition to this attack's cost)</em>, and if it would be Knocked Out by damage from an opponent's attack during their next turn, it is not Knocked Out, and its remaining HP becomes 10. <em>(You can't use more than 1 GX attack in a game.)</em></span>",Px2,None,3,
188408,Muk & Alolan Muk GX,Muk and Alolan Muk GX,https://tcgplayer-cdn.tcgplayer.com/product/188408_200w.jpg,3,2420,https://cpt.tcgcsv.com/bnw2,2023-08-29T15:16:25.19,1,,11.62,20.0,66.0,16.08,24.15,Holofoil,61/214,Ultra Rare,Psychic,270,Basic,"[2P] Severe Poison
<br>Your opponent's Active Pokemon is now Poisoned. Put 8 damage counters instead of 1 on that Pokemon between turns.","[3P] Poison Absorption (120)
<br>If your opponent's Active Pokemon is Poisoned, heal 100 damage from this Pokemon.","<span style=""color:Teal""><strong>[0+] Nasty Goo Mix GX</strong>
<br>Your opponent's Active Pokemon is now Paralyzed and Poisoned. If this Pokemon has at least 4 extra Energy attached to it <em>(in addition to this attack's cost)</em>, put 15 damage counters instead of 1 on that Pokemon between turns. <em>(You can't use more than 1 GX attack in a game.)</em></span>",Px2,None,4,
188409,Reshiram & Charizard GX,Reshiram and Charizard GX,https://tcgplayer-cdn.tcgplayer.com/product/188409_200w.jpg,3,2420,https://cpt.tcgcsv.com/cnw2,2024-02-11T14:42:08.66,1,,32.0,55.0,170.0,45.64,46.49,Holofoil,20/214,Ultra Rare,Fire,270,Basic,"[1R] Outrage (30+)
<br>This attack does 10 more damage for each damage counter on this Pokemon.","[1RRR] Flare Strike (230)
<br>This Pokemon can't use Flare Strike during your next turn.","<span style=""color:Teal""><strong>[RRR+] Double Blaze GX (200+)</strong>
<br>If this Pokemon has at least 3 extra Fire Energy attached to it <em.(in addition to this attack's cost)</em>, this attack does 100 more damage, and this attack's damage isn't affected by any effects on your opponent's Active Pokemon. <em>(You can't use more than 1 GX attack in a game.)</em></span>",Wx2,None,3,
188410,Unbroken Bonds 3 Pack Blister [Sceptile],Unbroken Bonds 3 Pack Blister Sceptile,https://tcgplayer-cdn.tcgplayer.com/product/188410_200w.jpg,3,2420,https://cpt.tcgcsv.com/dnw2,2019-04-10T19:09:50.33,1,"Each blister comes with 3 SM—Unbroken Bonds booster packs, a coin, and a promotional card of Sceptile.",243.98,245.99,249.99,143.63,,Normal,,,,,,,,,,,,
188411,Unbroken Bonds 3 Pack Blister [Typhlosion],Unbroken Bonds 3 Pack Blister Typhlosion,https://tcgplayer-cdn.tcgplayer.com/product/188411_200w.jpg,3,2420,https://cpt.tcgcsv.com/fnw2,2019-04-10T19:10:20.74,1,"Each blister comes with 3 SM—Unbroken Bonds booster packs, a coin, and a promotional card of Typhlosion.",243.98,243.98,243.98,131.86,,Normal,,,,,,,,,,,,
188412,Unbroken Bonds Single Pack Blister [Eevee],Unbroken Bonds Single Pack Blister Eevee,https://tcgplayer-cdn.tcgplayer.com/product/188412_200w.jpg,3,2420,https://cpt.tcgcsv.com/gnw2,2019-04-10T19:15:31.033,1,"Each blister comes with 1 SM—Unbroken Bonds booster packs, a coin, and a promotional card of Eevee.",76.98,81.95,89.0,57.06,,Normal,,,,,,,,,,,,
188413,Unbroken Bonds Single Pack Blister [Pikachu],Unbroken Bonds Single Pack Blister Pikachu,https://tcgplayer-cdn.tcgplayer.com/product/188413_200w.jpg,3,2420,https://cpt.tcgcsv.com/hnw2,2019-04-10T19:16:01.2,1,"Each blister comes with 1 SM—Unbroken Bonds booster packs, a coin, and a promotional card of Pikachu.",74.99,79.45,89.0,58.55,,Normal,,,,,,,,,,,,
189040,Caterpie,Caterpie,https://tcgplayer-cdn.tcgplayer.com/product/189040_200w.jpg,3,2420,https://cpt.tcgcsv.com/QDw2,2025-02-07T19:59:42.73,1,,0.03,0.2,1.49,0.16,,Normal,2/214,Common,Grass,40,Basic,"<strong>Ability — Pupate</strong>
<br>Once during your turn <em>(before your attack)</em>, you may flip a coin. If heads, search your deck for a card that evolves from this Pokémon and put it onto this Pokémon to evolve it. Then, shuffle your deck.",[2] Hook (10),,Rx2,None,1,
189040,Caterpie,Caterpie,https://tcgplayer-cdn.tcgplayer.com/product/189040_200w.jpg,3,2420,https://cpt.tcgcsv.com/QDw2,2025-02-07T19:59:42.73,1,,0.09,0.3,2.0,0.28,,Reverse Holofoil,2/214,Common,Grass,40,Basic,"<strong>Ability — Pupate</strong>
<br>Once during your turn <em>(before your attack)</em>, you may flip a coin. If heads, search your deck for a card that evolves from this Pokémon and put it onto this Pokémon to evolve it. Then, shuffle your deck.",[2] Hook (10),,Rx2,None,1,
189041,Metapod,Metapod,https://tcgplayer-cdn.tcgplayer.com/product/189041_200w.jpg,3,2420,https://cpt.tcgcsv.com/RDw2,2022-12-13T16:24:41.47,1,,0.13,0.46,1.49,0.46,0.4,Reverse Holofoil,3/214,Uncommon,Grass,70,Stage 1,"<strong>Ability — Emerge</strong>
<br>Once during your turn <em>(before your attack)</em>, you may flip a coin. If heads, search your deck for a card that evolves from this Pokémon and put it onto this Pokémon to evolve it. Then, shuffle your deck.",[2G] Bug Bite (30),,Rx2,None,3,
189041,Metapod,Metapod,https://tcgplayer-cdn.tcgplayer.com/product/189041_200w.jpg,3,2420,https://cpt.tcgcsv.com/RDw2,2022-12-13T16:24:41.47,1,,0.05,0.2,1.49,0.15,0.18,Normal,3/214,Uncommon,Grass,70,Stage 1,"<strong>Ability — Emerge</strong>
<br>Once during your turn <em>(before your attack)</em>, you may flip a coin. If heads, search your deck for a card that evolves from this Pokémon and put it onto this Pokémon to evolve it. Then, shuffle your deck.",[2G] Bug Bite (30),,Rx2,None,3,
189042,Butterfree,Butterfree,https://tcgplayer-cdn.tcgplayer.com/product/189042_200w.jpg,3,2420,https://cpt.tcgcsv.com/SDw2,2022-12-13T16:24:49.373,1,,0.21,0.76,1.99,0.84,0.97,Reverse Holofoil,4/214,Rare,Grass,130,Stage 2,"[1] Triple Charge
<br>Search your deck for up to 3 basic Energy cards and attach them to your Pokémon in any way you like. Then, shuffle your deck.",[2G] Solar Beam (70),,Rx2,None,1,
189042,Butterfree,Butterfree,https://tcgplayer-cdn.tcgplayer.com/product/189042_200w.jpg,3,2420,https://cpt.tcgcsv.com/SDw2,2022-12-13T16:24:49.373,1,,0.15,0.35,1.49,0.34,,Normal,4/214,Rare,Grass,130,Stage 2,"[1] Triple Charge
<br>Search your deck for up to 3 basic Energy cards and attach them to your Pokémon in any way you like. Then, shuffle your deck.",[2G] Solar Beam (70),,Rx2,None,1,
189043,Oddish (5),Oddish 5,https://tcgplayer-cdn.tcgplayer.com/product/189043_200w.jpg,3,2420,https://cpt.tcgcsv.com/TDw2,2023-06-28T08:08:36.66,1,,0.05,0.22,1.49,0.19,,Normal,5/214,Common,Grass,50,Basic,"[1] Stun Spore
<br>Flip a coin. If heads, your opponent's Active Pokémon is now Paralyzed.",[1G] Seed Bomb (20),,Rx2,None,1,
189043,Oddish (5),Oddish 5,https://tcgplayer-cdn.tcgplayer.com/product/189043_200w.jpg,3,2420,https://cpt.tcgcsv.com/TDw2,2023-06-28T08:08:36.66,1,,0.18,0.39,2.0,0.53,,Reverse Holofoil,5/214,Common,Grass,50,Basic,"[1] Stun Spore
<br>Flip a coin. If heads, your opponent's Active Pokémon is now Paralyzed.",[1G] Seed Bomb (20),,Rx2,None,1,
189044,Oddish (6),Oddish 6,https://tcgplayer-cdn.tcgplayer.com/product/189044_200w.jpg,3,2420,https://cpt.tcgcsv.com/VDw2,2025-02-07T19:59:42.777,1,,0.09,0.36,1.59,0.38,,Normal,6/214,Common,Grass,60,Basic,[1] Hook (10),,,Rx2,None,1,
189044,Oddish (6),Oddish 6,https://tcgplayer-cdn.tcgplayer.com/product/189044_200w.jpg,3,2420,https://cpt.tcgcsv.com/VDw2,2025-02-07T19:59:42.777,1,,0.37,2.49,5.48,0.8,,Reverse Holofoil,6/214,Common,Grass,60,Basic,[1] Hook (10),,,Rx2,None,1,
189045,Gloom,Gloom,https://tcgplayer-cdn.tcgplayer.com/product/189045_200w.jpg,3,2420,https://cpt.tcgcsv.com/WDw2,2025-02-07T19:59:42.823,1,,0.1,0.3,1.54,0.29,,Normal,7/214,Uncommon,Grass,80,Stage 1,"<strong>Ability — Irresistible Aroma</strong>
<br>Once during your turn <em>(before your attack)</em>, if your opponent's Bench isn't full, you may flip a coin. If heads, your opponent reveals their hand. Put a Basic Pokémon you find there onto their Bench.",,,Rx2,None,2,
189045,Gloom,Gloom,https://tcgplayer-cdn.tcgplayer.com/product/189045_200w.jpg,3,2420,https://cpt.tcgcsv.com/WDw2,2025-02-07T19:59:42.823,1,,0.7,1.09,2.32,1.09,,Reverse Holofoil,7/214,Uncommon,Grass,80,Stage 1,"<strong>Ability — Irresistible Aroma</strong>
<br>Once during your turn <em>(before your attack)</em>, if your opponent's Bench isn't full, you may flip a coin. If heads, your opponent reveals their hand. Put a Basic Pokémon you find there onto their Bench.",,,Rx2,None,2,
189046,Vileplume,Vileplume,https://tcgplayer-cdn.tcgplayer.com/product/189046_200w.jpg,3,2420,https://cpt.tcgcsv.com/XDw2,2022-12-13T16:25:19.573,1,,0.35,0.68,1.99,0.71,,Reverse Holofoil,8/214,Holo Rare,Grass,140,Stage 2,"<strong>Ability — Variety Pollen</strong>
<br>Once during your turn <em>(before your attack)</em>,you may flip a coin. If heads, you may leave your opponent's Active Pokémon Poisoned, Burned, Asleep, or Confused.","[1GG] Giant Bloom (90)
<br>Heal 30 damage from this Pokémon.",,Rx2,None,3,
189046,Vileplume,Vileplume,https://tcgplayer-cdn.tcgplayer.com/product/189046_200w.jpg,3,2420,https://cpt.tcgcsv.com/XDw2,2022-12-13T16:25:19.573,1,,0.36,0.54,1.67,0.54,,Holofoil,8/214,Holo Rare,Grass,140,Stage 2,"<strong>Ability — Variety Pollen</strong>
<br>Once during your turn <em>(before your attack)</em>,you may flip a coin. If heads, you may leave your opponent's Active Pokémon Poisoned, Burned, Asleep, or Confused.","[1GG] Giant Bloom (90)
<br>Heal 30 damage from this Pokémon.",,Rx2,None,3,
189047,Venonat (9),Venonat 9,https://tcgplayer-cdn.tcgplayer.com/product/189047_200w.jpg,3,2420,https://cpt.tcgcsv.com/ZDw2,2023-01-04T05:56:08.44,1,,0.05,0.2,1.49,0.14,,Normal,9/214,Common,Grass,60,Basic,"[1] Radar Eyes
<br>Look at the top 7 cards of your deck and put 1 of them into your hand. Shuffle the other cards back into your deck.",[2] Flop (20),,Rx2,None,1,
189047,Venonat (9),Venonat 9,https://tcgplayer-cdn.tcgplayer.com/product/189047_200w.jpg,3,2420,https://cpt.tcgcsv.com/ZDw2,2023-01-04T05:56:08.44,1,,0.15,0.29,1.51,0.28,0.28,Reverse Holofoil,9/214,Common,Grass,60,Basic,"[1] Radar Eyes
<br>Look at the top 7 cards of your deck and put 1 of them into your hand. Shuffle the other cards back into your deck.",[2] Flop (20),,Rx2,None,1,
189048,Venonat (10),Venonat 10,https://tcgplayer-cdn.tcgplayer.com/product/189048_200w.jpg,3,2420,https://cpt.tcgcsv.com/-Dw2,2022-12-13T16:26:12.117,1,,0.15,0.29,1.54,0.3,,Normal,10/214,Common,Grass,60,Basic,"[G] Psybeam (10)
<br>Your opponent's Active Pokémon is now Confused.",,,Rx2,None,1,
189048,Venonat (10),Venonat 10,https://tcgplayer-cdn.tcgplayer.com/product/189048_200w.jpg,3,2420,https://cpt.tcgcsv.com/-Dw2,2022-12-13T16:26:12.117,1,,0.24,0.43,1.49,0.5,,Reverse Holofoil,10/214,Common,Grass,60,Basic,"[G] Psybeam (10)
<br>Your opponent's Active Pokémon is now Confused.",,,Rx2,None,1,
189049,Venomoth,Venomoth,https://tcgplayer-cdn.tcgplayer.com/product/189049_200w.jpg,3,2420,https://cpt.tcgcsv.com/_Dw2,2022-12-13T16:26:19.103,1,,0.25,0.5,1.49,0.52,,Normal,11/214,Rare,Grass,90,Stage 1,"[1] Assassin Flight
<br>You can use this attack only if your opponent's Active Pokémon is affected by a Special Condition. This attack does 90 damage to 1 of your opponent's Benched Pokémon. <em>(Don't apply Weakness and Resistance for Benched Pokémon.)</em>","[G] Poison Powder (30)
<br>Your opponent's Active Pokémon is now Poisoned.",,Rx2,None,0,
189049,Venomoth,Venomoth,https://tcgplayer-cdn.tcgplayer.com/product/189049_200w.jpg,3,2420,https://cpt.tcgcsv.com/_Dw2,2022-12-13T16:26:19.103,1,,0.39,0.53,1.0,0.46,,Reverse Holofoil,11/214,Rare,Grass,90,Stage 1,"[1] Assassin Flight
<br>You can use this attack only if your opponent's Active Pokémon is affected by a Special Condition. This attack does 90 damage to 1 of your opponent's Benched Pokémon. <em>(Don't apply Weakness and Resistance for Benched Pokémon.)</em>","[G] Poison Powder (30)
<br>Your opponent's Active Pokémon is now Poisoned.",,Rx2,None,0,
189050,Venomoth GX,Venomoth GX,https://tcgplayer-cdn.tcgplayer.com/product/189050_200w.jpg,3,2420,https://cpt.tcgcsv.com/0Fw2,2022-12-13T16:26:25.863,1,,1.57,2.61,7.0,2.69,3.49,Holofoil,12/214,Ultra Rare,Grass,200,Stage 1,"[2G] Shinobi Mastery (110+)
<br>If you played Koga's Trap from your hand during this turn, this attack does 90 more damage. If you played Janine from your hand during this turn, prevent all damage done to this Pokémon by attacks from Basic Pokémon during your opponent's next turn.","<span style=""color:Teal""><strong>[1] Ten-Card Return GX (60)</strong>
<br>Shuffle your hand into your deck. Then, draw 10 cards. <em>(You can't use more than 1 GX attack in a game.)</em></span>",,Rx2,None,1,
189051,Venomoth GX (Full Art),Venomoth GX Full Art,https://tcgplayer-cdn.tcgplayer.com/product/189051_200w.jpg,3,2420,https://cpt.tcgcsv.com/2Fw2,2022-12-13T17:15:33.68,1,,2.0,3.9,20.0,3.68,3.65,Holofoil,193/214,Ultra Rare,Grass,200,Stage 1,"[2G] Shinobi Mastery (110+)
<br>If you played Koga's Trap from your hand during this turn, this attack does 90 more damage. If you played Janine from your hand during this turn, prevent all damage done to this Pokémon by attacks from Basic Pokémon during your opponent's next turn.","<span style=""color:Teal""><strong>[1] Ten-Card Return GX (60)</strong>
<br>Shuffle your hand into your deck. Then, draw 10 cards. <em>(You can't use more than 1 GX attack in a game.)</em></span>",,Rx2,None,1,
189052,Venomoth GX (Secret),Venomoth GX Secret,https://tcgplayer-cdn.tcgplayer.com/product/189052_200w.jpg,3,2420,https://cpt.tcgcsv.com/3Fw2,2022-12-13T17:19:18.883,1,,9.79,11.56,17.79,10.25,,Holofoil,216/214,Secret Rare,Grass,200,Stage 1,"[2G] Shinobi Mastery (110+)
<br>If you played Koga's Trap from your hand during this turn, this attack does 90 more damage. If you played Janine from your hand during this turn, prevent all damage done to this Pokémon by attacks from Basic Pokémon during your opponent's next turn.","<span style=""color:Teal""><strong>[1] Ten-Card Return GX (60)</strong>
<br>Shuffle your hand into your deck. Then, draw 10 cards. <em>(You can't use more than 1 GX attack in a game.)</em></span>",,Rx2,None,1,
189053,Bellsprout,Bellsprout,https://tcgplayer-cdn.tcgplayer.com/product/189053_200w.jpg,3,2420,https://cpt.tcgcsv.com/5Fw2,2025-02-07T19:59:42.87,1,,0.09,0.26,2.0,0.26,0.22,Reverse Holofoil,13/214,Common,Grass,50,Basic,[G] Razor Leaf (20),,,Rx2,None,1,
189053,Bellsprout,Bellsprout,https://tcgplayer-cdn.tcgplayer.com/product/189053_200w.jpg,3,2420,https://cpt.tcgcsv.com/5Fw2,2025-02-07T19:59:42.87,1,,0.03,0.17,1.49,0.11,,Normal,13/214,Common,Grass,50,Basic,[G] Razor Leaf (20),,,Rx2,None,1,
189054,Weepinbell,Weepinbell,https://tcgplayer-cdn.tcgplayer.com/product/189054_200w.jpg,3,2420,https://cpt.tcgcsv.com/6Fw2,2022-12-13T16:26:41.53,1,,0.05,0.2,1.49,0.15,,Normal,14/214,Uncommon,Grass,80,Stage 1,"[G] Burning Venom
<br>Your opponent's Active Pokémon is now Burned and Poisoned.",[2] Ram (30),,Rx2,None,2,
189054,Weepinbell,Weepinbell,https://tcgplayer-cdn.tcgplayer.com/product/189054_200w.jpg,3,2420,https://cpt.tcgcsv.com/6Fw2,2022-12-13T16:26:41.53,1,,0.1,0.35,2.0,0.34,,Reverse Holofoil,14/214,Uncommon,Grass,80,Stage 1,"[G] Burning Venom
<br>Your opponent's Active Pokémon is now Burned and Poisoned.",[2] Ram (30),,Rx2,None,2,
189055,Victreebel,Victreebel,https://tcgplayer-cdn.tcgplayer.com/product/189055_200w.jpg,3,2420,https://cpt.tcgcsv.com/7Fw2,2022-12-13T16:26:48.677,1,,0.18,0.46,1.49,0.44,,Normal,15/214,Rare,Grass,140,Stage 2,"[G] Reactive Poison (10+)
<br>This attack does 60 more damage for each Special Condition affecting your opponent's Active Pokémon.","[2G] Gastro Acid (90)
<br>The Defending Pokémon has no Abilities until the end of your next turn.",,Rx2,None,2,
189055,Victreebel,Victreebel,https://tcgplayer-cdn.tcgplayer.com/product/189055_200w.jpg,3,2420,https://cpt.tcgcsv.com/7Fw2,2022-12-13T16:26:48.677,1,,0.25,0.58,1.63,0.56,,Reverse Holofoil,15/214,Rare,Grass,140,Stage 2,"[G] Reactive Poison (10+)
<br>This attack does 60 more damage for each Special Condition affecting your opponent's Active Pokémon.","[2G] Gastro Acid (90)
<br>The Defending Pokémon has no Abilities until the end of your next turn.",,Rx2,None,2,
189058,Tangela,Tangela,https://tcgplayer-cdn.tcgplayer.com/product/189058_200w.jpg,3,2420,https://cpt.tcgcsv.com/bFw2,2022-12-13T16:26:55.08,1,,0.03,0.17,1.49,0.12,0.1,Normal,16/214,Common,Grass,80,Basic,"[G] Tangle Drag
<br>Switch 1 of your opponent's Benched Pokémon with their Active Pokémon.",[2] Gentle Slap (30),,Rx2,None,2,
189058,Tangela,Tangela,https://tcgplayer-cdn.tcgplayer.com/product/189058_200w.jpg,3,2420,https://cpt.tcgcsv.com/bFw2,2022-12-13T16:26:55.08,1,,0.09,0.29,2.0,0.25,,Reverse Holofoil,16/214,Common,Grass,80,Basic,"[G] Tangle Drag
<br>Switch 1 of your opponent's Benched Pokémon with their Active Pokémon.",[2] Gentle Slap (30),,Rx2,None,2,
189059,Tangrowth,Tangrowth,https://tcgplayer-cdn.tcgplayer.com/product/189059_200w.jpg,3,2420,https://cpt.tcgcsv.com/cFw2,2022-12-13T16:27:01.22,1,,0.1,0.3,1.49,0.29,,Normal,17/214,Rare,Grass,130,Stage 1,"[G] Bind Down (30)
<br>The Defending Pokémon can't retreat during your opponent's next turn.","[3] Chlorowhip (90)
<br>If this Pokémon has at least 2 G Energy attached to it, heal 60 damage from this Pokémon.",,Rx2,None,3,
189059,Tangrowth,Tangrowth,https://tcgplayer-cdn.tcgplayer.com/product/189059_200w.jpg,3,2420,https://cpt.tcgcsv.com/cFw2,2022-12-13T16:27:01.22,1,,0.2,0.44,1.51,0.44,,Reverse Holofoil,17/214,Rare,Grass,130,Stage 1,"[G] Bind Down (30)
<br>The Defending Pokémon can't retreat during your opponent's next turn.","[3] Chlorowhip (90)
<br>If this Pokémon has at least 2 G Energy attached to it, heal 60 damage from this Pokémon.",,Rx2,None,3,
189060,Grubbin,Grubbin,https://tcgplayer-cdn.tcgplayer.com/product/189060_200w.jpg,3,2420,https://cpt.tcgcsv.com/dFw2,2022-12-13T16:27:08.7,1,,0.09,0.25,2.95,0.23,,Normal,18/214,Common,Grass,60,Basic,"[1] Electrical Signal
<br>Search your deck for up to 2 L Pokémon, reveal them, and put them into your hand. Then, shuffle your deck.",[3] Corkscrew Punch (30),,Rx2,None,2,
189060,Grubbin,Grubbin,https://tcgplayer-cdn.tcgplayer.com/product/189060_200w.jpg,3,2420,https://cpt.tcgcsv.com/dFw2,2022-12-13T16:27:08.7,1,,0.16,0.39,2.0,0.37,,Reverse Holofoil,18/214,Common,Grass,60,Basic,"[1] Electrical Signal
<br>Search your deck for up to 2 L Pokémon, reveal them, and put them into your hand. Then, shuffle your deck.",[3] Corkscrew Punch (30),,Rx2,None,2,
189061,Kartana,Kartana,https://tcgplayer-cdn.tcgplayer.com/product/189061_200w.jpg,3,2420,https://cpt.tcgcsv.com/fFw2,2025-02-07T19:59:42.933,1,,0.5,0.79,1.99,0.79,,Holofoil,19/214,Holo Rare,Grass,70,Basic,"[G] Big Cut (10+)
<br>If you have exactly 4 Prize cards remaining, this attack does 120 more damage.","[2G] False Swipe
<br>Flip a coin. If heads, put damage counters on your opponent's Active Pokémon until its remaining HP is 10.",,Rx2,None,0,
189061,Kartana,Kartana,https://tcgplayer-cdn.tcgplayer.com/product/189061_200w.jpg,3,2420,https://cpt.tcgcsv.com/fFw2,2025-02-07T19:59:42.933,1,,0.4,0.89,2.99,0.89,,Reverse Holofoil,19/214,Holo Rare,Grass,70,Basic,"[G] Big Cut (10+)
<br>If you have exactly 4 Prize cards remaining, this attack does 120 more damage.","[2G] False Swipe
<br>Flip a coin. If heads, put damage counters on your opponent's Active Pokémon until its remaining HP is 10.",,Rx2,None,0,
189062,Growlithe,Growlithe,https://tcgplayer-cdn.tcgplayer.com/product/189062_200w.jpg,3,2420,https://cpt.tcgcsv.com/gFw2,2022-12-13T16:27:27.713,1,,0.19,0.42,1.99,0.43,,Reverse Holofoil,21/214,Common,Fire,80,Basic,[F] Live Coal (10),[FF] Combustion (30),,Wx2,None,2,
189062,Growlithe,Growlithe,https://tcgplayer-cdn.tcgplayer.com/product/189062_200w.jpg,3,2420,https://cpt.tcgcsv.com/gFw2,2022-12-13T16:27:27.713,1,,0.05,0.25,1.49,0.22,,Normal,21/214,Common,Fire,80,Basic,[F] Live Coal (10),[FF] Combustion (30),,Wx2,None,2,
189063,Arcanine,Arcanine,https://tcgplayer-cdn.tcgplayer.com/product/189063_200w.jpg,3,2420,https://cpt.tcgcsv.com/hFw2,2022-12-13T16:27:33.43,1,,1.95,2.5,9.5,2.44,,Holofoil,22/214,Holo Rare,Fire,140,Stage 1,"[FFF] Grand Flame (120)
<br>Attach 2 F Energy cards from your discard pile to 1 of your Benched Pokémon.","[FFFF] Heat Tackle (190)
<br>This Pokémon does 50 damage to itself.",,Wx2,None,4,
189063,Arcanine,Arcanine,https://tcgplayer-cdn.tcgplayer.com/product/189063_200w.jpg,3,2420,https://cpt.tcgcsv.com/hFw2,2022-12-13T16:27:33.43,1,,2.25,2.6,7.5,2.35,,Reverse Holofoil,22/214,Holo Rare,Fire,140,Stage 1,"[FFF] Grand Flame (120)
<br>Attach 2 F Energy cards from your discard pile to 1 of your Benched Pokémon.","[FFFF] Heat Tackle (190)
<br>This Pokémon does 50 damage to itself.",,Wx2,None,4,
189066,Darumaka,Darumaka,https://tcgplayer-cdn.tcgplayer.com/product/189066_200w.jpg,3,2420,https://cpt.tcgcsv.com/lFw2,2022-12-13T16:27:39.26,1,,0.18,0.39,1.56,0.41,,Reverse Holofoil,23/214,Common,Fire,80,Basic,"[FFF] Flame Charge (10)
<br>Search your deck for a F Energy card and attach it to this Pokémon. Then, shuffle your deck.",[2] Flop (20),,Wx2,None,2,
189066,Darumaka,Darumaka,https://tcgplayer-cdn.tcgplayer.com/product/189066_200w.jpg,3,2420,https://cpt.tcgcsv.com/lFw2,2022-12-13T16:27:39.26,1,,0.05,0.23,1.49,0.19,0.22,Normal,23/214,Common,Fire,80,Basic,"[FFF] Flame Charge (10)
<br>Search your deck for a F Energy card and attach it to this Pokémon. Then, shuffle your deck.",[2] Flop (20),,Wx2,None,2,
189068,Darmanitan,Darmanitan,https://tcgplayer-cdn.tcgplayer.com/product/189068_200w.jpg,3,2420,https://cpt.tcgcsv.com/nFw2,2022-12-13T16:27:44.793,1,,0.22,0.35,2.0,0.28,,Reverse Holofoil,24/214,Rare,Fire,130,Stage 1,"[1] Find Wildire
<br>Search your deck for up to 3 F Energy cards, reveal them, and put them into your hand. Then, shuffle your deck.","[FF] Flare Blitz (110)
<br>Discard all F Energy from this Pokémon.",,Wx2,None,3,
189068,Darmanitan,Darmanitan,https://tcgplayer-cdn.tcgplayer.com/product/189068_200w.jpg,3,2420,https://cpt.tcgcsv.com/nFw2,2022-12-13T16:27:44.793,1,,0.1,0.25,1.49,0.24,,Normal,24/214,Rare,Fire,130,Stage 1,"[1] Find Wildire
<br>Search your deck for up to 3 F Energy cards, reveal them, and put them into your hand. Then, shuffle your deck.","[FF] Flare Blitz (110)
<br>Discard all F Energy from this Pokémon.",,Wx2,None,3,
189070,Volcanion,Volcanion,https://tcgplayer-cdn.tcgplayer.com/product/189070_200w.jpg,3,2420,https://cpt.tcgcsv.com/qFw2,2025-02-07T19:59:42.98,1,,0.5,0.77,7.5,0.72,,Reverse Holofoil,25/214,Holo Rare,Fire,120,Basic,"[F] Flare Starter
<br>Search your deck for a Fire Energy card and attach it to 1 of your Pokémon. If you go second and it's your first turn, instead search for up to 3 Fire Energy cards and attach them to your Pokémon in any way you like. Then, shuffle your deck.","[FF] High-Heat Blast (50+)
<br>If you have at least 4 Fire Energy in play, this attack does 60 more damage.",,Wx2,None,2,
189070,Volcanion,Volcanion,https://tcgplayer-cdn.tcgplayer.com/product/189070_200w.jpg,3,2420,https://cpt.tcgcsv.com/qFw2,2025-02-07T19:59:42.98,1,,0.41,0.68,193.04,0.65,,Holofoil,25/214,Holo Rare,Fire,120,Basic,"[F] Flare Starter
<br>Search your deck for a Fire Energy card and attach it to 1 of your Pokémon. If you go second and it's your first turn, instead search for up to 3 Fire Energy cards and attach them to your Pokémon in any way you like. Then, shuffle your deck.","[FF] High-Heat Blast (50+)
<br>If you have at least 4 Fire Energy in play, this attack does 60 more damage.",,Wx2,None,2,
189071,Litten (26),Litten 26,https://tcgplayer-cdn.tcgplayer.com/product/189071_200w.jpg,3,2420,https://cpt.tcgcsv.com/rFw2,2022-12-13T16:28:55.063,1,,0.09,0.31,2.0,0.3,,Reverse Holofoil,26/214,Common,Fire,50,Basic,"[F] Singe
<br>Your opponent's Active Pokémon is now Burned.",,,Wx2,None,1,
189071,Litten (26),Litten 26,https://tcgplayer-cdn.tcgplayer.com/product/189071_200w.jpg,3,2420,https://cpt.tcgcsv.com/rFw2,2022-12-13T16:28:55.063,1,,0.05,0.22,1.49,0.21,,Normal,26/214,Common,Fire,50,Basic,"[F] Singe
<br>Your opponent's Active Pokémon is now Burned.",,,Wx2,None,1,
189073,Litten (27),Litten 27,https://tcgplayer-cdn.tcgplayer.com/product/189073_200w.jpg,3,2420,https://cpt.tcgcsv.com/tFw2,2022-12-13T16:29:46.24,1,,0.05,0.2,1.49,0.17,0.2,Normal,27/214,Common,Fire,60,Basic,"[1] Caturday
<br>Draw a card. If you do, this Pokémon is now Asleep.","[2F] Big Bite (60)
<br>The Defending Pokémon can't retreat during your opponent's next turn.",,Wx2,None,1,
189073,Litten (27),Litten 27,https://tcgplayer-cdn.tcgplayer.com/product/189073_200w.jpg,3,2420,https://cpt.tcgcsv.com/tFw2,2022-12-13T16:29:46.24,1,,0.1,0.37,1.5,0.37,,Reverse Holofoil,27/214,Common,Fire,60,Basic,"[1] Caturday
<br>Draw a card. If you do, this Pokémon is now Asleep.","[2F] Big Bite (60)
<br>The Defending Pokémon can't retreat during your opponent's next turn.",,Wx2,None,1,
189075,Torracat,Torracat,https://tcgplayer-cdn.tcgplayer.com/product/189075_200w.jpg,3,2420,https://cpt.tcgcsv.com/wFw2,2025-02-07T19:59:43.04,1,,0.04,0.2,1.49,0.14,,Normal,28/214,Uncommon,Fire,80,Stage 1,"[F] Fire Fang (20)
<br>Your opponent's Active Pokémon is now Burned.",,,Wx2,None,1,
189075,Torracat,Torracat,https://tcgplayer-cdn.tcgplayer.com/product/189075_200w.jpg,3,2420,https://cpt.tcgcsv.com/wFw2,2025-02-07T19:59:43.04,1,,0.19,0.34,1.95,0.31,,Reverse Holofoil,28/214,Uncommon,Fire,80,Stage 1,"[F] Fire Fang (20)
<br>Your opponent's Active Pokémon is now Burned.",,,Wx2,None,1,
189078,Incineroar,Incineroar,https://tcgplayer-cdn.tcgplayer.com/product/189078_200w.jpg,3,2420,https://cpt.tcgcsv.com/BFw2,2023-06-21T08:19:59.1,1,,0.15,0.37,3.95,0.32,0.33,Normal,29/214,Rare,Fire,160,Stage 2,"<strong>Ability — Strong Cheer</strong>
<br>Your Pokémon's attacks do 30 more damage to your opponent's Active Pokémon <em>(before applying Weakness and Resistance)</em>. You can't apply more than 1 Strong Cheer Ability at a time.","[1F] Flamethrower (90)
<br>Discard an Energy from this Pokémon.",,Wx2,None,2,
189078,Incineroar,Incineroar,https://tcgplayer-cdn.tcgplayer.com/product/189078_200w.jpg,3,2420,https://cpt.tcgcsv.com/BFw2,2023-06-21T08:19:59.1,1,,0.21,0.75,4.95,0.77,,Reverse Holofoil,29/214,Rare,Fire,160,Stage 2,"<strong>Ability — Strong Cheer</strong>
<br>Your Pokémon's attacks do 30 more damage to your opponent's Active Pokémon <em>(before applying Weakness and Resistance)</em>. You can't apply more than 1 Strong Cheer Ability at a time.","[1F] Flamethrower (90)
<br>Discard an Energy from this Pokémon.",,Wx2,None,2,
189079,Salandit,Salandit,https://tcgplayer-cdn.tcgplayer.com/product/189079_200w.jpg,3,2420,https://cpt.tcgcsv.com/CFw2,2022-12-13T16:30:07.14,1,,0.01,0.15,1.49,0.06,0.03,Normal,30/214,Common,Fire,70,Basic,"[F] Grass Fire (10)
<br>Discard a Grass Energy from your opponent's Active Pokémon.",,,Wx2,None,1,
189079,Salandit,Salandit,https://tcgplayer-cdn.tcgplayer.com/product/189079_200w.jpg,3,2420,https://cpt.tcgcsv.com/CFw2,2022-12-13T16:30:07.14,1,,0.09,0.25,2.0,0.21,,Reverse Holofoil,30/214,Common,Fire,70,Basic,"[F] Grass Fire (10)
<br>Discard a Grass Energy from your opponent's Active Pokémon.",,,Wx2,None,1,
189082,Salazzle,Salazzle,https://tcgplayer-cdn.tcgplayer.com/product/189082_200w.jpg,3,2420,https://cpt.tcgcsv.com/GFw2,2022-12-13T16:30:16.877,1,,0.75,0.97,3.5,0.85,1.16,Reverse Holofoil,31/214,Rare,Fire,100,Stage 1,"<strong>Ability — Roast Reveal</strong>
<br>Once during your turn <em>(before your attack)</em>, you may discard a Fire Energy card from your hand. If you do, draw 3 cards.",[1F] Combustion (60),,Wx2,None,1,
189082,Salazzle,Salazzle,https://tcgplayer-cdn.tcgplayer.com/product/189082_200w.jpg,3,2420,https://cpt.tcgcsv.com/GFw2,2022-12-13T16:30:16.877,1,,0.4,0.71,2.0,0.62,0.63,Normal,31/214,Rare,Fire,100,Stage 1,"<strong>Ability — Roast Reveal</strong>
<br>Once during your turn <em>(before your attack)</em>, you may discard a Fire Energy card from your hand. If you do, draw 3 cards.",[1F] Combustion (60),,Wx2,None,1,
189084,Blacephalon,Blacephalon,https://tcgplayer-cdn.tcgplayer.com/product/189084_200w.jpg,3,2420,https://cpt.tcgcsv.com/JFw2,2022-12-13T16:30:26.367,1,,2.0,2.99,5.95,2.47,,Normal,32/214,Rare,Fire,120,Basic,"[F] Blazer (10+)
<br>Turn 1 of your face-down Prize cards face up. If it's a Fire Energy card, this attack does 50 more damage. <em>(That Prize card remains face up for the rest of the game.)</em>","[FFF] Fireball Circus (50x)
<br>Discard any number of F Energy cards from your hand. This attack does 50 damage for each card you discarded in this way.",,Wx2,None,2,
189084,Blacephalon,Blacephalon,https://tcgplayer-cdn.tcgplayer.com/product/189084_200w.jpg,3,2420,https://cpt.tcgcsv.com/JFw2,2022-12-13T16:30:26.367,1,,1.65,2.45,6.0,2.45,,Reverse Holofoil,32/214,Rare,Fire,120,Basic,"[F] Blazer (10+)
<br>Turn 1 of your face-down Prize cards face up. If it's a Fire Energy card, this attack does 50 more damage. <em>(That Prize card remains face up for the rest of the game.)</em>","[FFF] Fireball Circus (50x)
<br>Discard any number of F Energy cards from your hand. This attack does 50 damage for each card you discarded in this way.",,Wx2,None,2,
189088,Squirtle,Squirtle,https://tcgplayer-cdn.tcgplayer.com/product/189088_200w.jpg,3,2420,https://cpt.tcgcsv.com/NFw2,2025-02-07T19:59:43.133,1,,0.1,0.44,1.95,0.48,,Normal,33/214,Common,Water,60,Basic,"[W] Bubble (10)
<br>Flip a coin. If heads, your opponent's Active Pokémon is now Paralyzed.",,,Gx2,None,1,
189088,Squirtle,Squirtle,https://tcgplayer-cdn.tcgplayer.com/product/189088_200w.jpg,3,2420,https://cpt.tcgcsv.com/NFw2,2025-02-07T19:59:43.133,1,,0.37,0.92,5.0,1.0,,Reverse Holofoil,33/214,Common,Water,60,Basic,"[W] Bubble (10)
<br>Flip a coin. If heads, your opponent's Active Pokémon is now Paralyzed.",,,Gx2,None,1,
189094,Wartortle,Wartortle,https://tcgplayer-cdn.tcgplayer.com/product/189094_200w.jpg,3,2420,https://cpt.tcgcsv.com/VFw2,2025-02-23T12:45:16.927,1,,0.25,0.55,2.0,0.56,0.56,Normal,34/214,Uncommon,Water,70,Stage 1,"<strong>Ability — Solid Shell</strong>
<br>This Pokémon takes 20 less damage from attacks <em>(after applying Weakness and Resistance)</em>.","[WW] Aqua Slash (60)
<br>This Pokémon can't attack during your next turn.",,Gx2,None,2,
189094,Wartortle,Wartortle,https://tcgplayer-cdn.tcgplayer.com/product/189094_200w.jpg,3,2420,https://cpt.tcgcsv.com/VFw2,2025-02-23T12:45:16.927,1,,0.35,1.06,4.25,1.04,,Reverse Holofoil,34/214,Uncommon,Water,70,Stage 1,"<strong>Ability — Solid Shell</strong>
<br>This Pokémon takes 20 less damage from attacks <em>(after applying Weakness and Resistance)</em>.","[WW] Aqua Slash (60)
<br>This Pokémon can't attack during your next turn.",,Gx2,None,2,
189097,Blastoise GX,Blastoise GX,https://tcgplayer-cdn.tcgplayer.com/product/189097_200w.jpg,3,2420,https://cpt.tcgcsv.com/ZFw2,2022-12-13T16:30:45.543,1,"<strong>Ability — Solid Shell</strong>
<br>This Pokémon takes 30 less damage from attacks <em>(after applying Weakness and Resistance)</em>.",6.0,8.7,629.1,8.38,156.6,Holofoil,35/214,Ultra Rare,Water,240,Stage 2,"[WW] Rocket Splash (60x)
<br>Shuffle any amount of W Energy from your Pokémon into your deck. This attack does 60 damage for each card you shuffled into your deck in this way.","<span style=""color:Teal""><strong>[W] Giant Geyser GX</strong>
<br>Attach any number of W Energy cards from your hand to your Pokémon in any way you like. <em>(You can't use more than 1 GX attack in a game.)</em></span>",,Gx2,None,3,
189100,Blastoise GX (Secret),Blastoise GX Secret,https://tcgplayer-cdn.tcgplayer.com/product/189100_200w.jpg,3,2420,https://cpt.tcgcsv.com/0Gw2,2022-12-13T17:19:33.91,1,"<strong>Ability — Solid Shell</strong>
<br>This Pokémon takes 30 less damage from attacks <em>(after applying Weakness and Resistance)</em>.",80.61,100.63,199.69,95.83,100.49,Holofoil,218/214,Secret Rare,Water,240,Stage 2,"[WW] Rocket Splash (60x)
<br>Shuffle any amount of W Energy from your Pokémon into your deck. This attack does 60 damage for each card you shuffled into your deck in this way.","<span style=""color:Teal""><strong>[W] Giant Geyser GX</strong>
<br>Attach any number of W Energy cards from your hand to your Pokémon in any way you like. <em>(You can't use more than 1 GX attack in a game.)</em></span>",,Gx2,None,3,
189109,Poliwag (36),Poliwag 36,https://tcgplayer-cdn.tcgplayer.com/product/189109_200w.jpg,3,2420,https://cpt.tcgcsv.com/cGw2,2022-12-13T16:30:54.107,1,,0.03,0.19,1.49,0.16,,Normal,36/214,Common,Water,50,Basic,"<strong>Ability — Round and Round</strong>
<br>You can use this Ability only if you go second. Once during your first turn <em>(before your attack)</em>, you may leave your opponent's Active Pokémon Confused.",[W] Watering (10),,Gx2,None,1,
189109,Poliwag (36),Poliwag 36,https://tcgplayer-cdn.tcgplayer.com/product/189109_200w.jpg,3,2420,https://cpt.tcgcsv.com/cGw2,2022-12-13T16:30:54.107,1,,0.11,0.3,1.51,0.26,,Reverse Holofoil,36/214,Common,Water,50,Basic,"<strong>Ability — Round and Round</strong>
<br>You can use this Ability only if you go second. Once during your first turn <em>(before your attack)</em>, you may leave your opponent's Active Pokémon Confused.",[W] Watering (10),,Gx2,None,1,
189111,Poliwag (37),Poliwag 37,https://tcgplayer-cdn.tcgplayer.com/product/189111_200w.jpg,3,2420,https://cpt.tcgcsv.com/fGw2,2022-12-13T16:31:00.717,1,,0.1,0.38,1.99,0.38,,Reverse Holofoil,37/214,Common,Water,60,Basic,"[1] Call for Family
<br>Search your deck for a Basic Pokémon and put it onto your Bench. Then, shuffle your deck.",,,Gx2,None,1,
189111,Poliwag (37),Poliwag 37,https://tcgplayer-cdn.tcgplayer.com/product/189111_200w.jpg,3,2420,https://cpt.tcgcsv.com/fGw2,2022-12-13T16:31:00.717,1,,0.05,0.2,1.49,0.19,0.25,Normal,37/214,Common,Water,60,Basic,"[1] Call for Family
<br>Search your deck for a Basic Pokémon and put it onto your Bench. Then, shuffle your deck.",,,Gx2,None,1,
189112,Poliwhirl,Poliwhirl,https://tcgplayer-cdn.tcgplayer.com/product/189112_200w.jpg,3,2420,https://cpt.tcgcsv.com/gGw2,2023-06-28T08:06:37.327,1,,0.05,0.25,3.09,0.24,,Normal,38/214,Uncommon,Water,90,Stage 1,"[W] Bubble (20)
<br>Flip a coin. If heads, your opponent's Active Pokémon is now Paralyzed.",[2] Knuckle Punch (40),,Gx2,None,2,
189112,Poliwhirl,Poliwhirl,https://tcgplayer-cdn.tcgplayer.com/product/189112_200w.jpg,3,2420,https://cpt.tcgcsv.com/gGw2,2023-06-28T08:06:37.327,1,,0.3,0.5,1.39,0.56,,Reverse Holofoil,38/214,Uncommon,Water,90,Stage 1,"[W] Bubble (20)
<br>Flip a coin. If heads, your opponent's Active Pokémon is now Paralyzed.",[2] Knuckle Punch (40),,Gx2,None,2,
189114,Poliwrath,Poliwrath,https://tcgplayer-cdn.tcgplayer.com/product/189114_200w.jpg,3,2420,https://cpt.tcgcsv.com/jGw2,2023-07-08T15:51:45,1,,0.25,0.52,2.95,0.57,0.33,Normal,39/214,Rare,Water,150,Stage 2,[2] Knuckle Punch (50),"[2W] Spiral Rush (90+)
<br>If you have Poliwag and Poliwhirl on your Bench, this attack does 90 more damage.",,Gx2,None,3,
189114,Poliwrath,Poliwrath,https://tcgplayer-cdn.tcgplayer.com/product/189114_200w.jpg,3,2420,https://cpt.tcgcsv.com/jGw2,2023-07-08T15:51:45,1,,0.25,0.7,1.99,0.7,1.25,Reverse Holofoil,39/214,Rare,Water,150,Stage 2,[2] Knuckle Punch (50),"[2W] Spiral Rush (90+)
<br>If you have Poliwag and Poliwhirl on your Bench, this attack does 90 more damage.",,Gx2,None,3,
189116,Tentacool,Tentacool,https://tcgplayer-cdn.tcgplayer.com/product/189116_200w.jpg,3,2420,https://cpt.tcgcsv.com/lGw2,2025-02-07T19:59:43.177,1,,0.09,0.3,2.0,0.27,0.29,Reverse Holofoil,40/214,Common,Water,60,Basic,"[1] Bubble Technique (10+)
<br>If you played Janine during this turn, this attack does 50 more damage.",,,Gx2,None,1,
189116,Tentacool,Tentacool,https://tcgplayer-cdn.tcgplayer.com/product/189116_200w.jpg,3,2420,https://cpt.tcgcsv.com/lGw2,2025-02-07T19:59:43.177,1,,0.04,0.19,1.5,0.14,,Normal,40/214,Common,Water,60,Basic,"[1] Bubble Technique (10+)
<br>If you played Janine during this turn, this attack does 50 more damage.",,,Gx2,None,1,
189120,Tentacruel,Tentacruel,https://tcgplayer-cdn.tcgplayer.com/product/189120_200w.jpg,3,2420,https://cpt.tcgcsv.com/qGw2,2022-12-13T16:31:26.667,1,,0.15,0.45,1.61,0.42,,Reverse Holofoil,41/214,Uncommon,Water,100,Stage 1,"[1] Malignant Tentacles
<br>Move an Energy from 1 of your opponent's Pokémon to another of their Pokémon. Then, put 3 damage counters on that Pokémon.","[3] Wrap (60)
<br>Flip a coin. If heads, your opponent's Active Pokémon is now Paralyzed.",,Gx2,None,1,
189120,Tentacruel,Tentacruel,https://tcgplayer-cdn.tcgplayer.com/product/189120_200w.jpg,3,2420,https://cpt.tcgcsv.com/qGw2,2022-12-13T16:31:26.667,1,,0.05,0.2,1.49,0.16,,Normal,41/214,Uncommon,Water,100,Stage 1,"[1] Malignant Tentacles
<br>Move an Energy from 1 of your opponent's Pokémon to another of their Pokémon. Then, put 3 damage counters on that Pokémon.","[3] Wrap (60)
<br>Flip a coin. If heads, your opponent's Active Pokémon is now Paralyzed.",,Gx2,None,1,
189122,Slowpoke,Slowpoke,https://tcgplayer-cdn.tcgplayer.com/product/189122_200w.jpg,3,2420,https://cpt.tcgcsv.com/sGw2,2023-10-17T08:13:59.053,1,,0.12,0.5,1.55,0.58,,Reverse Holofoil,42/214,Common,Water,70,Basic,"[W] Growl
<br>During your opponent's next turn, the Defending Pokémon's attacks do 20 less damage <em>(before applying Weakness and Resistance)</em>.",[2] Tail Whip (20),,Gx2,None,2,
189122,Slowpoke,Slowpoke,https://tcgplayer-cdn.tcgplayer.com/product/189122_200w.jpg,3,2420,https://cpt.tcgcsv.com/sGw2,2023-10-17T08:13:59.053,1,,0.05,0.23,1.5,0.23,0.19,Normal,42/214,Common,Water,70,Basic,"[W] Growl
<br>During your opponent's next turn, the Defending Pokémon's attacks do 20 less damage <em>(before applying Weakness and Resistance)</em>.",[2] Tail Whip (20),,Gx2,None,2,
189142,Slowbro,Slowbro,https://tcgplayer-cdn.tcgplayer.com/product/189142_200w.jpg,3,2420,https://cpt.tcgcsv.com/SGw2,2022-12-13T16:31:45.193,1,,0.82,1.51,5.0,1.54,,Holofoil,43/214,Holo Rare,Water,120,Stage 1,"[W] Yawn
<br>Your opponent's Active Pokémon is now Asleep.","[2W] Brilliant Wager (100x)
<br>Flip 3 coins. This attack does 100 damage for each heads. If all of them are tails, you lose this game.",,Gx2,None,2,
189142,Slowbro,Slowbro,https://tcgplayer-cdn.tcgplayer.com/product/189142_200w.jpg,3,2420,https://cpt.tcgcsv.com/SGw2,2022-12-13T16:31:45.193,1,,0.82,1.2,19.99,1.15,19.97,Reverse Holofoil,43/214,Holo Rare,Water,120,Stage 1,"[W] Yawn
<br>Your opponent's Active Pokémon is now Asleep.","[2W] Brilliant Wager (100x)
<br>Flip 3 coins. This attack does 100 damage for each heads. If all of them are tails, you lose this game.",,Gx2,None,2,
189143,Seel,Seel,https://tcgplayer-cdn.tcgplayer.com/product/189143_200w.jpg,3,2420,https://cpt.tcgcsv.com/TGw2,2025-02-07T19:59:43.223,1,,0.02,0.18,2.09,0.14,,Normal,44/214,Common,Water,80,Basic,[2] Horn Attack (30),,,Gx2,None,2,
189143,Seel,Seel,https://tcgplayer-cdn.tcgplayer.com/product/189143_200w.jpg,3,2420,https://cpt.tcgcsv.com/TGw2,2025-02-07T19:59:43.223,1,,0.09,0.28,1.49,0.26,,Reverse Holofoil,44/214,Common,Water,80,Basic,[2] Horn Attack (30),,,Gx2,None,2,
189144,Dewgong,Dewgong,https://tcgplayer-cdn.tcgplayer.com/product/189144_200w.jpg,3,2420,https://cpt.tcgcsv.com/VGw2,2022-12-13T16:31:58.937,1,,0.22,0.4,1.56,0.41,,Normal,45/214,Rare,Water,120,Stage 1,[2] Tail Whip (60),"[3] Dual Blizzard
<br>Discard 2 Energy from this Pokémon. This attack does 60 damage to 2 of your opponent's Pokémon. <em>(Don't apply Weakness and Resistance for Benched Pokémon.)</em>",,Mx2,None,2,
189144,Dewgong,Dewgong,https://tcgplayer-cdn.tcgplayer.com/product/189144_200w.jpg,3,2420,https://cpt.tcgcsv.com/VGw2,2022-12-13T16:31:58.937,1,,0.15,0.47,1.89,0.47,,Reverse Holofoil,45/214,Rare,Water,120,Stage 1,[2] Tail Whip (60),"[3] Dual Blizzard
<br>Discard 2 Energy from this Pokémon. This attack does 60 damage to 2 of your opponent's Pokémon. <em>(Don't apply Weakness and Resistance for Benched Pokémon.)</em>",,Mx2,None,2,
189145,Krabby,Krabby,https://tcgplayer-cdn.tcgplayer.com/product/189145_200w.jpg,3,2420,https://cpt.tcgcsv.com/WGw2,2022-12-13T16:32:04.957,1,,0.03,0.2,2.01,0.14,0.12,Normal,46/214,Common,Water,70,Basic,[1] Stampede (10),[1W] Vice Grip (20),,Gx2,None,1,
189145,Krabby,Krabby,https://tcgplayer-cdn.tcgplayer.com/product/189145_200w.jpg,3,2420,https://cpt.tcgcsv.com/WGw2,2022-12-13T16:32:04.957,1,,0.08,0.32,2.0,0.31,,Reverse Holofoil,46/214,Common,Water,70,Basic,[1] Stampede (10),[1W] Vice Grip (20),,Gx2,None,1,
189146,Kingler,Kingler,https://tcgplayer-cdn.tcgplayer.com/product/189146_200w.jpg,3,2420,https://cpt.tcgcsv.com/XGw2,2022-12-13T16:32:10.79,1,,0.25,0.6,1.04,0.59,0.99,Reverse Holofoil,47/214,Rare,Water,130,Stage 1,[2W] Bubble Beam (80),[3W] Massive Rend (130),,Gx2,None,4,
189146,Kingler,Kingler,https://tcgplayer-cdn.tcgplayer.com/product/189146_200w.jpg,3,2420,https://cpt.tcgcsv.com/XGw2,2022-12-13T16:32:10.79,1,,0.25,0.41,1.56,0.41,,Normal,47/214,Rare,Water,130,Stage 1,[2W] Bubble Beam (80),[3W] Massive Rend (130),,Gx2,None,4,
189147,Goldeen,Goldeen,https://tcgplayer-cdn.tcgplayer.com/product/189147_200w.jpg,3,2420,https://cpt.tcgcsv.com/ZGw2,2023-12-29T11:00:56.75,1,,0.03,0.19,1.49,0.11,0.1,Normal,48/214,Common,Water,60,Basic,"[1] Elegant Swim (10)
<Br>Flip a coin. If heads, prevent all effects of attacks, including damage, done to this Pokémon during your opponent's next turn.",,,Gx2,None,1,
189147,Goldeen,Goldeen,https://tcgplayer-cdn.tcgplayer.com/product/189147_200w.jpg,3,2420,https://cpt.tcgcsv.com/ZGw2,2023-12-29T11:00:56.75,1,,0.07,0.25,1.49,0.24,0.08,Reverse Holofoil,48/214,Common,Water,60,Basic,"[1] Elegant Swim (10)
<Br>Flip a coin. If heads, prevent all effects of attacks, including damage, done to this Pokémon during your opponent's next turn.",,,Gx2,None,1,
189148,Seaking,Seaking,https://tcgplayer-cdn.tcgplayer.com/product/189148_200w.jpg,3,2420,https://cpt.tcgcsv.com/-Gw2,2025-02-07T19:59:43.287,1,,0.19,0.41,1.51,0.39,,Reverse Holofoil,49/214,Rare,Water,100,Stage 1,"[W] Excited Horn (30x)
<Br>Flip 2 coins. This attack does 30 damage for each heads. If this Pokémon has a Pokémon Tool card attached to it, flip 6 coins instead.",,,Gx2,None,1,
189148,Seaking,Seaking,https://tcgplayer-cdn.tcgplayer.com/product/189148_200w.jpg,3,2420,https://cpt.tcgcsv.com/-Gw2,2025-02-07T19:59:43.287,1,,0.14,0.32,1.49,0.32,,Normal,49/214,Rare,Water,100,Stage 1,"[W] Excited Horn (30x)
<Br>Flip 2 coins. This attack does 30 damage for each heads. If this Pokémon has a Pokémon Tool card attached to it, flip 6 coins instead.",,,Gx2,None,1,
189149,Kyurem,Kyurem,https://tcgplayer-cdn.tcgplayer.com/product/189149_200w.jpg,3,2420,https://cpt.tcgcsv.com/_Gw2,2022-12-13T16:32:30.04,1,,0.29,0.69,2.95,0.58,,Reverse Holofoil,50/214,Holo Rare,Water,130,Basic,"[1] Cold Call
<br>Search your deck for a W Energy card and attach it to this Pokémon. Then, shuffle your deck.","[1WW] Hail Prison (110)
<br>Discard 2 W Energy from this Pokémon. Your opponent's Active Pokémon is now Paralyzed.",,Mx2,None,2,
189149,Kyurem,Kyurem,https://tcgplayer-cdn.tcgplayer.com/product/189149_200w.jpg,3,2420,https://cpt.tcgcsv.com/_Gw2,2022-12-13T16:32:30.04,1,,0.25,0.62,1.95,0.63,0.67,Holofoil,50/214,Holo Rare,Water,130,Basic,"[1] Cold Call
<br>Search your deck for a W Energy card and attach it to this Pokémon. Then, shuffle your deck.","[1WW] Hail Prison (110)
<br>Discard 2 W Energy from this Pokémon. Your opponent's Active Pokémon is now Paralyzed.",,Mx2,None,2,
189150,Froakie,Froakie,https://tcgplayer-cdn.tcgplayer.com/product/189150_200w.jpg,3,2420,https://cpt.tcgcsv.com/0Hw2,2022-12-13T16:50:54.263,1,,0.05,0.2,1.49,0.16,,Normal,51/214,Common,Water,60,Basic,"[1] Quick Attack (10+)
<br>Flip a coin. If heads, this attack does 20 more damage.",,,Gx2,None,1,
189150,Froakie,Froakie,https://tcgplayer-cdn.tcgplayer.com/product/189150_200w.jpg,3,2420,https://cpt.tcgcsv.com/0Hw2,2022-12-13T16:50:54.263,1,,0.09,0.38,10.0,0.38,,Reverse Holofoil,51/214,Common,Water,60,Basic,"[1] Quick Attack (10+)
<br>Flip a coin. If heads, this attack does 20 more damage.",,,Gx2,None,1,
189151,Frogadier,Frogadier,https://tcgplayer-cdn.tcgplayer.com/product/189151_200w.jpg,3,2420,https://cpt.tcgcsv.com/2Hw2,2022-12-13T16:51:01.41,1,,0.05,0.2,1.49,0.16,,Normal,52/214,Uncommon,Water,80,Stage 1,"[1] Afterimage Strike (20)
<br>If any damage is done to this Pokémon by attacks during your opponent's next turn, flip a coin. If heads, prevent that damage.",,,Gx2,None,1,
189151,Frogadier,Frogadier,https://tcgplayer-cdn.tcgplayer.com/product/189151_200w.jpg,3,2420,https://cpt.tcgcsv.com/2Hw2,2022-12-13T16:51:01.41,1,,0.19,0.39,2.5,0.38,,Reverse Holofoil,52/214,Uncommon,Water,80,Stage 1,"[1] Afterimage Strike (20)
<br>If any damage is done to this Pokémon by attacks during your opponent's next turn, flip a coin. If heads, prevent that damage.",,,Gx2,None,1,
189152,Pyukumuku,Pyukumuku,https://tcgplayer-cdn.tcgplayer.com/product/189152_200w.jpg,3,2420,https://cpt.tcgcsv.com/3Hw2,2022-12-13T16:51:07.193,1,,1.25,3.89,84.57,2.55,,Reverse Holofoil,53/214,Uncommon,Water,70,Basic,"[1] Call for Family
<br>Search your deck for up to 2 Basic Pokémon and put them onto your Bench. Then, shuffle your deck.","[2W] Surprise Fist (60+)
<br>You and your opponent play Rock-Paper-Scissors. If you win, this attack does 60 more damage.",,Gx2,None,1,
189152,Pyukumuku,Pyukumuku,https://tcgplayer-cdn.tcgplayer.com/product/189152_200w.jpg,3,2420,https://cpt.tcgcsv.com/3Hw2,2022-12-13T16:51:07.193,1,,0.2,0.44,1.49,0.44,0.45,Normal,53/214,Uncommon,Water,70,Basic,"[1] Call for Family
<br>Search your deck for up to 2 Basic Pokémon and put them onto your Bench. Then, shuffle your deck.","[2W] Surprise Fist (60+)
<br>You and your opponent play Rock-Paper-Scissors. If you win, this attack does 60 more damage.",,Gx2,None,1,
189153,Pikachu,Pikachu,https://tcgplayer-cdn.tcgplayer.com/product/189153_200w.jpg,3,2420,https://cpt.tcgcsv.com/5Hw2,2025-04-30T15:49:36.997,1,,0.25,0.58,2.0,0.58,,Normal,54/214,Common,Lightning,70,Basic,[1L] Pika Ball (30),,,Fx2,M-20,1,
189153,Pikachu,Pikachu,https://tcgplayer-cdn.tcgplayer.com/product/189153_200w.jpg,3,2420,https://cpt.tcgcsv.com/5Hw2,2025-04-30T15:49:36.997,1,,1.0,2.48,9.99,2.44,,Reverse Holofoil,54/214,Common,Lightning,70,Basic,[1L] Pika Ball (30),,,Fx2,M-20,1,
189154,Raichu,Raichu,https://tcgplayer-cdn.tcgplayer.com/product/189154_200w.jpg,3,2420,https://cpt.tcgcsv.com/6Hw2,2025-02-07T19:59:43.333,1,,0.49,0.75,1.99,0.79,,Reverse Holofoil,55/214,Rare,Lightning,120,Stage 1,"[1] Never Give Up
<br>You can use this attack only if you have 3 or more Prize cards remaining than your opponent. Attach all L Energy cards from your discard pile to your Pokemon in any way you like.",[1LL] Head Bolt (110),,Fx2,M-20,2,
189154,Raichu,Raichu,https://tcgplayer-cdn.tcgplayer.com/product/189154_200w.jpg,3,2420,https://cpt.tcgcsv.com/6Hw2,2025-02-07T19:59:43.333,1,,0.18,0.49,4.95,0.59,,Normal,55/214,Rare,Lightning,120,Stage 1,"[1] Never Give Up
<br>You can use this attack only if you have 3 or more Prize cards remaining than your opponent. Attach all L Energy cards from your discard pile to your Pokemon in any way you like.",[1LL] Head Bolt (110),,Fx2,M-20,2,
189155,Stunfisk,Stunfisk,https://tcgplayer-cdn.tcgplayer.com/product/189155_200w.jpg,3,2420,https://cpt.tcgcsv.com/7Hw2,2025-02-07T19:59:43.38,1,,0.2,0.51,1.99,0.53,,Reverse Holofoil,56/214,Rare,Lightning,110,Basic,"[1] Lightning Strike (30)
<br>This attack does 10 damage to 1 of your Benched Pokemon.","[2] Zaptrap (30x)
<br>This attack does 30 damage for each of your Pokemon with damage counters on them.",,Fx2,M-20,1,
189155,Stunfisk,Stunfisk,https://tcgplayer-cdn.tcgplayer.com/product/189155_200w.jpg,3,2420,https://cpt.tcgcsv.com/7Hw2,2025-02-07T19:59:43.38,1,,0.05,0.29,1.49,0.25,,Normal,56/214,Rare,Lightning,110,Basic,"[1] Lightning Strike (30)
<br>This attack does 10 damage to 1 of your Benched Pokemon.","[2] Zaptrap (30x)
<br>This attack does 30 damage for each of your Pokemon with damage counters on them.",,Fx2,M-20,1,
189156,Dedenne GX,Dedenne GX,https://tcgplayer-cdn.tcgplayer.com/product/189156_200w.jpg,3,2420,https://cpt.tcgcsv.com/8Hw2,2022-12-13T16:51:34.253,1,"<strong>Ability — Dedechange</strong>
<br>When you play this Pokémon from your hand onto your Bench during your turn, you may discard your hand and draw 6 cards. You can't use more than 1 Dedechange Ability each turn.",5.79,11.94,19.95,8.33,10.11,Holofoil,57/214,Ultra Rare,Lightning,160,Basic,[1L] Static Shock (50),"<span style=""color:Teal""><strong>[1L] Tingly Return GX (50)</strong>
<br>Your opponent's Active Pokémon is now Paralyzed. Put this Pokémon and all cards attached to it into your hand.  <em>(You can't use more than 1 GX attack in a game.)</em></span>",,Fx2,M-20,1,
189157,Dedenne GX (Secret),Dedenne GX Secret,https://tcgplayer-cdn.tcgplayer.com/product/189157_200w.jpg,3,2420,https://cpt.tcgcsv.com/9Hw2,2022-12-13T17:19:40.057,1,"<strong>Ability — Dedechange</strong>
<br>When you play this Pokémon from your hand onto your Bench during your turn, you may discard your hand and draw 6 cards. You can't use more than 1 Dedechange Ability each turn.",27.3,35.83,49.42,35.3,,Holofoil,219/214,Secret Rare,Lightning,160,Basic,[1L] Static Shock (50),"<span style=""color:Teal""><strong>[1L] Tingly Return GX (50)</strong>
<br>Your opponent's Active Pokémon is now Paralyzed. Put this Pokémon and all cards attached to it into your hand.  <em>(You can't use more than 1 GX attack in a game.)</em></span>",,Fx2,M-20,1,
189158,Dedenne GX (Full Art),Dedenne GX Full Art,https://tcgplayer-cdn.tcgplayer.com/product/189158_200w.jpg,3,2420,https://cpt.tcgcsv.com/bHw2,2022-12-13T17:15:46.02,1,"<strong>Ability — Dedechange</strong>
<br>When you play this Pokémon from your hand onto your Bench during your turn, you may discard your hand and draw 6 cards. You can't use more than 1 Dedechange Ability each turn.",14.5,18.5,39.99,15.13,,Holofoil,195/214,Ultra Rare,Lightning,160,Basic,"[1L] Static Shock (50)
<br>This attack does 30 damage for each of your Pokemon with damage counters on them.","<span style=""color:Teal""><strong>[1L] Tingly Return GX (50)</strong>
<br>Your opponent's Active Pokémon is now Paralyzed. Put this Pokémon and all cards attached to it into your hand.  <em>(You can't use more than 1 GX attack in a game.)</em></span>",,Fx2,M-20,1,
189159,Charjabug,Charjabug,https://tcgplayer-cdn.tcgplayer.com/product/189159_200w.jpg,3,2420,https://cpt.tcgcsv.com/cHw2,2025-02-07T19:59:43.427,1,"<strong>Ability — Battery </strong>
<br>Once during your turn <em>(before your attack)</em>, you may attach this card from your hand to 1 of your Vikavolt or Vikavolt-GX as a Special Energy card. This card provides 2 L Energy only while it's attached to a Pokémon.",0.05,0.2,1.49,0.15,,Normal,58/214,Uncommon,Lightning,80,Stage 1,[3] Pierce (60),,,Fx2,M-20,3,
189159,Charjabug,Charjabug,https://tcgplayer-cdn.tcgplayer.com/product/189159_200w.jpg,3,2420,https://cpt.tcgcsv.com/cHw2,2025-02-07T19:59:43.427,1,"<strong>Ability — Battery </strong>
<br>Once during your turn <em>(before your attack)</em>, you may attach this card from your hand to 1 of your Vikavolt or Vikavolt-GX as a Special Energy card. This card provides 2 L Energy only while it's attached to a Pokémon.",0.19,0.44,2.03,0.38,,Reverse Holofoil,58/214,Uncommon,Lightning,80,Stage 1,[3] Pierce (60),,,Fx2,M-20,3,
189160,Vikavolt,Vikavolt,https://tcgplayer-cdn.tcgplayer.com/product/189160_200w.jpg,3,2420,https://cpt.tcgcsv.com/dHw2,2022-12-13T16:51:48.443,1,"<strong>Ability — Stealthy Body</strong>
<br>If there is any Stadium card in play, this Pokémon has no Weakness.",0.2,0.4,1.55,0.36,0.3,Holofoil,59/214,Holo Rare,Lightning,150,Stage 2,"[1LLL] Electricannon (120+)
<br>You may discard all L Energy from this Pokémon. If you do, this attack does 100 more damage.",,,Fx2,M-20,2,
189160,Vikavolt,Vikavolt,https://tcgplayer-cdn.tcgplayer.com/product/189160_200w.jpg,3,2420,https://cpt.tcgcsv.com/dHw2,2022-12-13T16:51:48.443,1,"<strong>Ability — Stealthy Body</strong>
<br>If there is any Stadium card in play, this Pokémon has no Weakness.",0.24,0.38,1.61,0.3,,Reverse Holofoil,59/214,Holo Rare,Lightning,150,Stage 2,"[1LLL] Electricannon (120+)
<br>You may discard all L Energy from this Pokémon. If you do, this attack does 100 more damage.",,,Fx2,M-20,2,
189161,Zeraora,Zeraora,https://tcgplayer-cdn.tcgplayer.com/product/189161_200w.jpg,3,2420,https://cpt.tcgcsv.com/fHw2,2025-02-07T19:59:43.473,1,,0.43,0.65,2.0,0.63,,Reverse Holofoil,60/214,Rare,Lightning,120,Basic,"[L] Crushing Claw (20)
<br>Discard a Special Energy from your opponent's Active Pokémon.","[2L] Discharge (50x)
<br>Discard all Lightning Energy from this Pokémon. This attack does 50 damage for each card you discarded in this way.",,Fx2,M-20,1,
189161,Zeraora,Zeraora,https://tcgplayer-cdn.tcgplayer.com/product/189161_200w.jpg,3,2420,https://cpt.tcgcsv.com/fHw2,2025-02-07T19:59:43.473,1,,0.2,0.5,1.49,0.51,,Normal,60/214,Rare,Lightning,120,Basic,"[L] Crushing Claw (20)
<br>Discard a Special Energy from your opponent's Active Pokémon.","[2L] Discharge (50x)
<br>Discard all Lightning Energy from this Pokémon. This attack does 50 damage for each card you discarded in this way.",,Fx2,M-20,1,
189162,Ekans,Ekans,https://tcgplayer-cdn.tcgplayer.com/product/189162_200w.jpg,3,2420,https://cpt.tcgcsv.com/gHw2,2025-02-07T19:59:43.52,1,,0.09,0.29,1.51,0.25,0.25,Reverse Holofoil,62/214,Common,Psychic,70,Basic,"[1] Glare
<br>Flip a coin. If heads, your opponent's Active Pokémon is now Paralyzed.",[1P] Tail Smack (20),,Px2,None,2,
189162,Ekans,Ekans,https://tcgplayer-cdn.tcgplayer.com/product/189162_200w.jpg,3,2420,https://cpt.tcgcsv.com/gHw2,2025-02-07T19:59:43.52,1,,0.03,0.2,1.49,0.13,,Normal,62/214,Common,Psychic,70,Basic,"[1] Glare
<br>Flip a coin. If heads, your opponent's Active Pokémon is now Paralyzed.",[1P] Tail Smack (20),,Px2,None,2,
189163,Arbok,Arbok,https://tcgplayer-cdn.tcgplayer.com/product/189163_200w.jpg,3,2420,https://cpt.tcgcsv.com/hHw2,2025-02-07T19:59:43.57,1,,0.19,0.38,1.56,0.38,,Normal,63/214,Rare,Psychic,120,Stage 1,"[1] Wrap (30)
<br>Flip a coin. If heads, your opponent's Active Pokémon is now Paralyzed.","[1P] Heavy Choke (50+)
<br>If this Pokémon used Wrap during your last turn, this attack does 120 more damage.",,Px2,None,2,
189163,Arbok,Arbok,https://tcgplayer-cdn.tcgplayer.com/product/189163_200w.jpg,3,2420,https://cpt.tcgcsv.com/hHw2,2025-02-07T19:59:43.57,1,,0.24,0.5,1.95,0.53,,Reverse Holofoil,63/214,Rare,Psychic,120,Stage 1,"[1] Wrap (30)
<br>Flip a coin. If heads, your opponent's Active Pokémon is now Paralyzed.","[1P] Heavy Choke (50+)
<br>If this Pokémon used Wrap during your last turn, this attack does 120 more damage.",,Px2,None,2,
189164,Zubat,Zubat,https://tcgplayer-cdn.tcgplayer.com/product/189164_200w.jpg,3,2420,https://cpt.tcgcsv.com/jHw2,2025-02-07T19:59:43.627,1,,0.03,0.18,1.49,0.12,,Normal,64/214,Common,Psychic,50,Basic,[P] Bite (10),"[2] Venoshock (20+)
<br>If your opponent's Active Pokémon is Poisoned, this attack does 50 more damage.",,Lx2,F-20,1,
189164,Zubat,Zubat,https://tcgplayer-cdn.tcgplayer.com/product/189164_200w.jpg,3,2420,https://cpt.tcgcsv.com/jHw2,2025-02-07T19:59:43.627,1,,0.09,0.27,1.49,0.26,,Reverse Holofoil,64/214,Common,Psychic,50,Basic,[P] Bite (10),"[2] Venoshock (20+)
<br>If your opponent's Active Pokémon is Poisoned, this attack does 50 more damage.",,Lx2,F-20,1,
189165,Golbat,Golbat,https://tcgplayer-cdn.tcgplayer.com/product/189165_200w.jpg,3,2420,https://cpt.tcgcsv.com/kHw2,2025-02-07T19:59:43.667,1,,0.04,0.2,1.49,0.17,,Normal,65/214,Uncommon,Psychic,80,Stage 1,[P] Bite (20),"[3] Leech Life (40)
<br>Heal from this Pokémon the same amount of damage you did to your opponent's Active Pokémon.",,Lx2,F-20,1,
189165,Golbat,Golbat,https://tcgplayer-cdn.tcgplayer.com/product/189165_200w.jpg,3,2420,https://cpt.tcgcsv.com/kHw2,2025-02-07T19:59:43.667,1,,0.15,0.3,1.55,0.28,,Reverse Holofoil,65/214,Uncommon,Psychic,80,Stage 1,[P] Bite (20),"[3] Leech Life (40)
<br>Heal from this Pokémon the same amount of damage you did to your opponent's Active Pokémon.",,Lx2,F-20,1,
189166,Crobat,Crobat,https://tcgplayer-cdn.tcgplayer.com/product/189166_200w.jpg,3,2420,https://cpt.tcgcsv.com/lHw2,2024-05-19T12:04:59.153,1,"<strong>Ability — Sound Veil</strong>
<br>When you play this Pokémon from your hand to evolve 1 of your Pokémon during your turn, you may prevent all effects of your opponent's attacks, including damage, done to this Pokémon until the end of your opponent's next turn.",0.21,0.5,1.5,0.48,0.35,Holofoil,66/214,Holo Rare,Psychic,130,Stage 2,"[3] Severe Poison (60)
<br>Your opponent's Active Pokémon is now Poisoned. Put 4 damage counters instead of 1 on that Pokémon between turns.",,,Lx2,F-20,0,
189166,Crobat,Crobat,https://tcgplayer-cdn.tcgplayer.com/product/189166_200w.jpg,3,2420,https://cpt.tcgcsv.com/lHw2,2024-05-19T12:04:59.153,1,"<strong>Ability — Sound Veil</strong>
<br>When you play this Pokémon from your hand to evolve 1 of your Pokémon during your turn, you may prevent all effects of your opponent's attacks, including damage, done to this Pokémon until the end of your opponent's next turn.",0.32,0.69,2.49,0.55,0.71,Reverse Holofoil,66/214,Holo Rare,Psychic,130,Stage 2,"[3] Severe Poison (60)
<br>Your opponent's Active Pokémon is now Poisoned. Put 4 damage counters instead of 1 on that Pokémon between turns.",,,Lx2,F-20,0,
189167,Gastly (67),Gastly 67,https://tcgplayer-cdn.tcgplayer.com/product/189167_200w.jpg,3,2420,https://cpt.tcgcsv.com/mHw2,2022-12-13T16:52:49.863,1,"<strong>Ability — Swelling Spite</strong>
<br>When this Pokémon is Knocked Out, search your deck for up to 2 Haunter and put them onto your Bench. Then, shuffle your deck.",0.05,0.25,1.5,0.23,0.22,Normal,67/214,Common,Psychic,40,Basic,[2] Will-O-Wisp (20),,,Dx2,F-20,1,
189167,Gastly (67),Gastly 67,https://tcgplayer-cdn.tcgplayer.com/product/189167_200w.jpg,3,2420,https://cpt.tcgcsv.com/mHw2,2022-12-13T16:52:49.863,1,"<strong>Ability — Swelling Spite</strong>
<br>When this Pokémon is Knocked Out, search your deck for up to 2 Haunter and put them onto your Bench. Then, shuffle your deck.",0.33,0.6,1.99,0.59,0.77,Reverse Holofoil,67/214,Common,Psychic,40,Basic,[2] Will-O-Wisp (20),,,Dx2,F-20,1,
189168,Gastly (68),Gastly 68,https://tcgplayer-cdn.tcgplayer.com/product/189168_200w.jpg,3,2420,https://cpt.tcgcsv.com/nHw2,2025-02-07T19:59:43.713,1,,0.14,0.41,1.99,0.41,,Reverse Holofoil,68/214,Common,Psychic,60,Basic,"[P] Smog
<br>Your opponent's Active Pokémon is now Poisoned.",,,Dx2,F-20,1,
189168,Gastly (68),Gastly 68,https://tcgplayer-cdn.tcgplayer.com/product/189168_200w.jpg,3,2420,https://cpt.tcgcsv.com/nHw2,2025-02-07T19:59:43.713,1,,0.05,0.2,1.49,0.17,,Normal,68/214,Common,Psychic,60,Basic,"[P] Smog
<br>Your opponent's Active Pokémon is now Poisoned.",,,Dx2,F-20,1,
189169,Haunter,Haunter,https://tcgplayer-cdn.tcgplayer.com/product/189169_200w.jpg,3,2420,https://cpt.tcgcsv.com/pHw2,2024-12-05T04:51:42.877,1,,0.98,1.34,2.79,1.41,0.99,Reverse Holofoil,69/214,Uncommon,Psychic,70,Stage 1,"[P] Sinister Fog
<br>Your opponent's Active Pokémon is now Poisoned. Put 1 damage counter on each of your opponent's Benched Pokémon.",,,Dx2,F-20,1,
189169,Haunter,Haunter,https://tcgplayer-cdn.tcgplayer.com/product/189169_200w.jpg,3,2420,https://cpt.tcgcsv.com/pHw2,2024-12-05T04:51:42.877,1,,0.1,0.25,1.49,0.23,0.23,Normal,69/214,Uncommon,Psychic,70,Stage 1,"[P] Sinister Fog
<br>Your opponent's Active Pokémon is now Poisoned. Put 1 damage counter on each of your opponent's Benched Pokémon.",,,Dx2,F-20,1,
189170,Gengar,Gengar,https://tcgplayer-cdn.tcgplayer.com/product/189170_200w.jpg,3,2420,https://cpt.tcgcsv.com/qHw2,2022-12-13T16:53:09.3,1,"<strong>Ability — Shadow Pain</strong>
<br>When you play this Pokémon from your hand to evolve 1 of your Pokémon during your turn, you may put 6 damage counters on your opponent's Pokémon-GX and Pokémon-EX in any way you like.",9.99,27.0,35.0,22.05,,Reverse Holofoil,70/214,Rare,Psychic,130,Stage 2,"[3] Twilight Poison (70)
<br>Your opponent's Active Pokémon is now Asleep and Poisoned.",,,Dx2,F-20,0,
189170,Gengar,Gengar,https://tcgplayer-cdn.tcgplayer.com/product/189170_200w.jpg,3,2420,https://cpt.tcgcsv.com/qHw2,2022-12-13T16:53:09.3,1,"<strong>Ability — Shadow Pain</strong>
<br>When you play this Pokémon from your hand to evolve 1 of your Pokémon during your turn, you may put 6 damage counters on your opponent's Pokémon-GX and Pokémon-EX in any way you like.",7.42,10.04,13.97,10.1,,Normal,70/214,Rare,Psychic,130,Stage 2,"[3] Twilight Poison (70)
<br>Your opponent's Active Pokémon is now Asleep and Poisoned.",,,Dx2,F-20,0,
189171,Drowzee,Drowzee,https://tcgplayer-cdn.tcgplayer.com/product/189171_200w.jpg,3,2420,https://cpt.tcgcsv.com/rHw2,2022-12-13T16:53:15.653,1,,0.09,0.25,1.49,0.2,,Reverse Holofoil,71/214,Common,Psychic,70,Basic,"[P] Hypnosis
<br>Your opponent's Active Pokémon is now Asleep.",[2P] Psypunch (30),,Px2,None,2,
189171,Drowzee,Drowzee,https://tcgplayer-cdn.tcgplayer.com/product/189171_200w.jpg,3,2420,https://cpt.tcgcsv.com/rHw2,2022-12-13T16:53:15.653,1,,0.05,0.2,1.49,0.17,,Normal,71/214,Common,Psychic,70,Basic,"[P] Hypnosis
<br>Your opponent's Active Pokémon is now Asleep.",[2P] Psypunch (30),,Px2,None,2,
189172,Hypno,Hypno,https://tcgplayer-cdn.tcgplayer.com/product/189172_200w.jpg,3,2420,https://cpt.tcgcsv.com/sHw2,2025-02-07T19:59:43.777,1,"<strong>Ability — Hypnotic Pendulum</strong>
<br>When your opponent's Active Pokémon is Knocked Out, flip a coin. If heads, choose which of your opponent's Benched Pokémon becomes their new Active Pokémon.",0.2,0.31,1.5,0.3,,Normal,72/214,Rare,Psychic,110,Stage 1,"[2P] Stir the Brain (30+)
<br>This attack does 10 more damage for each card in your opponent's hand.",,,Px2,None,2,
189172,Hypno,Hypno,https://tcgplayer-cdn.tcgplayer.com/product/189172_200w.jpg,3,2420,https://cpt.tcgcsv.com/sHw2,2025-02-07T19:59:43.777,1,"<strong>Ability — Hypnotic Pendulum</strong>
<br>When your opponent's Active Pokémon is Knocked Out, flip a coin. If heads, choose which of your opponent's Benched Pokémon becomes their new Active Pokémon.",0.22,0.49,1.53,0.49,,Reverse Holofoil,72/214,Rare,Psychic,110,Stage 1,"[2P] Stir the Brain (30+)
<br>This attack does 10 more damage for each card in your opponent's hand.",,,Px2,None,2,
189173,Koffing,Koffing,https://tcgplayer-cdn.tcgplayer.com/product/189173_200w.jpg,3,2420,https://cpt.tcgcsv.com/tHw2,2022-12-13T16:53:30.033,1,,0.19,0.36,1.5,0.32,,Reverse Holofoil,73/214,Common,Psychic,70,Basic,"[1] Foul Odor
<br>Both Active Pokémon are now Confused.",,,Px2,None,2,
189173,Koffing,Koffing,https://tcgplayer-cdn.tcgplayer.com/product/189173_200w.jpg,3,2420,https://cpt.tcgcsv.com/tHw2,2022-12-13T16:53:30.033,1,,0.03,0.2,1.49,0.19,,Normal,73/214,Common,Psychic,70,Basic,"[1] Foul Odor
<br>Both Active Pokémon are now Confused.",,,Px2,None,2,
189174,Weezing,Weezing,https://tcgplayer-cdn.tcgplayer.com/product/189174_200w.jpg,3,2420,https://cpt.tcgcsv.com/vHw2,2022-12-13T16:53:37.167,1,"<strong>Ability — Detention Gas</strong>
<br>As long as this Pokémon is your Active Pokémon, put 1 damage counter on each of your opponent's Basic Pokémon between turns.",0.35,0.58,2.5,0.55,0.54,Normal,74/214,Rare,Psychic,120,Stage 1,"[2] Splattering Sludge (40)
<br>This attack does 20 damage to each of your opponent's Benched Pokémon that has any damage counters on it. <em>(Don't apply Weakness and Resistance for Benched Pokémon.)</em>",,,Px2,None,3,
189174,Weezing,Weezing,https://tcgplayer-cdn.tcgplayer.com/product/189174_200w.jpg,3,2420,https://cpt.tcgcsv.com/vHw2,2022-12-13T16:53:37.167,1,"<strong>Ability — Detention Gas</strong>
<br>As long as this Pokémon is your Active Pokémon, put 1 damage counter on each of your opponent's Basic Pokémon between turns.",0.51,0.99,2.36,0.94,,Reverse Holofoil,74/214,Rare,Psychic,120,Stage 1,"[2] Splattering Sludge (40)
<br>This attack does 20 damage to each of your opponent's Benched Pokémon that has any damage counters on it. <em>(Don't apply Weakness and Resistance for Benched Pokémon.)</em>",,,Px2,None,3,
189175,Mewtwo,Mewtwo,https://tcgplayer-cdn.tcgplayer.com/product/189175_200w.jpg,3,2420,https://cpt.tcgcsv.com/wHw2,2024-06-12T20:02:29.033,1,"<strong>Ability — Mind Report</strong>
<br>When you play this Pokémon from your hand onto your Bench during your turn, you may put a Supporter card from your discard pile on top of your deck.",0.64,1.07,4.0,1.07,1.09,Normal,75/214,Rare,Psychic,120,Basic,"[2P] Psyshock (70)
<br>This attack's damage isn't affected by any effects on your opponent's Active Pokémon.",,,Px2,None,2,
189175,Mewtwo,Mewtwo,https://tcgplayer-cdn.tcgplayer.com/product/189175_200w.jpg,3,2420,https://cpt.tcgcsv.com/wHw2,2024-06-12T20:02:29.033,1,"<strong>Ability — Mind Report</strong>
<br>When you play this Pokémon from your hand onto your Bench during your turn, you may put a Supporter card from your discard pile on top of your deck.",2.0,4.93,24.99,4.78,24.99,Reverse Holofoil,75/214,Rare,Psychic,120,Basic,"[2P] Psyshock (70)
<br>This attack's damage isn't affected by any effects on your opponent's Active Pokémon.",,,Px2,None,2,
189176,Mew,Mew,https://tcgplayer-cdn.tcgplayer.com/product/189176_200w.jpg,3,2420,https://cpt.tcgcsv.com/xHw2,2022-12-13T16:55:30.903,1,"<strong>Ability — Bench Barrier</strong>
<br>Prevent all damage done to your Benched Pokémon by your opponent's attacks.",6.25,9.98,29.99,8.42,,Reverse Holofoil,76/214,Holo Rare,Psychic,60,Basic,"[1] Psypower
<br>Put 3 damage counters on your opponent's Pokémon in any way you like.",,,Px2,None,1,
189176,Mew,Mew,https://tcgplayer-cdn.tcgplayer.com/product/189176_200w.jpg,3,2420,https://cpt.tcgcsv.com/xHw2,2022-12-13T16:55:30.903,1,"<strong>Ability — Bench Barrier</strong>
<br>Prevent all damage done to your Benched Pokémon by your opponent's attacks.",6.4,8.32,26.95,7.94,10.32,Holofoil,76/214,Holo Rare,Psychic,60,Basic,"[1] Psypower
<br>Put 3 damage counters on your opponent's Pokémon in any way you like.",,,Px2,None,1,
189177,Misdreavus,Misdreavus,https://tcgplayer-cdn.tcgplayer.com/product/189177_200w.jpg,3,2420,https://cpt.tcgcsv.com/zHw2,2023-05-13T10:53:40.823,1,,0.05,0.2,1.49,0.13,,Normal,77/214,Common,Psychic,60,Basic,"[P] Ominous Eyes
<br>Put 1 damage counter on 1 of your opponent's Pokémon.",,,Dx2,F-20,1,
189177,Misdreavus,Misdreavus,https://tcgplayer-cdn.tcgplayer.com/product/189177_200w.jpg,3,2420,https://cpt.tcgcsv.com/zHw2,2023-05-13T10:53:40.823,1,,0.1,0.28,1.54,0.28,,Reverse Holofoil,77/214,Common,Psychic,60,Basic,"[P] Ominous Eyes
<br>Put 1 damage counter on 1 of your opponent's Pokémon.",,,Dx2,F-20,1,
189178,Mismagius,Mismagius,https://tcgplayer-cdn.tcgplayer.com/product/189178_200w.jpg,3,2420,https://cpt.tcgcsv.com/BHw2,2022-12-13T16:55:45.32,1,"<strong>Ability — Mysterious Message</strong>
<br>Once during your turn <em>(before your attack)</em>, you may draw cards until you have 7 cards in your hand. If you drew any cards in this way, this Pokémon is Knocked Out.",0.17,0.87,8.0,0.87,,Reverse Holofoil,78/214,Rare,Psychic,110,Stage 1,"[2P] Hypnoblast (70)
<br>Your opponent's Active Pokémon is now Asleep.",,,Dx2,F-20,1,
189178,Mismagius,Mismagius,https://tcgplayer-cdn.tcgplayer.com/product/189178_200w.jpg,3,2420,https://cpt.tcgcsv.com/BHw2,2022-12-13T16:55:45.32,1,"<strong>Ability — Mysterious Message</strong>
<br>Once during your turn <em>(before your attack)</em>, you may draw cards until you have 7 cards in your hand. If you drew any cards in this way, this Pokémon is Knocked Out.",0.15,0.42,4.99,0.43,0.15,Normal,78/214,Rare,Psychic,110,Stage 1,"[2P] Hypnoblast (70)
<br>Your opponent's Active Pokémon is now Asleep.",,,Dx2,F-20,1,
189179,Espurr,Espurr,https://tcgplayer-cdn.tcgplayer.com/product/189179_200w.jpg,3,2420,https://cpt.tcgcsv.com/CHw2,2025-02-07T19:59:43.837,1,,0.08,0.25,1.54,0.25,,Normal,79/214,Common,Psychic,60,Basic,"[1] Caturday
<br>Draw a card. If you do, this Pokémon is now Asleep.","[2P] Ear Kinesis
<br>This attack does 20 damage to 1 of your opponent's Benched Pokémon for each damage counter on that Pokémon. <em>(Don't apply Weakness and Resistance for Benched Pokémon.)</em>",,Px2,None,1,
189179,Espurr,Espurr,https://tcgplayer-cdn.tcgplayer.com/product/189179_200w.jpg,3,2420,https://cpt.tcgcsv.com/CHw2,2025-02-07T19:59:43.837,1,,0.13,0.46,1.99,0.42,,Reverse Holofoil,79/214,Common,Psychic,60,Basic,"[1] Caturday
<br>Draw a card. If you do, this Pokémon is now Asleep.","[2P] Ear Kinesis
<br>This attack does 20 damage to 1 of your opponent's Benched Pokémon for each damage counter on that Pokémon. <em>(Don't apply Weakness and Resistance for Benched Pokémon.)</em>",,Px2,None,1,
189180,Meowstic,Meowstic,https://tcgplayer-cdn.tcgplayer.com/product/189180_200w.jpg,3,2420,https://cpt.tcgcsv.com/DHw2,2022-12-13T16:56:03.207,1,,0.3,0.54,2.0,0.56,,Reverse Holofoil,80/214,Rare,Psychic,90,Stage 1,"[1] Caturday
<br>Draw 3 cards. If you do, this Pokémon is now Asleep.","[2P] Perplexing Eyes (70)
<br>The Defending Pokémon's Weakness is now Psychic until the end of your next turn. <em>(The amount of Weakness doesn't change.)</em>",,Px2,None,1,
189180,Meowstic,Meowstic,https://tcgplayer-cdn.tcgplayer.com/product/189180_200w.jpg,3,2420,https://cpt.tcgcsv.com/DHw2,2022-12-13T16:56:03.207,1,,0.15,0.35,1.59,0.34,,Normal,80/214,Rare,Psychic,90,Stage 1,"[1] Caturday
<br>Draw 3 cards. If you do, this Pokémon is now Asleep.","[2P] Perplexing Eyes (70)
<br>The Defending Pokémon's Weakness is now Psychic until the end of your next turn. <em>(The amount of Weakness doesn't change.)</em>",,Px2,None,1,
189181,Marshadow,Marshadow,https://tcgplayer-cdn.tcgplayer.com/product/189181_200w.jpg,3,2420,https://cpt.tcgcsv.com/FHw2,2023-12-29T11:00:46.893,1,"<strong>Ability — Resetting Hole</strong>
<br>Once during your turn <em>(before your attack)</em>, if this Pokémon is on your Bench, you may discard any Stadium card in play. If you do, discard this Pokémon and all cards attached to it.",0.35,0.75,6.0,0.7,0.86,Reverse Holofoil,81/214,Holo Rare,Psychic,80,Basic,"[1] Red Knuckles (10+)
<br>If your opponent's Active Pokémon is an Ultra Beast, this attack does 60 more damage.",,,Dx2,F-20,1,
189181,Marshadow,Marshadow,https://tcgplayer-cdn.tcgplayer.com/product/189181_200w.jpg,3,2420,https://cpt.tcgcsv.com/FHw2,2023-12-29T11:00:46.893,1,"<strong>Ability — Resetting Hole</strong>
<br>Once during your turn <em>(before your attack)</em>, if this Pokémon is on your Bench, you may discard any Stadium card in play. If you do, discard this Pokémon and all cards attached to it.",0.25,0.63,6.0,0.66,0.53,Holofoil,81/214,Holo Rare,Psychic,80,Basic,"[1] Red Knuckles (10+)
<br>If your opponent's Active Pokémon is an Ultra Beast, this attack does 60 more damage.",,,Dx2,F-20,1,
189182,Sandshrew,Sandshrew,https://tcgplayer-cdn.tcgplayer.com/product/189182_200w.jpg,3,2420,https://cpt.tcgcsv.com/GHw2,2025-02-07T19:59:43.917,1,,0.05,0.21,1.49,0.21,,Normal,83/214,Common,Fighting,70,Basic,"[1] Collect
<br>Draw a card.",[2F] Rolling Tackle (30),,Gx2,None,1,
189182,Sandshrew,Sandshrew,https://tcgplayer-cdn.tcgplayer.com/product/189182_200w.jpg,3,2420,https://cpt.tcgcsv.com/GHw2,2025-02-07T19:59:43.917,1,,0.05,0.35,1.49,0.36,,Reverse Holofoil,83/214,Common,Fighting,70,Basic,"[1] Collect
<br>Draw a card.",[2F] Rolling Tackle (30),,Gx2,None,1,
189183,Sandslash,Sandslash,https://tcgplayer-cdn.tcgplayer.com/product/189183_200w.jpg,3,2420,https://cpt.tcgcsv.com/HHw2,2022-12-13T16:56:33.643,1,,0.15,0.59,2.0,0.57,,Reverse Holofoil,84/214,Rare,Fighting,110,Stage 1,"[1] Continuous Scratch (30x)
<br>Flip 4 coins. This attack does 30 damage for each heads.","[2F] Sand Tomb (90)
<br>The Defending Pokémon can't retreat during your opponent's next turn.",,Gx2,None,1,
189183,Sandslash,Sandslash,https://tcgplayer-cdn.tcgplayer.com/product/189183_200w.jpg,3,2420,https://cpt.tcgcsv.com/HHw2,2022-12-13T16:56:33.643,1,,0.19,0.31,1.54,0.29,,Normal,84/214,Rare,Fighting,110,Stage 1,"[1] Continuous Scratch (30x)
<br>Flip 4 coins. This attack does 30 damage for each heads.","[2F] Sand Tomb (90)
<br>The Defending Pokémon can't retreat during your opponent's next turn.",,Gx2,None,1,
189184,Diglett,Diglett,https://tcgplayer-cdn.tcgplayer.com/product/189184_200w.jpg,3,2420,https://cpt.tcgcsv.com/JHw2,2025-02-07T19:59:44.01,1,"<strong>Ability — Underground Activity</strong>
<br>If this Pokemon is discarded by the effect of Giovanni's Banishment, discard the top card of your opponent's deck.",0.03,0.19,1.49,0.14,,Normal,85/214,Common,Fighting,50,Basic,[F] Hook (10),,,Gx2,None,1,
189184,Diglett,Diglett,https://tcgplayer-cdn.tcgplayer.com/product/189184_200w.jpg,3,2420,https://cpt.tcgcsv.com/JHw2,2025-02-07T19:59:44.01,1,"<strong>Ability — Underground Activity</strong>
<br>If this Pokemon is discarded by the effect of Giovanni's Banishment, discard the top card of your opponent's deck.",0.09,0.35,2.0,0.35,,Reverse Holofoil,85/214,Common,Fighting,50,Basic,[F] Hook (10),,,Gx2,None,1,
189185,Dugtrio,Dugtrio,https://tcgplayer-cdn.tcgplayer.com/product/189185_200w.jpg,3,2420,https://cpt.tcgcsv.com/KHw2,2023-01-11T12:27:17.507,1,,0.12,0.4,1.55,0.37,0.12,Reverse Holofoil,86/214,Rare,Fighting,90,Stage 1,"[F] Home Ground (30+)
<br>If you have a Stadium card in play, this attack does 60 more damage.",,,Gx2,None,1,
189185,Dugtrio,Dugtrio,https://tcgplayer-cdn.tcgplayer.com/product/189185_200w.jpg,3,2420,https://cpt.tcgcsv.com/KHw2,2023-01-11T12:27:17.507,1,,0.1,0.28,1.49,0.29,,Normal,86/214,Rare,Fighting,90,Stage 1,"[F] Home Ground (30+)
<br>If you have a Stadium card in play, this attack does 60 more damage.",,,Gx2,None,1,
189186,Geodude,Geodude,https://tcgplayer-cdn.tcgplayer.com/product/189186_200w.jpg,3,2420,https://cpt.tcgcsv.com/LHw2,2025-02-07T19:59:44.09,1,,0.03,0.2,1.49,0.2,,Normal,87/214,Common,Fighting,70,Basic,"[F] Defense Curl
<br>Flip a coin. If heads, prevent all damage done to this Pokémon by attacks during your opponent's next turn.",[3] Rock Throw (40),,Gx2,None,2,
189186,Geodude,Geodude,https://tcgplayer-cdn.tcgplayer.com/product/189186_200w.jpg,3,2420,https://cpt.tcgcsv.com/LHw2,2025-02-07T19:59:44.09,1,,0.09,0.28,1.49,0.28,,Reverse Holofoil,87/214,Common,Fighting,70,Basic,"[F] Defense Curl
<br>Flip a coin. If heads, prevent all damage done to this Pokémon by attacks during your opponent's next turn.",[3] Rock Throw (40),,Gx2,None,2,
189187,Graveler,Graveler,https://tcgplayer-cdn.tcgplayer.com/product/189187_200w.jpg,3,2420,https://cpt.tcgcsv.com/MHw2,2025-02-07T19:59:44.137,1,,0.1,0.34,1.5,0.32,,Reverse Holofoil,88/214,Uncommon,Fighting,110,Stage 1,[3] Rolling Rocks (50),"[3F] Double-Edge (90)
<br>This Pokémon does 30 damage to itself.",,Gx2,None,4,
189187,Graveler,Graveler,https://tcgplayer-cdn.tcgplayer.com/product/189187_200w.jpg,3,2420,https://cpt.tcgcsv.com/MHw2,2025-02-07T19:59:44.137,1,,0.05,0.2,1.49,0.11,,Normal,88/214,Uncommon,Fighting,110,Stage 1,[3] Rolling Rocks (50),"[3F] Double-Edge (90)
<br>This Pokémon does 30 damage to itself.",,Gx2,None,4,
189188,Golem,Golem,https://tcgplayer-cdn.tcgplayer.com/product/189188_200w.jpg,3,2420,https://cpt.tcgcsv.com/NHw2,2025-02-07T19:59:44.2,1,,0.21,0.51,2.0,0.51,,Holofoil,89/214,Holo Rare,Fighting,180,Stage 2,"[3] Steamroller (100)
<br>This attack's damage isn't affected by Resistance.","[3F] Heavy Slam (180=)
<br>This attack does 20 less damage for each C in your opponent's Active Pokémon's Retreat Cost.",,Gx2,None,4,
189188,Golem,Golem,https://tcgplayer-cdn.tcgplayer.com/product/189188_200w.jpg,3,2420,https://cpt.tcgcsv.com/NHw2,2025-02-07T19:59:44.2,1,,0.25,0.51,1.49,0.51,,Reverse Holofoil,89/214,Holo Rare,Fighting,180,Stage 2,"[3] Steamroller (100)
<br>This attack's damage isn't affected by Resistance.","[3F] Heavy Slam (180=)
<br>This attack does 20 less damage for each C in your opponent's Active Pokémon's Retreat Cost.",,Gx2,None,4,
189189,Cubone,Cubone,https://tcgplayer-cdn.tcgplayer.com/product/189189_200w.jpg,3,2420,https://cpt.tcgcsv.com/PHw2,2025-02-07T19:59:44.247,1,,0.05,0.25,1.49,0.22,,Normal,90/214,Common,Fighting,60,Basic,"[1] Focus Energy
<br>During your next turn, this Pokémon's Beat attack's base damage is 80.",[1] Beat (10),,Gx2,None,1,
189189,Cubone,Cubone,https://tcgplayer-cdn.tcgplayer.com/product/189189_200w.jpg,3,2420,https://cpt.tcgcsv.com/PHw2,2025-02-07T19:59:44.247,1,,0.13,0.5,1.56,0.5,,Reverse Holofoil,90/214,Common,Fighting,60,Basic,"[1] Focus Energy
<br>During your next turn, this Pokémon's Beat attack's base damage is 80.",[1] Beat (10),,Gx2,None,1,
189190,Marowak,Marowak,https://tcgplayer-cdn.tcgplayer.com/product/189190_200w.jpg,3,2420,https://cpt.tcgcsv.com/QHw2,2022-12-13T16:57:59.027,1,,0.19,0.62,1.68,0.62,0.48,Reverse Holofoil,91/214,Rare,Fighting,110,Stage 1,"[F] Bone Rush (50x)
<br>Flip a coin until you get tails. This attack does 50 damage for each heads.","[3] Assault Boom (70+)
<br>If your opponent's Active Pokémon has a Pokémon Tool card attached to it, this attack does 70 more damage.",,Gx2,None,2,
189190,Marowak,Marowak,https://tcgplayer-cdn.tcgplayer.com/product/189190_200w.jpg,3,2420,https://cpt.tcgcsv.com/QHw2,2022-12-13T16:57:59.027,1,,0.15,0.4,1.61,0.41,0.3,Normal,91/214,Rare,Fighting,110,Stage 1,"[F] Bone Rush (50x)
<br>Flip a coin until you get tails. This attack does 50 damage for each heads.","[3] Assault Boom (70+)
<br>If your opponent's Active Pokémon has a Pokémon Tool card attached to it, this attack does 70 more damage.",,Gx2,None,2,
189191,Rhyhorn (92),Rhyhorn 92,https://tcgplayer-cdn.tcgplayer.com/product/189191_200w.jpg,3,2420,https://cpt.tcgcsv.com/RHw2,2025-02-07T19:59:44.3,1,,0.1,0.31,1.49,0.31,,Reverse Holofoil,92/214,Common,Fighting,80,Basic,"[F] Push Down (20
<br>You may have your opponent switch their Active Pokémon with 1 of their Benched Pokémon.",,,Gx2,None,2,
189191,Rhyhorn (92),Rhyhorn 92,https://tcgplayer-cdn.tcgplayer.com/product/189191_200w.jpg,3,2420,https://cpt.tcgcsv.com/RHw2,2025-02-07T19:59:44.3,1,,0.03,0.2,1.6,0.16,0.1,Normal,92/214,Common,Fighting,80,Basic,"[F] Push Down (20
<br>You may have your opponent switch their Active Pokémon with 1 of their Benched Pokémon.",,,Gx2,None,2,
189192,Rhyhorn (93),Rhyhorn 93,https://tcgplayer-cdn.tcgplayer.com/product/189192_200w.jpg,3,2420,https://cpt.tcgcsv.com/SHw2,2025-02-07T19:59:44.347,1,,0.09,0.27,2.0,0.27,,Reverse Holofoil,93/214,Common,Fighting,90,Basic,[2] Horn Attack (30),[3F] Boulder Crush (80),,Gx2,None,4,
189192,Rhyhorn (93),Rhyhorn 93,https://tcgplayer-cdn.tcgplayer.com/product/189192_200w.jpg,3,2420,https://cpt.tcgcsv.com/SHw2,2025-02-07T19:59:44.347,1,,0.03,0.17,1.49,0.12,,Normal,93/214,Common,Fighting,90,Basic,[2] Horn Attack (30),[3F] Boulder Crush (80),,Gx2,None,4,
189193,Rhydon,Rhydon,https://tcgplayer-cdn.tcgplayer.com/product/189193_200w.jpg,3,2420,https://cpt.tcgcsv.com/THw2,2022-12-13T16:58:12.577,1,,0.3,0.75,1.68,0.77,,Reverse Holofoil,94/214,Uncommon,Fighting,110,Stage 1,"[2] Dirty Work
<br>Discard the top card of your opponent's deck. If you played Giovanni's Banishment from your hand during this turn, discard the top 5 cards of your opponent's deck instead of 1.",[3F] Horn Attack (90),,Gx2,None,4,
189193,Rhydon,Rhydon,https://tcgplayer-cdn.tcgplayer.com/product/189193_200w.jpg,3,2420,https://cpt.tcgcsv.com/THw2,2022-12-13T16:58:12.577,1,,0.05,0.2,1.49,0.19,,Normal,94/214,Uncommon,Fighting,110,Stage 1,"[2] Dirty Work
<br>Discard the top card of your opponent's deck. If you played Giovanni's Banishment from your hand during this turn, discard the top 5 cards of your opponent's deck instead of 1.",[3F] Horn Attack (90),,Gx2,None,4,
189194,Rhyperior,Rhyperior,https://tcgplayer-cdn.tcgplayer.com/product/189194_200w.jpg,3,2420,https://cpt.tcgcsv.com/VHw2,2025-02-07T19:59:44.407,1,,0.1,0.37,1.99,0.35,,Reverse Holofoil,95/214,Rare,Fighting,170,Stage 2,"[2F] Hefty Cannon (90)
<br>If the Defending Pokémon is a Basic Pokémon, it can't attack during your opponent's next turn.","[3F] Break Ground (160)
<br>This attack does 20 damage to each of your Benched Pokémon. <em>(Don't apply Weakness and Resistance for Benched Pokémon.)</em>",,Gx2,None,4,
189194,Rhyperior,Rhyperior,https://tcgplayer-cdn.tcgplayer.com/product/189194_200w.jpg,3,2420,https://cpt.tcgcsv.com/VHw2,2025-02-07T19:59:44.407,1,,0.15,0.33,1.49,0.34,,Normal,95/214,Rare,Fighting,170,Stage 2,"[2F] Hefty Cannon (90)
<br>If the Defending Pokémon is a Basic Pokémon, it can't attack during your opponent's next turn.","[3F] Break Ground (160)
<br>This attack does 20 damage to each of your Benched Pokémon. <em>(Don't apply Weakness and Resistance for Benched Pokémon.)</em>",,Gx2,None,4,
189195,Wooper,Wooper,https://tcgplayer-cdn.tcgplayer.com/product/189195_200w.jpg,3,2420,https://cpt.tcgcsv.com/WHw2,2022-12-13T16:58:25.473,1,,0.1,0.49,1.57,0.56,,Reverse Holofoil,96/214,Common,Fighting,70,Basic,[WW] Mud Bomb (30),,,Gx2,None,1,
189195,Wooper,Wooper,https://tcgplayer-cdn.tcgplayer.com/product/189195_200w.jpg,3,2420,https://cpt.tcgcsv.com/WHw2,2022-12-13T16:58:25.473,1,,0.06,0.25,3.0,0.31,,Normal,96/214,Common,Fighting,70,Basic,[WW] Mud Bomb (30),,,Gx2,None,1,
189196,Quagsire,Quagsire,https://tcgplayer-cdn.tcgplayer.com/product/189196_200w.jpg,3,2420,https://cpt.tcgcsv.com/XHw2,2025-02-07T19:59:44.457,1,,0.17,0.43,1.48,0.51,,Normal,97/214,Rare,Fighting,120,Stage 1,[W] Water Gun (20),[WWW] Surf (120),,Gx2,None,2,
189196,Quagsire,Quagsire,https://tcgplayer-cdn.tcgplayer.com/product/189196_200w.jpg,3,2420,https://cpt.tcgcsv.com/XHw2,2025-02-07T19:59:44.457,1,,0.28,0.71,2.0,0.69,,Reverse Holofoil,97/214,Rare,Fighting,120,Stage 1,[W] Water Gun (20),[WWW] Surf (120),,Gx2,None,2,
189197,Gligar,Gligar,https://tcgplayer-cdn.tcgplayer.com/product/189197_200w.jpg,3,2420,https://cpt.tcgcsv.com/ZHw2,2025-02-07T19:59:44.503,1,"<strong>Ability — Free Flight</strong>
<br>If this Pokémon has no Energy attached to it, this Pokémon has no Retreat Cost.",0.02,0.15,1.49,0.09,,Normal,98/214,Common,Fighting,60,Basic,"[3] Shinobi Strike (30+)
<br>If you played Janine from your hand during this turn, this attack does 90 more damage.",,,Gx2,None,2,
189197,Gligar,Gligar,https://tcgplayer-cdn.tcgplayer.com/product/189197_200w.jpg,3,2420,https://cpt.tcgcsv.com/ZHw2,2025-02-07T19:59:44.503,1,"<strong>Ability — Free Flight</strong>
<br>If this Pokémon has no Energy attached to it, this Pokémon has no Retreat Cost.",0.09,0.25,2.0,0.22,,Reverse Holofoil,98/214,Common,Fighting,60,Basic,"[3] Shinobi Strike (30+)
<br>If you played Janine from your hand during this turn, this attack does 90 more damage.",,,Gx2,None,2,
189198,Gliscor,Gliscor,https://tcgplayer-cdn.tcgplayer.com/product/189198_200w.jpg,3,2420,https://cpt.tcgcsv.com/-Hw2,2022-12-13T16:58:47.547,1,,0.12,0.32,2.0,0.31,,Reverse Holofoil,99/214,Uncommon,Fighting,110,Stage 1,"[1] Collect 
<br>Draw 3 cards.","[3] Poison Jab (70)
<br>Your opponent's Active Pokémon is now Poisoned.",,Gx2,None,1,
189198,Gliscor,Gliscor,https://tcgplayer-cdn.tcgplayer.com/product/189198_200w.jpg,3,2420,https://cpt.tcgcsv.com/-Hw2,2022-12-13T16:58:47.547,1,,0.03,0.2,1.49,0.12,,Normal,99/214,Uncommon,Fighting,110,Stage 1,"[1] Collect 
<br>Draw 3 cards.","[3] Poison Jab (70)
<br>Your opponent's Active Pokémon is now Poisoned.",,Gx2,None,1,
189199,Tyrogue,Tyrogue,https://tcgplayer-cdn.tcgplayer.com/product/189199_200w.jpg,3,2420,https://cpt.tcgcsv.com/_Hw2,2022-12-13T16:58:54.407,1,"<strong>Ability — Bratty Kick</strong>
<br>Once during your turn <em>(before your attack)</em> you may flip a coin. If heads, put 3 damage counters on 1 of your opponent's Pokémon. If you use this Ability, your turn ends.",0.93,1.01,1.99,1.01,,Reverse Holofoil,100/214,Uncommon,Fighting,60,Basic,,,,None,None,0,
189199,Tyrogue,Tyrogue,https://tcgplayer-cdn.tcgplayer.com/product/189199_200w.jpg,3,2420,https://cpt.tcgcsv.com/_Hw2,2022-12-13T16:58:54.407,1,"<strong>Ability — Bratty Kick</strong>
<br>Once during your turn <em>(before your attack)</em> you may flip a coin. If heads, put 3 damage counters on 1 of your opponent's Pokémon. If you use this Ability, your turn ends.",0.15,0.45,1.49,0.49,,Normal,100/214,Uncommon,Fighting,60,Basic,,,,None,None,0,
189200,Hitmontop,Hitmontop,https://tcgplayer-cdn.tcgplayer.com/product/189200_200w.jpg,3,2420,https://cpt.tcgcsv.com/0Jw2,2025-02-07T19:59:44.567,1,,0.1,0.36,1.49,0.35,,Normal,101/214,Uncommon,Fighting,90,Basic,"[F] Finishing Combo
<br>You can use this attack only if your Hitmonlee used Special Combo during your last turn. This attack does 60 damage to each of your opponent's Pokémon. <em>(Don't apply Weakness and Resistance for Benched Pokémon.)</em>",[2] Spinning Attack (50),,Px2,None,1,
189200,Hitmontop,Hitmontop,https://tcgplayer-cdn.tcgplayer.com/product/189200_200w.jpg,3,2420,https://cpt.tcgcsv.com/0Jw2,2025-02-07T19:59:44.567,1,,2.69,2.69,2.69,2.69,,Reverse Holofoil,101/214,Uncommon,Fighting,90,Basic,"[F] Finishing Combo
<br>You can use this attack only if your Hitmonlee used Special Combo during your last turn. This attack does 60 damage to each of your opponent's Pokémon. <em>(Don't apply Weakness and Resistance for Benched Pokémon.)</em>",[2] Spinning Attack (50),,Px2,None,1,
189201,Riolu,Riolu,https://tcgplayer-cdn.tcgplayer.com/product/189201_200w.jpg,3,2420,https://cpt.tcgcsv.com/2Jw2,2025-02-07T19:59:44.62,1,,0.09,0.34,2.0,0.33,,Reverse Holofoil,102/214,Common,Fighting,70,Basic,"[1] Feint (10)
<br>This attack's damage isn't affected by Resistance.",,,Px2,None,1,
189201,Riolu,Riolu,https://tcgplayer-cdn.tcgplayer.com/product/189201_200w.jpg,3,2420,https://cpt.tcgcsv.com/2Jw2,2025-02-07T19:59:44.62,1,,0.05,0.2,1.49,0.15,,Normal,102/214,Common,Fighting,70,Basic,"[1] Feint (10)
<br>This attack's damage isn't affected by Resistance.",,,Px2,None,1,
189202,Landorus,Landorus,https://tcgplayer-cdn.tcgplayer.com/product/189202_200w.jpg,3,2420,https://cpt.tcgcsv.com/3Jw2,2022-12-13T16:59:43.98,1,,0.15,0.43,1.6,0.43,,Holofoil,103/214,Holo Rare,Fighting,120,Basic,"[F] Linear Attack
<br>This attack does 30 damage to 1 of your opponent's Pokémon. <em>(Don't apply Weakness and Resistance for Benched Pokémon.)</em>","[1F] Power Cyclone (60)
<br>Move an Energy from this Pokémon to 1 of your Benched Pokémon.",,Gx2,None,1,
189202,Landorus,Landorus,https://tcgplayer-cdn.tcgplayer.com/product/189202_200w.jpg,3,2420,https://cpt.tcgcsv.com/3Jw2,2022-12-13T16:59:43.98,1,,0.24,0.5,3.0,0.47,,Reverse Holofoil,103/214,Holo Rare,Fighting,120,Basic,"[F] Linear Attack
<br>This attack does 30 damage to 1 of your opponent's Pokémon. <em>(Don't apply Weakness and Resistance for Benched Pokémon.)</em>","[1F] Power Cyclone (60)
<br>Move an Energy from this Pokémon to 1 of your Benched Pokémon.",,Gx2,None,1,
189203,Crabrawler,Crabrawler,https://tcgplayer-cdn.tcgplayer.com/product/189203_200w.jpg,3,2420,https://cpt.tcgcsv.com/5Jw2,2025-02-07T19:59:44.667,1,,0.06,0.25,1.49,0.2,0.2,Reverse Holofoil,104/214,Common,Fighting,80,Basic,[2] Corkscrew Punch (20),"[2F] Knuckle Blast (30+)
<br>If you have more Prize cards remaining than your opponent, this attack does 60 more damage.",,Px2,None,2,
189203,Crabrawler,Crabrawler,https://tcgplayer-cdn.tcgplayer.com/product/189203_200w.jpg,3,2420,https://cpt.tcgcsv.com/5Jw2,2025-02-07T19:59:44.667,1,,0.02,0.2,1.49,0.07,,Normal,104/214,Common,Fighting,80,Basic,[2] Corkscrew Punch (20),"[2F] Knuckle Blast (30+)
<br>If you have more Prize cards remaining than your opponent, this attack does 60 more damage.",,Px2,None,2,
189204,Crabominable,Crabominable,https://tcgplayer-cdn.tcgplayer.com/product/189204_200w.jpg,3,2420,https://cpt.tcgcsv.com/6Jw2,2022-12-13T16:59:58.603,1,,0.3,0.65,1.02,0.57,,Reverse Holofoil,105/214,Rare,Fighting,140,Stage 1,"[2] Fight Alone (30+)
<br>If you have fewer Pokémon in play than your opponent, this attack does 50 more damage for each Pokémon fewer you have in play.",[2F] Magnum Punch (80),,Px2,None,4,
189204,Crabominable,Crabominable,https://tcgplayer-cdn.tcgplayer.com/product/189204_200w.jpg,3,2420,https://cpt.tcgcsv.com/6Jw2,2022-12-13T16:59:58.603,1,,0.14,0.33,1.49,0.33,,Normal,105/214,Rare,Fighting,140,Stage 1,"[2] Fight Alone (30+)
<br>If you have fewer Pokémon in play than your opponent, this attack does 50 more damage for each Pokémon fewer you have in play.",[2F] Magnum Punch (80),,Px2,None,4,
189205,Stakataka,Stakataka,https://tcgplayer-cdn.tcgplayer.com/product/189205_200w.jpg,3,2420,https://cpt.tcgcsv.com/7Jw2,2023-11-19T11:27:24.053,1,"<strong>Ability — Wall of Stone</strong>
<br>If your opponent has 3 or less Prize cards remaining, this Pokémon's maximum HP is 200.",1.56,1.67,2.87,1.6,,Holofoil,106/214,Holo Rare,Fighting,120,Basic,"[1FF] Top Down (110)
<br>Flip a coin until you get tails. For each heads, discard the top card of your opponent's deck.",,,Gx2,None,4,
189205,Stakataka,Stakataka,https://tcgplayer-cdn.tcgplayer.com/product/189205_200w.jpg,3,2420,https://cpt.tcgcsv.com/7Jw2,2023-11-19T11:27:24.053,1,"<strong>Ability — Wall of Stone</strong>
<br>If your opponent has 3 or less Prize cards remaining, this Pokémon's maximum HP is 200.",1.55,1.9,4.99,1.9,,Reverse Holofoil,106/214,Holo Rare,Fighting,120,Basic,"[1FF] Top Down (110)
<br>Flip a coin until you get tails. For each heads, discard the top card of your opponent's deck.",,,Gx2,None,4,
189206,Murkrow,Murkrow,https://tcgplayer-cdn.tcgplayer.com/product/189206_200w.jpg,3,2420,https://cpt.tcgcsv.com/8Jw2,2022-12-13T17:00:19.017,1,,0.03,0.2,1.49,0.11,0.1,Normal,108/214,Common,Darkness,70,Basic,"[D] Astonish
<br>Choose a random card from your opponent's hand. Your opponent reveals that card and shuffles it into their deck.",,,Lx2,F-20,1,
189206,Murkrow,Murkrow,https://tcgplayer-cdn.tcgplayer.com/product/189206_200w.jpg,3,2420,https://cpt.tcgcsv.com/8Jw2,2022-12-13T17:00:19.017,1,,0.1,0.32,1.49,0.34,0.1,Reverse Holofoil,108/214,Common,Darkness,70,Basic,"[D] Astonish
<br>Choose a random card from your opponent's hand. Your opponent reveals that card and shuffles it into their deck.",,,Lx2,F-20,1,
189207,Honchkrow GX,Honchkrow GX,https://tcgplayer-cdn.tcgplayer.com/product/189207_200w.jpg,3,2420,https://cpt.tcgcsv.com/9Jw2,2022-12-13T17:00:25.41,1,"<strong>Ability — Ruler of the Night</strong>
<br>As long as this Pokémon is your Active Pokémon, your opponent can't play any Pokémon Tool, Special Energy, or Stadium cards from their hand.",1.2,1.8,10.0,1.6,1.75,Holofoil,109/214,Ultra Rare,Darkness,210,Stage 1,"[2D] Feather Storm (90)
<br>This attack does 30 damage to 2 of your opponent's Benched Pokémon-GX and Pokémon-EX. <em>(Don't apply Weakness and Resistance for Benched Pokémon.)</em>","<span style=""color:Teal""><strong>[2] Unfair GX</strong>
<br>Your opponent reveals their hand. Discard 2 cards from it. <em>(You can't use more than 1 GX attack in a game.)</em></span>",,Lx2,F-20,2,
189208,Honchkrow GX (Full Art),Honchkrow GX Full Art,https://tcgplayer-cdn.tcgplayer.com/product/189208_200w.jpg,3,2420,https://cpt.tcgcsv.com/bJw2,2022-12-13T17:17:37.387,1,"<strong>Ability — Ruler of the Night</strong>
<br>As long as this Pokémon is your Active Pokémon, your opponent can't play any Pokémon Tool, Special Energy, or Stadium cards from their hand.",3.0,3.5,6.24,3.4,3.75,Holofoil,202/214,Ultra Rare,Darkness,210,Stage 1,"[2D] Feather Storm (90)
<br>This attack does 30 damage to 2 of your opponent's Benched Pokémon-GX and Pokémon-EX. <em>(Don't apply Weakness and Resistance for Benched Pokémon.)</em>","<span style=""color:Teal""><strong>[2] Unfair GX</strong>
<br>Your opponent reveals their hand. Discard 2 cards from it. <em>(You can't use more than 1 GX attack in a game.)</em></span>",,Lx2,F-20,2,
189209,Honchkrow GX (Secret),Honchkrow GX Secret,https://tcgplayer-cdn.tcgplayer.com/product/189209_200w.jpg,3,2420,https://cpt.tcgcsv.com/cJw2,2022-12-13T17:20:09.353,1,"<strong>Ability — Ruler of the Night</strong>
<br>As long as this Pokémon is your Active Pokémon, your opponent can't play any Pokémon Tool, Special Energy, or Stadium cards from their hand.",7.66,10.0,19.99,8.44,10.03,Holofoil,223/214,Secret Rare,Darkness,210,Stage 1,"[2D] Feather Storm (90)
<br>This attack does 30 damage to 2 of your opponent's Benched Pokémon-GX and Pokémon-EX. <em>(Don't apply Weakness and Resistance for Benched Pokémon.)</em>","<span style=""color:Teal""><strong>[2] Unfair GX</strong>
<br>Your opponent reveals their hand. Discard 2 cards from it. <em>(You can't use more than 1 GX attack in a game.)</em></span>",,Lx2,F-20,2,
189210,Carvanha,Carvanha,https://tcgplayer-cdn.tcgplayer.com/product/189210_200w.jpg,3,2420,https://cpt.tcgcsv.com/dJw2,2025-02-07T19:59:44.713,1,,0.02,0.19,1.49,0.13,,Normal,110/214,Common,Darkness,60,Basic,[D] Gnaw (10),,,Fx2,P-20,1,
189210,Carvanha,Carvanha,https://tcgplayer-cdn.tcgplayer.com/product/189210_200w.jpg,3,2420,https://cpt.tcgcsv.com/dJw2,2025-02-07T19:59:44.713,1,,0.09,0.28,1.5,0.27,,Reverse Holofoil,110/214,Common,Darkness,60,Basic,[D] Gnaw (10),,,Fx2,P-20,1,
189211,Sharpedo,Sharpedo,https://tcgplayer-cdn.tcgplayer.com/product/189211_200w.jpg,3,2420,https://cpt.tcgcsv.com/fJw2,2022-12-13T17:00:39.84,1,"<strong>Ability — Greedy Evolution</strong>
<br>When you play this Pokémon from your hand to evolve 1 of your Pokémon during your turn, you may look at the top 6 cards of your deck and attach any number of Darkness Energy cards you find there to this Pokémon. Shuffle the other cards back into your deck.",0.15,0.64,1.46,0.64,0.63,Normal,111/214,Rare,Darkness,110,Stage 1,"[3] Bad Fangs (60+)
<br>This attack does 20 more damage times the amount of Darkness Energy attached to this Pokémon.",,,Fx2,P-20,1,
189211,Sharpedo,Sharpedo,https://tcgplayer-cdn.tcgplayer.com/product/189211_200w.jpg,3,2420,https://cpt.tcgcsv.com/fJw2,2022-12-13T17:00:39.84,1,"<strong>Ability — Greedy Evolution</strong>
<br>When you play this Pokémon from your hand to evolve 1 of your Pokémon during your turn, you may look at the top 6 cards of your deck and attach any number of Darkness Energy cards you find there to this Pokémon. Shuffle the other cards back into your deck.",0.41,1.05,2.49,1.07,,Reverse Holofoil,111/214,Rare,Darkness,110,Stage 1,"[3] Bad Fangs (60+)
<br>This attack does 20 more damage times the amount of Darkness Energy attached to this Pokémon.",,,Fx2,P-20,1,
189212,Spiritomb,Spiritomb,https://tcgplayer-cdn.tcgplayer.com/product/189212_200w.jpg,3,2420,https://cpt.tcgcsv.com/gJw2,2023-11-19T11:27:33.217,1,"<strong>Ability — Building Spite</strong>
<br>Once during your turn <em>(before your attack)</em>, you may put 1 damage counter on this Pokémon.",1.93,2.5,19.99,2.5,,Holofoil,112/214,Holo Rare,Darkness,60,Basic,"[D] Anguish Cry (10+)
<br>This attack does 30 more damage for each damage counter on this Pokémon.",,,None,None,1,
189212,Spiritomb,Spiritomb,https://tcgplayer-cdn.tcgplayer.com/product/189212_200w.jpg,3,2420,https://cpt.tcgcsv.com/gJw2,2023-11-19T11:27:33.217,1,"<strong>Ability — Building Spite</strong>
<br>Once during your turn <em>(before your attack)</em>, you may put 1 damage counter on this Pokémon.",2.5,3.73,7.99,3.73,3.89,Reverse Holofoil,112/214,Holo Rare,Darkness,60,Basic,"[D] Anguish Cry (10+)
<br>This attack does 30 more damage for each damage counter on this Pokémon.",,,None,None,1,
189213,Sandile (113),Sandile 113,https://tcgplayer-cdn.tcgplayer.com/product/189213_200w.jpg,3,2420,https://cpt.tcgcsv.com/hJw2,2022-12-13T17:00:52.69,1,"<strong>Ability — Name of Ability</strong>
<br>As long as this Pokémon is your Active Pokémon, your opponent's Active Pokémon's attacks do 20 less damage <em>(before applying Weakness and Resistance).</em>",0.09,0.25,1.49,0.22,,Normal,113/214,Common,Darkness,60,Basic,[D] Gnaw (10),,,Fx2,P-20,2,
189213,Sandile (113),Sandile 113,https://tcgplayer-cdn.tcgplayer.com/product/189213_200w.jpg,3,2420,https://cpt.tcgcsv.com/hJw2,2022-12-13T17:00:52.69,1,"<strong>Ability — Name of Ability</strong>
<br>As long as this Pokémon is your Active Pokémon, your opponent's Active Pokémon's attacks do 20 less damage <em>(before applying Weakness and Resistance).</em>",0.15,0.47,1.49,0.47,,Reverse Holofoil,113/214,Common,Darkness,60,Basic,[D] Gnaw (10),,,Fx2,P-20,2,
189214,Sandile (114),Sandile 114,https://tcgplayer-cdn.tcgplayer.com/product/189214_200w.jpg,3,2420,https://cpt.tcgcsv.com/jJw2,2025-02-07T19:59:44.777,1,,0.06,0.2,1.49,0.15,,Normal,114/214,Common,Darkness,70,Basic,"[3] Grandiose Fangs (30)
<br>If your opponent's Pokémon is Knocked Out by damage from this attack, this Pokémon's attacks do 120 more damage to your opponent's Active Pokémon during your next turn <em>(before applying Weakness and Resistance)</em>.",,,Fx2,P-20,2,
189214,Sandile (114),Sandile 114,https://tcgplayer-cdn.tcgplayer.com/product/189214_200w.jpg,3,2420,https://cpt.tcgcsv.com/jJw2,2025-02-07T19:59:44.777,1,,0.12,0.3,1.49,0.27,,Reverse Holofoil,114/214,Common,Darkness,70,Basic,"[3] Grandiose Fangs (30)
<br>If your opponent's Pokémon is Knocked Out by damage from this attack, this Pokémon's attacks do 120 more damage to your opponent's Active Pokémon during your next turn <em>(before applying Weakness and Resistance)</em>.",,,Fx2,P-20,2,
189215,Krokorok,Krokorok,https://tcgplayer-cdn.tcgplayer.com/product/189215_200w.jpg,3,2420,https://cpt.tcgcsv.com/kJw2,2025-02-07T19:59:44.823,1,,0.04,0.21,1.49,0.14,,Normal,115/214,Uncommon,Darkness,90,Stage 1,[D] Bite (20),"[3] Corner (50)
<br>The Defending Pokémon can't retreat during your opponent's next turn.",,Fx2,P-20,2,
189215,Krokorok,Krokorok,https://tcgplayer-cdn.tcgplayer.com/product/189215_200w.jpg,3,2420,https://cpt.tcgcsv.com/kJw2,2025-02-07T19:59:44.823,1,,0.1,0.3,1.5,0.31,,Reverse Holofoil,115/214,Uncommon,Darkness,90,Stage 1,[D] Bite (20),"[3] Corner (50)
<br>The Defending Pokémon can't retreat during your opponent's next turn.",,Fx2,P-20,2,
189216,Krookodile,Krookodile,https://tcgplayer-cdn.tcgplayer.com/product/189216_200w.jpg,3,2420,https://cpt.tcgcsv.com/lJw2,2022-12-13T17:01:12.88,1,,0.15,0.3,1.49,0.3,,Normal,116/214,Rare,Darkness,150,Stage 2,"[3] Chomp Chomp Panic (50x)
<br>This attack does 50 damage for each C in your opponent's Active Pokémon's Retreat Cost.","[3D] Crunch (100)
<br>Discard an Energy from your opponent's Active Pokémon.",,Fx2,P-20,3,
189216,Krookodile,Krookodile,https://tcgplayer-cdn.tcgplayer.com/product/189216_200w.jpg,3,2420,https://cpt.tcgcsv.com/lJw2,2022-12-13T17:01:12.88,1,,0.29,0.57,2.0,0.54,,Reverse Holofoil,116/214,Rare,Darkness,150,Stage 2,"[3] Chomp Chomp Panic (50x)
<br>This attack does 50 damage for each C in your opponent's Active Pokémon's Retreat Cost.","[3D] Crunch (100)
<br>Discard an Energy from your opponent's Active Pokémon.",,Fx2,P-20,3,
189217,Greninja,Greninja,https://tcgplayer-cdn.tcgplayer.com/product/189217_200w.jpg,3,2420,https://cpt.tcgcsv.com/mJw2,2023-01-04T09:14:47.493,1,,18.98,24.49,29.99,7.93,,Reverse Holofoil,117/214,Holo Rare,Darkness,130,Stage 2,"[2] Bring Down
<br>The Pokémon that has the least HP remaining, except for this Pokémon, is Knocked Out. <em>(If multiple Pokémon are tied, choose one.)</em>","[DD] Mist Slash (70)
<br>This attack's damage isn't affected by Weakness, Resistance, or any other effects on your opponent's Active Pokémon.",,Fx2,P-20,0,
189217,Greninja,Greninja,https://tcgplayer-cdn.tcgplayer.com/product/189217_200w.jpg,3,2420,https://cpt.tcgcsv.com/mJw2,2023-01-04T09:14:47.493,1,,11.13,37.94,38.88,11.76,,Holofoil,117/214,Holo Rare,Darkness,130,Stage 2,"[2] Bring Down
<br>The Pokémon that has the least HP remaining, except for this Pokémon, is Knocked Out. <em>(If multiple Pokémon are tied, choose one.)</em>","[DD] Mist Slash (70)
<br>This attack's damage isn't affected by Weakness, Resistance, or any other effects on your opponent's Active Pokémon.",,Fx2,P-20,0,
189218,Inkay,Inkay,https://tcgplayer-cdn.tcgplayer.com/product/189218_200w.jpg,3,2420,https://cpt.tcgcsv.com/nJw2,2025-02-07T19:59:44.887,1,,0.06,0.25,1.49,0.24,,Reverse Holofoil,118/214,Common,Darkness,60,Basic,"[D] Perplex
<br>Your opponent's Active Pokémon is now Confused.",,,Fx2,P-20,1,
189218,Inkay,Inkay,https://tcgplayer-cdn.tcgplayer.com/product/189218_200w.jpg,3,2420,https://cpt.tcgcsv.com/nJw2,2025-02-07T19:59:44.887,1,,0.02,0.2,1.49,0.09,0.08,Normal,118/214,Common,Darkness,60,Basic,"[D] Perplex
<br>Your opponent's Active Pokémon is now Confused.",,,Fx2,P-20,1,
189219,Malamar,Malamar,https://tcgplayer-cdn.tcgplayer.com/product/189219_200w.jpg,3,2420,https://cpt.tcgcsv.com/pJw2,2022-12-13T17:01:39.96,1,,0.25,0.5,1.7,0.47,,Reverse Holofoil,119/214,Holo Rare,Darkness,100,Stage 1,"[D] Hypnotic Reign
<br>Your opponent reveals their hand. You may discard a Pokémon you find there and use one of that Pokémon's non-GX attacks as this attack.","[2D] Dark Pressure (80)
<br>Discard the top card of your opponent's deck.",,Fx2,P-20,1,
189219,Malamar,Malamar,https://tcgplayer-cdn.tcgplayer.com/product/189219_200w.jpg,3,2420,https://cpt.tcgcsv.com/pJw2,2022-12-13T17:01:39.96,1,,0.14,0.43,1.94,0.42,0.43,Holofoil,119/214,Holo Rare,Darkness,100,Stage 1,"[D] Hypnotic Reign
<br>Your opponent reveals their hand. You may discard a Pokémon you find there and use one of that Pokémon's non-GX attacks as this attack.","[2D] Dark Pressure (80)
<br>Discard the top card of your opponent's deck.",,Fx2,P-20,1,
189220,Alolan Diglett,Alolan Diglett,https://tcgplayer-cdn.tcgplayer.com/product/189220_200w.jpg,3,2420,https://cpt.tcgcsv.com/qJw2,2025-02-07T19:59:44.933,1,,0.04,0.19,1.49,0.17,,Normal,121/214,Common,Metal,50,Basic,Ram (10),,,Rx2,P-20,1,
189220,Alolan Diglett,Alolan Diglett,https://tcgplayer-cdn.tcgplayer.com/product/189220_200w.jpg,3,2420,https://cpt.tcgcsv.com/qJw2,2025-02-07T19:59:44.933,1,,0.12,0.34,1.56,0.34,,Reverse Holofoil,121/214,Common,Metal,50,Basic,Ram (10),,,Rx2,P-20,1,
189221,Alolan Dugtrio,Alolan Dugtrio,https://tcgplayer-cdn.tcgplayer.com/product/189221_200w.jpg,3,2420,https://cpt.tcgcsv.com/rJw2,2022-12-13T17:02:02.553,1,"<strong>Ability — Hair Wall</strong>
<br>Your Metal Pokémon take 10 less damage from your opponent's attacks <em>(after applying Weakness and Resistance)</em>.",0.15,0.42,1.49,0.42,,Normal,122/214,Rare,Metal,80,Stage 1,[1M] Hammer In (40),,,Rx2,P-20,1,
189221,Alolan Dugtrio,Alolan Dugtrio,https://tcgplayer-cdn.tcgplayer.com/product/189221_200w.jpg,3,2420,https://cpt.tcgcsv.com/rJw2,2022-12-13T17:02:02.553,1,"<strong>Ability — Hair Wall</strong>
<br>Your Metal Pokémon take 10 less damage from your opponent's attacks <em>(after applying Weakness and Resistance)</em>.",0.3,0.66,1.99,0.66,,Reverse Holofoil,122/214,Rare,Metal,80,Stage 1,[1M] Hammer In (40),,,Rx2,P-20,1,
189222,Aron,Aron,https://tcgplayer-cdn.tcgplayer.com/product/189222_200w.jpg,3,2420,https://cpt.tcgcsv.com/sJw2,2025-02-07T19:59:44.997,1,,0.04,0.2,1.49,0.14,,Normal,123/214,Common,Metal,60,Basic,"[M] Rigidify
<br>During your opponent's next turn, this Pokémon takes 30 less damage from attacks <em>(after applying Weakness and Resistance)</em>.",[1M] Metal Claw (20),,Rx2,P-20,1,
189222,Aron,Aron,https://tcgplayer-cdn.tcgplayer.com/product/189222_200w.jpg,3,2420,https://cpt.tcgcsv.com/sJw2,2025-02-07T19:59:44.997,1,,0.09,0.3,1.74,0.29,,Reverse Holofoil,123/214,Common,Metal,60,Basic,"[M] Rigidify
<br>During your opponent's next turn, this Pokémon takes 30 less damage from attacks <em>(after applying Weakness and Resistance)</em>.",[1M] Metal Claw (20),,Rx2,P-20,1,
189223,Lairon,Lairon,https://tcgplayer-cdn.tcgplayer.com/product/189223_200w.jpg,3,2420,https://cpt.tcgcsv.com/tJw2,2025-02-07T19:59:45.043,1,,0.03,0.2,1.49,0.12,,Normal,124/214,Uncommon,Metal,90,Stage 1,"[M] Rigidify
<br>During your opponent's next turn, this Pokémon takes 30 less damage from attacks <em>(after applying Weakness and Resistance)</em>.",[1MM] Headbutt (70),,Rx2,P-20,3,
189223,Lairon,Lairon,https://tcgplayer-cdn.tcgplayer.com/product/189223_200w.jpg,3,2420,https://cpt.tcgcsv.com/tJw2,2025-02-07T19:59:45.043,1,,0.09,0.36,0.99,0.34,,Reverse Holofoil,124/214,Uncommon,Metal,90,Stage 1,"[M] Rigidify
<br>During your opponent's next turn, this Pokémon takes 30 less damage from attacks <em>(after applying Weakness and Resistance)</em>.",[1MM] Headbutt (70),,Rx2,P-20,3,
189224,Aggron,Aggron,https://tcgplayer-cdn.tcgplayer.com/product/189224_200w.jpg,3,2420,https://cpt.tcgcsv.com/vJw2,2025-02-07T19:59:45.107,1,,0.3,0.54,1.56,0.54,,Reverse Holofoil,125/214,Rare,Metal,170,Stage 2,"[2M] Extra-Tight Press (80)
<br>During your opponent's next turn, if this Pokémon is damaged by an attack <em>(even if this Pokémon is Knocked Out)</em>, put 8 damage counters on the Attacking Pokémon.","[3M] Giga Impact (160)
<br>This Pokémon can't attack during your next turn.",,Rx2,P-20,4,
189224,Aggron,Aggron,https://tcgplayer-cdn.tcgplayer.com/product/189224_200w.jpg,3,2420,https://cpt.tcgcsv.com/vJw2,2025-02-07T19:59:45.107,1,,0.15,0.39,1.95,0.36,,Normal,125/214,Rare,Metal,170,Stage 2,"[2M] Extra-Tight Press (80)
<br>During your opponent's next turn, if this Pokémon is damaged by an attack <em>(even if this Pokémon is Knocked Out)</em>, put 8 damage counters on the Attacking Pokémon.","[3M] Giga Impact (160)
<br>This Pokémon can't attack during your next turn.",,Rx2,P-20,4,
189225,Lucario,Lucario,https://tcgplayer-cdn.tcgplayer.com/product/189225_200w.jpg,3,2420,https://cpt.tcgcsv.com/wJw2,2023-01-09T16:05:57.68,1,,0.46,0.91,4.99,0.91,4.99,Reverse Holofoil,126/214,Holo Rare,Metal,130,Stage 1,[1] Low Sweep (40),"[MM] Rush Up (60+)
<br>If you attached a Pokémon Tool card from your hand to this Pokémon during this turn, this attack does 70 more damage.",,Rx2,P-20,2,
189225,Lucario,Lucario,https://tcgplayer-cdn.tcgplayer.com/product/189225_200w.jpg,3,2420,https://cpt.tcgcsv.com/wJw2,2023-01-09T16:05:57.68,1,,0.15,0.92,5.99,0.91,,Holofoil,126/214,Holo Rare,Metal,130,Stage 1,[1] Low Sweep (40),"[MM] Rush Up (60+)
<br>If you attached a Pokémon Tool card from your hand to this Pokémon during this turn, this attack does 70 more damage.",,Rx2,P-20,2,
189226,Genesect,Genesect,https://tcgplayer-cdn.tcgplayer.com/product/189226_200w.jpg,3,2420,https://cpt.tcgcsv.com/xJw2,2025-02-07T19:59:45.153,1,"<strong>Ability — Fast-Flight Configuration</strong>
<br>If your opponent has any Pokémon-GX or Pokémon-EX in play, this Pokémon has no Retreat Cost.",0.13,0.34,3.0,0.35,,Normal,127/214,Rare,Metal,130,Basic,"[2M] Splitting Beam (30)
<br>This attack does 30 damage to 2 of your opponent's Benched Pokémon. <em>(Don't apply Weakness and Resistance for Benched Pokémon.)</em>",,,Rx2,P-20,2,
189226,Genesect,Genesect,https://tcgplayer-cdn.tcgplayer.com/product/189226_200w.jpg,3,2420,https://cpt.tcgcsv.com/xJw2,2025-02-07T19:59:45.153,1,"<strong>Ability — Fast-Flight Configuration</strong>
<br>If your opponent has any Pokémon-GX or Pokémon-EX in play, this Pokémon has no Retreat Cost.",0.2,0.5,1.55,0.5,,Reverse Holofoil,127/214,Rare,Metal,130,Basic,"[2M] Splitting Beam (30)
<br>This attack does 30 damage to 2 of your opponent's Benched Pokémon. <em>(Don't apply Weakness and Resistance for Benched Pokémon.)</em>",,,Rx2,P-20,2,
189227,Meltan,Meltan,https://tcgplayer-cdn.tcgplayer.com/product/189227_200w.jpg,3,2420,https://cpt.tcgcsv.com/zJw2,2025-02-07T19:59:45.2,1,,0.03,0.18,1.5,0.13,,Normal,128/214,Common,Metal,70,Basic,"[M] Steel Melt (10+)
<Br>If your opponent's Active Pokémon is a Metal Pokémon, this attack does 40 more damage.",,,Rx2,P-20,1,
189227,Meltan,Meltan,https://tcgplayer-cdn.tcgplayer.com/product/189227_200w.jpg,3,2420,https://cpt.tcgcsv.com/zJw2,2025-02-07T19:59:45.2,1,,0.1,0.29,1.51,0.26,,Reverse Holofoil,128/214,Common,Metal,70,Basic,"[M] Steel Melt (10+)
<Br>If your opponent's Active Pokémon is a Metal Pokémon, this attack does 40 more damage.",,,Rx2,P-20,1,
189228,Melmetal,Melmetal,https://tcgplayer-cdn.tcgplayer.com/product/189228_200w.jpg,3,2420,https://cpt.tcgcsv.com/BJw2,2022-12-13T17:03:34.827,1,"<strong>Ability — Name of Ability</strong>
<br>Once during your turn <em>(before your attack)</em>, you may discard a Metal Pokémon from your hand. Then, heal 100 damage from this Pokémon.",0.3,0.47,1.61,0.46,0.44,Reverse Holofoil,129/214,Holo Rare,Metal,150,Stage 1,[3M] Heavy Impact (130),,,Rx2,P-20,4,
189228,Melmetal,Melmetal,https://tcgplayer-cdn.tcgplayer.com/product/189228_200w.jpg,3,2420,https://cpt.tcgcsv.com/BJw2,2022-12-13T17:03:34.827,1,"<strong>Ability — Name of Ability</strong>
<br>Once during your turn <em>(before your attack)</em>, you may discard a Metal Pokémon from your hand. Then, heal 100 damage from this Pokémon.",0.25,0.51,1.99,0.52,0.3,Holofoil,129/214,Holo Rare,Metal,150,Stage 1,[3M] Heavy Impact (130),,,Rx2,P-20,4,
189229,Cleffa,Cleffa,https://tcgplayer-cdn.tcgplayer.com/product/189229_200w.jpg,3,2420,https://cpt.tcgcsv.com/CJw2,2025-02-07T19:59:45.263,1,"<strong>Ability — Excitable Draw</strong>
<br>Once during your turn <em>(before your attack)</em>, you may flip a coin. If heads, shuffle your hand into your deck and then draw 6 cards. If you use this Ability, your turn ends.",1.55,3.0,16.99,3.29,,Normal,131/214,Uncommon,Fairy,60,Basic,,,,None,None,0,
189230,Clefairy,Clefairy,https://tcgplayer-cdn.tcgplayer.com/product/189230_200w.jpg,3,2420,https://cpt.tcgcsv.com/DJw2,2022-12-13T17:03:56.7,1,,0.18,0.46,1.56,0.46,,Reverse Holofoil,132/214,Common,Fairy,60,Basic,"[1] Double Slap (10x)
<br>Flip 2 coins. This attack does 10 damage times the number of heads.",,,Mx2,D-20,1,
189230,Clefairy,Clefairy,https://tcgplayer-cdn.tcgplayer.com/product/189230_200w.jpg,3,2420,https://cpt.tcgcsv.com/DJw2,2022-12-13T17:03:56.7,1,,0.05,0.25,1.54,0.18,,Normal,132/214,Common,Fairy,60,Basic,"[1] Double Slap (10x)
<br>Flip 2 coins. This attack does 10 damage times the number of heads.",,,Mx2,D-20,1,
189231,Clefable,Clefable,https://tcgplayer-cdn.tcgplayer.com/product/189231_200w.jpg,3,2420,https://cpt.tcgcsv.com/FJw2,2022-12-13T17:04:02.793,1,,0.33,0.76,2.39,0.77,,Reverse Holofoil,133/214,Rare,Fairy,110,Stage 1,"[1] Moon-Watching Dance (10+)
<br>This attack does 30 more damage for each of your Pokémon that has any Y Energy attached to it.",,,Mx2,D-20,1,
189231,Clefable,Clefable,https://tcgplayer-cdn.tcgplayer.com/product/189231_200w.jpg,3,2420,https://cpt.tcgcsv.com/FJw2,2022-12-13T17:04:02.793,1,,0.3,0.5,1.61,0.46,0.46,Normal,133/214,Rare,Fairy,110,Stage 1,"[1] Moon-Watching Dance (10+)
<br>This attack does 30 more damage for each of your Pokémon that has any Y Energy attached to it.",,,Mx2,D-20,1,
189232,Jigglypuff,Jigglypuff,https://tcgplayer-cdn.tcgplayer.com/product/189232_200w.jpg,3,2420,https://cpt.tcgcsv.com/GJw2,2025-02-07T19:59:45.31,1,,0.6,0.99,2.22,0.78,,Reverse Holofoil,134/214,Common,Fairy,70,Basic,"[2] Ball Roll (20x)
<br>Flip a coin until you get tails. This attack does 20 damage times the number of heads.",,,Mx2,D-20,2,
189232,Jigglypuff,Jigglypuff,https://tcgplayer-cdn.tcgplayer.com/product/189232_200w.jpg,3,2420,https://cpt.tcgcsv.com/GJw2,2025-02-07T19:59:45.31,1,,0.29,0.47,3.95,0.48,,Normal,134/214,Common,Fairy,70,Basic,"[2] Ball Roll (20x)
<br>Flip a coin until you get tails. This attack does 20 damage times the number of heads.",,,Mx2,D-20,2,
189233,Wigglytuff,Wigglytuff,https://tcgplayer-cdn.tcgplayer.com/product/189233_200w.jpg,3,2420,https://cpt.tcgcsv.com/HJw2,2022-12-13T17:04:15.4,1,,0.44,1.01,6.43,0.99,,Normal,135/214,Rare,Fairy,110,Stage 1,"[1] Orb Polish
<br>Put 3 Energy cards from your discard pile into your hand.","[3] Sleepy Ball (80)
<br>Your opponent's Active Pokémon is now Asleep.",,Mx2,D-20,1,
189233,Wigglytuff,Wigglytuff,https://tcgplayer-cdn.tcgplayer.com/product/189233_200w.jpg,3,2420,https://cpt.tcgcsv.com/HJw2,2022-12-13T17:04:15.4,1,,1.32,2.45,2.5,1.92,,Reverse Holofoil,135/214,Rare,Fairy,110,Stage 1,"[1] Orb Polish
<br>Put 3 Energy cards from your discard pile into your hand.","[3] Sleepy Ball (80)
<br>Your opponent's Active Pokémon is now Asleep.",,Mx2,D-20,1,
189234,Togepi,Togepi,https://tcgplayer-cdn.tcgplayer.com/product/189234_200w.jpg,3,2420,https://cpt.tcgcsv.com/JJw2,2025-02-07T19:59:45.373,1,,0.05,0.34,1.95,0.41,,Normal,136/214,Common,Fairy,50,Basic,"[1] Daunt (10)
<br>During your opponent's next turn, the Defending Pokémon's attacks do 30 less damage <em>(before applying Weakness and Resistance)</em>.",,,Mx2,D-20,1,
189234,Togepi,Togepi,https://tcgplayer-cdn.tcgplayer.com/product/189234_200w.jpg,3,2420,https://cpt.tcgcsv.com/JJw2,2025-02-07T19:59:45.373,1,,0.36,0.6,4.99,0.6,,Reverse Holofoil,136/214,Common,Fairy,50,Basic,"[1] Daunt (10)
<br>During your opponent's next turn, the Defending Pokémon's attacks do 30 less damage <em>(before applying Weakness and Resistance)</em>.",,,Mx2,D-20,1,
189235,Togetic,Togetic,https://tcgplayer-cdn.tcgplayer.com/product/189235_200w.jpg,3,2420,https://cpt.tcgcsv.com/KJw2,2022-12-13T17:04:28.3,1,,0.67,0.93,2.99,0.87,,Reverse Holofoil,137/214,Uncommon,Fairy,80,Stage 1,"[1] Energy Present
<Br>Attach an Energy card from your hand to 1 of your Benched Pokémon.",[1Y] Magical Shot (30),,Mx2,D-20,1,
189235,Togetic,Togetic,https://tcgplayer-cdn.tcgplayer.com/product/189235_200w.jpg,3,2420,https://cpt.tcgcsv.com/KJw2,2022-12-13T17:04:28.3,1,,0.2,0.35,2.95,0.33,,Normal,137/214,Uncommon,Fairy,80,Stage 1,"[1] Energy Present
<Br>Attach an Energy card from your hand to 1 of your Benched Pokémon.",[1Y] Magical Shot (30),,Mx2,D-20,1,
189236,Togekiss,Togekiss,https://tcgplayer-cdn.tcgplayer.com/product/189236_200w.jpg,3,2420,https://cpt.tcgcsv.com/LJw2,2025-01-06T05:25:06.917,1,"<strong>Ability — Fairy Feast</strong>
<br>Once during your turn <em>(before your attack)</em>
, you may heal 30 damage from each of your Fairy Pokémon.",0.5,0.86,1.99,0.77,0.75,Holofoil,138/214,Holo Rare,Fairy,140,Stage 2,[1Y] Magical Shot (70),,,Mx2,D-20,1,
189236,Togekiss,Togekiss,https://tcgplayer-cdn.tcgplayer.com/product/189236_200w.jpg,3,2420,https://cpt.tcgcsv.com/LJw2,2025-01-06T05:25:06.917,1,"<strong>Ability — Fairy Feast</strong>
<br>Once during your turn <em>(before your attack)</em>
, you may heal 30 damage from each of your Fairy Pokémon.",0.5,0.99,2.99,1.27,,Reverse Holofoil,138/214,Holo Rare,Fairy,140,Stage 2,[1Y] Magical Shot (70),,,Mx2,D-20,1,
189237,Cottonee,Cottonee,https://tcgplayer-cdn.tcgplayer.com/product/189237_200w.jpg,3,2420,https://cpt.tcgcsv.com/MJw2,2025-02-07T19:59:45.42,1,,0.11,0.31,2.0,0.28,,Reverse Holofoil,139/214,Common,Fairy,50,Basic,"[Y] Expand (10)
<br>During your opponent's next turn, this Pokémon takes 10 less damage from attacks <em>(after applying Weakness and Resistance)</em>.",,,Mx2,D-20,1,
189237,Cottonee,Cottonee,https://tcgplayer-cdn.tcgplayer.com/product/189237_200w.jpg,3,2420,https://cpt.tcgcsv.com/MJw2,2025-02-07T19:59:45.42,1,,0.04,0.2,1.49,0.13,,Normal,139/214,Common,Fairy,50,Basic,"[Y] Expand (10)
<br>During your opponent's next turn, this Pokémon takes 10 less damage from attacks <em>(after applying Weakness and Resistance)</em>.",,,Mx2,D-20,1,
189238,Whimsicott GX,Whimsicott GX,https://tcgplayer-cdn.tcgplayer.com/product/189238_200w.jpg,3,2420,https://cpt.tcgcsv.com/NJw2,2022-12-13T17:04:46.063,1,"<strong>Ability — Fluffy Cotton</strong>
<br>If any damage is done to this Pokémon by attacks, flip a coin. If heads, prevent that damage.",1.5,2.75,17.3,2.52,3.25,Holofoil,140/214,Ultra Rare,Fairy,190,Stage 1,"[Y] Energy Blow (10+)
<br>This attack does 30 more damage times the amount of Energy attached to this Pokémon.","<span style=""color:Teal""><strong>[Y] Toy Box GX</strong>
<br>Search your deck for up to 5 cards and put them into your hand. Then, shuffle your deck. <em>(You can't use more than 1 GX attack in a game.)</em></span>",,Mx2,D-20,1,
189239,Whimsicott GX (Full Art),Whimsicott GX Full Art,https://tcgplayer-cdn.tcgplayer.com/product/189239_200w.jpg,3,2420,https://cpt.tcgcsv.com/PJw2,2022-12-13T17:18:04.497,1,"<strong>Ability — Fluffy Cotton</strong>
<br>If any damage is done to this Pokémon by attacks, flip a coin. If heads, prevent that damage.",26.83,39.99,50.7,6.47,50.7,Holofoil,206/214,Ultra Rare,Fairy,190,Stage 1,"[Y] Energy Blow (10+)
<br>This attack does 30 more damage times the amount of Energy attached to this Pokémon.","<span style=""color:Teal""><strong>[Y] Toy Box GX</strong>
<br>Search your deck for up to 5 cards and put them into your hand. Then, shuffle your deck. <em>(You can't use more than 1 GX attack in a game.)</em></span>",,Mx2,D-20,1,
189240,Whimsicott GX (Secret),Whimsicott GX Secret,https://tcgplayer-cdn.tcgplayer.com/product/189240_200w.jpg,3,2420,https://cpt.tcgcsv.com/QJw2,2022-12-13T17:21:02.417,1,"<strong>Ability — Fluffy Cotton</strong>
<br>If any damage is done to this Pokémon by attacks, flip a coin. If heads, prevent that damage.",8.63,22.11,49.74,11.76,,Holofoil,226/214,Secret Rare,Fairy,190,Stage 1,"[Y] Energy Blow (10+)
<br>This attack does 30 more damage times the amount of Energy attached to this Pokémon.","<span style=""color:Teal""><strong>[Y] Toy Box GX</strong>
<br>Search your deck for up to 5 cards and put them into your hand. Then, shuffle your deck. <em>(You can't use more than 1 GX attack in a game.)</em></span>",,Mx2,D-20,1,
189241,Spritzee,Spritzee,https://tcgplayer-cdn.tcgplayer.com/product/189241_200w.jpg,3,2420,https://cpt.tcgcsv.com/RJw2,2025-02-07T19:59:45.813,1,,0.05,0.21,1.49,0.19,,Normal,141/214,Common,Fairy,60,Basic,"[1] Nap
<br>Heal 20 damage from this Pokémon.",[Y] Fairy Wind (10),,Mx2,D-20,1,
189241,Spritzee,Spritzee,https://tcgplayer-cdn.tcgplayer.com/product/189241_200w.jpg,3,2420,https://cpt.tcgcsv.com/RJw2,2025-02-07T19:59:45.813,1,,0.17,0.37,1.53,0.37,,Reverse Holofoil,141/214,Common,Fairy,60,Basic,"[1] Nap
<br>Heal 20 damage from this Pokémon.",[Y] Fairy Wind (10),,Mx2,D-20,1,
189242,Aromatisse,Aromatisse,https://tcgplayer-cdn.tcgplayer.com/product/189242_200w.jpg,3,2420,https://cpt.tcgcsv.com/SJw2,2022-12-13T17:04:59.933,1,,0.7,1.0,2.1,0.82,0.98,Reverse Holofoil,142/214,Rare,Fairy,90,Stage 1,"[Y] Pungent Aroma
<br>Flip 2 coins. If either of them is heads, your opponent reveals their hand. For each heads, choose a card you find there. Your opponent shuffles those cards into their deck.","[2] Miraculous Cologne
<br>Flip a coin. If heads, choose a Special Condition. Your opponent's Active Pokémon is now affected by that Special Condition.",,Mx2,D-20,1,
189242,Aromatisse,Aromatisse,https://tcgplayer-cdn.tcgplayer.com/product/189242_200w.jpg,3,2420,https://cpt.tcgcsv.com/SJw2,2022-12-13T17:04:59.933,1,,0.25,0.65,1.25,0.66,,Normal,142/214,Rare,Fairy,90,Stage 1,"[Y] Pungent Aroma
<br>Flip 2 coins. If either of them is heads, your opponent reveals their hand. For each heads, choose a card you find there. Your opponent shuffles those cards into their deck.","[2] Miraculous Cologne
<br>Flip a coin. If heads, choose a Special Condition. Your opponent's Active Pokémon is now affected by that Special Condition.",,Mx2,D-20,1,
189243,Rattata,Rattata,https://tcgplayer-cdn.tcgplayer.com/product/189243_200w.jpg,3,2420,https://cpt.tcgcsv.com/TJw2,2025-02-07T19:59:45.89,1,,0.04,0.18,1.49,0.16,,Normal,143/214,Common,Colorless,30,Basic,[1] Gnaw (30),,,Fx2,None,1,
189243,Rattata,Rattata,https://tcgplayer-cdn.tcgplayer.com/product/189243_200w.jpg,3,2420,https://cpt.tcgcsv.com/TJw2,2025-02-07T19:59:45.89,1,,0.09,0.29,2.0,0.29,,Reverse Holofoil,143/214,Common,Colorless,30,Basic,[1] Gnaw (30),,,Fx2,None,1,
189244,Raticate,Raticate,https://tcgplayer-cdn.tcgplayer.com/product/189244_200w.jpg,3,2420,https://cpt.tcgcsv.com/VJw2,2022-12-13T17:05:13.393,1,,0.04,0.17,1.49,0.16,,Normal,144/214,Uncommon,Colorless,70,Stage 1,"[2] Escaping Incisors (70)
<br>If your opponent's Active Pokémon is an Evolution Pokémon, switch this Pokémon with 1 of your Benched Pokémon.",,,Fx2,None,1,
189244,Raticate,Raticate,https://tcgplayer-cdn.tcgplayer.com/product/189244_200w.jpg,3,2420,https://cpt.tcgcsv.com/VJw2,2022-12-13T17:05:13.393,1,,0.09,0.37,1.5,0.32,,Reverse Holofoil,144/214,Uncommon,Colorless,70,Stage 1,"[2] Escaping Incisors (70)
<br>If your opponent's Active Pokémon is an Evolution Pokémon, switch this Pokémon with 1 of your Benched Pokémon.",,,Fx2,None,1,
189245,Spearow,Spearow,https://tcgplayer-cdn.tcgplayer.com/product/189245_200w.jpg,3,2420,https://cpt.tcgcsv.com/WJw2,2025-02-07T19:59:45.953,1,,0.03,0.15,1.49,0.11,0.05,Normal,145/214,Common,Colorless,60,Basic,[1] Glide (10),[2] Speed Drive (20),,Lx2,F-20,1,
189245,Spearow,Spearow,https://tcgplayer-cdn.tcgplayer.com/product/189245_200w.jpg,3,2420,https://cpt.tcgcsv.com/WJw2,2025-02-07T19:59:45.953,1,,0.09,0.32,1.49,0.32,,Reverse Holofoil,145/214,Common,Colorless,60,Basic,[1] Glide (10),[2] Speed Drive (20),,Lx2,F-20,1,
189246,Fearow,Fearow,https://tcgplayer-cdn.tcgplayer.com/product/189246_200w.jpg,3,2420,https://cpt.tcgcsv.com/XJw2,2025-02-07T19:59:46.03,1,,0.05,0.2,1.49,0.17,,Normal,146/214,Uncommon,Colorless,100,Stage 1,"[2] Drill Run Double (70)
<br>Flip a coin. If heads, discard 2 Energy from your opponent's Active Pokémon.",,,Lx2,F-20,1,
189246,Fearow,Fearow,https://tcgplayer-cdn.tcgplayer.com/product/189246_200w.jpg,3,2420,https://cpt.tcgcsv.com/XJw2,2025-02-07T19:59:46.03,1,,0.25,0.38,1.61,0.34,,Reverse Holofoil,146/214,Uncommon,Colorless,100,Stage 1,"[2] Drill Run Double (70)
<br>Flip a coin. If heads, discard 2 Energy from your opponent's Active Pokémon.",,,Lx2,F-20,1,
189247,Meowth,Meowth,https://tcgplayer-cdn.tcgplayer.com/product/189247_200w.jpg,3,2420,https://cpt.tcgcsv.com/ZJw2,2022-12-13T17:05:33.197,1,,0.08,0.3,1.5,0.29,0.29,Normal,147/214,Common,Colorless,60,Basic,"[1] Caturday
<br>Draw 2 cards. This Pokémon is now Asleep.",[2] Tail Whip (30),,Fx2,None,1,
189247,Meowth,Meowth,https://tcgplayer-cdn.tcgplayer.com/product/189247_200w.jpg,3,2420,https://cpt.tcgcsv.com/ZJw2,2022-12-13T17:05:33.197,1,,0.25,0.76,2.0,1.05,,Reverse Holofoil,147/214,Common,Colorless,60,Basic,"[1] Caturday
<br>Draw 2 cards. This Pokémon is now Asleep.",[2] Tail Whip (30),,Fx2,None,1,
189248,Persian,Persian,https://tcgplayer-cdn.tcgplayer.com/product/189248_200w.jpg,3,2420,https://cpt.tcgcsv.com/-Jw2,2025-02-07T19:59:46.093,1,"<strong>Ability — Gathering of Cats</strong>
<br>Ignore all Energy in the attack cost of each of your Pokémon in play that has the Caturday attack.",0.15,0.53,1.94,0.53,,Reverse Holofoil,148/214,Rare,Colorless,100,Stage 1,[3] Claw Slash (90),,,Fx2,None,0,
189248,Persian,Persian,https://tcgplayer-cdn.tcgplayer.com/product/189248_200w.jpg,3,2420,https://cpt.tcgcsv.com/-Jw2,2025-02-07T19:59:46.093,1,"<strong>Ability — Gathering of Cats</strong>
<br>Ignore all Energy in the attack cost of each of your Pokémon in play that has the Caturday attack.",0.15,0.36,1.49,0.37,,Normal,148/214,Rare,Colorless,100,Stage 1,[3] Claw Slash (90),,,Fx2,None,0,
189249,Persian GX,Persian GX,https://tcgplayer-cdn.tcgplayer.com/product/189249_200w.jpg,3,2420,https://cpt.tcgcsv.com/_Jw2,2022-12-13T17:05:54.967,1,"<strong>Ability — Cat Walk</strong>
<br>Once during your turn <em>(before your attack)</em>, if 1 of your Pokémon-GX or Pokémon-EX was Knocked Out during your opponent's last turn, you may search your deck for up to 2 cards and put them into your hand. Then, shuffle your deck. You can't use more than 1 Cat Walk Ability each turn.",1.0,2.25,7.0,2.18,2.31,Holofoil,149/214,Ultra Rare,Colorless,200,Stage 1,"[3] Vengeance (10+)
<br>This attack does 20 more damage for each Pokémon in your discard pile. You can't add more than 180 damage in this way.","<span style=""color:Teal""><strong>[3] Slash Back GX (150)</strong>
<br>Switch this Pokémon with 1 of your Benched Pokémon. <em>(You can't use more than 1 GX attack in a game.)</em></span>",,Fx2,None,2,
189250,Persian GX (Full Art),Persian GX Full Art,https://tcgplayer-cdn.tcgplayer.com/product/189250_200w.jpg,3,2420,https://cpt.tcgcsv.com/0Kw2,2023-01-04T11:13:02.1,1,"<strong>Ability — Cat Walk</strong>
<br>Once during your turn <em>(before your attack)</em>, if 1 of your Pokémon-GX or Pokémon-EX was Knocked Out during your opponent's last turn, you may search your deck for up to 2 cards and put them into your hand. Then, shuffle your deck. You can't use more than 1 Cat Walk Ability each turn.",4.71,6.64,20.0,5.55,,Holofoil,207/214,Ultra Rare,Colorless,200,Stage 1,"[3] Vengeance (10+)
<br>This attack does 20 more damage for each Pokémon in your discard pile. You can't add more than 180 damage in this way.","<span style=""color:Teal""><strong>[3] Slash Back GX (150)</strong>
<br>Switch this Pokémon with 1 of your Benched Pokémon. <em>(You can't use more than 1 GX attack in a game.)</em></span>",,Fx2,None,2,
189251,Persian GX (Secret),Persian GX Secret,https://tcgplayer-cdn.tcgplayer.com/product/189251_200w.jpg,3,2420,https://cpt.tcgcsv.com/2Kw2,2022-12-13T17:21:09.34,1,"<strong>Ability — Cat Walk</strong>
<br>Once during your turn <em>(before your attack)</em>, if 1 of your Pokémon-GX or Pokémon-EX was Knocked Out during your opponent's last turn, you may search your deck for up to 2 cards and put them into your hand. Then, shuffle your deck. You can't use more than 1 Cat Walk Ability each turn.",15.5,17.0,9999.95,16.71,,Holofoil,227/214,Secret Rare,Colorless,200,Stage 1,"[3] Vengeance (10+)
<br>This attack does 20 more damage for each Pokémon in your discard pile. You can't add more than 180 damage in this way.","<span style=""color:Teal""><strong>[3] Slash Back GX (150)</strong>
<br>Switch this Pokémon with 1 of your Benched Pokémon. <em>(You can't use more than 1 GX attack in a game.)</em></span>",,Fx2,None,2,
189252,Doduo,Doduo,https://tcgplayer-cdn.tcgplayer.com/product/189252_200w.jpg,3,2420,https://cpt.tcgcsv.com/3Kw2,2023-04-10T10:59:28.727,1,,0.09,0.3,2.0,0.25,,Reverse Holofoil,150/214,Common,Colorless,70,Basic,[1] Peck (10),"[2] Double Peck (20x)
<Br>Flip 2 coins. This attack does 20 damage times the number of heads.",,Lx2,F-20,1,
189252,Doduo,Doduo,https://tcgplayer-cdn.tcgplayer.com/product/189252_200w.jpg,3,2420,https://cpt.tcgcsv.com/3Kw2,2023-04-10T10:59:28.727,1,,0.03,0.19,1.49,0.14,0.05,Normal,150/214,Common,Colorless,70,Basic,[1] Peck (10),"[2] Double Peck (20x)
<Br>Flip 2 coins. This attack does 20 damage times the number of heads.",,Lx2,F-20,1,
189253,Dodrio,Dodrio,https://tcgplayer-cdn.tcgplayer.com/product/189253_200w.jpg,3,2420,https://cpt.tcgcsv.com/5Kw2,2022-12-13T17:09:56.213,1,,0.09,0.2,1.49,0.18,,Normal,151/214,Uncommon,Colorless,100,Stage 1,"[2] Tri Attack (60x)
<br>Flip 3 coins. This attack does 60 damage for each heads.","[2] Accelerating Stab (90)
<br>This Pokémon can't use Accelerating Stab during your next turn.",,Lx2,F-20,0,
189253,Dodrio,Dodrio,https://tcgplayer-cdn.tcgplayer.com/product/189253_200w.jpg,3,2420,https://cpt.tcgcsv.com/5Kw2,2022-12-13T17:09:56.213,1,,0.24,0.36,2.55,0.36,,Reverse Holofoil,151/214,Uncommon,Colorless,100,Stage 1,"[2] Tri Attack (60x)
<br>Flip 3 coins. This attack does 60 damage for each heads.","[2] Accelerating Stab (90)
<br>This Pokémon can't use Accelerating Stab during your next turn.",,Lx2,F-20,0,
189254,Lickitung,Lickitung,https://tcgplayer-cdn.tcgplayer.com/product/189254_200w.jpg,3,2420,https://cpt.tcgcsv.com/6Kw2,2025-02-07T19:59:46.14,1,,0.1,0.33,1.49,0.31,,Reverse Holofoil,152/214,Common,Colorless,90,Basic,"[2] Lick (30)
<br>Flip a coin. If heads, your opponent's Active Pokémon is now Paralyzed.",,,Fx2,None,2,
189254,Lickitung,Lickitung,https://tcgplayer-cdn.tcgplayer.com/product/189254_200w.jpg,3,2420,https://cpt.tcgcsv.com/6Kw2,2025-02-07T19:59:46.14,1,,0.04,0.2,1.49,0.13,,Normal,152/214,Common,Colorless,90,Basic,"[2] Lick (30)
<br>Flip a coin. If heads, your opponent's Active Pokémon is now Paralyzed.",,,Fx2,None,2,
189255,Lickilicky,Lickilicky,https://tcgplayer-cdn.tcgplayer.com/product/189255_200w.jpg,3,2420,https://cpt.tcgcsv.com/7Kw2,2022-12-13T17:10:15.493,1,,0.15,0.28,1.49,0.27,0.23,Normal,153/214,Rare,Colorless,130,Stage 1,"[2] Eat Up (40)
<br>Before doing damage, discard all Pokémon Tool cards from your opponent's Active Pokémon. If you discarded a Pokémon Tool card in this way, heal all damage from this Pokémon.","[3] Tonguenado (60x)
<br>Flip 4 coins. This attack does 60 damage for each heads.",,Fx2,None,4,
189255,Lickilicky,Lickilicky,https://tcgplayer-cdn.tcgplayer.com/product/189255_200w.jpg,3,2420,https://cpt.tcgcsv.com/7Kw2,2022-12-13T17:10:15.493,1,,0.13,0.53,1.5,0.53,,Reverse Holofoil,153/214,Rare,Colorless,130,Stage 1,"[2] Eat Up (40)
<br>Before doing damage, discard all Pokémon Tool cards from your opponent's Active Pokémon. If you discarded a Pokémon Tool card in this way, heal all damage from this Pokémon.","[3] Tonguenado (60x)
<br>Flip 4 coins. This attack does 60 damage for each heads.",,Fx2,None,4,
189256,Porygon (154),Porygon 154,https://tcgplayer-cdn.tcgplayer.com/product/189256_200w.jpg,3,2420,https://cpt.tcgcsv.com/8Kw2,2022-12-13T17:10:22.687,1,,0.11,0.35,1.49,0.32,,Reverse Holofoil,154/214,Common,Colorless,50,Basic,"[1] Digicharge
<br>Flip 3 coins. For each heads, search your deck for an Energy card, reveal it, and put it into your hand. Then, shuffle your deck.",[1] Sharp Point (10),,Fx2,None,1,
189256,Porygon (154),Porygon 154,https://tcgplayer-cdn.tcgplayer.com/product/189256_200w.jpg,3,2420,https://cpt.tcgcsv.com/8Kw2,2022-12-13T17:10:22.687,1,,0.05,0.2,1.49,0.19,,Normal,154/214,Common,Colorless,50,Basic,"[1] Digicharge
<br>Flip 3 coins. For each heads, search your deck for an Energy card, reveal it, and put it into your hand. Then, shuffle your deck.",[1] Sharp Point (10),,Fx2,None,1,
189257,Porygon (155),Porygon 155,https://tcgplayer-cdn.tcgplayer.com/product/189257_200w.jpg,3,2420,https://cpt.tcgcsv.com/9Kw2,2022-12-13T17:10:30.523,1,,0.1,0.22,1.49,0.18,,Normal,155/214,Common,Colorless,60,Basic,"[1] Quick Draw
<br>Draw a card.",[2] Ram (20),,Fx2,None,1,
189257,Porygon (155),Porygon 155,https://tcgplayer-cdn.tcgplayer.com/product/189257_200w.jpg,3,2420,https://cpt.tcgcsv.com/9Kw2,2022-12-13T17:10:30.523,1,,0.1,0.45,2.0,0.49,0.35,Reverse Holofoil,155/214,Common,Colorless,60,Basic,"[1] Quick Draw
<br>Draw a card.",[2] Ram (20),,Fx2,None,1,
189258,Porygon2,Porygon2,https://tcgplayer-cdn.tcgplayer.com/product/189258_200w.jpg,3,2420,https://cpt.tcgcsv.com/bKw2,2022-12-13T17:10:41.363,1,,0.5,0.86,2.99,0.87,,Reverse Holofoil,156/214,Uncommon,Colorless,80,Stage 1,"[1] Double Draw
<br>Draw 2 cards.",[2] Spinning Attack (30),,Fx2,None,2,
189258,Porygon2,Porygon2,https://tcgplayer-cdn.tcgplayer.com/product/189258_200w.jpg,3,2420,https://cpt.tcgcsv.com/bKw2,2022-12-13T17:10:41.363,1,,0.09,0.29,1.49,0.29,0.25,Normal,156/214,Uncommon,Colorless,80,Stage 1,"[1] Double Draw
<br>Draw 2 cards.",[2] Spinning Attack (30),,Fx2,None,2,
189259,Porygon-Z,Porygon Z,https://tcgplayer-cdn.tcgplayer.com/product/189259_200w.jpg,3,2420,https://cpt.tcgcsv.com/cKw2,2022-12-13T17:10:48.783,1,"<strong>Ability — Crazy Code</strong>
<br>As often as you like during your turn <em>(before your attack)</em>, you may attach a Special Energy card from your hand to 1 of your Pokémon.",1.0,1.31,13.99,1.25,,Holofoil,157/214,Holo Rare,Colorless,130,Stage 2,"[3] Tantrum (120)
<br>This Pokémon is now Confused.",,,Fx2,None,2,
189259,Porygon-Z,Porygon Z,https://tcgplayer-cdn.tcgplayer.com/product/189259_200w.jpg,3,2420,https://cpt.tcgcsv.com/cKw2,2022-12-13T17:10:48.783,1,"<strong>Ability — Crazy Code</strong>
<br>As often as you like during your turn <em>(before your attack)</em>, you may attach a Special Energy card from your hand to 1 of your Pokémon.",0.99,1.64,8.99,1.63,,Reverse Holofoil,157/214,Holo Rare,Colorless,130,Stage 2,"[3] Tantrum (120)
<br>This Pokémon is now Confused.",,,Fx2,None,2,
189260,Snorlax,Snorlax,https://tcgplayer-cdn.tcgplayer.com/product/189260_200w.jpg,3,2420,https://cpt.tcgcsv.com/dKw2,2023-05-13T06:41:13.893,1,"<strong>Ability — Lazy Eating</strong>
<br>Between turns, heal 10 damage from this Pokémon.",23.5,28.99,37.99,28.01,,Reverse Holofoil,158/214,Holo Rare,Colorless,150,Basic,"[3] Big Counter (60+)
<br>If your opponent's Active Pokémon is a Tag Team, this attack does 120 more damage.",,,Fx2,None,4,
189260,Snorlax,Snorlax,https://tcgplayer-cdn.tcgplayer.com/product/189260_200w.jpg,3,2420,https://cpt.tcgcsv.com/dKw2,2023-05-13T06:41:13.893,1,"<strong>Ability — Lazy Eating</strong>
<br>Between turns, heal 10 damage from this Pokémon.",27.0,29.87,34.08,35.22,,Holofoil,158/214,Holo Rare,Colorless,150,Basic,"[3] Big Counter (60+)
<br>If your opponent's Active Pokémon is a Tag Team, this attack does 120 more damage.",,,Fx2,None,4,
189261,Glameow,Glameow,https://tcgplayer-cdn.tcgplayer.com/product/189261_200w.jpg,3,2420,https://cpt.tcgcsv.com/fKw2,2025-02-07T19:59:46.203,1,,0.05,0.2,1.49,0.19,,Normal,159/214,Common,Colorless,60,Basic,"[1] Caturday 
<Br>Draw a card. If you do, this Pokémon is now Asleep.","[3] Boing Boing Tail 
<Br>This attack does 60 damage to 1 of your opponent's Pokémon-GX or Pokémon-EX. <em>(Don't apply Weakness and Resistance for Benched Pokémon.)</em>",,Fx2,None,1,
189261,Glameow,Glameow,https://tcgplayer-cdn.tcgplayer.com/product/189261_200w.jpg,3,2420,https://cpt.tcgcsv.com/fKw2,2025-02-07T19:59:46.203,1,,0.09,0.39,1.99,0.41,,Reverse Holofoil,159/214,Common,Colorless,60,Basic,"[1] Caturday 
<Br>Draw a card. If you do, this Pokémon is now Asleep.","[3] Boing Boing Tail 
<Br>This attack does 60 damage to 1 of your opponent's Pokémon-GX or Pokémon-EX. <em>(Don't apply Weakness and Resistance for Benched Pokémon.)</em>",,Fx2,None,1,
189262,Purugly,Purugly,https://tcgplayer-cdn.tcgplayer.com/product/189262_200w.jpg,3,2420,https://cpt.tcgcsv.com/gKw2,2022-12-13T17:11:08.177,1,,0.14,0.41,1.49,0.42,,Normal,160/214,Rare,Colorless,120,Stage 1,"[2] Stray Cat Dash (30)
<br>Discard a random card from your opponent's hand. If this Pokémon evolved from Glameow during this turn, discard 2 cards instead of 1.",[3] Lunge Out (80),,Fx2,None,3,
189262,Purugly,Purugly,https://tcgplayer-cdn.tcgplayer.com/product/189262_200w.jpg,3,2420,https://cpt.tcgcsv.com/gKw2,2022-12-13T17:11:08.177,1,,0.25,0.68,1.99,0.68,,Reverse Holofoil,160/214,Rare,Colorless,120,Stage 1,"[2] Stray Cat Dash (30)
<br>Discard a random card from your opponent's hand. If this Pokémon evolved from Glameow during this turn, discard 2 cards instead of 1.",[3] Lunge Out (80),,Fx2,None,3,
189263,Happiny,Happiny,https://tcgplayer-cdn.tcgplayer.com/product/189263_200w.jpg,3,2420,https://cpt.tcgcsv.com/hKw2,2024-09-01T15:24:24.1,1,"<strong>Ability — Playhouse Heal</strong>
<br>Once during your turn <em>(before your attack)</em> you may flip a coin. If heads, heal 60 damage from 1 of your Pokémon. If you use this Ability, your turn ends.",0.2,0.44,2.5,0.47,,Normal,161/214,Uncommon,Colorless,60,Basic,,,,None,None,0,
189263,Happiny,Happiny,https://tcgplayer-cdn.tcgplayer.com/product/189263_200w.jpg,3,2420,https://cpt.tcgcsv.com/hKw2,2024-09-01T15:24:24.1,1,"<strong>Ability — Playhouse Heal</strong>
<br>Once during your turn <em>(before your attack)</em> you may flip a coin. If heads, heal 60 damage from 1 of your Pokémon. If you use this Ability, your turn ends.",1.9,2.99,9.98,1.94,,Reverse Holofoil,161/214,Uncommon,Colorless,60,Basic,,,,None,None,0,
189264,Chatot,Chatot,https://tcgplayer-cdn.tcgplayer.com/product/189264_200w.jpg,3,2420,https://cpt.tcgcsv.com/jKw2,2025-02-07T19:59:46.313,1,,0.1,0.31,1.49,0.29,,Reverse Holofoil,162/214,Uncommon,Colorless,70,Basic,"[1] Mimic
<br>Shuffle your hand into your deck. Then, draw a card for each card in your opponent's hand.","[1] Tone-Deaf (10)
<br>Your opponent's Active Pokémon is now Confused.",,Lx2,F-20,1,
189264,Chatot,Chatot,https://tcgplayer-cdn.tcgplayer.com/product/189264_200w.jpg,3,2420,https://cpt.tcgcsv.com/jKw2,2025-02-07T19:59:46.313,1,,0.03,0.2,1.49,0.11,,Normal,162/214,Uncommon,Colorless,70,Basic,"[1] Mimic
<br>Shuffle your hand into your deck. Then, draw a card for each card in your opponent's hand.","[1] Tone-Deaf (10)
<br>Your opponent's Active Pokémon is now Confused.",,Lx2,F-20,1,
189265,Chip-Chip Ice Axe,Chip Chip Ice Axe,https://tcgplayer-cdn.tcgplayer.com/product/189265_200w.jpg,3,2420,https://cpt.tcgcsv.com/kKw2,2025-02-07T19:59:46.363,1,"Look at the top 3 cards of your opponent's deck and choose 1 of them. Your opponent shuffles the other cards back into their deck. Then, put the card you chose on top of their deck.",0.05,0.2,1.49,0.1,0.05,Normal,165/214,Uncommon,Item,,,,,,,,,
189265,Chip-Chip Ice Axe,Chip Chip Ice Axe,https://tcgplayer-cdn.tcgplayer.com/product/189265_200w.jpg,3,2420,https://cpt.tcgcsv.com/kKw2,2025-02-07T19:59:46.363,1,"Look at the top 3 cards of your opponent's deck and choose 1 of them. Your opponent shuffles the other cards back into their deck. Then, put the card you chose on top of their deck.",0.1,0.33,2.0,0.32,,Reverse Holofoil,165/214,Uncommon,Item,,,,,,,,,
189266,Devolution Spray Z,Devolution Spray Z,https://tcgplayer-cdn.tcgplayer.com/product/189266_200w.jpg,3,2420,https://cpt.tcgcsv.com/lKw2,2022-12-13T17:11:57.043,1,Devolve 1 of your evolved Pokémon by shuffling any number of Evolution cards on it into your deck. <em>(That Pokémon can't evolve this turn.)</em>,0.01,0.2,1.49,0.12,0.1,Normal,166/214,Uncommon,Item,,,,,,,,,
189266,Devolution Spray Z,Devolution Spray Z,https://tcgplayer-cdn.tcgplayer.com/product/189266_200w.jpg,3,2420,https://cpt.tcgcsv.com/lKw2,2022-12-13T17:11:57.043,1,Devolve 1 of your evolved Pokémon by shuffling any number of Evolution cards on it into your deck. <em>(That Pokémon can't evolve this turn.)</em>,0.1,0.33,1.55,0.26,,Reverse Holofoil,166/214,Uncommon,Item,,,,,,,,,
189267,Dusk Stone,Dusk Stone,https://tcgplayer-cdn.tcgplayer.com/product/189267_200w.jpg,3,2420,https://cpt.tcgcsv.com/mKw2,2022-12-13T17:12:02.927,1,"Search your deck for a Mismagius, Honchkrow, Chandelure, or Aegislash, including Pokémon-GX, that evolves from 1 of your Pokémon in play, and put it onto that Pokémon to evolve it. Then, shuffle your deck. You can use this card during your first turn or on a Pokémon that was put into play this turn.",0.01,0.22,1.49,0.17,,Normal,167/214,Uncommon,Item,,,,,,,,,
189267,Dusk Stone,Dusk Stone,https://tcgplayer-cdn.tcgplayer.com/product/189267_200w.jpg,3,2420,https://cpt.tcgcsv.com/mKw2,2022-12-13T17:12:02.927,1,"Search your deck for a Mismagius, Honchkrow, Chandelure, or Aegislash, including Pokémon-GX, that evolves from 1 of your Pokémon in play, and put it onto that Pokémon to evolve it. Then, shuffle your deck. You can use this card during your first turn or on a Pokémon that was put into play this turn.",0.09,0.51,4.0,0.51,,Reverse Holofoil,167/214,Uncommon,Item,,,,,,,,,
189268,Dust Island,Dust Island,https://tcgplayer-cdn.tcgplayer.com/product/189268_200w.jpg,3,2420,https://cpt.tcgcsv.com/nKw2,2022-12-13T17:12:08.747,1,"Whenever either player switches their Poisoned Active Pokémon with 1 of their Benched Pokémon with the effect of a Trainer card, the new Active Pokémon is now affected by that Special Condition.",0.09,0.25,1.49,0.2,,Normal,168/214,Uncommon,Stadium,,,,,,,,,
189268,Dust Island,Dust Island,https://tcgplayer-cdn.tcgplayer.com/product/189268_200w.jpg,3,2420,https://cpt.tcgcsv.com/nKw2,2022-12-13T17:12:08.747,1,"Whenever either player switches their Poisoned Active Pokémon with 1 of their Benched Pokémon with the effect of a Trainer card, the new Active Pokémon is now affected by that Special Condition.",0.11,0.45,1.47,0.36,,Reverse Holofoil,168/214,Uncommon,Stadium,,,,,,,,,
189269,Electromagnetic Radar,Electromagnetic Radar,https://tcgplayer-cdn.tcgplayer.com/product/189269_200w.jpg,3,2420,https://cpt.tcgcsv.com/pKw2,2022-12-13T17:12:15.263,1,"You can play this card only if you discard 2 other cards from your hand.
<br>Search your deck for up to 2 in any combination of Lightning Pokémon-GX and Lightning Pokémon-EX, reveal them, and put them into your hand. Then, shuffle your deck.",0.03,0.2,1.49,0.12,0.08,Normal,169/214,Uncommon,Item,,,,,,,,,
189269,Electromagnetic Radar,Electromagnetic Radar,https://tcgplayer-cdn.tcgplayer.com/product/189269_200w.jpg,3,2420,https://cpt.tcgcsv.com/pKw2,2022-12-13T17:12:15.263,1,"You can play this card only if you discard 2 other cards from your hand.
<br>Search your deck for up to 2 in any combination of Lightning Pokémon-GX and Lightning Pokémon-EX, reveal them, and put them into your hand. Then, shuffle your deck.",0.1,0.35,1.49,0.34,0.32,Reverse Holofoil,169/214,Uncommon,Item,,,,,,,,,
189270,Electromagnetic Radar (Secret),Electromagnetic Radar Secret,https://tcgplayer-cdn.tcgplayer.com/product/189270_200w.jpg,3,2420,https://cpt.tcgcsv.com/qKw2,2022-12-13T17:21:31.823,1,"You can play this card only if you discard 2 other cards from your hand.
<br>Search your deck for up to 2 in any combination of Lightning Pokémon-GX and Lightning Pokémon-EX, reveal them, and put them into your hand. Then, shuffle your deck.",3.44,4.0,9.99,3.86,3.58,Holofoil,230/214,Secret Rare,Item,,,,,,,,,
189271,Energy Spinner,Energy Spinner,https://tcgplayer-cdn.tcgplayer.com/product/189271_200w.jpg,3,2420,https://cpt.tcgcsv.com/rKw2,2025-03-16T08:06:58.957,1,"Search your deck for a basic Energy card, reveal it, and put it into your hand. If you go second and it's your first turn, search for up to 3 basic Energy cards instead of 1. Then, shuffle your deck.",0.31,0.7,1.99,0.7,,Reverse Holofoil,170/214,Uncommon,Item,,,,,,,,,
189271,Energy Spinner,Energy Spinner,https://tcgplayer-cdn.tcgplayer.com/product/189271_200w.jpg,3,2420,https://cpt.tcgcsv.com/rKw2,2025-03-16T08:06:58.957,1,"Search your deck for a basic Energy card, reveal it, and put it into your hand. If you go second and it's your first turn, search for up to 3 basic Energy cards instead of 1. Then, shuffle your deck.",0.04,0.2,1.49,0.13,0.06,Normal,170/214,Uncommon,Item,,,,,,,,,
189272,Fairy Charm Ability,Fairy Charm Ability,https://tcgplayer-cdn.tcgplayer.com/product/189272_200w.jpg,3,2420,https://cpt.tcgcsv.com/sKw2,2025-02-07T19:59:46.44,1,Prevent all damage done to the Fairy Pokémon this card is attached to by attacks from your opponent's Pokémon-GX and Pokémon-EX that have Abilities.,0.04,0.2,1.49,0.1,,Normal,171/214,Uncommon,Item,,,,,,,,,
189272,Fairy Charm Ability,Fairy Charm Ability,https://tcgplayer-cdn.tcgplayer.com/product/189272_200w.jpg,3,2420,https://cpt.tcgcsv.com/sKw2,2025-02-07T19:59:46.44,1,Prevent all damage done to the Fairy Pokémon this card is attached to by attacks from your opponent's Pokémon-GX and Pokémon-EX that have Abilities.,0.19,0.38,1.51,0.31,,Reverse Holofoil,171/214,Uncommon,Item,,,,,,,,,
189273,Fairy Charm L,Fairy Charm L,https://tcgplayer-cdn.tcgplayer.com/product/189273_200w.jpg,3,2420,https://cpt.tcgcsv.com/tKw2,2025-02-07T19:59:46.503,1,Prevent all damage done to the Fairy Pokémon this card is attached to by attacks from your opponent's Lightning Pokémon-GX and Lightning Pokémon-EX.,0.1,0.3,2.0,0.27,,Reverse Holofoil,172/214,Uncommon,Item,,,,,,,,,
189273,Fairy Charm L,Fairy Charm L,https://tcgplayer-cdn.tcgplayer.com/product/189273_200w.jpg,3,2420,https://cpt.tcgcsv.com/tKw2,2025-02-07T19:59:46.503,1,Prevent all damage done to the Fairy Pokémon this card is attached to by attacks from your opponent's Lightning Pokémon-GX and Lightning Pokémon-EX.,0.01,0.2,1.49,0.09,0.09,Normal,172/214,Uncommon,Item,,,,,,,,,
189274,Fire Crystal,Fire Crystal,https://tcgplayer-cdn.tcgplayer.com/product/189274_200w.jpg,3,2420,https://cpt.tcgcsv.com/vKw2,2022-12-13T17:12:43.847,1,Put 3 Fire Energy cards from your discard pile into your hand.,0.05,0.3,2.0,0.27,0.18,Normal,173/214,Uncommon,Item,,,,,,,,,
189274,Fire Crystal,Fire Crystal,https://tcgplayer-cdn.tcgplayer.com/product/189274_200w.jpg,3,2420,https://cpt.tcgcsv.com/vKw2,2022-12-13T17:12:43.847,1,Put 3 Fire Energy cards from your discard pile into your hand.,0.5,1.41,3.84,1.41,,Reverse Holofoil,173/214,Uncommon,Item,,,,,,,,,
189275,Fire Crystal (Secret),Fire Crystal Secret,https://tcgplayer-cdn.tcgplayer.com/product/189275_200w.jpg,3,2420,https://cpt.tcgcsv.com/wKw2,2022-12-13T17:21:37.81,1,Put 3 Fire Energy cards from your discard pile into your hand.,6.5,9.32,29.99,9.25,11.59,Holofoil,231/214,Secret Rare,Item,,,,,,,,,
189276,Giovanni's Exile,Giovannis Exile,https://tcgplayer-cdn.tcgplayer.com/product/189276_200w.jpg,3,2420,https://cpt.tcgcsv.com/xKw2,2025-02-07T19:59:46.567,1,Discard up to 2 of your Benched Pokémon that have no damage counters on them and all cards attached to them.,0.05,0.2,1.49,0.13,,Normal,174/214,Uncommon,Supporter,,,,,,,,,
189276,Giovanni's Exile,Giovannis Exile,https://tcgplayer-cdn.tcgplayer.com/product/189276_200w.jpg,3,2420,https://cpt.tcgcsv.com/xKw2,2025-02-07T19:59:46.567,1,Discard up to 2 of your Benched Pokémon that have no damage counters on them and all cards attached to them.,0.11,0.4,1.49,0.4,,Reverse Holofoil,174/214,Uncommon,Supporter,,,,,,,,,
189277,Green's Exploration,Greens Exploration,https://tcgplayer-cdn.tcgplayer.com/product/189277_200w.jpg,3,2420,https://cpt.tcgcsv.com/zKw2,2025-02-07T19:59:46.65,1,"You can play this card only if you have no Pokémon with Abilities in play.
<br>Search your deck for up to 2 Trainer cards, reveal them, and put them into your hand. Then, shuffle your deck.",0.66,1.05,5.0,1.24,,Reverse Holofoil,175/214,Uncommon,Supporter,,,,,,,,,
189277,Green's Exploration,Greens Exploration,https://tcgplayer-cdn.tcgplayer.com/product/189277_200w.jpg,3,2420,https://cpt.tcgcsv.com/zKw2,2025-02-07T19:59:46.65,1,"You can play this card only if you have no Pokémon with Abilities in play.
<br>Search your deck for up to 2 Trainer cards, reveal them, and put them into your hand. Then, shuffle your deck.",0.05,0.26,3.0,0.22,0.25,Normal,175/214,Uncommon,Supporter,,,,,,,,,
189278,Green's Exploration (Full Art),Greens Exploration Full Art,https://tcgplayer-cdn.tcgplayer.com/product/189278_200w.jpg,3,2420,https://cpt.tcgcsv.com/BKw2,2022-12-13T17:18:28.01,1,"You can play this card only if you have no Pokémon with Abilities in play.
<br>Search your deck for up to 2 Trainer cards, reveal them, and put them into your hand. Then, shuffle your deck.",94.99,117.38,173.71,106.04,116.99,Holofoil,209/214,Ultra Rare,Supporter,,,,,,,,,
189279,Janine (Full Art),Janine Full Art,https://tcgplayer-cdn.tcgplayer.com/product/189279_200w.jpg,3,2420,https://cpt.tcgcsv.com/CKw2,2024-07-11T11:49:41.427,1,Look at the top 4 cards of your deck and put 2 of them into your hand. Shuffle the other cards back into your deck.,34.99,47.26,80.0,17.65,,Holofoil,210/214,Ultra Rare,Supporter,,,,,,,,,
189280,Janine,Janine,https://tcgplayer-cdn.tcgplayer.com/product/189280_200w.jpg,3,2420,https://cpt.tcgcsv.com/DKw2,2022-12-13T17:13:38.337,1,Look at the top 4 cards of your deck and put 2 of them into your hand. Shuffle the other cards back into your deck.,0.1,0.39,1.49,0.4,,Reverse Holofoil,176/214,Uncommon,Supporter,,,,,,,,,
189280,Janine,Janine,https://tcgplayer-cdn.tcgplayer.com/product/189280_200w.jpg,3,2420,https://cpt.tcgcsv.com/DKw2,2022-12-13T17:13:38.337,1,Look at the top 4 cards of your deck and put 2 of them into your hand. Shuffle the other cards back into your deck.,0.04,0.2,1.49,0.13,,Normal,176/214,Uncommon,Supporter,,,,,,,,,
189281,Koga's Trap,Kogas Trap,https://tcgplayer-cdn.tcgplayer.com/product/189281_200w.jpg,3,2420,https://cpt.tcgcsv.com/FKw2,2025-03-20T12:09:07.347,1,Your opponent's Active Pokémon is now Confused and Poisoned.,0.05,0.24,1.49,0.14,0.15,Normal,177/214,Uncommon,Supporter,,,,,,,,,
189281,Koga's Trap,Kogas Trap,https://tcgplayer-cdn.tcgplayer.com/product/189281_200w.jpg,3,2420,https://cpt.tcgcsv.com/FKw2,2025-03-20T12:09:07.347,1,Your opponent's Active Pokémon is now Confused and Poisoned.,0.2,0.55,1.54,0.58,,Reverse Holofoil,177/214,Uncommon,Supporter,,,,,,,,,
189282,Koga's Trap (Full Art),Kogas Trap Full Art,https://tcgplayer-cdn.tcgplayer.com/product/189282_200w.jpg,3,2420,https://cpt.tcgcsv.com/GKw2,2022-12-13T17:18:40.49,1,Your opponent's Active Pokémon is now Confused and Poisoned.,19.0,34.43,44.0,23.25,32.97,Holofoil,211/214,Ultra Rare,Supporter,,,,,,,,,
189283,Lt. Surge's Strategy,Lt Surges Strategy,https://tcgplayer-cdn.tcgplayer.com/product/189283_200w.jpg,3,2420,https://cpt.tcgcsv.com/HKw2,2022-12-13T17:13:52.247,1,"You can play this card only if you have more Prize cards remaining than your opponent.
<br>During this turn, you can play 3 Supporter cards (including this card).",0.04,0.22,1.5,0.2,,Normal,178/214,Uncommon,Supporter,,,,,,,,,
189283,Lt. Surge's Strategy,Lt Surges Strategy,https://tcgplayer-cdn.tcgplayer.com/product/189283_200w.jpg,3,2420,https://cpt.tcgcsv.com/HKw2,2022-12-13T17:13:52.247,1,"You can play this card only if you have more Prize cards remaining than your opponent.
<br>During this turn, you can play 3 Supporter cards (including this card).",0.21,0.51,1.57,0.51,0.61,Reverse Holofoil,178/214,Uncommon,Supporter,,,,,,,,,
189284,Martial Arts Dojo,Martial Arts Dojo,https://tcgplayer-cdn.tcgplayer.com/product/189284_200w.jpg,3,2420,https://cpt.tcgcsv.com/JKw2,2025-02-07T19:59:46.713,1,"The attacks of non-Ultra Beast Pokémon that have any basic F Energy attached to them (both yours and your opponent's) do 10 more damage to the opponent's Active Pokémon (before applying Weakness and Resistance). If the attacking player has more Prize cards remaining than their opponent, those attacks do 40 more damage instead.",0.08,0.25,1.99,0.19,0.2,Normal,179/214,Uncommon,Stadium,,,,,,,,,
189284,Martial Arts Dojo,Martial Arts Dojo,https://tcgplayer-cdn.tcgplayer.com/product/189284_200w.jpg,3,2420,https://cpt.tcgcsv.com/JKw2,2025-02-07T19:59:46.713,1,"The attacks of non-Ultra Beast Pokémon that have any basic F Energy attached to them (both yours and your opponent's) do 10 more damage to the opponent's Active Pokémon (before applying Weakness and Resistance). If the attacking player has more Prize cards remaining than their opponent, those attacks do 40 more damage instead.",0.35,0.63,1.07,0.64,,Reverse Holofoil,179/214,Uncommon,Stadium,,,,,,,,,
189285,Metal Core Barrier,Metal Core Barrier,https://tcgplayer-cdn.tcgplayer.com/product/189285_200w.jpg,3,2420,https://cpt.tcgcsv.com/KKw2,2024-09-25T11:37:10.123,1,"If this card is attached to 1 of your Pokémon, discard it at the end of your opponent's turn.
<br>The M Pokémon this card is attached to takes 70 less damage from your opponent's attacks <em>(after applying Weakness and Resistance).</em>",0.05,0.21,1.49,0.16,0.23,Normal,180/214,Uncommon,Item,,,,,,,,,
189285,Metal Core Barrier,Metal Core Barrier,https://tcgplayer-cdn.tcgplayer.com/product/189285_200w.jpg,3,2420,https://cpt.tcgcsv.com/KKw2,2024-09-25T11:37:10.123,1,"If this card is attached to 1 of your Pokémon, discard it at the end of your opponent's turn.
<br>The M Pokémon this card is attached to takes 70 less damage from your opponent's attacks <em>(after applying Weakness and Resistance).</em>",0.1,0.43,2.08,0.43,,Reverse Holofoil,180/214,Uncommon,Item,,,,,,,,,
189286,Metal Core Barrier (Secret),Metal Core Barrier Secret,https://tcgplayer-cdn.tcgplayer.com/product/189286_200w.jpg,3,2420,https://cpt.tcgcsv.com/LKw2,2022-12-13T17:21:43.563,1,"If this card is attached to 1 of your Pokémon, discard it at the end of your opponent's turn.
<br>The M Pokémon this card is attached to takes 70 less damage from your opponent's attacks <em>(after applying Weakness and Resistance).</em>",2.5,3.63,9.99,3.65,3.79,Holofoil,232/214,Secret Rare,Tool,,,,,,,,,
189287,Molayne,Molayne,https://tcgplayer-cdn.tcgplayer.com/product/189287_200w.jpg,3,2420,https://cpt.tcgcsv.com/MKw2,2025-02-07T19:59:46.793,1,"You can play this card only if you discard 2 M Energy cards from your hand.
<br>Shuffle a Trainer card from your discard pile into your deck.",0.09,0.3,1.49,0.24,0.25,Reverse Holofoil,181/214,Uncommon,Supporter,,,,,,,,,
189287,Molayne,Molayne,https://tcgplayer-cdn.tcgplayer.com/product/189287_200w.jpg,3,2420,https://cpt.tcgcsv.com/MKw2,2025-02-07T19:59:46.793,1,"You can play this card only if you discard 2 M Energy cards from your hand.
<br>Shuffle a Trainer card from your discard pile into your deck.",0.03,0.2,1.49,0.14,,Normal,181/214,Uncommon,Supporter,,,,,,,,,
189288,Molayne (Full Art),Molayne Full Art,https://tcgplayer-cdn.tcgplayer.com/product/189288_200w.jpg,3,2420,https://cpt.tcgcsv.com/NKw2,2022-12-13T17:18:47.13,1,"You can play this card only if you discard 2 M Energy cards from your hand.
<br>Shuffle a Trainer card from your discard pile into your deck.",4.85,6.2,9.95,6.21,9.95,Holofoil,212/214,Ultra Rare,Supporter,,,,,,,,,
189289,Pokegear 3.0,Pokegear 30,https://tcgplayer-cdn.tcgplayer.com/product/189289_200w.jpg,3,2420,https://cpt.tcgcsv.com/PKw2,2025-02-07T19:59:46.853,1,Look at the top 7 cards of your deck. You may reveal a Supporter card you find there and put it into your hand. Shuffle the other cards back into your deck.,3.0,4.36,14.99,4.24,,Reverse Holofoil,182/214,Uncommon,Item,,,,,,,,,
189289,Pokegear 3.0,Pokegear 30,https://tcgplayer-cdn.tcgplayer.com/product/189289_200w.jpg,3,2420,https://cpt.tcgcsv.com/PKw2,2025-02-07T19:59:46.853,1,Look at the top 7 cards of your deck. You may reveal a Supporter card you find there and put it into your hand. Shuffle the other cards back into your deck.,0.75,1.75,5.99,1.59,5.98,Normal,182/214,Uncommon,Item,,,,,,,,,
189290,Pokegear 3.0 (Secret),Pokegear 30 Secret,https://tcgplayer-cdn.tcgplayer.com/product/189290_200w.jpg,3,2420,https://cpt.tcgcsv.com/QKw2,2022-12-13T17:21:51.31,1,Look at the top 7 cards of your deck. You may reveal a Supporter card you find there and put it into your hand. Shuffle the other cards back into your deck.,49.67,59.01,250.0,55.48,39.99,Holofoil,233/214,Secret Rare,Item,,,,,,,,,
189291,Power Plant,Power Plant,https://tcgplayer-cdn.tcgplayer.com/product/189291_200w.jpg,3,2420,https://cpt.tcgcsv.com/RKw2,2025-02-07T19:59:46.917,1,Pokémon-GX and Pokémon-EX in play <em>(both yours and your opponent's)</em> have no Abilities.,0.11,0.37,2.43,0.28,,Reverse Holofoil,183/214,Uncommon,Stadium,,,,,,,,,
189291,Power Plant,Power Plant,https://tcgplayer-cdn.tcgplayer.com/product/189291_200w.jpg,3,2420,https://cpt.tcgcsv.com/RKw2,2025-02-07T19:59:46.917,1,Pokémon-GX and Pokémon-EX in play <em>(both yours and your opponent's)</em> have no Abilities.,0.05,0.23,2.0,0.15,,Normal,183/214,Uncommon,Stadium,,,,,,,,,
189292,Red's Challenge,Reds Challenge,https://tcgplayer-cdn.tcgplayer.com/product/189292_200w.jpg,3,2420,https://cpt.tcgcsv.com/SKw2,2022-12-13T17:14:30.17,1,"You can play this card only if you discard 2 other cards from your hand.
<br>Search your deck for a card and put it into your hand. Then, shuffle your deck.",0.2,0.5,3.99,0.52,,Holofoil,184/214,Holo Rare,Supporter,,,,,,,,,
189292,Red's Challenge,Reds Challenge,https://tcgplayer-cdn.tcgplayer.com/product/189292_200w.jpg,3,2420,https://cpt.tcgcsv.com/SKw2,2022-12-13T17:14:30.17,1,"You can play this card only if you discard 2 other cards from your hand.
<br>Search your deck for a card and put it into your hand. Then, shuffle your deck.",0.25,0.63,2.5,0.58,0.63,Reverse Holofoil,184/214,Holo Rare,Supporter,,,,,,,,,
189293,Red's Challenge (Full Art),Reds Challenge Full Art,https://tcgplayer-cdn.tcgplayer.com/product/189293_200w.jpg,3,2420,https://cpt.tcgcsv.com/TKw2,2022-12-13T17:18:53.297,1,"You can play this card only if you discard 2 other cards from your hand.
<br>Search your deck for a card and put it into your hand. Then, shuffle your deck.",103.95,120.5,174.14,106.97,119.99,Holofoil,213/214,Ultra Rare,Supporter,,,,,,,,,
189294,Samson Oak,Samson Oak,https://tcgplayer-cdn.tcgplayer.com/product/189294_200w.jpg,3,2420,https://cpt.tcgcsv.com/VKw2,2022-12-13T17:14:36.34,1,"Draw 2 cards. If both Active Pokémon are the same type, draw 2 more cards.",0.09,0.3,2.0,0.26,,Reverse Holofoil,185/214,Uncommon,Supporter,,,,,,,,,
189294,Samson Oak,Samson Oak,https://tcgplayer-cdn.tcgplayer.com/product/189294_200w.jpg,3,2420,https://cpt.tcgcsv.com/VKw2,2022-12-13T17:14:36.34,1,"Draw 2 cards. If both Active Pokémon are the same type, draw 2 more cards.",0.04,0.2,1.49,0.11,,Normal,185/214,Uncommon,Supporter,,,,,,,,,
189295,Stealthy Hood,Stealthy Hood,https://tcgplayer-cdn.tcgplayer.com/product/189295_200w.jpg,3,2420,https://cpt.tcgcsv.com/WKw2,2025-02-07T19:59:46.98,1,Prevent all effects of your opponent's Abilities done to the Pokémon this card is attached to. Remove any such existing effects.,0.19,0.4,1.49,0.31,,Reverse Holofoil,186/214,Uncommon,Item,,,,,,,,,
189295,Stealthy Hood,Stealthy Hood,https://tcgplayer-cdn.tcgplayer.com/product/189295_200w.jpg,3,2420,https://cpt.tcgcsv.com/WKw2,2025-02-07T19:59:46.98,1,Prevent all effects of your opponent's Abilities done to the Pokémon this card is attached to. Remove any such existing effects.,0.05,0.25,1.49,0.18,,Normal,186/214,Uncommon,Item,,,,,,,,,
189296,Surprise Box,Surprise Box,https://tcgplayer-cdn.tcgplayer.com/product/189296_200w.jpg,3,2420,https://cpt.tcgcsv.com/XKw2,2025-02-07T19:59:47.043,1,Put a card from your opponent's discard pile into their hand.,0.02,0.23,5.0,0.22,0.21,Normal,187/214,Uncommon,Item,,,,,,,,,
189296,Surprise Box,Surprise Box,https://tcgplayer-cdn.tcgplayer.com/product/189296_200w.jpg,3,2420,https://cpt.tcgcsv.com/XKw2,2025-02-07T19:59:47.043,1,Put a card from your opponent's discard pile into their hand.,0.25,0.87,4.99,0.76,,Reverse Holofoil,187/214,Uncommon,Item,,,,,,,,,
189297,Ultra Forest Kartenvoy,Ultra Forest Kartenvoy,https://tcgplayer-cdn.tcgplayer.com/product/189297_200w.jpg,3,2420,https://cpt.tcgcsv.com/ZKw2,2025-02-07T19:59:47.09,1,"During this turn, damage from your Ultra Beasts' attacks isn't affected by any effects on your opponent's Active Pokémon.",0.09,0.26,1.49,0.21,,Reverse Holofoil,188/214,Uncommon,Supporter,,,,,,,,,
189297,Ultra Forest Kartenvoy,Ultra Forest Kartenvoy,https://tcgplayer-cdn.tcgplayer.com/product/189297_200w.jpg,3,2420,https://cpt.tcgcsv.com/ZKw2,2025-02-07T19:59:47.09,1,"During this turn, damage from your Ultra Beasts' attacks isn't affected by any effects on your opponent's Active Pokémon.",0.01,0.2,1.49,0.08,,Normal,188/214,Uncommon,Supporter,,,,,,,,,
189298,Welder,Welder,https://tcgplayer-cdn.tcgplayer.com/product/189298_200w.jpg,3,2420,https://cpt.tcgcsv.com/-Kw2,2024-10-15T14:28:21.033,1,"Attach up to 2 R Energy cards from your hand to 1 of your Pokémon. If you do, draw 3 cards.",0.05,0.45,2.99,0.39,0.39,Normal,189/214,Uncommon,Supporter,,,,,,,,,
189298,Welder,Welder,https://tcgplayer-cdn.tcgplayer.com/product/189298_200w.jpg,3,2420,https://cpt.tcgcsv.com/-Kw2,2024-10-15T14:28:21.033,1,"Attach up to 2 R Energy cards from your hand to 1 of your Pokémon. If you do, draw 3 cards.",0.34,0.73,5.0,0.73,0.99,Reverse Holofoil,189/214,Uncommon,Supporter,,,,,,,,,
189299,Welder (Full Art),Welder Full Art,https://tcgplayer-cdn.tcgplayer.com/product/189299_200w.jpg,3,2420,https://cpt.tcgcsv.com/_Kw2,2022-12-13T17:19:02.977,1,"Attach up to 2 R Energy cards from your hand to 1 of your Pokémon. If you do, draw 3 cards.",39.99,49.95,100.0,46.06,44.97,Holofoil,214/214,Ultra Rare,Supporter,,,,,,,,,
189300,Triple Acceleration Energy (Secret),Triple Acceleration Energy Secret,https://tcgplayer-cdn.tcgplayer.com/product/189300_200w.jpg,3,2420,https://cpt.tcgcsv.com/0Lw2,2024-03-14T19:18:20.88,1,"This card can only be attached to Evolution Pokémon. If this card is attached to 1 of your Pokémon, discard it at the end of the turn.
<br>This card provides 3 Energy only while it is attached to an Evolution Pokémon.
<br>If this card is attached to anything other than an Evolution Pokémon, discard this card.",4.22,7.7,20.0,6.68,14.99,Holofoil,234/214,Secret Rare,Energy,,,,,,,,,
189301,Triple Acceleration Energy,Triple Acceleration Energy,https://tcgplayer-cdn.tcgplayer.com/product/189301_200w.jpg,3,2420,https://cpt.tcgcsv.com/2Lw2,2025-02-07T19:59:47.153,1,"This card can only be attached to Evolution Pokémon. If this card is attached to 1 of your Pokémon, discard it at the end of the turn.
<br>This card provides 3 Energy only while it is attached to an Evolution Pokémon.
<br>If this card is attached to anything other than an Evolution Pokémon, discard this card.",0.25,0.49,4.0,0.47,,Reverse Holofoil,190/214,Uncommon,Energy,,,,,,,,,
189301,Triple Acceleration Energy,Triple Acceleration Energy,https://tcgplayer-cdn.tcgplayer.com/product/189301_200w.jpg,3,2420,https://cpt.tcgcsv.com/2Lw2,2025-02-07T19:59:47.153,1,"This card can only be attached to Evolution Pokémon. If this card is attached to 1 of your Pokémon, discard it at the end of the turn.
<br>This card provides 3 Energy only while it is attached to an Evolution Pokémon.
<br>If this card is attached to anything other than an Evolution Pokémon, discard this card.",0.05,0.26,1.99,0.26,,Normal,190/214,Uncommon,Energy,,,,,,,,,
189303,Pheromosa & Buzzwole GX (191) (Full Art),Pheromosa and Buzzwole GX 191 Full Art,https://tcgplayer-cdn.tcgplayer.com/product/189303_200w.jpg,3,2420,https://cpt.tcgcsv.com/5Lw2,2022-12-13T17:15:18.893,1,,10.0,25.99,80.0,20.26,,Holofoil,191/214,Ultra Rare,Grass,260,Basic,"[G] Jet Punch (30)
<br>This attack does 30 damage to 1 of your opponent's Benched Pokemon. <em>(Don't apply Weakness and Resistance for Benched Pokemon.)</em>","[1GG] Elegant Sole (190)
<br>During your next turn, this Pokemon's Elegant Sole attacks base damage is 60.","<span style=""color:DarkRed""><strong>[G+] Beast Game GX (50)</strong>
<br>If your opponent's Pokemon is Knocked Out by damage from this attack, take 1 more Prize card. If this Pokmeon has at least 7 extra Energy attached to it <em>(in addition to this attack's cost)</em>, take 3 more Prize cards instead. <em>(You can't use more than 1 GX attack in a game.)</em></span>",Rx2,None,2,
189304,Pheromosa & Buzzwole GX (192) (Alternate Full Art),Pheromosa and Buzzwole GX 192 Alternate Full Art,https://tcgplayer-cdn.tcgplayer.com/product/189304_200w.jpg,3,2420,https://cpt.tcgcsv.com/6Lw2,2022-12-13T17:15:24.863,1,,68.99,88.53,159.69,83.46,89.99,Holofoil,192/214,Ultra Rare,Grass,260,Basic,"[G] Jet Punch (30)
<br>This attack does 30 damage to 1 of your opponent's Benched Pokemon. <em>(Don't apply Weakness and Resistance for Benched Pokemon.)</em>","[1GG] Elegant Sole (190)
<br>During your next turn, this Pokemon's Elegant Sole attacks base damage is 60.","<span style=""color:DarkRed""><strong>[G+] Beast Game GX (50)</strong>
<br>If your opponent's Pokemon is Knocked Out by damage from this attack, take 1 more Prize card. If this Pokmeon has at least 7 extra Energy attached to it <em>(in addition to this attack's cost)</em>, take 3 more Prize cards instead. <em>(You can't use more than 1 GX attack in a game.)</em></span>",Rx2,None,2,
189305,Muk & Alolan Muk GX (196) (Full Art),Muk and Alolan Muk GX 196 Full Art,https://tcgplayer-cdn.tcgplayer.com/product/189305_200w.jpg,3,2420,https://cpt.tcgcsv.com/7Lw2,2023-08-29T15:16:54.987,0,,34.99,45.24,56.96,22.72,39.98,Holofoil,196/214,Ultra Rare,Psychic,270,Basic,"[2P] Severe Poison
<br>Your opponent's Active Pokemon is now Poisoned. Put 8 damage counters instead of 1 on that Pokemon between turns.","[3P] Poison Absorption (120)
<br>If your opponent's Active Pokemon is Poisoned, heal 100 damage from this Pokemon.","<span style=""color:Teal""><strong>[0+] Nasty Goo Mix GX</strong>
<br>Your opponent's Active Pokemon is now Paralyzed and Poisoned. If this Pokemon has at least 4 extra Energy attached to it <em>(in addition to this attack's cost)</em>, put 15 damage counters instead of 1 on that Pokemon between turns. <em>(You can't use more than 1 GX attack in a game.)</em></span>",Px2,None,4,
189306,Muk & Alolan Muk GX (197) (Full Art),Muk and Alolan Muk GX 197 Full Art,https://tcgplayer-cdn.tcgplayer.com/product/189306_200w.jpg,3,2420,https://cpt.tcgcsv.com/8Lw2,2022-12-13T17:15:57.26,1,,89.99,111.84,160.05,97.75,104.98,Holofoil,197/214,Ultra Rare,Psychic,270,Basic,"[2P] Severe Poison
<br>Your opponent's Active Pokemon is now Poisoned. Put 8 damage counters instead of 1 on that Pokemon between turns.","[3P] Poison Absorption (120)
<br>If your opponent's Active Pokemon is Poisoned, heal 100 damage from this Pokemon.","<span style=""color:Teal""><strong>[0+] Nasty Goo Mix GX</strong>
<br>Your opponent's Active Pokemon is now Paralyzed and Poisoned. If this Pokemon has at least 4 extra Energy attached to it <em>(in addition to this attack's cost)</em>, put 15 damage counters instead of 1 on that Pokemon between turns. <em>(You can't use more than 1 GX attack in a game.)</em></span>",Px2,None,4,
189307,Marshadow & Machamp GX (198) (Full Art),Marshadow and Machamp GX 198 Full Art,https://tcgplayer-cdn.tcgplayer.com/product/189307_200w.jpg,3,2420,https://cpt.tcgcsv.com/9Lw2,2024-09-18T12:11:49.347,1,,29.99,44.93,99.97,39.66,46.76,Holofoil,198/214,Ultra Rare,Fighting,270,Basic,"[1F] Revenge (30+)
<br>If any of your Pokemon were Knocked Out by damage from an opponent's attack during their last turn, this attack does 90 more damage.",[1FF] Hundred-Blows Impact (160),"<span style=""color:Teal""><strong>[1FF+] Acme of Heroism GX (200)</strong>
<br>If this Pokemon has at least 1 extra Energy attached to it <em>(in addition to this attack's cost)</em>, and if it would be Knocked Out by damage from an opponent's attack during their next turn, it is not Knocked Out, and its remaining HP becomes 10. <em>(You can't use more than 1 GX attack in a game.)</em></span>",Px2,None,3,
189308,Marshadow & Machamp GX (199) (Full Art),Marshadow and Machamp GX 199 Full Art,https://tcgplayer-cdn.tcgplayer.com/product/189308_200w.jpg,3,2420,https://cpt.tcgcsv.com/bLw2,2022-12-13T17:16:11.14,1,,199.99,275.78,349.68,204.49,285.1,Holofoil,199/214,Ultra Rare,Fighting,270,Basic,"[1F] Revenge (30+)
<br>If any of your Pokemon were Knocked Out by damage from an opponent's attack during their last turn, this attack does 90 more damage.",[1FF] Hundred-Blows Impact (160),"<span style=""color:Teal""><strong>[1FF+] Acme of Heroism GX (200)</strong>
<br>If this Pokemon has at least 1 extra Energy attached to it <em>(in addition to this attack's cost)</em>, and if it would be Knocked Out by damage from an opponent's attack during their next turn, it is not Knocked Out, and its remaining HP becomes 10. <em>(You can't use more than 1 GX attack in a game.)</em></span>",Px2,None,3,
189309,Greninja & Zoroark GX (200) (Full Art),Greninja and Zoroark GX 200 Full Art,https://tcgplayer-cdn.tcgplayer.com/product/189309_200w.jpg,3,2420,https://cpt.tcgcsv.com/cLw2,2022-12-13T17:16:23.147,1,,59.99,79.99,98.98,67.14,94.99,Holofoil,200/214,Ultra Rare,Darkness,250,Basic,"[1D] Dark Pulse (30+)
<br>This attack does 30 more damage times the amount of Darkness Energy attached to all of your Pokemon.","<span style=""color:Teal""><strong>[1D+] Dark Union GX</strong>
<br>Put 2 in any combination of Darkness Pokemon GX and Darkness Pokemon EX from your discard pile onto your Bench. If this Pokemon has at least 1 extra Energy attached to it <em>(in addition to this attack's cost)</em>, attach 2 Energy cards from your discard pile to each Pokemon that you put onto your Bench this way. <em>(You can't use more than 1 GX attack in a game.)</em></span>",,Fx2,P-20,2,
189310,Greninja & Zoroark GX (201) (Alternate Full Art),Greninja and Zoroark GX 201 Alternate Full Art,https://tcgplayer-cdn.tcgplayer.com/product/189310_200w.jpg,3,2420,https://cpt.tcgcsv.com/dLw2,2022-12-13T17:17:25.39,1,,242.99,301.98,1000.0,252.77,244.0,Holofoil,201/214,Ultra Rare,Darkness,250,Basic,"[1D] Dark Pulse (30+)
<br>This attack does 30 more damage times the amount of Darkness Energy attached to all of your Pokemon.","<span style=""color:Teal""><strong>[1D+] Dark Union GX</strong>
<br>Put 2 in any combination of Darkness Pokemon GX and Darkness Pokemon EX from your discard pile onto your Bench. If this Pokemon has at least 1 extra Energy attached to it <em>(in addition to this attack's cost)</em>, attach 2 Energy cards from your discard pile to each Pokemon that you put onto your Bench this way. <em>(You can't use more than 1 GX attack in a game.)</em></span>",,Fx2,P-20,2,
189312,Greninja & Zoroark GX (Secret),Greninja and Zoroark GX Secret,https://tcgplayer-cdn.tcgplayer.com/product/189312_200w.jpg,3,2420,https://cpt.tcgcsv.com/gLw2,2022-12-13T17:20:02.057,1,,70.68,94.5,124.69,71.14,,Holofoil,222/214,Secret Rare,Darkness,250,Basic,"[1D] Dark Pulse (30+)
<br>This attack does 30 more damage times the amount of Darkness Energy attached to all of your Pokemon.","<span style=""color:Teal""><strong>[1D+] Dark Union GX </strong>
<br>Put 2 in any combination of Darkness Pokemon GX and Darkness Pokemon EX from your discard pile onto your Bench. If this Pokemon has at least 1 extra Energy attached to it <em>(in addition to this attack's cost)</em>, attach 2 Energy cards from your discard pile to each Pokemon that you put onto your Bench this way. <em>(You can't use more than 1 GX attack in a game.)</em></span>",,Fx2,P-20,2,
189313,Lucario & Melmetal GX (Full Art),Lucario and Melmetal GX Full Art,https://tcgplayer-cdn.tcgplayer.com/product/189313_200w.jpg,3,2420,https://cpt.tcgcsv.com/hLw2,2022-12-13T17:17:45.373,1,,35.75,46.32,74.69,41.67,39.11,Holofoil,203/214,Ultra Rare,Metal,260,Basic,"[2] Steel Fist (50)
<br>Search your deck for a Metal Energy card and attach it to this Pokemon. Then, shuffle your deck.",[2MM] Heavy Impact (150),"<span style=""color:Teal""><strong>[1+] Full Metal Wall GX</strong>
<br>For the rest of this game, your Metal Pokemon take 30 less damage from your opponent's attacks <em>(after applying Weakness and Resistance)</em>. If this Pokemon has at least 1 extra Energy attached to it <em>(in addition to this attack's cost)</em>, discard all Energy from your opponent's Active Pokemon. <em>(You can't use more than 1 GX attack in a game.)</em></span>",Rx2,P-20,3,
189314,Lucario & Melmetal GX (Secret),Lucario and Melmetal GX Secret,https://tcgplayer-cdn.tcgplayer.com/product/189314_200w.jpg,3,2420,https://cpt.tcgcsv.com/jLw2,2022-12-13T17:20:15.523,1,,40.0,72.5,99.69,54.84,,Holofoil,224/214,Secret Rare,Metal,260,Basic,"[2] Steel Fist (50)
<br>Search your deck for a Metal Energy card and attach it to this Pokemon. Then, shuffle your deck.",[2MM] Heavy Impact (150),"<span style=""color:Teal""><strong>[1+] Full Metal Wall GX</strong>
<br>For the rest of this game, your Metal Pokemon take 30 less damage from your opponent's attacks <em>(after applying Weakness and Resistance)</em>. If this Pokemon has at least 1 extra Energy attached to it <em>(in addition to this attack's cost)</em>, discard all Energy from your opponent's Active Pokemon. <em>(You can't use more than 1 GX attack in a game.)</em></span>",Rx2,P-20,3,
189315,Gardevoir & Sylveon GX (204) (Full Art),Gardevoir and Sylveon GX 204 Full Art,https://tcgplayer-cdn.tcgplayer.com/product/189315_200w.jpg,3,2420,https://cpt.tcgcsv.com/kLw2,2022-12-13T17:17:51.547,1,,84.99,142.69,158.48,87.76,142.79,Holofoil,204/214,Ultra Rare,Fairy,260,Basic,"[1] Fairy Song
<br>Search your deck for up to 2 Fairy Energy cards and attach them to your Benched Pokemon in any way you like. Then, shuffle your deck.","[1YY] Kaleidostorm (150)
<br>Move any number of Energy from your Pokemon to your other Pokemon in any way you like.","<span style=""color:Teal""><strong>[YYY+] Magical Miracle GX (200)</strong>
<br>If this Pokemon has at least 3 extra Fairy Energy attached to it <em>(in addition to this attack's cost)</em>, your opponent shuffles their hand into their deck. <em>(You can't use more than 1 GX attack in a game.)</em></span>",Mx2,D-20,2,
189316,Gardevoir & Sylveon GX (205) (Alternate Full Art),Gardevoir and Sylveon GX 205 Alternate Full Art,https://tcgplayer-cdn.tcgplayer.com/product/189316_200w.jpg,3,2420,https://cpt.tcgcsv.com/lLw2,2024-04-30T18:12:21.483,1,,499.99,844.35,924.0,545.66,888.87,Holofoil,205/214,Ultra Rare,Fairy,260,Basic,"[1] Fairy Song
<br>Search your deck for up to 2 Fairy Energy cards and attach them to your Benched Pokemon in any way you like. Then, shuffle your deck.","[1YY] Kaleidostorm (150)
<br>Move any number of Energy from your Pokemon to your other Pokemon in any way you like.","<span style=""color:Teal""><strong>[YYY+] Magical Miracle GX (200)</strong>
<br>If this Pokemon has at least 3 extra Fairy Energy attached to it <em>(in addition to this attack's cost)</em>, your opponent shuffles their hand into their deck. <em>(You can't use more than 1 GX attack in a game.)</em></span>",Mx2,D-20,2,
189317,Gardevoir & Sylveon GX (Secret),Gardevoir and Sylveon GX Secret,https://tcgplayer-cdn.tcgplayer.com/product/189317_200w.jpg,3,2420,https://cpt.tcgcsv.com/mLw2,2023-07-06T15:24:31.36,1,,124.44,147.31,269.99,115.12,199.69,Holofoil,225/214,Secret Rare,Fairy,260,Basic,"[1] Fairy Song
<br>Search your deck for up to 2 Fairy Energy cards and attach them to your Benched Pokemon in any way you like. Then, shuffle your deck.","[1YY] Kaleidostorm (150)
<br>Move any number of Energy from your Pokemon to your other Pokemon in any way you like.","<span style=""color:Teal""><strong>[YYY+] Magical Miracle GX (200)</strong>
<br>If this Pokemon has at least 3 extra Fairy Energy attached to it <em>(in addition to this attack's cost)</em>, your opponent shuffles their hand into their deck. <em>(You can't use more than 1 GX attack in a game.)</em></span>",Mx2,D-20,2,
189318,Reshiram & Charizard GX (Full Art),Reshiram and Charizard GX Full Art,https://tcgplayer-cdn.tcgplayer.com/product/189318_200w.jpg,3,2420,https://cpt.tcgcsv.com/nLw2,2022-12-13T17:15:39.637,1,,80.0,101.65,300.0,88.14,99.99,Holofoil,194/214,Ultra Rare,Fire,270,Basic,"[1R] Outrage (30+)
<br>This attack does 10 more damage for each damage counter on this Pokemon.","[1RRR] Flare Strike (230)
<br>This Pokemon can't use Flare Strike during your next turn.","<span style=""color:Teal""><strong>[RRR+] Double Blaze GX (200+)</strong>
<br>If this Pokemon has at least 3 extra Fire Energy attached to it <em.(in addition to this attack's cost)</em>, this attack does 100 more damage, and this attack's damage isn't affected by any effects on your opponent's Active Pokemon. <em>(You can't use more than 1 GX attack in a game.)</em></span>",Wx2,None,3,
189319,Reshiram & Charizard GX (Secret),Reshiram and Charizard GX Secret,https://tcgplayer-cdn.tcgplayer.com/product/189319_200w.jpg,3,2420,https://cpt.tcgcsv.com/pLw2,2022-12-13T17:19:27.84,1,,198.0,249.99,299.99,187.21,,Holofoil,217/214,Secret Rare,Fire,270,Basic,"[1R] Outrage (30+)
<br>This attack does 10 more damage for each damage counter on this Pokemon.","[1RRR] Flare Strike (230)
<br>This Pokemon can't use Flare Strike during your next turn.","<span style=""color:Teal""><strong>[RRR+] Double Blaze GX (200+)</strong>
<br>If this Pokemon has at least 3 extra Fire Energy attached to it <em.(in addition to this attack's cost)</em>, this attack does 100 more damage, and this attack's damage isn't affected by any effects on your opponent's Active Pokemon. <em>(You can't use more than 1 GX attack in a game.)</em></span>",Wx2,None,3,
189320,Celesteela GX (Full Art),Celesteela GX Full Art,https://tcgplayer-cdn.tcgplayer.com/product/189320_200w.jpg,3,2420,https://cpt.tcgcsv.com/qLw2,2022-12-13T17:18:21.603,1,"<strong>Ability — Force Canceler</strong>
<br>As long as this Pokemon is your Active Pokemon, prevent all effects of your opponent's GX attacks, including damage, done to your Pokemon.",3.2,3.98,20.0,3.98,,Holofoil,208/214,Ultra Rare,Colorless,200,Basic,"[3] Power Cyclone (110)
<br>Move an Energy from this Pokemon to 1 of your Benched Pokemon.","<span style=""color:DarkRed""><strong>[1] Discovery GX</strong>
<br>Count your Prize cards and put them them into your hand. Then, take that many cards from the top of your deck and put them face down as your Prize cards. If you don't have that many cards in your deck, this attack does nothing. <em>(You can't use more than 1 GX attack in a game.)</em></span>",,Lx2,F-20,4,
189321,Pheromosa & Buzzwole GX (Secret),Pheromosa and Buzzwole GX Secret,https://tcgplayer-cdn.tcgplayer.com/product/189321_200w.jpg,3,2420,https://cpt.tcgcsv.com/rLw2,2022-12-13T17:19:13.137,1,,36.6,49.92,79.99,23.4,36.6,Holofoil,215/214,Secret Rare,Grass,260,Basic,"[G] Jet Punch (30)
<br>This attack does 30 damage to 1 of your opponent's Benched Pokemon. <em>(Don't apply Weakness and Resistance for Benched Pokemon.)</em>","[1GG] Elegant Sole (190)
<br>During your next turn, this Pokemon's Elegant Sole attacks base damage is 60.","<span style=""color:DarkRed""><strong>[G+] Beast Game GX (50)</strong>
<br>If your opponent's Pokemon is Knocked Out by damage from this attack, take 1 more Prize card. If this Pokmeon has at least 7 extra Energy attached to it <em>(in addition to this attack's cost)</em>, take 3 more Prize cards instead. <em>(You can't use more than 1 GX attack in a game.)</em></span>",Rx2,None,2,
189322,Marshadow & Machamp GX (Secret),Marshadow and Machamp GX Secret,https://tcgplayer-cdn.tcgplayer.com/product/189322_200w.jpg,3,2420,https://cpt.tcgcsv.com/sLw2,2022-12-13T17:19:56.453,1,,48.89,69.04,149.99,53.09,69.9,Holofoil,221/214,Secret Rare,Fighting,270,Basic,"[1F] Revenge (30+)
<br>If any of your Pokemon were Knocked Out by damage from an opponent's attack during their last turn, this attack does 90 more damage.",[1FF] Hundred-Blows Impact (160),"<span style=""color:Teal""><strong>[1FF+] Acme of Heroism GX (200)</strong>
<br>If this Pokemon has at least 1 extra Energy attached to it <em>(in addition to this attack's cost)</em>, and if it would be Knocked Out by damage from an opponent's attack during their next turn, it is not Knocked Out, and its remaining HP becomes 10. <em>(You can't use more than 1 GX attack in a game.)</em></span>",Px2,None,3,
189323,Celesteela GX (Secret),Celesteela GX Secret,https://tcgplayer-cdn.tcgplayer.com/product/189323_200w.jpg,3,2420,https://cpt.tcgcsv.com/tLw2,2022-12-13T17:21:17.33,1,"<strong>Ability — Force Canceler</strong>
<br>As long as this Pokemon is your Active Pokemon, prevent all effects of your opponent's GX attacks, including damage, done to your Pokemon.",8.0,9.42,10.64,8.52,,Holofoil,228/214,Secret Rare,Colorless,200,Basic,"[3] Power Cyclone (110)
<br>Move an Energy from this Pokemon to 1 of your Benched Pokemon.","<span style=""color:DarkRed""><strong>[1] Discovery GX</strong>
<br>Count your Prize cards and put them them into your hand. Then, take that many cards from the top of your deck and put them face down as your Prize cards. If you don't have that many cards in your deck, this attack does nothing. <em>(You can't use more than 1 GX attack in a game.)</em></span>",,Lx2,F-20,4,
189324,Beast Bringer (Secret),Beast Bringer Secret,https://tcgplayer-cdn.tcgplayer.com/product/189324_200w.jpg,3,2420,https://cpt.tcgcsv.com/vLw2,2022-12-13T17:21:23.85,1,"If you have exactly 6 Prize cards remaining, and if your opponent's Active Pokemon GX or Pokemon EX is Knocked Out by damage from an attack of the Ultra Beast this card is attached to, take 1 more Prize card.",2.48,3.36,20.0,3.14,3.79,Holofoil,229/214,Secret Rare,Tool,,,,,,,,,
189325,Muk & Alolan Muk GX (Secret),Muk and Alolan Muk GX Secret,https://tcgplayer-cdn.tcgplayer.com/product/189325_200w.jpg,3,2420,https://cpt.tcgcsv.com/wLw2,2022-12-13T17:19:49.66,1,,31.26,49.69,70.0,23.5,31.26,Holofoil,220/214,Secret Rare,Psychic,270,Basic,"[2P] Severe Poison
<br>Your opponent's Active Pokemon is now Poisoned. Put 8 damage counters instead of 1 on that Pokemon between turns.","[3P] Poison Absorption (120)
<br>If your opponent's Active Pokemon is Poisoned, heal 100 damage from this Pokemon.","<span style=""color:Teal""><strong>[0+] Nasty Goo Mix GX</strong>
<br>Your opponent's Active Pokemon is now Paralyzed and Poisoned. If this Pokemon has at least 4 extra Energy attached to it <em>(in addition to this attack's cost)</em>, put 15 damage counters instead of 1 on that Pokemon between turns. <em>(You can't use more than 1 GX attack in a game.)</em></span>",Px2,None,4,
189658,Alolan Marowak GX Box,Alolan Marowak GX Box,https://tcgplayer-cdn.tcgplayer.com/product/189658_200w.jpg,3,2420,https://cpt.tcgcsv.com/bTw2,2019-05-01T14:00:55.507,1,"If you're ready to add a little more firepower to your Pokemon Trading Card Game deck, Alolan Marowak is ready to take on the opposition! This powerful Pokemon brandishes a fiery bone club with all the strength of a Pokémon GX. You get two versions of Alolan Marowak GX, one for your deck and an oversize card for display. Additionally, there are four Pokemon TCG booster packs to expand your collection. Turn up the heat with the Alolan Marowak GX Box!",587.0,587.0,587.0,525.33,,Normal,,,,,,,,,,,,
189823,Unbroken Bonds Prerelease Kit,Unbroken Bonds Prerelease Kit,https://tcgplayer-cdn.tcgplayer.com/product/189823_200w.jpg,3,2420,https://cpt.tcgcsv.com/tXw2,2019-05-09T19:18:22.383,1,"Each Kit includes 4 Unbroken Bonds booster packs, 1 special 23-card prerelease pack with 1 of 4 exclusive foil prerelease promo card.",341.24,347.23,353.22,181.5,,Normal,,,,,,,,,,,,
192083,Kangaskhan GX Box,Kangaskhan GX Box,https://tcgplayer-cdn.tcgplayer.com/product/192083_200w.jpg,3,2420,https://cpt.tcgcsv.com/HRx2,2019-06-11T11:45:37.423,1,"Don't mess with Kangaskhan GX, because this Pokemon can be a dangerous guardian if you threaten its little one! Combine that protective instinct with the power of a Pokemon GX and a scrappy toughness, and you've got a winning combination. You get two versions of this Pokemon GX, one for your deck and one for display, plus four Pokemon TCG booster packs. Guard those little Pokemon carefully with the Kangaskhan GX Box!",325.0,325.0,325.0,150.67,,Normal,,,,,,,,,,,,0820650806254
192230,Blastoise GX Premium Collection,Blastoise GX Premium Collection,https://tcgplayer-cdn.tcgplayer.com/product/192230_200w.jpg,3,2420,https://cpt.tcgcsv.com/DVx2,2021-11-22T14:03:03,1,"Trainers and fans of Water-type Pokemon, your day has come with the mighty rush of the Blastoise GX Premium Collection, ready to wash away all doubt about which Pokemon rule the waves! Expand your collection with foil versions of mighty little Squirtle and its Evolutions, plus an awesome oversize version of Blastoise GX for display. Chart a course to victory with all the mighty currents at your command!
<br>
<br>The Blastoise GX Premium Collection includes:
<br>• 1 full-art foil card featuring Blastoise-GX
<br>• 1 foil card featuring Wartortle
<br>• 1 foil card featuring Squirtle
<br>• 1 oversize foil card featuring Blastoise-GX
<br>• 6 Pokémon TCG booster packs
<br>• 1 stunning Blastoise pin
<br>• 1 Blastoise coin
<br>• A code card for the Pokémon Trading Card Game Online",499.99,499.99,499.99,297.99,,Normal,,,,,,,,,,,,
194597,Reshiram & Charizard GX Figure Collection,Reshiram and Charizard GX Figure Collection,https://tcgplayer-cdn.tcgplayer.com/product/194597_200w.jpg,3,2420,https://cpt.tcgcsv.com/ZRz2,2019-10-28T18:26:58.523,1,"Your opponents will feel the heat when they go up against this fiery TAG TEAM! Reshiram and Charizard may be powerful Pokémon on their own, but when they combine their strength, they can do some serious damage! The Pokémon TCG: Reshiram & Charizard GX Figure Collection will boost your deck with a full-art foil TAG TEAM card of the mighty duo along with a beautiful oversize version of the card that's suitable for display. To further celebrate this pairing, the set includes a figure of Reshiram and Charizard to add to your collection. You even get four Pokémon TCG booster packs to bolster your team.
<br>
<br>Each collection comes with:
<br>• 1 full-art foil TAG TEAM card featuring Reshiram & Charizard GX
<br>• 1 figure of Reshiram and Charizard together
<br>• 1 oversize foil card featuring Reshiram & Charizard GX
<br>• 1 code card for the Pokemon Trading Card Game Online",859.99,875.0,1150.0,424.04,,Normal,,,,,,,,,,,,
232315,Unbroken Bonds 3 Pack Hanger Box,Unbroken Bonds 3 Pack Hanger Box,https://tcgplayer-cdn.tcgplayer.com/product/232315_200w.jpg,3,2420,https://cpt.tcgcsv.com/kXS2,2021-02-08T21:54:47.743,1,"<strong>Give Your Collection a Boost!</strong>
<br>Get in on the exciting Pokemon TCG action with three awesome booster packs from the <em>Sun & Moon — Unbroken Bonds<em> expansion to add to your collection!
<br> • Box includes 3 <em>Sun & Moon — Unbroken Bonds</em> booster packs!
<br> • Each pack contains 10 random cards. Booster packs vary by product.",174.99,269.92,349.0,109.99,,Normal,,,,,,,,,,,,0820650106248
240188,Unbroken Bonds Single Pack Blister [Steelix],Unbroken Bonds Single Pack Blister Steelix,https://tcgplayer-cdn.tcgplayer.com/product/240188_200w.jpg,3,2420,https://cpt.tcgcsv.com/N5X2,2021-06-01T14:45:50.697,1,"Each blister comes with 1 SM—Unbroken Bonds booster packs, a coin, and a promotional card of Onix and Steelix.",99.99,99.99,99.99,,,Normal,,,,,,,,,,,,
240189,Unbroken Bonds Single Pack Blister [Wailord],Unbroken Bonds Single Pack Blister Wailord,https://tcgplayer-cdn.tcgplayer.com/product/240189_200w.jpg,3,2420,https://cpt.tcgcsv.com/P5X2,2021-06-01T14:47:02.597,1,"Each blister comes with 1 SM—Unbroken Bonds booster packs, a coin, and a promotional card of Wailmer and Wailord.",,,,,,,,,,,,,,,,,,
257538,Code Card - Unbroken Bonds Booster Pack,Code Card Unbroken Bonds Booster Pack,https://tcgplayer-cdn.tcgplayer.com/product/257538_200w.jpg,3,2420,https://cpt.tcgcsv.com/N053,2022-07-20T19:31:38.333,1,"This listing is <strong>not</strong> a physical item. Please keep in mind that this <strong>Code Card</strong> listing represents a digital copy of the stated item for the Pokémon TCG Online <strong>and/or</strong> the Pokémon TCG Live games. You may receive the physical <strong>Code Card</strong>. Upon purchase, please work with your specific Seller by sending them a message using the <strong>Contact Seller</strong> button on the order details in your <a href=https://store.tcgplayer.com/myaccount/orderhistory>Order History</a> to opt in to having your <strong>Code Card</strong> code delivered digitally due to the nature of the product.",0.06,0.16,1.24,0.14,,Normal,,Code Card,,,,,,,,,,
266424,Code Card - Alolan Marowak GX Box,Code Card Alolan Marowak GX Box,https://tcgplayer-cdn.tcgplayer.com/product/266424_200w.jpg,3,2420,https://cpt.tcgcsv.com/vB83,2022-07-20T19:14:27.273,1,"This listing is <strong>not</strong> a physical item. Please keep in mind that this <strong>Code Card</strong> listing represents a digital copy of the stated item for the Pokémon TCG Online <strong>and/or</strong> the Pokémon TCG Live games. You may receive the physical <strong>Code Card</strong>. Upon purchase, please work with your specific Seller by sending them a message using the <strong>Contact Seller</strong> button on the order details in your <a href=https://store.tcgplayer.com/myaccount/orderhistory>Order History</a> to opt in to having your <strong>Code Card</strong> code delivered digitally due to the nature of the product.",0.1,0.25,0.34,,,Normal,,Code Card,,,,,,,,,,
266428,Code Card - Blastoise GX Premium Collection,Code Card Blastoise GX Premium Collection,https://tcgplayer-cdn.tcgplayer.com/product/266428_200w.jpg,3,2420,https://cpt.tcgcsv.com/BB83,2022-07-20T19:15:18.553,1,"This listing is <strong>not</strong> a physical item. Please keep in mind that this <strong>Code Card</strong> listing represents a digital copy of the stated item for the Pokémon TCG Online <strong>and/or</strong> the Pokémon TCG Live games. You may receive the physical <strong>Code Card</strong>. Upon purchase, please work with your specific Seller by sending them a message using the <strong>Contact Seller</strong> button on the order details in your <a href=https://store.tcgplayer.com/myaccount/orderhistory>Order History</a> to opt in to having your <strong>Code Card</strong> code delivered digitally due to the nature of the product.",1.67,1.99,2.13,,,Normal,,Code Card,,,,,,,,,,
266495,Code Card - Kangaskhan GX Box,Code Card Kangaskhan GX Box,https://tcgplayer-cdn.tcgplayer.com/product/266495_200w.jpg,3,2420,https://cpt.tcgcsv.com/WC83,2022-07-20T19:32:45.013,1,"This listing is <strong>not</strong> a physical item. Please keep in mind that this <strong>Code Card</strong> listing represents a digital copy of the stated item for the Pokémon TCG Online <strong>and/or</strong> the Pokémon TCG Live games. You may receive the physical <strong>Code Card</strong>. Upon purchase, please work with your specific Seller by sending them a message using the <strong>Contact Seller</strong> button on the order details in your <a href=https://store.tcgplayer.com/myaccount/orderhistory>Order History</a> to opt in to having your <strong>Code Card</strong> code delivered digitally due to the nature of the product.",0.14,0.17,0.2,,,Normal,,Code Card,,,,,,,,,,
266520,Code Card - Pale Moon GX Box,Code Card Pale Moon GX Box,https://tcgplayer-cdn.tcgplayer.com/product/266520_200w.jpg,3,2420,https://cpt.tcgcsv.com/qD83,2022-07-20T19:41:55.433,1,"This listing is <strong>not</strong> a physical item. Please keep in mind that this <strong>Code Card</strong> listing represents a digital copy of the stated item for the Pokémon TCG Online <strong>and/or</strong> the Pokémon TCG Live games. You may receive the physical <strong>Code Card</strong>. Upon purchase, please work with your specific Seller by sending them a message using the <strong>Contact Seller</strong> button on the order details in your <a href=https://store.tcgplayer.com/myaccount/orderhistory>Order History</a> to opt in to having your <strong>Code Card</strong> code delivered digitally due to the nature of the product.",,,,,,,,Code Card,,,,,,,,,,
266531,Code Card - Reshiram & Charizard GX Figure Collection,Code Card Reshiram and Charizard GX Figure Collection,https://tcgplayer-cdn.tcgplayer.com/product/266531_200w.jpg,3,2420,https://cpt.tcgcsv.com/FD83,2022-07-20T19:43:31.05,1,"This listing is <strong>not</strong> a physical item. Please keep in mind that this <strong>Code Card</strong> listing represents a digital copy of the stated item for the Pokémon TCG Online <strong>and/or</strong> the Pokémon TCG Live games. You may receive the physical <strong>Code Card</strong>. Upon purchase, please work with your specific Seller by sending them a message using the <strong>Contact Seller</strong> button on the order details in your <a href=https://store.tcgplayer.com/myaccount/orderhistory>Order History</a> to opt in to having your <strong>Code Card</strong> code delivered digitally due to the nature of the product.",0.75,0.8,0.85,0.7,,Normal,,Code Card,,,,,,,,,,
266572,Code Card - Unbroken Bonds 3 Pack Blister [Sceptile],Code Card Unbroken Bonds 3 Pack Blister Sceptile,https://tcgplayer-cdn.tcgplayer.com/product/266572_200w.jpg,3,2420,https://cpt.tcgcsv.com/sF83,2022-07-20T19:30:49.233,1,"This listing is <strong>not</strong> a physical item. Please keep in mind that this <strong>Code Card</strong> listing represents a digital copy of the stated item for the Pokémon TCG Online <strong>and/or</strong> the Pokémon TCG Live games. You may receive the physical <strong>Code Card</strong>. Upon purchase, please work with your specific Seller by sending them a message using the <strong>Contact Seller</strong> button on the order details in your <a href=https://store.tcgplayer.com/myaccount/orderhistory>Order History</a> to opt in to having your <strong>Code Card</strong> code delivered digitally due to the nature of the product.",0.25,0.63,1.0,,,Normal,,Code Card,,,,,,,,,,
266573,Code Card - Unbroken Bonds 3 Pack Blister [Typhlosion],Code Card Unbroken Bonds 3 Pack Blister Typhlosion,https://tcgplayer-cdn.tcgplayer.com/product/266573_200w.jpg,3,2420,https://cpt.tcgcsv.com/tF83,2022-07-20T19:31:01.963,1,"This listing is <strong>not</strong> a physical item. Please keep in mind that this <strong>Code Card</strong> listing represents a digital copy of the stated item for the Pokémon TCG Online <strong>and/or</strong> the Pokémon TCG Live games. You may receive the physical <strong>Code Card</strong>. Upon purchase, please work with your specific Seller by sending them a message using the <strong>Contact Seller</strong> button on the order details in your <a href=https://store.tcgplayer.com/myaccount/orderhistory>Order History</a> to opt in to having your <strong>Code Card</strong> code delivered digitally due to the nature of the product.",0.25,0.25,0.25,,,Normal,,Code Card,,,,,,,,,,
266574,Code Card - Unbroken Bonds Battle Minds Theme Deck - [Mewtwo],Code Card Unbroken Bonds Battle Minds Theme Deck Mewtwo,https://tcgplayer-cdn.tcgplayer.com/product/266574_200w.jpg,3,2420,https://cpt.tcgcsv.com/vF83,2022-07-20T19:31:22.907,1,"This listing is <strong>not</strong> a physical item. Please keep in mind that this <strong>Code Card</strong> listing represents a digital copy of the stated item for the Pokémon TCG Online <strong>and/or</strong> the Pokémon TCG Live games. You may receive the physical <strong>Code Card</strong>. Upon purchase, please work with your specific Seller by sending them a message using the <strong>Contact Seller</strong> button on the order details in your <a href=https://store.tcgplayer.com/myaccount/orderhistory>Order History</a> to opt in to having your <strong>Code Card</strong> code delivered digitally due to the nature of the product.",,,,,,,,Code Card,,,,,,,,,,
266575,Code Card - Unbroken Bonds Elite Trainer Box,Code Card Unbroken Bonds Elite Trainer Box,https://tcgplayer-cdn.tcgplayer.com/product/266575_200w.jpg,3,2420,https://cpt.tcgcsv.com/wF83,2022-07-20T19:31:52.337,1,"This listing is <strong>not</strong> a physical item. Please keep in mind that this <strong>Code Card</strong> listing represents a digital copy of the stated item for the Pokémon TCG Online <strong>and/or</strong> the Pokémon TCG Live games. You may receive the physical <strong>Code Card</strong>. Upon purchase, please work with your specific Seller by sending them a message using the <strong>Contact Seller</strong> button on the order details in your <a href=https://store.tcgplayer.com/myaccount/orderhistory>Order History</a> to opt in to having your <strong>Code Card</strong> code delivered digitally due to the nature of the product.",4.75,5.0,9.95,,,Normal,,Code Card,,,,,,,,,,
266576,Code Card - Unbroken Bonds Lightning Loop Theme Deck - [Zeraora],Code Card Unbroken Bonds Lightning Loop Theme Deck Zeraora,https://tcgplayer-cdn.tcgplayer.com/product/266576_200w.jpg,3,2420,https://cpt.tcgcsv.com/xF83,2022-07-20T19:32:43.447,1,"This listing is <strong>not</strong> a physical item. Please keep in mind that this <strong>Code Card</strong> listing represents a digital copy of the stated item for the Pokémon TCG Online <strong>and/or</strong> the Pokémon TCG Live games. You may receive the physical <strong>Code Card</strong>. Upon purchase, please work with your specific Seller by sending them a message using the <strong>Contact Seller</strong> button on the order details in your <a href=https://store.tcgplayer.com/myaccount/orderhistory>Order History</a> to opt in to having your <strong>Code Card</strong> code delivered digitally due to the nature of the product.",0.49,0.49,0.49,,,Normal,,Code Card,,,,,,,,,,
266577,Code Card - Unbroken Bonds Single Pack Blister [Eevee],Code Card Unbroken Bonds Single Pack Blister Eevee,https://tcgplayer-cdn.tcgplayer.com/product/266577_200w.jpg,3,2420,https://cpt.tcgcsv.com/zF83,2022-07-20T19:33:20.72,1,"This listing is <strong>not</strong> a physical item. Please keep in mind that this <strong>Code Card</strong> listing represents a digital copy of the stated item for the Pokémon TCG Online <strong>and/or</strong> the Pokémon TCG Live games. You may receive the physical <strong>Code Card</strong>. Upon purchase, please work with your specific Seller by sending them a message using the <strong>Contact Seller</strong> button on the order details in your <a href=https://store.tcgplayer.com/myaccount/orderhistory>Order History</a> to opt in to having your <strong>Code Card</strong> code delivered digitally due to the nature of the product.",0.07,0.17,0.5,,,Normal,,Code Card,,,,,,,,,,
266578,Code Card - Unbroken Bonds Single Pack Blister [Pikachu],Code Card Unbroken Bonds Single Pack Blister Pikachu,https://tcgplayer-cdn.tcgplayer.com/product/266578_200w.jpg,3,2420,https://cpt.tcgcsv.com/BF83,2022-07-20T19:34:22.753,1,"This listing is <strong>not</strong> a physical item. Please keep in mind that this <strong>Code Card</strong> listing represents a digital copy of the stated item for the Pokémon TCG Online <strong>and/or</strong> the Pokémon TCG Live games. You may receive the physical <strong>Code Card</strong>. Upon purchase, please work with your specific Seller by sending them a message using the <strong>Contact Seller</strong> button on the order details in your <a href=https://store.tcgplayer.com/myaccount/orderhistory>Order History</a> to opt in to having your <strong>Code Card</strong> code delivered digitally due to the nature of the product.",0.08,0.2,2.09,,,Normal,,Code Card,,,,,,,,,,
266579,Code Card - Unbroken Bonds Single Pack Blister [Steelix],Code Card Unbroken Bonds Single Pack Blister Steelix,https://tcgplayer-cdn.tcgplayer.com/product/266579_200w.jpg,3,2420,https://cpt.tcgcsv.com/CF83,2022-07-20T19:34:43.44,1,"This listing is <strong>not</strong> a physical item. Please keep in mind that this <strong>Code Card</strong> listing represents a digital copy of the stated item for the Pokémon TCG Online <strong>and/or</strong> the Pokémon TCG Live games. You may receive the physical <strong>Code Card</strong>. Upon purchase, please work with your specific Seller by sending them a message using the <strong>Contact Seller</strong> button on the order details in your <a href=https://store.tcgplayer.com/myaccount/orderhistory>Order History</a> to opt in to having your <strong>Code Card</strong> code delivered digitally due to the nature of the product.",0.13,0.13,0.13,,,Normal,,Code Card,,,,,,,,,,
266580,Code Card - Unbroken Bonds Single Pack Blister [Wailord],Code Card Unbroken Bonds Single Pack Blister Wailord,https://tcgplayer-cdn.tcgplayer.com/product/266580_200w.jpg,3,2420,https://cpt.tcgcsv.com/DF83,2022-07-20T19:35:45.28,1,"This listing is <strong>not</strong> a physical item. Please keep in mind that this <strong>Code Card</strong> listing represents a digital copy of the stated item for the Pokémon TCG Online <strong>and/or</strong> the Pokémon TCG Live games. You may receive the physical <strong>Code Card</strong>. Upon purchase, please work with your specific Seller by sending them a message using the <strong>Contact Seller</strong> button on the order details in your <a href=https://store.tcgplayer.com/myaccount/orderhistory>Order History</a> to opt in to having your <strong>Code Card</strong> code delivered digitally due to the nature of the product.",,,,,,,,Code Card,,,,,,,,,,
267045,Unbroken Bonds Booster Pack Art Bundle [Set of 4],Unbroken Bonds Booster Pack Art Bundle Set of 4,https://tcgplayer-cdn.tcgplayer.com/product/267045_200w.jpg,3,2420,https://cpt.tcgcsv.com/WQ83,2022-06-07T19:51:52.447,1,"Collect each of the 4 unique art packs for Sun & Moon—Unbroken Bonds.
<br>Each Sun & Moon—Unbroken Bonds booster pack contains 10 random cards.",270.0,270.0,270.0,,,Normal,,,,,,,,,,,,
276585,Unbroken Bonds Sleeved Booster Pack Art Bundle [Set of 4],Unbroken Bonds Sleeved Booster Pack Art Bundle Set of 4,https://tcgplayer-cdn.tcgplayer.com/product/276585_200w.jpg,3,2420,https://cpt.tcgcsv.com/KFd3,2022-06-20T19:00:29.483,1,"Collect each of the 4 unique art packs for Unbroken Bonds.
<br>Each Unbroken Bonds sleeved booster pack contains 10 random cards.",,,,,,,,,,,,,,,,,,
476522,Code Card - Unbroken Bonds Build & Battle Box,Code Card Unbroken Bonds Build and Battle Box,https://tcgplayer-cdn.tcgplayer.com/product/476522_200w.jpg,3,2420,https://cpt.tcgcsv.com/sDQ5,2023-03-31T16:29:32.213,1,"This listing is <strong>not</strong> a physical item. Please keep in mind that this <strong>Code Card</strong> listing represents a digital copy of the stated item for the Pokémon TCG Online <strong>and/or</strong> the Pokémon TCG Live games. You may receive the physical <strong>Code Card</strong>. Upon purchase, please work with your specific Seller by sending them a message using the <strong>Contact Seller</strong> button on the order details in your <a href=https://store.tcgplayer.com/myaccount/orderhistory>Order History</a> to opt in to having your <strong>Code Card</strong> code delivered digitally due to the nature of the product.",0.84,2.5,4.99,,,Normal,,Code Card,,,,,,,,,,
524331,Unbroken Bonds Sleeved Booster Pack,Unbroken Bonds Sleeved Booster Pack,https://tcgplayer-cdn.tcgplayer.com/product/524331_200w.jpg,3,2420,https://cpt.tcgcsv.com/FLc6,2023-10-25T13:59:29.437,0,Each Unbroken Bonds sleeved booster pack contains 10 random cards.,79.99,79.99,79.99,40.0,,Normal,,,,,,,,,,,,
656707,Unbroken Bonds Sleeved Booster Case,Unbroken Bonds Sleeved Booster Case,https://tcgplayer-cdn.tcgplayer.com/product/656707_200w.jpg,3,2420,https://cpt.tcgcsv.com/9Jg7,2025-10-02T12:47:34.847,0,"Bonds Tempered in Battle!
<br>
When you have a partner you can count on, nothing can stop you! The TAG TEAM Pokémon-GX in the Pokémon TCG: Sun & Moon—Unbroken Bonds expansion show the colossal power of teamwork, including Reshiram & Charizard-GX, the Ultra Beasts Pheromosa & Buzzwole-GX, and Gardevoir & Sylveon-GX...plus, Lucario teams up with the newly discovered Melmetal! With trust and practice, these Pokémon can tackle just about anything, so check out the amazing Pokémon pairings in the Sun & Moon—Unbroken Bonds expansion!
<br><br>
Each Unbroken Bonds sleeved booster pack case contains 144 booster packs.",39999.0,39999.0,39999.0,,,Normal,,,,,,,,,,,,
