productId,name,cleanName,imageUrl,categoryId,groupId,url,modifiedOn,imageCount,extNumber,extRarity,extCardType,extHP,extStage,extAttack1,extAttack2,extWeakness,extResistance,extRetreatCost,lowPrice,midPrice,highPrice,marketPrice,directLowPrice,subTypeName,extCardText,extAttack3,extUPC
83457,Absol G,Absol G,https://tcgplayer-cdn.tcgplayer.com/product/83457_200w.jpg,3,1384,https://cpt.tcgcsv.com/9pH,2022-09-01T07:02:10.443,1,1,Holo Rare,Darkness,70,Basic,"[D] Feint Attack - Chose 1 of your opponent's Pokemon.  This attack does 20 damage to that Pokemon.  This attack's damage isn't affected by Weakness, Resistance, Poke-Powers, Poke-Bodies, or any other effects on that Pokemon.",[2D] Doom News - Return all Energy Cards attached to Absol G to your hand.  The Defending Pokemon is Knocked Out at the end of your opponent's next turn.,Fx2,P-20,1,9.79,16.99,19.99,15.87,,Holofoil,,,
83457,Absol G,Absol G,https://tcgplayer-cdn.tcgplayer.com/product/83457_200w.jpg,3,1384,https://cpt.tcgcsv.com/9pH,2022-09-01T07:02:10.443,1,1,Holo Rare,Darkness,70,Basic,"[D] Feint Attack - Chose 1 of your opponent's Pokemon.  This attack does 20 damage to that Pokemon.  This attack's damage isn't affected by Weakness, Resistance, Poke-Powers, Poke-Bodies, or any other effects on that Pokemon.",[2D] Doom News - Return all Energy Cards attached to Absol G to your hand.  The Defending Pokemon is Knocked Out at the end of your opponent's next turn.,Fx2,P-20,1,7.62,9.0,39.0,15.29,,Reverse Holofoil,,,
83458,Absol G Lv.X,Absol G LvX,https://tcgplayer-cdn.tcgplayer.com/product/83458_200w.jpg,3,1384,https://cpt.tcgcsv.com/bpH,2023-06-14T11:35:49.133,1,141,Ultra Rare,Darkness,100,Level Up,"[1D] Darkness Slugger (30+) You may discard a card from your hand.  If you do, this attack does 30 damage plus 30 more damage.",,Fx2,P-20,1,45.0,59.99,99.99,54.95,99.99,Holofoil,"<b>Poke-POWER</b> Darkness Send 
<br>Once during your turn (before your attack), when you put Absol G LV.X from your hand onto your Active Absol G, you may flip 3 coins.  For each heads, put the top card from your opponent's deck into the Lost Zone.",,
83523,Altaria C,Altaria C,https://tcgplayer-cdn.tcgplayer.com/product/83523_200w.jpg,3,1384,https://cpt.tcgcsv.com/tqH,2022-09-21T18:12:27.227,1,49,Uncommon,Colorless,80,Basic,[2] Sing (20) The Defending Pokemon is now Asleep.,[2] Sonic Wing (30) This attack's damage isn't affected by Resistance.,Cx2,F-20,1,0.8,1.5,2.89,1.71,,Normal,,,
83523,Altaria C,Altaria C,https://tcgplayer-cdn.tcgplayer.com/product/83523_200w.jpg,3,1384,https://cpt.tcgcsv.com/tqH,2022-09-21T18:12:27.227,1,49,Uncommon,Colorless,80,Basic,[2] Sing (20) The Defending Pokemon is now Asleep.,[2] Sonic Wing (30) This attack's damage isn't affected by Resistance.,Cx2,F-20,1,2.35,3.97,5.59,4.12,,Reverse Holofoil,,,
83587,Arcanine,Arcanine,https://tcgplayer-cdn.tcgplayer.com/product/83587_200w.jpg,3,1384,https://cpt.tcgcsv.com/MrH,2022-08-20T13:17:36.477,1,50,Uncommon,Fire,80,Stage 1,[2] Overrun (20) Does 10 damage to 1 of your opponent's Benched Pokemon.  (Don't apply Weakness and Resistance for Benched Pokemon.),[3R] Combustion (40),W+20,,3,1.44,1.98,34.16,2.01,,Normal,,,
83587,Arcanine,Arcanine,https://tcgplayer-cdn.tcgplayer.com/product/83587_200w.jpg,3,1384,https://cpt.tcgcsv.com/MrH,2022-08-20T13:17:36.477,1,50,Uncommon,Fire,80,Stage 1,[2] Overrun (20) Does 10 damage to 1 of your opponent's Benched Pokemon.  (Don't apply Weakness and Resistance for Benched Pokemon.),[3R] Combustion (40),W+20,,3,6.0,6.99,9.76,10.98,,Reverse Holofoil,,,
83591,Arcanine G,Arcanine G,https://tcgplayer-cdn.tcgplayer.com/product/83591_200w.jpg,3,1384,https://cpt.tcgcsv.com/RrH,2023-06-23T14:13:04.81,1,15,Rare,Fire,90,Basic,[2R] Overrun (40) Does 20 damage to 1 of your opponent's Benched Pokemon.  (Don't apply Weakness and Resistance for Benched Pokemon.),,Wx2,,2,4.0,6.92,8.1,7.44,,Normal,Extreme Speed - Arcanine G's Retreat Cost is 1 less for each R Energy attached to Arcanine G.  (Poke-BODY),,
83591,Arcanine G,Arcanine G,https://tcgplayer-cdn.tcgplayer.com/product/83591_200w.jpg,3,1384,https://cpt.tcgcsv.com/RrH,2023-06-23T14:13:04.81,1,15,Rare,Fire,90,Basic,[2R] Overrun (40) Does 20 damage to 1 of your opponent's Benched Pokemon.  (Don't apply Weakness and Resistance for Benched Pokemon.),,Wx2,,2,4.49,5.6,6.71,7.8,,Reverse Holofoil,Extreme Speed - Arcanine G's Retreat Cost is 1 less for each R Energy attached to Arcanine G.  (Poke-BODY),,
83650,Articuno (16),Articuno 16,https://tcgplayer-cdn.tcgplayer.com/product/83650_200w.jpg,3,1384,https://cpt.tcgcsv.com/0tH,2021-12-27T21:20:09.707,1,16,Rare,Water,100,Basic,"[2W] Sharp Beak (30+) Flip a coin.  If heads, this attack does 30 damage plus 10 more damage.","[2WW] Ice Beam (50) Flip a coin.  If heads, the Defending Pokemon is now Paralyzed.",M+30,F-20,2,4.5,6.04,9.95,7.72,,Normal,,,
83650,Articuno (16),Articuno 16,https://tcgplayer-cdn.tcgplayer.com/product/83650_200w.jpg,3,1384,https://cpt.tcgcsv.com/0tH,2021-12-27T21:20:09.707,1,16,Rare,Water,100,Basic,"[2W] Sharp Beak (30+) Flip a coin.  If heads, this attack does 30 damage plus 10 more damage.","[2WW] Ice Beam (50) Flip a coin.  If heads, the Defending Pokemon is now Paralyzed.",M+30,F-20,2,5.83,12.49,504.82,11.24,,Reverse Holofoil,,,
83651,Articuno (148),Articuno 148,https://tcgplayer-cdn.tcgplayer.com/product/83651_200w.jpg,3,1384,https://cpt.tcgcsv.com/2tH,2015-02-25T19:36:15.15,1,148,Secret Rare,Water,70,Basic,"[WWW] Diamond Dust (20) Flip a coin.  If heads, the Defending Pokemon is now Paralyzed and this attack does 10 damage to each of your opponent's Benched Pokemon.  (Don't apply Weakness and Resistance for Benched Pokemon.)",,,F-30,1,149.98,216.67,1000.0,148.41,,Holofoil,,,
83717,Baltoy,Baltoy,https://tcgplayer-cdn.tcgplayer.com/product/83717_200w.jpg,3,1384,https://cpt.tcgcsv.com/mvH,2015-02-25T18:33:44.24,1,89,Common,Psychic,50,Basic,[1] Spinning Attack (10),[2] Quick Turn (20x) Flip 2 coins.  This attack does 20 damage times the number of heads.,P+10,,1,0.1,0.69,1.77,0.87,,Normal,,,
83717,Baltoy,Baltoy,https://tcgplayer-cdn.tcgplayer.com/product/83717_200w.jpg,3,1384,https://cpt.tcgcsv.com/mvH,2015-02-25T18:33:44.24,1,89,Common,Psychic,50,Basic,[1] Spinning Attack (10),[2] Quick Turn (20x) Flip 2 coins.  This attack does 20 damage times the number of heads.,P+10,,1,3.07,3.62,9.99,2.0,,Reverse Holofoil,,,
83742,Battle Tower,Battle Tower,https://tcgplayer-cdn.tcgplayer.com/product/83742_200w.jpg,3,1384,https://cpt.tcgcsv.com/SvH,2025-02-05T21:06:35.96,1,134,Uncommon,Stadium,0,Stadium,"Whenever any player plays any Pokemon from his or her hand to Level-Up his or her Pokemon, remove 4 damage counters on that Pokemon.",,,,,0.09,0.3,1.47,0.27,,Normal,"This card stays in play when you play it.  Discard this card if another Stadium card comes into play.  If another card with the same name is in play, you can't play this card.",,
83742,Battle Tower,Battle Tower,https://tcgplayer-cdn.tcgplayer.com/product/83742_200w.jpg,3,1384,https://cpt.tcgcsv.com/SvH,2025-02-05T21:06:35.96,1,134,Uncommon,Stadium,0,Stadium,"Whenever any player plays any Pokemon from his or her hand to Level-Up his or her Pokemon, remove 4 damage counters on that Pokemon.",,,,,0.43,0.81,1.95,1.0,,Reverse Holofoil,"This card stays in play when you play it.  Discard this card if another Stadium card comes into play.  If another card with the same name is in play, you can't play this card.",,
83790,Beldum,Beldum,https://tcgplayer-cdn.tcgplayer.com/product/83790_200w.jpg,3,1384,https://cpt.tcgcsv.com/QwH,2015-02-25T18:34:32.47,1,90,Common,Metal,50,Basic,"[1] Pit Search - Search your deck for a Stadium card, show it to your opponent, and put it into your hand.  Shuffle your deck afterward.",[M] Ram (10),R+10,P-20,2,0.1,0.25,1.0,0.25,,Normal,,,
83790,Beldum,Beldum,https://tcgplayer-cdn.tcgplayer.com/product/83790_200w.jpg,3,1384,https://cpt.tcgcsv.com/QwH,2015-02-25T18:34:32.47,1,90,Common,Metal,50,Basic,"[1] Pit Search - Search your deck for a Stadium card, show it to your opponent, and put it into your hand.  Shuffle your deck afterward.",[M] Ram (10),R+10,P-20,2,0.75,4.0,8.98,3.9,,Reverse Holofoil,,,
83819,Bibarel,Bibarel,https://tcgplayer-cdn.tcgplayer.com/product/83819_200w.jpg,3,1384,https://cpt.tcgcsv.com/pxH,2015-02-25T18:06:28.707,1,51,Uncommon,Colorless,90,Stage 1,[2] Rolling Tackle (20),[3] Tail Rap (30x) Flip 2 coins.  This attack does 30 damage times the number of heads.,F+20,,3,0.1,0.4,0.99,0.4,,Normal,,,
83819,Bibarel,Bibarel,https://tcgplayer-cdn.tcgplayer.com/product/83819_200w.jpg,3,1384,https://cpt.tcgcsv.com/pxH,2015-02-25T18:06:28.707,1,51,Uncommon,Colorless,90,Stage 1,[2] Rolling Tackle (20),[3] Tail Rap (30x) Flip 2 coins.  This attack does 30 damage times the number of heads.,F+20,,3,0.66,0.99,2.5,1.76,,Reverse Holofoil,,,
83828,Bidoof,Bidoof,https://tcgplayer-cdn.tcgplayer.com/product/83828_200w.jpg,3,1384,https://cpt.tcgcsv.com/BxH,2015-02-25T18:34:59.973,1,91,Common,Colorless,60,Basic,"[1] Whimsy Tackle (20) Flip a coin.  If tails, this attack does nothing.",,F+10,,2,0.15,0.46,1.47,0.42,,Normal,,,
83828,Bidoof,Bidoof,https://tcgplayer-cdn.tcgplayer.com/product/83828_200w.jpg,3,1384,https://cpt.tcgcsv.com/BxH,2015-02-25T18:34:59.973,1,91,Common,Colorless,60,Basic,"[1] Whimsy Tackle (20) Flip a coin.  If tails, this attack does nothing.",,F+10,,2,0.5,0.7,0.75,8.87,,Reverse Holofoil,,,
83914,Blaziken FB,Blaziken FB,https://tcgplayer-cdn.tcgplayer.com/product/83914_200w.jpg,3,1384,https://cpt.tcgcsv.com/jBH,2015-02-25T15:34:48.433,1,2,Holo Rare,Fire,80,Basic,[R] Luring Flame - Switch the Defending Pokemon with 1 of your opponent's Benched Pokemon.  The new Defending Pokemon is now Burned.,"[1R] Vapor Kick (30+) If your opponent has any W Pokemon in play, this attack does 30 damage plus 30 more damage.",Wx2,,1,12.0,18.12,30.0,13.08,,Holofoil,,,
83914,Blaziken FB,Blaziken FB,https://tcgplayer-cdn.tcgplayer.com/product/83914_200w.jpg,3,1384,https://cpt.tcgcsv.com/jBH,2015-02-25T15:34:48.433,1,2,Holo Rare,Fire,80,Basic,[R] Luring Flame - Switch the Defending Pokemon with 1 of your opponent's Benched Pokemon.  The new Defending Pokemon is now Burned.,"[1R] Vapor Kick (30+) If your opponent has any W Pokemon in play, this attack does 30 damage plus 30 more damage.",Wx2,,1,6.68,8.62,15.01,14.73,,Reverse Holofoil,,,
83915,Blaziken FB Lv.X,Blaziken FB LvX,https://tcgplayer-cdn.tcgplayer.com/product/83915_200w.jpg,3,1384,https://cpt.tcgcsv.com/kBH,2015-02-25T19:31:50.067,1,142,Ultra Rare,Fire,110,Level Up,"[1R] Jet Shoot (80) During your opponent's next turn, any damage done to Blaziken FB by attacks is increased by 40 (after applying Weakness and Resistance).",,Wx2,,1,60.0,70.0,125.0,54.77,,Holofoil,"<b>Poke-BODY</b> Burning Spirit 
<br>Any damage done by attacks to a Burned Pokemon (both yours and your opponent's) is increased by 40 (after applying Weakness and Resistance).  No more than 40 damage can be added by all Burning Spirit Poke-Bodies.",,
83958,Breloom,Breloom,https://tcgplayer-cdn.tcgplayer.com/product/83958_200w.jpg,3,1384,https://cpt.tcgcsv.com/bCH,2023-08-16T19:04:59.093,1,52,Uncommon,Fighting,90,Stage 1,[F] Hover Hit (40) The Retreat Cost for the Defending Pokemon is 0 until the end of your next turn.,"[2] Crash Bomber (20+) If the Defending Pokemon has any Special Energy cards attached to it, this attack does 20 damage plus 40 more damage.  Then, discard a Special Energy card attached to the Defending Pokemon.",R+20,,1,0.1,0.51,1.25,0.61,,Normal,,,
83958,Breloom,Breloom,https://tcgplayer-cdn.tcgplayer.com/product/83958_200w.jpg,3,1384,https://cpt.tcgcsv.com/bCH,2023-08-16T19:04:59.093,1,52,Uncommon,Fighting,90,Stage 1,[F] Hover Hit (40) The Retreat Cost for the Defending Pokemon is 0 until the end of your next turn.,"[2] Crash Bomber (20+) If the Defending Pokemon has any Special Energy cards attached to it, this attack does 20 damage plus 40 more damage.  Then, discard a Special Energy card attached to the Defending Pokemon.",R+20,,1,4.0,4.64,6.25,4.5,,Reverse Holofoil,,,
84021,Buizel,Buizel,https://tcgplayer-cdn.tcgplayer.com/product/84021_200w.jpg,3,1384,https://cpt.tcgcsv.com/rDH,2015-02-25T18:35:22.487,1,92,Common,Water,50,Basic,[1] Tackle (10),[1W] Wave Splash (20),L+10,,1,0.05,0.33,2.92,0.59,,Normal,,,
84021,Buizel,Buizel,https://tcgplayer-cdn.tcgplayer.com/product/84021_200w.jpg,3,1384,https://cpt.tcgcsv.com/rDH,2015-02-25T18:35:22.487,1,92,Common,Water,50,Basic,[1] Tackle (10),[1W] Wave Splash (20),L+10,,1,0.49,3.0,3.22,9.45,,Reverse Holofoil,,,
84035,Bulbasaur,Bulbasaur,https://tcgplayer-cdn.tcgplayer.com/product/84035_200w.jpg,3,1384,https://cpt.tcgcsv.com/KDH,2015-02-25T18:36:04.157,1,93,Common,Grass,60,Basic,[1] Tackle (10),[1G] Vine Whip (20),R+10,,1,0.45,1.2,5.3,1.57,,Normal,,,
84043,Buneary,Buneary,https://tcgplayer-cdn.tcgplayer.com/product/84043_200w.jpg,3,1384,https://cpt.tcgcsv.com/TDH,2022-05-14T15:13:57.68,1,94,Common,Colorless,50,Basic,[1] Bounce - Switch Buneary with 1 of your Benched Pokemon.,[2] Mini Drain (20) Remove 1 damage counter from Buneary.,F+10,,1,0.1,0.43,1.4,0.37,,Normal,,,
84043,Buneary,Buneary,https://tcgplayer-cdn.tcgplayer.com/product/84043_200w.jpg,3,1384,https://cpt.tcgcsv.com/TDH,2022-05-14T15:13:57.68,1,94,Common,Colorless,50,Basic,[1] Bounce - Switch Buneary with 1 of your Benched Pokemon.,[2] Mini Drain (20) Remove 1 damage counter from Buneary.,F+10,,1,0.8,2.6,10.25,4.99,,Reverse Holofoil,,,
84068,Butterfree FB,Butterfree FB,https://tcgplayer-cdn.tcgplayer.com/product/84068_200w.jpg,3,1384,https://cpt.tcgcsv.com/nFH,2022-03-17T18:07:26.2,1,17,Rare,Grass,90,Basic,[2G] Select Powder (30) Choose either Burned or Poisoned.  The Defending Pokemon is now affected by that Special Condition.,,Rx2,F-20,1,2.0,6.5,10.7,6.6,,Normal,"Compound Eyes - If your opponent's Active Pokemon has any Poke-Bodies, each of Butterfree FB's attacks does 30 more damage to the Active Pokemon (before applying Weakness and Resistance.)  (Poke-BODY)",,
84068,Butterfree FB,Butterfree FB,https://tcgplayer-cdn.tcgplayer.com/product/84068_200w.jpg,3,1384,https://cpt.tcgcsv.com/nFH,2022-03-17T18:07:26.2,1,17,Rare,Grass,90,Basic,[2G] Select Powder (30) Choose either Burned or Poisoned.  The Defending Pokemon is now affected by that Special Condition.,,Rx2,F-20,1,3.99,12.98,14.99,8.02,,Reverse Holofoil,"Compound Eyes - If your opponent's Active Pokemon has any Poke-Bodies, each of Butterfree FB's attacks does 30 more damage to the Active Pokemon (before applying Weakness and Resistance.)  (Poke-BODY)",,
84094,Camerupt,Camerupt,https://tcgplayer-cdn.tcgplayer.com/product/84094_200w.jpg,3,1384,https://cpt.tcgcsv.com/VFH,2024-01-11T18:43:59.363,1,18,Rare,Fire,120,Stage 1,[2] Moving Fire (30) You may move a R Energy card attached to 1 of your Benched Pokemon to Camerupt.,"[2RR] Volcanic Crash (100) Flip 3 coins.  For each tails, discard the top card of your deck.  Ignore this effect if your opponent has any W Pokemon in play.",W+30,,4,0.3,0.59,0.99,0.73,,Normal,,,
84094,Camerupt,Camerupt,https://tcgplayer-cdn.tcgplayer.com/product/84094_200w.jpg,3,1384,https://cpt.tcgcsv.com/VFH,2024-01-11T18:43:59.363,1,18,Rare,Fire,120,Stage 1,[2] Moving Fire (30) You may move a R Energy card attached to 1 of your Benched Pokemon to Camerupt.,"[2RR] Volcanic Crash (100) Flip 3 coins.  For each tails, discard the top card of your deck.  Ignore this effect if your opponent has any W Pokemon in play.",W+30,,4,0.99,2.0,3.0,1.88,,Reverse Holofoil,,,
84097,Camerupt G,Camerupt G,https://tcgplayer-cdn.tcgplayer.com/product/84097_200w.jpg,3,1384,https://cpt.tcgcsv.com/ZFH,2025-02-05T21:06:36.01,1,19,Rare,Fire,100,Basic,[1R] Searing Flame (20) The Defending Pokemon is now Burned.,[4] Earth Power (60) Flip 2 coins.  This attack does 10 damage times the number of heads to each of your opponent's Benched Pokemon.  (Don't apply Weakness and Resistance for Benched Pokemon.),Wx2,,3,0.38,0.73,2.0,0.73,,Normal,,,
84097,Camerupt G,Camerupt G,https://tcgplayer-cdn.tcgplayer.com/product/84097_200w.jpg,3,1384,https://cpt.tcgcsv.com/ZFH,2025-02-05T21:06:36.01,1,19,Rare,Fire,100,Basic,[1R] Searing Flame (20) The Defending Pokemon is now Burned.,[4] Earth Power (60) Flip 2 coins.  This attack does 10 damage times the number of heads to each of your opponent's Benched Pokemon.  (Don't apply Weakness and Resistance for Benched Pokemon.),Wx2,,3,0.5,1.16,5.4,1.1,,Reverse Holofoil,,,
84103,Carnivine,Carnivine,https://tcgplayer-cdn.tcgplayer.com/product/84103_200w.jpg,3,1384,https://cpt.tcgcsv.com/5GH,2021-12-12T14:52:34.327,1,53,Uncommon,Grass,80,Basic,[2] Vine Whip (20),"[1GG] Swallow (30) Flip a coin.  If heads, remove from Carnivine the number of damage counters equal to the damage you did to the Defending Pokemon.",R+20,W-20,2,0.21,0.44,1.25,0.34,,Normal,,,
84103,Carnivine,Carnivine,https://tcgplayer-cdn.tcgplayer.com/product/84103_200w.jpg,3,1384,https://cpt.tcgcsv.com/5GH,2021-12-12T14:52:34.327,1,53,Uncommon,Grass,80,Basic,[2] Vine Whip (20),"[1GG] Swallow (30) Flip a coin.  If heads, remove from Carnivine the number of damage counters equal to the damage you did to the Defending Pokemon.",R+20,W-20,2,0.67,1.49,2.66,2.14,,Reverse Holofoil,,,
84161,Champion's Room,Champions Room,https://tcgplayer-cdn.tcgplayer.com/product/84161_200w.jpg,3,1384,https://cpt.tcgcsv.com/fHH,2022-03-08T17:23:00.673,1,135,Uncommon,Stadium,0,Stadium,The Retreat Cost for each Pokemon SP (both yours and your opponent's) is 1 less.,,,,,0.13,0.25,1.52,0.23,0.2,Normal,"This card stays in play when you play it.  Discard this card if another Stadium card comes into play.  If another card with the same name is in play, you can't play this card.",,
84161,Champion's Room,Champions Room,https://tcgplayer-cdn.tcgplayer.com/product/84161_200w.jpg,3,1384,https://cpt.tcgcsv.com/fHH,2022-03-08T17:23:00.673,1,135,Uncommon,Stadium,0,Stadium,The Retreat Cost for each Pokemon SP (both yours and your opponent's) is 1 less.,,,,,0.75,1.0,4.0,1.7,0.75,Reverse Holofoil,"This card stays in play when you play it.  Discard this card if another Stadium card comes into play.  If another card with the same name is in play, you can't play this card.",,
84200,Charizard G,Charizard G,https://tcgplayer-cdn.tcgplayer.com/product/84200_200w.jpg,3,1384,https://cpt.tcgcsv.com/0JH,2015-02-25T17:42:37.083,1,20,Rare,Fire,100,Basic,"[1R] Flame Jet - Flip a coin.  If heads, this attack does 40 damage to 1 of your opponent's Pokemon.  (Don't apply Weakness and Resistance for Benched Pokemon.)",[2R] Heat Blast (50),Wx2,F-20,3,24.74,33.8,59.97,35.37,27.4,Normal,,,
84200,Charizard G,Charizard G,https://tcgplayer-cdn.tcgplayer.com/product/84200_200w.jpg,3,1384,https://cpt.tcgcsv.com/0JH,2015-02-25T17:42:37.083,1,20,Rare,Fire,100,Basic,"[1R] Flame Jet - Flip a coin.  If heads, this attack does 40 damage to 1 of your opponent's Pokemon.  (Don't apply Weakness and Resistance for Benched Pokemon.)",[2R] Heat Blast (50),Wx2,F-20,3,60.0,88.75,99.99,98.32,,Reverse Holofoil,,,
84201,Charizard G Lv.X,Charizard G LvX,https://tcgplayer-cdn.tcgplayer.com/product/84201_200w.jpg,3,1384,https://cpt.tcgcsv.com/2JH,2016-01-13T18:07:28.223,1,143,Ultra Rare,Fire,120,Level Up,"[3RR] Malevolent Fire (150) Flip a coin.  If tails, discard all Energy attached to Charizard G.",,Wx2,F-20,3,88.0,146.93,205.44,165.78,,Holofoil,"<b>Poke-POWER</b> Call for Power 
<br>As often as you like during your turn (before your attack), you may move an Energy attached to 1 of your Pokemon to Charizard G.  This power can't be used if Charizard G is affected by a Special Condition.",,
84242,Chatot,Chatot,https://tcgplayer-cdn.tcgplayer.com/product/84242_200w.jpg,3,1384,https://cpt.tcgcsv.com/SJH,2021-09-07T17:33:19.05,1,95,Common,Colorless,60,Basic,[1] Call for Family - Search your deck for a Basic Pokemon and put it onto your Bench.  Shuffle your deck afterward.,"[2] Nosedive (30) Flip a coin.  If tails, Chatot does 10 damage to itself.",L+10,F-20,1,0.13,0.35,1.0,0.36,,Normal,,,
84242,Chatot,Chatot,https://tcgplayer-cdn.tcgplayer.com/product/84242_200w.jpg,3,1384,https://cpt.tcgcsv.com/SJH,2021-09-07T17:33:19.05,1,95,Common,Colorless,60,Basic,[1] Call for Family - Search your deck for a Basic Pokemon and put it onto your Bench.  Shuffle your deck afterward.,"[2] Nosedive (30) Flip a coin.  If tails, Chatot does 10 damage to itself.",L+10,F-20,1,2.4,6.24,14.97,9.98,,Reverse Holofoil,,,
84245,Chatot G,Chatot G,https://tcgplayer-cdn.tcgplayer.com/product/84245_200w.jpg,3,1384,https://cpt.tcgcsv.com/WJH,2023-04-19T20:57:34.347,1,54,Uncommon,Colorless,60,Basic,"[0] Search and Escape - Search your deck for a Trainer card, show it to your opponent, and put it into your hand.  Put Chatot G and all cards attached to it on top of your deck.  Shuffle your deck afterward.",,Lx2,F-20,1,0.64,1.15,1.79,1.3,,Normal,"Disrupting Spy - Once during your turn, when you put Chatot G from your hand onto your Bench, you may look at the top 4 cards of your opponent's deck.  Put them back on top of your opponent's deck in any order.  (Poke-POWER)",,
84245,Chatot G,Chatot G,https://tcgplayer-cdn.tcgplayer.com/product/84245_200w.jpg,3,1384,https://cpt.tcgcsv.com/WJH,2023-04-19T20:57:34.347,1,54,Uncommon,Colorless,60,Basic,"[0] Search and Escape - Search your deck for a Trainer card, show it to your opponent, and put it into your hand.  Put Chatot G and all cards attached to it on top of your deck.  Shuffle your deck afterward.",,Lx2,F-20,1,1.0,1.49,2.17,2.17,,Reverse Holofoil,"Disrupting Spy - Once during your turn, when you put Chatot G from your hand onto your Bench, you may look at the top 4 cards of your opponent's deck.  Put them back on top of your opponent's deck in any order.  (Poke-POWER)",,
84254,Cherrim,Cherrim,https://tcgplayer-cdn.tcgplayer.com/product/84254_200w.jpg,3,1384,https://cpt.tcgcsv.com/6KH,2025-02-05T21:06:36.057,1,55,Uncommon,Grass,80,Stage 1,[0] Ram (20),[G] Petal Dance (30x) Flip 3 coins.  This attack does 30 damage times the number of heads.  Cherrim is now Confused.,R+20,W-20,1,0.27,0.97,2.14,0.98,,Normal,,,
84254,Cherrim,Cherrim,https://tcgplayer-cdn.tcgplayer.com/product/84254_200w.jpg,3,1384,https://cpt.tcgcsv.com/6KH,2025-02-05T21:06:36.057,1,55,Uncommon,Grass,80,Stage 1,[0] Ram (20),[G] Petal Dance (30x) Flip 3 coins.  This attack does 30 damage times the number of heads.  Cherrim is now Confused.,R+20,W-20,1,0.56,1.0,2.99,2.11,,Reverse Holofoil,,,
84262,Cherubi,Cherubi,https://tcgplayer-cdn.tcgplayer.com/product/84262_200w.jpg,3,1384,https://cpt.tcgcsv.com/gKH,2021-11-07T15:42:42.073,1,96,Common,Grass,50,Basic,[0] Growth - Attach a G Energy card from your hand to Cherubi.,[G] Razor Leaf (10),R+10,W-20,1,0.01,0.52,0.99,0.54,,Normal,,,
84290,Chimchar,Chimchar,https://tcgplayer-cdn.tcgplayer.com/product/84290_200w.jpg,3,1384,https://cpt.tcgcsv.com/QKH,2015-02-25T18:41:18.087,1,97,Common,Fire,50,Basic,[R] Chop (10),"[2] Jump On (10+) Flip a coin.  If heads, this attack does 10 damage plus 20 more damage.",W+10,,1,0.15,0.31,1.77,0.31,0.25,Normal,,,
84290,Chimchar,Chimchar,https://tcgplayer-cdn.tcgplayer.com/product/84290_200w.jpg,3,1384,https://cpt.tcgcsv.com/QKH,2015-02-25T18:41:18.087,1,97,Common,Fire,50,Basic,[R] Chop (10),"[2] Jump On (10+) Flip a coin.  If heads, this attack does 10 damage plus 20 more damage.",W+10,,1,3.0,3.99,4.49,2.83,,Reverse Holofoil,,,
84296,Chimecho,Chimecho,https://tcgplayer-cdn.tcgplayer.com/product/84296_200w.jpg,3,1384,https://cpt.tcgcsv.com/XKH,2025-02-05T21:06:36.117,1,21,Rare,Psychic,70,Basic,[1] Heal Bell - Remove 3 damage counters from each of your Pokemon.,[P] Super Psywave Choose 1 of your opponent's Pokemon.  Count the amount of Energy attached to that Pokemon.  Put that many damage counters on the Pokemon.,P+20,,1,0.5,0.89,2.74,1.12,,Normal,,,
84296,Chimecho,Chimecho,https://tcgplayer-cdn.tcgplayer.com/product/84296_200w.jpg,3,1384,https://cpt.tcgcsv.com/XKH,2025-02-05T21:06:36.117,1,21,Rare,Psychic,70,Basic,[1] Heal Bell - Remove 3 damage counters from each of your Pokemon.,[P] Super Psywave Choose 1 of your opponent's Pokemon.  Count the amount of Energy attached to that Pokemon.  Put that many damage counters on the Pokemon.,P+20,,1,1.46,1.77,3.0,2.0,,Reverse Holofoil,,,
84315,Chingling,Chingling,https://tcgplayer-cdn.tcgplayer.com/product/84315_200w.jpg,3,1384,https://cpt.tcgcsv.com/kLH,2023-04-20T13:36:34.54,1,98,Common,Psychic,50,Basic,[0] Chime - Search your opponent's discard pile for a Supporter card and use the effect of that card as the effect of this attack.  (The Supporter card remains in your opponent's discard pile.),,P+10,,1,2.14,3.08,999.99,3.77,2.92,Normal,"Baby Evolution - Once during your turn (before your attack), you may put Chimecho from your hand onto Chingling (this counts as evolving Chingling) and remove all damage counters from Chingling.  (Poke-POWER)",,
84315,Chingling,Chingling,https://tcgplayer-cdn.tcgplayer.com/product/84315_200w.jpg,3,1384,https://cpt.tcgcsv.com/kLH,2023-04-20T13:36:34.54,1,98,Common,Psychic,50,Basic,[0] Chime - Search your opponent's discard pile for a Supporter card and use the effect of that card as the effect of this attack.  (The Supporter card remains in your opponent's discard pile.),,P+10,,1,10.26,30.13,49.99,12.0,,Reverse Holofoil,"Baby Evolution - Once during your turn (before your attack), you may put Chimecho from your hand onto Chingling (this counts as evolving Chingling) and remove all damage counters from Chingling.  (Poke-POWER)",,
84338,Claydol,Claydol,https://tcgplayer-cdn.tcgplayer.com/product/84338_200w.jpg,3,1384,https://cpt.tcgcsv.com/NLH,2024-10-18T11:44:23.25,1,22,Rare,Psychic,90,Stage 1,[2] Antique Magic - Put 3 damage counters on any Pokemon (both yours and your opponent's) in any way you like.,"[PP] Synchro Attack (30) If the Defending Pokemon has the same remaining HP as Claydol, this attack's base damage is 90 instead of 30.",P+20,,1,0.3,0.51,1.09,0.57,0.39,Normal,,,
84338,Claydol,Claydol,https://tcgplayer-cdn.tcgplayer.com/product/84338_200w.jpg,3,1384,https://cpt.tcgcsv.com/NLH,2024-10-18T11:44:23.25,1,22,Rare,Psychic,90,Stage 1,[2] Antique Magic - Put 3 damage counters on any Pokemon (both yours and your opponent's) in any way you like.,"[PP] Synchro Attack (30) If the Defending Pokemon has the same remaining HP as Claydol, this attack's base damage is 90 instead of 30.",P+20,,1,0.5,0.94,5.0,1.25,,Reverse Holofoil,,,
84396,Combee,Combee,https://tcgplayer-cdn.tcgplayer.com/product/84396_200w.jpg,3,1384,https://cpt.tcgcsv.com/XMH,2015-02-25T18:42:08.363,1,99,Common,Grass,40,Basic,[G] Nap - Remove 2 damage counters from Combee.,[2] Zzzt (20),R+10,F-20,1,0.05,0.31,8.97,0.31,,Normal,,,
84396,Combee,Combee,https://tcgplayer-cdn.tcgplayer.com/product/84396_200w.jpg,3,1384,https://cpt.tcgcsv.com/XMH,2015-02-25T18:42:08.363,1,99,Common,Grass,40,Basic,[G] Nap - Remove 2 damage counters from Combee.,[2] Zzzt (20),R+10,F-20,1,0.85,0.97,1.5,0.95,,Reverse Holofoil,,,
84436,Corphish,Corphish,https://tcgplayer-cdn.tcgplayer.com/product/84436_200w.jpg,3,1384,https://cpt.tcgcsv.com/LNH,2015-02-25T18:53:28.73,1,100,Common,Water,50,Basic,[1] Crabhammer (10),"[W] Sharp Pincers (10+) Flip a coin.  If heads, this attack does 10 damage plus 10 more damage.",L+10,,1,0.09,0.25,1.4,0.26,,Normal,,,
84436,Corphish,Corphish,https://tcgplayer-cdn.tcgplayer.com/product/84436_200w.jpg,3,1384,https://cpt.tcgcsv.com/LNH,2015-02-25T18:53:28.73,1,100,Common,Water,50,Basic,[1] Crabhammer (10),"[W] Sharp Pincers (10+) Flip a coin.  If heads, this attack does 10 damage plus 10 more damage.",L+10,,1,0.5,0.75,5.0,2.85,,Reverse Holofoil,,,
84466,Crawdaunt G,Crawdaunt G,https://tcgplayer-cdn.tcgplayer.com/product/84466_200w.jpg,3,1384,https://cpt.tcgcsv.com/lPH,2015-02-25T17:44:12.71,1,23,Rare,Darkness,80,Basic,[1] Smash Turn (10) You may switch Crawdaunt G with 1 of your Benched Pokemon.,"[2D] Hyper Beam (40) Flip a coin.  If heads, discard an Energy card attached to the Defending Pokemon.",Lx2,,1,0.85,2.15,7.22,2.39,,Normal,,,
84466,Crawdaunt G,Crawdaunt G,https://tcgplayer-cdn.tcgplayer.com/product/84466_200w.jpg,3,1384,https://cpt.tcgcsv.com/lPH,2015-02-25T17:44:12.71,1,23,Rare,Darkness,80,Basic,[1] Smash Turn (10) You may switch Crawdaunt G with 1 of your Benched Pokemon.,"[2D] Hyper Beam (40) Flip a coin.  If heads, discard an Energy card attached to the Defending Pokemon.",Lx2,,1,1.99,2.39,2.79,2.95,,Reverse Holofoil,,,
84477,Croagunk,Croagunk,https://tcgplayer-cdn.tcgplayer.com/product/84477_200w.jpg,3,1384,https://cpt.tcgcsv.com/zPH,2024-05-30T21:07:36.243,1,101,Common,Psychic,60,Basic,[1] Hook (10),[1P] Corkscrew Punch (20),P+10,,1,0.09,0.28,1.44,0.32,,Normal,,,
84477,Croagunk,Croagunk,https://tcgplayer-cdn.tcgplayer.com/product/84477_200w.jpg,3,1384,https://cpt.tcgcsv.com/zPH,2024-05-30T21:07:36.243,1,101,Common,Psychic,60,Basic,[1] Hook (10),[1P] Corkscrew Punch (20),P+10,,1,0.49,0.67,1.18,2.0,,Reverse Holofoil,,,
84556,Cynthia's Guidance,Cynthias Guidance,https://tcgplayer-cdn.tcgplayer.com/product/84556_200w.jpg,3,1384,https://cpt.tcgcsv.com/8RH,2022-03-08T17:31:42.857,1,136,Uncommon,Supporter,0,Supporter,"Look at the top 7 cards of your deck, choose 1 of them, and put it into your hand.  Put the other cards back on top of your deck.  Shuffle your deck afterward.",,,,,0.25,0.61,1.84,0.66,0.5,Normal,"You can play only one Supporter each turn.  When you play this card, put it next to your Active Pokemon.  When your turn ends, discard this card.",,
84556,Cynthia's Guidance,Cynthias Guidance,https://tcgplayer-cdn.tcgplayer.com/product/84556_200w.jpg,3,1384,https://cpt.tcgcsv.com/8RH,2022-03-08T17:31:42.857,1,136,Uncommon,Supporter,0,Supporter,"Look at the top 7 cards of your deck, choose 1 of them, and put it into your hand.  Put the other cards back on top of your deck.  Shuffle your deck afterward.",,,,,1.06,1.14,1.98,3.37,,Reverse Holofoil,"You can play only one Supporter each turn.  When you play this card, put it next to your Active Pokemon.  When your turn ends, discard this card.",,
84558,Cyrus's Initiative,Cyruss Initiative,https://tcgplayer-cdn.tcgplayer.com/product/84558_200w.jpg,3,1384,https://cpt.tcgcsv.com/bRH,2025-02-05T21:06:36.163,1,137,Uncommon,Supporter,0,Supporter,"Flip 2 coins.  If either of them is heads, look at your opponent's hand.  For each heads, choose 1 card from your opponent's hand and put it on the bottom of your opponent's deck in any order.",,,,,0.19,0.45,2.24,0.48,,Normal,"You can play only one Supporter each turn.  When you play this card, put it next to your Active Pokemon.  When your turn ends, discard this card.",,
84558,Cyrus's Initiative,Cyruss Initiative,https://tcgplayer-cdn.tcgplayer.com/product/84558_200w.jpg,3,1384,https://cpt.tcgcsv.com/bRH,2025-02-05T21:06:36.163,1,137,Uncommon,Supporter,0,Supporter,"Flip 2 coins.  If either of them is heads, look at your opponent's hand.  For each heads, choose 1 card from your opponent's hand and put it on the bottom of your opponent's deck in any order.",,,,,0.51,1.04,1.86,4.49,,Reverse Holofoil,"You can play only one Supporter each turn.  When you play this card, put it next to your Active Pokemon.  When your turn ends, discard this card.",,
84791,Dewgong,Dewgong,https://tcgplayer-cdn.tcgplayer.com/product/84791_200w.jpg,3,1384,https://cpt.tcgcsv.com/RWH,2015-02-25T17:45:00.947,1,24,Rare,Water,100,Stage 1,"[1W] Ice Shard (30) If the Defending Pokemon is a F Pokemon, this attack's base damage is 80 instead of 30.",[2WW] Aurora Beam (70),M+20,,3,1.0,1.33,2.19,1.34,,Normal,Thick Fat - Any damage done to Dewgong by attacks from R Pokemon and W Pokemon is reduced by 30 (after applying Weakness and Resistance).  (Poke-BODY),,
84791,Dewgong,Dewgong,https://tcgplayer-cdn.tcgplayer.com/product/84791_200w.jpg,3,1384,https://cpt.tcgcsv.com/RWH,2015-02-25T17:45:00.947,1,24,Rare,Water,100,Stage 1,"[1W] Ice Shard (30) If the Defending Pokemon is a F Pokemon, this attack's base damage is 80 instead of 30.",[2WW] Aurora Beam (70),M+20,,3,1.7,4.54,7.49,4.68,,Reverse Holofoil,Thick Fat - Any damage done to Dewgong by attacks from R Pokemon and W Pokemon is reduced by 30 (after applying Weakness and Resistance).  (Poke-BODY),,
84853,Dodrio,Dodrio,https://tcgplayer-cdn.tcgplayer.com/product/84853_200w.jpg,3,1384,https://cpt.tcgcsv.com/5ZH,2015-02-25T17:45:29.493,1,25,Rare,Colorless,80,Stage 1,[3] Drill Peck (50),,L+20,F-20,0,0.35,0.9,2.5,0.97,,Normal,"Echo Draw - Once during your turn (before you attack), you may draw a card.  This power can't be used if Dodrio is affected by a Special Condition.  (Poke-POWER)",,
84853,Dodrio,Dodrio,https://tcgplayer-cdn.tcgplayer.com/product/84853_200w.jpg,3,1384,https://cpt.tcgcsv.com/5ZH,2015-02-25T17:45:29.493,1,25,Rare,Colorless,80,Stage 1,[3] Drill Peck (50),,L+20,F-20,0,1.0,1.75,3.49,1.75,,Reverse Holofoil,"Echo Draw - Once during your turn (before you attack), you may draw a card.  This power can't be used if Dodrio is affected by a Special Condition.  (Poke-POWER)",,
84864,Doduo,Doduo,https://tcgplayer-cdn.tcgplayer.com/product/84864_200w.jpg,3,1384,https://cpt.tcgcsv.com/jZH,2015-02-25T18:54:19.243,1,102,Common,Colorless,50,Basic,[1] Take Down (20) Doduo does 10 damage to itself.,,L+10,F-20,0,0.1,0.32,1.49,0.32,,Normal,,,
84864,Doduo,Doduo,https://tcgplayer-cdn.tcgplayer.com/product/84864_200w.jpg,3,1384,https://cpt.tcgcsv.com/jZH,2015-02-25T18:54:19.243,1,102,Common,Colorless,50,Basic,[1] Take Down (20) Doduo does 10 damage to itself.,,L+10,F-20,0,0.45,0.49,1.79,2.68,,Reverse Holofoil,,,
84920,Dragonite FB,Dragonite FB,https://tcgplayer-cdn.tcgplayer.com/product/84920_200w.jpg,3,1384,https://cpt.tcgcsv.com/q-H,2022-04-03T10:20:38.5,1,56,Uncommon,Colorless,100,Basic,"[3] Mach Blow (20) If the Defending Pokemon is a Pokemon SP, this attack's base damage is 80 instead of 20.","[4] Giant Tail (100) Flip a coin.  If tails, this attack does nothing.",Cx2,F-20,3,3.01,5.3,7.97,5.74,,Normal,,,
84920,Dragonite FB,Dragonite FB,https://tcgplayer-cdn.tcgplayer.com/product/84920_200w.jpg,3,1384,https://cpt.tcgcsv.com/q-H,2022-04-03T10:20:38.5,1,56,Uncommon,Colorless,100,Basic,"[3] Mach Blow (20) If the Defending Pokemon is a Pokemon SP, this attack's base damage is 80 instead of 20.","[4] Giant Tail (100) Flip a coin.  If tails, this attack does nothing.",Cx2,F-20,3,15.7,29.97,32.99,12.0,30.24,Reverse Holofoil,,,
84947,Drifblim,Drifblim,https://tcgplayer-cdn.tcgplayer.com/product/84947_200w.jpg,3,1384,https://cpt.tcgcsv.com/Z-H,2023-03-27T13:46:18.76,1,57,Uncommon,Psychic,80,Stage 1,[2] Ram (20),[3] Gust (40),D+20,C-20,1,0.05,0.36,1.5,0.38,,Normal,,,
84947,Drifblim,Drifblim,https://tcgplayer-cdn.tcgplayer.com/product/84947_200w.jpg,3,1384,https://cpt.tcgcsv.com/Z-H,2023-03-27T13:46:18.76,1,57,Uncommon,Psychic,80,Stage 1,[2] Ram (20),[3] Gust (40),D+20,C-20,1,0.27,0.82,5.0,1.75,,Reverse Holofoil,,,
84952,Drifblim FB,Drifblim FB,https://tcgplayer-cdn.tcgplayer.com/product/84952_200w.jpg,3,1384,https://cpt.tcgcsv.com/3_H,2015-02-25T15:36:56.06,1,3,Holo Rare,Psychic,80,Basic,[2P] Shadow Ball - Choose 1 of your opponent's Benched Pokemon.  This attack does 40 damage to that Pokemon.  Apply Weakness and Resistance.,,Dx2,C-20,2,2.99,5.0,8.62,7.06,,Holofoil,"Pump Up - If your opponent has 3 or less Prize cards left, Drifblim FB gets +40 HP.  (Poke-BODY)",,
84952,Drifblim FB,Drifblim FB,https://tcgplayer-cdn.tcgplayer.com/product/84952_200w.jpg,3,1384,https://cpt.tcgcsv.com/3_H,2015-02-25T15:36:56.06,1,3,Holo Rare,Psychic,80,Basic,[2P] Shadow Ball - Choose 1 of your opponent's Benched Pokemon.  This attack does 40 damage to that Pokemon.  Apply Weakness and Resistance.,,Dx2,C-20,2,3.0,3.73,8.1,3.83,,Reverse Holofoil,"Pump Up - If your opponent has 3 or less Prize cards left, Drifblim FB gets +40 HP.  (Poke-BODY)",,
84959,Drifloon,Drifloon,https://tcgplayer-cdn.tcgplayer.com/product/84959_200w.jpg,3,1384,https://cpt.tcgcsv.com/c_H,2015-02-25T18:54:42.607,1,103,Common,Psychic,40,Basic,[1] Reckless Charge (20) Drifloon does 10 damage to itself.,[P] Collect - Draw a card.,D+10,C-20,1,0.1,0.33,1.58,0.33,0.23,Normal,,,
84959,Drifloon,Drifloon,https://tcgplayer-cdn.tcgplayer.com/product/84959_200w.jpg,3,1384,https://cpt.tcgcsv.com/c_H,2015-02-25T18:54:42.607,1,103,Common,Psychic,40,Basic,[1] Reckless Charge (20) Drifloon does 10 damage to itself.,[P] Collect - Draw a card.,D+10,C-20,1,0.4,1.63,19.99,5.43,,Reverse Holofoil,,,
85042,Dusknoir FB,Dusknoir FB,https://tcgplayer-cdn.tcgplayer.com/product/85042_200w.jpg,3,1384,https://cpt.tcgcsv.com/S0J,2022-07-02T12:12:45.923,1,26,Rare,Psychic,90,Basic,[1P] Ghost Hand (30) Put 1 damage counter on 1 of your Benched Pokemon.,[2P] Cursed Wrath (10x) Does 10 damage times the number of Pokemon SP in your discard pile.,Dx2,C-20,2,1.33,1.39,3.0,1.63,1.19,Normal,,,
85042,Dusknoir FB,Dusknoir FB,https://tcgplayer-cdn.tcgplayer.com/product/85042_200w.jpg,3,1384,https://cpt.tcgcsv.com/S0J,2022-07-02T12:12:45.923,1,26,Rare,Psychic,90,Basic,[1P] Ghost Hand (30) Put 1 damage counter on 1 of your Benched Pokemon.,[2P] Cursed Wrath (10x) Does 10 damage times the number of Pokemon SP in your discard pile.,Dx2,C-20,2,0.73,1.61,6.17,1.61,6.17,Reverse Holofoil,,,
85125,Electivire FB,Electivire FB,https://tcgplayer-cdn.tcgplayer.com/product/85125_200w.jpg,3,1384,https://cpt.tcgcsv.com/w3J,2021-08-09T11:38:47.14,1,4,Holo Rare,Lightning,90,Basic,"[1] Dump and Draw - Discard up to 2 Energy cards from your hand.  For each card you discarded, draw 2 cards.",[2L] Electric Current (40) Move a L Energy card attached to Electivire FB to 1 of your Benched Pokemon.,Fx2,M-20,3,6.38,8.54,14.97,7.56,,Holofoil,,,
85125,Electivire FB,Electivire FB,https://tcgplayer-cdn.tcgplayer.com/product/85125_200w.jpg,3,1384,https://cpt.tcgcsv.com/w3J,2021-08-09T11:38:47.14,1,4,Holo Rare,Lightning,90,Basic,"[1] Dump and Draw - Discard up to 2 Energy cards from your hand.  For each card you discarded, draw 2 cards.",[2L] Electric Current (40) Move a L Energy card attached to Electivire FB to 1 of your Benched Pokemon.,Fx2,M-20,3,2.2,3.0,7.67,4.76,,Reverse Holofoil,,,
85126,Electivire FB Lv.X,Electivire FB LvX,https://tcgplayer-cdn.tcgplayer.com/product/85126_200w.jpg,3,1384,https://cpt.tcgcsv.com/x3J,2025-07-15T15:33:16.393,1,144,Ultra Rare,Lightning,120,Level Up,[2L] Powerful Spark (30+) Does 30 damage plus 10 more damage for each Energy attached to all of your Pokemon.,,Fx2,M-20,3,35.0,52.06,129.37,39.54,32.13,Holofoil,"<b>Poke-POWER</b> Energy Recycle 
<br>Once during your turn (before your attack), you may use this power.  If you do, your turn ends.  Search your discard pile for up to 3 Energy cards and attach them to your Pokemon in any way you like.  This power can't be used if Electivire FB is affected by a Special Condition.",,
85205,Empoleon FB,Empoleon FB,https://tcgplayer-cdn.tcgplayer.com/product/85205_200w.jpg,3,1384,https://cpt.tcgcsv.com/76J,2023-12-18T17:51:10.047,1,27,Rare,Water,90,Basic,[1W] Rushing Water (20) Move an Energy card attached to the Defending Pokemon to another of your opponent's Pokemon.,"[2W] Escort (40+) If you played any Supporter card from your hand during this turn, this attack does 40 damage plus 20 more damage.",Lx2,,2,1.65,3.21,4.79,3.4,,Normal,,,
85205,Empoleon FB,Empoleon FB,https://tcgplayer-cdn.tcgplayer.com/product/85205_200w.jpg,3,1384,https://cpt.tcgcsv.com/76J,2023-12-18T17:51:10.047,1,27,Rare,Water,90,Basic,[1W] Rushing Water (20) Move an Energy card attached to the Defending Pokemon to another of your opponent's Pokemon.,"[2W] Escort (40+) If you played any Supporter card from your hand during this turn, this attack does 40 damage plus 20 more damage.",Lx2,,2,2.54,4.5,6.04,2.39,,Reverse Holofoil,,,
85373,Exploud,Exploud,https://tcgplayer-cdn.tcgplayer.com/product/85373_200w.jpg,3,1384,https://cpt.tcgcsv.com/t9J,2015-02-25T17:46:47.587,1,28,Rare,Colorless,130,Stage 2,[2] Knock Back (40) Your opponent switches the Defending Pokemon with 1 of his or her Benched Pokemon.,"[3] Hyper Beam (60) Flip a coin.  If heads, discard an Energy card attached to the Defending Pokemon.",F+30,,2,0.79,1.0,2.22,1.14,,Normal,Erasing Sound - Each of your Pokemon has no Weakness.  (Poke-BODY),,
85373,Exploud,Exploud,https://tcgplayer-cdn.tcgplayer.com/product/85373_200w.jpg,3,1384,https://cpt.tcgcsv.com/t9J,2015-02-25T17:46:47.587,1,28,Rare,Colorless,130,Stage 2,[2] Knock Back (40) Your opponent switches the Defending Pokemon with 1 of his or her Benched Pokemon.,"[3] Hyper Beam (60) Flip a coin.  If heads, discard an Energy card attached to the Defending Pokemon.",F+30,,2,1.48,2.15,4.74,2.39,,Reverse Holofoil,Erasing Sound - Each of your Pokemon has no Weakness.  (Poke-BODY),,
85405,Feebas,Feebas,https://tcgplayer-cdn.tcgplayer.com/product/85405_200w.jpg,3,1384,https://cpt.tcgcsv.com/7bJ,2022-03-11T15:48:41.327,1,104,Common,Water,30,Basic,"[0] Surprise Attack (20) Flip a coin.  If tails, this attack does nothing.",[W] Count and Draw - Draw a card for each of your opponent's Pokemon that isn't an Evolved Pokemon.,L+10,,1,0.2,0.41,0.97,0.46,0.2,Normal,,,
85405,Feebas,Feebas,https://tcgplayer-cdn.tcgplayer.com/product/85405_200w.jpg,3,1384,https://cpt.tcgcsv.com/7bJ,2022-03-11T15:48:41.327,1,104,Common,Water,30,Basic,"[0] Surprise Attack (20) Flip a coin.  If tails, this attack does nothing.",[W] Count and Draw - Draw a card for each of your opponent's Pokemon that isn't an Evolved Pokemon.,L+10,,1,2.0,5.0,6.59,4.95,,Reverse Holofoil,,,
85514,Floatzel,Floatzel,https://tcgplayer-cdn.tcgplayer.com/product/85514_200w.jpg,3,1384,https://cpt.tcgcsv.com/jdJ,2015-02-25T18:09:56.47,1,58,Uncommon,Water,70,Stage 1,[2] Razor Fin (20),"[2W] Jet Screw (30+) Flip a coin.  If heads, this attack does 30 damage plus 10 more damage.",L+20,,1,0.07,0.31,1.46,0.32,,Normal,,,
85514,Floatzel,Floatzel,https://tcgplayer-cdn.tcgplayer.com/product/85514_200w.jpg,3,1384,https://cpt.tcgcsv.com/jdJ,2015-02-25T18:09:56.47,1,58,Uncommon,Water,70,Stage 1,[2] Razor Fin (20),"[2W] Jet Screw (30+) Flip a coin.  If heads, this attack does 30 damage plus 10 more damage.",L+20,,1,1.0,1.9,2.42,2.27,,Reverse Holofoil,,,
85599,Gabite,Gabite,https://tcgplayer-cdn.tcgplayer.com/product/85599_200w.jpg,3,1384,https://cpt.tcgcsv.com/_fJ,2022-11-08T06:49:44.81,1,59,Uncommon,Colorless,80,Stage 1,[0] Healing Scale - Remove 1 damage counter form each of your Pokemon.,[2] Sand Tomb (30) The Defending Pokemon can't retreat during your next turn.,C+20,,1,0.59,1.0,3.59,1.0,,Normal,,,
85599,Gabite,Gabite,https://tcgplayer-cdn.tcgplayer.com/product/85599_200w.jpg,3,1384,https://cpt.tcgcsv.com/_fJ,2022-11-08T06:49:44.81,1,59,Uncommon,Colorless,80,Stage 1,[0] Healing Scale - Remove 1 damage counter form each of your Pokemon.,[2] Sand Tomb (30) The Defending Pokemon can't retreat during your next turn.,C+20,,1,0.99,1.62,2.25,3.84,,Reverse Holofoil,,,
85623,Garchomp,Garchomp,https://tcgplayer-cdn.tcgplayer.com/product/85623_200w.jpg,3,1384,https://cpt.tcgcsv.com/tgJ,2021-12-14T16:57:00.963,1,5,Holo Rare,Colorless,130,Stage 2,"[2] Guard Claw (40) During your opponent's next turn, any damage done to Garchomp by attacks is reduced by 20 (after applying Weakness and Resistance).",[3] Speed Impact (120-) Does 120 damage minus 20 damage for each Energy attached to the Defending Pokemon.,C+30,,0,18.5,40.0,40.99,34.8,,Holofoil,"Dragon Intimidation - If Garchomp is your Active Pokemon and is damaged by an opponent's attack (even if Garchomp is Knocked Out), choose an Energy card attached to the Attacking Pokemon and put it into your opponent's hand.  (Poke-BODY)",,
85623,Garchomp,Garchomp,https://tcgplayer-cdn.tcgplayer.com/product/85623_200w.jpg,3,1384,https://cpt.tcgcsv.com/tgJ,2021-12-14T16:57:00.963,1,5,Holo Rare,Colorless,130,Stage 2,"[2] Guard Claw (40) During your opponent's next turn, any damage done to Garchomp by attacks is reduced by 20 (after applying Weakness and Resistance).",[3] Speed Impact (120-) Does 120 damage minus 20 damage for each Energy attached to the Defending Pokemon.,C+30,,0,11.5,15.5,39.99,16.95,12.57,Reverse Holofoil,"Dragon Intimidation - If Garchomp is your Active Pokemon and is damaged by an opponent's attack (even if Garchomp is Knocked Out), choose an Energy card attached to the Attacking Pokemon and put it into your opponent's hand.  (Poke-BODY)",,
85628,Garchomp C,Garchomp C,https://tcgplayer-cdn.tcgplayer.com/product/85628_200w.jpg,3,1384,https://cpt.tcgcsv.com/BgJ,2022-01-28T12:38:09.85,1,60,Uncommon,Colorless,80,Basic,[2] Claw Swipe (30),[3] Earthquake (50) Does 10 damage to each of your Benched Pokemon.  (Don't apply Weakness and Resistance for Benched Pokemon.),Cx2,,1,5.0,6.19,10.77,6.75,,Normal,,,
85628,Garchomp C,Garchomp C,https://tcgplayer-cdn.tcgplayer.com/product/85628_200w.jpg,3,1384,https://cpt.tcgcsv.com/BgJ,2022-01-28T12:38:09.85,1,60,Uncommon,Colorless,80,Basic,[2] Claw Swipe (30),[3] Earthquake (50) Does 10 damage to each of your Benched Pokemon.  (Don't apply Weakness and Resistance for Benched Pokemon.),Cx2,,1,50.0,69.5,202.98,19.67,,Reverse Holofoil,,,
85629,Garchomp C Lv.X,Garchomp C LvX,https://tcgplayer-cdn.tcgplayer.com/product/85629_200w.jpg,3,1384,https://cpt.tcgcsv.com/CgJ,2015-02-25T19:33:50.54,1,145,Ultra Rare,Colorless,110,Level Up,[3] Dragon Rush - Discard 2 Energy attached to Garchomp C.  Choose 1 of your opponent's Pokemon.  This attack does 80 damage to that Pokemon.  (Don't apply Weakness and Resistance for Benched Pokemon.)  Garchomp C can't use Dragon Rush during your next turn.,,Cx2,,0,38.0,39.51,56.53,53.84,39.51,Holofoil,"Healing Breath - Once during your turn (before your attack), when you put Garchomp C LV.X from your hand onto your Active Garchomp C, you may remove all damage counters from each of your Pokemon SP.  (Poke-POWER)",,
85692,Geodude,Geodude,https://tcgplayer-cdn.tcgplayer.com/product/85692_200w.jpg,3,1384,https://cpt.tcgcsv.com/ShJ,2015-02-25T18:55:42.797,1,105,Common,Fighting,60,Basic,[1] Knuckle Punch (10),"[1F] Focus Fist (30) Flip a coin.  If tails, this attack does nothing.",W+10,,2,0.1,0.44,1.41,0.47,,Normal,,,
85692,Geodude,Geodude,https://tcgplayer-cdn.tcgplayer.com/product/85692_200w.jpg,3,1384,https://cpt.tcgcsv.com/ShJ,2015-02-25T18:55:42.797,1,105,Common,Fighting,60,Basic,[1] Knuckle Punch (10),"[1F] Focus Fist (30) Flip a coin.  If tails, this attack does nothing.",W+10,,2,1.96,2.06,4.99,2.59,,Reverse Holofoil,,,
85701,Gible,Gible,https://tcgplayer-cdn.tcgplayer.com/product/85701_200w.jpg,3,1384,https://cpt.tcgcsv.com/2jJ,2023-03-27T13:44:28.053,1,106,Common,Colorless,60,Basic,"[1] Sand Attack - If the Defending Pokemon tries to attack during your opponent's next turn, your opponent flips a coin.  If tails, that attack does nothing.",[1] Bite (10),C+10,,1,0.19,0.49,1.0,0.52,,Normal,,,
85701,Gible,Gible,https://tcgplayer-cdn.tcgplayer.com/product/85701_200w.jpg,3,1384,https://cpt.tcgcsv.com/2jJ,2023-03-27T13:44:28.053,1,106,Common,Colorless,60,Basic,"[1] Sand Attack - If the Defending Pokemon tries to attack during your opponent's next turn, your opponent flips a coin.  If tails, that attack does nothing.",[1] Bite (10),C+10,,1,2.0,3.97,6.97,2.11,,Reverse Holofoil,,,
85809,Goldeen,Goldeen,https://tcgplayer-cdn.tcgplayer.com/product/85809_200w.jpg,3,1384,https://cpt.tcgcsv.com/clJ,2023-03-11T20:10:15.347,1,107,Common,Water,50,Basic,[1] Flail (10x) Does 10 damage times the number of damage counters on Goldeen.,[W] Fury Attack (10x) Flip 3 coins.  This attack does 10 damage times the number of heads.,L+10,,1,0.1,0.36,1.0,0.29,0.25,Normal,,,
85809,Goldeen,Goldeen,https://tcgplayer-cdn.tcgplayer.com/product/85809_200w.jpg,3,1384,https://cpt.tcgcsv.com/clJ,2023-03-11T20:10:15.347,1,107,Common,Water,50,Basic,[1] Flail (10x) Does 10 damage times the number of damage counters on Goldeen.,[W] Fury Attack (10x) Flip 3 coins.  This attack does 10 damage times the number of heads.,L+10,,1,1.5,2.24,2.97,1.86,,Reverse Holofoil,,,
85959,Growlithe,Growlithe,https://tcgplayer-cdn.tcgplayer.com/product/85959_200w.jpg,3,1384,https://cpt.tcgcsv.com/cpJ,2015-02-25T18:56:53.227,1,108,Common,Fire,60,Basic,[1] Smash Kick (10),"[2R] Fireworks (30) Flip a coin.  If tails, discard a R Energy attached to Growlithe.",W+10,,1,0.2,0.67,1.99,0.78,0.65,Normal,,,
85959,Growlithe,Growlithe,https://tcgplayer-cdn.tcgplayer.com/product/85959_200w.jpg,3,1384,https://cpt.tcgcsv.com/cpJ,2015-02-25T18:56:53.227,1,108,Common,Fire,60,Basic,[1] Smash Kick (10),"[2R] Fireworks (30) Flip a coin.  If tails, discard a R Energy attached to Growlithe.",W+10,,1,11.0,12.65,22.22,10.95,,Reverse Holofoil,,,
86081,Hippopotas,Hippopotas,https://tcgplayer-cdn.tcgplayer.com/product/86081_200w.jpg,3,1384,https://cpt.tcgcsv.com/FrJ,2015-02-25T18:12:41.877,1,61,Uncommon,Fighting,70,Basic,[2] Double Headbutt (10x) Flip 2 coins.  This attack does 10 damage times the number of heads.,[2F] Mud Shot (40),W+10,,2,0.09,0.32,1.27,0.22,0.2,Normal,,,
86081,Hippopotas,Hippopotas,https://tcgplayer-cdn.tcgplayer.com/product/86081_200w.jpg,3,1384,https://cpt.tcgcsv.com/FrJ,2015-02-25T18:12:41.877,1,61,Uncommon,Fighting,70,Basic,[2] Double Headbutt (10x) Flip 2 coins.  This attack does 10 damage times the number of heads.,[2F] Mud Shot (40),W+10,,2,0.4,0.7,4.0,0.74,,Reverse Holofoil,,,
86160,Honchkrow,Honchkrow,https://tcgplayer-cdn.tcgplayer.com/product/86160_200w.jpg,3,1384,https://cpt.tcgcsv.com/dtJ,2022-04-21T17:04:07.69,1,29,Rare,Darkness,90,Stage 1,[2D] Riot (30+) Does 30 damage plus 10 more damage for each Pokemon that isn't an Evolved Pokemon in play (both yours and your opponent's).,,L+20,F-20,1,1.05,1.49,4.49,1.6,,Normal,"Darkness Restore - Once during you turn (before you attack), if Honchkrow is your Active Pokemon and your opponent's Bench isn't full, you may use this power.  Search your opponent's discard pile for a Basic Pokemon and put it onto his or her Bench.  This power can't be used if Honchkrow is affected by a Special Condition.  (Poke-POWER)",,
86160,Honchkrow,Honchkrow,https://tcgplayer-cdn.tcgplayer.com/product/86160_200w.jpg,3,1384,https://cpt.tcgcsv.com/dtJ,2022-04-21T17:04:07.69,1,29,Rare,Darkness,90,Stage 1,[2D] Riot (30+) Does 30 damage plus 10 more damage for each Pokemon that isn't an Evolved Pokemon in play (both yours and your opponent's).,,L+20,F-20,1,1.9,2.75,3.97,2.34,,Reverse Holofoil,"Darkness Restore - Once during you turn (before you attack), if Honchkrow is your Active Pokemon and your opponent's Bench isn't full, you may use this power.  Search your opponent's discard pile for a Basic Pokemon and put it onto his or her Bench.  This power can't be used if Honchkrow is affected by a Special Condition.  (Poke-POWER)",,
86303,Ivysaur,Ivysaur,https://tcgplayer-cdn.tcgplayer.com/product/86303_200w.jpg,3,1384,https://cpt.tcgcsv.com/5xJ,2015-02-25T18:13:08.873,1,62,Uncommon,Grass,80,Stage 1,[2G] Cut (50),,R+20,,2,0.98,2.61,10.13,2.66,,Normal,"Evolutionary Pollen - Once during your turn, when you play Ivysaur from your hand to evolve 1 of your Pokemon, you may use this power.  Your opponent's Active Pokemon is now Asleep.  (Poke-POWER)",,
86303,Ivysaur,Ivysaur,https://tcgplayer-cdn.tcgplayer.com/product/86303_200w.jpg,3,1384,https://cpt.tcgcsv.com/5xJ,2015-02-25T18:13:08.873,1,62,Uncommon,Grass,80,Stage 1,[2G] Cut (50),,R+20,,2,5.37,5.82,25.0,6.61,,Reverse Holofoil,"Evolutionary Pollen - Once during your turn, when you play Ivysaur from your hand to evolve 1 of your Pokemon, you may use this power.  Your opponent's Active Pokemon is now Asleep.  (Poke-POWER)",,
86529,Kricketot,Kricketot,https://tcgplayer-cdn.tcgplayer.com/product/86529_200w.jpg,3,1384,https://cpt.tcgcsv.com/CDJ,2015-02-25T18:57:16.057,1,109,Common,Grass,50,Basic,[1] Headbutt (10),[1G] Beat (20),R+10,,1,0.1,0.28,1.45,0.36,0.23,Normal,,,
86529,Kricketot,Kricketot,https://tcgplayer-cdn.tcgplayer.com/product/86529_200w.jpg,3,1384,https://cpt.tcgcsv.com/CDJ,2015-02-25T18:57:16.057,1,109,Common,Grass,50,Basic,[1] Headbutt (10),[1G] Beat (20),R+10,,1,0.48,0.99,3.75,1.25,,Reverse Holofoil,,,
86715,Lickilicky C,Lickilicky C,https://tcgplayer-cdn.tcgplayer.com/product/86715_200w.jpg,3,1384,https://cpt.tcgcsv.com/kJJ,2015-02-25T17:47:38.79,1,30,Rare,Colorless,90,Basic,"[1] Licking-Licking Heal - Attach a basic Energy card from your hand to 1 of your Pokemon.  Then, remove 2 damage counters from that Pokemon.",[3] Return (40) Draw cards until you have 6 cards in your hand.,Fx2,,2,2.18,2.25,2.67,2.62,,Normal,,,
86715,Lickilicky C,Lickilicky C,https://tcgplayer-cdn.tcgplayer.com/product/86715_200w.jpg,3,1384,https://cpt.tcgcsv.com/kJJ,2015-02-25T17:47:38.79,1,30,Rare,Colorless,90,Basic,"[1] Licking-Licking Heal - Attach a basic Energy card from your hand to 1 of your Pokemon.  Then, remove 2 damage counters from that Pokemon.",[3] Return (40) Draw cards until you have 6 cards in your hand.,Fx2,,2,3.37,4.99,8.0,8.54,,Reverse Holofoil,,,
86826,Lopunny,Lopunny,https://tcgplayer-cdn.tcgplayer.com/product/86826_200w.jpg,3,1384,https://cpt.tcgcsv.com/xLJ,2024-09-04T20:12:00.203,1,63,Uncommon,Colorless,80,Stage 1,"[2] Ice Beam (20) Flip a coin.  If heads, the Defending Pokemon is now Paralyzed.",[2] Rear Kick (40),F+20,,1,0.44,0.99,1.25,1.03,,Normal,,,
86826,Lopunny,Lopunny,https://tcgplayer-cdn.tcgplayer.com/product/86826_200w.jpg,3,1384,https://cpt.tcgcsv.com/xLJ,2024-09-04T20:12:00.203,1,63,Uncommon,Colorless,80,Stage 1,"[2] Ice Beam (20) Flip a coin.  If heads, the Defending Pokemon is now Paralyzed.",[2] Rear Kick (40),F+20,,1,1.43,10.72,20.0,4.06,,Reverse Holofoil,,,
86844,Loudred,Loudred,https://tcgplayer-cdn.tcgplayer.com/product/86844_200w.jpg,3,1384,https://cpt.tcgcsv.com/VLJ,2015-02-25T18:17:49.227,1,64,Uncommon,Colorless,80,Stage 1,[2] Smash Kick (30),[3] Stomp Off (50) Discard the top card from your opponent's deck.,F+20,,2,0.18,0.41,1.48,0.41,,Normal,,,
86844,Loudred,Loudred,https://tcgplayer-cdn.tcgplayer.com/product/86844_200w.jpg,3,1384,https://cpt.tcgcsv.com/VLJ,2015-02-25T18:17:49.227,1,64,Uncommon,Colorless,80,Stage 1,[2] Smash Kick (30),[3] Stomp Off (50) Discard the top card from your opponent's deck.,F+20,,2,0.48,0.78,2.3,0.9,,Reverse Holofoil,,,
86887,Lucario C,Lucario C,https://tcgplayer-cdn.tcgplayer.com/product/86887_200w.jpg,3,1384,https://cpt.tcgcsv.com/MMJ,2022-01-12T17:16:06.367,1,31,Rare,Fighting,90,Basic,[1] Metal Claw (20),"[2F] Mid-air Strike (30+) Flip a coin.  If heads, this attack does 30 damage plus 30 more damage.",Px2,,2,8.18,8.99,12.17,11.34,,Normal,,,
86887,Lucario C,Lucario C,https://tcgplayer-cdn.tcgplayer.com/product/86887_200w.jpg,3,1384,https://cpt.tcgcsv.com/MMJ,2022-01-12T17:16:06.367,1,31,Rare,Fighting,90,Basic,[1] Metal Claw (20),"[2F] Mid-air Strike (30+) Flip a coin.  If heads, this attack does 30 damage plus 30 more damage.",Px2,,2,16.98,19.98,45.0,14.33,,Reverse Holofoil,,,
86927,Lunatone,Lunatone,https://tcgplayer-cdn.tcgplayer.com/product/86927_200w.jpg,3,1384,https://cpt.tcgcsv.com/zNJ,2025-02-06T17:07:34.167,1,32,Rare,Psychic,70,Basic,[1P] Gravity Wave (30) Does 30 damage to each of your opponent's Benched Pokemon that doesn't have a Retreat Cost.  (Don't apply Weakness and Resistance for Benched Pokemon.),,P+20,,0,0.3,0.89,2.0,0.85,0.64,Normal,"Marvel Eyes - If you have Solrock in play, prevent all effects of attacks, including damage done to any of your Lunatone or Solrock by your opponent's Pokemon LV.X.  (Poke-BODY)",,
86927,Lunatone,Lunatone,https://tcgplayer-cdn.tcgplayer.com/product/86927_200w.jpg,3,1384,https://cpt.tcgcsv.com/zNJ,2025-02-06T17:07:34.167,1,32,Rare,Psychic,70,Basic,[1P] Gravity Wave (30) Does 30 damage to each of your opponent's Benched Pokemon that doesn't have a Retreat Cost.  (Don't apply Weakness and Resistance for Benched Pokemon.),,P+20,,0,0.99,2.04,3.5,1.99,,Reverse Holofoil,"Marvel Eyes - If you have Solrock in play, prevent all effects of attacks, including damage done to any of your Lunatone or Solrock by your opponent's Pokemon LV.X.  (Poke-BODY)",,
87031,Magikarp,Magikarp,https://tcgplayer-cdn.tcgplayer.com/product/87031_200w.jpg,3,1384,https://cpt.tcgcsv.com/FQJ,2015-02-25T18:57:38.47,1,110,Common,Water,30,Basic,[1] Flail Around (10x) Flip 3 coins.  This attack does 10 damage times the number of heads.,,L+10,,1,0.74,0.88,4.95,1.33,,Normal,,,
87031,Magikarp,Magikarp,https://tcgplayer-cdn.tcgplayer.com/product/87031_200w.jpg,3,1384,https://cpt.tcgcsv.com/FQJ,2015-02-25T18:57:38.47,1,110,Common,Water,30,Basic,[1] Flail Around (10x) Flip 3 coins.  This attack does 10 damage times the number of heads.,,L+10,,1,27.0,35.21,47.83,47.83,,Reverse Holofoil,,,
87049,Magmar,Magmar,https://tcgplayer-cdn.tcgplayer.com/product/87049_200w.jpg,3,1384,https://cpt.tcgcsv.com/_QJ,2015-02-25T18:18:10.67,1,65,Uncommon,Fire,70,Basic,"[1] Smokescreen - If the Defending Pokemon tries to attack during your opponent's next turn, your opponent flips a coin.  If tails, that attack does nothing.","[1R] Fireworks (30) Flip a coin.  If tails, discard a R Energy attached to Magmar.",W+20,,1,0.2,0.43,1.99,0.45,,Normal,,,
87049,Magmar,Magmar,https://tcgplayer-cdn.tcgplayer.com/product/87049_200w.jpg,3,1384,https://cpt.tcgcsv.com/_QJ,2015-02-25T18:18:10.67,1,65,Uncommon,Fire,70,Basic,"[1] Smokescreen - If the Defending Pokemon tries to attack during your opponent's next turn, your opponent flips a coin.  If tails, that attack does nothing.","[1R] Fireworks (30) Flip a coin.  If tails, discard a R Energy attached to Magmar.",W+20,,1,1.0,2.87,4.49,1.2,,Reverse Holofoil,,,
87058,Magmortar,Magmortar,https://tcgplayer-cdn.tcgplayer.com/product/87058_200w.jpg,3,1384,https://cpt.tcgcsv.com/bRJ,2015-02-25T15:40:19.253,1,6,Holo Rare,Fire,110,Stage 1,[1R] Fire Arrow - Choose 1 of your opponent's Pokemon.  This attack does 30 damage to that Pokemon.  (Don't apply Weakness and Resistance for Benched Pokemon.),[2R] Flame Ball (60) You may move a R Energy card attached to Magmortar to 1 of your Benched Pokemon.,W+30,,2,3.02,4.93,7.0,5.01,,Holofoil,"Evolutionary Flame - Once during your turn, when you play Magmortar from your hand to evolve 1 of your Pokemon, you may use this power.  Your opponent's Active Pokemon is now Burned and Confused.  (Poke-POWER)",,
87058,Magmortar,Magmortar,https://tcgplayer-cdn.tcgplayer.com/product/87058_200w.jpg,3,1384,https://cpt.tcgcsv.com/bRJ,2015-02-25T15:40:19.253,1,6,Holo Rare,Fire,110,Stage 1,[1R] Fire Arrow - Choose 1 of your opponent's Pokemon.  This attack does 30 damage to that Pokemon.  (Don't apply Weakness and Resistance for Benched Pokemon.),[2R] Flame Ball (60) You may move a R Energy card attached to Magmortar to 1 of your Benched Pokemon.,W+30,,2,2.49,4.8,6.25,2.13,,Reverse Holofoil,"Evolutionary Flame - Once during your turn, when you play Magmortar from your hand to evolve 1 of your Pokemon, you may use this power.  Your opponent's Active Pokemon is now Burned and Confused.  (Poke-POWER)",,
87084,Magnemite,Magnemite,https://tcgplayer-cdn.tcgplayer.com/product/87084_200w.jpg,3,1384,https://cpt.tcgcsv.com/JRJ,2015-02-25T18:58:52.98,1,111,Common,Lightning,40,Basic,[1] Speed Ball (10),"[2] Quick Attack (10+) Flip a coin.  If heads, this attack does 10 damage plus 20 more damage.",F+10,M-20,1,0.15,0.34,1.0,0.33,,Normal,,,
87084,Magnemite,Magnemite,https://tcgplayer-cdn.tcgplayer.com/product/87084_200w.jpg,3,1384,https://cpt.tcgcsv.com/JRJ,2015-02-25T18:58:52.98,1,111,Common,Lightning,40,Basic,[1] Speed Ball (10),"[2] Quick Attack (10+) Flip a coin.  If heads, this attack does 10 damage plus 20 more damage.",F+10,M-20,1,0.41,0.45,1.0,1.1,,Reverse Holofoil,,,
87168,Manectric G,Manectric G,https://tcgplayer-cdn.tcgplayer.com/product/87168_200w.jpg,3,1384,https://cpt.tcgcsv.com/nTJ,2015-02-25T18:18:42.273,1,66,Uncommon,Lightning,80,Basic,[0] Energy Absorption - Search your discard pile for up to 2 Energy cards and attach them to Manectric G.,"[1L] Thunder Fang (30) Flip a coin.  If heads, the Defending Pokemon is now Paralyzed.",Fx2,M-20,1,0.49,0.89,5.0,0.95,0.98,Normal,,,
87168,Manectric G,Manectric G,https://tcgplayer-cdn.tcgplayer.com/product/87168_200w.jpg,3,1384,https://cpt.tcgcsv.com/nTJ,2015-02-25T18:18:42.273,1,66,Uncommon,Lightning,80,Basic,[0] Energy Absorption - Search your discard pile for up to 2 Energy cards and attach them to Manectric G.,"[1L] Thunder Fang (30) Flip a coin.  If heads, the Defending Pokemon is now Paralyzed.",Fx2,M-20,1,1.24,4.0,6.26,3.63,,Reverse Holofoil,,,
87175,Mankey,Mankey,https://tcgplayer-cdn.tcgplayer.com/product/87175_200w.jpg,3,1384,https://cpt.tcgcsv.com/wTJ,2023-03-27T13:46:42.933,1,112,Common,Fighting,50,Basic,"[F] Extra Punch (10+) If the Defending Pokemon is Pokemon LV.X, this attack does 10 damage plus 50 more damage.",,P+10,,1,0.14,0.33,1.49,0.35,0.23,Normal,,,
87175,Mankey,Mankey,https://tcgplayer-cdn.tcgplayer.com/product/87175_200w.jpg,3,1384,https://cpt.tcgcsv.com/wTJ,2023-03-27T13:46:42.933,1,112,Common,Fighting,50,Basic,"[F] Extra Punch (10+) If the Defending Pokemon is Pokemon LV.X, this attack does 10 damage plus 50 more damage.",,P+10,,1,2.26,3.22,5.0,2.15,2.26,Reverse Holofoil,,,
87240,Marshtomp,Marshtomp,https://tcgplayer-cdn.tcgplayer.com/product/87240_200w.jpg,3,1384,https://cpt.tcgcsv.com/QVJ,2023-09-22T14:13:13.373,1,67,Uncommon,Water,80,Stage 1,[3] Mud Shot (50),,G+20,,1,0.5,0.75,2.1,0.86,,Normal,"Plunge - Once during your turn (before your attack), if Marshtomp is on your Bench, you may flip a coin.  If heads, move all Energy cards attached to your Active Pokemon to Marshtomp.  If you do, switch Marshtomp with that Active Pokemon.  (Poke-POWER)",,
87240,Marshtomp,Marshtomp,https://tcgplayer-cdn.tcgplayer.com/product/87240_200w.jpg,3,1384,https://cpt.tcgcsv.com/QVJ,2023-09-22T14:13:13.373,1,67,Uncommon,Water,80,Stage 1,[3] Mud Shot (50),,G+20,,1,3.84,4.8,9.23,9.23,,Reverse Holofoil,"Plunge - Once during your turn (before your attack), if Marshtomp is on your Bench, you may flip a coin.  If heads, move all Energy cards attached to your Active Pokemon to Marshtomp.  If you do, switch Marshtomp with that Active Pokemon.  (Poke-POWER)",,
87249,Masquerain,Masquerain,https://tcgplayer-cdn.tcgplayer.com/product/87249_200w.jpg,3,1384,https://cpt.tcgcsv.com/_VJ,2025-02-05T21:06:36.26,1,68,Uncommon,Grass,80,Stage 1,[G] Skim Attack (30) Draw 2 cards.,,L+20,F-20,0,0.11,0.32,1.0,0.32,,Normal,"Intimidating Pattern - As long as Masquerain is your Active Pokemon, any damage done by an opponent's attack is reduced by 20 (before applying Weakness and Resistance).  (Poke-BODY)",,
87249,Masquerain,Masquerain,https://tcgplayer-cdn.tcgplayer.com/product/87249_200w.jpg,3,1384,https://cpt.tcgcsv.com/_VJ,2025-02-05T21:06:36.26,1,68,Uncommon,Grass,80,Stage 1,[G] Skim Attack (30) Draw 2 cards.,,L+20,F-20,0,0.5,0.75,2.5,0.76,,Reverse Holofoil,"Intimidating Pattern - As long as Masquerain is your Active Pokemon, any damage done by an opponent's attack is reduced by 20 (before applying Weakness and Resistance).  (Poke-BODY)",,
87262,Mawile,Mawile,https://tcgplayer-cdn.tcgplayer.com/product/87262_200w.jpg,3,1384,https://cpt.tcgcsv.com/gWJ,2015-02-25T17:49:02.007,1,33,Rare,Metal,70,Basic,"[M] Turnaround Standby - During your next turn, any damage done by Mawile's Swallow or Bite to your opponent's Active Pokemon is increased by 40 (before applying Weakness and Resistance).",[2] Swallow (20) Remove from Mawile the number of damage counters equal to the damage you did to the Defending Pokemon.,R+20,P-20,1,1.69,3.03,5.11,3.95,,Normal,,[2] Bite (30),
87262,Mawile,Mawile,https://tcgplayer-cdn.tcgplayer.com/product/87262_200w.jpg,3,1384,https://cpt.tcgcsv.com/gWJ,2015-02-25T17:49:02.007,1,33,Rare,Metal,70,Basic,"[M] Turnaround Standby - During your next turn, any damage done by Mawile's Swallow or Bite to your opponent's Active Pokemon is increased by 40 (before applying Weakness and Resistance).",[2] Swallow (20) Remove from Mawile the number of damage counters equal to the damage you did to the Defending Pokemon.,R+20,P-20,1,1.76,3.22,9.99,3.45,,Reverse Holofoil,,[2] Bite (30),
87276,Medicham,Medicham,https://tcgplayer-cdn.tcgplayer.com/product/87276_200w.jpg,3,1384,https://cpt.tcgcsv.com/xWJ,2015-02-25T17:50:52.767,1,34,Rare,Psychic,90,Stage 1,[1P] Channeling (60) Your opponent draws 2 cards.,[2P] Chakra Points (10+) Does 10 damage plus 10 more damage for each card in your opponent's hand.,P+20,,1,0.45,0.98,1.49,1.03,,Normal,,,
87276,Medicham,Medicham,https://tcgplayer-cdn.tcgplayer.com/product/87276_200w.jpg,3,1384,https://cpt.tcgcsv.com/xWJ,2015-02-25T17:50:52.767,1,34,Rare,Psychic,90,Stage 1,[1P] Channeling (60) Your opponent draws 2 cards.,[2P] Chakra Points (10+) Does 10 damage plus 10 more damage for each card in your opponent's hand.,P+20,,1,0.45,1.18,5.09,1.09,,Reverse Holofoil,,,
87285,Meditite,Meditite,https://tcgplayer-cdn.tcgplayer.com/product/87285_200w.jpg,3,1384,https://cpt.tcgcsv.com/KWJ,2015-02-25T19:00:49.483,1,113,Common,Psychic,60,Basic,[1] Psyshot (10),[1P] Karate Chop (30-) Does 30 damage minus 10 damage for each damage counter on Meditite.,P+10,,1,0.13,0.3,1.53,0.27,0.25,Normal,,,
87285,Meditite,Meditite,https://tcgplayer-cdn.tcgplayer.com/product/87285_200w.jpg,3,1384,https://cpt.tcgcsv.com/KWJ,2015-02-25T19:00:49.483,1,113,Common,Psychic,60,Basic,[1] Psyshot (10),[1P] Karate Chop (30-) Does 30 damage minus 10 damage for each damage counter on Meditite.,P+10,,1,1.25,2.21,6.0,3.65,2.74,Reverse Holofoil,,,
87321,Meowth,Meowth,https://tcgplayer-cdn.tcgplayer.com/product/87321_200w.jpg,3,1384,https://cpt.tcgcsv.com/rXJ,2021-09-14T13:17:30.83,1,114,Common,Colorless,60,Basic,[1] Scratch (10),[3] Double Kick (20x) Flip 2 coins.  This attack does 20 damage times the number of heads.,F+10,,1,0.21,0.7,2.0,0.85,,Normal,,,
87321,Meowth,Meowth,https://tcgplayer-cdn.tcgplayer.com/product/87321_200w.jpg,3,1384,https://cpt.tcgcsv.com/rXJ,2021-09-14T13:17:30.83,1,114,Common,Colorless,60,Basic,[1] Scratch (10),[3] Double Kick (20x) Flip 2 coins.  This attack does 20 damage times the number of heads.,F+10,,1,2.0,2.0,4.0,2.9,,Reverse Holofoil,,,
87339,Metagross,Metagross,https://tcgplayer-cdn.tcgplayer.com/product/87339_200w.jpg,3,1384,https://cpt.tcgcsv.com/PXJ,2025-02-16T02:24:00.267,1,7,Holo Rare,Metal,130,Stage 2,[1MM] Geo Impact (60) If you have a Stadium card in play this attack does 20 damage to each of your opponent's Benched Pokemon that is the same type as the Defending Pokemon.  (Don't apply Weakness and Resistance for Benched Pokemon.),,R+30,P-20,3,3.0,4.4,7.97,4.37,,Holofoil,Gravitation - Each Pokemon in play (both yours and your opponent's) gets -20 HP.  No more than 20 HP can be reduced by all Gravitation Poke-Bodies.  (Poke-BODY),,
87339,Metagross,Metagross,https://tcgplayer-cdn.tcgplayer.com/product/87339_200w.jpg,3,1384,https://cpt.tcgcsv.com/PXJ,2025-02-16T02:24:00.267,1,7,Holo Rare,Metal,130,Stage 2,[1MM] Geo Impact (60) If you have a Stadium card in play this attack does 20 damage to each of your opponent's Benched Pokemon that is the same type as the Defending Pokemon.  (Don't apply Weakness and Resistance for Benched Pokemon.),,R+30,P-20,3,8.39,13.85,19.3,6.52,,Reverse Holofoil,Gravitation - Each Pokemon in play (both yours and your opponent's) gets -20 HP.  No more than 20 HP can be reduced by all Gravitation Poke-Bodies.  (Poke-BODY),,
87380,Metang,Metang,https://tcgplayer-cdn.tcgplayer.com/product/87380_200w.jpg,3,1384,https://cpt.tcgcsv.com/DZJ,2015-02-25T18:20:31.157,1,69,Uncommon,Metal,80,Stage 1,[2M] Psychic (40) Does 40 damage plus 10 more damage for each Energy attached to the Defending Pokemon.,,R+20,P-20,2,0.05,0.4,1.32,0.44,,Normal,"<b>Poke-BODY</b>  Metallic Lift 
<br>If Metang has any M Energy attached to it, the Retreat Cost for Metang is 0.",,
87380,Metang,Metang,https://tcgplayer-cdn.tcgplayer.com/product/87380_200w.jpg,3,1384,https://cpt.tcgcsv.com/DZJ,2015-02-25T18:20:31.157,1,69,Uncommon,Metal,80,Stage 1,[2M] Psychic (40) Does 40 damage plus 10 more damage for each Energy attached to the Defending Pokemon.,,R+20,P-20,2,0.79,0.87,5.09,1.44,1.07,Reverse Holofoil,"<b>Poke-BODY</b>  Metallic Lift 
<br>If Metang has any M Energy attached to it, the Retreat Cost for Metang is 0.",,
87455,Milotic,Milotic,https://tcgplayer-cdn.tcgplayer.com/product/87455_200w.jpg,3,1384,https://cpt.tcgcsv.com/7_J,2023-01-26T08:49:15.273,1,70,Uncommon,Water,90,Stage 1,"[1W] Cleansing Ring (20) You may discard 2 cards from your hand.  If you do, remove 4 damage counters from 1 of your Pokemon.",[2W] Scale Blow (90-) Does 90 damage minus 10 damage for each card in your hand.,L+20,,1,0.38,1.24,7.97,2.21,6.62,Normal,,,
87455,Milotic,Milotic,https://tcgplayer-cdn.tcgplayer.com/product/87455_200w.jpg,3,1384,https://cpt.tcgcsv.com/7_J,2023-01-26T08:49:15.273,1,70,Uncommon,Water,90,Stage 1,"[1W] Cleansing Ring (20) You may discard 2 cards from your hand.  If you do, remove 4 damage counters from 1 of your Pokemon.",[2W] Scale Blow (90-) Does 90 damage minus 10 damage for each card in your hand.,L+20,,1,3.75,5.02,6.69,6.76,,Reverse Holofoil,,,
87456,Milotic (Shiny),Milotic Shiny,https://tcgplayer-cdn.tcgplayer.com/product/87456_200w.jpg,3,1384,https://cpt.tcgcsv.com/8_J,2022-04-20T20:08:46.27,1,SH7,Shiny Holo Rare,Water,80,Stage 1,"[1WW] Dwindling Wave (80-) 
<br>Does 80 damage minus 10 damage for each damage counter on Milotic.",,L+20,None,1,107.98,136.54,320.0,208.57,,Reverse Holofoil,"Aqua Mirage - If you have no cards in your hand, prevent all damage done to Milotic by attacks from your opponent's Pokemon.  (Poke-BODY)",,
87459,Milotic C,Milotic C,https://tcgplayer-cdn.tcgplayer.com/product/87459_200w.jpg,3,1384,https://cpt.tcgcsv.com/c_J,2022-01-29T13:27:16.103,1,35,Rare,Water,90,Basic,[1] Aqua Tail (10+) Flip a coin for each W Energy attached to Milotic C.  This attack does 10 damage plus 20 more damage for each heads.,"[2W] Wrap (30) Flip a coin.  If heads, the Defending Pokemon is now Paralyzed.",Lx2,,1,5.0,5.99,8.24,8.05,,Normal,,,
87459,Milotic C,Milotic C,https://tcgplayer-cdn.tcgplayer.com/product/87459_200w.jpg,3,1384,https://cpt.tcgcsv.com/c_J,2022-01-29T13:27:16.103,1,35,Rare,Water,90,Basic,[1] Aqua Tail (10+) Flip a coin for each W Energy attached to Milotic C.  This attack does 10 damage plus 20 more damage for each heads.,"[2W] Wrap (30) Flip a coin.  If heads, the Defending Pokemon is now Paralyzed.",Lx2,,1,3.17,5.79,7.0,4.83,,Reverse Holofoil,,,
87471,Mime Jr.,Mime Jr,https://tcgplayer-cdn.tcgplayer.com/product/87471_200w.jpg,3,1384,https://cpt.tcgcsv.com/r_J,2023-08-01T14:50:12.76,1,115,Common,Psychic,50,Basic,[1] Encore - Choose 1 of the Defending Pokemon's attacks.  That Pokemon can use only that attack during your opponent's next turn.,,P+10,,1,0.24,0.68,11.27,0.67,,Normal,"Baby Evolution - Once during your turn (before your attack), you may put Mr. Mime from your hand onto Mime Jr. (this counts as evolving Mime Jr.) and remove all damage counters from Mime Jr..  (Poke-POWER)",,
87471,Mime Jr.,Mime Jr,https://tcgplayer-cdn.tcgplayer.com/product/87471_200w.jpg,3,1384,https://cpt.tcgcsv.com/r_J,2023-08-01T14:50:12.76,1,115,Common,Psychic,50,Basic,[1] Encore - Choose 1 of the Defending Pokemon's attacks.  That Pokemon can use only that attack during your opponent's next turn.,,P+10,,1,4.0,4.79,4.99,4.56,,Reverse Holofoil,"Baby Evolution - Once during your turn (before your attack), you may put Mr. Mime from your hand onto Mime Jr. (this counts as evolving Mime Jr.) and remove all damage counters from Mime Jr..  (Poke-POWER)",,
87490,Minun,Minun,https://tcgplayer-cdn.tcgplayer.com/product/87490_200w.jpg,3,1384,https://cpt.tcgcsv.com/Q_J,2015-02-25T18:21:54.133,1,71,Uncommon,Lightning,60,Basic,[0] Call for Family - Search your deck for up to 2 L Basic Pokemon and put them onto your Bench.  Shuffle your deck afterward.,[L] Trash Charge (10) Search your discard pile for a L Energy card and attach it to 1 of your Pokemon.,F+10,M-20,1,4.4,4.4,4.4,3.16,,Normal,,,
87490,Minun,Minun,https://tcgplayer-cdn.tcgplayer.com/product/87490_200w.jpg,3,1384,https://cpt.tcgcsv.com/Q_J,2015-02-25T18:21:54.133,1,71,Uncommon,Lightning,60,Basic,[0] Call for Family - Search your deck for up to 2 L Basic Pokemon and put them onto your Bench.  Shuffle your deck afterward.,[L] Trash Charge (10) Search your discard pile for a L Energy card and attach it to 1 of your Pokemon.,F+10,M-20,1,6.91,6.95,6.99,12.82,,Reverse Holofoil,,,
87562,Moltres (36),Moltres 36,https://tcgplayer-cdn.tcgplayer.com/product/87562_200w.jpg,3,1384,https://cpt.tcgcsv.com/g2K,2015-02-25T17:52:04.86,1,36,Rare,Fire,100,Basic,[1R] Wing Attack (20),"[2RR] Sky Attack (80) Flip a coin.  If tails, this attack does nothing.",W+30,F-20,2,2.0,2.5,8.25,3.51,,Normal,,,
87562,Moltres (36),Moltres 36,https://tcgplayer-cdn.tcgplayer.com/product/87562_200w.jpg,3,1384,https://cpt.tcgcsv.com/g2K,2015-02-25T17:52:04.86,1,36,Rare,Fire,100,Basic,[1R] Wing Attack (20),"[2RR] Sky Attack (80) Flip a coin.  If tails, this attack does nothing.",W+30,F-20,2,5.73,10.42,19.99,10.42,,Reverse Holofoil,,,
87563,Moltres (149),Moltres 149,https://tcgplayer-cdn.tcgplayer.com/product/87563_200w.jpg,3,1384,https://cpt.tcgcsv.com/h2K,2021-10-07T13:28:16.987,1,149,Secret Rare,Fire,70,Basic,"[RRR] Hyper Flame (60) Flip a coin.  If heads, discard a R Energy attached to Moltres.  If tails, discard all Energy attached to Moltres.",,,F-30,1,82.0,130.0,277.87,188.58,,Holofoil,,,
87593,Mr. Mime,Mr Mime,https://tcgplayer-cdn.tcgplayer.com/product/87593_200w.jpg,3,1384,https://cpt.tcgcsv.com/T2K,2015-02-25T17:54:54.097,1,37,Rare,Psychic,70,Basic,"[1P] Desperate Slap (20+) If Mr. Mime already has 5 or more damage counters on it, this attack does 20 plus 40 more damage.",,None,None,1,0.59,0.71,1.41,1.31,,Normal,"<b>Poke-BODY</b> Focus Wall 
<br> If Mr. Mime would be Knocked Out by damage from an attack that does 70 or more damage (after applying Weakness and Resistance), Mr. Mime is not Knocked Out and its remaining HP becomes 10 instead.  (Poke-BODY)",,
87593,Mr. Mime,Mr Mime,https://tcgplayer-cdn.tcgplayer.com/product/87593_200w.jpg,3,1384,https://cpt.tcgcsv.com/T2K,2015-02-25T17:54:54.097,1,37,Rare,Psychic,70,Basic,"[1P] Desperate Slap (20+) If Mr. Mime already has 5 or more damage counters on it, this attack does 20 plus 40 more damage.",,None,None,1,1.09,2.0,3.0,3.28,,Reverse Holofoil,"<b>Poke-BODY</b> Focus Wall 
<br> If Mr. Mime would be Knocked Out by damage from an attack that does 70 or more damage (after applying Weakness and Resistance), Mr. Mime is not Knocked Out and its remaining HP becomes 10 instead.  (Poke-BODY)",,
87615,Mudkip,Mudkip,https://tcgplayer-cdn.tcgplayer.com/product/87615_200w.jpg,3,1384,https://cpt.tcgcsv.com/k3K,2021-08-01T17:30:33.613,1,116,Common,Water,60,Basic,"[W] Mud Sport (10+) If Mudkip has less Energy attached to it than the Defending Pokemon, this attack does 10 damage plus 10 more damage.",[1W] Surf (20),G+10,,1,0.15,0.75,1.59,0.9,0.38,Normal,,,
87615,Mudkip,Mudkip,https://tcgplayer-cdn.tcgplayer.com/product/87615_200w.jpg,3,1384,https://cpt.tcgcsv.com/k3K,2021-08-01T17:30:33.613,1,116,Common,Water,60,Basic,"[W] Mud Sport (10+) If Mudkip has less Energy attached to it than the Defending Pokemon, this attack does 10 damage plus 10 more damage.",[1W] Surf (20),G+10,,1,15.75,15.75,15.75,20.63,,Reverse Holofoil,,,
87654,Murkrow,Murkrow,https://tcgplayer-cdn.tcgplayer.com/product/87654_200w.jpg,3,1384,https://cpt.tcgcsv.com/65K,2015-02-25T18:22:24.383,1,72,Uncommon,Darkness,70,Basic,"[0] Switcheroo - Move a Pokemon Tool card attached to 1 of your opponent's Pokemon to another of your opponent's Pokemon (excluding Pokemon that already has a Pokemon Tool attached to it).  (If an effect of this attack is prevented, this attack does nothing.)",[1D] Flip (20),L+10,F-20,1,0.25,0.5,1.67,0.52,,Normal,,,
87654,Murkrow,Murkrow,https://tcgplayer-cdn.tcgplayer.com/product/87654_200w.jpg,3,1384,https://cpt.tcgcsv.com/65K,2015-02-25T18:22:24.383,1,72,Uncommon,Darkness,70,Basic,"[0] Switcheroo - Move a Pokemon Tool card attached to 1 of your opponent's Pokemon to another of your opponent's Pokemon (excluding Pokemon that already has a Pokemon Tool attached to it).  (If an effect of this attack is prevented, this attack does nothing.)",[1D] Flip (20),L+10,F-20,1,0.61,2.0,8.63,2.91,,Reverse Holofoil,,,
87754,Night Teleporter,Night Teleporter,https://tcgplayer-cdn.tcgplayer.com/product/87754_200w.jpg,3,1384,https://cpt.tcgcsv.com/67K,2015-02-25T19:28:42.66,1,138,Uncommon,Trainer,0,Trainer,"Flip a coin.  If heads, put all cards in your hand on top of your deck.  Then, search your deck for any 1 card and put it into your hand.  Shuffle your deck afterward.",,,,,0.07,0.25,1.37,0.25,,Normal,,,
87754,Night Teleporter,Night Teleporter,https://tcgplayer-cdn.tcgplayer.com/product/87754_200w.jpg,3,1384,https://cpt.tcgcsv.com/67K,2015-02-25T19:28:42.66,1,138,Uncommon,Trainer,0,Trainer,"Flip a coin.  If heads, put all cards in your hand on top of your deck.  Then, search your deck for any 1 card and put it into your hand.  Shuffle your deck afterward.",,,,,0.39,0.76,1.5,1.0,,Reverse Holofoil,,,
87761,Nincada,Nincada,https://tcgplayer-cdn.tcgplayer.com/product/87761_200w.jpg,3,1384,https://cpt.tcgcsv.com/f7K,2015-02-25T19:03:50.593,1,117,Common,Grass,40,Basic,[1] Call for Family - Search your deck for a Basic Pokemon and put it onto your Bench.  Shuffle your deck afterward.,[1] Dash Attack - Choose 1 of your opponent's Benched Pokemon.  This attack does 10 damage to that Pokemon.  (Don't apply Weakness and Resistance for Benched Pokemon.),R+10,,1,0.1,0.47,1.49,0.42,,Normal,,,
87787,Ninjask,Ninjask,https://tcgplayer-cdn.tcgplayer.com/product/87787_200w.jpg,3,1384,https://cpt.tcgcsv.com/M7K,2015-02-25T18:22:52.3,1,73,Uncommon,Grass,80,Stage 1,[1] Circling Dive - This attack does 10 damage to each of your opponent's Pokemon.  Don't apply Weakness and Resistance for Benched Pokemon.)  Switch Ninjask with 1 of your Benched Pokemon.,[G] Parallel Drain (30) Remove from 1 of your Pokemon the number of damage counters equal to the damage you did to the Defending Pokemon.,R+20,F-20,0,0.26,0.81,4.74,0.84,,Normal,,,
87787,Ninjask,Ninjask,https://tcgplayer-cdn.tcgplayer.com/product/87787_200w.jpg,3,1384,https://cpt.tcgcsv.com/M7K,2015-02-25T18:22:52.3,1,73,Uncommon,Grass,80,Stage 1,[1] Circling Dive - This attack does 10 damage to each of your opponent's Pokemon.  Don't apply Weakness and Resistance for Benched Pokemon.)  Switch Ninjask with 1 of your Benched Pokemon.,[G] Parallel Drain (30) Remove from 1 of your Pokemon the number of damage counters equal to the damage you did to the Defending Pokemon.,R+20,F-20,0,0.89,1.1,2.3,1.25,,Reverse Holofoil,,,
87815,Numel,Numel,https://tcgplayer-cdn.tcgplayer.com/product/87815_200w.jpg,3,1384,https://cpt.tcgcsv.com/k8K,2015-02-25T18:23:34.653,1,74,Uncommon,Fire,70,Basic,[1] Draw In - Search your discard pile for up to 2 R Energy cards and attach them to Numel.,[2R] Combustion (40),W+20,,2,0.2,0.4,1.0,0.32,,Normal,,,
87815,Numel,Numel,https://tcgplayer-cdn.tcgplayer.com/product/87815_200w.jpg,3,1384,https://cpt.tcgcsv.com/k8K,2015-02-25T18:23:34.653,1,74,Uncommon,Fire,70,Basic,[1] Draw In - Search your discard pile for up to 2 R Energy cards and attach them to Numel.,[2R] Combustion (40),W+20,,2,0.5,1.13,2.0,1.0,,Reverse Holofoil,,,
87903,Pachirisu,Pachirisu,https://tcgplayer-cdn.tcgplayer.com/product/87903_200w.jpg,3,1384,https://cpt.tcgcsv.com/5bK,2023-05-15T09:58:45.463,1,118,Common,Lightning,60,Basic,[1] Tail Slap (10),"[L] Pachi (10+) Flip a coin.  If heads, this attack does 10 damage plus 10 more damage.",F+10,M-20,1,0.1,0.43,1.0,0.46,0.23,Normal,,,
87903,Pachirisu,Pachirisu,https://tcgplayer-cdn.tcgplayer.com/product/87903_200w.jpg,3,1384,https://cpt.tcgcsv.com/5bK,2023-05-15T09:58:45.463,1,118,Common,Lightning,60,Basic,[1] Tail Slap (10),"[L] Pachi (10+) Flip a coin.  If heads, this attack does 10 damage plus 10 more damage.",F+10,M-20,1,4.99,10.0,22.0,13.16,,Reverse Holofoil,,,
87921,Palmer's Contribution,Palmers Contribution,https://tcgplayer-cdn.tcgplayer.com/product/87921_200w.jpg,3,1384,https://cpt.tcgcsv.com/rbK,2022-03-08T19:57:07.067,1,139,Uncommon,Supporter,0,Supporter,Search your discard pile for up to 5 in any combination of Pokemon and basic Energy cards.  Show them to your opponent and shuffle them into your deck.,,,,,0.22,0.44,1.99,0.39,,Normal,"You can play only one Supporter each turn.  When you play this card, put it next to your Active Pokemon.  When your turn ends, discard this card.",,
87921,Palmer's Contribution,Palmers Contribution,https://tcgplayer-cdn.tcgplayer.com/product/87921_200w.jpg,3,1384,https://cpt.tcgcsv.com/rbK,2022-03-08T19:57:07.067,1,139,Uncommon,Supporter,0,Supporter,Search your discard pile for up to 5 in any combination of Pokemon and basic Energy cards.  Show them to your opponent and shuffle them into your deck.,,,,,1.0,3.25,5.13,4.65,,Reverse Holofoil,"You can play only one Supporter each turn.  When you play this card, put it next to your Active Pokemon.  When your turn ends, discard this card.",,
87952,Paras,Paras,https://tcgplayer-cdn.tcgplayer.com/product/87952_200w.jpg,3,1384,https://cpt.tcgcsv.com/3cK,2015-02-25T19:04:53.87,1,119,Common,Grass,50,Basic,[1] Spore - The Defending Pokemon is now Asleep.,"[G] Stomp (10+) Flip a coin.  If heads, this attack does 10 damage plus 10 more damage.",R+10,,1,0.14,0.28,1.41,0.3,,Normal,,,
87952,Paras,Paras,https://tcgplayer-cdn.tcgplayer.com/product/87952_200w.jpg,3,1384,https://cpt.tcgcsv.com/3cK,2015-02-25T19:04:53.87,1,119,Common,Grass,50,Basic,[1] Spore - The Defending Pokemon is now Asleep.,"[G] Stomp (10+) Flip a coin.  If heads, this attack does 10 damage plus 10 more damage.",R+10,,1,0.6,1.59,4.04,2.5,,Reverse Holofoil,,,
87959,Parasect,Parasect,https://tcgplayer-cdn.tcgplayer.com/product/87959_200w.jpg,3,1384,https://cpt.tcgcsv.com/ccK,2015-02-25T17:56:09.51,1,38,Rare,Grass,80,Stage 1,[1] Nutritional Support - Search your deck for up to 2 G Energy cards and attach them to any of your Pokemon in any way you like.  Shuffle your deck afterward.,"[1GG] Hibernation Spore (40) The Defending Pokemon is now Asleep.  Flip 2 coins instead of 1 between turns.  If either of them is tails, the Defending Pokemon is still Asleep.",R+20,None,1,0.75,1.23,4.74,1.25,,Normal,,,
87959,Parasect,Parasect,https://tcgplayer-cdn.tcgplayer.com/product/87959_200w.jpg,3,1384,https://cpt.tcgcsv.com/ccK,2015-02-25T17:56:09.51,1,38,Rare,Grass,80,Stage 1,[1] Nutritional Support - Search your deck for up to 2 G Energy cards and attach them to any of your Pokemon in any way you like.  Shuffle your deck afterward.,"[1GG] Hibernation Spore (40) The Defending Pokemon is now Asleep.  Flip 2 coins instead of 1 between turns.  If either of them is tails, the Defending Pokemon is still Asleep.",R+20,None,1,1.55,1.99,4.5,1.87,,Reverse Holofoil,,,
88093,Pikachu,Pikachu,https://tcgplayer-cdn.tcgplayer.com/product/88093_200w.jpg,3,1384,https://cpt.tcgcsv.com/TfK,2023-07-08T16:05:01.697,1,120,Common,Lightning,50,Basic,[1] Gnaw (10),"[1L] Thundershock (20) Flip a coin.  If heads, the Defending Pokemon is now Paralyzed.",F+10,M-20,1,1.49,2.98,35.99,2.98,,Normal,,,
88093,Pikachu,Pikachu,https://tcgplayer-cdn.tcgplayer.com/product/88093_200w.jpg,3,1384,https://cpt.tcgcsv.com/TfK,2023-07-08T16:05:01.697,1,120,Common,Lightning,50,Basic,[1] Gnaw (10),"[1L] Thundershock (20) Flip a coin.  If heads, the Defending Pokemon is now Paralyzed.",F+10,M-20,1,29.99,44.97,49.96,36.96,37.95,Reverse Holofoil,,,
88138,Pinsir,Pinsir,https://tcgplayer-cdn.tcgplayer.com/product/88138_200w.jpg,3,1384,https://cpt.tcgcsv.com/NgK,2015-02-25T18:24:00.177,1,75,Uncommon,Grass,90,Basic,"[2] Gripthrow - Flip a coin.  If heads, your opponent returns the Defending Pokemon and all cards attached to it to his or her hand.","[2G] Sever (50+) If the Defending Pokemon is a Stage 2 Pokemon, this attack does 50 damage plus 30 more damage.",R+20,,2,0.32,0.68,1.66,0.72,,Normal,,,
88138,Pinsir,Pinsir,https://tcgplayer-cdn.tcgplayer.com/product/88138_200w.jpg,3,1384,https://cpt.tcgcsv.com/NgK,2015-02-25T18:24:00.177,1,75,Uncommon,Grass,90,Basic,"[2] Gripthrow - Flip a coin.  If heads, your opponent returns the Defending Pokemon and all cards attached to it to his or her hand.","[2G] Sever (50+) If the Defending Pokemon is a Stage 2 Pokemon, this attack does 50 damage plus 30 more damage.",R+20,,2,0.8,1.36,9.0,1.38,,Reverse Holofoil,,,
88151,Piplup,Piplup,https://tcgplayer-cdn.tcgplayer.com/product/88151_200w.jpg,3,1384,https://cpt.tcgcsv.com/2hK,2015-02-25T19:08:24.613,1,121,Common,Water,60,Basic,[1] Pound (10),[1W] Surf (20),L+10,,1,0.5,1.0,3.0,1.39,,Normal,,,
88151,Piplup,Piplup,https://tcgplayer-cdn.tcgplayer.com/product/88151_200w.jpg,3,1384,https://cpt.tcgcsv.com/2hK,2015-02-25T19:08:24.613,1,121,Common,Water,60,Basic,[1] Pound (10),[1W] Surf (20),L+10,,1,8.24,16.1,19.95,9.99,,Reverse Holofoil,,,
88170,Plusle,Plusle,https://tcgplayer-cdn.tcgplayer.com/product/88170_200w.jpg,3,1384,https://cpt.tcgcsv.com/qhK,2023-03-27T13:47:37.99,1,76,Uncommon,Lightning,60,Basic,"[0] Greedy Draw - If you have the same number of cards or less in your hand as your opponent, draw cards until you have 1 more card than your opponent.  (If you have more cards in your hand than your opponent, this attack does nothing.)",[L] Hand Charge (10) Attach a L Energy card from your hand to 1 of your Pokemon.,F+10,M-20,1,8.0,16.49,24.98,4.38,,Normal,,,
88170,Plusle,Plusle,https://tcgplayer-cdn.tcgplayer.com/product/88170_200w.jpg,3,1384,https://cpt.tcgcsv.com/qhK,2023-03-27T13:47:37.99,1,76,Uncommon,Lightning,60,Basic,"[0] Greedy Draw - If you have the same number of cards or less in your hand as your opponent, draw cards until you have 1 more card than your opponent.  (If you have more cards in your hand than your opponent, this attack does nothing.)",[L] Hand Charge (10) Attach a L Energy card from your hand to 1 of your Pokemon.,F+10,M-20,1,7.21,20.0,20.67,8.63,,Reverse Holofoil,,,
88364,Primeape,Primeape,https://tcgplayer-cdn.tcgplayer.com/product/88364_200w.jpg,3,1384,https://cpt.tcgcsv.com/jmK,2015-02-25T17:58:27.1,1,39,Rare,Fighting,90,Stage 1,"[2] Top Drop - Discard the top card from your opponent's deck.  If you discarded a Pokemon, this attack does damage equal to the HP of that Pokemon.","[1F] Brick Break (40) This attack's damage isn't affected by Resistance, Poke-Powers, Poke-Bodies, or any other effects on the Defending Pokemon.",P+20,,1,0.7,1.0,2.29,1.34,,Normal,,,
88364,Primeape,Primeape,https://tcgplayer-cdn.tcgplayer.com/product/88364_200w.jpg,3,1384,https://cpt.tcgcsv.com/jmK,2015-02-25T17:58:27.1,1,39,Rare,Fighting,90,Stage 1,"[2] Top Drop - Discard the top card from your opponent's deck.  If you discarded a Pokemon, this attack does damage equal to the HP of that Pokemon.","[1F] Brick Break (40) This attack's damage isn't affected by Resistance, Poke-Powers, Poke-Bodies, or any other effects on the Defending Pokemon.",P+20,,1,1.39,5.45,10.5,6.54,,Reverse Holofoil,,,
88515,Raichu,Raichu,https://tcgplayer-cdn.tcgplayer.com/product/88515_200w.jpg,3,1384,https://cpt.tcgcsv.com/kqK,2015-02-25T18:24:52.537,1,77,Uncommon,Lightning,90,Stage 1,"[1] Quick Attack (10+) Flip a coin.  If heads, this attack does 10 damage plus 30 more damage.",[1LL] Gigashock (60) Does 10 damage to 2 of your opponent's Benched Pokemon.  (Don't apply Weakness and Resistance for Benched Pokemon.),F+20,M-20,0,1.11,2.16,5.0,2.16,,Normal,,,
88515,Raichu,Raichu,https://tcgplayer-cdn.tcgplayer.com/product/88515_200w.jpg,3,1384,https://cpt.tcgcsv.com/kqK,2015-02-25T18:24:52.537,1,77,Uncommon,Lightning,90,Stage 1,"[1] Quick Attack (10+) Flip a coin.  If heads, this attack does 10 damage plus 30 more damage.",[1LL] Gigashock (60) Does 10 damage to 2 of your opponent's Benched Pokemon.  (Don't apply Weakness and Resistance for Benched Pokemon.),F+20,M-20,0,9.76,10.99,17.16,9.35,7.79,Reverse Holofoil,,,
88609,Raticate G,Raticate G,https://tcgplayer-cdn.tcgplayer.com/product/88609_200w.jpg,3,1384,https://cpt.tcgcsv.com/csK,2015-02-25T18:25:15.95,1,78,Uncommon,Colorless,70,Basic,"[1] Find - Search your discard pile for a Trainer card or a Supporter card, show it to your opponent, and put it into your hand.","[1] Biting Fang (10+) Flip a coin.  If heads, this attack does 10 damage plus 20 more damage.",Fx2,,0,0.1,0.35,0.95,0.37,,Normal,,,
88609,Raticate G,Raticate G,https://tcgplayer-cdn.tcgplayer.com/product/88609_200w.jpg,3,1384,https://cpt.tcgcsv.com/csK,2015-02-25T18:25:15.95,1,78,Uncommon,Colorless,70,Basic,"[1] Find - Search your discard pile for a Trainer card or a Supporter card, show it to your opponent, and put it into your hand.","[1] Biting Fang (10+) Flip a coin.  If heads, this attack does 10 damage plus 20 more damage.",Fx2,,0,0.84,2.99,10.75,1.7,,Reverse Holofoil,,,
88639,Rayquaza C,Rayquaza C,https://tcgplayer-cdn.tcgplayer.com/product/88639_200w.jpg,3,1384,https://cpt.tcgcsv.com/PsK,2023-03-30T09:53:59.79,1,8,Holo Rare,Colorless,100,Basic,"[1] Trash Burst (10+) You may discard up to 5 Energy cards from your hand.  If you do, this attack does 10 damage plus 10 more damage for each Energy card you discarded.","[4] Twister (50) Flip 2 coins.  If both are tails, this attack does nothing.  For each heads, discard an Energy attached to the Defending Pokemon.",Cx2,F-20,3,40.49,99.99,158.0,63.04,40.49,Holofoil,,,
88639,Rayquaza C,Rayquaza C,https://tcgplayer-cdn.tcgplayer.com/product/88639_200w.jpg,3,1384,https://cpt.tcgcsv.com/PsK,2023-03-30T09:53:59.79,1,8,Holo Rare,Colorless,100,Basic,"[1] Trash Burst (10+) You may discard up to 5 Energy cards from your hand.  If you do, this attack does 10 damage plus 10 more damage for each Energy card you discarded.","[4] Twister (50) Flip 2 coins.  If both are tails, this attack does nothing.  For each heads, discard an Energy attached to the Defending Pokemon.",Cx2,F-20,3,39.28,70.0,134.0,69.32,,Reverse Holofoil,,,
88640,Rayquaza C Lv.X,Rayquaza C LvX,https://tcgplayer-cdn.tcgplayer.com/product/88640_200w.jpg,3,1384,https://cpt.tcgcsv.com/QsK,2015-02-25T19:34:26.71,1,146,Ultra Rare,Colorless,120,Level Up,[1FPW] Final Blowup (200) Discard all Energy attached to Rayquaza C.  Ignore this effect if you have no cards in your hand.,,Cx2,F-20,3,130.45,149.0,179.99,144.51,,Holofoil,Dragon Spirit - If Rayquaza C is your Active Pokemon and is damaged but not Knocked Out by an opponent's attack you may search your discard pile for an Energy card and attach it to Rayquaza C.  (Poke-BODY),,
88668,Regigigas FB,Regigigas FB,https://tcgplayer-cdn.tcgplayer.com/product/88668_200w.jpg,3,1384,https://cpt.tcgcsv.com/ntK,2015-02-25T15:48:28.55,1,9,Holo Rare,Colorless,100,Basic,[3] Drain Punch (30) Remove from Regigigas FB a number of damage counters equal to the amount of Energy attached to the Defending Pokemon.,[4] Rainbow Lariat (20x) Does 20 damage times the number of different types of Pokemon SP you have in play.,Fx2,,4,7.23,7.81,11.99,7.61,7.23,Holofoil,,,
88668,Regigigas FB,Regigigas FB,https://tcgplayer-cdn.tcgplayer.com/product/88668_200w.jpg,3,1384,https://cpt.tcgcsv.com/ntK,2015-02-25T15:48:28.55,1,9,Holo Rare,Colorless,100,Basic,[3] Drain Punch (30) Remove from Regigigas FB a number of damage counters equal to the amount of Energy attached to the Defending Pokemon.,[4] Rainbow Lariat (20x) Does 20 damage times the number of different types of Pokemon SP you have in play.,Fx2,,4,3.75,5.97,28.0,4.43,,Reverse Holofoil,,,
88688,Relicanth,Relicanth,https://tcgplayer-cdn.tcgplayer.com/product/88688_200w.jpg,3,1384,https://cpt.tcgcsv.com/NtK,2025-02-05T21:06:36.32,1,79,Uncommon,Fighting,80,Basic,[F] Grand Swell - Choose 1 of your opponent's Pokemon.  This attack does 30 damage to that Pokemon for each Pokemon Tool card and Stadium card your opponent has in play.  (Don't apply Weakness and Resistance for Benched Pokemon.),[1F] Amnesia (30) Chooses 1 of the Defending Pokemon's attacks.  That Pokemon can't use that attack during your opponent's next turn.,G+20,,1,0.25,0.51,1.49,0.73,1.19,Normal,,,
88688,Relicanth,Relicanth,https://tcgplayer-cdn.tcgplayer.com/product/88688_200w.jpg,3,1384,https://cpt.tcgcsv.com/NtK,2025-02-05T21:06:36.32,1,79,Uncommon,Fighting,80,Basic,[F] Grand Swell - Choose 1 of your opponent's Pokemon.  This attack does 30 damage to that Pokemon for each Pokemon Tool card and Stadium card your opponent has in play.  (Don't apply Weakness and Resistance for Benched Pokemon.),[1F] Amnesia (30) Chooses 1 of the Defending Pokemon's attacks.  That Pokemon can't use that attack during your opponent's next turn.,G+20,,1,2.75,2.99,3.0,2.9,,Reverse Holofoil,,,
88689,Relicanth (Shiny),Relicanth Shiny,https://tcgplayer-cdn.tcgplayer.com/product/88689_200w.jpg,3,1384,https://cpt.tcgcsv.com/PtK,2020-12-16T22:22:28.77,1,SH8,Shiny Holo Rare,Fighting,80,Basic,"[1F] Deep Sea Pressure (20) 
<br>During your opponent's next turn, the Defending Pokemon's Retreat Cost is 2 more.","[2F] Aqua Wave (40+) 
<br>Flip 2 coins.  This attack does 40 damage plus 10 more damage for each heads.",G+20,,1,47.99,70.0,149.99,58.33,149.99,Reverse Holofoil,,,
88735,Rhydon,Rhydon,https://tcgplayer-cdn.tcgplayer.com/product/88735_200w.jpg,3,1384,https://cpt.tcgcsv.com/KvK,2023-06-24T10:11:12.057,1,80,Uncommon,Fighting,90,Stage 1,[F] Fury Attack (20x) Flip 3 coins.  This attack does 20 damage times the number of heads.,[1FF] Rock Tumble (60) This attack's damage isn't affected by Resistance.,W+20,L-20,3,0.2,0.52,5.58,0.54,,Normal,,,
88735,Rhydon,Rhydon,https://tcgplayer-cdn.tcgplayer.com/product/88735_200w.jpg,3,1384,https://cpt.tcgcsv.com/KvK,2023-06-24T10:11:12.057,1,80,Uncommon,Fighting,90,Stage 1,[F] Fury Attack (20x) Flip 3 coins.  This attack does 20 damage times the number of heads.,[1FF] Rock Tumble (60) This attack's damage isn't affected by Resistance.,W+20,L-20,3,1.39,1.51,2.31,1.54,,Reverse Holofoil,,,
88743,Rhyhorn,Rhyhorn,https://tcgplayer-cdn.tcgplayer.com/product/88743_200w.jpg,3,1384,https://cpt.tcgcsv.com/TvK,2015-02-25T19:10:32.77,1,122,Common,Fighting,70,Basic,"[2] Stomp (10+) Flip a coin.  If heads, this attack does 10 damage plus 20 more damage.",[1FF] Horn Drill (50),W+10,L-20,2,0.5,0.69,1.09,0.71,0.87,Normal,,,
88743,Rhyhorn,Rhyhorn,https://tcgplayer-cdn.tcgplayer.com/product/88743_200w.jpg,3,1384,https://cpt.tcgcsv.com/TvK,2015-02-25T19:10:32.77,1,122,Common,Fighting,70,Basic,"[2] Stomp (10+) Flip a coin.  If heads, this attack does 10 damage plus 20 more damage.",[1FF] Horn Drill (50),W+10,L-20,2,5.52,14.94,25.19,17.47,,Reverse Holofoil,,,
88746,Rhyperior,Rhyperior,https://tcgplayer-cdn.tcgplayer.com/product/88746_200w.jpg,3,1384,https://cpt.tcgcsv.com/XvK,2020-08-21T21:55:02.597,1,10,Holo Rare,Fighting,140,Stage 2,[1F] Raging Drill (30+) Does 30 damage plus 10 more damage for each damage counter on Rhyperior.,"[2FF] Deep Scrap (60) If the Defending Pokemon would be Knocked Out by this attack, discard the top 3 cards from your opponent's deck.",W+30,L-20,4,1.25,3.08,9.97,3.17,,Holofoil,,,
88746,Rhyperior,Rhyperior,https://tcgplayer-cdn.tcgplayer.com/product/88746_200w.jpg,3,1384,https://cpt.tcgcsv.com/XvK,2020-08-21T21:55:02.597,1,10,Holo Rare,Fighting,140,Stage 2,[1F] Raging Drill (30+) Does 30 damage plus 10 more damage for each damage counter on Rhyperior.,"[2FF] Deep Scrap (60) If the Defending Pokemon would be Knocked Out by this attack, discard the top 3 cards from your opponent's deck.",W+30,L-20,4,1.0,3.21,3.89,3.21,,Reverse Holofoil,,,
88822,Roselia,Roselia,https://tcgplayer-cdn.tcgplayer.com/product/88822_200w.jpg,3,1384,https://cpt.tcgcsv.com/sxK,2024-10-28T21:20:59.103,1,123,Common,Grass,60,Basic,[1] Vine Slap (10),"[1G] Spit Poison (10) Flip a coin.  If heads, the Defending Pokemon is now Poisoned.",R+10,,1,0.01,0.28,1.49,0.25,,Normal,,,
88822,Roselia,Roselia,https://tcgplayer-cdn.tcgplayer.com/product/88822_200w.jpg,3,1384,https://cpt.tcgcsv.com/sxK,2024-10-28T21:20:59.103,1,123,Common,Grass,60,Basic,[1] Vine Slap (10),"[1G] Spit Poison (10) Flip a coin.  If heads, the Defending Pokemon is now Poisoned.",R+10,,1,0.82,1.27,1.72,1.65,,Reverse Holofoil,,,
88829,Roserade,Roserade,https://tcgplayer-cdn.tcgplayer.com/product/88829_200w.jpg,3,1384,https://cpt.tcgcsv.com/CxK,2025-02-05T21:06:36.367,1,81,Uncommon,Grass,80,Stage 1,[G] Cut (20),[2G] Poison Seed (30) The Defending Pokemon is now Poisoned.,R+20,,2,0.21,0.63,2.0,0.65,,Normal,,,
88829,Roserade,Roserade,https://tcgplayer-cdn.tcgplayer.com/product/88829_200w.jpg,3,1384,https://cpt.tcgcsv.com/CxK,2025-02-05T21:06:36.367,1,81,Uncommon,Grass,80,Stage 1,[G] Cut (20),[2G] Poison Seed (30) The Defending Pokemon is now Poisoned.,R+20,,2,0.64,0.89,1.0,2.89,,Reverse Holofoil,,,
88833,Roserade C,Roserade C,https://tcgplayer-cdn.tcgplayer.com/product/88833_200w.jpg,3,1384,https://cpt.tcgcsv.com/HxK,2015-02-25T17:59:22.82,1,40,Rare,Psychic,90,Basic,"[2P] Magical Leaf (40+) Flip a coin.  If heads, this attack does 40 damage plus 20 more damage and remove 2 damage counters from Roserade C.",,Px2,,2,0.86,1.95,93.18,3.39,,Normal,"Natural Cure - When you attach an Energy card from your hand to Roserade C, remove all Special Conditions from Roserade C.  (Poke-BODY)",,
88833,Roserade C,Roserade C,https://tcgplayer-cdn.tcgplayer.com/product/88833_200w.jpg,3,1384,https://cpt.tcgcsv.com/HxK,2015-02-25T17:59:22.82,1,40,Rare,Psychic,90,Basic,"[2P] Magical Leaf (40+) Flip a coin.  If heads, this attack does 40 damage plus 20 more damage and remove 2 damage counters from Roserade C.",,Px2,,2,7.0,23.19,55.0,26.49,33.1,Reverse Holofoil,"Natural Cure - When you attach an Energy card from your hand to Roserade C, remove all Special Conditions from Roserade C.  (Poke-BODY)",,
88838,Rotom,Rotom,https://tcgplayer-cdn.tcgplayer.com/product/88838_200w.jpg,3,1384,https://cpt.tcgcsv.com/NxK,2015-02-25T18:26:53.393,1,82,Uncommon,Lightning,70,Basic,[L] Discharge (40x) Discard all L Energy attached to Rotom.  Flip a coin for each Energy card you discarded.  This attack does 40 damage times the number of heads.,[2] Uproar - This attack does 10 damage to each of your opponent's Pokemon.  (Don't apply Weakness and Resistance for Benched Pokemon.),D+20,C-20,1,0.25,0.61,1.25,0.7,,Normal,,,
88838,Rotom,Rotom,https://tcgplayer-cdn.tcgplayer.com/product/88838_200w.jpg,3,1384,https://cpt.tcgcsv.com/NxK,2015-02-25T18:26:53.393,1,82,Uncommon,Lightning,70,Basic,[L] Discharge (40x) Discard all L Energy attached to Rotom.  Flip a coin for each Energy card you discarded.  This attack does 40 damage times the number of heads.,[2] Uproar - This attack does 10 damage to each of your opponent's Pokemon.  (Don't apply Weakness and Resistance for Benched Pokemon.),D+20,C-20,1,1.82,4.5,17.15,4.49,,Reverse Holofoil,,,
88859,Sableye G,Sableye G,https://tcgplayer-cdn.tcgplayer.com/product/88859_200w.jpg,3,1384,https://cpt.tcgcsv.com/czK,2015-02-25T18:00:00.623,1,41,Rare,Darkness,70,Basic,[0] Scratch (10),"[1D] Astonish (20) Choose 1 card from your opponent's hand without looking.  Look at that card you chose, then have your opponent shuffle that card into his or her deck.",,C-20,1,3.42,3.66,11.41,3.89,,Normal,,,
88859,Sableye G,Sableye G,https://tcgplayer-cdn.tcgplayer.com/product/88859_200w.jpg,3,1384,https://cpt.tcgcsv.com/czK,2015-02-25T18:00:00.623,1,41,Rare,Darkness,70,Basic,[0] Scratch (10),"[1D] Astonish (20) Choose 1 card from your opponent's hand without looking.  Look at that card you chose, then have your opponent shuffle that card into his or her deck.",,C-20,1,3.84,6.71,7.55,8.33,,Reverse Holofoil,,,
88925,Sandshrew,Sandshrew,https://tcgplayer-cdn.tcgplayer.com/product/88925_200w.jpg,3,1384,https://cpt.tcgcsv.com/wBK,2023-03-07T19:40:48.78,1,124,Common,Fighting,50,Basic,[F] Scratch (20),,W+10,L-20,1,0.18,0.45,2.0,0.5,,Normal,,,
88925,Sandshrew,Sandshrew,https://tcgplayer-cdn.tcgplayer.com/product/88925_200w.jpg,3,1384,https://cpt.tcgcsv.com/wBK,2023-03-07T19:40:48.78,1,124,Common,Fighting,50,Basic,[F] Scratch (20),,W+10,L-20,1,2.45,8.98,15.5,3.15,,Reverse Holofoil,,,
88933,Sandslash,Sandslash,https://tcgplayer-cdn.tcgplayer.com/product/88933_200w.jpg,3,1384,https://cpt.tcgcsv.com/HBK,2023-04-10T05:30:07,1,42,Rare,Fighting,90,Stage 1,"[2F] Needle (40) Flip a coin.  If heads, the Defending Pokemon is now Paralyzed and Poisoned.",,W+20,L-20,1,0.78,1.32,4.0,2.07,,Normal,"Dig Down - Once during your turn (before you attack), you may look at the top 5 cards of your deck.  Choose as many F Energy cards as you like, show them to your opponent, and put them into your hand.  Put the other cards back on top of your deck.  Shuffle your deck afterward.  This power can't be used if Sandslash is affected by a Special Condition.  (Poke-POWER)",,
88933,Sandslash,Sandslash,https://tcgplayer-cdn.tcgplayer.com/product/88933_200w.jpg,3,1384,https://cpt.tcgcsv.com/HBK,2023-04-10T05:30:07,1,42,Rare,Fighting,90,Stage 1,"[2F] Needle (40) Flip a coin.  If heads, the Defending Pokemon is now Paralyzed and Poisoned.",,W+20,L-20,1,1.87,3.07,4.0,2.93,,Reverse Holofoil,"Dig Down - Once during your turn (before you attack), you may look at the top 5 cards of your deck.  Choose as many F Energy cards as you like, show them to your opponent, and put them into your hand.  Put the other cards back on top of your deck.  Shuffle your deck afterward.  This power can't be used if Sandslash is affected by a Special Condition.  (Poke-POWER)",,
89028,Seaking,Seaking,https://tcgplayer-cdn.tcgplayer.com/product/89028_200w.jpg,3,1384,https://cpt.tcgcsv.com/BDK,2015-02-25T18:02:50.047,1,43,Rare,Water,90,Stage 1,"[1] Horn Pierce (90) Flip 2 coins, If either of them is tails, this attack does nothing.","[W] Endure (30) Flip a coin.  If heads, during your opponent's next turn, if Seaking would be Knocked Out by damage from an attack, Seaking is not Knocked Out and its remaining HP becomes 10 instead.",L+20,,1,0.6,1.0,2.99,1.05,,Normal,,,
89028,Seaking,Seaking,https://tcgplayer-cdn.tcgplayer.com/product/89028_200w.jpg,3,1384,https://cpt.tcgcsv.com/BDK,2015-02-25T18:02:50.047,1,43,Rare,Water,90,Stage 1,"[1] Horn Pierce (90) Flip 2 coins, If either of them is tails, this attack does nothing.","[W] Endure (30) Flip a coin.  If heads, during your opponent's next turn, if Seaking would be Knocked Out by damage from an attack, Seaking is not Knocked Out and its remaining HP becomes 10 instead.",L+20,,1,0.75,1.5,2.6,1.31,,Reverse Holofoil,,,
89054,Seel,Seel,https://tcgplayer-cdn.tcgplayer.com/product/89054_200w.jpg,3,1384,https://cpt.tcgcsv.com/6FK,2015-02-25T19:12:15.883,1,125,Common,Water,60,Basic,[1] Tail Slap (10),"[1W] Icy Wind (20) Flip a coin.  If heads, the Defending Pokemon is now Asleep.",M+10,,2,0.22,0.51,1.76,0.52,0.3,Normal,,,
89054,Seel,Seel,https://tcgplayer-cdn.tcgplayer.com/product/89054_200w.jpg,3,1384,https://cpt.tcgcsv.com/6FK,2015-02-25T19:12:15.883,1,125,Common,Water,60,Basic,[1] Tail Slap (10),"[1W] Icy Wind (20) Flip a coin.  If heads, the Defending Pokemon is now Asleep.",M+10,,2,0.25,0.75,2.89,3.01,,Reverse Holofoil,,,
89120,Shedinja,Shedinja,https://tcgplayer-cdn.tcgplayer.com/product/89120_200w.jpg,3,1384,https://cpt.tcgcsv.com/qGK,2015-02-25T18:03:11.743,1,44,Rare,Grass,60,Stage 1,[1] Spike Wound - Choose 1 of your opponent's Pokemon that has any damage counters on it.  This attack does 30 damage to that Pokemon.  (Don't apply Weakness and Resistance for Benched Pokemon.),,R+20,,1,0.88,1.35,3.14,1.52,,Normal,"Marvel Shell - Prevent all effects of attacks, including damage, done to Shedinja by your opponent's Pokemon that has any Poke-Powers or Poke-Bodies.  (Poke-Body)",,
89120,Shedinja,Shedinja,https://tcgplayer-cdn.tcgplayer.com/product/89120_200w.jpg,3,1384,https://cpt.tcgcsv.com/qGK,2015-02-25T18:03:11.743,1,44,Rare,Grass,60,Stage 1,[1] Spike Wound - Choose 1 of your opponent's Pokemon that has any damage counters on it.  This attack does 30 damage to that Pokemon.  (Don't apply Weakness and Resistance for Benched Pokemon.),,R+20,,1,2.5,3.68,4.71,4.61,,Reverse Holofoil,"Marvel Shell - Prevent all effects of attacks, including damage, done to Shedinja by your opponent's Pokemon that has any Poke-Powers or Poke-Bodies.  (Poke-Body)",,
89176,Shinx,Shinx,https://tcgplayer-cdn.tcgplayer.com/product/89176_200w.jpg,3,1384,https://cpt.tcgcsv.com/xHK,2015-02-25T19:12:35.327,1,126,Common,Lightning,60,Basic,[1L] Bite (20),,F+10,M-20,1,0.15,0.46,1.45,0.4,,Normal,,,
89176,Shinx,Shinx,https://tcgplayer-cdn.tcgplayer.com/product/89176_200w.jpg,3,1384,https://cpt.tcgcsv.com/xHK,2015-02-25T19:12:35.327,1,126,Common,Lightning,60,Basic,[1L] Bite (20),,F+10,M-20,1,1.6,1.7,1.79,1.46,,Reverse Holofoil,,,
89186,Shroomish,Shroomish,https://tcgplayer-cdn.tcgplayer.com/product/89186_200w.jpg,3,1384,https://cpt.tcgcsv.com/LHK,2023-06-01T14:06:28.617,1,127,Common,Grass,60,Basic,"[1] Stun Spore - Flip a coin.  If heads, the Defending Pokemon is now Paralyzed.",[2] Tackle (20),R+10,W-20,1,0.35,0.85,2.53,0.84,,Normal,,,
89186,Shroomish,Shroomish,https://tcgplayer-cdn.tcgplayer.com/product/89186_200w.jpg,3,1384,https://cpt.tcgcsv.com/LHK,2023-06-01T14:06:28.617,1,127,Common,Grass,60,Basic,"[1] Stun Spore - Flip a coin.  If heads, the Defending Pokemon is now Paralyzed.",[2] Tackle (20),R+10,W-20,1,1.45,1.45,1.45,2.53,,Reverse Holofoil,,,
89250,Skarmory FB,Skarmory FB,https://tcgplayer-cdn.tcgplayer.com/product/89250_200w.jpg,3,1384,https://cpt.tcgcsv.com/0KK,2025-02-05T21:06:36.417,1,83,Uncommon,Metal,80,Basic,"[M] Silver Feather (20) During your opponent's next turn, when your opponent puts a Basic Pokemon from his or her hand onto his or her Bench, put 2 damage counters on that Pokemon.",[2] Metal Max (20+) Discard all M Energy attached to Skarmory FB.  Flip a coin for each Energy card you discarded.  This attack does 20 damage plus 40 more damage for each heads.,Lx2,F-20,1,0.33,0.82,2.5,0.88,,Normal,,,
89250,Skarmory FB,Skarmory FB,https://tcgplayer-cdn.tcgplayer.com/product/89250_200w.jpg,3,1384,https://cpt.tcgcsv.com/0KK,2025-02-05T21:06:36.417,1,83,Uncommon,Metal,80,Basic,"[M] Silver Feather (20) During your opponent's next turn, when your opponent puts a Basic Pokemon from his or her hand onto his or her Bench, put 2 damage counters on that Pokemon.",[2] Metal Max (20+) Discard all M Energy attached to Skarmory FB.  Flip a coin for each Energy card you discarded.  This attack does 20 damage plus 40 more damage for each heads.,Lx2,F-20,1,1.59,1.89,3.27,3.27,,Reverse Holofoil,,,
89275,Skorupi,Skorupi,https://tcgplayer-cdn.tcgplayer.com/product/89275_200w.jpg,3,1384,https://cpt.tcgcsv.com/wKK,2015-02-25T19:16:45.507,1,128,Common,Psychic,50,Basic,"[1P] Poison Sting (10) Flip a coin.  If heads, the Defending Pokemon is now Poisoned.","[2P] Tail Smash (40) Flip a coin.  If tails, this attack does nothing.",P+10,,2,0.12,0.33,1.54,0.33,,Normal,,,
89275,Skorupi,Skorupi,https://tcgplayer-cdn.tcgplayer.com/product/89275_200w.jpg,3,1384,https://cpt.tcgcsv.com/wKK,2015-02-25T19:16:45.507,1,128,Common,Psychic,50,Basic,"[1P] Poison Sting (10) Flip a coin.  If heads, the Defending Pokemon is now Poisoned.","[2P] Tail Smash (40) Flip a coin.  If tails, this attack does nothing.",P+10,,2,0.4,0.4,0.4,0.97,,Reverse Holofoil,,,
89429,Solrock,Solrock,https://tcgplayer-cdn.tcgplayer.com/product/89429_200w.jpg,3,1384,https://cpt.tcgcsv.com/CNK,2015-02-25T18:03:33.637,1,45,Rare,Psychic,80,Basic,"[2] Luna Turn (30+) If Lunatone is in your discard pile, this attack does 30 damage plus 30 more damage.  Then, search your discard pile for Lunatone, show it to your opponent and shuffle it into your deck.",,G+20,,1,0.48,0.6,1.27,0.54,,Normal,"Sunshine Fate - Once during your turn (before you attack), if you have Lunatone in play, you may look at the top 3 cards of your deck and put them back on top of your deck in any order.  This power can't be used if Solrock is affected by a Special Condition.  (Poke-POWER)",,
89429,Solrock,Solrock,https://tcgplayer-cdn.tcgplayer.com/product/89429_200w.jpg,3,1384,https://cpt.tcgcsv.com/CNK,2015-02-25T18:03:33.637,1,45,Rare,Psychic,80,Basic,"[2] Luna Turn (30+) If Lunatone is in your discard pile, this attack does 30 damage plus 30 more damage.  Then, search your discard pile for Lunatone, show it to your opponent and shuffle it into your deck.",,G+20,,1,0.5,0.86,3.0,0.77,,Reverse Holofoil,"Sunshine Fate - Once during your turn (before you attack), if you have Lunatone in play, you may look at the top 3 cards of your deck and put them back on top of your deck in any order.  This power can't be used if Solrock is affected by a Special Condition.  (Poke-POWER)",,
89463,Spinda,Spinda,https://tcgplayer-cdn.tcgplayer.com/product/89463_200w.jpg,3,1384,https://cpt.tcgcsv.com/hPK,2015-02-25T18:03:53.73,1,46,Rare,Colorless,70,Basic,"[1] Synchro Removal - If any Energy card attached to Spinda is the same type as any Energy card attached to the Defending Pokemon, discard 1 of those Energy cards from the Defending Pokemon.","[1] Pulled Punch (30) If the Defending Pokemon already has any damage counters on it, this attack's base damage is 10 instead of 30.",F+20,,1,0.45,0.99,4.04,1.11,,Normal,,,
89463,Spinda,Spinda,https://tcgplayer-cdn.tcgplayer.com/product/89463_200w.jpg,3,1384,https://cpt.tcgcsv.com/hPK,2015-02-25T18:03:53.73,1,46,Rare,Colorless,70,Basic,"[1] Synchro Removal - If any Energy card attached to Spinda is the same type as any Energy card attached to the Defending Pokemon, discard 1 of those Energy cards from the Defending Pokemon.","[1] Pulled Punch (30) If the Defending Pokemon already has any damage counters on it, this attack's base damage is 10 instead of 30.",F+20,,1,3.14,4.43,5.28,5.61,,Reverse Holofoil,,,
89469,Spiritomb C,Spiritomb C,https://tcgplayer-cdn.tcgplayer.com/product/89469_200w.jpg,3,1384,https://cpt.tcgcsv.com/pPK,2015-02-25T18:27:40.737,1,84,Uncommon,Psychic,70,Basic,[1] Sharpshooting - Choose 1 of your opponent's Pokemon.  This attack does 10 damage to that Pokemon.  (Don't apply Weakness and Resistance for Benched Pokemon.),[1P] Lock Up (20) The Defending Pokemon can't retreat during your opponent's next turn.,,C-20,1,0.29,0.71,1.99,0.77,,Normal,,,
89469,Spiritomb C,Spiritomb C,https://tcgplayer-cdn.tcgplayer.com/product/89469_200w.jpg,3,1384,https://cpt.tcgcsv.com/pPK,2015-02-25T18:27:40.737,1,84,Uncommon,Psychic,70,Basic,[1] Sharpshooting - Choose 1 of your opponent's Pokemon.  This attack does 10 damage to that Pokemon.  (Don't apply Weakness and Resistance for Benched Pokemon.),[1P] Lock Up (20) The Defending Pokemon can't retreat during your opponent's next turn.,,C-20,1,2.0,6.48,7.49,2.05,,Reverse Holofoil,,,
89511,Staraptor FB,Staraptor FB,https://tcgplayer-cdn.tcgplayer.com/product/89511_200w.jpg,3,1384,https://cpt.tcgcsv.com/fQK,2015-02-25T17:25:03.647,1,11,Holo Rare,Colorless,80,Basic,"[1] Quick Attack (10+) Flip a coin.  If heads, this attack does 10 damage plus 10 more damage.",[3] Whirlwind (30) Your opponent switches the Defending Pokemon with 1 of his or her Benched Pokemon.,Lx2,F-20,1,3.5,5.1,13.99,5.47,,Holofoil,,,
89511,Staraptor FB,Staraptor FB,https://tcgplayer-cdn.tcgplayer.com/product/89511_200w.jpg,3,1384,https://cpt.tcgcsv.com/fQK,2015-02-25T17:25:03.647,1,11,Holo Rare,Colorless,80,Basic,"[1] Quick Attack (10+) Flip a coin.  If heads, this attack does 10 damage plus 10 more damage.",[3] Whirlwind (30) Your opponent switches the Defending Pokemon with 1 of his or her Benched Pokemon.,Lx2,F-20,1,3.03,4.23,9.97,5.9,,Reverse Holofoil,,,
89512,Staraptor FB Lv.X,Staraptor FB LvX,https://tcgplayer-cdn.tcgplayer.com/product/89512_200w.jpg,3,1384,https://cpt.tcgcsv.com/gQK,2015-02-25T19:35:03.703,1,147,Ultra Rare,Colorless,100,Level Up,"[3] Defog (40) Before doing damage, you may discard any Stadium card in play.  If you do, this attack's base damage is 70 instead of 40.",,Lx2,F-20,0,29.99,45.0,66.99,69.49,,Holofoil,"Fast Call - Once during your turn (before your attack), you may search your deck for a Supporter card, show it to your opponent, and put it into your hand.  Shuffle your deck afterward.  This power can't be used if Staraptor FB is affected by a Special Condition.  (Poke-POWER)",,
89517,Staravia,Staravia,https://tcgplayer-cdn.tcgplayer.com/product/89517_200w.jpg,3,1384,https://cpt.tcgcsv.com/mQK,2015-02-25T18:28:05.14,1,85,Uncommon,Colorless,70,Stage 1,[2] Double Peck (20x) Flip 2 coins.  This attack does 20 damage times the number of heads.,"[3] Air Crash (30) Flip a coin.  If heads, discard an Energy card attached to the Defending Pokemon.",L+20,F-20,1,0.2,0.32,8.37,0.28,,Normal,,,
89517,Staravia,Staravia,https://tcgplayer-cdn.tcgplayer.com/product/89517_200w.jpg,3,1384,https://cpt.tcgcsv.com/mQK,2015-02-25T18:28:05.14,1,85,Uncommon,Colorless,70,Stage 1,[2] Double Peck (20x) Flip 2 coins.  This attack does 20 damage times the number of heads.,"[3] Air Crash (30) Flip a coin.  If heads, discard an Energy card attached to the Defending Pokemon.",L+20,F-20,1,0.4,0.95,2.47,0.97,,Reverse Holofoil,,,
89525,Starly,Starly,https://tcgplayer-cdn.tcgplayer.com/product/89525_200w.jpg,3,1384,https://cpt.tcgcsv.com/wQK,2015-02-25T19:17:34.9,1,129,Common,Colorless,50,Basic,[2] Peck (20),,L+10,F-20,1,0.04,0.28,1.0,0.3,,Normal,,,
89525,Starly,Starly,https://tcgplayer-cdn.tcgplayer.com/product/89525_200w.jpg,3,1384,https://cpt.tcgcsv.com/wQK,2015-02-25T19:17:34.9,1,129,Common,Colorless,50,Basic,[2] Peck (20),,L+10,F-20,1,0.4,0.63,121.06,0.74,,Reverse Holofoil,,,
89651,Surskit,Surskit,https://tcgplayer-cdn.tcgplayer.com/product/89651_200w.jpg,3,1384,https://cpt.tcgcsv.com/2TK,2022-08-23T08:31:30.023,1,130,Common,Grass,50,Basic,"[1] Quick Attack (10+) Flip a coin.  If heads, this attack does 10 more damage.",,R+10,,1,0.1,0.25,1.44,0.23,,Normal,,,
89651,Surskit,Surskit,https://tcgplayer-cdn.tcgplayer.com/product/89651_200w.jpg,3,1384,https://cpt.tcgcsv.com/2TK,2022-08-23T08:31:30.023,1,130,Common,Grass,50,Basic,"[1] Quick Attack (10+) Flip a coin.  If heads, this attack does 10 more damage.",,R+10,,1,0.6,6.6,6.95,4.63,,Reverse Holofoil,,,
89681,Swampert,Swampert,https://tcgplayer-cdn.tcgplayer.com/product/89681_200w.jpg,3,1384,https://cpt.tcgcsv.com/FTK,2015-02-25T17:25:52.36,1,12,Holo Rare,Water,130,Stage 2,"[2W] Drag Off (30) Before doing damage, you may switch your opponent's Active Pokemon with 1 of his or her Benched Pokemon.",[3W] Push Over (60+) Does 60 damage plus 10 more damage for each F Energy attached to Swampert.,G+30,,2,14.0,15.99,19.97,13.25,,Holofoil,Root Protector - Any damage done to Swampert by attacks from you opponent's Pokemon that isn't an Evolved Pokemon is reduced by 20 (after applying Weakness and Resistance).  (Poke-BODY),,
89681,Swampert,Swampert,https://tcgplayer-cdn.tcgplayer.com/product/89681_200w.jpg,3,1384,https://cpt.tcgcsv.com/FTK,2015-02-25T17:25:52.36,1,12,Holo Rare,Water,130,Stage 2,"[2W] Drag Off (30) Before doing damage, you may switch your opponent's Active Pokemon with 1 of his or her Benched Pokemon.",[3W] Push Over (60+) Does 60 damage plus 10 more damage for each F Energy attached to Swampert.,G+30,,2,8.0,9.95,16.73,15.93,,Reverse Holofoil,Root Protector - Any damage done to Swampert by attacks from you opponent's Pokemon that isn't an Evolved Pokemon is reduced by 20 (after applying Weakness and Resistance).  (Poke-BODY),,
89926,Togekiss C,Togekiss C,https://tcgplayer-cdn.tcgplayer.com/product/89926_200w.jpg,3,1384,https://cpt.tcgcsv.com/x-K,2015-02-25T18:29:01.483,1,86,Uncommon,Colorless,70,Basic,[0] Collect - Draw a card.,[2] Reckless Charge (30) Togekiss C does 10 damage to itself.,Lx2,F-20,0,1.0,2.6,5.09,3.09,,Normal,,,
89926,Togekiss C,Togekiss C,https://tcgplayer-cdn.tcgplayer.com/product/89926_200w.jpg,3,1384,https://cpt.tcgcsv.com/x-K,2015-02-25T18:29:01.483,1,86,Uncommon,Colorless,70,Basic,[0] Collect - Draw a card.,[2] Reckless Charge (30) Togekiss C does 10 damage to itself.,Lx2,F-20,0,11.0,14.99,99.99,20.0,,Reverse Holofoil,,,
90079,Turtwig,Turtwig,https://tcgplayer-cdn.tcgplayer.com/product/90079_200w.jpg,3,1384,https://cpt.tcgcsv.com/C2L,2015-02-25T19:19:57.597,1,131,Common,Grass,60,Basic,[1] Shell Attack (10),"[2G] Stomp (20+) Flip a coin.  If heads, this attack does 20 damage plus 10 more damage.",R+10,W-20,2,0.25,0.37,2.1,0.57,,Normal,,,
90321,Venusaur,Venusaur,https://tcgplayer-cdn.tcgplayer.com/product/90321_200w.jpg,3,1384,https://cpt.tcgcsv.com/r8L,2015-02-25T17:26:44.267,1,13,Holo Rare,Grass,140,Stage 2,"[G] Desperate Pollen (30) If Venusaur already has 8 or more damage counters on it, the Defending Pokemon is now Burned, Confused, and Poisoned.","[2GG] Special Reaction (40+) If the Defending Pokemon is affected by any Special Conditions, this attack does 40 damage plus 40 more damage for each of those Special Conditions.",R+40,,4,20.0,24.79,29.99,21.64,,Holofoil,Green Aroma - Remove all Special Conditions from each of your G Pokemon.  Each of your G Pokemon can't be affected by any Special Conditions.  (Poke-BODY),,
90321,Venusaur,Venusaur,https://tcgplayer-cdn.tcgplayer.com/product/90321_200w.jpg,3,1384,https://cpt.tcgcsv.com/r8L,2015-02-25T17:26:44.267,1,13,Holo Rare,Grass,140,Stage 2,"[G] Desperate Pollen (30) If Venusaur already has 8 or more damage counters on it, the Defending Pokemon is now Burned, Confused, and Poisoned.","[2GG] Special Reaction (40+) If the Defending Pokemon is affected by any Special Conditions, this attack does 40 damage plus 40 more damage for each of those Special Conditions.",R+40,,4,8.05,14.48,19.99,20.6,,Reverse Holofoil,Green Aroma - Remove all Special Conditions from each of your G Pokemon.  Each of your G Pokemon can't be affected by any Special Conditions.  (Poke-BODY),,
90427,VS Seeker,VS Seeker,https://tcgplayer-cdn.tcgplayer.com/product/90427_200w.jpg,3,1384,https://cpt.tcgcsv.com/zbL,2015-02-25T19:30:18.387,1,140,Uncommon,Trainer,0,Trainer,"Search your discard pile for a Supporter card, show it to your opponent, and put it into your hand.",,,,,3.5,5.5,9.97,5.2,,Normal,,,
90427,VS Seeker,VS Seeker,https://tcgplayer-cdn.tcgplayer.com/product/90427_200w.jpg,3,1384,https://cpt.tcgcsv.com/zbL,2015-02-25T19:30:18.387,1,140,Uncommon,Trainer,0,Trainer,"Search your discard pile for a Supporter card, show it to your opponent, and put it into your hand.",,,,,6.99,9.0,14.99,9.0,,Reverse Holofoil,,,
90454,Wailmer,Wailmer,https://tcgplayer-cdn.tcgplayer.com/product/90454_200w.jpg,3,1384,https://cpt.tcgcsv.com/6cL,2025-02-05T21:06:36.467,1,87,Uncommon,Water,80,Basic,[1W] Hydro Pump (20+) Does 20 damage plus 10 more damage for each W Energy attached to Wailmer but not used to pay for this attack's Energy cost.  You can't add more than 20 damage in this way.,[2W] Take Down (50) Wailmer does 20 damage to itself.,L+20,,3,0.28,0.5,1.59,0.53,,Normal,,,
90454,Wailmer,Wailmer,https://tcgplayer-cdn.tcgplayer.com/product/90454_200w.jpg,3,1384,https://cpt.tcgcsv.com/6cL,2025-02-05T21:06:36.467,1,87,Uncommon,Water,80,Basic,[1W] Hydro Pump (20+) Does 20 damage plus 10 more damage for each W Energy attached to Wailmer but not used to pay for this attack's Energy cost.  You can't add more than 20 damage in this way.,[2W] Take Down (50) Wailmer does 20 damage to itself.,L+20,,3,3.99,15.12,15.74,2.66,,Reverse Holofoil,,,
90460,Wailord,Wailord,https://tcgplayer-cdn.tcgplayer.com/product/90460_200w.jpg,3,1384,https://cpt.tcgcsv.com/dcL,2015-02-25T18:04:17.393,1,47,Rare,Water,180,Stage 1,[2] Rest - Remove all special Conditions and 4 damage counters from Wailord.  Wailord is now Asleep.,[2WWW] Giant Wave (100) Wailord can't use Giant Wave during your next turn.,Lx2,,4,1.54,2.58,6.27,3.11,,Normal,,,
90460,Wailord,Wailord,https://tcgplayer-cdn.tcgplayer.com/product/90460_200w.jpg,3,1384,https://cpt.tcgcsv.com/dcL,2015-02-25T18:04:17.393,1,47,Rare,Water,180,Stage 1,[2] Rest - Remove all special Conditions and 4 damage counters from Wailord.  Wailord is now Asleep.,[2WWW] Giant Wave (100) Wailord can't use Giant Wave during your next turn.,Lx2,,4,2.0,3.0,3.5,4.02,2.61,Reverse Holofoil,,,
90584,Whismur,Whismur,https://tcgplayer-cdn.tcgplayer.com/product/90584_200w.jpg,3,1384,https://cpt.tcgcsv.com/JfL,2024-06-14T06:12:20.76,1,132,Common,Colorless,60,Basic,"[1] Tone-Deaf - Flip a coin.  If heads, the Defending Pokemon is now Confused.",[2] Rollout (20),F+10,,1,0.22,0.5,0.99,0.66,,Normal,,,
90584,Whismur,Whismur,https://tcgplayer-cdn.tcgplayer.com/product/90584_200w.jpg,3,1384,https://cpt.tcgcsv.com/JfL,2024-06-14T06:12:20.76,1,132,Common,Colorless,60,Basic,"[1] Tone-Deaf - Flip a coin.  If heads, the Defending Pokemon is now Confused.",[2] Rollout (20),F+10,,1,2.5,2.98,3.45,6.58,,Reverse Holofoil,,,
90686,Yanma,Yanma,https://tcgplayer-cdn.tcgplayer.com/product/90686_200w.jpg,3,1384,https://cpt.tcgcsv.com/LhL,2022-08-20T11:36:34.587,1,88,Uncommon,Grass,70,Basic,"[1] Supersonic - Flip a coin.  If heads, the Defending Pokemon is now Confused.","[G] Air Slash (20) Flip a coin.  If tails, discard an Energy card attached to Yanma.",L+20,F-20,1,0.2,0.45,1.0,0.51,,Normal,,,
90686,Yanma,Yanma,https://tcgplayer-cdn.tcgplayer.com/product/90686_200w.jpg,3,1384,https://cpt.tcgcsv.com/LhL,2022-08-20T11:36:34.587,1,88,Uncommon,Grass,70,Basic,"[1] Supersonic - Flip a coin.  If heads, the Defending Pokemon is now Confused.","[G] Air Slash (20) Flip a coin.  If tails, discard an Energy card attached to Yanma.",L+20,F-20,1,0.41,1.82,3.0,2.49,,Reverse Holofoil,,,
90687,Yanma (Shiny),Yanma Shiny,https://tcgplayer-cdn.tcgplayer.com/product/90687_200w.jpg,3,1384,https://cpt.tcgcsv.com/MhL,2020-12-16T22:20:55.773,1,SH9,Shiny Holo Rare,Grass,70,Basic,"[1] Sonicboom (10) 
<br>This attack's damage isn't affected by Weakness or Resistance.","[2G] Baton Pass (30) 
<br>You may switch Yanma with 1 of your Benched Pokemon.  If you do, move as many Energy cards attached to Yanma as you like to the new Active Pokemon.",L+20,F-20,1,35.49,40.17,60.0,66.14,,Reverse Holofoil,,,
90692,Yanmega,Yanmega,https://tcgplayer-cdn.tcgplayer.com/product/90692_200w.jpg,3,1384,https://cpt.tcgcsv.com/ShL,2015-02-25T17:27:47.477,1,14,Holo Rare,Grass,100,Stage 1,"[2] Wind Return (20+) You may return all G Energy attached to Yanmega to your hand.  If you do, this attack does 20 damage plus 20 more damage for each Energy card you returned.",[2GG] Speed Dive (70),L+20,F-20,0,2.77,3.99,7.99,4.27,,Holofoil,"Speed Boost - Once during your turn (before you attack), if Yanmega is your Active Pokemon, you may search your discard pile for a G Energy card and attach it to Yanmega.  This power can't be used if Yanmega is affected by a Special Condition.  (Poke-POWER)",,
90692,Yanmega,Yanmega,https://tcgplayer-cdn.tcgplayer.com/product/90692_200w.jpg,3,1384,https://cpt.tcgcsv.com/ShL,2015-02-25T17:27:47.477,1,14,Holo Rare,Grass,100,Stage 1,"[2] Wind Return (20+) You may return all G Energy attached to Yanmega to your hand.  If you do, this attack does 20 damage plus 20 more damage for each Energy card you returned.",[2GG] Speed Dive (70),L+20,F-20,0,2.24,4.9,9.59,6.25,,Reverse Holofoil,"Speed Boost - Once during your turn (before you attack), if Yanmega is your Active Pokemon, you may search your discard pile for a G Energy card and attach it to Yanmega.  This power can't be used if Yanmega is affected by a Special Condition.  (Poke-POWER)",,
90718,Zapdos (48),Zapdos 48,https://tcgplayer-cdn.tcgplayer.com/product/90718_200w.jpg,3,1384,https://cpt.tcgcsv.com/njL,2023-12-03T01:05:04.24,1,48,Rare,Lightning,100,Basic,[2L] Drill Peck (30),[2LL] Lightning Wing (50+) Flip a coin.  If heads this attack does 50 damage plus 20 more damage.,L+30,F-20,2,1.27,2.45,5.09,3.19,,Normal,,,
90718,Zapdos (48),Zapdos 48,https://tcgplayer-cdn.tcgplayer.com/product/90718_200w.jpg,3,1384,https://cpt.tcgcsv.com/njL,2023-12-03T01:05:04.24,1,48,Rare,Lightning,100,Basic,[2L] Drill Peck (30),[2LL] Lightning Wing (50+) Flip a coin.  If heads this attack does 50 damage plus 20 more damage.,L+30,F-20,2,5.5,9.97,19.99,10.62,,Reverse Holofoil,,,
90719,Zapdos (150),Zapdos 150,https://tcgplayer-cdn.tcgplayer.com/product/90719_200w.jpg,3,1384,https://cpt.tcgcsv.com/pjL,2023-02-13T16:41:35.54,1,150,Secret Rare,Lightning,70,Basic,"[LLL] Lightning Burn (30) Flip a coin.  If heads, this attack does 30 damage to 1 of your opponent's Benched Pokemon.  (Don't apply Weakness and Resistance for Benched Pokemon.)  If tails, Zapdos does 30 damage to itself.",,,F-30,1,129.99,135.26,226.69,179.99,,Holofoil,,,
90775,Zubat,Zubat,https://tcgplayer-cdn.tcgplayer.com/product/90775_200w.jpg,3,1384,https://cpt.tcgcsv.com/wkL,2015-02-25T19:21:11.79,1,133,Common,Psychic,50,Basic,[1] Quick Turn (10x) Flip 2 coins.  This attack does 10 damage times the number of heads.,,P+10,F-20,1,0.15,0.38,1.53,0.41,,Normal,,,
90775,Zubat,Zubat,https://tcgplayer-cdn.tcgplayer.com/product/90775_200w.jpg,3,1384,https://cpt.tcgcsv.com/wkL,2015-02-25T19:21:11.79,1,133,Common,Psychic,50,Basic,[1] Quick Turn (10x) Flip 2 coins.  This attack does 10 damage times the number of heads.,,P+10,F-20,1,0.89,3.18,5.19,3.7,,Reverse Holofoil,,,
98574,Supreme Victors Booster Pack,Supreme Victors Booster Pack,https://tcgplayer-cdn.tcgplayer.com/product/98574_200w.jpg,3,1384,https://cpt.tcgcsv.com/vrP,2017-07-22T17:02:51.7,1,,,,,,,,,,,344.99,350.0,399.99,319.75,,Normal,,,
98575,Supreme Victors Booster Box,Supreme Victors Booster Box,https://tcgplayer-cdn.tcgplayer.com/product/98575_200w.jpg,3,1384,https://cpt.tcgcsv.com/wrP,2015-05-06T14:47:00.6,1,,,,,,,,,,,,,,,,,,,
645310,"Supreme Victors Theme Deck - ""Overflow""",Supreme Victors Theme Deck Overflow,https://tcgplayer-cdn.tcgplayer.com/product/645310_200w.jpg,3,1384,https://cpt.tcgcsv.com/d8b7,2025-07-22T15:03:44.633,1,,,,,,,,,,,,,,,,,"Take your game to new heights with help from Cynthia, the Sinnoh League Champion! With powerful Champion's Pokémon Milotic C and Spiritomb C at your call, you'll discover how valuable Psychic and Water Pokémon SP can be. Exceptional Supporter cards like Cynthia's Feelings and Roseanne's Research provide a flood of game play options. Then watch Roserade C run riot with its Magical Leaf attack—flip a coin right and extra damage rains down while it heats itself. Take the plunge and submerge your opponents in the treacherous waters of Overflow!
<br><br><strong>Contents:</strong>
<br>• 1 60-card preconstructed deck
<br>• Damage counters
<br>• 1 coin",,820650105012
