productId,name,cleanName,imageUrl,categoryId,groupId,url,modifiedOn,imageCount,lowPrice,midPrice,highPrice,marketPrice,directLowPrice,subTypeName,extCardText,extNumber,extRarity,extCardType,extHP,extStage,extAttack1,extWeakness,extResistance,extRetreatCost,extAttack2,extAttack3
107101,XY BREAKthrough Booster Box,XY BREAKthrough Booster Box,https://tcgplayer-cdn.tcgplayer.com/product/107101_200w.jpg,3,1661,https://cpt.tcgcsv.com/2SS,2015-11-04T13:28:11.727,1,3788.88,3788.88,3788.88,2272.49,,Normal,,,,,,,,,,,,
107102,"BREAKthrough Theme Deck - ""Burning Spark"" [Raichu]",BREAKthrough Theme Deck Burning Spark Raichu,https://tcgplayer-cdn.tcgplayer.com/product/107102_200w.jpg,3,1661,https://cpt.tcgcsv.com/3SS,2018-10-03T13:07:22.803,1,39.99,39.99,39.99,30.0,,Normal,"<em>Let Sparks Fly!
<br>Run circles around your opponent's Pokemon with lightning speed, or burn them with a well-placed jet of flame--let loose with the full heat of the Burning Spark theme deck!</em>
<br>
<br><strong>Contents:</strong>
<br>• 1 60-card preconstructed deck
<br>• Damage counters
<br>• 1 coin",,,,,,,,,,,
107103,"BREAKthrough Theme Deck - ""Night Striker"" [Noivern]",BREAKthrough Theme Deck Night Striker Noivern,https://tcgplayer-cdn.tcgplayer.com/product/107103_200w.jpg,3,1661,https://cpt.tcgcsv.com/5SS,2018-10-03T13:08:21.53,1,34.99,39.49,39.99,,,Normal,"<em>Sound a Victory Cry!
<br>Let rip with a scream from the night, and weave your path to victory in the darkness. Seize the power of Noivern and Gengar in the Night Striker Theme Deck!</em>
<br>
<br><strong>Contents:</strong>
<br>• 1 60-card preconstructed deck
<br>• Damage counters
<br>• 1 coin",,,,,,,,,,,
107104,Mega Blaziken EX Premium Collection,Mega Blaziken EX Premium Collection,https://tcgplayer-cdn.tcgplayer.com/product/107104_200w.jpg,3,1661,https://cpt.tcgcsv.com/6SS,2015-11-04T13:27:50.093,1,,,,,,,,,,,,,,,,,,
107105,Mega Swampert EX Premium Collection,Mega Swampert EX Premium Collection,https://tcgplayer-cdn.tcgplayer.com/product/107105_200w.jpg,3,1661,https://cpt.tcgcsv.com/7SS,2015-11-04T13:27:55.65,1,1500.0,1500.0,1500.0,,,Normal,,,,,,,,,,,,
107106,Elite Trainer Box [Mewtwo X],Elite Trainer Box Mewtwo X,https://tcgplayer-cdn.tcgplayer.com/product/107106_200w.jpg,3,1661,https://cpt.tcgcsv.com/8SS,2015-11-04T13:27:24.623,1,1200.0,1600.0,1999.99,561.71,,Normal,,,,,,,,,,,,
107107,Elite Trainer Box [Mewtwo Y],Elite Trainer Box Mewtwo Y,https://tcgplayer-cdn.tcgplayer.com/product/107107_200w.jpg,3,1661,https://cpt.tcgcsv.com/9SS,2015-11-04T13:27:32.277,1,1200.0,1600.0,1999.99,515.45,,Normal,,,,,,,,,,,,
107108,Mega Blaziken EX & Mega Swampert EX Premium Collection (Set of 2),Mega Blaziken EX and Mega Swampert EX Premium Collection Set of 2,https://tcgplayer-cdn.tcgplayer.com/product/107108_200w.jpg,3,1661,https://cpt.tcgcsv.com/bSS,2015-11-04T13:27:43.887,1,,,,,,,,,,,,,,,,,,
107109,XY BREAKthrough Collector Chest,XY BREAKthrough Collector Chest,https://tcgplayer-cdn.tcgplayer.com/product/107109_200w.jpg,3,1661,https://cpt.tcgcsv.com/cSS,2015-11-19T16:06:32.027,1,,,,,,,,,,,,,,,,,,
107110,BREAKthrough Pin Blisters [Mega Mewtwo] (Set of 2),BREAKthrough Pin Blisters Mega Mewtwo Set of 2,https://tcgplayer-cdn.tcgplayer.com/product/107110_200w.jpg,3,1661,https://cpt.tcgcsv.com/dSS,2015-11-19T15:48:10.207,1,,,,,,,,,,,,,,,,,,
107111,BREAKthrough Mega Evolution 3 Pin Blister,BREAKthrough Mega Evolution 3 Pin Blister,https://tcgplayer-cdn.tcgplayer.com/product/107111_200w.jpg,3,1661,https://cpt.tcgcsv.com/fSS,2018-10-10T15:46:27.243,1,,,,,,,"Each blister comes with 3 XY—BREAKthrough booster packs and 3 collectible pins featuring Mega Charizard X, Mega Charizard Y, and Mega Lucario.",,,,,,,,,,,
107112,BREAKthrough Three Pack Pin Blisters [Mega Mewtwo X],BREAKthrough Three Pack Pin Blisters Mega Mewtwo X,https://tcgplayer-cdn.tcgplayer.com/product/107112_200w.jpg,3,1661,https://cpt.tcgcsv.com/gSS,2015-11-24T18:14:03.43,1,,,,,,,,,,,,,,,,,,
107113,BREAKthrough Three Pack Pin Blisters [Mega Mewtwo Y],BREAKthrough Three Pack Pin Blisters Mega Mewtwo Y,https://tcgplayer-cdn.tcgplayer.com/product/107113_200w.jpg,3,1661,https://cpt.tcgcsv.com/hSS,2015-11-24T18:14:25.657,1,,,,,,,,,,,,,,,,,,
107114,Pikachu EX Legendary Collection,Pikachu EX Legendary Collection,https://tcgplayer-cdn.tcgplayer.com/product/107114_200w.jpg,3,1661,https://cpt.tcgcsv.com/jSS,2015-11-19T15:50:50.257,1,,,,,,,,,,,,,,,,,,
107115,Hoopa EX Legendary Collection,Hoopa EX Legendary Collection,https://tcgplayer-cdn.tcgplayer.com/product/107115_200w.jpg,3,1661,https://cpt.tcgcsv.com/kSS,2015-11-19T15:48:27.407,1,999.99,999.99,999.99,412.5,,Normal,,,,,,,,,,,,
107116,Mega Mewtwo Collection (Set of 2),Mega Mewtwo Collection Set of 2,https://tcgplayer-cdn.tcgplayer.com/product/107116_200w.jpg,3,1661,https://cpt.tcgcsv.com/lSS,2015-11-19T15:50:25.523,1,,,,,,,,,,,,,,,,,,
107117,BREAKthrough Legendary Collection (Set of 2),BREAKthrough Legendary Collection Set of 2,https://tcgplayer-cdn.tcgplayer.com/product/107117_200w.jpg,3,1661,https://cpt.tcgcsv.com/mSS,2015-11-24T18:13:26.857,1,,,,,,,,,,,,,,,,,,
107118,Mega Mewtwo Collection [Mega Mewtwo X],Mega Mewtwo Collection Mega Mewtwo X,https://tcgplayer-cdn.tcgplayer.com/product/107118_200w.jpg,3,1661,https://cpt.tcgcsv.com/nSS,2015-11-19T15:50:31.697,1,499.0,499.0,499.0,299.0,,Normal,,,,,,,,,,,,
107119,Mega Mewtwo Collection [Mega Mewtwo Y],Mega Mewtwo Collection Mega Mewtwo Y,https://tcgplayer-cdn.tcgplayer.com/product/107119_200w.jpg,3,1661,https://cpt.tcgcsv.com/pSS,2015-11-19T15:50:36.957,1,,,,,,,,,,,,,,,,,,
107120,Paras,Paras,https://tcgplayer-cdn.tcgplayer.com/product/107120_200w.jpg,3,1661,https://cpt.tcgcsv.com/qSS,2025-02-05T21:20:31.35,1,0.02,0.16,1.49,0.14,,Normal,,1/162,Common,Grass,60,Basic,"[1] Blot (10)
<br>Heal 10 damage from this Pokemon.",Rx2,None,1,,
107120,Paras,Paras,https://tcgplayer-cdn.tcgplayer.com/product/107120_200w.jpg,3,1661,https://cpt.tcgcsv.com/qSS,2025-02-05T21:20:31.35,1,0.15,0.35,2.95,0.35,,Reverse Holofoil,,1/162,Common,Grass,60,Basic,"[1] Blot (10)
<br>Heal 10 damage from this Pokemon.",Rx2,None,1,,
107121,Parasect,Parasect,https://tcgplayer-cdn.tcgplayer.com/product/107121_200w.jpg,3,1661,https://cpt.tcgcsv.com/rSS,2022-12-15T17:16:49.413,1,0.1,0.3,1.49,0.3,,Normal,,2/162,Rare,Grass,100,Stage 1,"[1] Colorful Spores 
<br>Choose 3 of your Pokemon. For each of those Pokemon, search your deck for a different type of basic Energy card and attach it to that Pokemon. Shuffle your deck afterward.",Rx2,None,2,"[1G] X-Scissor (30+)
<br>Flip a coin. If heads, this attack does 30 more damage.",
107121,Parasect,Parasect,https://tcgplayer-cdn.tcgplayer.com/product/107121_200w.jpg,3,1661,https://cpt.tcgcsv.com/rSS,2022-12-15T17:16:49.413,1,0.15,0.5,3.0,0.51,,Reverse Holofoil,,2/162,Rare,Grass,100,Stage 1,"[1] Colorful Spores 
<br>Choose 3 of your Pokemon. For each of those Pokemon, search your deck for a different type of basic Energy card and attach it to that Pokemon. Shuffle your deck afterward.",Rx2,None,2,"[1G] X-Scissor (30+)
<br>Flip a coin. If heads, this attack does 30 more damage.",
107122,Pinsir,Pinsir,https://tcgplayer-cdn.tcgplayer.com/product/107122_200w.jpg,3,1661,https://cpt.tcgcsv.com/sSS,2024-01-24T04:03:48.847,1,0.05,0.25,1.49,0.26,,Normal,,3/162,Uncommon,Grass,100,Basic,"[G] Overhead Throw (30)
<br>This attack does 20 damage to 1 of your Benched Pokemon. <i>(Don't apply Weakness and Resistance for Benched Pokemon.)</i>",Rx2,None,2,"[2G] Heavy Suplex (40+)
<br>This attack does 2 0more damage for each Colorless in your opponent's Active Pokemon's Retreat Cost.",
107122,Pinsir,Pinsir,https://tcgplayer-cdn.tcgplayer.com/product/107122_200w.jpg,3,1661,https://cpt.tcgcsv.com/sSS,2024-01-24T04:03:48.847,1,0.16,0.43,5.01,0.42,0.35,Reverse Holofoil,,3/162,Uncommon,Grass,100,Basic,"[G] Overhead Throw (30)
<br>This attack does 20 damage to 1 of your Benched Pokemon. <i>(Don't apply Weakness and Resistance for Benched Pokemon.)</i>",Rx2,None,2,"[2G] Heavy Suplex (40+)
<br>This attack does 2 0more damage for each Colorless in your opponent's Active Pokemon's Retreat Cost.",
107123,Cacnea,Cacnea,https://tcgplayer-cdn.tcgplayer.com/product/107123_200w.jpg,3,1661,https://cpt.tcgcsv.com/tSS,2023-12-13T16:03:10,1,0.05,0.28,1.49,0.29,0.27,Normal,,4/162,Common,Grass,60,Basic,"[1] Swagger (10)
<br>Flip a coin. If heads, discard an Energy card attached to the Defending Pokemon.",Rx2,None,1,,
107123,Cacnea,Cacnea,https://tcgplayer-cdn.tcgplayer.com/product/107123_200w.jpg,3,1661,https://cpt.tcgcsv.com/tSS,2023-12-13T16:03:10,1,0.31,0.75,1.0,0.79,,Reverse Holofoil,,4/162,Common,Grass,60,Basic,"[1] Swagger (10)
<br>Flip a coin. If heads, discard an Energy card attached to the Defending Pokemon.",Rx2,None,1,,
107124,Pansage,Pansage,https://tcgplayer-cdn.tcgplayer.com/product/107124_200w.jpg,3,1661,https://cpt.tcgcsv.com/vSS,2022-12-15T17:17:08.673,1,0.03,0.19,1.49,0.14,,Normal,,5/162,Common,Grass,60,Basic,"[1] Fury Swipes (10x)
<br>Flip 3 coins. This attack does 10 damage times the number of heads.",Rx2,None,1,,
107124,Pansage,Pansage,https://tcgplayer-cdn.tcgplayer.com/product/107124_200w.jpg,3,1661,https://cpt.tcgcsv.com/vSS,2022-12-15T17:17:08.673,1,0.19,0.38,2.0,0.42,0.25,Reverse Holofoil,,5/162,Common,Grass,60,Basic,"[1] Fury Swipes (10x)
<br>Flip 3 coins. This attack does 10 damage times the number of heads.",Rx2,None,1,,
107125,Simisage,Simisage,https://tcgplayer-cdn.tcgplayer.com/product/107125_200w.jpg,3,1661,https://cpt.tcgcsv.com/wSS,2022-12-15T17:17:15.073,1,0.07,0.25,1.49,0.24,,Normal,,6/162,Rare,Grass,90,Stage 1,"[1] Fire Toss
<br>Put 3 Energy from your discard pile into your hand.",Rx2,None,1,"[2] Hand Sling (10x)
<br>This attack does 10 damage times the number of cards in your hand.",
107125,Simisage,Simisage,https://tcgplayer-cdn.tcgplayer.com/product/107125_200w.jpg,3,1661,https://cpt.tcgcsv.com/wSS,2022-12-15T17:17:15.073,1,0.19,0.5,1.65,0.56,,Reverse Holofoil,,6/162,Rare,Grass,90,Stage 1,"[1] Fire Toss
<br>Put 3 Energy from your discard pile into your hand.",Rx2,None,1,"[2] Hand Sling (10x)
<br>This attack does 10 damage times the number of cards in your hand.",
107126,Chespin (7),Chespin 7,https://tcgplayer-cdn.tcgplayer.com/product/107126_200w.jpg,3,1661,https://cpt.tcgcsv.com/xSS,2022-12-15T17:17:21.037,1,0.1,0.3,1.49,0.33,0.24,Normal,,7/162,Common,Grass,60,Basic,"[1] Nosh
<br>Heal 20 damage from this Pokemon.",Rx2,None,1,[2G] Seed Bomb (30),
107126,Chespin (7),Chespin 7,https://tcgplayer-cdn.tcgplayer.com/product/107126_200w.jpg,3,1661,https://cpt.tcgcsv.com/xSS,2022-12-15T17:17:21.037,1,0.3,0.64,2.98,0.6,0.76,Reverse Holofoil,,7/162,Common,Grass,60,Basic,"[1] Nosh
<br>Heal 20 damage from this Pokemon.",Rx2,None,1,[2G] Seed Bomb (30),
107127,Chespin (8),Chespin 8,https://tcgplayer-cdn.tcgplayer.com/product/107127_200w.jpg,3,1661,https://cpt.tcgcsv.com/zSS,2022-12-15T17:17:27.21,1,0.05,0.25,1.49,0.26,0.35,Normal,,8/162,Common,Grass,60,Basic,[1] Work (10),Rx2,None,1,[2G] Seed Bomb (30),
107127,Chespin (8),Chespin 8,https://tcgplayer-cdn.tcgplayer.com/product/107127_200w.jpg,3,1661,https://cpt.tcgcsv.com/zSS,2022-12-15T17:17:27.21,1,0.24,0.69,3.98,0.65,,Reverse Holofoil,,8/162,Common,Grass,60,Basic,[1] Work (10),Rx2,None,1,[2G] Seed Bomb (30),
107128,Chespin (9),Chespin 9,https://tcgplayer-cdn.tcgplayer.com/product/107128_200w.jpg,3,1661,https://cpt.tcgcsv.com/BSS,2022-12-15T17:17:32.48,1,0.07,0.29,1.49,0.29,,Normal,,9/162,Common,Grass,60,Basic,"[G] Tree Climb 
<br>Search your deck for a Grass Energy card, reveal it, and put it into your hand. Shuffle your deck afterward.",Rx2,None,1,[2G] Seed Bomb (30),
107128,Chespin (9),Chespin 9,https://tcgplayer-cdn.tcgplayer.com/product/107128_200w.jpg,3,1661,https://cpt.tcgcsv.com/BSS,2022-12-15T17:17:32.48,1,0.19,0.75,2.79,0.82,,Reverse Holofoil,,9/162,Common,Grass,60,Basic,"[G] Tree Climb 
<br>Search your deck for a Grass Energy card, reveal it, and put it into your hand. Shuffle your deck afterward.",Rx2,None,1,[2G] Seed Bomb (30),
107129,Quilladin,Quilladin,https://tcgplayer-cdn.tcgplayer.com/product/107129_200w.jpg,3,1661,https://cpt.tcgcsv.com/CSS,2025-02-05T21:20:31.4,1,0.25,0.5,2.95,0.53,,Normal,,10/162,Uncommon,Grass,90,Stage 1,[1G] Tackle (20),Rx2,None,3,"[1GG] Pin Missile (40x)
<br>Flip 4 coins. This attack does 40 damage times the number of heads.",
107129,Quilladin,Quilladin,https://tcgplayer-cdn.tcgplayer.com/product/107129_200w.jpg,3,1661,https://cpt.tcgcsv.com/CSS,2025-02-05T21:20:31.4,1,0.5,0.81,1.19,0.81,,Reverse Holofoil,,10/162,Uncommon,Grass,90,Stage 1,[1G] Tackle (20),Rx2,None,3,"[1GG] Pin Missile (40x)
<br>Flip 4 coins. This attack does 40 damage times the number of heads.",
107130,Chesnaught,Chesnaught,https://tcgplayer-cdn.tcgplayer.com/product/107130_200w.jpg,3,1661,https://cpt.tcgcsv.com/DSS,2022-12-15T17:17:44.557,1,0.5,1.27,6.5,1.28,,Holofoil,,11/162,Holo Rare,Grass,160,Stage 2,"[1GG] Spike Lariat (60+)
<br>If your opponent's Active Pokemon already has damage counters on it, this attack does 60 more damage.",Rx2,None,4,"[2GG] Adamantine Press (100)
<br>During your opponent's next turn, any damage done to this Pokemon by attacks is reduced by 20 <i>(after applying Weakness and Resistance)</i>.",
107130,Chesnaught,Chesnaught,https://tcgplayer-cdn.tcgplayer.com/product/107130_200w.jpg,3,1661,https://cpt.tcgcsv.com/DSS,2022-12-15T17:17:44.557,1,0.9,2.0,3.97,2.0,,Reverse Holofoil,,11/162,Holo Rare,Grass,160,Stage 2,"[1GG] Spike Lariat (60+)
<br>If your opponent's Active Pokemon already has damage counters on it, this attack does 60 more damage.",Rx2,None,4,"[2GG] Adamantine Press (100)
<br>During your opponent's next turn, any damage done to this Pokemon by attacks is reduced by 20 <i>(after applying Weakness and Resistance)</i>.",
107131,Chesnaught BREAK,Chesnaught BREAK,https://tcgplayer-cdn.tcgplayer.com/product/107131_200w.jpg,3,1661,https://cpt.tcgcsv.com/FSS,2024-04-19T14:33:07.673,1,1.19,2.59,5.75,2.48,,Holofoil,"Chesnaught BREAK retains the attacks, Abilities, Weakness, Resistance, and Retreat Cost of its previous Evolution.",12/162,Ultra Rare,Grass,190,BREAK Evolution,"[2GG] Tough Hammer (160)
<br>This Pokémon does 30 damage to itself. This attack does 30 damage to 1 of your opponent's Benched Pokémon. <i>(Don't apply Weakness and Resistance for Benched Pokémon.)</i>",None,None,0,,
107132,Scatterbug,Scatterbug,https://tcgplayer-cdn.tcgplayer.com/product/107132_200w.jpg,3,1661,https://cpt.tcgcsv.com/GSS,2022-12-15T17:17:57.83,1,0.02,0.15,1.49,0.13,0.05,Normal,,13/162,Common,Grass,30,Basic,"[G] String Shot 
<br>Flip a coin. If heads, your opponent's Active Pokemon is now Paralyzed.",Rx2,None,1,[1G] Tackle (20),
107132,Scatterbug,Scatterbug,https://tcgplayer-cdn.tcgplayer.com/product/107132_200w.jpg,3,1661,https://cpt.tcgcsv.com/GSS,2022-12-15T17:17:57.83,1,0.15,0.36,1.5,0.37,0.37,Reverse Holofoil,,13/162,Common,Grass,30,Basic,"[G] String Shot 
<br>Flip a coin. If heads, your opponent's Active Pokemon is now Paralyzed.",Rx2,None,1,[1G] Tackle (20),
107133,Spewpa,Spewpa,https://tcgplayer-cdn.tcgplayer.com/product/107133_200w.jpg,3,1661,https://cpt.tcgcsv.com/HSS,2022-12-15T17:18:04.357,1,0.05,0.22,1.49,0.22,,Normal,,14/162,Uncommon,Grass,70,Stage 1,"[G] Protect
<br>Flip a coin. If heads, prevent the effects of all attacks, including damage, done to this Pokemon during your opponent's next turn.",Rx2,None,2,[1G] Tackle (30),
107133,Spewpa,Spewpa,https://tcgplayer-cdn.tcgplayer.com/product/107133_200w.jpg,3,1661,https://cpt.tcgcsv.com/HSS,2022-12-15T17:18:04.357,1,0.12,0.54,2.0,0.69,0.25,Reverse Holofoil,,14/162,Uncommon,Grass,70,Stage 1,"[G] Protect
<br>Flip a coin. If heads, prevent the effects of all attacks, including damage, done to this Pokemon during your opponent's next turn.",Rx2,None,2,[1G] Tackle (30),
107134,Vivillon,Vivillon,https://tcgplayer-cdn.tcgplayer.com/product/107134_200w.jpg,3,1661,https://cpt.tcgcsv.com/JSS,2023-03-09T16:25:54.267,1,0.25,0.5,3.2,0.5,,Holofoil,"<b>Ability — Energy Color</b>
<br>Once during your turn <em>(before your attack)</em>, flip a coin. If heads, search your deck for a basic Energy card and attach it to 1 of your Pokémon. Shuffle your deck afterward.",15/162,Holo Rare,Grass,120,Stage 2,"[2G] Sleep Powder (60)
<br>your opponent's Active Pokemon is now Asleep.",Rx2,None,1,,
107134,Vivillon,Vivillon,https://tcgplayer-cdn.tcgplayer.com/product/107134_200w.jpg,3,1661,https://cpt.tcgcsv.com/JSS,2023-03-09T16:25:54.267,1,0.22,0.69,2.0,0.66,,Reverse Holofoil,"<b>Ability — Energy Color</b>
<br>Once during your turn <em>(before your attack)</em>, flip a coin. If heads, search your deck for a basic Energy card and attach it to 1 of your Pokémon. Shuffle your deck afterward.",15/162,Holo Rare,Grass,120,Stage 2,"[2G] Sleep Powder (60)
<br>your opponent's Active Pokemon is now Asleep.",Rx2,None,1,,
107135,Skiddo,Skiddo,https://tcgplayer-cdn.tcgplayer.com/product/107135_200w.jpg,3,1661,https://cpt.tcgcsv.com/KSS,2025-02-05T21:20:31.457,1,0.05,0.19,1.49,0.15,,Normal,,16/162,Common,Grass,70,Basic,[G] Razor Leaf (10),Rx2,None,2,"[1G] Rising Lunge (20+)
<br>Flip a coin. If heads, this attack does 20 more damage.",
107135,Skiddo,Skiddo,https://tcgplayer-cdn.tcgplayer.com/product/107135_200w.jpg,3,1661,https://cpt.tcgcsv.com/KSS,2025-02-05T21:20:31.457,1,0.15,0.4,1.95,0.5,,Reverse Holofoil,,16/162,Common,Grass,70,Basic,[G] Razor Leaf (10),Rx2,None,2,"[1G] Rising Lunge (20+)
<br>Flip a coin. If heads, this attack does 20 more damage.",
107136,Gogoat,Gogoat,https://tcgplayer-cdn.tcgplayer.com/product/107136_200w.jpg,3,1661,https://cpt.tcgcsv.com/LSS,2025-02-05T21:20:31.503,1,0.05,0.2,2.09,0.14,,Normal,,17/162,Uncommon,Grass,120,Stage 1,"[G] Overrun (10)
<br>This attack does 30 damage to 1 of your opponent's Benched Pokémon.<i> (Don't apply Weakness and Resistance for Benched Pokémon.)</i>",Rx2,None,2,"[GGG] Horn Leech (90)
<br>Heal 30 damage from this Pokemon.",
107136,Gogoat,Gogoat,https://tcgplayer-cdn.tcgplayer.com/product/107136_200w.jpg,3,1661,https://cpt.tcgcsv.com/LSS,2025-02-05T21:20:31.503,1,0.1,0.52,2.98,0.61,,Reverse Holofoil,,17/162,Uncommon,Grass,120,Stage 1,"[G] Overrun (10)
<br>This attack does 30 damage to 1 of your opponent's Benched Pokémon.<i> (Don't apply Weakness and Resistance for Benched Pokémon.)</i>",Rx2,None,2,"[GGG] Horn Leech (90)
<br>Heal 30 damage from this Pokemon.",
107137,Cyndaquil,Cyndaquil,https://tcgplayer-cdn.tcgplayer.com/product/107137_200w.jpg,3,1661,https://cpt.tcgcsv.com/MSS,2022-12-15T17:18:32.52,1,0.1,0.49,5.51,0.59,0.34,Normal,,18/162,Common,Fire,60,Basic,[1] Tackle (10),Wx2,None,1,"[1R] Ember (30)
<br>Discard a Fire Energy attached to this Pokemon.",
107137,Cyndaquil,Cyndaquil,https://tcgplayer-cdn.tcgplayer.com/product/107137_200w.jpg,3,1661,https://cpt.tcgcsv.com/MSS,2022-12-15T17:18:32.52,1,0.91,2.23,3.49,2.7,2.0,Reverse Holofoil,,18/162,Common,Fire,60,Basic,[1] Tackle (10),Wx2,None,1,"[1R] Ember (30)
<br>Discard a Fire Energy attached to this Pokemon.",
107138,Quilava,Quilava,https://tcgplayer-cdn.tcgplayer.com/product/107138_200w.jpg,3,1661,https://cpt.tcgcsv.com/NSS,2022-12-15T17:18:38.897,1,0.07,0.32,5.0,0.31,,Normal,,19/162,Uncommon,Fire,80,Stage 1,"[1R] Mini Eruption (30+)
<br>Discard the top card of your deck. If that card is an Energy card, this attack does 30 more damage.",Wx2,None,1,,
107138,Quilava,Quilava,https://tcgplayer-cdn.tcgplayer.com/product/107138_200w.jpg,3,1661,https://cpt.tcgcsv.com/NSS,2022-12-15T17:18:38.897,1,0.49,0.64,1.75,0.9,,Reverse Holofoil,,19/162,Uncommon,Fire,80,Stage 1,"[1R] Mini Eruption (30+)
<br>Discard the top card of your deck. If that card is an Energy card, this attack does 30 more damage.",Wx2,None,1,,
107139,Typhlosion,Typhlosion,https://tcgplayer-cdn.tcgplayer.com/product/107139_200w.jpg,3,1661,https://cpt.tcgcsv.com/PSS,2022-12-15T17:18:45.493,1,2.83,4.0,7.98,4.29,,Holofoil,,20/162,Holo Rare,Fire,150,Stage 2,"[R] Massive Eruption (80x)
<br>Discard the top 5 cards of your deck. This attack does 80 damage times the number of Energy cards you discarded.",Wx2,None,3,"[1RR] Flare Destroy (130)
<br>Discard an Energy card attached to this Pokemon and discard an Energy card attached to your opponent's Active Pokemon.",
107139,Typhlosion,Typhlosion,https://tcgplayer-cdn.tcgplayer.com/product/107139_200w.jpg,3,1661,https://cpt.tcgcsv.com/PSS,2022-12-15T17:18:45.493,1,3.39,4.35,7.99,4.36,,Reverse Holofoil,,20/162,Holo Rare,Fire,150,Stage 2,"[R] Massive Eruption (80x)
<br>Discard the top 5 cards of your deck. This attack does 80 damage times the number of Energy cards you discarded.",Wx2,None,3,"[1RR] Flare Destroy (130)
<br>Discard an Energy card attached to this Pokemon and discard an Energy card attached to your opponent's Active Pokemon.",
107140,Houndoom EX,Houndoom EX,https://tcgplayer-cdn.tcgplayer.com/product/107140_200w.jpg,3,1661,https://cpt.tcgcsv.com/QSS,2022-12-15T17:18:54.65,1,2.5,5.7,20.0,5.64,,Holofoil,,21/162,Ultra Rare,Fire,170,Basic,"[R] Melting Horn
<br>Discard the top 2 cards of your opponent's deck.",Wx2,None,2,"[RR] Grand Flame (50)
<br>Attach a Fire Energy card from your discard pile to 1 of your Benched Pokemon.",
107141,M Houndoom EX,M Houndoom EX,https://tcgplayer-cdn.tcgplayer.com/product/107141_200w.jpg,3,1661,https://cpt.tcgcsv.com/RSS,2022-12-15T17:19:00.737,1,14.74,21.08,39.98,22.06,,Holofoil,,22/162,Ultra Rare,Fire,210,Mega,"[RR] Inferno Fang (80+)
<br>You may discard all Fire Energy attached to this Pokemon. If you do, this attack does 80 more damage.",Wx2,None,1,,
107142,Pansear,Pansear,https://tcgplayer-cdn.tcgplayer.com/product/107142_200w.jpg,3,1661,https://cpt.tcgcsv.com/SSS,2022-12-15T17:19:10.373,1,0.03,0.15,2.0,0.12,0.03,Normal,,23/162,Common,Fire,60,Basic,"[1] Fury Swipes (10x)
<br>Flip 3 coins. This attack does 10 damage times the number of heads.",Wx2,None,1,,
107142,Pansear,Pansear,https://tcgplayer-cdn.tcgplayer.com/product/107142_200w.jpg,3,1661,https://cpt.tcgcsv.com/SSS,2022-12-15T17:19:10.373,1,0.1,0.3,1.56,0.26,0.2,Reverse Holofoil,,23/162,Common,Fire,60,Basic,"[1] Fury Swipes (10x)
<br>Flip 3 coins. This attack does 10 damage times the number of heads.",Wx2,None,1,,
107143,Simisear,Simisear,https://tcgplayer-cdn.tcgplayer.com/product/107143_200w.jpg,3,1661,https://cpt.tcgcsv.com/TSS,2024-10-05T03:38:26.163,1,0.07,0.25,3.25,0.21,0.2,Normal,,24/162,Rare,Fire,90,Stage 1,"[1] Water Fling 
<br>Put 3 Water Energy cards from your discard pile into your hand.",Wx2,None,1,"[2] Hand Fling (10x)
<br> This attack does 10 damage times the number of cards in your hand.",
107143,Simisear,Simisear,https://tcgplayer-cdn.tcgplayer.com/product/107143_200w.jpg,3,1661,https://cpt.tcgcsv.com/TSS,2024-10-05T03:38:26.163,1,0.19,0.5,2.0,0.5,,Reverse Holofoil,,24/162,Rare,Fire,90,Stage 1,"[1] Water Fling 
<br>Put 3 Water Energy cards from your discard pile into your hand.",Wx2,None,1,"[2] Hand Fling (10x)
<br> This attack does 10 damage times the number of cards in your hand.",
107144,Fennekin,Fennekin,https://tcgplayer-cdn.tcgplayer.com/product/107144_200w.jpg,3,1661,https://cpt.tcgcsv.com/VSS,2023-01-14T12:14:07.033,1,0.04,0.25,2.5,0.16,0.04,Normal,,25/162,Common,Fire,50,Basic,"[1R] Firebreathing (10+)
<br>Flip a coin. If heads, this attack does 30 more damage.",Wx2,None,1,,
107144,Fennekin,Fennekin,https://tcgplayer-cdn.tcgplayer.com/product/107144_200w.jpg,3,1661,https://cpt.tcgcsv.com/VSS,2023-01-14T12:14:07.033,1,0.29,0.73,3.98,0.76,,Reverse Holofoil,,25/162,Common,Fire,50,Basic,"[1R] Firebreathing (10+)
<br>Flip a coin. If heads, this attack does 30 more damage.",Wx2,None,1,,
107145,Braixen,Braixen,https://tcgplayer-cdn.tcgplayer.com/product/107145_200w.jpg,3,1661,https://cpt.tcgcsv.com/WSS,2025-02-05T21:20:31.567,1,0.05,0.2,2.03,0.2,,Normal,,26/162,Uncommon,Fire,80,Stage 1,"[2R] Flamethrower (70)
<br>Discard an Energy attached to this Pokemon.",Wx2,None,1,,
107145,Braixen,Braixen,https://tcgplayer-cdn.tcgplayer.com/product/107145_200w.jpg,3,1661,https://cpt.tcgcsv.com/WSS,2025-02-05T21:20:31.567,1,0.32,0.61,3.98,0.6,,Reverse Holofoil,,26/162,Uncommon,Fire,80,Stage 1,"[2R] Flamethrower (70)
<br>Discard an Energy attached to this Pokemon.",Wx2,None,1,,
107146,Goldeen,Goldeen,https://tcgplayer-cdn.tcgplayer.com/product/107146_200w.jpg,3,1661,https://cpt.tcgcsv.com/XSS,2025-02-05T21:20:31.613,1,0.04,0.18,1.49,0.16,,Normal,,27/162,Common,Water,60,Basic,"[1] Reckless Charge (20)
<br>This Pokemon does 10 damage to itself.",Gx2,None,1,,
107146,Goldeen,Goldeen,https://tcgplayer-cdn.tcgplayer.com/product/107146_200w.jpg,3,1661,https://cpt.tcgcsv.com/XSS,2025-02-05T21:20:31.613,1,0.15,0.45,2.0,0.47,,Reverse Holofoil,,27/162,Common,Water,60,Basic,"[1] Reckless Charge (20)
<br>This Pokemon does 10 damage to itself.",Gx2,None,1,,
107147,Seaking,Seaking,https://tcgplayer-cdn.tcgplayer.com/product/107147_200w.jpg,3,1661,https://cpt.tcgcsv.com/ZSS,2025-02-05T21:20:31.693,1,0.05,0.2,1.49,0.14,,Normal,,28/162,Uncommon,Water,90,Stage 1,"[W] Soaking Horn (10+)
<br>If this Pokémon healed damage this turn, this attack does 80 more damage.",Gx2,None,2,"[1] Reckless Charge (40)
<br>This Pokémon does 10 damage to itself.",
107147,Seaking,Seaking,https://tcgplayer-cdn.tcgplayer.com/product/107147_200w.jpg,3,1661,https://cpt.tcgcsv.com/ZSS,2025-02-05T21:20:31.693,1,0.2,0.45,2.0,0.5,,Reverse Holofoil,,28/162,Uncommon,Water,90,Stage 1,"[W] Soaking Horn (10+)
<br>If this Pokémon healed damage this turn, this attack does 80 more damage.",Gx2,None,2,"[1] Reckless Charge (40)
<br>This Pokémon does 10 damage to itself.",
107148,Staryu,Staryu,https://tcgplayer-cdn.tcgplayer.com/product/107148_200w.jpg,3,1661,https://cpt.tcgcsv.com/-SS,2022-12-15T17:20:50.587,1,0.04,0.19,1.49,0.14,0.05,Normal,,29/162,Common,Water,60,Basic,"[1] Continuous Spin (10x)
<br>Flip a coin until you get tails. This attack does 10 damage times the number of heads.",Gx2,None,1,,
107148,Staryu,Staryu,https://tcgplayer-cdn.tcgplayer.com/product/107148_200w.jpg,3,1661,https://cpt.tcgcsv.com/-SS,2022-12-15T17:20:50.587,1,0.2,0.5,1.56,0.56,,Reverse Holofoil,,29/162,Common,Water,60,Basic,"[1] Continuous Spin (10x)
<br>Flip a coin until you get tails. This attack does 10 damage times the number of heads.",Gx2,None,1,,
107149,Starmie,Starmie,https://tcgplayer-cdn.tcgplayer.com/product/107149_200w.jpg,3,1661,https://cpt.tcgcsv.com/_SS,2025-02-05T21:20:31.74,1,0.05,0.21,1.49,0.21,,Normal,,30/162,Uncommon,Water,90,Stage 1,"[1] Deep Sea Swirl
<br>Shuffle your hand into your deck. Then, draw 7 cards.",Gx2,None,1,"[1W] Balance Bind (30)
<br>If you and your opponent have the same number of Benched Pokémon, your opponent's Active Pokémon is now Paralyzed.",
107149,Starmie,Starmie,https://tcgplayer-cdn.tcgplayer.com/product/107149_200w.jpg,3,1661,https://cpt.tcgcsv.com/_SS,2025-02-05T21:20:31.74,1,0.19,0.5,1.08,0.63,,Reverse Holofoil,,30/162,Uncommon,Water,90,Stage 1,"[1] Deep Sea Swirl
<br>Shuffle your hand into your deck. Then, draw 7 cards.",Gx2,None,1,"[1W] Balance Bind (30)
<br>If you and your opponent have the same number of Benched Pokémon, your opponent's Active Pokémon is now Paralyzed.",
107150,Remoraid (31),Remoraid 31,https://tcgplayer-cdn.tcgplayer.com/product/107150_200w.jpg,3,1661,https://cpt.tcgcsv.com/0TS,2025-02-05T21:20:31.787,1,0.05,0.2,1.49,0.16,,Normal,,31/162,Common,Water,60,Basic,"[1] Wild River
<br>Switch this Pokémon with 1 of your Benched Pokémon.",Gx2,None,1,[1W] Water Gun (20),
107150,Remoraid (31),Remoraid 31,https://tcgplayer-cdn.tcgplayer.com/product/107150_200w.jpg,3,1661,https://cpt.tcgcsv.com/0TS,2025-02-05T21:20:31.787,1,0.15,0.43,1.97,0.37,,Reverse Holofoil,,31/162,Common,Water,60,Basic,"[1] Wild River
<br>Switch this Pokémon with 1 of your Benched Pokémon.",Gx2,None,1,[1W] Water Gun (20),
107151,Remoraid (32),Remoraid 32,https://tcgplayer-cdn.tcgplayer.com/product/107151_200w.jpg,3,1661,https://cpt.tcgcsv.com/2TS,2022-12-15T17:21:11.517,1,0.02,0.23,1.49,0.23,0.2,Normal,,32/162,Common,Water,60,Basic,"[1] Ion Pool
<br>Discard any Stadium card in play.",Gx2,None,1,[1W] Water Gun (20),
107151,Remoraid (32),Remoraid 32,https://tcgplayer-cdn.tcgplayer.com/product/107151_200w.jpg,3,1661,https://cpt.tcgcsv.com/2TS,2022-12-15T17:21:11.517,1,0.2,0.72,2.97,0.95,0.95,Reverse Holofoil,,32/162,Common,Water,60,Basic,"[1] Ion Pool
<br>Discard any Stadium card in play.",Gx2,None,1,[1W] Water Gun (20),
107152,Octillery,Octillery,https://tcgplayer-cdn.tcgplayer.com/product/107152_200w.jpg,3,1661,https://cpt.tcgcsv.com/3TS,2023-08-18T20:13:19.373,1,3.08,4.49,9.95,4.49,,Holofoil,"<b>Ability — Abyss Hand</b>
<br>Once during your turn <em>(before your attack)</em>, you may draw cards until you have 5 cards in your hand.",33/162,Holo Rare,Water,90,Stage 1,"[2W] Hug (40)
<br>The Defending Pokemon can't retreat during your opponent's next turn.",Gx2,None,2,,
107152,Octillery,Octillery,https://tcgplayer-cdn.tcgplayer.com/product/107152_200w.jpg,3,1661,https://cpt.tcgcsv.com/3TS,2023-08-18T20:13:19.373,1,3.81,5.0,8.16,4.68,,Reverse Holofoil,"<b>Ability — Abyss Hand</b>
<br>Once during your turn <em>(before your attack)</em>, you may draw cards until you have 5 cards in your hand.",33/162,Holo Rare,Water,90,Stage 1,"[2W] Hug (40)
<br>The Defending Pokemon can't retreat during your opponent's next turn.",Gx2,None,2,,
107153,Glalie EX,Glalie EX,https://tcgplayer-cdn.tcgplayer.com/product/107153_200w.jpg,3,1661,https://cpt.tcgcsv.com/5TS,2022-12-15T17:21:25.213,1,1.09,1.79,4.98,1.7,1.48,Holofoil,,34/162,Ultra Rare,Water,170,Basic,"[W] Ice Breath
<br>Flip a coin. If heads, your opponent's Active Pokémon is now Paralyzed.",Mx2,None,3,"[2W] Instant Cooling (50+)
<br>If you have the same number of cards in your hand as your opponent, this attack does 100 more damage.",
107154,M Glalie EX,M Glalie EX,https://tcgplayer-cdn.tcgplayer.com/product/107154_200w.jpg,3,1661,https://cpt.tcgcsv.com/6TS,2022-12-15T17:21:33.347,1,5.46,9.49,100.0,10.51,6.47,Holofoil,,35/162,Ultra Rare,Water,170,Basic,"[2W] Cyromouth (100+)
<br>If this Pokémon has 10 or more damage counters on it, this attack does 150 more damage.",Mx2,None,3,,
107155,Piplup,Piplup,https://tcgplayer-cdn.tcgplayer.com/product/107155_200w.jpg,3,1661,https://cpt.tcgcsv.com/7TS,2025-02-05T21:20:31.85,1,0.07,0.25,1.62,0.28,,Normal,,36/162,Common,Water,60,Basic,[1W] Wave Splash (30),Gx2,None,1,,
107155,Piplup,Piplup,https://tcgplayer-cdn.tcgplayer.com/product/107155_200w.jpg,3,1661,https://cpt.tcgcsv.com/7TS,2025-02-05T21:20:31.85,1,0.74,1.17,2.99,1.17,,Reverse Holofoil,,36/162,Common,Water,60,Basic,[1W] Wave Splash (30),Gx2,None,1,,
107156,Prinplup,Prinplup,https://tcgplayer-cdn.tcgplayer.com/product/107156_200w.jpg,3,1661,https://cpt.tcgcsv.com/8TS,2025-02-05T21:20:31.92,1,0.05,0.22,1.49,0.21,,Normal,,37/162,Uncommon,Water,80,Stage 1,"[1W] Ice Beam (30)
<br>Flip a coin. If heads, your opponent's Active Pokémon is now Paralyzed.",Gx2,None,1,,
107156,Prinplup,Prinplup,https://tcgplayer-cdn.tcgplayer.com/product/107156_200w.jpg,3,1661,https://cpt.tcgcsv.com/8TS,2025-02-05T21:20:31.92,1,0.24,0.58,2.0,0.68,,Reverse Holofoil,,37/162,Uncommon,Water,80,Stage 1,"[1W] Ice Beam (30)
<br>Flip a coin. If heads, your opponent's Active Pokémon is now Paralyzed.",Gx2,None,1,,
107157,Empoleon,Empoleon,https://tcgplayer-cdn.tcgplayer.com/product/107157_200w.jpg,3,1661,https://cpt.tcgcsv.com/9TS,2025-02-05T21:20:32.027,1,0.4,0.77,3.44,0.74,,Holofoil,"<b>Ability — Dignified Fighter</b> 
<br>Each of your Basic Pokémon's attacks does 20 more damage to your opponent's Active Pokémon <em>(before applying Weakness and Resistance)</em>.",38/162,Holo Rare,Water,140,Stage 2,[1W] Hydro Splash (70),Gx2,None,2,,
107157,Empoleon,Empoleon,https://tcgplayer-cdn.tcgplayer.com/product/107157_200w.jpg,3,1661,https://cpt.tcgcsv.com/9TS,2025-02-05T21:20:32.027,1,0.44,0.99,4.94,1.05,,Reverse Holofoil,"<b>Ability — Dignified Fighter</b> 
<br>Each of your Basic Pokémon's attacks does 20 more damage to your opponent's Active Pokémon <em>(before applying Weakness and Resistance)</em>.",38/162,Holo Rare,Water,140,Stage 2,[1W] Hydro Splash (70),Gx2,None,2,,
107158,Snover,Snover,https://tcgplayer-cdn.tcgplayer.com/product/107158_200w.jpg,3,1661,https://cpt.tcgcsv.com/bTS,2022-12-15T17:21:59.2,1,0.02,0.2,1.49,0.13,,Normal,,39/162,Common,Water,80,Basic,"[W] Powder Snow
<br>Your opponent's Active Pokemon is now Asleep.",Mx2,None,3,"[2W] Double Smash (30x)
<br>Flip 2 coins. This attack does 30 damage times the number of heads.",
107158,Snover,Snover,https://tcgplayer-cdn.tcgplayer.com/product/107158_200w.jpg,3,1661,https://cpt.tcgcsv.com/bTS,2022-12-15T17:21:59.2,1,0.08,0.4,2.0,0.45,0.26,Reverse Holofoil,,39/162,Common,Water,80,Basic,"[W] Powder Snow
<br>Your opponent's Active Pokemon is now Asleep.",Mx2,None,3,"[2W] Double Smash (30x)
<br>Flip 2 coins. This attack does 30 damage times the number of heads.",
107159,Abomasnow,Abomasnow,https://tcgplayer-cdn.tcgplayer.com/product/107159_200w.jpg,3,1661,https://cpt.tcgcsv.com/cTS,2025-02-05T21:20:32.09,1,0.05,0.25,2.93,0.25,,Normal,,40/162,Rare,Water,130,Stage 1,"[2W] Ice Age (80)
<br>If your opponent's Active Pokemon is Dragon Type, that Pokemon is now Paralyzed.",Mx2,None,4,[2WW] Frost Breath (110),
107159,Abomasnow,Abomasnow,https://tcgplayer-cdn.tcgplayer.com/product/107159_200w.jpg,3,1661,https://cpt.tcgcsv.com/cTS,2025-02-05T21:20:32.09,1,0.19,0.54,1.76,0.63,,Reverse Holofoil,,40/162,Rare,Water,130,Stage 1,"[2W] Ice Age (80)
<br>If your opponent's Active Pokemon is Dragon Type, that Pokemon is now Paralyzed.",Mx2,None,4,[2WW] Frost Breath (110),
107160,Panpour,Panpour,https://tcgplayer-cdn.tcgplayer.com/product/107160_200w.jpg,3,1661,https://cpt.tcgcsv.com/dTS,2022-12-15T17:22:12.747,1,0.04,0.17,1.49,0.15,0.04,Normal,,41/162,Common,Water,60,Basic,"[1] Fury Swipes (10x)
<br>Flip 3 coins. This attack does 10 damage times the number of heads.",Gx2,None,1,,
107160,Panpour,Panpour,https://tcgplayer-cdn.tcgplayer.com/product/107160_200w.jpg,3,1661,https://cpt.tcgcsv.com/dTS,2022-12-15T17:22:12.747,1,0.1,0.42,1.51,0.47,,Reverse Holofoil,,41/162,Common,Water,60,Basic,"[1] Fury Swipes (10x)
<br>Flip 3 coins. This attack does 10 damage times the number of heads.",Gx2,None,1,,
107161,Simipour,Simipour,https://tcgplayer-cdn.tcgplayer.com/product/107161_200w.jpg,3,1661,https://cpt.tcgcsv.com/fTS,2025-02-05T21:20:32.137,1,0.1,0.3,1.6,0.32,0.25,Normal,,42/162,Rare,Water,90,Stage 1,"[1] Green Toss 
<br>Put 3 Grass Energy from your discard pile into your hand.",Gx2,None,1,"[2] Hand Sling (10x)
<br>This attack does 10 damage times the number of cards in your hand.",
107161,Simipour,Simipour,https://tcgplayer-cdn.tcgplayer.com/product/107161_200w.jpg,3,1661,https://cpt.tcgcsv.com/fTS,2025-02-05T21:20:32.137,1,0.24,0.5,1.56,0.7,,Reverse Holofoil,,42/162,Rare,Water,90,Stage 1,"[1] Green Toss 
<br>Put 3 Grass Energy from your discard pile into your hand.",Gx2,None,1,"[2] Hand Sling (10x)
<br>This attack does 10 damage times the number of cards in your hand.",
107162,Vanillite,Vanillite,https://tcgplayer-cdn.tcgplayer.com/product/107162_200w.jpg,3,1661,https://cpt.tcgcsv.com/gTS,2022-12-15T17:22:23.917,1,0.04,0.2,1.49,0.15,,Normal,,43/162,Common,Water,50,Basic,"[W] Stiffen
<br>During your opponent's next turn, any damage done to this Pokémon by attacks is reduced by 20 <i>(after applying Weakness and Resistance).</i>",Mx2,None,1,[1W] Icy Snow (20),
107162,Vanillite,Vanillite,https://tcgplayer-cdn.tcgplayer.com/product/107162_200w.jpg,3,1661,https://cpt.tcgcsv.com/gTS,2022-12-15T17:22:23.917,1,0.21,0.49,2.0,0.53,,Reverse Holofoil,,43/162,Common,Water,50,Basic,"[W] Stiffen
<br>During your opponent's next turn, any damage done to this Pokémon by attacks is reduced by 20 <i>(after applying Weakness and Resistance).</i>",Mx2,None,1,[1W] Icy Snow (20),
107163,Vanillish,Vanillish,https://tcgplayer-cdn.tcgplayer.com/product/107163_200w.jpg,3,1661,https://cpt.tcgcsv.com/hTS,2022-12-15T17:22:29.92,1,0.05,0.2,4.0,0.18,,Normal,,44/162,Uncommon,Water,70,Stage 1,"[W] Ice Edge (10+)
<br>Flip a coin. If heads, this attack does 30 more damage.",Mx2,None,2,"[WW] Icy Wind (30)
<br>You opponent's Active Pokémon is now Asleep.",
107163,Vanillish,Vanillish,https://tcgplayer-cdn.tcgplayer.com/product/107163_200w.jpg,3,1661,https://cpt.tcgcsv.com/hTS,2022-12-15T17:22:29.92,1,0.18,0.45,1.63,0.37,,Reverse Holofoil,,44/162,Uncommon,Water,70,Stage 1,"[W] Ice Edge (10+)
<br>Flip a coin. If heads, this attack does 30 more damage.",Mx2,None,2,"[WW] Icy Wind (30)
<br>You opponent's Active Pokémon is now Asleep.",
107164,Vanilluxe,Vanilluxe,https://tcgplayer-cdn.tcgplayer.com/product/107164_200w.jpg,3,1661,https://cpt.tcgcsv.com/jTS,2022-12-15T17:22:35.357,1,0.08,0.34,1.49,0.34,,Normal,,45/162,Rare,Water,130,Stage 2,"[1W] Frigid Breath (30)
<br>Until the end of your next turn, each player can't play any Supporter or Stadium cards from his or her hand.",Mx2,None,1,"[2W] Deep Freeze (70)
<br>Flip a coin. If heads, your opponent’s Active Pokémon is now Paralyzed. If tails, your opponent’s Active Pokémon is now Confused.",
107164,Vanilluxe,Vanilluxe,https://tcgplayer-cdn.tcgplayer.com/product/107164_200w.jpg,3,1661,https://cpt.tcgcsv.com/jTS,2022-12-15T17:22:35.357,1,0.25,0.67,1.25,0.74,,Reverse Holofoil,,45/162,Rare,Water,130,Stage 2,"[1W] Frigid Breath (30)
<br>Until the end of your next turn, each player can't play any Supporter or Stadium cards from his or her hand.",Mx2,None,1,"[2W] Deep Freeze (70)
<br>Flip a coin. If heads, your opponent’s Active Pokémon is now Paralyzed. If tails, your opponent’s Active Pokémon is now Confused.",
107165,Froakie,Froakie,https://tcgplayer-cdn.tcgplayer.com/product/107165_200w.jpg,3,1661,https://cpt.tcgcsv.com/kTS,2025-02-05T21:20:32.183,1,0.05,0.19,3.09,0.17,,Normal,,46/162,Common,Water,50,Basic,[1] Pound (10),Gx2,None,1,,
107165,Froakie,Froakie,https://tcgplayer-cdn.tcgplayer.com/product/107165_200w.jpg,3,1661,https://cpt.tcgcsv.com/kTS,2025-02-05T21:20:32.183,1,0.2,0.58,4.15,0.6,,Reverse Holofoil,,46/162,Common,Water,50,Basic,[1] Pound (10),Gx2,None,1,,
107166,Frogadier,Frogadier,https://tcgplayer-cdn.tcgplayer.com/product/107166_200w.jpg,3,1661,https://cpt.tcgcsv.com/lTS,2025-02-05T21:20:32.243,1,0.05,0.21,6.0,0.18,,Normal,,47/162,Uncommon,Water,50,Basic,[2] Cut (30),Gx2,None,1,,
107166,Frogadier,Frogadier,https://tcgplayer-cdn.tcgplayer.com/product/107166_200w.jpg,3,1661,https://cpt.tcgcsv.com/lTS,2025-02-05T21:20:32.243,1,0.25,0.59,2.98,0.58,,Reverse Holofoil,,47/162,Uncommon,Water,50,Basic,[2] Cut (30),Gx2,None,1,,
107167,Pikachu,Pikachu,https://tcgplayer-cdn.tcgplayer.com/product/107167_200w.jpg,3,1661,https://cpt.tcgcsv.com/mTS,2022-12-15T17:22:57.39,1,0.15,0.6,2.99,0.74,1.0,Normal,,48/162,Common,Lightning,60,Basic,[1] Gnaw (10),Fx2,M-20,1,"[2] Agility (10)
<br>Flip a coin. If heads, prevent all effects of attacks, including damage, done to this Pokémon during your opponent's next turn.",
107167,Pikachu,Pikachu,https://tcgplayer-cdn.tcgplayer.com/product/107167_200w.jpg,3,1661,https://cpt.tcgcsv.com/mTS,2022-12-15T17:22:57.39,1,1.45,2.94,7.98,3.25,,Reverse Holofoil,,48/162,Common,Lightning,60,Basic,[1] Gnaw (10),Fx2,M-20,1,"[2] Agility (10)
<br>Flip a coin. If heads, prevent all effects of attacks, including damage, done to this Pokémon during your opponent's next turn.",
107168,Raichu,Raichu,https://tcgplayer-cdn.tcgplayer.com/product/107168_200w.jpg,3,1661,https://cpt.tcgcsv.com/nTS,2023-07-08T15:44:09.627,1,0.15,0.74,2.47,0.76,0.99,Normal,,49/162,Rare,Lightning,90,Stage 1,"[1L] Thunderclap Shot
<br>This attack does 50 damage to each of your opponent's Pokémon-EX. <i>(Don't apply Weakness and Resistance for Benched Pokémon)</i>",Fx2,M-20,0,"[2L] Electrosmash (70+)
<br>Flip a coin. If heads, this attack does 20 more damage.",
107168,Raichu,Raichu,https://tcgplayer-cdn.tcgplayer.com/product/107168_200w.jpg,3,1661,https://cpt.tcgcsv.com/nTS,2023-07-08T15:44:09.627,1,1.69,2.53,3.15,2.52,,Reverse Holofoil,,49/162,Rare,Lightning,90,Stage 1,"[1L] Thunderclap Shot
<br>This attack does 50 damage to each of your opponent's Pokémon-EX. <i>(Don't apply Weakness and Resistance for Benched Pokémon)</i>",Fx2,M-20,0,"[2L] Electrosmash (70+)
<br>Flip a coin. If heads, this attack does 20 more damage.",
107169,Raichu BREAK,Raichu BREAK,https://tcgplayer-cdn.tcgplayer.com/product/107169_200w.jpg,3,1661,https://cpt.tcgcsv.com/pTS,2024-04-19T14:31:57.007,1,5.22,8.52,20.0,6.05,6.73,Holofoil,,50/162,Rare BREAK,Lightning,130,BREAK Evolution,"[2L] Grand Bolt (170)
<br>Discard all Energy attached to this Pokemon.",None,None,0,,
107170,Magnemite (51),Magnemite 51,https://tcgplayer-cdn.tcgplayer.com/product/107170_200w.jpg,3,1661,https://cpt.tcgcsv.com/qTS,2025-02-05T21:20:32.307,1,0.04,0.2,1.49,0.15,,Normal,"<b>Ability — Sparkling Induction</b> 
<br>As long as this Pokemon is your Active Pokemon, its Retreat Cost is Colorless for each Magnemite on your Bench.",51/162,Common,Lightning,60,Basic,[2] Lightning Ball (20),Fx2,M-20,1,,
107170,Magnemite (51),Magnemite 51,https://tcgplayer-cdn.tcgplayer.com/product/107170_200w.jpg,3,1661,https://cpt.tcgcsv.com/qTS,2025-02-05T21:20:32.307,1,0.18,0.6,2.0,0.63,,Reverse Holofoil,"<b>Ability — Sparkling Induction</b> 
<br>As long as this Pokemon is your Active Pokemon, its Retreat Cost is Colorless for each Magnemite on your Bench.",51/162,Common,Lightning,60,Basic,[2] Lightning Ball (20),Fx2,M-20,1,,
107171,Magnemite (52),Magnemite 52,https://tcgplayer-cdn.tcgplayer.com/product/107171_200w.jpg,3,1661,https://cpt.tcgcsv.com/rTS,2022-12-15T18:56:49.677,1,0.04,0.19,2.0,0.16,0.05,Normal,,52/162,Common,Lightning,60,Basic,"[L] Shock Generator
<br>Flip a coin. If heads, your opponent's Active Pokemon is now Paralyzed.",Fx2,M-20,1,[2] Lightning Ball (20),
107171,Magnemite (52),Magnemite 52,https://tcgplayer-cdn.tcgplayer.com/product/107171_200w.jpg,3,1661,https://cpt.tcgcsv.com/rTS,2022-12-15T18:56:49.677,1,0.21,0.5,1.68,0.66,,Reverse Holofoil,,52/162,Common,Lightning,60,Basic,"[L] Shock Generator
<br>Flip a coin. If heads, your opponent's Active Pokemon is now Paralyzed.",Fx2,M-20,1,[2] Lightning Ball (20),
107172,Magneton,Magneton,https://tcgplayer-cdn.tcgplayer.com/product/107172_200w.jpg,3,1661,https://cpt.tcgcsv.com/sTS,2022-12-15T18:57:06.173,1,0.09,0.25,2.0,0.27,0.21,Normal,,53/162,Uncommon,Lightning,80,Stage 1,[L] Static Shock,Fx2,M-20,1,"[2L] Electro Ball (70)
<br>Discard an Energy attached to this Pokemon.",
107172,Magneton,Magneton,https://tcgplayer-cdn.tcgplayer.com/product/107172_200w.jpg,3,1661,https://cpt.tcgcsv.com/sTS,2022-12-15T18:57:06.173,1,0.45,0.65,6.07,0.64,,Reverse Holofoil,,53/162,Uncommon,Lightning,80,Stage 1,[L] Static Shock,Fx2,M-20,1,"[2L] Electro Ball (70)
<br>Discard an Energy attached to this Pokemon.",
107173,Magnezone,Magnezone,https://tcgplayer-cdn.tcgplayer.com/product/107173_200w.jpg,3,1661,https://cpt.tcgcsv.com/tTS,2025-02-05T21:20:32.377,1,0.2,0.74,2.95,0.81,,Holofoil,,54/162,Holo Rare,Lightning,140,Stage 2,"[1LL] Thunder Blast (100)
<br>Discard a Lightning Energy attached to this Pokemon.",Fx2,M-20,3,,
107173,Magnezone,Magnezone,https://tcgplayer-cdn.tcgplayer.com/product/107173_200w.jpg,3,1661,https://cpt.tcgcsv.com/tTS,2025-02-05T21:20:32.377,1,0.45,0.95,2.0,0.9,,Reverse Holofoil,,54/162,Holo Rare,Lightning,140,Stage 2,"[1LL] Thunder Blast (100)
<br>Discard a Lightning Energy attached to this Pokemon.",Fx2,M-20,3,,
107174,Raikou,Raikou,https://tcgplayer-cdn.tcgplayer.com/product/107174_200w.jpg,3,1661,https://cpt.tcgcsv.com/vTS,2023-08-03T13:15:54.143,1,1.49,2.44,5.99,2.46,1.99,Holofoil,"<b>Ability — Shining Body</b>
<br>If this Pokémon has any Lightning Energy attached to it, any damage done to this Pokémon by attacks is reduced by 20 <em>(after applying Weakness and Resistance)</em>.",55/162,Holo Rare,Lightning,120,Basic,"[3] Thunder Lance (50+)
<br>This attack does 20 more damage for each Lightning Energy attached to this Pokémon.",Fx2,M-20,1,,
107174,Raikou,Raikou,https://tcgplayer-cdn.tcgplayer.com/product/107174_200w.jpg,3,1661,https://cpt.tcgcsv.com/vTS,2023-08-03T13:15:54.143,1,2.1,2.85,5.0,3.0,,Reverse Holofoil,"<b>Ability — Shining Body</b>
<br>If this Pokémon has any Lightning Energy attached to it, any damage done to this Pokémon by attacks is reduced by 20 <em>(after applying Weakness and Resistance)</em>.",55/162,Holo Rare,Lightning,120,Basic,"[3] Thunder Lance (50+)
<br>This attack does 20 more damage for each Lightning Energy attached to this Pokémon.",Fx2,M-20,1,,
107175,Stunfisk,Stunfisk,https://tcgplayer-cdn.tcgplayer.com/product/107175_200w.jpg,3,1661,https://cpt.tcgcsv.com/wTS,2022-12-15T18:57:35.953,1,0.05,0.2,2.0,0.17,0.14,Normal,,56/162,Uncommon,Lightning,110,Basic,"[1L] Revenge (20+)
<br>If any of your Pokémon were Knocked Out by damage from an opponent's attack during his or her last turn, this attack does 80 more damage.",Fx2,M-20,3,"[1LL] Thunder Blast (80)
<br>Discard an Energy attached to this Pokémon.",
107175,Stunfisk,Stunfisk,https://tcgplayer-cdn.tcgplayer.com/product/107175_200w.jpg,3,1661,https://cpt.tcgcsv.com/wTS,2022-12-15T18:57:35.953,1,0.14,0.35,1.49,0.37,0.2,Reverse Holofoil,,56/162,Uncommon,Lightning,110,Basic,"[1L] Revenge (20+)
<br>If any of your Pokémon were Knocked Out by damage from an opponent's attack during his or her last turn, this attack does 80 more damage.",Fx2,M-20,3,"[1LL] Thunder Blast (80)
<br>Discard an Energy attached to this Pokémon.",
107176,Dedenne,Dedenne,https://tcgplayer-cdn.tcgplayer.com/product/107176_200w.jpg,3,1661,https://cpt.tcgcsv.com/xTS,2022-12-15T18:57:43.23,1,0.05,0.3,2.84,0.34,,Normal,,57/162,Uncommon,Lightning,60,Basic,"[L] Thunder Shock (10)
<br>Flip a coin. If heads, your opponent's Active Pokémon is now Paralyzed.",Fx2,M-20,1,,
107176,Dedenne,Dedenne,https://tcgplayer-cdn.tcgplayer.com/product/107176_200w.jpg,3,1661,https://cpt.tcgcsv.com/xTS,2022-12-15T18:57:43.23,1,0.5,0.78,3.99,0.81,,Reverse Holofoil,,57/162,Uncommon,Lightning,60,Basic,"[L] Thunder Shock (10)
<br>Flip a coin. If heads, your opponent's Active Pokémon is now Paralyzed.",Fx2,M-20,1,,
107177,Gastly,Gastly,https://tcgplayer-cdn.tcgplayer.com/product/107177_200w.jpg,3,1661,https://cpt.tcgcsv.com/zTS,2022-12-15T18:58:05.22,1,0.02,0.2,1.95,0.2,,Normal,,58/162,Common,Psychic,50,Basic,"[P] Sleep Poison
<br>Flip a coin. If heads, your opponent's Active Pokémon is now Asleep and Poisoned.",Dx2,F-20,1,,
107177,Gastly,Gastly,https://tcgplayer-cdn.tcgplayer.com/product/107177_200w.jpg,3,1661,https://cpt.tcgcsv.com/zTS,2022-12-15T18:58:05.22,1,0.25,0.76,2.0,0.79,,Reverse Holofoil,,58/162,Common,Psychic,50,Basic,"[P] Sleep Poison
<br>Flip a coin. If heads, your opponent's Active Pokémon is now Asleep and Poisoned.",Dx2,F-20,1,,
107178,Haunter,Haunter,https://tcgplayer-cdn.tcgplayer.com/product/107178_200w.jpg,3,1661,https://cpt.tcgcsv.com/BTS,2025-02-05T21:20:32.48,1,0.03,0.26,2.49,0.26,,Normal,"<b>Ability — Gothic Fear</b>
<br>When you play this Pokémon from your hand to evolve 1 of your Pokémon, you may leave both Active Pokémon Confused.",59/162,Uncommon,Psychic,70,Stage 1,"[1P] POison Ring
<br>Your opponent's Active Pokémon is now Poisoned. That Pokémon can't retreat during your opponent's next turn.",Dx2,F-20,1,,
107178,Haunter,Haunter,https://tcgplayer-cdn.tcgplayer.com/product/107178_200w.jpg,3,1661,https://cpt.tcgcsv.com/BTS,2025-02-05T21:20:32.48,1,0.3,0.75,1.5,0.79,,Reverse Holofoil,"<b>Ability — Gothic Fear</b>
<br>When you play this Pokémon from your hand to evolve 1 of your Pokémon, you may leave both Active Pokémon Confused.",59/162,Uncommon,Psychic,70,Stage 1,"[1P] POison Ring
<br>Your opponent's Active Pokémon is now Poisoned. That Pokémon can't retreat during your opponent's next turn.",Dx2,F-20,1,,
107179,Gengar,Gengar,https://tcgplayer-cdn.tcgplayer.com/product/107179_200w.jpg,3,1661,https://cpt.tcgcsv.com/CTS,2024-05-08T15:49:50.337,1,13.98,30.0,149.99,21.26,29.98,Holofoil,,60/162,Holo Rare,Psychic,130,Stage 2,"[P] Sinister Fog
<br>Your opponent's Active Pokémon is now Poisoned. Place 1 damage counter on each of your opponent's Benched Pokémon.",Dx2,F-20,0,"[1P] Creep Show
<br>If the opponent's Active Pokémon has 3 or more damage counters on it, that Pokémon is Knocked Out.",
107179,Gengar,Gengar,https://tcgplayer-cdn.tcgplayer.com/product/107179_200w.jpg,3,1661,https://cpt.tcgcsv.com/CTS,2024-05-08T15:49:50.337,1,28.4,36.82,149.99,16.21,,Reverse Holofoil,,60/162,Holo Rare,Psychic,130,Stage 2,"[P] Sinister Fog
<br>Your opponent's Active Pokémon is now Poisoned. Place 1 damage counter on each of your opponent's Benched Pokémon.",Dx2,F-20,0,"[1P] Creep Show
<br>If the opponent's Active Pokémon has 3 or more damage counters on it, that Pokémon is Knocked Out.",
107180,Mewtwo EX (61),Mewtwo EX 61,https://tcgplayer-cdn.tcgplayer.com/product/107180_200w.jpg,3,1661,https://cpt.tcgcsv.com/DTS,2022-12-15T18:58:33.453,1,3.67,6.71,15.0,7.28,,Holofoil,,61/162,Ultra Rare,Psychic,170,Basic,"[2] Photon Wave (30)
<br>During your opponent's next turn, any damage done by attacks from the Defending Pokémon is reduced by 30 <i>(before applying Weakness and Resistance).</i>",Dx2,None,2,[2PP] Psyburn (120),
107181,Mewtwo EX (62),Mewtwo EX 62,https://tcgplayer-cdn.tcgplayer.com/product/107181_200w.jpg,3,1661,https://cpt.tcgcsv.com/FTS,2023-05-22T19:22:43.6,1,4.68,6.78,62.72,6.64,3.7,Holofoil,,62/162,Ultra Rare,Psychic,170,Basic,"[1] Shatter Shot (30x)
<br>This attack does 30 damage times the number of Psychic Energy cards attached to this Pokémon.",Dx2,None,2,"[1PP] Damage Change
<br>Switch the number of damage counters on this Pokémon with the number of damage counters on the opponent's Active Pokémon.",
107182,M Mewtwo EX (63),M Mewtwo EX 63,https://tcgplayer-cdn.tcgplayer.com/product/107182_200w.jpg,3,1661,https://cpt.tcgcsv.com/GTS,2024-08-27T18:47:04.743,1,25.0,43.72,73.47,44.87,,Holofoil,,63/162,Ultra Rare,Psychic,230,Mega,"[1PFF] Vanishing Strike  (150+)
<br>If there is any Stadium card in play, this attack does 50 more damage, and this attack's damage isn't affected by Resistance or any effects on your opponent's Active Pokémon.",Dx2,None,3,,
107183,M Mewtwo EX (64),M Mewtwo EX 64,https://tcgplayer-cdn.tcgplayer.com/product/107183_200w.jpg,3,1661,https://cpt.tcgcsv.com/HTS,2022-12-15T18:59:22.303,1,25.0,41.99,59.99,35.99,31.52,Holofoil,,64/162,Ultra Rare,Psychic,210,Mega,"[2] Psychic Infinity (10+)
<br>This attack does 30 more damage times the amount of Energy attached to both Active Pokémon. This attack's damage isn't affected by Weakness.",Dx2,None,2,,
107184,Misdreavus,Misdreavus,https://tcgplayer-cdn.tcgplayer.com/product/107184_200w.jpg,3,1661,https://cpt.tcgcsv.com/JTS,2025-02-05T21:20:32.76,1,0.04,0.18,2.69,0.16,,Normal,,65/162,Common,Psychic,60,Basic,"[P] Haunt
<br>Put 2 damage counters on your opponent's Active Pokemon.",Dx2,F-20,1,,
107184,Misdreavus,Misdreavus,https://tcgplayer-cdn.tcgplayer.com/product/107184_200w.jpg,3,1661,https://cpt.tcgcsv.com/JTS,2025-02-05T21:20:32.76,1,0.25,0.46,2.52,0.46,,Reverse Holofoil,,65/162,Common,Psychic,60,Basic,"[P] Haunt
<br>Put 2 damage counters on your opponent's Active Pokemon.",Dx2,F-20,1,,
107185,Mismagius,Mismagius,https://tcgplayer-cdn.tcgplayer.com/product/107185_200w.jpg,3,1661,https://cpt.tcgcsv.com/KTS,2023-05-16T18:17:59.193,1,0.24,0.68,2.02,0.66,,Holofoil,"<b>Ability — Twisted Chant</b>
<br>When you play this Pokémon from your hand to evolve 1 of your Pokémon, your opponent shuffles his or her hand into his or her deck. Then, your opponent draws a number of cards equal to the number of his or her remaining Prize Cards.",66/162,Holo Rare,Psychic,90,Stage 1,"[2P] Curse Deeply (60)
<br>Your opponent's Active Pokémon is now Confused.",Dx2,F-20,1,,
107185,Mismagius,Mismagius,https://tcgplayer-cdn.tcgplayer.com/product/107185_200w.jpg,3,1661,https://cpt.tcgcsv.com/KTS,2023-05-16T18:17:59.193,1,0.25,0.7,1.72,0.74,,Reverse Holofoil,"<b>Ability — Twisted Chant</b>
<br>When you play this Pokémon from your hand to evolve 1 of your Pokémon, your opponent shuffles his or her hand into his or her deck. Then, your opponent draws a number of cards equal to the number of his or her remaining Prize Cards.",66/162,Holo Rare,Psychic,90,Stage 1,"[2P] Curse Deeply (60)
<br>Your opponent's Active Pokémon is now Confused.",Dx2,F-20,1,,
107186,Wobbuffet,Wobbuffet,https://tcgplayer-cdn.tcgplayer.com/product/107186_200w.jpg,3,1661,https://cpt.tcgcsv.com/LTS,2025-02-05T21:20:32.807,1,0.05,0.23,4.19,0.22,0.02,Normal,,67/162,Uncommon,Psychic,100,Basic,"[1] Mirror Barrier
<br>Flip a coin. If heads, prevent all damage done to this Pokémon by attacks during your opponent's next turn.",Px2,None,3,[1PP] Rolling Tackle (50),
107186,Wobbuffet,Wobbuffet,https://tcgplayer-cdn.tcgplayer.com/product/107186_200w.jpg,3,1661,https://cpt.tcgcsv.com/LTS,2025-02-05T21:20:32.807,1,0.2,0.5,1.56,0.5,,Reverse Holofoil,,67/162,Uncommon,Psychic,100,Basic,"[1] Mirror Barrier
<br>Flip a coin. If heads, prevent all damage done to this Pokémon by attacks during your opponent's next turn.",Px2,None,3,[1PP] Rolling Tackle (50),
107187,Ralts (68),Ralts 68,https://tcgplayer-cdn.tcgplayer.com/product/107187_200w.jpg,3,1661,https://cpt.tcgcsv.com/MTS,2025-02-05T21:20:32.87,1,0.05,0.25,1.95,0.27,,Normal,,68/162,Common,Psychic,60,Basic,"[P] Nap
<br>Heal 30 damage from this Pokémon.",Px2,None,1,[2] Smack (20),
107187,Ralts (68),Ralts 68,https://tcgplayer-cdn.tcgplayer.com/product/107187_200w.jpg,3,1661,https://cpt.tcgcsv.com/MTS,2025-02-05T21:20:32.87,1,0.25,0.69,5.95,0.84,,Reverse Holofoil,,68/162,Common,Psychic,60,Basic,"[P] Nap
<br>Heal 30 damage from this Pokémon.",Px2,None,1,[2] Smack (20),
107188,Kirlia,Kirlia,https://tcgplayer-cdn.tcgplayer.com/product/107188_200w.jpg,3,1661,https://cpt.tcgcsv.com/NTS,2022-12-15T18:59:55.217,1,0.04,0.25,2.67,0.29,,Normal,,69/162,Uncommon,Psychic,80,Stage 1,"[P] Beckon
<br>Put a Supporter card from your discard pile into your hand.",Px2,None,1,"[2] Quick Turn (30x)
<br>Flip 2 coins. This attack does 30 damage times the number of heads.",
107188,Kirlia,Kirlia,https://tcgplayer-cdn.tcgplayer.com/product/107188_200w.jpg,3,1661,https://cpt.tcgcsv.com/NTS,2022-12-15T18:59:55.217,1,0.56,1.09,1.87,1.19,0.99,Reverse Holofoil,,69/162,Uncommon,Psychic,80,Stage 1,"[P] Beckon
<br>Put a Supporter card from your discard pile into your hand.",Px2,None,1,"[2] Quick Turn (30x)
<br>Flip 2 coins. This attack does 30 damage times the number of heads.",
107189,Cresselia,Cresselia,https://tcgplayer-cdn.tcgplayer.com/product/107189_200w.jpg,3,1661,https://cpt.tcgcsv.com/PTS,2022-12-15T19:00:01.337,1,0.05,0.28,2.0,0.27,0.27,Normal,"<b>Ability — My Way</b>
<br>If there is any Stadium card is in play, this Pokémon has no Retreat Cost.",70/162,Rare,Psychic,110,Basic,"[2P] Moonlight Gain (70)
<br>Heal 20 damage from this Pokémon.",Px2,None,2,,
107189,Cresselia,Cresselia,https://tcgplayer-cdn.tcgplayer.com/product/107189_200w.jpg,3,1661,https://cpt.tcgcsv.com/PTS,2022-12-15T19:00:01.337,1,0.26,0.87,6.95,0.88,0.97,Reverse Holofoil,"<b>Ability — My Way</b>
<br>If there is any Stadium card is in play, this Pokémon has no Retreat Cost.",70/162,Rare,Psychic,110,Basic,"[2P] Moonlight Gain (70)
<br>Heal 20 damage from this Pokémon.",Px2,None,2,,
107190,Woobat,Woobat,https://tcgplayer-cdn.tcgplayer.com/product/107190_200w.jpg,3,1661,https://cpt.tcgcsv.com/QTS,2025-02-05T21:20:32.943,1,0.03,0.16,1.49,0.13,,Normal,,71/162,Common,Psychic,60,Basic,"[1] Odor Sleuth
<br>Flip a coin. If heads, put a card from your discard pile into your hand.",Lx2,F-20,1,[P] Psyshot (10),
107190,Woobat,Woobat,https://tcgplayer-cdn.tcgplayer.com/product/107190_200w.jpg,3,1661,https://cpt.tcgcsv.com/QTS,2025-02-05T21:20:32.943,1,0.09,0.32,1.49,0.3,,Reverse Holofoil,,71/162,Common,Psychic,60,Basic,"[1] Odor Sleuth
<br>Flip a coin. If heads, put a card from your discard pile into your hand.",Lx2,F-20,1,[P] Psyshot (10),
107191,Swoobat,Swoobat,https://tcgplayer-cdn.tcgplayer.com/product/107191_200w.jpg,3,1661,https://cpt.tcgcsv.com/RTS,2025-02-05T21:20:33.077,1,0.01,0.2,5.44,0.17,,Normal,,72/162,Uncommon,Psychic,90,Stage 1,"[1] Wave Amplification
<br>During your next turn, this Pokemon's Returning Echo attack does 60 more damage <i>(before applying Weakness and Resistance).</i>",Lx2,F-20,1,"[P] Returning Echo (60)
<br>Flip a coin. If tails, return this Pokémon and all cards attached to it to your hand.",
107191,Swoobat,Swoobat,https://tcgplayer-cdn.tcgplayer.com/product/107191_200w.jpg,3,1661,https://cpt.tcgcsv.com/RTS,2025-02-05T21:20:33.077,1,0.12,0.3,2.0,0.3,,Reverse Holofoil,,72/162,Uncommon,Psychic,90,Stage 1,"[1] Wave Amplification
<br>During your next turn, this Pokemon's Returning Echo attack does 60 more damage <i>(before applying Weakness and Resistance).</i>",Lx2,F-20,1,"[P] Returning Echo (60)
<br>Flip a coin. If tails, return this Pokémon and all cards attached to it to your hand.",
107192,Elgyem,Elgyem,https://tcgplayer-cdn.tcgplayer.com/product/107192_200w.jpg,3,1661,https://cpt.tcgcsv.com/STS,2022-12-15T19:01:08.067,1,0.04,0.2,1.49,0.2,,Normal,,73/162,Common,Psychic,50,Basic,"[P] Psych Up (10)
<br>During your next turn, this Pokémon's Psych Up attack does 20 more damage <i>(before applying Weakness and Resistance).</i>",Px2,None,1,,
107192,Elgyem,Elgyem,https://tcgplayer-cdn.tcgplayer.com/product/107192_200w.jpg,3,1661,https://cpt.tcgcsv.com/STS,2022-12-15T19:01:08.067,1,0.2,0.45,2.0,0.47,,Reverse Holofoil,,73/162,Common,Psychic,50,Basic,"[P] Psych Up (10)
<br>During your next turn, this Pokémon's Psych Up attack does 20 more damage <i>(before applying Weakness and Resistance).</i>",Px2,None,1,,
107193,Beheeyem,Beheeyem,https://tcgplayer-cdn.tcgplayer.com/product/107193_200w.jpg,3,1661,https://cpt.tcgcsv.com/TTS,2025-02-05T21:20:33.203,1,0.01,0.22,2.57,0.22,,Normal,,74/162,Uncommon,Psychic,90,Stage 1,"[P] Mind Bullet
<br>This attack does 20 damage to 1 of your opponent's Pokémon times the amount of Energy attached to that Pokémon. <i>(Don't apply Weakness and Resistance for Benched Pokémon.)</i>",Px2,None,1,"[2] Psybeam (50)
<br>Your opponent's Active Pokémon is now Confused.",
107193,Beheeyem,Beheeyem,https://tcgplayer-cdn.tcgplayer.com/product/107193_200w.jpg,3,1661,https://cpt.tcgcsv.com/TTS,2025-02-05T21:20:33.203,1,0.3,0.71,2.25,0.69,,Reverse Holofoil,,74/162,Uncommon,Psychic,90,Stage 1,"[P] Mind Bullet
<br>This attack does 20 damage to 1 of your opponent's Pokémon times the amount of Energy attached to that Pokémon. <i>(Don't apply Weakness and Resistance for Benched Pokémon.)</i>",Px2,None,1,"[2] Psybeam (50)
<br>Your opponent's Active Pokémon is now Confused.",
107194,Sandshrew,Sandshrew,https://tcgplayer-cdn.tcgplayer.com/product/107194_200w.jpg,3,1661,https://cpt.tcgcsv.com/VTS,2022-12-15T19:01:24.59,1,0.04,0.2,1.49,0.18,,Normal,,75/162,Common,Fighting,60,Basic,"[F] Double Scratch (10x)
<br>Flip 2 coins. This attack does 10 damage times the number of heads.",Gx2,None,1,"[1F] Sand Tomb (20)
<br>The Defending Pokémon can't retreat during your opponent's next turn.",
107194,Sandshrew,Sandshrew,https://tcgplayer-cdn.tcgplayer.com/product/107194_200w.jpg,3,1661,https://cpt.tcgcsv.com/VTS,2022-12-15T19:01:24.59,1,0.18,0.42,4.5,0.57,,Reverse Holofoil,,75/162,Common,Fighting,60,Basic,"[F] Double Scratch (10x)
<br>Flip 2 coins. This attack does 10 damage times the number of heads.",Gx2,None,1,"[1F] Sand Tomb (20)
<br>The Defending Pokémon can't retreat during your opponent's next turn.",
107195,Sandslash,Sandslash,https://tcgplayer-cdn.tcgplayer.com/product/107195_200w.jpg,3,1661,https://cpt.tcgcsv.com/WTS,2022-12-15T19:02:43.753,1,0.14,0.33,3.75,0.33,0.34,Normal,,76/162,Uncommon,Fighting,90,Stage 1,[F] Slash (20),Gx2,None,1,"[3] Swift (80)
<br>This attack's damage isn't affected by Weakness, Resistance, or any other effects on your opponent's Active Pokémon.",
107195,Sandslash,Sandslash,https://tcgplayer-cdn.tcgplayer.com/product/107195_200w.jpg,3,1661,https://cpt.tcgcsv.com/WTS,2022-12-15T19:02:43.753,1,0.3,0.55,2.0,0.55,,Reverse Holofoil,,76/162,Uncommon,Fighting,90,Stage 1,[F] Slash (20),Gx2,None,1,"[3] Swift (80)
<br>This attack's damage isn't affected by Weakness, Resistance, or any other effects on your opponent's Active Pokémon.",
107196,Cubone,Cubone,https://tcgplayer-cdn.tcgplayer.com/product/107196_200w.jpg,3,1661,https://cpt.tcgcsv.com/XTS,2025-02-05T21:20:33.267,1,0.1,0.31,2.95,0.41,,Normal,,77/162,Common,Fighting,70,Basic,"[1F] Whismy Tackle (50)
<br>Flip a coin. If tails, this attack does nothing.",Gx2,None,2,,
107196,Cubone,Cubone,https://tcgplayer-cdn.tcgplayer.com/product/107196_200w.jpg,3,1661,https://cpt.tcgcsv.com/XTS,2025-02-05T21:20:33.267,1,0.9,500.45,1000.0,0.91,,Reverse Holofoil,,77/162,Common,Fighting,70,Basic,"[1F] Whismy Tackle (50)
<br>Flip a coin. If tails, this attack does nothing.",Gx2,None,2,,
107197,Marowak,Marowak,https://tcgplayer-cdn.tcgplayer.com/product/107197_200w.jpg,3,1661,https://cpt.tcgcsv.com/ZTS,2025-02-05T21:20:33.327,1,0.1,0.4,1.49,0.4,,Normal,,78/162,Rare,Fighting,100,Stage 1,"[F] Sharpshooting
<br>This attack does 30 damage to 1 of your opponent's Pokémon. <i>(Don't apply Weakness and Resistance for Benched Pokémon.)</i>",Gx2,None,2,"[1F] Bone Windmill (60)
<br>If your opponent's Active Pokémon is a Pokémon-EX, switch this Pokémon with 1 of your Benched Pokémon.",
107197,Marowak,Marowak,https://tcgplayer-cdn.tcgplayer.com/product/107197_200w.jpg,3,1661,https://cpt.tcgcsv.com/ZTS,2025-02-05T21:20:33.327,1,0.5,0.75,2.7,0.74,,Reverse Holofoil,,78/162,Rare,Fighting,100,Stage 1,"[F] Sharpshooting
<br>This attack does 30 damage to 1 of your opponent's Pokémon. <i>(Don't apply Weakness and Resistance for Benched Pokémon.)</i>",Gx2,None,2,"[1F] Bone Windmill (60)
<br>If your opponent's Active Pokémon is a Pokémon-EX, switch this Pokémon with 1 of your Benched Pokémon.",
107198,Marowak BREAK,Marowak BREAK,https://tcgplayer-cdn.tcgplayer.com/product/107198_200w.jpg,3,1661,https://cpt.tcgcsv.com/-TS,2024-04-19T14:31:11.83,1,2.0,3.5,23.0,3.46,,Holofoil,"Marowak BREAK retains the attacks, Abilities, Weakness, Resistance, and Retreat Cost of its previous Evolution.",79/162,Rare BREAK,Fighting,140,BREAK Evolution,"[1F] Bone Revenge (20+)
<br>This attack does 40 more damage for each Prize card your opponent has taken.",None,None,0,,
107199,Swinub,Swinub,https://tcgplayer-cdn.tcgplayer.com/product/107199_200w.jpg,3,1661,https://cpt.tcgcsv.com/_TS,2025-02-05T21:20:33.407,1,0.05,0.23,1.49,0.23,,Normal,,80/162,Common,Fighting,60,Basic,"[1] Powder Snow
<br>Your opponent's Active Pokémon is now Asleep.",Gx2,None,1,[1FF] Mud Slap (40),
107199,Swinub,Swinub,https://tcgplayer-cdn.tcgplayer.com/product/107199_200w.jpg,3,1661,https://cpt.tcgcsv.com/_TS,2025-02-05T21:20:33.407,1,0.19,0.5,1.49,0.54,,Reverse Holofoil,,80/162,Common,Fighting,60,Basic,"[1] Powder Snow
<br>Your opponent's Active Pokémon is now Asleep.",Gx2,None,1,[1FF] Mud Slap (40),
107200,Piloswine,Piloswine,https://tcgplayer-cdn.tcgplayer.com/product/107200_200w.jpg,3,1661,https://cpt.tcgcsv.com/0VS,2025-02-05T21:20:33.467,1,0.05,0.21,1.49,0.23,,Normal,,81/162,Uncommon,Fighting,100,Stage 1,"[1F] Push Down (30)
<br>Your opponent switches his or her Active Pokémon with 1 of his or her Benched Pokémon.",Gx2,None,2,"[2F] Gathering Footsteps (30+)
<br>This attack does 10 more damage for each Colorless  in the Retreat Cost of your Swinub, Piloswine, and Mamoswine.",
107200,Piloswine,Piloswine,https://tcgplayer-cdn.tcgplayer.com/product/107200_200w.jpg,3,1661,https://cpt.tcgcsv.com/0VS,2025-02-05T21:20:33.467,1,0.25,0.43,1.59,0.39,,Reverse Holofoil,,81/162,Uncommon,Fighting,100,Stage 1,"[1F] Push Down (30)
<br>Your opponent switches his or her Active Pokémon with 1 of his or her Benched Pokémon.",Gx2,None,2,"[2F] Gathering Footsteps (30+)
<br>This attack does 10 more damage for each Colorless  in the Retreat Cost of your Swinub, Piloswine, and Mamoswine.",
107201,Mamoswine,Mamoswine,https://tcgplayer-cdn.tcgplayer.com/product/107201_200w.jpg,3,1661,https://cpt.tcgcsv.com/2VS,2023-07-09T05:20:59.903,1,0.21,0.76,1.95,0.86,,Holofoil,"<b>Ability — Thick Fat</b>
<br>Any damage done to this Pokémon by attacks from your opponent's Fire or Water Pokémon is reduced by 30 <em>(after applying Weakness and Resistance)</em>.",82/162,Holo Rare,Fighting,160,Stage 2,"[3F] Primeval Rumble (80+)
<br>If you have a Stadium card in play, this attack does 40 more damage. If your opponent has a Stadium card in play, heal 40 damage from this Pokémon.",Gx2,None,4,,
107201,Mamoswine,Mamoswine,https://tcgplayer-cdn.tcgplayer.com/product/107201_200w.jpg,3,1661,https://cpt.tcgcsv.com/2VS,2023-07-09T05:20:59.903,1,0.45,0.99,1.97,0.99,,Reverse Holofoil,"<b>Ability — Thick Fat</b>
<br>Any damage done to this Pokémon by attacks from your opponent's Fire or Water Pokémon is reduced by 30 <em>(after applying Weakness and Resistance)</em>.",82/162,Holo Rare,Fighting,160,Stage 2,"[3F] Primeval Rumble (80+)
<br>If you have a Stadium card in play, this attack does 40 more damage. If your opponent has a Stadium card in play, heal 40 damage from this Pokémon.",Gx2,None,4,,
107202,Hippopotas,Hippopotas,https://tcgplayer-cdn.tcgplayer.com/product/107202_200w.jpg,3,1661,https://cpt.tcgcsv.com/3VS,2025-02-05T21:20:33.53,1,0.05,0.2,1.49,0.14,,Normal,,83/162,Common,Fighting,80,Basic,"[2F] Nose Jet (30)
<br>If the Defending Pokémon tries to attack during your opponent's next turn, your opponent flips a coin. If tails, this attack does nothing.",Gx2,None,3,,
107202,Hippopotas,Hippopotas,https://tcgplayer-cdn.tcgplayer.com/product/107202_200w.jpg,3,1661,https://cpt.tcgcsv.com/3VS,2025-02-05T21:20:33.53,1,0.1,0.3,1.0,0.3,,Reverse Holofoil,,83/162,Common,Fighting,80,Basic,"[2F] Nose Jet (30)
<br>If the Defending Pokémon tries to attack during your opponent's next turn, your opponent flips a coin. If tails, this attack does nothing.",Gx2,None,3,,
107203,Gallade,Gallade,https://tcgplayer-cdn.tcgplayer.com/product/107203_200w.jpg,3,1661,https://cpt.tcgcsv.com/5VS,2022-12-15T19:04:30.14,1,0.25,0.63,3.0,0.56,0.56,Holofoil,"<b>Ability — Premonition</b>
<br>Once during your turn <em>(before your attack)</em>, you may look at the top 5 cards in your deck and put them back on top of your deck in any order.",84/162,Holo Rare,Fighting,150,Stage 2,"[2] Sensitive Blade (60+)
<br>If you played any Supporter card from your hand during your turn, this attack does an additional 70 damage.",Px2,None,2,,
107203,Gallade,Gallade,https://tcgplayer-cdn.tcgplayer.com/product/107203_200w.jpg,3,1661,https://cpt.tcgcsv.com/5VS,2022-12-15T19:04:30.14,1,0.5,1.02,3.47,1.09,,Reverse Holofoil,"<b>Ability — Premonition</b>
<br>Once during your turn <em>(before your attack)</em>, you may look at the top 5 cards in your deck and put them back on top of your deck in any order.",84/162,Holo Rare,Fighting,150,Stage 2,"[2] Sensitive Blade (60+)
<br>If you played any Supporter card from your hand during your turn, this attack does an additional 70 damage.",Px2,None,2,,
107204,Meloetta,Meloetta,https://tcgplayer-cdn.tcgplayer.com/product/107204_200w.jpg,3,1661,https://cpt.tcgcsv.com/6VS,2023-03-26T15:00:49.96,1,0.5,1.0,2.99,1.21,,Holofoil,,85/162,Holo Rare,Fighting,90,Basic,"[1] Axel Spin
<br>Attach 2 Fighting Energy cards from your discard pile to this Pokémon. Then, switch this Pokémon with 1 of your Benched Pokémon.",Px2,None,1,"[2F] Prima Rondo (60+)
<br>If this Pokémon has any Psychic Energy attached to it, this attack does 50 more damage.",
107204,Meloetta,Meloetta,https://tcgplayer-cdn.tcgplayer.com/product/107204_200w.jpg,3,1661,https://cpt.tcgcsv.com/6VS,2023-03-26T15:00:49.96,1,0.5,1.01,4.0,1.01,,Reverse Holofoil,,85/162,Holo Rare,Fighting,90,Basic,"[1] Axel Spin
<br>Attach 2 Fighting Energy cards from your discard pile to this Pokémon. Then, switch this Pokémon with 1 of your Benched Pokémon.",Px2,None,1,"[2F] Prima Rondo (60+)
<br>If this Pokémon has any Psychic Energy attached to it, this attack does 50 more damage.",
107205,Pancham,Pancham,https://tcgplayer-cdn.tcgplayer.com/product/107205_200w.jpg,3,1661,https://cpt.tcgcsv.com/7VS,2022-12-15T19:04:47.827,1,0.03,0.21,1.49,0.21,0.2,Normal,,86/162,Common,Fighting,60,Basic,"[1F] Pompous Punch (10)
<br>Discard a random card from your opponent's hand.",Px2,None,2,,
107205,Pancham,Pancham,https://tcgplayer-cdn.tcgplayer.com/product/107205_200w.jpg,3,1661,https://cpt.tcgcsv.com/7VS,2022-12-15T19:04:47.827,1,0.22,0.48,1.7,0.47,0.66,Reverse Holofoil,,86/162,Common,Fighting,60,Basic,"[1F] Pompous Punch (10)
<br>Discard a random card from your opponent's hand.",Px2,None,2,,
107206,Hawlucha,Hawlucha,https://tcgplayer-cdn.tcgplayer.com/product/107206_200w.jpg,3,1661,https://cpt.tcgcsv.com/8VS,2022-12-15T19:04:56.333,1,0.14,0.27,2.0,0.26,0.2,Normal,,87/162,Rare,Fighting,80,Basic,[F] High Jump Kick (20),Lx2,F-20,1,"[FF] Skyward Kick (40)
<br>This attack's damage isn't affected by Resistance.",
107206,Hawlucha,Hawlucha,https://tcgplayer-cdn.tcgplayer.com/product/107206_200w.jpg,3,1661,https://cpt.tcgcsv.com/8VS,2022-12-15T19:04:56.333,1,0.3,0.66,1.49,0.68,,Reverse Holofoil,,87/162,Rare,Fighting,80,Basic,[F] High Jump Kick (20),Lx2,F-20,1,"[FF] Skyward Kick (40)
<br>This attack's damage isn't affected by Resistance.",
107207,Cacturne,Cacturne,https://tcgplayer-cdn.tcgplayer.com/product/107207_200w.jpg,3,1661,https://cpt.tcgcsv.com/9VS,2025-01-26T13:15:56.877,1,0.05,0.2,8.66,0.18,0.17,Normal,,88/162,Uncommon,Darkness,100,Stage 1,"[D] Derail (30)
<br>Discard a Special Energy attached to your opponent's Active Pokémon.",Fx2,P-20,1,"[3] Pin Missile (40x)
<br>Flip 3 coins. This attack does 40 damage times the number of heads.",
107207,Cacturne,Cacturne,https://tcgplayer-cdn.tcgplayer.com/product/107207_200w.jpg,3,1661,https://cpt.tcgcsv.com/9VS,2025-01-26T13:15:56.877,1,0.18,0.56,2.98,0.56,,Reverse Holofoil,,88/162,Uncommon,Darkness,100,Stage 1,"[D] Derail (30)
<br>Discard a Special Energy attached to your opponent's Active Pokémon.",Fx2,P-20,1,"[3] Pin Missile (40x)
<br>Flip 3 coins. This attack does 40 damage times the number of heads.",
107208,Zorua (89),Zorua 89,https://tcgplayer-cdn.tcgplayer.com/product/107208_200w.jpg,3,1661,https://cpt.tcgcsv.com/bVS,2023-07-01T15:00:14.427,1,0.05,0.23,1.77,0.22,0.19,Normal,,89/162,Common,Darkness,60,Basic,"[D] Moonlight Madness
<br>Your opponent's Active Pokémon is now Confused.",Fx2,P-20,1,"[1D] Dark Edge (30)
<br>Discard an Energy attached to this Pokémon.",
107208,Zorua (89),Zorua 89,https://tcgplayer-cdn.tcgplayer.com/product/107208_200w.jpg,3,1661,https://cpt.tcgcsv.com/bVS,2023-07-01T15:00:14.427,1,0.23,0.73,5.98,0.81,,Reverse Holofoil,,89/162,Common,Darkness,60,Basic,"[D] Moonlight Madness
<br>Your opponent's Active Pokémon is now Confused.",Fx2,P-20,1,"[1D] Dark Edge (30)
<br>Discard an Energy attached to this Pokémon.",
107209,Zorua (90),Zorua 90,https://tcgplayer-cdn.tcgplayer.com/product/107209_200w.jpg,3,1661,https://cpt.tcgcsv.com/cVS,2023-02-12T09:02:01.9,1,0.06,0.27,1.5,0.28,,Normal,,90/162,Common,Darkness,60,Basic,"[D] Whiny Voice
<br>Choose a random card from your opponent's hand. Your opponent reveals that card and shuffles it into his or her deck.",Fx2,P-20,1,"[1D] Dark Edge (30)
<br>Discard an Energy attached to this Pokémon.",
107209,Zorua (90),Zorua 90,https://tcgplayer-cdn.tcgplayer.com/product/107209_200w.jpg,3,1661,https://cpt.tcgcsv.com/cVS,2023-02-12T09:02:01.9,1,0.43,0.72,5.98,0.74,,Reverse Holofoil,,90/162,Common,Darkness,60,Basic,"[D] Whiny Voice
<br>Choose a random card from your opponent's hand. Your opponent reveals that card and shuffles it into his or her deck.",Fx2,P-20,1,"[1D] Dark Edge (30)
<br>Discard an Energy attached to this Pokémon.",
107210,Zoroark,Zoroark,https://tcgplayer-cdn.tcgplayer.com/product/107210_200w.jpg,3,1661,https://cpt.tcgcsv.com/dVS,2022-12-15T19:05:37.797,1,0.99,1.33,3.99,1.24,,Holofoil,"<b>Ability — Stand In</b>
<br>Once during your turn<em> (before your attack)</em>, if this Pokémon is on your Bench, you may switch this Pokémon with your Active Pokémon.",91/162,Holo Rare,Darkness,100,Stage 1,"[2] Mind Jack (10+)
<br>This attack does 30 more damage for each of your opponent's Benched Pokémon.",Fx2,P-20,2,,
107210,Zoroark,Zoroark,https://tcgplayer-cdn.tcgplayer.com/product/107210_200w.jpg,3,1661,https://cpt.tcgcsv.com/dVS,2022-12-15T19:05:37.797,1,1.55,2.17,3.99,2.3,,Reverse Holofoil,"<b>Ability — Stand In</b>
<br>Once during your turn<em> (before your attack)</em>, if this Pokémon is on your Bench, you may switch this Pokémon with your Active Pokémon.",91/162,Holo Rare,Darkness,100,Stage 1,"[2] Mind Jack (10+)
<br>This attack does 30 more damage for each of your opponent's Benched Pokémon.",Fx2,P-20,2,,
107211,Zoroark BREAK,Zoroark BREAK,https://tcgplayer-cdn.tcgplayer.com/product/107211_200w.jpg,3,1661,https://cpt.tcgcsv.com/fVS,2024-04-19T14:32:47.27,1,3.0,4.13,26.5,3.95,,Holofoil,"Zoroark BREAK retains the attacks, Abilities, Weakness, Resistance, and Retreat Cost of its previous Evolution.",92/162,Rare BREAK,Darkness,140,BREAK Evolution,"[D] Foul Play
<br>Choose 1 of your opponent's Active Pokémon's attacks and use it as this attack.",None,None,0,,
107212,Inkay,Inkay,https://tcgplayer-cdn.tcgplayer.com/product/107212_200w.jpg,3,1661,https://cpt.tcgcsv.com/gVS,2025-02-05T21:20:33.62,1,0.02,0.16,1.49,0.13,,Normal,,93/162,Common,Darkness,50,Basic,"[1D] Fury Spin (10x)
<br>Flip 4 coins. This attack does 10 damage times the number of heads.",Fx2,P-20,1,,
107212,Inkay,Inkay,https://tcgplayer-cdn.tcgplayer.com/product/107212_200w.jpg,3,1661,https://cpt.tcgcsv.com/gVS,2025-02-05T21:20:33.62,1,0.04,0.33,1.49,0.31,,Reverse Holofoil,,93/162,Common,Darkness,50,Basic,"[1D] Fury Spin (10x)
<br>Flip 4 coins. This attack does 10 damage times the number of heads.",Fx2,P-20,1,,
107213,Yveltal,Yveltal,https://tcgplayer-cdn.tcgplayer.com/product/107213_200w.jpg,3,1661,https://cpt.tcgcsv.com/hVS,2024-01-31T15:05:31.753,1,0.3,0.71,2.91,0.71,,Holofoil,"<b>Ability — Fright Night</b>
<br>As long as this Pokémon is your Active Pokémon, each Pokémon Tool card in play have no effect.",94/162,Holo Rare,Darkness,130,Basic,"[2D] Pitch-Black Spear (60)
<br>This attack does 60 damage to 1 of your opponent's Benched Pokémon-EX. <i>(Don't apply Weakness and Resistance for Benched Pokémon.)</i>",Lx2,F-20,2,,
107213,Yveltal,Yveltal,https://tcgplayer-cdn.tcgplayer.com/product/107213_200w.jpg,3,1661,https://cpt.tcgcsv.com/hVS,2024-01-31T15:05:31.753,1,0.5,0.99,2.0,1.16,,Reverse Holofoil,"<b>Ability — Fright Night</b>
<br>As long as this Pokémon is your Active Pokémon, each Pokémon Tool card in play have no effect.",94/162,Holo Rare,Darkness,130,Basic,"[2D] Pitch-Black Spear (60)
<br>This attack does 60 damage to 1 of your opponent's Benched Pokémon-EX. <i>(Don't apply Weakness and Resistance for Benched Pokémon.)</i>",Lx2,F-20,2,,
107214,Bronzor,Bronzor,https://tcgplayer-cdn.tcgplayer.com/product/107214_200w.jpg,3,1661,https://cpt.tcgcsv.com/jVS,2025-02-05T21:20:33.73,1,0.03,0.15,1.75,0.14,0.05,Normal,,95/162,Common,Metal,60,Basic,"[2] Payback (10+)
<br>If your opponent has only 1 Prize card left, this attack does 60 more damage.",Rx2,P-20,2,,
107214,Bronzor,Bronzor,https://tcgplayer-cdn.tcgplayer.com/product/107214_200w.jpg,3,1661,https://cpt.tcgcsv.com/jVS,2025-02-05T21:20:33.73,1,0.1,0.42,1.95,0.42,,Reverse Holofoil,,95/162,Common,Metal,60,Basic,"[2] Payback (10+)
<br>If your opponent has only 1 Prize card left, this attack does 60 more damage.",Rx2,P-20,2,,
107215,Bronzong,Bronzong,https://tcgplayer-cdn.tcgplayer.com/product/107215_200w.jpg,3,1661,https://cpt.tcgcsv.com/kVS,2022-12-15T19:06:27.827,1,0.12,0.39,2.87,0.41,0.45,Normal,,96/162,Rare,Metal,110,Stage 1,"[2] Pain Amplifier
<br>Put 3 damage counters on each of your opponent's Pokémon that already has damage counters on it.",Rx2,P-20,3,"[2M] Knock Away (70+)
<br>Flip a coin. If heads, this attack does 20 more damage.",
107215,Bronzong,Bronzong,https://tcgplayer-cdn.tcgplayer.com/product/107215_200w.jpg,3,1661,https://cpt.tcgcsv.com/kVS,2022-12-15T19:06:27.827,1,0.31,0.75,3.98,0.74,0.55,Reverse Holofoil,,96/162,Rare,Metal,110,Stage 1,"[2] Pain Amplifier
<br>Put 3 damage counters on each of your opponent's Pokémon that already has damage counters on it.",Rx2,P-20,3,"[2M] Knock Away (70+)
<br>Flip a coin. If heads, this attack does 20 more damage.",
107216,Mr. Mime,Mr Mime,https://tcgplayer-cdn.tcgplayer.com/product/107216_200w.jpg,3,1661,https://cpt.tcgcsv.com/lVS,2025-06-06T08:38:19.903,1,0.21,0.45,4.95,0.46,,Normal,"<b>Ability — Bench Barrier</b>
<br>Prevent all damage done to your Benched Pokémon by attacks.",97/162,Rare,Fairy,70,Basic,"[1Y] Juggling (10x)
<br>Flip 4 coins. This attack does 10 damage times the number of heads.",Mx2,D-20,1,,
107216,Mr. Mime,Mr Mime,https://tcgplayer-cdn.tcgplayer.com/product/107216_200w.jpg,3,1661,https://cpt.tcgcsv.com/lVS,2025-06-06T08:38:19.903,1,0.5,1.25,1.71,1.55,1.02,Reverse Holofoil,"<b>Ability — Bench Barrier</b>
<br>Prevent all damage done to your Benched Pokémon by attacks.",97/162,Rare,Fairy,70,Basic,"[1Y] Juggling (10x)
<br>Flip 4 coins. This attack does 10 damage times the number of heads.",Mx2,D-20,1,,
107217,Snubbull,Snubbull,https://tcgplayer-cdn.tcgplayer.com/product/107217_200w.jpg,3,1661,https://cpt.tcgcsv.com/mVS,2025-02-05T21:20:33.793,1,0.06,0.29,6.0,0.28,,Normal,,98/162,Common,Fairy,70,Basic,"[1] Roar
<br>Your opponent switches his or her Active Pokémon with 1 of his or her Benched Pokémon.",Mx2,D-20,2,[2Y] Bite (40),
107217,Snubbull,Snubbull,https://tcgplayer-cdn.tcgplayer.com/product/107217_200w.jpg,3,1661,https://cpt.tcgcsv.com/mVS,2025-02-05T21:20:33.793,1,0.37,0.7,2.0,0.77,,Reverse Holofoil,,98/162,Common,Fairy,70,Basic,"[1] Roar
<br>Your opponent switches his or her Active Pokémon with 1 of his or her Benched Pokémon.",Mx2,D-20,2,[2Y] Bite (40),
107218,Granbull,Granbull,https://tcgplayer-cdn.tcgplayer.com/product/107218_200w.jpg,3,1661,https://cpt.tcgcsv.com/nVS,2022-12-15T19:06:53.73,1,0.09,0.23,2.25,0.22,,Normal,,99/162,Uncommon,Fairy,120,Stage 1,"[2] Startling Bark
<br>Flip a coin. If heads, choose 3 random cards from your opponent's hand. Your opponent reveals those cards and shuffles them into his or her deck.",Mx2,D-20,3,"[2Y] Tantrum (120)
<br>This Pokémon is now Confused.",
107218,Granbull,Granbull,https://tcgplayer-cdn.tcgplayer.com/product/107218_200w.jpg,3,1661,https://cpt.tcgcsv.com/nVS,2022-12-15T19:06:53.73,1,0.15,0.58,2.98,0.58,,Reverse Holofoil,,99/162,Uncommon,Fairy,120,Stage 1,"[2] Startling Bark
<br>Flip a coin. If heads, choose 3 random cards from your opponent's hand. Your opponent reveals those cards and shuffles them into his or her deck.",Mx2,D-20,3,"[2Y] Tantrum (120)
<br>This Pokémon is now Confused.",
107219,Ralts (100),Ralts 100,https://tcgplayer-cdn.tcgplayer.com/product/107219_200w.jpg,3,1661,https://cpt.tcgcsv.com/pVS,2022-12-15T19:07:02.513,1,0.06,0.25,1.49,0.29,0.18,Normal,,100/162,Common,Fairy,60,Basic,[1] Mumble (10),Mx2,D-20,1,[1Y] Magical Shot (20),
107219,Ralts (100),Ralts 100,https://tcgplayer-cdn.tcgplayer.com/product/107219_200w.jpg,3,1661,https://cpt.tcgcsv.com/pVS,2022-12-15T19:07:02.513,1,0.2,0.95,5.95,0.87,0.55,Reverse Holofoil,,100/162,Common,Fairy,60,Basic,[1] Mumble (10),Mx2,D-20,1,[1Y] Magical Shot (20),
107220,Flabebe,Flabebe,https://tcgplayer-cdn.tcgplayer.com/product/107220_200w.jpg,3,1661,https://cpt.tcgcsv.com/qVS,2022-12-15T19:07:35.167,1,0.01,0.2,1.49,0.14,,Normal,,101/162,Common,Fairy,30,Basic,"[Y] Wish
<br>Flip a coin. If heads, search your deck for any card and put it into your hand. Shuffle your deck afterward.",Mx2,D-20,1,,
107220,Flabebe,Flabebe,https://tcgplayer-cdn.tcgplayer.com/product/107220_200w.jpg,3,1661,https://cpt.tcgcsv.com/qVS,2022-12-15T19:07:35.167,1,0.13,0.44,3.95,0.42,0.47,Reverse Holofoil,,101/162,Common,Fairy,30,Basic,"[Y] Wish
<br>Flip a coin. If heads, search your deck for any card and put it into your hand. Shuffle your deck afterward.",Mx2,D-20,1,,
107221,Floette,Floette,https://tcgplayer-cdn.tcgplayer.com/product/107221_200w.jpg,3,1661,https://cpt.tcgcsv.com/rVS,2024-05-01T20:22:33.377,1,0.01,0.22,1.49,0.16,,Normal,,102/162,Uncommon,Fairy,70,Stage 1,"[Y] Aromatherapy
<br>Heal 30 damage from each of your Pokémon.",Mx2,D-20,1,"[YY] Magical Leaf (20+)
<br>Flip a coin. If heads, this attack does 20 more damage and heal 20 damage from this Pokémon.",
107221,Floette,Floette,https://tcgplayer-cdn.tcgplayer.com/product/107221_200w.jpg,3,1661,https://cpt.tcgcsv.com/rVS,2024-05-01T20:22:33.377,1,0.1,0.5,2.0,0.5,,Reverse Holofoil,,102/162,Uncommon,Fairy,70,Stage 1,"[Y] Aromatherapy
<br>Heal 30 damage from each of your Pokémon.",Mx2,D-20,1,"[YY] Magical Leaf (20+)
<br>Flip a coin. If heads, this attack does 20 more damage and heal 20 damage from this Pokémon.",
107222,Florges,Florges,https://tcgplayer-cdn.tcgplayer.com/product/107222_200w.jpg,3,1661,https://cpt.tcgcsv.com/sVS,2022-12-15T19:07:55.283,1,0.1,0.42,1.99,0.4,,Normal,"<b>Ability — Calming Aroma</b>
<br>Each of your Pokémon's attacks cost Fairy less.",103/162,Rare,Fairy,110,Stage 2,"[YYY] Wonder Shine (70)
<br>Your opponent's Active Pokémon is now Confused.",Mx2,D-20,1,,
107222,Florges,Florges,https://tcgplayer-cdn.tcgplayer.com/product/107222_200w.jpg,3,1661,https://cpt.tcgcsv.com/sVS,2022-12-15T19:07:55.283,1,0.75,1.06,7.57,1.08,0.9,Reverse Holofoil,"<b>Ability — Calming Aroma</b>
<br>Each of your Pokémon's attacks cost Fairy less.",103/162,Rare,Fairy,110,Stage 2,"[YYY] Wonder Shine (70)
<br>Your opponent's Active Pokémon is now Confused.",Mx2,D-20,1,,
107223,Florges BREAK,Florges BREAK,https://tcgplayer-cdn.tcgplayer.com/product/107223_200w.jpg,3,1661,https://cpt.tcgcsv.com/tVS,2024-04-19T14:33:59.557,1,1.56,2.34,5.2,2.7,1.75,Holofoil,"<b>Ability — Flower Breeze</b>
<br>Once during your turn <em>(before your attack)</em>, you may heal 30 damage and remove 1 Special Condition from your Active Pokémon.",104/162,Rare BREAK,Fairy,140,BREAK Evolution,,None,None,0,,
107224,Spritzee,Spritzee,https://tcgplayer-cdn.tcgplayer.com/product/107224_200w.jpg,3,1661,https://cpt.tcgcsv.com/vVS,2022-12-15T19:08:20.81,1,0.05,0.2,1.49,0.2,,Normal,,105/162,Common,Fairy,40,Basic,"[1] Flail (10x)
<br>This attack does 10 damage times the number of damage counters on this Pokémon.",Mx2,D-20,1,,
107224,Spritzee,Spritzee,https://tcgplayer-cdn.tcgplayer.com/product/107224_200w.jpg,3,1661,https://cpt.tcgcsv.com/vVS,2022-12-15T19:08:20.81,1,0.19,0.4,1.56,0.4,0.69,Reverse Holofoil,,105/162,Common,Fairy,40,Basic,"[1] Flail (10x)
<br>This attack does 10 damage times the number of damage counters on this Pokémon.",Mx2,D-20,1,,
107225,Aromatisse,Aromatisse,https://tcgplayer-cdn.tcgplayer.com/product/107225_200w.jpg,3,1661,https://cpt.tcgcsv.com/wVS,2022-12-15T19:08:30.6,1,0.15,0.35,2.02,0.31,,Normal,,106/162,Rare,Fairy,90,Stage 1,"[Y] Heavy Perfume
<br>Your opponent's Active Pokémon is now Confused. Put 6 damage counters instead of 3 on that Pokémon for this Special Condition.",Mx2,D-20,1,"[Y] Hug (30)
<br>The Defending Pokémon can't retreat during your opponent's next turn.",
107225,Aromatisse,Aromatisse,https://tcgplayer-cdn.tcgplayer.com/product/107225_200w.jpg,3,1661,https://cpt.tcgcsv.com/wVS,2022-12-15T19:08:30.6,1,0.72,1.64,2.3,1.74,,Reverse Holofoil,,106/162,Rare,Fairy,90,Stage 1,"[Y] Heavy Perfume
<br>Your opponent's Active Pokémon is now Confused. Put 6 damage counters instead of 3 on that Pokémon for this Special Condition.",Mx2,D-20,1,"[Y] Hug (30)
<br>The Defending Pokémon can't retreat during your opponent's next turn.",
107226,Xerneas,Xerneas,https://tcgplayer-cdn.tcgplayer.com/product/107226_200w.jpg,3,1661,https://cpt.tcgcsv.com/xVS,2023-12-19T17:55:41.983,1,0.56,1.02,3.67,1.1,,Holofoil,,107/162,Holo Rare,Fairy,120,Basic,"[2Y] Rainbow Force (10+)
<br>This attack does 30 more damage for each different type of Pokémon on your Bench.",Mx2,D-20,2,"[2YY] Power Creation (80+)
<br>If this Pokémon healed damage this turn, this attack does 80 more damage.",
107226,Xerneas,Xerneas,https://tcgplayer-cdn.tcgplayer.com/product/107226_200w.jpg,3,1661,https://cpt.tcgcsv.com/xVS,2023-12-19T17:55:41.983,1,0.99,1.67,3.56,1.71,2.49,Reverse Holofoil,,107/162,Holo Rare,Fairy,120,Basic,"[2Y] Rainbow Force (10+)
<br>This attack does 30 more damage for each different type of Pokémon on your Bench.",Mx2,D-20,2,"[2YY] Power Creation (80+)
<br>If this Pokémon healed damage this turn, this attack does 80 more damage.",
107227,Axew (108),Axew 108,https://tcgplayer-cdn.tcgplayer.com/product/107227_200w.jpg,3,1661,https://cpt.tcgcsv.com/zVS,2023-02-12T10:29:15.387,1,0.08,0.23,1.58,0.23,,Normal,,108/162,Common,Dragon,60,Basic,[1] Brat Snack (10),Yx2,None,2,[1FM] Dragon Claw (40),
107227,Axew (108),Axew 108,https://tcgplayer-cdn.tcgplayer.com/product/107227_200w.jpg,3,1661,https://cpt.tcgcsv.com/zVS,2023-02-12T10:29:15.387,1,0.17,0.65,9.07,0.66,0.38,Reverse Holofoil,,108/162,Common,Dragon,60,Basic,[1] Brat Snack (10),Yx2,None,2,[1FM] Dragon Claw (40),
107228,Axew (109),Axew 109,https://tcgplayer-cdn.tcgplayer.com/product/107228_200w.jpg,3,1661,https://cpt.tcgcsv.com/BVS,2022-12-15T19:09:19.897,1,0.04,0.25,1.49,0.3,,Normal,,109/162,Common,Dragon,60,Basic,"[M] Extra Chop (20)
<br>This Pokémon does 10 damage to itself.",Yx2,None,2,[1FM] Dragon Claw (40),
107228,Axew (109),Axew 109,https://tcgplayer-cdn.tcgplayer.com/product/107228_200w.jpg,3,1661,https://cpt.tcgcsv.com/BVS,2022-12-15T19:09:19.897,1,0.25,0.62,2.91,0.62,,Reverse Holofoil,,109/162,Common,Dragon,60,Basic,"[M] Extra Chop (20)
<br>This Pokémon does 10 damage to itself.",Yx2,None,2,[1FM] Dragon Claw (40),
107229,Fraxure,Fraxure,https://tcgplayer-cdn.tcgplayer.com/product/107229_200w.jpg,3,1661,https://cpt.tcgcsv.com/CVS,2025-02-05T21:20:33.853,1,0.04,0.25,1.49,0.3,,Normal,,110/162,Uncommon,Dragon,80,Stage 1,[1] Sharp Fang (20),Yx2,None,2,"[1FM] Dragon Slayer (60+)
<br>If your opponent's Active Pokémon is a Dragon Pokémon, this attack does 40 more damage <i>(before applying Weakness and Resistance).</i>",
107229,Fraxure,Fraxure,https://tcgplayer-cdn.tcgplayer.com/product/107229_200w.jpg,3,1661,https://cpt.tcgcsv.com/CVS,2025-02-05T21:20:33.853,1,0.25,0.48,2.71,0.7,,Reverse Holofoil,,110/162,Uncommon,Dragon,80,Stage 1,[1] Sharp Fang (20),Yx2,None,2,"[1FM] Dragon Slayer (60+)
<br>If your opponent's Active Pokémon is a Dragon Pokémon, this attack does 40 more damage <i>(before applying Weakness and Resistance).</i>",
107230,Haxorus,Haxorus,https://tcgplayer-cdn.tcgplayer.com/product/107230_200w.jpg,3,1661,https://cpt.tcgcsv.com/DVS,2022-12-15T19:09:45.933,1,0.74,1.3,2.75,1.44,,Holofoil,,111/162,Holo Rare,Dragon,160,Stage 2,"[1] Dragon Dance
<br>During your next turn, any attacks by this Pokémon do 100 more damage <i>(before applying Weakness and Resistance)</i>. This effect remains in play so long as this Pokémon is your active Pokémon.",Yx2,None,3,[1] Sharp Fang (60),"[FM] Dragon Pulse (130)
<br>Discard the top 3 cards of your deck."
107230,Haxorus,Haxorus,https://tcgplayer-cdn.tcgplayer.com/product/107230_200w.jpg,3,1661,https://cpt.tcgcsv.com/DVS,2022-12-15T19:09:45.933,1,0.95,2.19,2.9,2.13,,Reverse Holofoil,,111/162,Holo Rare,Dragon,160,Stage 2,"[1] Dragon Dance
<br>During your next turn, any attacks by this Pokémon do 100 more damage <i>(before applying Weakness and Resistance)</i>. This effect remains in play so long as this Pokémon is your active Pokémon.",Yx2,None,3,[1] Sharp Fang (60),"[FM] Dragon Pulse (130)
<br>Discard the top 3 cards of your deck."
107231,Noivern,Noivern,https://tcgplayer-cdn.tcgplayer.com/product/107231_200w.jpg,3,1661,https://cpt.tcgcsv.com/FVS,2024-10-18T12:24:53.017,1,0.08,0.37,2.0,0.38,,Normal,,112/162,Rare,Dragon,100,Stage 1,"[1] Tuning
<br>Shuffle your hand into your deck. Then, draw a number of cards equal to the number of cards in your opponent's hand.",Yx2,None,1,"[1PD] Air Slash (120)
<br>Discard an Energy attached to this Pokémon.",
107231,Noivern,Noivern,https://tcgplayer-cdn.tcgplayer.com/product/107231_200w.jpg,3,1661,https://cpt.tcgcsv.com/FVS,2024-10-18T12:24:53.017,1,0.55,0.75,2.0,0.68,,Reverse Holofoil,,112/162,Rare,Dragon,100,Stage 1,"[1] Tuning
<br>Shuffle your hand into your deck. Then, draw a number of cards equal to the number of cards in your opponent's hand.",Yx2,None,1,"[1PD] Air Slash (120)
<br>Discard an Energy attached to this Pokémon.",
107232,Noivern BREAK,Noivern BREAK,https://tcgplayer-cdn.tcgplayer.com/product/107232_200w.jpg,3,1661,https://cpt.tcgcsv.com/GVS,2024-04-19T14:31:34.283,1,1.48,2.55,25.95,2.67,,Holofoil,"Noivern BREAK retains the attacks, Abilities, Weakness, Resistance, and Retreat Cost of its previous Evolution.",113/162,Rare BREAK,Dragon,130,BREAK Evolution,"[1PD] Synchro Woofer (70+)
<br>If you have the same amount of cards in your hand as your opponent, this attack does 80 more damage.",None,None,0,,
107233,Meowth,Meowth,https://tcgplayer-cdn.tcgplayer.com/product/107233_200w.jpg,3,1661,https://cpt.tcgcsv.com/HVS,2025-02-05T21:20:33.913,1,0.05,0.2,1.49,0.18,,Normal,,114/162,Common,Colorless,60,Basic,"[1] Exhausted Tackle
<br>Flip a coin. If heads, this attack does 30 damage to your opponent's Active Pokémon. If tails, this Pokémon does 30 damage to itself.",Fx2,None,1,,
107233,Meowth,Meowth,https://tcgplayer-cdn.tcgplayer.com/product/107233_200w.jpg,3,1661,https://cpt.tcgcsv.com/HVS,2025-02-05T21:20:33.913,1,0.15,0.5,1.64,0.54,,Reverse Holofoil,,114/162,Common,Colorless,60,Basic,"[1] Exhausted Tackle
<br>Flip a coin. If heads, this attack does 30 damage to your opponent's Active Pokémon. If tails, this Pokémon does 30 damage to itself.",Fx2,None,1,,
107234,Doduo (115),Doduo 115,https://tcgplayer-cdn.tcgplayer.com/product/107234_200w.jpg,3,1661,https://cpt.tcgcsv.com/JVS,2023-01-06T10:56:42.823,1,0.03,0.2,1.49,0.18,0.05,Normal,,115/162,Common,Colorless,60,Basic,"[1] Simultaneous Pack (30)
<br>Flip 2 coins. If either of them is tails, this attack does nothing.",Lx2,F-20,1,"[2] Doduo Delivery
<br>Draw 2 cards.",
107234,Doduo (115),Doduo 115,https://tcgplayer-cdn.tcgplayer.com/product/107234_200w.jpg,3,1661,https://cpt.tcgcsv.com/JVS,2023-01-06T10:56:42.823,1,0.05,0.48,2.65,0.48,0.21,Reverse Holofoil,,115/162,Common,Colorless,60,Basic,"[1] Simultaneous Pack (30)
<br>Flip 2 coins. If either of them is tails, this attack does nothing.",Lx2,F-20,1,"[2] Doduo Delivery
<br>Draw 2 cards.",
107235,Doduo (116),Doduo 116,https://tcgplayer-cdn.tcgplayer.com/product/107235_200w.jpg,3,1661,https://cpt.tcgcsv.com/KVS,2025-02-05T21:20:33.98,1,0.03,0.2,2.0,0.15,,Normal,,116/162,Common,Colorless,60,Basic,"[1] Double Stab (10x)
<br>Flip 2 coins. This attack does 10 damage times the number of heads.",Lx2,F-20,1,"[2] Doduo Delivery
<br>Draw 2 cards.",
107235,Doduo (116),Doduo 116,https://tcgplayer-cdn.tcgplayer.com/product/107235_200w.jpg,3,1661,https://cpt.tcgcsv.com/KVS,2025-02-05T21:20:33.98,1,0.17,0.43,2.0,0.38,,Reverse Holofoil,,116/162,Common,Colorless,60,Basic,"[1] Double Stab (10x)
<br>Flip 2 coins. This attack does 10 damage times the number of heads.",Lx2,F-20,1,"[2] Doduo Delivery
<br>Draw 2 cards.",
107236,Snorlax,Snorlax,https://tcgplayer-cdn.tcgplayer.com/product/107236_200w.jpg,3,1661,https://cpt.tcgcsv.com/LVS,2022-12-15T19:10:58.303,1,0.35,1.59,2.69,1.69,,Normal,"<b>Ability — Plump Body</b>
<br>Any damage done to this Pokémon is reduced by 30 <em>(after applying Weakness and Resistance).</em>",118/162,Uncommon,Colorless,120,Basic,"[4] Knock Away (50+)
<br>Flip a coin. If heads, this attack does 30 more damage.",Fx2,None,4,,
107236,Snorlax,Snorlax,https://tcgplayer-cdn.tcgplayer.com/product/107236_200w.jpg,3,1661,https://cpt.tcgcsv.com/LVS,2022-12-15T19:10:58.303,1,3.95,6.05,50.0,4.82,,Reverse Holofoil,"<b>Ability — Plump Body</b>
<br>Any damage done to this Pokémon is reduced by 30 <em>(after applying Weakness and Resistance).</em>",118/162,Uncommon,Colorless,120,Basic,"[4] Knock Away (50+)
<br>Flip a coin. If heads, this attack does 30 more damage.",Fx2,None,4,,
107237,Dodrio,Dodrio,https://tcgplayer-cdn.tcgplayer.com/product/107237_200w.jpg,3,1661,https://cpt.tcgcsv.com/MVS,2022-12-15T19:10:49.593,1,0.15,0.27,2.0,0.26,,Normal,"<b>Ability — Retreat Aid</b>
<br>As long as this Pokémon is on your Bench, your Active Pokémon's Retreat Cost is 2 Colorless  less.",117/162,Rare,Colorless,90,Stage 1,"[3] Fury Attack (40x)
<br>Flip 3 coins. This attack does 40 damage times the number of heads.",Lx2,F-20,1,,
107237,Dodrio,Dodrio,https://tcgplayer-cdn.tcgplayer.com/product/107237_200w.jpg,3,1661,https://cpt.tcgcsv.com/MVS,2022-12-15T19:10:49.593,1,0.24,0.63,3.95,0.63,,Reverse Holofoil,"<b>Ability — Retreat Aid</b>
<br>As long as this Pokémon is on your Bench, your Active Pokémon's Retreat Cost is 2 Colorless  less.",117/162,Rare,Colorless,90,Stage 1,"[3] Fury Attack (40x)
<br>Flip 3 coins. This attack does 40 damage times the number of heads.",Lx2,F-20,1,,
107238,Hoothoot,Hoothoot,https://tcgplayer-cdn.tcgplayer.com/product/107238_200w.jpg,3,1661,https://cpt.tcgcsv.com/NVS,2025-02-05T21:20:34.023,1,0.05,0.2,1.49,0.19,,Normal,,119/162,Common,Colorless,60,Basic,"[2] Proclaim the Night
<br>Your opponent can't play any Item cards from his or her hand during his or her next turn.",Lx2,F-20,1,,
107238,Hoothoot,Hoothoot,https://tcgplayer-cdn.tcgplayer.com/product/107238_200w.jpg,3,1661,https://cpt.tcgcsv.com/NVS,2025-02-05T21:20:34.023,1,0.11,0.4,2.95,0.42,,Reverse Holofoil,,119/162,Common,Colorless,60,Basic,"[2] Proclaim the Night
<br>Your opponent can't play any Item cards from his or her hand during his or her next turn.",Lx2,F-20,1,,
107239,Noctowl,Noctowl,https://tcgplayer-cdn.tcgplayer.com/product/107239_200w.jpg,3,1661,https://cpt.tcgcsv.com/PVS,2025-02-05T21:20:34.077,1,0.1,0.3,4.78,0.3,,Normal,,120/162,Rare,Colorless,90,Stage 1,"[2] High Flight (20x)
<br>Each player reveals his or her hand. This attack does 20 damage times the number of Item cards revealed.",Lx2,F-20,1,[3] Speed Dive (70),
107239,Noctowl,Noctowl,https://tcgplayer-cdn.tcgplayer.com/product/107239_200w.jpg,3,1661,https://cpt.tcgcsv.com/PVS,2025-02-05T21:20:34.077,1,0.23,0.72,2.0,0.93,,Reverse Holofoil,,120/162,Rare,Colorless,90,Stage 1,"[2] High Flight (20x)
<br>Each player reveals his or her hand. This attack does 20 damage times the number of Item cards revealed.",Lx2,F-20,1,[3] Speed Dive (70),
107240,Teddiursa,Teddiursa,https://tcgplayer-cdn.tcgplayer.com/product/107240_200w.jpg,3,1661,https://cpt.tcgcsv.com/QVS,2022-12-15T19:11:26.423,1,0.05,0.25,3.0,0.25,,Normal,,121/162,Common,Colorless,70,Basic,[2] Flop (30),Fx2,None,2,,
107240,Teddiursa,Teddiursa,https://tcgplayer-cdn.tcgplayer.com/product/107240_200w.jpg,3,1661,https://cpt.tcgcsv.com/QVS,2022-12-15T19:11:26.423,1,0.2,0.63,3.95,0.57,,Reverse Holofoil,,121/162,Common,Colorless,70,Basic,[2] Flop (30),Fx2,None,2,,
107241,Ursaring,Ursaring,https://tcgplayer-cdn.tcgplayer.com/product/107241_200w.jpg,3,1661,https://cpt.tcgcsv.com/RVS,2025-02-05T21:20:34.137,1,0.05,0.24,1.49,0.24,,Normal,,122/162,Uncommon,Colorless,130,Stage 1,"[3] Drag Off
<br>Switch 1 of your opponent's Benched Pokémon with his or her Active Pokémon. This attack does 50 damage to the new Active Pokémon.",Fx2,None,3,"[4] Swing Around (80+)
<br>Flip 2 coins. This attack does 40 more damage for each heads.",
107241,Ursaring,Ursaring,https://tcgplayer-cdn.tcgplayer.com/product/107241_200w.jpg,3,1661,https://cpt.tcgcsv.com/RVS,2025-02-05T21:20:34.137,1,0.18,0.35,1.49,0.35,,Reverse Holofoil,,122/162,Uncommon,Colorless,130,Stage 1,"[3] Drag Off
<br>Switch 1 of your opponent's Benched Pokémon with his or her Active Pokémon. This attack does 50 damage to the new Active Pokémon.",Fx2,None,3,"[4] Swing Around (80+)
<br>Flip 2 coins. This attack does 40 more damage for each heads.",
107242,Smeargle,Smeargle,https://tcgplayer-cdn.tcgplayer.com/product/107242_200w.jpg,3,1661,https://cpt.tcgcsv.com/SVS,2022-12-15T19:11:47.183,1,0.1,0.35,2.0,0.51,,Normal,"<b>Ability — Recoat</b>
<br>Once during your turn <em>(before your attack)</em>, you may switch 1 basic Energy attached to your Active Pokémon with a different type of basic Energy in your discard pile.",123/162,Rare,Colorless,70,Basic,[2] Beat (30),Fx2,None,1,,
107242,Smeargle,Smeargle,https://tcgplayer-cdn.tcgplayer.com/product/107242_200w.jpg,3,1661,https://cpt.tcgcsv.com/SVS,2022-12-15T19:11:47.183,1,0.5,0.67,3.65,0.83,,Reverse Holofoil,"<b>Ability — Recoat</b>
<br>Once during your turn <em>(before your attack)</em>, you may switch 1 basic Energy attached to your Active Pokémon with a different type of basic Energy in your discard pile.",123/162,Rare,Colorless,70,Basic,[2] Beat (30),Fx2,None,1,,
107243,Swablu,Swablu,https://tcgplayer-cdn.tcgplayer.com/product/107243_200w.jpg,3,1661,https://cpt.tcgcsv.com/TVS,2025-02-05T21:20:34.197,1,0.05,0.24,1.49,0.18,,Normal,,124/162,Common,Colorless,40,Basic,"[1] Bind Wound
<br>Heal 20 damage from 1 of your Pokémon.",Lx2,F-20,1,,
107243,Swablu,Swablu,https://tcgplayer-cdn.tcgplayer.com/product/107243_200w.jpg,3,1661,https://cpt.tcgcsv.com/TVS,2025-02-05T21:20:34.197,1,0.2,0.42,2.0,0.41,,Reverse Holofoil,,124/162,Common,Colorless,40,Basic,"[1] Bind Wound
<br>Heal 20 damage from 1 of your Pokémon.",Lx2,F-20,1,,
107244,Starly,Starly,https://tcgplayer-cdn.tcgplayer.com/product/107244_200w.jpg,3,1661,https://cpt.tcgcsv.com/VVS,2022-12-29T16:00:19.323,1,0.03,0.18,2.0,0.16,0.14,Normal,,125/162,Common,Colorless,50,Basic,"[1] Call for Pals
<br>Search your deck for as many Starly as you like and put them onto your Bench. Shuffle your deck afterwards.",Lx2,F-20,1,,
107244,Starly,Starly,https://tcgplayer-cdn.tcgplayer.com/product/107244_200w.jpg,3,1661,https://cpt.tcgcsv.com/VVS,2022-12-29T16:00:19.323,1,0.1,0.33,1.49,0.3,,Reverse Holofoil,,125/162,Common,Colorless,50,Basic,"[1] Call for Pals
<br>Search your deck for as many Starly as you like and put them onto your Bench. Shuffle your deck afterwards.",Lx2,F-20,1,,
107245,Staravia,Staravia,https://tcgplayer-cdn.tcgplayer.com/product/107245_200w.jpg,3,1661,https://cpt.tcgcsv.com/WVS,2025-02-05T21:20:34.247,1,0.05,0.2,1.49,0.16,,Normal,,126/162,Uncommon,Colorless,80,Stage 1,[1] Glide (20),Lx2,F-20,1,"[2] Quick Attack (30+)
<br>Flip a coin. If heads, this attack does 10 more damage.",
107245,Staravia,Staravia,https://tcgplayer-cdn.tcgplayer.com/product/107245_200w.jpg,3,1661,https://cpt.tcgcsv.com/WVS,2025-02-05T21:20:34.247,1,0.18,0.36,1.56,0.36,,Reverse Holofoil,,126/162,Uncommon,Colorless,80,Stage 1,[1] Glide (20),Lx2,F-20,1,"[2] Quick Attack (30+)
<br>Flip a coin. If heads, this attack does 10 more damage.",
107246,Staraptor,Staraptor,https://tcgplayer-cdn.tcgplayer.com/product/107246_200w.jpg,3,1661,https://cpt.tcgcsv.com/XVS,2022-12-15T19:13:03.563,1,0.07,0.3,2.0,0.29,,Normal,,127/162,Rare,Colorless,140,Stage 2,"[2] Cyclone Slash (70)
<br>Before doing damage, have your opponent switch his or her Active Pokémon with 1 of his or her Benched Pokémon.",Lx2,F-20,1,"[3] Brave Bird (120)
<br>This Pokémon does 20 damage to itself.",
107246,Staraptor,Staraptor,https://tcgplayer-cdn.tcgplayer.com/product/107246_200w.jpg,3,1661,https://cpt.tcgcsv.com/XVS,2022-12-15T19:13:03.563,1,0.18,0.5,3.84,0.51,,Reverse Holofoil,,127/162,Rare,Colorless,140,Stage 2,"[2] Cyclone Slash (70)
<br>Before doing damage, have your opponent switch his or her Active Pokémon with 1 of his or her Benched Pokémon.",Lx2,F-20,1,"[3] Brave Bird (120)
<br>This Pokémon does 20 damage to itself.",
107247,Chatot,Chatot,https://tcgplayer-cdn.tcgplayer.com/product/107247_200w.jpg,3,1661,https://cpt.tcgcsv.com/ZVS,2025-02-05T21:20:34.307,1,0.05,0.25,1.49,0.24,,Normal,,128/162,Rare,Colorless,70,Basic,"[1] Sing
<br>Your opponent's Active Pokémon is now Asleep.",Lx2,F-20,1,"[2] Aerial Ace (10+)
<br>Flip a coin. If heads, this attack does 30 more damage.",
107247,Chatot,Chatot,https://tcgplayer-cdn.tcgplayer.com/product/107247_200w.jpg,3,1661,https://cpt.tcgcsv.com/ZVS,2025-02-05T21:20:34.307,1,0.23,0.45,1.98,0.46,,Reverse Holofoil,,128/162,Rare,Colorless,70,Basic,"[1] Sing
<br>Your opponent's Active Pokémon is now Asleep.",Lx2,F-20,1,"[2] Aerial Ace (10+)
<br>Flip a coin. If heads, this attack does 30 more damage.",
107248,Rufflet,Rufflet,https://tcgplayer-cdn.tcgplayer.com/product/107248_200w.jpg,3,1661,https://cpt.tcgcsv.com/-VS,2025-02-05T21:20:34.367,1,0.04,0.21,1.49,0.21,,Normal,,129/162,Common,Colorless,50,Basic,[2] Peck (30),Lx2,F-20,1,,
107248,Rufflet,Rufflet,https://tcgplayer-cdn.tcgplayer.com/product/107248_200w.jpg,3,1661,https://cpt.tcgcsv.com/-VS,2025-02-05T21:20:34.367,1,0.17,0.49,1.69,0.49,,Reverse Holofoil,,129/162,Common,Colorless,50,Basic,[2] Peck (30),Lx2,F-20,1,,
107249,Braviary,Braviary,https://tcgplayer-cdn.tcgplayer.com/product/107249_200w.jpg,3,1661,https://cpt.tcgcsv.com/_VS,2025-02-05T21:20:34.417,1,0.1,0.26,3.25,0.26,0.23,Normal,,130/162,Rare,Colorless,100,Stage 1,[2] Wing Attack (30),Lx2,F-20,2,"[4] Dual Cut (80x)
<br>Flip 2 coins. This attack does 80 damage times the number of heads.",
107249,Braviary,Braviary,https://tcgplayer-cdn.tcgplayer.com/product/107249_200w.jpg,3,1661,https://cpt.tcgcsv.com/_VS,2025-02-05T21:20:34.417,1,0.23,0.48,3.63,0.44,,Reverse Holofoil,,130/162,Rare,Colorless,100,Stage 1,[2] Wing Attack (30),Lx2,F-20,2,"[4] Dual Cut (80x)
<br>Flip 2 coins. This attack does 80 damage times the number of heads.",
107250,Noibat (131),Noibat 131,https://tcgplayer-cdn.tcgplayer.com/product/107250_200w.jpg,3,1661,https://cpt.tcgcsv.com/0WS,2022-12-15T19:13:47.303,1,0.01,0.2,1.49,0.15,0.07,Normal,,131/162,Common,Colorless,50,Basic,"[1] Blot (10)
<br>Heal 10 damage from this Pokémon.",Lx2,F-20,1,,
107250,Noibat (131),Noibat 131,https://tcgplayer-cdn.tcgplayer.com/product/107250_200w.jpg,3,1661,https://cpt.tcgcsv.com/0WS,2022-12-15T19:13:47.303,1,0.19,0.35,2.0,0.33,0.37,Reverse Holofoil,,131/162,Common,Colorless,50,Basic,"[1] Blot (10)
<br>Heal 10 damage from this Pokémon.",Lx2,F-20,1,,
107251,Noibat (132),Noibat 132,https://tcgplayer-cdn.tcgplayer.com/product/107251_200w.jpg,3,1661,https://cpt.tcgcsv.com/2WS,2022-12-15T19:13:58.113,1,0.05,0.19,1.49,0.17,,Normal,,132/162,Common,Colorless,60,Basic,"[1] Mysterious Beam 
<br>Flip a coin. If heads, discard an Energy attached to your opponent's Active Pokémon.",Lx2,F-20,1,[2] Gust (20),
107251,Noibat (132),Noibat 132,https://tcgplayer-cdn.tcgplayer.com/product/107251_200w.jpg,3,1661,https://cpt.tcgcsv.com/2WS,2022-12-15T19:13:58.113,1,0.2,0.45,1.59,0.5,,Reverse Holofoil,,132/162,Common,Colorless,60,Basic,"[1] Mysterious Beam 
<br>Flip a coin. If heads, discard an Energy attached to your opponent's Active Pokémon.",Lx2,F-20,1,[2] Gust (20),
107252,Assault Vest,Assault Vest,https://tcgplayer-cdn.tcgplayer.com/product/107252_200w.jpg,3,1661,https://cpt.tcgcsv.com/3WS,2022-12-15T19:14:18.95,1,0.03,0.2,1.49,0.16,0.07,Normal,"<em>Attach a Pokémon Tool to 1 of your Pokémon that doesn't already have a Pokémon Tool attached to it.</em>
<br>
<br>Any damage done to the Pokémon this card is attached to by attacks from your opponent's Pokémon that have any Special Energy attached to them is reduced by 40 <em>(after applying Weakness and Resistance).
<br>
<br>You may play as many Item cards as you like during your turn (before your attack).</em>",133/162,Uncommon,Tool,,,,,,,,
107252,Assault Vest,Assault Vest,https://tcgplayer-cdn.tcgplayer.com/product/107252_200w.jpg,3,1661,https://cpt.tcgcsv.com/3WS,2022-12-15T19:14:18.95,1,0.11,0.36,2.0,0.31,,Reverse Holofoil,"<em>Attach a Pokémon Tool to 1 of your Pokémon that doesn't already have a Pokémon Tool attached to it.</em>
<br>
<br>Any damage done to the Pokémon this card is attached to by attacks from your opponent's Pokémon that have any Special Energy attached to them is reduced by 40 <em>(after applying Weakness and Resistance).
<br>
<br>You may play as many Item cards as you like during your turn (before your attack).</em>",133/162,Uncommon,Tool,,,,,,,,
107253,Brigette,Brigette,https://tcgplayer-cdn.tcgplayer.com/product/107253_200w.jpg,3,1661,https://cpt.tcgcsv.com/5WS,2022-12-15T19:14:30.493,1,0.2,1.13,8.98,1.08,0.73,Normal,"Search your deck for 1 Basic Pokémon-EX, or 3 Basic Pokémon (except for Pokémon-EX, and put them onto your Bench. Shuffle your deck afterward.
<br>
<br><em>You may play only 1 Supporter card during your turn (before your attack)</em>",134/162,Uncommon,Supporter,,,,,,,,
107253,Brigette,Brigette,https://tcgplayer-cdn.tcgplayer.com/product/107253_200w.jpg,3,1661,https://cpt.tcgcsv.com/5WS,2022-12-15T19:14:30.493,1,0.82,2.74,9.98,3.04,1.9,Reverse Holofoil,"Search your deck for 1 Basic Pokémon-EX, or 3 Basic Pokémon (except for Pokémon-EX, and put them onto your Bench. Shuffle your deck afterward.
<br>
<br><em>You may play only 1 Supporter card during your turn (before your attack)</em>",134/162,Uncommon,Supporter,,,,,,,,
107254,Fisherman,Fisherman,https://tcgplayer-cdn.tcgplayer.com/product/107254_200w.jpg,3,1661,https://cpt.tcgcsv.com/6WS,2023-02-23T14:22:41.393,1,0.05,0.25,2.35,0.22,,Normal,"Put 4 Basic Energy cards from your discard pile into your hand.
<br>
<br><em>You may play only 1 Supporter card during your turn (before your attack)</em>",136/162,Uncommon,Supporter,,,,,,,,
107254,Fisherman,Fisherman,https://tcgplayer-cdn.tcgplayer.com/product/107254_200w.jpg,3,1661,https://cpt.tcgcsv.com/6WS,2023-02-23T14:22:41.393,1,0.2,0.41,2.1,0.39,,Reverse Holofoil,"Put 4 Basic Energy cards from your discard pile into your hand.
<br>
<br><em>You may play only 1 Supporter card during your turn (before your attack)</em>",136/162,Uncommon,Supporter,,,,,,,,
107255,Buddy-Buddy Rescue,Buddy Buddy Rescue,https://tcgplayer-cdn.tcgplayer.com/product/107255_200w.jpg,3,1661,https://cpt.tcgcsv.com/7WS,2025-02-05T21:20:34.463,1,0.03,0.23,1.62,0.21,,Normal,Each player puts a Pokémon from his or her discard pile into his or her hand. (Your opponent chooses first.),135/162,Uncommon,Item,,,,,,,,
107255,Buddy-Buddy Rescue,Buddy Buddy Rescue,https://tcgplayer-cdn.tcgplayer.com/product/107255_200w.jpg,3,1661,https://cpt.tcgcsv.com/7WS,2025-02-05T21:20:34.463,1,0.1,0.43,2.0,0.41,,Reverse Holofoil,Each player puts a Pokémon from his or her discard pile into his or her hand. (Your opponent chooses first.),135/162,Uncommon,Item,,,,,,,,
107256,Float Stone,Float Stone,https://tcgplayer-cdn.tcgplayer.com/product/107256_200w.jpg,3,1661,https://cpt.tcgcsv.com/8WS,2025-05-29T13:14:06.84,1,2.5,5.78,10.0,5.78,5.99,Normal,"<em>Attach a Pokémon Tool to 1 of your Pokémon that doesn't already have a Pokémon Tool attached to it.</em>
<br>
<br>The Pokémon this card is attached to has no Retreat Cost.",137/162,Uncommon,Tool,,,,,,,,
107256,Float Stone,Float Stone,https://tcgplayer-cdn.tcgplayer.com/product/107256_200w.jpg,3,1661,https://cpt.tcgcsv.com/8WS,2025-05-29T13:14:06.84,1,3.0,6.47,19.99,6.47,,Reverse Holofoil,"<em>Attach a Pokémon Tool to 1 of your Pokémon that doesn't already have a Pokémon Tool attached to it.</em>
<br>
<br>The Pokémon this card is attached to has no Retreat Cost.",137/162,Uncommon,Tool,,,,,,,,
107257,Giovanni's Scheme,Giovannis Scheme,https://tcgplayer-cdn.tcgplayer.com/product/107257_200w.jpg,3,1661,https://cpt.tcgcsv.com/9WS,2025-02-05T21:20:34.527,1,0.06,0.22,2.25,0.2,,Normal,"Choose 1:
<br><b>-</b> Draw cards until you have 5 cards in your hand.
<br><b>-</b> During this turn, your Pokémon's attacks do 20 more damage to your opponent's Active Pokémon <em>(before applying Weakness and Resistance).</em>",138/162,Uncommon,Supporter,,,,,,,,
107257,Giovanni's Scheme,Giovannis Scheme,https://tcgplayer-cdn.tcgplayer.com/product/107257_200w.jpg,3,1661,https://cpt.tcgcsv.com/9WS,2025-02-05T21:20:34.527,1,0.16,0.44,3.23,0.45,,Reverse Holofoil,"Choose 1:
<br><b>-</b> Draw cards until you have 5 cards in your hand.
<br><b>-</b> During this turn, your Pokémon's attacks do 20 more damage to your opponent's Active Pokémon <em>(before applying Weakness and Resistance).</em>",138/162,Uncommon,Supporter,,,,,,,,
107258,Glalie Spirit Link,Glalie Spirit Link,https://tcgplayer-cdn.tcgplayer.com/product/107258_200w.jpg,3,1661,https://cpt.tcgcsv.com/bWS,2023-05-23T20:29:29.597,1,0.03,0.2,1.49,0.21,0.1,Normal,"<em>Attach a Pokémon Tool to 1 of your Pokémon that doesn't already have a Pokémon Tool attached to it.
<br>Your turn does not end if the Pokémon this card is attached to becomes M Glalie-EX.",139/162,Uncommon,Tool,,,,,,,,
107258,Glalie Spirit Link,Glalie Spirit Link,https://tcgplayer-cdn.tcgplayer.com/product/107258_200w.jpg,3,1661,https://cpt.tcgcsv.com/bWS,2023-05-23T20:29:29.597,1,0.15,0.49,1.99,0.49,0.26,Reverse Holofoil,"<em>Attach a Pokémon Tool to 1 of your Pokémon that doesn't already have a Pokémon Tool attached to it.
<br>Your turn does not end if the Pokémon this card is attached to becomes M Glalie-EX.",139/162,Uncommon,Tool,,,,,,,,
107259,Heavy Ball,Heavy Ball,https://tcgplayer-cdn.tcgplayer.com/product/107259_200w.jpg,3,1661,https://cpt.tcgcsv.com/cWS,2025-02-05T21:20:34.59,1,0.24,0.65,4.25,0.63,,Normal,"Search your deck for a Pokemon with a Retreat Cost of 3 or more, reveal it, and put it into your hand.  Shuffle your deck afterward.",140/162,Uncommon,Item,,,,,,,,
107259,Heavy Ball,Heavy Ball,https://tcgplayer-cdn.tcgplayer.com/product/107259_200w.jpg,3,1661,https://cpt.tcgcsv.com/cWS,2025-02-05T21:20:34.59,1,0.5,1.08,3.67,1.11,,Reverse Holofoil,"Search your deck for a Pokemon with a Retreat Cost of 3 or more, reveal it, and put it into your hand.  Shuffle your deck afterward.",140/162,Uncommon,Item,,,,,,,,
107260,Heavy Boots,Heavy Boots,https://tcgplayer-cdn.tcgplayer.com/product/107260_200w.jpg,3,1661,https://cpt.tcgcsv.com/dWS,2025-02-05T21:20:34.637,1,0.02,0.2,1.53,0.15,,Normal,"<em>Attach a Pokémon Tool to 1 of your Pokémon that doesn't already have a Pokémon Tool attached to it.
<br>
<br>If the retreat cost of the Pokémon this card is attached to is 3 or more, that Pokémon gets +20 HP and can't be Confused. (If that Pokémon is currently Confused, remove that Special Condition.)",141/162,Uncommon,Tool,,,,,,,,
107260,Heavy Boots,Heavy Boots,https://tcgplayer-cdn.tcgplayer.com/product/107260_200w.jpg,3,1661,https://cpt.tcgcsv.com/dWS,2025-02-05T21:20:34.637,1,0.05,0.33,1.49,0.46,,Reverse Holofoil,"<em>Attach a Pokémon Tool to 1 of your Pokémon that doesn't already have a Pokémon Tool attached to it.
<br>
<br>If the retreat cost of the Pokémon this card is attached to is 3 or more, that Pokémon gets +20 HP and can't be Confused. (If that Pokémon is currently Confused, remove that Special Condition.)",141/162,Uncommon,Tool,,,,,,,,
107261,Houndoom Spirit Link,Houndoom Spirit Link,https://tcgplayer-cdn.tcgplayer.com/product/107261_200w.jpg,3,1661,https://cpt.tcgcsv.com/fWS,2023-08-09T01:08:49.767,1,0.04,0.24,1.49,0.24,0.09,Normal,"<em>Attach a Pokémon Tool to 1 of your Pokémon that doesn't already have a Pokémon Tool attached to it.
<br>
<br>Your turn does not end if the Pokémon this card is attached to becomes M Houndoom-EX.",142/162,Uncommon,Tool,,,,,,,,
107261,Houndoom Spirit Link,Houndoom Spirit Link,https://tcgplayer-cdn.tcgplayer.com/product/107261_200w.jpg,3,1661,https://cpt.tcgcsv.com/fWS,2023-08-09T01:08:49.767,1,0.2,0.42,2.99,0.43,,Reverse Holofoil,"<em>Attach a Pokémon Tool to 1 of your Pokémon that doesn't already have a Pokémon Tool attached to it.
<br>
<br>Your turn does not end if the Pokémon this card is attached to becomes M Houndoom-EX.",142/162,Uncommon,Tool,,,,,,,,
107262,Mewtwo Spirit Link,Mewtwo Spirit Link,https://tcgplayer-cdn.tcgplayer.com/product/107262_200w.jpg,3,1661,https://cpt.tcgcsv.com/gWS,2025-02-05T21:20:34.7,1,0.1,0.3,1.99,0.32,,Normal,"<em>Attach a Pokémon Tool to 1 of your Pokémon that doesn't already have a Pokémon Tool attached to it.
<br>
<br>Your turn does not end if the Pokémon this card is attached to becomes M Mewtwo EX.",144/162,Uncommon,Tool,,,,,,,,
107262,Mewtwo Spirit Link,Mewtwo Spirit Link,https://tcgplayer-cdn.tcgplayer.com/product/107262_200w.jpg,3,1661,https://cpt.tcgcsv.com/gWS,2025-02-05T21:20:34.7,1,0.45,0.7,9.99,1.81,,Reverse Holofoil,"<em>Attach a Pokémon Tool to 1 of your Pokémon that doesn't already have a Pokémon Tool attached to it.
<br>
<br>Your turn does not end if the Pokémon this card is attached to becomes M Mewtwo EX.",144/162,Uncommon,Tool,,,,,,,,
107263,Judge,Judge,https://tcgplayer-cdn.tcgplayer.com/product/107263_200w.jpg,3,1661,https://cpt.tcgcsv.com/hWS,2025-02-05T21:20:34.76,1,0.05,0.3,2.19,0.32,0.18,Normal,"Each player shuffles his or her hand into his or her deck and draws 4 cards.
<br>
<br><em>You can play only one Supporter card each turn. When you play this card, put it next to your Active Pokémon. When your turn ends, discard this card.",143/162,Uncommon,Supporter,,,,,,,,
107263,Judge,Judge,https://tcgplayer-cdn.tcgplayer.com/product/107263_200w.jpg,3,1661,https://cpt.tcgcsv.com/hWS,2025-02-05T21:20:34.76,1,0.4,1.19,4.95,1.2,,Reverse Holofoil,"Each player shuffles his or her hand into his or her deck and draws 4 cards.
<br>
<br><em>You can play only one Supporter card each turn. When you play this card, put it next to your Active Pokémon. When your turn ends, discard this card.",143/162,Uncommon,Supporter,,,,,,,,
107264,Parallel City,Parallel City,https://tcgplayer-cdn.tcgplayer.com/product/107264_200w.jpg,3,1661,https://cpt.tcgcsv.com/jWS,2023-07-08T15:45:16.97,1,1.0,2.83,5.94,3.13,4.95,Normal,"<b>BLUE SIDE:</b>
<br>This card may be placed either way up when played. The player on this side of the card can only have 3 Pokémon on his or her Bench. <em>(When this card enters play, this player discards Benched Pokémon until he or she has 3 Pokémon on the Bench.)</em>
<br>
<br><b>RED SIDE:</b>
<br>This card may be placed either way up when played. The attacks of each Grass, Fire, and Water Pokémon on this player's side do 20 less damage <em>(before applying Weakness and Resistance).</em>",145/162,Uncommon,Stadium,,,,,,,,
107264,Parallel City,Parallel City,https://tcgplayer-cdn.tcgplayer.com/product/107264_200w.jpg,3,1661,https://cpt.tcgcsv.com/jWS,2023-07-08T15:45:16.97,1,2.25,2.99,4.39,2.94,,Reverse Holofoil,"<b>BLUE SIDE:</b>
<br>This card may be placed either way up when played. The player on this side of the card can only have 3 Pokémon on his or her Bench. <em>(When this card enters play, this player discards Benched Pokémon until he or she has 3 Pokémon on the Bench.)</em>
<br>
<br><b>RED SIDE:</b>
<br>This card may be placed either way up when played. The attacks of each Grass, Fire, and Water Pokémon on this player's side do 20 less damage <em>(before applying Weakness and Resistance).</em>",145/162,Uncommon,Stadium,,,,,,,,
107265,Professor's Letter,Professors Letter,https://tcgplayer-cdn.tcgplayer.com/product/107265_200w.jpg,3,1661,https://cpt.tcgcsv.com/kWS,2022-12-25T05:28:35.257,1,0.05,0.33,2.0,0.39,0.25,Normal,"Search your deck for up to 2 basic Energy cards, reveal them, and put them into your hand. Shuffle your deck afterward.",146/162,Uncommon,Item,,,,,,,,
107265,Professor's Letter,Professors Letter,https://tcgplayer-cdn.tcgplayer.com/product/107265_200w.jpg,3,1661,https://cpt.tcgcsv.com/kWS,2022-12-25T05:28:35.257,1,0.54,1.0,9.99,1.05,,Reverse Holofoil,"Search your deck for up to 2 basic Energy cards, reveal them, and put them into your hand. Shuffle your deck afterward.",146/162,Uncommon,Item,,,,,,,,
107266,Skyla,Skyla,https://tcgplayer-cdn.tcgplayer.com/product/107266_200w.jpg,3,1661,https://cpt.tcgcsv.com/lWS,2025-04-14T13:24:36.403,1,0.02,0.25,2.0,0.32,0.19,Normal,"Search you deck for a Trainer card, reveal it, and put it into your hand.  Shuffle your deck afterward.
<br>
<br><em>You may play only 1 Supporter card during your turn (before your attack).",148/162,Uncommon,Supporter,,,,,,,,
107266,Skyla,Skyla,https://tcgplayer-cdn.tcgplayer.com/product/107266_200w.jpg,3,1661,https://cpt.tcgcsv.com/lWS,2025-04-14T13:24:36.403,1,0.25,0.56,2.99,0.66,,Reverse Holofoil,"Search you deck for a Trainer card, reveal it, and put it into your hand.  Shuffle your deck afterward.
<br>
<br><em>You may play only 1 Supporter card during your turn (before your attack).",148/162,Uncommon,Supporter,,,,,,,,
107267,Super Rod,Super Rod,https://tcgplayer-cdn.tcgplayer.com/product/107267_200w.jpg,3,1661,https://cpt.tcgcsv.com/mWS,2025-06-08T11:48:44.297,1,0.43,1.25,5.98,1.56,1.19,Normal,Shuffle 3 in any combination of Pokémon and basic Energy cards from your discard pile back into your deck.,149/162,Uncommon,Item,,,,,,,,
107267,Super Rod,Super Rod,https://tcgplayer-cdn.tcgplayer.com/product/107267_200w.jpg,3,1661,https://cpt.tcgcsv.com/mWS,2025-06-08T11:48:44.297,1,1.97,3.7,269.1,3.7,4.81,Reverse Holofoil,Shuffle 3 in any combination of Pokémon and basic Energy cards from your discard pile back into your deck.,149/162,Uncommon,Item,,,,,,,,
107268,Reserved Ticket,Reserved Ticket,https://tcgplayer-cdn.tcgplayer.com/product/107268_200w.jpg,3,1661,https://cpt.tcgcsv.com/nWS,2025-02-05T21:20:34.887,1,0.05,0.2,2.0,0.16,,Normal,"Flip a coin. If heads, search your deck for 1 card and shuffle your deck. Put that card on top of your deck.",147/162,Uncommon,Item,,,,,,,,
107268,Reserved Ticket,Reserved Ticket,https://tcgplayer-cdn.tcgplayer.com/product/107268_200w.jpg,3,1661,https://cpt.tcgcsv.com/nWS,2025-02-05T21:20:34.887,1,0.12,0.36,5.0,0.38,0.23,Reverse Holofoil,"Flip a coin. If heads, search your deck for 1 card and shuffle your deck. Put that card on top of your deck.",147/162,Uncommon,Item,,,,,,,,
107269,Town Map,Town Map,https://tcgplayer-cdn.tcgplayer.com/product/107269_200w.jpg,3,1661,https://cpt.tcgcsv.com/pWS,2023-05-03T19:09:54.46,1,1.89,2.92,7.76,3.04,3.49,Normal,Turn all of your Prize cards face up.  <em>(Those Prize cards remain face up for the rest of the game.),150/162,Uncommon,Item,,,,,,,,
107269,Town Map,Town Map,https://tcgplayer-cdn.tcgplayer.com/product/107269_200w.jpg,3,1661,https://cpt.tcgcsv.com/pWS,2023-05-03T19:09:54.46,1,2.99,4.52,12.59,4.52,,Reverse Holofoil,Turn all of your Prize cards face up.  <em>(Those Prize cards remain face up for the rest of the game.),150/162,Uncommon,Item,,,,,,,,
107270,Burning Energy,Burning Energy,https://tcgplayer-cdn.tcgplayer.com/product/107270_200w.jpg,3,1661,https://cpt.tcgcsv.com/qWS,2024-12-21T16:32:02.307,1,0.39,1.14,8.15,1.02,0.99,Normal,"This card can only be attached to Fire Pokémon. This card provides Fire Energy only while this card is attached to a Fire Pokémon.
<br>If this card is discarded by an effect of an attack from the Fire Pokémon this card is attached to, reattach it to that Pokémon.
<em><br>(If this card is attached to anything other than a Fire Pokémon, discard this card.)</em>",151/162,Uncommon,Special Fire Energy,,,,,,,,
107270,Burning Energy,Burning Energy,https://tcgplayer-cdn.tcgplayer.com/product/107270_200w.jpg,3,1661,https://cpt.tcgcsv.com/qWS,2024-12-21T16:32:02.307,1,1.1,2.01,4.99,1.97,1.99,Reverse Holofoil,"This card can only be attached to Fire Pokémon. This card provides Fire Energy only while this card is attached to a Fire Pokémon.
<br>If this card is discarded by an effect of an attack from the Fire Pokémon this card is attached to, reattach it to that Pokémon.
<em><br>(If this card is attached to anything other than a Fire Pokémon, discard this card.)</em>",151/162,Uncommon,Special Fire Energy,,,,,,,,
107271,Rainbow Energy,Rainbow Energy,https://tcgplayer-cdn.tcgplayer.com/product/107271_200w.jpg,3,1661,https://cpt.tcgcsv.com/rWS,2024-11-05T13:06:13.08,1,0.09,0.35,1.54,0.35,,Normal,"This card provides Colorless Energy. While in play, this card provides every type of energy but provides only 1 Energy at a time. When you attach this card from your hand to 1 of your Pokémon, put 1 damage counter on that Pokémon.",152/162,Uncommon,Special Colorless Energy,,,,,,,,
107271,Rainbow Energy,Rainbow Energy,https://tcgplayer-cdn.tcgplayer.com/product/107271_200w.jpg,3,1661,https://cpt.tcgcsv.com/rWS,2024-11-05T13:06:13.08,1,0.3,0.65,4.6,0.64,,Reverse Holofoil,"This card provides Colorless Energy. While in play, this card provides every type of energy but provides only 1 Energy at a time. When you attach this card from your hand to 1 of your Pokémon, put 1 damage counter on that Pokémon.",152/162,Uncommon,Special Colorless Energy,,,,,,,,
107272,Houndoom EX (Full Art),Houndoom EX Full Art,https://tcgplayer-cdn.tcgplayer.com/product/107272_200w.jpg,3,1661,https://cpt.tcgcsv.com/sWS,2024-09-11T08:47:57.943,1,20.0,42.24,50.51,30.85,38.24,Holofoil,,153/162,Ultra Rare,Fire,170,Basic,"[R] Melting Horn
<br>Discard the top 2 cards of your opponent's deck.",Wx2,None,2,"[RR] Grand Flame (50)
<br>Attach a Fire Energy card from your discard pile to 1 of your Benched Pokemon.",
107273,M Houndoom EX (Full Art),M Houndoom EX Full Art,https://tcgplayer-cdn.tcgplayer.com/product/107273_200w.jpg,3,1661,https://cpt.tcgcsv.com/tWS,2024-07-08T09:28:09.077,1,45.0,68.99,300.0,73.35,,Holofoil,,154/162,Ultra Rare,Fire,210,Mega,"[RR] Inferno Fang (80+)
<br>You may discard all Fire Energy attached to this Pokemon. If you do, this attack does 80 more damage.",Wx2,None,1,,
107274,Glalie EX (Full Art),Glalie EX Full Art,https://tcgplayer-cdn.tcgplayer.com/product/107274_200w.jpg,3,1661,https://cpt.tcgcsv.com/vWS,2025-01-13T22:21:45.307,1,6.85,12.51,29.99,12.91,4.52,Holofoil,,155/162,Ultra Rare,Water,170,Basic,"[W] Ice Breath
<br>Flip a coin. If heads, your opponent's Active Pokémon is now Paralyzed.",Mx2,None,3,"[2W] Instant Cooling (50+)
<br>If you have the same number of cards in your hand as your opponent, this attack does 100 more damage.",
107275,M Glalie EX (Full Art),M Glalie EX Full Art,https://tcgplayer-cdn.tcgplayer.com/product/107275_200w.jpg,3,1661,https://cpt.tcgcsv.com/wWS,2023-06-23T14:14:07.453,1,15.5,27.3,74.99,30.93,24.48,Holofoil,,156/162,Ultra Rare,Water,170,Basic,"[2W] Cyromouth (100+)
<br>If this Pokémon has 10 or more damage counters on it, this attack does 150 more damage.",Mx2,None,3,,
107276,M Mewtwo EX (159 Full Art),M Mewtwo EX 159 Full Art,https://tcgplayer-cdn.tcgplayer.com/product/107276_200w.jpg,3,1661,https://cpt.tcgcsv.com/xWS,2022-12-15T19:19:30.243,1,62.98,85.0,180.32,122.32,,Holofoil,,159/162,Ultra Rare,Psychic,230,Mega,"[1PFF] Vanishing Strike  (150+)
<br>If there is any Stadium card in play, this attack does 50 more damage, and this attack's damage isn't affected by Resistance or any effects on your opponent's Active Pokémon.",Dx2,None,3,,
107277,Mewtwo EX (157 Full Art),Mewtwo EX 157 Full Art,https://tcgplayer-cdn.tcgplayer.com/product/107277_200w.jpg,3,1661,https://cpt.tcgcsv.com/zWS,2022-12-15T19:19:03.223,1,34.96,47.0,95.99,46.6,39.16,Holofoil,,157/162,Ultra Rare,Psychic,170,Basic,"[2] Photon Wave (30)
<br>During your opponent's next turn, any damage done by attacks from the Defending Pokémon is reduced by 30 <i>(before applying Weakness and Resistance).</i>",Dx2,None,2,[2PP] Psyburn (120),
107278,Mewtwo EX (158 Full Art),Mewtwo EX 158 Full Art,https://tcgplayer-cdn.tcgplayer.com/product/107278_200w.jpg,3,1661,https://cpt.tcgcsv.com/BWS,2023-06-23T14:12:38.177,1,49.0,64.46,103.26,63.07,29.99,Holofoil,,158/162,Ultra Rare,Psychic,170,Basic,"[1] Shatter Shot (30x)
<br>This attack does 30 damage times the number of Psychic Energy cards attached to this Pokémon.",Dx2,None,2,"[1PP] Damage Change
<br>Switch the number of damage counters on this Pokémon with the number of damage counters on the opponent's Active Pokémon.",
107279,M Mewtwo EX (160 Full Art),M Mewtwo EX 160 Full Art,https://tcgplayer-cdn.tcgplayer.com/product/107279_200w.jpg,3,1661,https://cpt.tcgcsv.com/CWS,2023-04-25T14:43:41.51,1,150.0,183.0,295.0,169.33,,Holofoil,,160/162,Ultra Rare,Psychic,210,Mega,"[2] Psychic Infinity (10+)
<br>This attack does 30 more damage times the amount of Energy attached to both Active Pokémon. This attack's damage isn't affected by Weakness.",Dx2,None,2,,
107280,Brigette (Full Art),Brigette Full Art,https://tcgplayer-cdn.tcgplayer.com/product/107280_200w.jpg,3,1661,https://cpt.tcgcsv.com/DWS,2023-05-27T11:34:19.307,1,20.0,33.41,48.1,33.34,30.94,Holofoil,"Search your deck for 1 Basic Pokémon-EX, or 3 Basic Pokémon (except for Pokémon-EX, and put them onto your Bench. Shuffle your deck afterward.
<br>
<br><em>You may play only 1 Supporter card during your turn (before your attack)</em>",161/162,Ultra Rare,Supporter,,,,,,,,
107281,Giovanni's Scheme (Full Art),Giovannis Scheme Full Art,https://tcgplayer-cdn.tcgplayer.com/product/107281_200w.jpg,3,1661,https://cpt.tcgcsv.com/FWS,2023-05-21T08:31:10.507,1,9.99,18.4,89.99,17.33,,Holofoil,"Choose 1:
<br><b>-</b> Draw cards until you have 5 cards in your hand.
<br><b>-</b> During this turn, your Pokémon's attacks do 20 more damage to your opponent's Active Pokémon <em>(before applying Weakness and Resistance).</em>",162/162,Ultra Rare,Supporter,,,,,,,,
107282,Mewtwo EX (163 Secret Full Art),Mewtwo EX 163 Secret Full Art,https://tcgplayer-cdn.tcgplayer.com/product/107282_200w.jpg,3,1661,https://cpt.tcgcsv.com/GWS,2022-12-15T19:20:01.53,1,110.0,217.24,350.0,216.55,,Holofoil,,163/162,Secret Rare,Psychic,170,Basic,"[2] Photon Wave (30)
<br>During your opponent's next turn, any damage done by attacks from the Defending Pokémon is reduced by 30 <i>(before applying Weakness and Resistance).</i>",Dx2,None,2,[2PP] Psyburn (120),
107283,Mewtwo EX (164 Secret Full Art),Mewtwo EX 164 Secret Full Art,https://tcgplayer-cdn.tcgplayer.com/product/107283_200w.jpg,3,1661,https://cpt.tcgcsv.com/HWS,2022-12-15T19:20:10.827,1,118.0,175.0,350.0,128.78,229.69,Holofoil,,164/162,Secret Rare,Psychic,170,Basic,"[1] Shatter Shot (30x)
<br>This attack does 30 damage times the number of Psychic Energy cards attached to this Pokémon.",Dx2,None,2,"[1PP] Damage Change
<br>Switch the number of damage counters on this Pokémon with the number of damage counters on the opponent's Active Pokémon.",
107666,XY BREAKthrough Booster Pack,XY BREAKthrough Booster Pack,https://tcgplayer-cdn.tcgplayer.com/product/107666_200w.jpg,3,1661,https://cpt.tcgcsv.com/l5T,2015-11-11T18:24:59.507,1,42.99,49.0,51.08,33.22,,Normal,,,,,,,,,,,,
108635,BREAKthrough 3 Pack Blister [Sableye],BREAKthrough 3 Pack Blister Sableye,https://tcgplayer-cdn.tcgplayer.com/product/108635_200w.jpg,3,1661,https://cpt.tcgcsv.com/KsT,2018-10-10T15:51:06.583,1,,,,,,,"Each blister comes with 3 XY—BREAKthrough booster packs, a coin, and a promotional card of Sableye.",,,,,,,,,,,
108636,BREAKthrough 3 Pack Blister [Celebi],BREAKthrough 3 Pack Blister Celebi,https://tcgplayer-cdn.tcgplayer.com/product/108636_200w.jpg,3,1661,https://cpt.tcgcsv.com/LsT,2018-10-10T15:50:51.637,1,,,,,,,"Each blister comes with 3 XY—BREAKthrough booster packs, a coin, and a promotional card of Celebi.",,,,,,,,,,,
108637,BREAKthrough Single Pack Blister [Jirachi],BREAKthrough Single Pack Blister Jirachi,https://tcgplayer-cdn.tcgplayer.com/product/108637_200w.jpg,3,1661,https://cpt.tcgcsv.com/MsT,2018-10-10T15:49:46.77,1,150.0,150.0,150.0,,,Normal,"Each blister comes with 1 XY—BREAKthrough booster packs, a coin, and a promotional card of Jirachi.",,,,,,,,,,,
108638,BREAKthrough Single Pack Blister [Hawlucha],BREAKthrough Single Pack Blister Hawlucha,https://tcgplayer-cdn.tcgplayer.com/product/108638_200w.jpg,3,1661,https://cpt.tcgcsv.com/NsT,2018-10-10T15:48:05.18,1,,,,,,,"Each blister comes with 1 XY—BREAKthrough booster packs, a coin, and a promotional card of Hawlucha.",,,,,,,,,,,
117274,Break Evolution Box [Empoleon],Break Evolution Box Empoleon,https://tcgplayer-cdn.tcgplayer.com/product/117274_200w.jpg,3,1661,https://cpt.tcgcsv.com/vWX,2016-04-07T17:39:45.12,1,,,,,,,,,,,,,,,,,,
117275,BREAKthrough Collector Pin 3 Pack Blister [Mega Blaziken],BREAKthrough Collector Pin 3 Pack Blister Mega Blaziken,https://tcgplayer-cdn.tcgplayer.com/product/117275_200w.jpg,3,1661,https://cpt.tcgcsv.com/wWX,2018-10-10T15:45:12.303,1,249.0,249.0,249.0,199.98,,Normal,Each blister comes with 3 XY—BREAKpoint booster packs and a collectible pin of Mega Blaziken!,,,,,,,,,,,
117276,BREAKthrough Collector Pin 3 Pack Blister [Mega Swampert],BREAKthrough Collector Pin 3 Pack Blister Mega Swampert,https://tcgplayer-cdn.tcgplayer.com/product/117276_200w.jpg,3,1661,https://cpt.tcgcsv.com/xWX,2018-10-10T15:45:16.943,1,,,,,,,Each blister comes with 3 XY—BREAKpoint booster packs and a collectible pin of Mega Swampert!,,,,,,,,,,,
117277,Mega Aerodactyl EX Premium Collection,Mega Aerodactyl EX Premium Collection,https://tcgplayer-cdn.tcgplayer.com/product/117277_200w.jpg,3,1661,https://cpt.tcgcsv.com/zWX,2016-04-07T17:42:47.477,1,699.99,699.99,699.99,,,Normal,,,,,,,,,,,,
117278,Aurorus EX Box,Aurorus EX Box,https://tcgplayer-cdn.tcgplayer.com/product/117278_200w.jpg,3,1661,https://cpt.tcgcsv.com/BWX,2016-04-07T17:43:33.033,1,535.0,535.0,535.0,,,Normal,,,,,,,,,,,,
228154,XY 3 Pack Blister [Yveltal],XY 3 Pack Blister Yveltal,https://tcgplayer-cdn.tcgplayer.com/product/228154_200w.jpg,3,1661,https://cpt.tcgcsv.com/6hR2,2020-11-17T14:06:57.68,1,,,,,,,"Each blister comes with 3 XY booster packs, a coin, and a promotional card of Yveltal.
<br>• Each booster pack contains 10 cards.
<br><em>Cards vary by pack. Packs and coin may vary by product.</em>",,,,,,,,,,,
228155,XY 3 Pack Blister [Xerneas],XY 3 Pack Blister Xerneas,https://tcgplayer-cdn.tcgplayer.com/product/228155_200w.jpg,3,1661,https://cpt.tcgcsv.com/7hR2,2020-11-17T14:07:01.727,1,,,,,,,"Each blister comes with 3 XY booster packs, a coin, and a promotional card of Xerneas.
<br>• Each booster pack contains 10 cards.
<br><em>Cards vary by pack. Packs and coin may vary by product.</em>",,,,,,,,,,,
229477,XY BREAKthrough Pin Collection [Zoroark],XY BREAKthrough Pin Collection Zoroark,https://tcgplayer-cdn.tcgplayer.com/product/229477_200w.jpg,3,1661,https://cpt.tcgcsv.com/zPR2,2020-12-23T21:47:26.05,1,,,,,,,"Each XY BREAKthrough Pin Collection [Zoroark] contains:
<br>• 3 XY BREAKthrough Booster Packs
<br>• 1 Collector's pin of Zoroark",,,,,,,,,,,
257522,Code Card - XY BREAKthrough Booster Pack,Code Card XY BREAKthrough Booster Pack,https://tcgplayer-cdn.tcgplayer.com/product/257522_200w.jpg,3,1661,https://cpt.tcgcsv.com/s053,2022-07-20T19:26:41.58,1,0.03,0.1,1.0,0.06,,Normal,"This listing is <strong>not</strong> a physical item. Please keep in mind that this <strong>Code Card</strong> listing represents a digital copy of the stated item for the Pokémon TCG Online <strong>and/or</strong> the Pokémon TCG Live games. You may receive the physical <strong>Code Card</strong>. Upon purchase, please work with your specific Seller by sending them a message using the <strong>Contact Seller</strong> button on the order details in your <a href=https://store.tcgplayer.com/myaccount/orderhistory>Order History</a> to opt in to having your <strong>Code Card</strong> code delivered digitally due to the nature of the product.",,Code Card,,,,,,,,,
276596,BREAKthrough Sleeved Booster Pack Art Bundle [Set of 4],BREAKthrough Sleeved Booster Pack Art Bundle Set of 4,https://tcgplayer-cdn.tcgplayer.com/product/276596_200w.jpg,3,1661,https://cpt.tcgcsv.com/XFd3,2022-06-20T19:40:25.463,1,,,,,,,"Collect each of the 4 unique art packs for BREAKthrough.
<br>Each BREAKthrough sleeved booster pack contains 10 random cards.",,,,,,,,,,,
280330,Code Card - Aurorus EX Box,Code Card Aurorus EX Box,https://tcgplayer-cdn.tcgplayer.com/product/280330_200w.jpg,3,1661,https://cpt.tcgcsv.com/D8g3,2022-07-27T19:33:20.703,1,2.25,3.62,4.99,,,Normal,"This listing is <strong>not</strong> a physical item. Please keep in mind that this <strong>Code Card</strong> listing represents a digital copy of the stated item for the Pokémon TCG Online <strong>and/or</strong> the Pokémon TCG Live games. You may receive the physical <strong>Code Card</strong>. Upon purchase, please work with your specific Seller by sending them a message using the <strong>Contact Seller</strong> button on the order details in your <a href=https://store.tcgplayer.com/myaccount/orderhistory>Order History</a> to opt in to having your <strong>Code Card</strong> code delivered digitally due to the nature of the product.",,Code Card,,,,,,,,,
280331,Code Card - Break Evolution Box [Empoleon],Code Card Break Evolution Box Empoleon,https://tcgplayer-cdn.tcgplayer.com/product/280331_200w.jpg,3,1661,https://cpt.tcgcsv.com/F8g3,2022-07-27T19:33:51.517,1,2.0,4.5,6.99,,,Normal,"This listing is <strong>not</strong> a physical item. Please keep in mind that this <strong>Code Card</strong> listing represents a digital copy of the stated item for the Pokémon TCG Online <strong>and/or</strong> the Pokémon TCG Live games. You may receive the physical <strong>Code Card</strong>. Upon purchase, please work with your specific Seller by sending them a message using the <strong>Contact Seller</strong> button on the order details in your <a href=https://store.tcgplayer.com/myaccount/orderhistory>Order History</a> to opt in to having your <strong>Code Card</strong> code delivered digitally due to the nature of the product.",,Code Card,,,,,,,,,
280332,Code Card - BREAKthrough 3 Pack Blister [Celebi],Code Card BREAKthrough 3 Pack Blister Celebi,https://tcgplayer-cdn.tcgplayer.com/product/280332_200w.jpg,3,1661,https://cpt.tcgcsv.com/G8g3,2022-07-27T19:34:00.09,1,,,,,,,"This listing is <strong>not</strong> a physical item. Please keep in mind that this <strong>Code Card</strong> listing represents a digital copy of the stated item for the Pokémon TCG Online <strong>and/or</strong> the Pokémon TCG Live games. You may receive the physical <strong>Code Card</strong>. Upon purchase, please work with your specific Seller by sending them a message using the <strong>Contact Seller</strong> button on the order details in your <a href=https://store.tcgplayer.com/myaccount/orderhistory>Order History</a> to opt in to having your <strong>Code Card</strong> code delivered digitally due to the nature of the product.",,Code Card,,,,,,,,,
280333,Code Card - BREAKthrough 3 Pack Blister [Sableye],Code Card BREAKthrough 3 Pack Blister Sableye,https://tcgplayer-cdn.tcgplayer.com/product/280333_200w.jpg,3,1661,https://cpt.tcgcsv.com/H8g3,2022-07-27T19:34:10.237,1,,,,,,,"This listing is <strong>not</strong> a physical item. Please keep in mind that this <strong>Code Card</strong> listing represents a digital copy of the stated item for the Pokémon TCG Online <strong>and/or</strong> the Pokémon TCG Live games. You may receive the physical <strong>Code Card</strong>. Upon purchase, please work with your specific Seller by sending them a message using the <strong>Contact Seller</strong> button on the order details in your <a href=https://store.tcgplayer.com/myaccount/orderhistory>Order History</a> to opt in to having your <strong>Code Card</strong> code delivered digitally due to the nature of the product.",,Code Card,,,,,,,,,
280334,Code Card - BREAKthrough Collector Pin 3 Pack Blister [Mega Blaziken],Code Card BREAKthrough Collector Pin 3 Pack Blister Mega Blaziken,https://tcgplayer-cdn.tcgplayer.com/product/280334_200w.jpg,3,1661,https://cpt.tcgcsv.com/J8g3,2022-07-27T19:34:20.453,1,,,,,,,"This listing is <strong>not</strong> a physical item. Please keep in mind that this <strong>Code Card</strong> listing represents a digital copy of the stated item for the Pokémon TCG Online <strong>and/or</strong> the Pokémon TCG Live games. You may receive the physical <strong>Code Card</strong>. Upon purchase, please work with your specific Seller by sending them a message using the <strong>Contact Seller</strong> button on the order details in your <a href=https://store.tcgplayer.com/myaccount/orderhistory>Order History</a> to opt in to having your <strong>Code Card</strong> code delivered digitally due to the nature of the product.",,Code Card,,,,,,,,,
280335,Code Card - BREAKthrough Collector Pin 3 Pack Blister [Mega Swampert],Code Card BREAKthrough Collector Pin 3 Pack Blister Mega Swampert,https://tcgplayer-cdn.tcgplayer.com/product/280335_200w.jpg,3,1661,https://cpt.tcgcsv.com/K8g3,2022-07-27T19:34:40.61,1,,,,,,,"This listing is <strong>not</strong> a physical item. Please keep in mind that this <strong>Code Card</strong> listing represents a digital copy of the stated item for the Pokémon TCG Online <strong>and/or</strong> the Pokémon TCG Live games. You may receive the physical <strong>Code Card</strong>. Upon purchase, please work with your specific Seller by sending them a message using the <strong>Contact Seller</strong> button on the order details in your <a href=https://store.tcgplayer.com/myaccount/orderhistory>Order History</a> to opt in to having your <strong>Code Card</strong> code delivered digitally due to the nature of the product.",,Code Card,,,,,,,,,
280336,Code Card - BREAKthrough Mega Evolution 3 Pin Blister,Code Card BREAKthrough Mega Evolution 3 Pin Blister,https://tcgplayer-cdn.tcgplayer.com/product/280336_200w.jpg,3,1661,https://cpt.tcgcsv.com/L8g3,2022-07-27T19:34:49.13,1,,,,,,,"This listing is <strong>not</strong> a physical item. Please keep in mind that this <strong>Code Card</strong> listing represents a digital copy of the stated item for the Pokémon TCG Online <strong>and/or</strong> the Pokémon TCG Live games. You may receive the physical <strong>Code Card</strong>. Upon purchase, please work with your specific Seller by sending them a message using the <strong>Contact Seller</strong> button on the order details in your <a href=https://store.tcgplayer.com/myaccount/orderhistory>Order History</a> to opt in to having your <strong>Code Card</strong> code delivered digitally due to the nature of the product.",,Code Card,,,,,,,,,
280337,Code Card - BREAKthrough Single Pack Blister [Hawlucha],Code Card BREAKthrough Single Pack Blister Hawlucha,https://tcgplayer-cdn.tcgplayer.com/product/280337_200w.jpg,3,1661,https://cpt.tcgcsv.com/M8g3,2022-07-27T19:35:00.553,1,,,,,,,"This listing is <strong>not</strong> a physical item. Please keep in mind that this <strong>Code Card</strong> listing represents a digital copy of the stated item for the Pokémon TCG Online <strong>and/or</strong> the Pokémon TCG Live games. You may receive the physical <strong>Code Card</strong>. Upon purchase, please work with your specific Seller by sending them a message using the <strong>Contact Seller</strong> button on the order details in your <a href=https://store.tcgplayer.com/myaccount/orderhistory>Order History</a> to opt in to having your <strong>Code Card</strong> code delivered digitally due to the nature of the product.",,Code Card,,,,,,,,,
280338,Code Card - BREAKthrough Single Pack Blister [Jirachi],Code Card BREAKthrough Single Pack Blister Jirachi,https://tcgplayer-cdn.tcgplayer.com/product/280338_200w.jpg,3,1661,https://cpt.tcgcsv.com/N8g3,2022-07-27T19:35:09.407,1,,,,,,,"This listing is <strong>not</strong> a physical item. Please keep in mind that this <strong>Code Card</strong> listing represents a digital copy of the stated item for the Pokémon TCG Online <strong>and/or</strong> the Pokémon TCG Live games. You may receive the physical <strong>Code Card</strong>. Upon purchase, please work with your specific Seller by sending them a message using the <strong>Contact Seller</strong> button on the order details in your <a href=https://store.tcgplayer.com/myaccount/orderhistory>Order History</a> to opt in to having your <strong>Code Card</strong> code delivered digitally due to the nature of the product.",,Code Card,,,,,,,,,
280339,"Code Card - BREAKthrough Theme Deck - ""Burning Spark"" [Raichu]",Code Card BREAKthrough Theme Deck Burning Spark Raichu,https://tcgplayer-cdn.tcgplayer.com/product/280339_200w.jpg,3,1661,https://cpt.tcgcsv.com/P8g3,2022-07-27T19:35:18.76,1,2.0,2.1,2.2,,,Normal,"This listing is <strong>not</strong> a physical item. Please keep in mind that this <strong>Code Card</strong> listing represents a digital copy of the stated item for the Pokémon TCG Online <strong>and/or</strong> the Pokémon TCG Live games. You may receive the physical <strong>Code Card</strong>. Upon purchase, please work with your specific Seller by sending them a message using the <strong>Contact Seller</strong> button on the order details in your <a href=https://store.tcgplayer.com/myaccount/orderhistory>Order History</a> to opt in to having your <strong>Code Card</strong> code delivered digitally due to the nature of the product.",,Code Card,,,,,,,,,
280340,"Code Card - BREAKthrough Theme Deck - ""Night Striker"" [Noivern]",Code Card BREAKthrough Theme Deck Night Striker Noivern,https://tcgplayer-cdn.tcgplayer.com/product/280340_200w.jpg,3,1661,https://cpt.tcgcsv.com/Q8g3,2022-07-27T19:35:29.443,1,0.87,0.87,0.87,,,Normal,"This listing is <strong>not</strong> a physical item. Please keep in mind that this <strong>Code Card</strong> listing represents a digital copy of the stated item for the Pokémon TCG Online <strong>and/or</strong> the Pokémon TCG Live games. You may receive the physical <strong>Code Card</strong>. Upon purchase, please work with your specific Seller by sending them a message using the <strong>Contact Seller</strong> button on the order details in your <a href=https://store.tcgplayer.com/myaccount/orderhistory>Order History</a> to opt in to having your <strong>Code Card</strong> code delivered digitally due to the nature of the product.",,Code Card,,,,,,,,,
280341,Code Card - BREAKthrough Three Pack Pin Blisters [Mega Mewtwo X],Code Card BREAKthrough Three Pack Pin Blisters Mega Mewtwo X,https://tcgplayer-cdn.tcgplayer.com/product/280341_200w.jpg,3,1661,https://cpt.tcgcsv.com/R8g3,2022-07-27T19:35:46.443,1,,,,,,,"This listing is <strong>not</strong> a physical item. Please keep in mind that this <strong>Code Card</strong> listing represents a digital copy of the stated item for the Pokémon TCG Online <strong>and/or</strong> the Pokémon TCG Live games. You may receive the physical <strong>Code Card</strong>. Upon purchase, please work with your specific Seller by sending them a message using the <strong>Contact Seller</strong> button on the order details in your <a href=https://store.tcgplayer.com/myaccount/orderhistory>Order History</a> to opt in to having your <strong>Code Card</strong> code delivered digitally due to the nature of the product.",,Code Card,,,,,,,,,
280342,Code Card - BREAKthrough Three Pack Pin Blisters [Mega Mewtwo Y],Code Card BREAKthrough Three Pack Pin Blisters Mega Mewtwo Y,https://tcgplayer-cdn.tcgplayer.com/product/280342_200w.jpg,3,1661,https://cpt.tcgcsv.com/S8g3,2022-07-27T19:35:55.853,1,,,,,,,"This listing is <strong>not</strong> a physical item. Please keep in mind that this <strong>Code Card</strong> listing represents a digital copy of the stated item for the Pokémon TCG Online <strong>and/or</strong> the Pokémon TCG Live games. You may receive the physical <strong>Code Card</strong>. Upon purchase, please work with your specific Seller by sending them a message using the <strong>Contact Seller</strong> button on the order details in your <a href=https://store.tcgplayer.com/myaccount/orderhistory>Order History</a> to opt in to having your <strong>Code Card</strong> code delivered digitally due to the nature of the product.",,Code Card,,,,,,,,,
280343,Code Card - Elite Trainer Box [Mewtwo X],Code Card Elite Trainer Box Mewtwo X,https://tcgplayer-cdn.tcgplayer.com/product/280343_200w.jpg,3,1661,https://cpt.tcgcsv.com/T8g3,2022-07-27T19:36:04.61,1,8.99,8.99,8.99,,,Normal,"This listing is <strong>not</strong> a physical item. Please keep in mind that this <strong>Code Card</strong> listing represents a digital copy of the stated item for the Pokémon TCG Online <strong>and/or</strong> the Pokémon TCG Live games. You may receive the physical <strong>Code Card</strong>. Upon purchase, please work with your specific Seller by sending them a message using the <strong>Contact Seller</strong> button on the order details in your <a href=https://store.tcgplayer.com/myaccount/orderhistory>Order History</a> to opt in to having your <strong>Code Card</strong> code delivered digitally due to the nature of the product.",,Code Card,,,,,,,,,
280344,Code Card - Elite Trainer Box [Mewtwo Y],Code Card Elite Trainer Box Mewtwo Y,https://tcgplayer-cdn.tcgplayer.com/product/280344_200w.jpg,3,1661,https://cpt.tcgcsv.com/V8g3,2022-07-27T19:36:13.573,1,,,,,,,"This listing is <strong>not</strong> a physical item. Please keep in mind that this <strong>Code Card</strong> listing represents a digital copy of the stated item for the Pokémon TCG Online <strong>and/or</strong> the Pokémon TCG Live games. You may receive the physical <strong>Code Card</strong>. Upon purchase, please work with your specific Seller by sending them a message using the <strong>Contact Seller</strong> button on the order details in your <a href=https://store.tcgplayer.com/myaccount/orderhistory>Order History</a> to opt in to having your <strong>Code Card</strong> code delivered digitally due to the nature of the product.",,Code Card,,,,,,,,,
280345,Code Card - Hoopa EX Legendary Collection,Code Card Hoopa EX Legendary Collection,https://tcgplayer-cdn.tcgplayer.com/product/280345_200w.jpg,3,1661,https://cpt.tcgcsv.com/W8g3,2022-07-27T19:36:24.34,1,1.0,1.48,1.95,0.35,,Normal,"This listing is <strong>not</strong> a physical item. Please keep in mind that this <strong>Code Card</strong> listing represents a digital copy of the stated item for the Pokémon TCG Online <strong>and/or</strong> the Pokémon TCG Live games. You may receive the physical <strong>Code Card</strong>. Upon purchase, please work with your specific Seller by sending them a message using the <strong>Contact Seller</strong> button on the order details in your <a href=https://store.tcgplayer.com/myaccount/orderhistory>Order History</a> to opt in to having your <strong>Code Card</strong> code delivered digitally due to the nature of the product.",,Code Card,,,,,,,,,
280346,Code Card - Mega Aerodactyl EX Premium Collection,Code Card Mega Aerodactyl EX Premium Collection,https://tcgplayer-cdn.tcgplayer.com/product/280346_200w.jpg,3,1661,https://cpt.tcgcsv.com/X8g3,2022-07-27T19:36:34.003,1,1.0,1.75,1.95,,,Normal,"This listing is <strong>not</strong> a physical item. Please keep in mind that this <strong>Code Card</strong> listing represents a digital copy of the stated item for the Pokémon TCG Online <strong>and/or</strong> the Pokémon TCG Live games. You may receive the physical <strong>Code Card</strong>. Upon purchase, please work with your specific Seller by sending them a message using the <strong>Contact Seller</strong> button on the order details in your <a href=https://store.tcgplayer.com/myaccount/orderhistory>Order History</a> to opt in to having your <strong>Code Card</strong> code delivered digitally due to the nature of the product.",,Code Card,,,,,,,,,
280347,Code Card - Mega Blaziken EX Premium CollectionMega Aerodactyl EX Premium Collection,Code Card Mega Blaziken EX Premium CollectionMega Aerodactyl EX Premium Collection,https://tcgplayer-cdn.tcgplayer.com/product/280347_200w.jpg,3,1661,https://cpt.tcgcsv.com/Z8g3,2022-07-27T19:36:43.213,1,9.95,9.95,9.95,9.95,,Normal,"This listing is <strong>not</strong> a physical item. Please keep in mind that this <strong>Code Card</strong> listing represents a digital copy of the stated item for the Pokémon TCG Online <strong>and/or</strong> the Pokémon TCG Live games. You may receive the physical <strong>Code Card</strong>. Upon purchase, please work with your specific Seller by sending them a message using the <strong>Contact Seller</strong> button on the order details in your <a href=https://store.tcgplayer.com/myaccount/orderhistory>Order History</a> to opt in to having your <strong>Code Card</strong> code delivered digitally due to the nature of the product.",,Code Card,,,,,,,,,
280348,Code Card - Mega Mewtwo Collection [Mega Mewtwo X],Code Card Mega Mewtwo Collection Mega Mewtwo X,https://tcgplayer-cdn.tcgplayer.com/product/280348_200w.jpg,3,1661,https://cpt.tcgcsv.com/-8g3,2022-07-27T19:36:51.147,1,1.25,2.95,3.0,,,Normal,"This listing is <strong>not</strong> a physical item. Please keep in mind that this <strong>Code Card</strong> listing represents a digital copy of the stated item for the Pokémon TCG Online <strong>and/or</strong> the Pokémon TCG Live games. You may receive the physical <strong>Code Card</strong>. Upon purchase, please work with your specific Seller by sending them a message using the <strong>Contact Seller</strong> button on the order details in your <a href=https://store.tcgplayer.com/myaccount/orderhistory>Order History</a> to opt in to having your <strong>Code Card</strong> code delivered digitally due to the nature of the product.",,Code Card,,,,,,,,,
280349,Code Card - Mega Mewtwo Collection [Mega Mewtwo Y],Code Card Mega Mewtwo Collection Mega Mewtwo Y,https://tcgplayer-cdn.tcgplayer.com/product/280349_200w.jpg,3,1661,https://cpt.tcgcsv.com/_8g3,2022-07-27T19:36:59.463,1,2.95,2.95,2.95,3.0,,Normal,"This listing is <strong>not</strong> a physical item. Please keep in mind that this <strong>Code Card</strong> listing represents a digital copy of the stated item for the Pokémon TCG Online <strong>and/or</strong> the Pokémon TCG Live games. You may receive the physical <strong>Code Card</strong>. Upon purchase, please work with your specific Seller by sending them a message using the <strong>Contact Seller</strong> button on the order details in your <a href=https://store.tcgplayer.com/myaccount/orderhistory>Order History</a> to opt in to having your <strong>Code Card</strong> code delivered digitally due to the nature of the product.",,Code Card,,,,,,,,,
280350,Code Card - Mega Swampert EX Premium Collection,Code Card Mega Swampert EX Premium Collection,https://tcgplayer-cdn.tcgplayer.com/product/280350_200w.jpg,3,1661,https://cpt.tcgcsv.com/09g3,2022-07-27T19:37:10.87,1,4.95,4.95,4.95,,,Normal,"This listing is <strong>not</strong> a physical item. Please keep in mind that this <strong>Code Card</strong> listing represents a digital copy of the stated item for the Pokémon TCG Online <strong>and/or</strong> the Pokémon TCG Live games. You may receive the physical <strong>Code Card</strong>. Upon purchase, please work with your specific Seller by sending them a message using the <strong>Contact Seller</strong> button on the order details in your <a href=https://store.tcgplayer.com/myaccount/orderhistory>Order History</a> to opt in to having your <strong>Code Card</strong> code delivered digitally due to the nature of the product.",,Code Card,,,,,,,,,
280351,Code Card - Pikachu EX Legendary Collection,Code Card Pikachu EX Legendary Collection,https://tcgplayer-cdn.tcgplayer.com/product/280351_200w.jpg,3,1661,https://cpt.tcgcsv.com/29g3,2022-07-27T19:37:19,1,5.0,7.25,9.5,,,Normal,"This listing is <strong>not</strong> a physical item. Please keep in mind that this <strong>Code Card</strong> listing represents a digital copy of the stated item for the Pokémon TCG Online <strong>and/or</strong> the Pokémon TCG Live games. You may receive the physical <strong>Code Card</strong>. Upon purchase, please work with your specific Seller by sending them a message using the <strong>Contact Seller</strong> button on the order details in your <a href=https://store.tcgplayer.com/myaccount/orderhistory>Order History</a> to opt in to having your <strong>Code Card</strong> code delivered digitally due to the nature of the product.",,Code Card,,,,,,,,,
280352,Code Card - XY 3 Pack Blister [Xerneas],Code Card XY 3 Pack Blister Xerneas,https://tcgplayer-cdn.tcgplayer.com/product/280352_200w.jpg,3,1661,https://cpt.tcgcsv.com/39g3,2022-07-27T19:37:28.453,1,,,,,,,"This listing is <strong>not</strong> a physical item. Please keep in mind that this <strong>Code Card</strong> listing represents a digital copy of the stated item for the Pokémon TCG Online <strong>and/or</strong> the Pokémon TCG Live games. You may receive the physical <strong>Code Card</strong>. Upon purchase, please work with your specific Seller by sending them a message using the <strong>Contact Seller</strong> button on the order details in your <a href=https://store.tcgplayer.com/myaccount/orderhistory>Order History</a> to opt in to having your <strong>Code Card</strong> code delivered digitally due to the nature of the product.",,Code Card,,,,,,,,,
280353,Code Card - XY 3 Pack Blister [Yveltal],Code Card XY 3 Pack Blister Yveltal,https://tcgplayer-cdn.tcgplayer.com/product/280353_200w.jpg,3,1661,https://cpt.tcgcsv.com/59g3,2022-07-27T19:37:37.237,1,,,,,,,"This listing is <strong>not</strong> a physical item. Please keep in mind that this <strong>Code Card</strong> listing represents a digital copy of the stated item for the Pokémon TCG Online <strong>and/or</strong> the Pokémon TCG Live games. You may receive the physical <strong>Code Card</strong>. Upon purchase, please work with your specific Seller by sending them a message using the <strong>Contact Seller</strong> button on the order details in your <a href=https://store.tcgplayer.com/myaccount/orderhistory>Order History</a> to opt in to having your <strong>Code Card</strong> code delivered digitally due to the nature of the product.",,Code Card,,,,,,,,,
280354,Code Card - XY BREAKthrough Booster Box,Code Card XY BREAKthrough Booster Box,https://tcgplayer-cdn.tcgplayer.com/product/280354_200w.jpg,3,1661,https://cpt.tcgcsv.com/69g3,2022-07-27T19:37:45.207,1,,,,,,,"This listing is <strong>not</strong> a physical item. Please keep in mind that this <strong>Code Card</strong> listing represents a digital copy of the stated item for the Pokémon TCG Online <strong>and/or</strong> the Pokémon TCG Live games. You may receive the physical <strong>Code Card</strong>. Upon purchase, please work with your specific Seller by sending them a message using the <strong>Contact Seller</strong> button on the order details in your <a href=https://store.tcgplayer.com/myaccount/orderhistory>Order History</a> to opt in to having your <strong>Code Card</strong> code delivered digitally due to the nature of the product.",,Code Card,,,,,,,,,
280355,Code Card - XY BREAKthrough Collector Chest,Code Card XY BREAKthrough Collector Chest,https://tcgplayer-cdn.tcgplayer.com/product/280355_200w.jpg,3,1661,https://cpt.tcgcsv.com/79g3,2022-07-27T19:38:33.923,1,,,,,,,"This listing is <strong>not</strong> a physical item. Please keep in mind that this <strong>Code Card</strong> listing represents a digital copy of the stated item for the Pokémon TCG Online <strong>and/or</strong> the Pokémon TCG Live games. You may receive the physical <strong>Code Card</strong>. Upon purchase, please work with your specific Seller by sending them a message using the <strong>Contact Seller</strong> button on the order details in your <a href=https://store.tcgplayer.com/myaccount/orderhistory>Order History</a> to opt in to having your <strong>Code Card</strong> code delivered digitally due to the nature of the product.",,Code Card,,,,,,,,,
280356,Code Card - XY BREAKthrough Pin Collection [Zoroark],Code Card XY BREAKthrough Pin Collection Zoroark,https://tcgplayer-cdn.tcgplayer.com/product/280356_200w.jpg,3,1661,https://cpt.tcgcsv.com/89g3,2022-07-27T19:38:43.307,1,,,,,,,"This listing is <strong>not</strong> a physical item. Please keep in mind that this <strong>Code Card</strong> listing represents a digital copy of the stated item for the Pokémon TCG Online <strong>and/or</strong> the Pokémon TCG Live games. You may receive the physical <strong>Code Card</strong>. Upon purchase, please work with your specific Seller by sending them a message using the <strong>Contact Seller</strong> button on the order details in your <a href=https://store.tcgplayer.com/myaccount/orderhistory>Order History</a> to opt in to having your <strong>Code Card</strong> code delivered digitally due to the nature of the product.",,Code Card,,,,,,,,,
531445,BREAKthrough Booster Pack Art Bundle [Set of 4],BREAKthrough Booster Pack Art Bundle Set of 4,https://tcgplayer-cdn.tcgplayer.com/product/531445_200w.jpg,3,1661,https://cpt.tcgcsv.com/WBg6,2024-02-06T13:51:20.08,1,170.0,170.0,170.0,132.0,,Normal,"Collect each of the 4 unique art packs for BREAKthrough.
<br>Each BREAKthrough booster pack contains 10 random cards.",,,,,,,,,,,
550675,BREAKthrough Sleeved Booster Pack,BREAKthrough Sleeved Booster Pack,https://tcgplayer-cdn.tcgplayer.com/product/550675_200w.jpg,3,1661,https://cpt.tcgcsv.com/whq6,2024-05-09T19:28:12.01,1,,,,,,,Each BREAKthrough sleeved booster pack contains 10 random cards.,,,,,,,,,,,
