productId,name,cleanName,imageUrl,categoryId,groupId,url,modifiedOn,imageCount,extCardText,lowPrice,midPrice,highPrice,marketPrice,directLowPrice,subTypeName,extNumber,extRarity,extCardType,extHP,extStage,extAttack1,extAttack2,extWeakness,extResistance,extRetreatCost,extAttack3
98026,XY Roaring Skies Booster Box,XY Roaring Skies Booster Box,https://tcgplayer-cdn.tcgplayer.com/product/98026_200w.jpg,3,1534,https://cpt.tcgcsv.com/xdP,2019-08-26T13:46:42.5,1,Pokemon roaring skies 36 sealed packs per Booster box.,4948.0,5149.98,19999.99,2799.44,,Normal,,,,,,,,,,,
98028,XY Roaring Skies Elite Trainer Box,XY Roaring Skies Elite Trainer Box,https://tcgplayer-cdn.tcgplayer.com/product/98028_200w.jpg,3,1534,https://cpt.tcgcsv.com/BdP,2015-05-05T17:40:56.74,1,,3999.99,3999.99,3999.99,1973.75,,Normal,,,,,,,,,,,
98029,"Roaring Skies Theme Deck - ""Aurora Blast"" [Articuno]",Roaring Skies Theme Deck Aurora Blast Articuno,https://tcgplayer-cdn.tcgplayer.com/product/98029_200w.jpg,3,1534,https://cpt.tcgcsv.com/CdP,2018-10-03T13:56:06.677,1,"<em>Overwhelm your opponents with the shimmering majesty of the Aurora Blast theme deck! Let the Freeze Pokemon Articuno lead the way with a Freezing Wind, while Victini paralyzes the foe with a Psy Bolt or two! Then let Salamence swoop in with Power Howl and Steam Blast to ramp up your offense. Combine these with Swellow's Delta-Plus Ancient Trait for extra Prize Cards, and you can knock out your opponent's northern lights!</em>
<br>
<br><strong>Contents:</strong>
<br>• 1 60-card preconstructed deck
<br>• Damage counters
<br>• 1 coin",56.99,58.0,59.99,56.0,,Normal,,,,,,,,,,,
98030,"Roaring Skies Theme Deck - ""Storm Rider"" [Zapdos]",Roaring Skies Theme Deck Storm Rider Zapdos,https://tcgplayer-cdn.tcgplayer.com/product/98030_200w.jpg,3,1534,https://cpt.tcgcsv.com/DdP,2018-10-03T13:58:47.577,1,"<em>The Storm Rider theme deck goes BOOM in more ways than one! Strike from above with bolts of lightning while keeping your opponent off balance with some twisty Grass-type tricks! Zapdos can bring the Raging Thunder while Dragonite makes a Heavy Impact - and picks up extra Prize cards with its Delta-Plus Ancient Trait! To really crank up the noise, call on Shedinja for a Hopeless Scream that can make your opponent howl in despair as you sound your victory cry!</em>
<br>
<br><strong>Contents:</strong>
<br>• 1 60-card preconstructed deck
<br>• Damage counters
<br>• 1 coin",49.99,52.6,55.2,40.98,,Normal,,,,,,,,,,,
98031,Roaring Skies 3 Pack Blister [Pangoro],Roaring Skies 3 Pack Blister Pangoro,https://tcgplayer-cdn.tcgplayer.com/product/98031_200w.jpg,3,1534,https://cpt.tcgcsv.com/FdP,2018-10-10T17:02:58.997,1,"Each blister comes with 3 XY—Roaring Skies booster packs, 1 coin, and a promotional card of Pangoro.",,,,,,,,,,,,,,,,,
98032,Roaring Skies 3 Pack Blister [Regirock],Roaring Skies 3 Pack Blister Regirock,https://tcgplayer-cdn.tcgplayer.com/product/98032_200w.jpg,3,1534,https://cpt.tcgcsv.com/GdP,2018-10-10T17:03:09.727,1,"Each blister comes with 3 XY—Roaring Skies booster packs, 1 coin, and a promotional card of Regirock.",,,,,,,,,,,,,,,,,
98037,Exeggcute,Exeggcute,https://tcgplayer-cdn.tcgplayer.com/product/98037_200w.jpg,3,1534,https://cpt.tcgcsv.com/MdP,2024-01-28T10:44:01.773,1,,0.01,0.21,1.49,0.21,,Normal,1/108,Common,Grass,40,Basic,"[1] Loathe
<br>Flip a coin. If heads, switch this Pokemon with 1 of your Benched Pokemon.",[G] Ram (10),Rx2,None,1,
98037,Exeggcute,Exeggcute,https://tcgplayer-cdn.tcgplayer.com/product/98037_200w.jpg,3,1534,https://cpt.tcgcsv.com/MdP,2024-01-28T10:44:01.773,1,,0.14,0.45,2.0,0.56,,Reverse Holofoil,1/108,Common,Grass,40,Basic,"[1] Loathe
<br>Flip a coin. If heads, switch this Pokemon with 1 of your Benched Pokemon.",[G] Ram (10),Rx2,None,1,
98038,Exeggutor,Exeggutor,https://tcgplayer-cdn.tcgplayer.com/product/98038_200w.jpg,3,1534,https://cpt.tcgcsv.com/NdP,2022-12-19T20:03:30.937,1,,0.05,0.2,2.01,0.18,,Normal,2/108,Uncommon,Grass,120,Stage 1,"[G] Shake It Off (20x)
<br>This attack does 20 damage times the number of Colorless Pokemon your opponent has in play.",[2G] Seed Bomb (80),Rx2,None,3,
98038,Exeggutor,Exeggutor,https://tcgplayer-cdn.tcgplayer.com/product/98038_200w.jpg,3,1534,https://cpt.tcgcsv.com/NdP,2022-12-19T20:03:30.937,1,,0.1,0.42,4.95,0.42,0.61,Reverse Holofoil,2/108,Uncommon,Grass,120,Stage 1,"[G] Shake It Off (20x)
<br>This attack does 20 damage times the number of Colorless Pokemon your opponent has in play.",[2G] Seed Bomb (80),Rx2,None,3,
98039,Wurmple,Wurmple,https://tcgplayer-cdn.tcgplayer.com/product/98039_200w.jpg,3,1534,https://cpt.tcgcsv.com/PdP,2023-01-10T06:37:25.097,1,,0.03,0.2,1.49,0.18,,Normal,3/108,Common,Grass,60,Basic,"[G] Flock
<br>Search your deck for Wurmple and put it onto your Bench. Shuffle your deck afterward.",[2] Tackle (20),Rx2,None,1,
98039,Wurmple,Wurmple,https://tcgplayer-cdn.tcgplayer.com/product/98039_200w.jpg,3,1534,https://cpt.tcgcsv.com/PdP,2023-01-10T06:37:25.097,1,,0.05,0.32,2.0,0.31,,Reverse Holofoil,3/108,Common,Grass,60,Basic,"[G] Flock
<br>Search your deck for Wurmple and put it onto your Bench. Shuffle your deck afterward.",[2] Tackle (20),Rx2,None,1,
98040,Silcoon,Silcoon,https://tcgplayer-cdn.tcgplayer.com/product/98040_200w.jpg,3,1534,https://cpt.tcgcsv.com/QdP,2022-12-19T20:03:48.03,1,,0.04,0.22,2.25,0.21,0.21,Normal,4/108,Uncommon,Grass,80,Stage 1,"[G] String Shot (10)
<br>Flip a coin. If heads, your opponent's Active Pokemon is now Paralyzed.",,Rx2,None,3,
98040,Silcoon,Silcoon,https://tcgplayer-cdn.tcgplayer.com/product/98040_200w.jpg,3,1534,https://cpt.tcgcsv.com/QdP,2022-12-19T20:03:48.03,1,,0.21,0.48,2.0,0.51,,Reverse Holofoil,4/108,Uncommon,Grass,80,Stage 1,"[G] String Shot (10)
<br>Flip a coin. If heads, your opponent's Active Pokemon is now Paralyzed.",,Rx2,None,3,
98041,Beautifly,Beautifly,https://tcgplayer-cdn.tcgplayer.com/product/98041_200w.jpg,3,1534,https://cpt.tcgcsv.com/RdP,2022-12-19T20:04:00.67,1,"<b>Ability - </b>Miraculous Scales
<br>Prevent all damage done to this Pokemon by attacks from your opponent's Pokemon EX.",0.25,0.69,3.0,0.69,,Holofoil,5/108,Holo Rare,Grass,130,Stage 2,"[2G] Whirlwind (80)
<br>You may have your opponent switch his or her Active Pokemon with 1 of his or her Benched Pokemon.",,Rx2,None,0,
98041,Beautifly,Beautifly,https://tcgplayer-cdn.tcgplayer.com/product/98041_200w.jpg,3,1534,https://cpt.tcgcsv.com/RdP,2022-12-19T20:04:00.67,1,"<b>Ability - </b>Miraculous Scales
<br>Prevent all damage done to this Pokemon by attacks from your opponent's Pokemon EX.",0.19,0.6,2.0,0.61,,Reverse Holofoil,5/108,Holo Rare,Grass,130,Stage 2,"[2G] Whirlwind (80)
<br>You may have your opponent switch his or her Active Pokemon with 1 of his or her Benched Pokemon.",,Rx2,None,0,
98042,Cascoon,Cascoon,https://tcgplayer-cdn.tcgplayer.com/product/98042_200w.jpg,3,1534,https://cpt.tcgcsv.com/SdP,2022-12-19T20:04:14.92,1,,0.03,0.16,3.0,0.16,,Normal,6/108,Common,Grass,80,Stage 1,"[G] Poison Sting
<br>Your opponent's Active Pokemon is now Poisoned.","[2] Iron Defense
<br>Flip a coin. If heads, prevent all damage done to this Pokemon by attacks during your opponent's next turn.",Rx2,None,3,
98042,Cascoon,Cascoon,https://tcgplayer-cdn.tcgplayer.com/product/98042_200w.jpg,3,1534,https://cpt.tcgcsv.com/SdP,2022-12-19T20:04:14.92,1,,0.04,0.28,2.0,0.28,,Reverse Holofoil,6/108,Common,Grass,80,Stage 1,"[G] Poison Sting
<br>Your opponent's Active Pokemon is now Poisoned.","[2] Iron Defense
<br>Flip a coin. If heads, prevent all damage done to this Pokemon by attacks during your opponent's next turn.",Rx2,None,3,
98043,Dustox (7),Dustox 7,https://tcgplayer-cdn.tcgplayer.com/product/98043_200w.jpg,3,1534,https://cpt.tcgcsv.com/TdP,2025-02-07T20:23:17.167,1,,0.05,0.21,1.49,0.22,,Normal,7/108,Uncommon,Grass,140,Stage 2,"[2] Psybeam (30)
<br>Your opponent's Active Pokemon is now Confused.","[2GG] Twilight Poison (80)
<br>Your opponent's Active Pokemon is now Asleep and Poisoned.",Rx2,None,2,
98043,Dustox (7),Dustox 7,https://tcgplayer-cdn.tcgplayer.com/product/98043_200w.jpg,3,1534,https://cpt.tcgcsv.com/TdP,2025-02-07T20:23:17.167,1,,0.1,0.35,2.0,0.37,,Reverse Holofoil,7/108,Uncommon,Grass,140,Stage 2,"[2] Psybeam (30)
<br>Your opponent's Active Pokemon is now Confused.","[2GG] Twilight Poison (80)
<br>Your opponent's Active Pokemon is now Asleep and Poisoned.",Rx2,None,2,
98044,Dustox (8 Delta),Dustox 8 Delta,https://tcgplayer-cdn.tcgplayer.com/product/98044_200w.jpg,3,1534,https://cpt.tcgcsv.com/VdP,2025-02-07T20:23:17.263,1,"<b>Delta Plus</b> <em>If your opponent's Pokemon is Knocked Out by damage from an attack of this Pokemon, take 1 more Prize card.",0.2,0.66,4.04,0.68,,Normal,8/108,Rare,Grass,130,Stage 2,[G] Flap (20),"[2G] Wind Shard
<br>This attack does 50 damage to 1 of your opponent's Benched Pokemon. <i>(Don't apply Weakness and Resistance for Benched Pokemon.)</i>",Rx2,None,1,
98044,Dustox (8 Delta),Dustox 8 Delta,https://tcgplayer-cdn.tcgplayer.com/product/98044_200w.jpg,3,1534,https://cpt.tcgcsv.com/VdP,2025-02-07T20:23:17.263,1,"<b>Delta Plus</b> <em>If your opponent's Pokemon is Knocked Out by damage from an attack of this Pokemon, take 1 more Prize card.",0.69,1.5,3.98,1.89,,Reverse Holofoil,8/108,Rare,Grass,130,Stage 2,[G] Flap (20),"[2G] Wind Shard
<br>This attack does 50 damage to 1 of your opponent's Benched Pokemon. <i>(Don't apply Weakness and Resistance for Benched Pokemon.)</i>",Rx2,None,1,
98045,Nincada,Nincada,https://tcgplayer-cdn.tcgplayer.com/product/98045_200w.jpg,3,1534,https://cpt.tcgcsv.com/WdP,2022-12-19T20:04:46.487,1,,0.04,0.15,3.0,0.14,0.09,Normal,9/108,Common,Grass,40,Basic,"[1] Slight Intrusion (20)
<br>This Pokemon does 10 damage to itself.",,Rx2,None,1,
98045,Nincada,Nincada,https://tcgplayer-cdn.tcgplayer.com/product/98045_200w.jpg,3,1534,https://cpt.tcgcsv.com/WdP,2022-12-19T20:04:46.487,1,,0.09,0.3,2.0,0.3,,Reverse Holofoil,9/108,Common,Grass,40,Basic,"[1] Slight Intrusion (20)
<br>This Pokemon does 10 damage to itself.",,Rx2,None,1,
98046,Ninjask,Ninjask,https://tcgplayer-cdn.tcgplayer.com/product/98046_200w.jpg,3,1534,https://cpt.tcgcsv.com/XdP,2022-12-19T20:04:55.783,1,"<b>Ability -</b Wing Buzz
<br>Once during your turn <em>(before you attack)</b>, if this Pokemon is your Active Pokemon, you may discard a card from your hand. if you do, discard the top card of your opponent's deck.",0.05,0.23,1.49,0.21,0.21,Normal,10/108,Uncommon,Grass,70,Stage 1,"[1G] Afterimage Assault (30)
<br>Search your deck for up to 2 Ninjask and put them onto your bench. Shuffle your deck afterward.",,Rx2,None,0,
98046,Ninjask,Ninjask,https://tcgplayer-cdn.tcgplayer.com/product/98046_200w.jpg,3,1534,https://cpt.tcgcsv.com/XdP,2022-12-19T20:04:55.783,1,"<b>Ability -</b Wing Buzz
<br>Once during your turn <em>(before you attack)</b>, if this Pokemon is your Active Pokemon, you may discard a card from your hand. if you do, discard the top card of your opponent's deck.",0.15,0.49,2.0,0.48,,Reverse Holofoil,10/108,Uncommon,Grass,70,Stage 1,"[1G] Afterimage Assault (30)
<br>Search your deck for up to 2 Ninjask and put them onto your bench. Shuffle your deck afterward.",,Rx2,None,0,
98047,Shedinja,Shedinja,https://tcgplayer-cdn.tcgplayer.com/product/98047_200w.jpg,3,1534,https://cpt.tcgcsv.com/ZdP,2022-12-19T20:05:07.247,1,,0.2,0.4,1.59,0.38,,Normal,11/108,Rare,Grass,30,Stage 1,"[G] Cursed Rain
<br>Put 1 damage conter on each of your opponent's Pokemon. Switch this Pokmeon with 1 of your Benched Pokemon.","[1] Hopeless Scream (50x)
<br>This attack does 50 times the number of damage counters on this Pokemon.",None,None,1,
98047,Shedinja,Shedinja,https://tcgplayer-cdn.tcgplayer.com/product/98047_200w.jpg,3,1534,https://cpt.tcgcsv.com/ZdP,2022-12-19T20:05:07.247,1,,0.4,0.76,2.0,0.76,,Reverse Holofoil,11/108,Rare,Grass,30,Stage 1,"[G] Cursed Rain
<br>Put 1 damage conter on each of your opponent's Pokemon. Switch this Pokmeon with 1 of your Benched Pokemon.","[1] Hopeless Scream (50x)
<br>This attack does 50 times the number of damage counters on this Pokemon.",None,None,1,
98048,Tropius,Tropius,https://tcgplayer-cdn.tcgplayer.com/product/98048_200w.jpg,3,1534,https://cpt.tcgcsv.com/-dP,2025-02-07T20:23:17.357,1,,0.05,0.2,1.49,0.2,,Normal,12/108,Uncommon,Grass,110,Basic,"[3] Stomp (50+)
<br>Flip a coin. If heads, this attack does 20 more damage.",[3G] Solar Beam (80),Rx2,None,2,
98048,Tropius,Tropius,https://tcgplayer-cdn.tcgplayer.com/product/98048_200w.jpg,3,1534,https://cpt.tcgcsv.com/-dP,2025-02-07T20:23:17.357,1,,0.03,0.26,2.0,0.25,,Reverse Holofoil,12/108,Uncommon,Grass,110,Basic,"[3] Stomp (50+)
<br>Flip a coin. If heads, this attack does 20 more damage.",[3G] Solar Beam (80),Rx2,None,2,
98049,Victini,Victini,https://tcgplayer-cdn.tcgplayer.com/product/98049_200w.jpg,3,1534,https://cpt.tcgcsv.com/_dP,2025-02-07T20:23:17.387,1,,0.1,0.27,1.5,0.25,,Normal,13/108,Rare,Fire,70,Basic,"[1] Me First
<br>Draw a card.","[1R] Psy Bolt (20)
<br>Flip a coin. If heads, your opponent's Active Pokemon is now Paralyzed.",Wx2,None,1,
98049,Victini,Victini,https://tcgplayer-cdn.tcgplayer.com/product/98049_200w.jpg,3,1534,https://cpt.tcgcsv.com/_dP,2025-02-07T20:23:17.387,1,,0.25,0.54,2.0,0.65,,Reverse Holofoil,13/108,Rare,Fire,70,Basic,"[1] Me First
<br>Draw a card.","[1R] Psy Bolt (20)
<br>Flip a coin. If heads, your opponent's Active Pokemon is now Paralyzed.",Wx2,None,1,
98050,Fletchinder,Fletchinder,https://tcgplayer-cdn.tcgplayer.com/product/98050_200w.jpg,3,1534,https://cpt.tcgcsv.com/0fP,2025-02-07T20:23:17.433,1,,0.05,0.19,3.0,0.12,,Normal,14/108,Uncommon,Fire,70,Stage 1,"[1] Peck Off (10)
<br>Before doing damage, discard all Pokemon Tool cards attached to your opponent's Active Pokemon.",,Wx2,None,0,
98050,Fletchinder,Fletchinder,https://tcgplayer-cdn.tcgplayer.com/product/98050_200w.jpg,3,1534,https://cpt.tcgcsv.com/0fP,2025-02-07T20:23:17.433,1,,0.2,0.35,2.0,0.35,,Reverse Holofoil,14/108,Uncommon,Fire,70,Stage 1,"[1] Peck Off (10)
<br>Before doing damage, discard all Pokemon Tool cards attached to your opponent's Active Pokemon.",,Wx2,None,0,
98051,Talonflame,Talonflame,https://tcgplayer-cdn.tcgplayer.com/product/98051_200w.jpg,3,1534,https://cpt.tcgcsv.com/2fP,2023-11-11T09:47:11.973,1,,0.01,0.31,1.65,0.28,0.25,Normal,15/108,Rare,Fire,130,Stage 2,"[1] Grand Loop
<br>Draw 3 cards. You may switch this Pokemon with 1 of your Benched Pokemon.","[1R] Brave Bird (90)
<br>This Pokemon does 20 damage to itself.",Wx2,None,0,
98051,Talonflame,Talonflame,https://tcgplayer-cdn.tcgplayer.com/product/98051_200w.jpg,3,1534,https://cpt.tcgcsv.com/2fP,2023-11-11T09:47:11.973,1,,0.09,0.48,2.0,0.48,0.46,Reverse Holofoil,15/108,Rare,Fire,130,Stage 2,"[1] Grand Loop
<br>Draw 3 cards. You may switch this Pokemon with 1 of your Benched Pokemon.","[1R] Brave Bird (90)
<br>This Pokemon does 20 damage to itself.",Wx2,None,0,
98052,Articuno (16),Articuno 16,https://tcgplayer-cdn.tcgplayer.com/product/98052_200w.jpg,3,1534,https://cpt.tcgcsv.com/3fP,2022-12-19T20:05:54.567,1,,0.3,0.84,4.96,0.85,0.5,Normal,16/108,Rare,Water,120,Basic,"[W] Search your deck for up to 3 Water Energy cards, reveal them, and put them into your hand. Shuffle your deck afterward.",[2WW] Freezing Wind (100),Mx2,F-20,2,
98052,Articuno (16),Articuno 16,https://tcgplayer-cdn.tcgplayer.com/product/98052_200w.jpg,3,1534,https://cpt.tcgcsv.com/3fP,2022-12-19T20:05:54.567,1,,1.0,2.25,6.0,2.41,,Reverse Holofoil,16/108,Rare,Water,120,Basic,"[W] Search your deck for up to 3 Water Energy cards, reveal them, and put them into your hand. Shuffle your deck afterward.",[2WW] Freezing Wind (100),Mx2,F-20,2,
98053,Articuno (17 Delta),Articuno 17 Delta,https://tcgplayer-cdn.tcgplayer.com/product/98053_200w.jpg,3,1534,https://cpt.tcgcsv.com/5fP,2025-02-07T20:23:17.48,1,"<b>Delta Plus</b> <em>If your opponent's Pokemon is Knocked Out by damage from an attack of this Pokemon, take 1 more Prize card.</em>",1.0,2.0,6.39,2.91,,Normal,17/108,Rare,Water,120,Basic,"[W] Chilling Sigh
<br>Your opponent's Active Pokemon is now Asleep.","[1WW] Tri Edge (20+)
<br>Flip 3 coins. This attack does 40 more damage for each heads.",Mx2,F-20,2,
98053,Articuno (17 Delta),Articuno 17 Delta,https://tcgplayer-cdn.tcgplayer.com/product/98053_200w.jpg,3,1534,https://cpt.tcgcsv.com/5fP,2025-02-07T20:23:17.48,1,"<b>Delta Plus</b> <em>If your opponent's Pokemon is Knocked Out by damage from an attack of this Pokemon, take 1 more Prize card.</em>",2.99,4.55,8.08,6.47,,Reverse Holofoil,17/108,Rare,Water,120,Basic,"[W] Chilling Sigh
<br>Your opponent's Active Pokemon is now Asleep.","[1WW] Tri Edge (20+)
<br>Flip 3 coins. This attack does 40 more damage for each heads.",Mx2,F-20,2,
98054,Wingull,Wingull,https://tcgplayer-cdn.tcgplayer.com/product/98054_200w.jpg,3,1534,https://cpt.tcgcsv.com/6fP,2025-02-07T20:23:17.527,1,,0.02,0.16,1.49,0.16,,Normal,18/108,Common,Water,60,Basic,[W] Water Gun (10),,Lx2,F-20,1,
98054,Wingull,Wingull,https://tcgplayer-cdn.tcgplayer.com/product/98054_200w.jpg,3,1534,https://cpt.tcgcsv.com/6fP,2025-02-07T20:23:17.527,1,,0.15,0.32,2.0,0.32,,Reverse Holofoil,18/108,Common,Water,60,Basic,[W] Water Gun (10),,Lx2,F-20,1,
98055,Pelipper,Pelipper,https://tcgplayer-cdn.tcgplayer.com/product/98055_200w.jpg,3,1534,https://cpt.tcgcsv.com/7fP,2022-12-19T20:06:17.153,1,,0.05,0.2,1.49,0.12,,Normal,19/108,Uncommon,Water,100,Stage 1,"[1W] Swallow (30)
<br>Heal from this Pokemon the same amount of damage you did to your opponent's Active Pokemon.","[3W] Water Pulse (70)
<br>Your opponent's Active Pokemon is now Asleep.",Lx2,F-20,2,
98055,Pelipper,Pelipper,https://tcgplayer-cdn.tcgplayer.com/product/98055_200w.jpg,3,1534,https://cpt.tcgcsv.com/7fP,2022-12-19T20:06:17.153,1,,0.05,0.25,2.0,0.23,0.21,Reverse Holofoil,19/108,Uncommon,Water,100,Stage 1,"[1W] Swallow (30)
<br>Heal from this Pokemon the same amount of damage you did to your opponent's Active Pokemon.","[3W] Water Pulse (70)
<br>Your opponent's Active Pokemon is now Asleep.",Lx2,F-20,2,
98056,Pikachu,Pikachu,https://tcgplayer-cdn.tcgplayer.com/product/98056_200w.jpg,3,1534,https://cpt.tcgcsv.com/8fP,2022-12-19T20:06:24.543,1,,0.1,0.52,2.0,0.55,,Normal,20/108,Common,Lightning,60,Basic,"[1] Tail Whip
<br>Flip a coin. If heads, the Defending Pokemon can't attack during your opponent's next turn.",[1L] Electro Ball (30),Fx2,M-20,1,
98056,Pikachu,Pikachu,https://tcgplayer-cdn.tcgplayer.com/product/98056_200w.jpg,3,1534,https://cpt.tcgcsv.com/8fP,2022-12-19T20:06:24.543,1,,0.4,1.28,49.99,1.28,,Reverse Holofoil,20/108,Common,Lightning,60,Basic,"[1] Tail Whip
<br>Flip a coin. If heads, the Defending Pokemon can't attack during your opponent's next turn.",[1L] Electro Ball (30),Fx2,M-20,1,
98057,Voltorb,Voltorb,https://tcgplayer-cdn.tcgplayer.com/product/98057_200w.jpg,3,1534,https://cpt.tcgcsv.com/9fP,2022-12-19T20:06:31.83,1,,0.05,0.17,1.49,0.11,,Normal,21/108,Common,Lightning,60,Basic,"[L] Thunder Wave
<br>Flip a coin. If heads, your opponent's Active Pokemon is now Paralyzed.","[1L] Big Explosion (60)
<br>This Pokemon does 60 damage to itself.",Fx2,M-20,1,
98057,Voltorb,Voltorb,https://tcgplayer-cdn.tcgplayer.com/product/98057_200w.jpg,3,1534,https://cpt.tcgcsv.com/9fP,2022-12-19T20:06:31.83,1,,0.05,0.31,2.0,0.29,,Reverse Holofoil,21/108,Common,Lightning,60,Basic,"[L] Thunder Wave
<br>Flip a coin. If heads, your opponent's Active Pokemon is now Paralyzed.","[1L] Big Explosion (60)
<br>This Pokemon does 60 damage to itself.",Fx2,M-20,1,
98058,Electrode,Electrode,https://tcgplayer-cdn.tcgplayer.com/product/98058_200w.jpg,3,1534,https://cpt.tcgcsv.com/bfP,2022-12-19T20:06:40.52,1,,0.05,0.25,1.49,0.26,,Normal,22/108,Uncommon,Lightning,90,Stage 1,"[1] Continuous Tumble (20x)
<br>Flip a coin until you get tails. This attack does 20 damage times the number of heads.","[2L] Energy Bomb (70)
<br>You may move all Energy from this Pokemon to your Benched Pokemon in any way you like.",Fx2,M-20,1,
98058,Electrode,Electrode,https://tcgplayer-cdn.tcgplayer.com/product/98058_200w.jpg,3,1534,https://cpt.tcgcsv.com/bfP,2022-12-19T20:06:40.52,1,,0.25,0.61,4.99,0.61,,Reverse Holofoil,22/108,Uncommon,Lightning,90,Stage 1,"[1] Continuous Tumble (20x)
<br>Flip a coin until you get tails. This attack does 20 damage times the number of heads.","[2L] Energy Bomb (70)
<br>You may move all Energy from this Pokemon to your Benched Pokemon in any way you like.",Fx2,M-20,1,
98059,Zapdos,Zapdos,https://tcgplayer-cdn.tcgplayer.com/product/98059_200w.jpg,3,1534,https://cpt.tcgcsv.com/cfP,2024-03-15T20:26:09.467,1,,0.11,0.54,2.95,0.64,0.99,Normal,23/108,Rare,Lightning,120,Basic,[L] Drill Peck (20),"[1LL] Raging Thunder (120)
<br>This attack does 40 damage to 1 of your Benched Pokemon. <i>(Don't apply Weakness and Resistance for Benched Pokemon.)</i>",Lx2,F-20,2,
98059,Zapdos,Zapdos,https://tcgplayer-cdn.tcgplayer.com/product/98059_200w.jpg,3,1534,https://cpt.tcgcsv.com/cfP,2024-03-15T20:26:09.467,1,,0.62,1.27,4.0,1.46,1.74,Reverse Holofoil,23/108,Rare,Lightning,120,Basic,[L] Drill Peck (20),"[1LL] Raging Thunder (120)
<br>This attack does 40 damage to 1 of your Benched Pokemon. <i>(Don't apply Weakness and Resistance for Benched Pokemon.)</i>",Lx2,F-20,2,
98060,Electrike,Electrike,https://tcgplayer-cdn.tcgplayer.com/product/98060_200w.jpg,3,1534,https://cpt.tcgcsv.com/dfP,2022-12-19T20:06:53.81,1,,0.01,0.15,1.49,0.09,0.07,Normal,24/108,Common,Lightning,60,Basic,[1] Bite (10),,Fx2,M-20,1,
98060,Electrike,Electrike,https://tcgplayer-cdn.tcgplayer.com/product/98060_200w.jpg,3,1534,https://cpt.tcgcsv.com/dfP,2022-12-19T20:06:53.81,1,,0.08,0.28,2.0,0.26,,Reverse Holofoil,24/108,Common,Lightning,60,Basic,[1] Bite (10),,Fx2,M-20,1,
98061,Manectric,Manectric,https://tcgplayer-cdn.tcgplayer.com/product/98061_200w.jpg,3,1534,https://cpt.tcgcsv.com/ffP,2023-02-19T04:50:09.237,1,,0.01,0.2,1.49,0.15,,Normal,25/108,Uncommon,Lightning,90,Stage 1,"[L] Random Spark
<br>This attack does 30 damage to 1 of your opponent's Pokemon. <i>(Don't apply Weakness and Resistance for Benched Pokemon.)</i>",[2] Bite (40),Fx2,M-20,1,
98061,Manectric,Manectric,https://tcgplayer-cdn.tcgplayer.com/product/98061_200w.jpg,3,1534,https://cpt.tcgcsv.com/ffP,2023-02-19T04:50:09.237,1,,0.08,0.4,2.0,0.42,0.25,Reverse Holofoil,25/108,Uncommon,Lightning,90,Stage 1,"[L] Random Spark
<br>This attack does 30 damage to 1 of your opponent's Pokemon. <i>(Don't apply Weakness and Resistance for Benched Pokemon.)</i>",[2] Bite (40),Fx2,M-20,1,
98062,Thundurus EX,Thundurus EX,https://tcgplayer-cdn.tcgplayer.com/product/98062_200w.jpg,3,1534,https://cpt.tcgcsv.com/gfP,2022-12-19T20:09:44.827,1,,1.49,2.59,7.0,2.64,,Holofoil,26/108,Ultra Rare,Lightning,170,Basic,"[1L] Headlock (30+)
<br>Flip a coin. If heads, this attack does 30 more damage. If tails, your opponent's Active Pokemon is now Paralyzed.","[LLL] Voltage Rush (150)
<br>This Pokemon does 50 damage to itself.",Fx2,M-20,2,
98063,Natu (27),Natu 27,https://tcgplayer-cdn.tcgplayer.com/product/98063_200w.jpg,3,1534,https://cpt.tcgcsv.com/hfP,2025-02-07T20:23:17.62,1,,0.02,0.15,1.49,0.14,,Normal,27/108,Common,Psychic,50,Basic,[1] Peck (10),,Px2,None,1,
98063,Natu (27),Natu 27,https://tcgplayer-cdn.tcgplayer.com/product/98063_200w.jpg,3,1534,https://cpt.tcgcsv.com/hfP,2025-02-07T20:23:17.62,1,,0.05,0.32,2.0,0.36,,Reverse Holofoil,27/108,Common,Psychic,50,Basic,[1] Peck (10),,Px2,None,1,
98064,Natu (28 Delta),Natu 28 Delta,https://tcgplayer-cdn.tcgplayer.com/product/98064_200w.jpg,3,1534,https://cpt.tcgcsv.com/jfP,2025-02-07T20:23:17.68,1,"<b>Delta Plus</b> <em>If your opponent's Pokemon is Knocked Out by damage from an attack by this Pokemon, take 1 more Prize card.</em>",0.05,0.26,2.5,0.27,,Normal,28/108,Common,Psychic,40,Basic,"[1P] Psywave (10x)
<br>This attack does 10 damage times the amount of Energy attached to your opponent's Active Pokemon.",,Px2,None,1,
98064,Natu (28 Delta),Natu 28 Delta,https://tcgplayer-cdn.tcgplayer.com/product/98064_200w.jpg,3,1534,https://cpt.tcgcsv.com/jfP,2025-02-07T20:23:17.68,1,"<b>Delta Plus</b> <em>If your opponent's Pokemon is Knocked Out by damage from an attack by this Pokemon, take 1 more Prize card.</em>",0.4,0.75,3.75,0.93,,Reverse Holofoil,28/108,Common,Psychic,40,Basic,"[1P] Psywave (10x)
<br>This attack does 10 damage times the amount of Energy attached to your opponent's Active Pokemon.",,Px2,None,1,
98065,Xatu,Xatu,https://tcgplayer-cdn.tcgplayer.com/product/98065_200w.jpg,3,1534,https://cpt.tcgcsv.com/kfP,2025-02-07T20:23:17.743,1,,0.1,0.28,1.76,0.28,,Normal,29/108,Rare,Psychic,90,Stage 1,"[1] Future Sight 
<br>Look at the top 5 cards of either player's deck and put them back on top of that player's deck in any order.","[1P] Stressful Eye (30)
<br>Your opponent reveals his or her hand. Discard a Trainer card you find there.",Px2,None,1,
98065,Xatu,Xatu,https://tcgplayer-cdn.tcgplayer.com/product/98065_200w.jpg,3,1534,https://cpt.tcgcsv.com/kfP,2025-02-07T20:23:17.743,1,,0.1,0.46,2.0,0.43,,Reverse Holofoil,29/108,Rare,Psychic,90,Stage 1,"[1] Future Sight 
<br>Look at the top 5 cards of either player's deck and put them back on top of that player's deck in any order.","[1P] Stressful Eye (30)
<br>Your opponent reveals his or her hand. Discard a Trainer card you find there.",Px2,None,1,
98066,Shuppet,Shuppet,https://tcgplayer-cdn.tcgplayer.com/product/98066_200w.jpg,3,1534,https://cpt.tcgcsv.com/lfP,2022-12-19T20:10:26.513,1,,0.04,0.2,1.96,0.2,,Normal,30/108,Common,Psychic,60,Basic,"[1] Bleh
<br>Discard a Special Energy attached to 1 of your opponent's Pokemon.",,Dx2,F-20,1,
98066,Shuppet,Shuppet,https://tcgplayer-cdn.tcgplayer.com/product/98066_200w.jpg,3,1534,https://cpt.tcgcsv.com/lfP,2022-12-19T20:10:26.513,1,,0.15,0.42,2.0,0.41,,Reverse Holofoil,30/108,Common,Psychic,60,Basic,"[1] Bleh
<br>Discard a Special Energy attached to 1 of your opponent's Pokemon.",,Dx2,F-20,1,
98067,Banette (31),Banette 31,https://tcgplayer-cdn.tcgplayer.com/product/98067_200w.jpg,3,1534,https://cpt.tcgcsv.com/mfP,2025-02-07T20:23:17.79,1,"<b>Ability</b> Tool Concealment
<br>Each Pokemon Tool card in play has no effect.",0.11,0.35,2.55,0.36,,Normal,31/108,Rare,Psychic,90,Stage 1,[2P] Psyshot (60),,Dx2,F-20,1,
98067,Banette (31),Banette 31,https://tcgplayer-cdn.tcgplayer.com/product/98067_200w.jpg,3,1534,https://cpt.tcgcsv.com/mfP,2025-02-07T20:23:17.79,1,"<b>Ability</b> Tool Concealment
<br>Each Pokemon Tool card in play has no effect.",0.1,0.5,2.98,0.68,,Reverse Holofoil,31/108,Rare,Psychic,90,Stage 1,[2P] Psyshot (60),,Dx2,F-20,1,
98068,Banette (32 Delta),Banette 32 Delta,https://tcgplayer-cdn.tcgplayer.com/product/98068_200w.jpg,3,1534,https://cpt.tcgcsv.com/nfP,2025-02-07T20:23:17.853,1,<b>Delta Evolution</b><em> You may play this card from your hand to evolve a Pokemon during your first turn or the turn you play that Pokemon.,0.2,0.53,4.26,0.51,,Normal,32/108,Rare,Psychic,90,Stage 1,"[P] Evolution Jammer (20)
<br>Your opponent can't play any Pokemon from his or her hand to evolve his or her Pokemon during his or her next turn.","[1P] Curse Deeply
<br>Put 5 damage counters on your opponent's Active Pokemon.",Dx2,F-20,1,
98068,Banette (32 Delta),Banette 32 Delta,https://tcgplayer-cdn.tcgplayer.com/product/98068_200w.jpg,3,1534,https://cpt.tcgcsv.com/nfP,2025-02-07T20:23:17.853,1,<b>Delta Evolution</b><em> You may play this card from your hand to evolve a Pokemon during your first turn or the turn you play that Pokemon.,0.84,1.73,8.0,1.71,,Reverse Holofoil,32/108,Rare,Psychic,90,Stage 1,"[P] Evolution Jammer (20)
<br>Your opponent can't play any Pokemon from his or her hand to evolve his or her Pokemon during his or her next turn.","[1P] Curse Deeply
<br>Put 5 damage counters on your opponent's Active Pokemon.",Dx2,F-20,1,
98069,Deoxys,Deoxys,https://tcgplayer-cdn.tcgplayer.com/product/98069_200w.jpg,3,1534,https://cpt.tcgcsv.com/pfP,2024-12-24T14:31:53.733,1,,0.55,1.6,4.25,1.68,2.47,Holofoil,33/108,Holo Rare,Psychic,110,Basic,"[1] Close Encounter
<br>If you go first, you can use this attack on your first turn. Draw 2 cards.","[1P] Overdrive Smash (30)
<br>During your next turn, this Pokemon's Overdrive Smash attack does 60 more damage <i> (before applying Weakness and Resistance.)</i>",Px2,None,1,
98069,Deoxys,Deoxys,https://tcgplayer-cdn.tcgplayer.com/product/98069_200w.jpg,3,1534,https://cpt.tcgcsv.com/pfP,2024-12-24T14:31:53.733,1,,0.6,1.71,3.99,1.72,,Reverse Holofoil,33/108,Holo Rare,Psychic,110,Basic,"[1] Close Encounter
<br>If you go first, you can use this attack on your first turn. Draw 2 cards.","[1P] Overdrive Smash (30)
<br>During your next turn, this Pokemon's Overdrive Smash attack does 60 more damage <i> (before applying Weakness and Resistance.)</i>",Px2,None,1,
98070,Gallade EX,Gallade EX,https://tcgplayer-cdn.tcgplayer.com/product/98070_200w.jpg,3,1534,https://cpt.tcgcsv.com/qfP,2022-12-19T20:11:04.377,1,"When a Pokemon EX has been Knocked Out, your opponent takes 2 Prize cards.",1.75,2.61,16.0,2.34,3.06,Holofoil,34/108,Ultra Rare,Psychic,170,Basic,"[1P] Swift Lunge (30)
<br>You may have your opponent switch his or her Active Pokemon with 1 of his or her Benched Pokemon.","[PPP] Piercing Prizes (50+)
<br>This attack does 20 more damage for each of your remaining Prize cards.",Px2,None,2,
98071,M Gallade EX,M Gallade EX,https://tcgplayer-cdn.tcgplayer.com/product/98071_200w.jpg,3,1534,https://cpt.tcgcsv.com/rfP,2022-12-19T20:11:15.533,1,"When 1 of your Pokemon becomes a Mega Evolution Pokemon, your turn ends.
<br>
<br>

When a Pokemon EX has been Knocked Out, your opponent takes 2 Prize cards.",11.92,19.65,64.78,20.27,13.8,Holofoil,35/108,Ultra Rare,Psychic,220,Mega,"[1PP] Unwavering Blade (110)
<br>This attack does 30 damage to each of your opponent's Benched Pokemon that has damage counters on it. <i>(Don't apply Weakness and Resistance for Benched Pokemon.)</i>",,Px2,None,2,
98072,Gligar,Gligar,https://tcgplayer-cdn.tcgplayer.com/product/98072_200w.jpg,3,1534,https://cpt.tcgcsv.com/sfP,2022-12-19T20:11:23.827,1,,0.03,0.15,1.49,0.14,,Normal,36/108,Common,Fighting,70,Basic,"[1] Stun Poison
<br>Flip a coin. If heads, your opponent's Active Pokemon is now Paralyzed and Poisoned.",,Wx2,None,1,
98072,Gligar,Gligar,https://tcgplayer-cdn.tcgplayer.com/product/98072_200w.jpg,3,1534,https://cpt.tcgcsv.com/sfP,2022-12-19T20:11:23.827,1,,0.05,0.3,2.0,0.29,0.22,Reverse Holofoil,36/108,Common,Fighting,70,Basic,"[1] Stun Poison
<br>Flip a coin. If heads, your opponent's Active Pokemon is now Paralyzed and Poisoned.",,Wx2,None,1,
98073,Gliscor,Gliscor,https://tcgplayer-cdn.tcgplayer.com/product/98073_200w.jpg,3,1534,https://cpt.tcgcsv.com/tfP,2022-12-19T20:11:33.19,1,,0.04,0.2,1.49,0.16,0.1,Normal,37/108,Uncommon,Fighting,90,Stage 1,"[1] Rock Slide (20)
<br>This attack does 20 damage to 2 of your opponent's Benched Pokemon <i>(Don't apply Weakness and Resistance for Benched Pokemon.)</i>",[1F] Slash (40),Wx2,None,1,
98073,Gliscor,Gliscor,https://tcgplayer-cdn.tcgplayer.com/product/98073_200w.jpg,3,1534,https://cpt.tcgcsv.com/tfP,2022-12-19T20:11:33.19,1,,0.19,0.5,2.98,0.56,,Reverse Holofoil,37/108,Uncommon,Fighting,90,Stage 1,"[1] Rock Slide (20)
<br>This attack does 20 damage to 2 of your opponent's Benched Pokemon <i>(Don't apply Weakness and Resistance for Benched Pokemon.)</i>",[1F] Slash (40),Wx2,None,1,
98074,Binacle,Binacle,https://tcgplayer-cdn.tcgplayer.com/product/98074_200w.jpg,3,1534,https://cpt.tcgcsv.com/vfP,2023-10-21T19:57:49.783,1,,0.01,0.15,3.0,0.09,,Normal,38/108,Common,Fighting,60,Basic,"[F] Sand Attack
<br>If the Defending Pokemon tries to attack during your opponent's next turn, your opponent flips a coin. If tails, that attack does nothing.",[1FF] Mud-Slap (40),Gx2,None,2,
98074,Binacle,Binacle,https://tcgplayer-cdn.tcgplayer.com/product/98074_200w.jpg,3,1534,https://cpt.tcgcsv.com/vfP,2023-10-21T19:57:49.783,1,,0.08,0.3,2.0,0.3,0.23,Reverse Holofoil,38/108,Common,Fighting,60,Basic,"[F] Sand Attack
<br>If the Defending Pokemon tries to attack during your opponent's next turn, your opponent flips a coin. If tails, that attack does nothing.",[1FF] Mud-Slap (40),Gx2,None,2,
98075,Hawlucha,Hawlucha,https://tcgplayer-cdn.tcgplayer.com/product/98075_200w.jpg,3,1534,https://cpt.tcgcsv.com/wfP,2022-12-19T20:11:53.967,1,,0.01,0.15,1.49,0.13,,Normal,39/108,Common,Fighting,80,Basic,[F] Tackle (10),"[3] Midair Strike (40+)
<br>Flip a coin. If heads, this attack does 40 more damage.",Lx2,F-20,1,
98075,Hawlucha,Hawlucha,https://tcgplayer-cdn.tcgplayer.com/product/98075_200w.jpg,3,1534,https://cpt.tcgcsv.com/wfP,2022-12-19T20:11:53.967,1,,0.08,0.33,2.57,0.36,,Reverse Holofoil,39/108,Common,Fighting,80,Basic,[F] Tackle (10),"[3] Midair Strike (40+)
<br>Flip a coin. If heads, this attack does 40 more damage.",Lx2,F-20,1,
98076,Absol,Absol,https://tcgplayer-cdn.tcgplayer.com/product/98076_200w.jpg,3,1534,https://cpt.tcgcsv.com/xfP,2022-12-19T20:12:04.067,1,"<b>Ability - </b>Cursed Eyes
<br>When you play this Pokemon from your hand to your Bench, you may move 3 damage counters from one of your opponent's Pokemon to another of his or her Pokemon.",0.35,0.6,2.98,0.59,,Holofoil,40/108,Holo Rare,Darkness,100,Basic,"[1D] Mach Claw (30)
<br>This attack's damage isn't affected by Resistance.",,Fx2,P-20,1,
98076,Absol,Absol,https://tcgplayer-cdn.tcgplayer.com/product/98076_200w.jpg,3,1534,https://cpt.tcgcsv.com/xfP,2022-12-19T20:12:04.067,1,"<b>Ability - </b>Cursed Eyes
<br>When you play this Pokemon from your hand to your Bench, you may move 3 damage counters from one of your opponent's Pokemon to another of his or her Pokemon.",0.25,0.75,3.18,0.75,,Reverse Holofoil,40/108,Holo Rare,Darkness,100,Basic,"[1D] Mach Claw (30)
<br>This attack's damage isn't affected by Resistance.",,Fx2,P-20,1,
98077,Inkay,Inkay,https://tcgplayer-cdn.tcgplayer.com/product/98077_200w.jpg,3,1534,https://cpt.tcgcsv.com/zfP,2022-12-19T20:12:13.82,1,,0.05,0.21,1.49,0.21,0.15,Normal,41/108,Common,Darkness,50,Basic,"[D] Rip Off
<br>Choose a random card from your opponent's hand. Your opponent reveals that card and shuffles it into his or her deck.","[1D] Psybeam (20)
<br>Flip a coin. If heads, your opponent's Active Pokemon is now Confused.",Fx2,P-20,1,
98077,Inkay,Inkay,https://tcgplayer-cdn.tcgplayer.com/product/98077_200w.jpg,3,1534,https://cpt.tcgcsv.com/zfP,2022-12-19T20:12:13.82,1,,0.18,0.46,2.0,0.46,0.48,Reverse Holofoil,41/108,Common,Darkness,50,Basic,"[D] Rip Off
<br>Choose a random card from your opponent's hand. Your opponent reveals that card and shuffles it into his or her deck.","[1D] Psybeam (20)
<br>Flip a coin. If heads, your opponent's Active Pokemon is now Confused.",Fx2,P-20,1,
98078,Jirachi,Jirachi,https://tcgplayer-cdn.tcgplayer.com/product/98078_200w.jpg,3,1534,https://cpt.tcgcsv.com/BfP,2023-01-25T21:55:05.83,1,,1.51,2.82,5.04,3.05,,Holofoil,42/108,Holo Rare,Metal,60,Basic,"[M] Diminutive Desire
<br>Look at the top 7 cards of your deck and put 1 of them into your hand. Shuffle the other cards back into your deck.","[1M] Doom Desire
<br>Discard all Energy attached to this Pokemon. The Defending Pokemon is Knocked Out at the end of your opponent's next turn.",Rx2,P-20,1,
98078,Jirachi,Jirachi,https://tcgplayer-cdn.tcgplayer.com/product/98078_200w.jpg,3,1534,https://cpt.tcgcsv.com/BfP,2023-01-25T21:55:05.83,1,,1.0,2.17,3.37,2.57,,Reverse Holofoil,42/108,Holo Rare,Metal,60,Basic,"[M] Diminutive Desire
<br>Look at the top 7 cards of your deck and put 1 of them into your hand. Shuffle the other cards back into your deck.","[1M] Doom Desire
<br>Discard all Energy attached to this Pokemon. The Defending Pokemon is Knocked Out at the end of your opponent's next turn.",Rx2,P-20,1,
98079,Togepi,Togepi,https://tcgplayer-cdn.tcgplayer.com/product/98079_200w.jpg,3,1534,https://cpt.tcgcsv.com/CfP,2024-08-28T16:23:24.22,1,,0.05,0.23,2.95,0.23,,Normal,43/108,Common,Fairy,40,Basic,"[1] Sweet Kiss (10)
<br>Your opponent draws a card.",,Mx2,D-20,1,
98079,Togepi,Togepi,https://tcgplayer-cdn.tcgplayer.com/product/98079_200w.jpg,3,1534,https://cpt.tcgcsv.com/CfP,2024-08-28T16:23:24.22,1,,0.21,0.66,2.0,0.7,,Reverse Holofoil,43/108,Common,Fairy,40,Basic,"[1] Sweet Kiss (10)
<br>Your opponent draws a card.",,Mx2,D-20,1,
98080,Togetic,Togetic,https://tcgplayer-cdn.tcgplayer.com/product/98080_200w.jpg,3,1534,https://cpt.tcgcsv.com/DfP,2024-08-28T16:23:14.573,1,,0.05,0.26,3.25,0.26,,Normal,44/108,Uncommon,Fairy,80,Stage 1,"[Y] Go Fetch
<br>Shuffle 3 basic Energy cards from your discard pile into your deck.",[2Y] Fairy Wind (40),Mx2,D-20,1,
98080,Togetic,Togetic,https://tcgplayer-cdn.tcgplayer.com/product/98080_200w.jpg,3,1534,https://cpt.tcgcsv.com/DfP,2024-08-28T16:23:14.573,1,,0.25,0.58,2.99,0.51,,Reverse Holofoil,44/108,Uncommon,Fairy,80,Stage 1,"[Y] Go Fetch
<br>Shuffle 3 basic Energy cards from your discard pile into your deck.",[2Y] Fairy Wind (40),Mx2,D-20,1,
98081,Togekiss (45),Togekiss 45,https://tcgplayer-cdn.tcgplayer.com/product/98081_200w.jpg,3,1534,https://cpt.tcgcsv.com/FfP,2024-08-28T16:22:57.363,1,,0.25,0.7,2.25,0.86,,Normal,45/108,Rare,Fairy,140,Stage 2,"[1] Powerful Slap (50x)
<br>Flip a coin for each Energy attached to this Pokemon. This attack does 50 damage times the number of heads.","[1YY] Aura Sphere (70)
<br>This attack does 20 damage to 1 of your opponent's Benched Pokemon. <i>(Don't apply Weakness and Resistance for Benched Pokemon.)",Mx2,D-20,2,
98081,Togekiss (45),Togekiss 45,https://tcgplayer-cdn.tcgplayer.com/product/98081_200w.jpg,3,1534,https://cpt.tcgcsv.com/FfP,2024-08-28T16:22:57.363,1,,1.18,1.52,3.0,1.53,,Reverse Holofoil,45/108,Rare,Fairy,140,Stage 2,"[1] Powerful Slap (50x)
<br>Flip a coin for each Energy attached to this Pokemon. This attack does 50 damage times the number of heads.","[1YY] Aura Sphere (70)
<br>This attack does 20 damage to 1 of your opponent's Benched Pokemon. <i>(Don't apply Weakness and Resistance for Benched Pokemon.)",Mx2,D-20,2,
98082,Togekiss (46 Delta),Togekiss 46 Delta,https://tcgplayer-cdn.tcgplayer.com/product/98082_200w.jpg,3,1534,https://cpt.tcgcsv.com/GfP,2025-02-07T20:23:17.9,1,"<b>Delta Evolution</b> <em>You may play this card from your hand to evolve a Pokemon during your first turn or the turn you play that Pokemon.</em>
<br>
<br>
<br><b>Ability -</b> Serene Grace
<br>When you play this Pokemon from your hand to evolve 1 of your Pokemon, you may look at the top 8 cards of your deck. Choose any basic Energy cards you find there and attach them to your Pokemon in any way you like. Shuffle the other cards back into your deck.",1.0,1.7,5.47,1.88,,Holofoil,46/108,Holo Rare,Fairy,130,Stage 2,[2Y] Fairy Wind (60),,Mx2,D-20,1,
98082,Togekiss (46 Delta),Togekiss 46 Delta,https://tcgplayer-cdn.tcgplayer.com/product/98082_200w.jpg,3,1534,https://cpt.tcgcsv.com/GfP,2025-02-07T20:23:17.9,1,"<b>Delta Evolution</b> <em>You may play this card from your hand to evolve a Pokemon during your first turn or the turn you play that Pokemon.</em>
<br>
<br>
<br><b>Ability -</b> Serene Grace
<br>When you play this Pokemon from your hand to evolve 1 of your Pokemon, you may look at the top 8 cards of your deck. Choose any basic Energy cards you find there and attach them to your Pokemon in any way you like. Shuffle the other cards back into your deck.",1.25,2.59,8.0,2.59,,Reverse Holofoil,46/108,Holo Rare,Fairy,130,Stage 2,[2Y] Fairy Wind (60),,Mx2,D-20,1,
98083,Carbink,Carbink,https://tcgplayer-cdn.tcgplayer.com/product/98083_200w.jpg,3,1534,https://cpt.tcgcsv.com/HfP,2025-02-07T20:23:17.947,1,"<b>Ability -</b> Jewel Armor
<br>As long as this Pokemon is on your Bench, prevent all damage done to this Pokemon by attacks <em>(both yours and your opponent's).</em>",0.1,0.34,2.25,0.32,,Normal,47/108,Rare,Fairy,70,Basic,"[2Y] Spin Tackle (60)
<br>Flip a coin. If tails, this Pokemon does 20 damage to itself.",,Mx2,D-20,2,
98083,Carbink,Carbink,https://tcgplayer-cdn.tcgplayer.com/product/98083_200w.jpg,3,1534,https://cpt.tcgcsv.com/HfP,2025-02-07T20:23:17.947,1,"<b>Ability -</b> Jewel Armor
<br>As long as this Pokemon is on your Bench, prevent all damage done to this Pokemon by attacks <em>(both yours and your opponent's).</em>",0.2,0.5,4.64,0.48,,Reverse Holofoil,47/108,Rare,Fairy,70,Basic,"[2Y] Spin Tackle (60)
<br>Flip a coin. If tails, this Pokemon does 20 damage to itself.",,Mx2,D-20,2,
98084,Klefki,Klefki,https://tcgplayer-cdn.tcgplayer.com/product/98084_200w.jpg,3,1534,https://cpt.tcgcsv.com/JfP,2024-08-28T16:22:35.183,1,,0.1,0.31,3.27,0.31,,Normal,48/108,Rare,Fairy,60,Basic,"[Y] Look for Keys
<br>Reveal cards from the top of your deck until you reveal an Item card. Put it into your hand. Shuffle the other cards back into your deck.","[1Y] Play Rough (20+)
<br>Flip a coin. IF heads, this attack does 20 more damage.",Mx2,D-20,1,
98084,Klefki,Klefki,https://tcgplayer-cdn.tcgplayer.com/product/98084_200w.jpg,3,1534,https://cpt.tcgcsv.com/JfP,2024-08-28T16:22:35.183,1,,0.25,0.55,2.0,0.55,,Reverse Holofoil,48/108,Rare,Fairy,60,Basic,"[Y] Look for Keys
<br>Reveal cards from the top of your deck until you reveal an Item card. Put it into your hand. Shuffle the other cards back into your deck.","[1Y] Play Rough (20+)
<br>Flip a coin. IF heads, this attack does 20 more damage.",Mx2,D-20,1,
98085,Dratini,Dratini,https://tcgplayer-cdn.tcgplayer.com/product/98085_200w.jpg,3,1534,https://cpt.tcgcsv.com/KfP,2025-02-07T20:23:18.003,1,,0.05,0.2,1.49,0.19,,Normal,49/108,Common,Dragon,50,Basic,[G] Hook (10),"[1L] Slam (20x)
<br>Flip 2 coins. This attack does 20 damage times the number of heads.",Yx2,None,1,
98085,Dratini,Dratini,https://tcgplayer-cdn.tcgplayer.com/product/98085_200w.jpg,3,1534,https://cpt.tcgcsv.com/KfP,2025-02-07T20:23:18.003,1,,0.21,0.5,2.99,0.59,,Reverse Holofoil,49/108,Common,Dragon,50,Basic,[G] Hook (10),"[1L] Slam (20x)
<br>Flip 2 coins. This attack does 20 damage times the number of heads.",Yx2,None,1,
98086,Dragonair,Dragonair,https://tcgplayer-cdn.tcgplayer.com/product/98086_200w.jpg,3,1534,https://cpt.tcgcsv.com/LfP,2022-12-19T20:13:38.803,1,,0.09,0.25,1.77,0.3,0.15,Normal,50/108,Uncommon,Dragon,80,Stage 1,"[G] Shed Skin
<br>Heal 30 damage from this Pokemon.","[1GL] Slam (60x)
<br>Flip 2 coins. This attack does 60 damage times the number of heads.",Yx2,None,2,
98086,Dragonair,Dragonair,https://tcgplayer-cdn.tcgplayer.com/product/98086_200w.jpg,3,1534,https://cpt.tcgcsv.com/LfP,2022-12-19T20:13:38.803,1,,0.67,1.16,2.0,1.24,,Reverse Holofoil,50/108,Uncommon,Dragon,80,Stage 1,"[G] Shed Skin
<br>Heal 30 damage from this Pokemon.","[1GL] Slam (60x)
<br>Flip 2 coins. This attack does 60 damage times the number of heads.",Yx2,None,2,
98087,Dragonite (51),Dragonite 51,https://tcgplayer-cdn.tcgplayer.com/product/98087_200w.jpg,3,1534,https://cpt.tcgcsv.com/MfP,2022-12-19T20:32:50,1,"<b>Ability - </b>Max Wind
<br>When you play this Pokemon from your hand to evolve 1 of your Pokemon, you may heal all damage from 1 of your Pokemon.",0.65,1.1,2.44,1.5,,Normal,51/108,Rare,Dragon,150,Stage 2,"[1GL] Mach Press (80)
<br>Flip 2 coins. If both of them are heads, your opponent's Active Pokemon is now Paralyzed.",,Yx2,None,3,
98087,Dragonite (51),Dragonite 51,https://tcgplayer-cdn.tcgplayer.com/product/98087_200w.jpg,3,1534,https://cpt.tcgcsv.com/MfP,2022-12-19T20:32:50,1,"<b>Ability - </b>Max Wind
<br>When you play this Pokemon from your hand to evolve 1 of your Pokemon, you may heal all damage from 1 of your Pokemon.",2.29,5.02,9.99,5.4,4.46,Reverse Holofoil,51/108,Rare,Dragon,150,Stage 2,"[1GL] Mach Press (80)
<br>Flip 2 coins. If both of them are heads, your opponent's Active Pokemon is now Paralyzed.",,Yx2,None,3,
98088,Dragonite (52 Delta),Dragonite 52 Delta,https://tcgplayer-cdn.tcgplayer.com/product/98088_200w.jpg,3,1534,https://cpt.tcgcsv.com/NfP,2024-12-05T11:16:56.373,1,"<b>Delta Plus</b> <em>If your opponent's Pokemon is Knocked Out by damage from an attack by this Pokemon, take 1 more Prize card.",13.0,22.2,43.5,12.85,14.64,Holofoil,52/108,Holo Rare,Dragon,160,Stage 2,"[L] Wrapped in Wind
<br>Attach up to 2 basic Energy cards from your hand to this Pokemon.",[1GGGL] Heavy Impact (150),Yx2,None,4,
98088,Dragonite (52 Delta),Dragonite 52 Delta,https://tcgplayer-cdn.tcgplayer.com/product/98088_200w.jpg,3,1534,https://cpt.tcgcsv.com/NfP,2024-12-05T11:16:56.373,1,"<b>Delta Plus</b> <em>If your opponent's Pokemon is Knocked Out by damage from an attack by this Pokemon, take 1 more Prize card.",11.98,34.95,39.99,11.72,,Reverse Holofoil,52/108,Holo Rare,Dragon,160,Stage 2,"[L] Wrapped in Wind
<br>Attach up to 2 basic Energy cards from your hand to this Pokemon.",[1GGGL] Heavy Impact (150),Yx2,None,4,
98089,Altaria (53),Altaria 53,https://tcgplayer-cdn.tcgplayer.com/product/98089_200w.jpg,3,1534,https://cpt.tcgcsv.com/PfP,2025-02-07T20:23:18.04,1,,0.02,0.22,1.49,0.21,,Normal,53/108,Uncommon,Dragon,80,Stage 1,"[1] Song of Echoes
<br>Shuffle your hand into your deck. Then, draw a number of cards equal to the number of Benched Pokemon <i>(both yours and your opponent's).</i>","[WM] Midnight Eyes (30)
<br>Your opponent's Active Pokemon is now Asleep.",Yx2,None,1,
98089,Altaria (53),Altaria 53,https://tcgplayer-cdn.tcgplayer.com/product/98089_200w.jpg,3,1534,https://cpt.tcgcsv.com/PfP,2025-02-07T20:23:18.04,1,,0.2,0.46,4.99,0.46,,Reverse Holofoil,53/108,Uncommon,Dragon,80,Stage 1,"[1] Song of Echoes
<br>Shuffle your hand into your deck. Then, draw a number of cards equal to the number of Benched Pokemon <i>(both yours and your opponent's).</i>","[WM] Midnight Eyes (30)
<br>Your opponent's Active Pokemon is now Asleep.",Yx2,None,1,
98090,Bagon (54),Bagon 54,https://tcgplayer-cdn.tcgplayer.com/product/98090_200w.jpg,3,1534,https://cpt.tcgcsv.com/QfP,2022-12-19T20:37:25.773,1,,0.04,0.17,1.9,0.16,,Normal,54/108,Common,Dragon,60,Basic,"[1R] Continuous Headbutt (30x)
<br>Flip a coin until you get tails. This attack does 30 damage times the number of heads.",,Yx2,None,1,
98090,Bagon (54),Bagon 54,https://tcgplayer-cdn.tcgplayer.com/product/98090_200w.jpg,3,1534,https://cpt.tcgcsv.com/QfP,2022-12-19T20:37:25.773,1,,0.08,0.31,2.24,0.32,0.25,Reverse Holofoil,54/108,Common,Dragon,60,Basic,"[1R] Continuous Headbutt (30x)
<br>Flip a coin until you get tails. This attack does 30 damage times the number of heads.",,Yx2,None,1,
98091,Bagon (55),Bagon 55,https://tcgplayer-cdn.tcgplayer.com/product/98091_200w.jpg,3,1534,https://cpt.tcgcsv.com/RfP,2022-12-19T20:33:21.82,1,,0.05,0.2,1.49,0.2,,Normal,55/108,Common,Dragon,60,Basic,"[1] Leer
<br>Flip a coin. If heads, your opponent's Active Pokemon is now Paralyzed.","[RW] Almost Flight (30)
<br>This Pokemon does 10 damage to itself.",Yx2,None,1,
98091,Bagon (55),Bagon 55,https://tcgplayer-cdn.tcgplayer.com/product/98091_200w.jpg,3,1534,https://cpt.tcgcsv.com/RfP,2022-12-19T20:33:21.82,1,,0.1,0.39,4.5,0.39,,Reverse Holofoil,55/108,Common,Dragon,60,Basic,"[1] Leer
<br>Flip a coin. If heads, your opponent's Active Pokemon is now Paralyzed.","[RW] Almost Flight (30)
<br>This Pokemon does 10 damage to itself.",Yx2,None,1,
98092,Shelgon,Shelgon,https://tcgplayer-cdn.tcgplayer.com/product/98092_200w.jpg,3,1534,https://cpt.tcgcsv.com/SfP,2022-12-19T20:33:28.62,1,"<b>Ability -</b> Exoskeleton
<br>Any damage done to this Pokemon by attacks is reduced by 10 <em>(after applying Weakness and Resistance.)</em>",0.03,0.2,1.49,0.18,,Normal,56/108,Uncommon,Dragon,80,Stage 1,[1RW] Rolling Tackle (60),,Yx2,None,3,
98092,Shelgon,Shelgon,https://tcgplayer-cdn.tcgplayer.com/product/98092_200w.jpg,3,1534,https://cpt.tcgcsv.com/SfP,2022-12-19T20:33:28.62,1,"<b>Ability -</b> Exoskeleton
<br>Any damage done to this Pokemon by attacks is reduced by 10 <em>(after applying Weakness and Resistance.)</em>",0.25,0.58,4.24,0.58,,Reverse Holofoil,56/108,Uncommon,Dragon,80,Stage 1,[1RW] Rolling Tackle (60),,Yx2,None,3,
98093,Salamence,Salamence,https://tcgplayer-cdn.tcgplayer.com/product/98093_200w.jpg,3,1534,https://cpt.tcgcsv.com/TfP,2023-03-08T12:18:58.797,1,,0.75,1.01,7.87,1.12,,Holofoil,57/108,Holo Rare,Dragon,160,Stage 2,"[R] Shatter (60)
<br>Discard any Stadium card in play.","[2W] Power Howl (20x)
<br>This attack does 20 damage times the number of cards in your opponent's hand.",Yx2,None,4,"[1RRW] Steam Blast (170)
<br>Discard 3 Energy attached to this Pokemon."
98093,Salamence,Salamence,https://tcgplayer-cdn.tcgplayer.com/product/98093_200w.jpg,3,1534,https://cpt.tcgcsv.com/TfP,2023-03-08T12:18:58.797,1,,0.59,1.25,2.2,1.26,,Reverse Holofoil,57/108,Holo Rare,Dragon,160,Stage 2,"[R] Shatter (60)
<br>Discard any Stadium card in play.","[2W] Power Howl (20x)
<br>This attack does 20 damage times the number of cards in your opponent's hand.",Yx2,None,4,"[1RRW] Steam Blast (170)
<br>Discard 3 Energy attached to this Pokemon."
98094,Latios EX,Latios EX,https://tcgplayer-cdn.tcgplayer.com/product/98094_200w.jpg,3,1534,https://cpt.tcgcsv.com/VfP,2023-05-22T19:32:40.9,1,"<em>When a Pokemon EX has been Knocked Out, your opponent takes 2 Prize cards.</em>",2.99,5.47,8.48,6.14,7.42,Holofoil,58/108,Ultra Rare,Dragon,170,Basic,"[P] Fast Raid (40)
<br>If you go first, you can use this attack on your first turn.","[1WPP] Light Pulse (110)
<br>Prevent all effects of your opponent's attacks, except damage, done to this Pokemon during your opponent's next turn.",Yx2,None,2,
98095,M Latios EX,M Latios EX,https://tcgplayer-cdn.tcgplayer.com/product/98095_200w.jpg,3,1534,https://cpt.tcgcsv.com/WfP,2023-10-16T09:39:51.737,1,"When 1 of your Pokemon becomes a Mega Evolution Pokemon, your turn ends.
<br>
<br>
<em>When a Pokemon EX has been Knocked Out, your opponent takes 2 Prize cards.</em>",21.0,30.79,65.88,30.88,24.49,Holofoil,59/108,Ultra Rare,Dragon,220,Mega,"[1WP] Sonic Ace
<br>Discard 2 Energy attached to this Pokemon. This attack does 120 damage to 1 of your opponent's Pokemon. <i>(Don't apply Weakness and Resistance for Benched Pokemon.)</i>",,Yx2,None,0,
98096,Rayquaza EX (60),Rayquaza EX 60,https://tcgplayer-cdn.tcgplayer.com/product/98096_200w.jpg,3,1534,https://cpt.tcgcsv.com/XfP,2022-12-19T20:34:28.71,1,,5.64,11.97,22.01,13.35,,Holofoil,60/108,Ultra Rare,Dragon,180,Basic,[2] Dragon Claw (30),"[1RRL] Dragon Strike (130)
<br>Flip a coin. If tails, this Pokemon can't use Dragon Strike during your next turn.",Yx2,None,2,
98097,M Rayquaza EX (61),M Rayquaza EX 61,https://tcgplayer-cdn.tcgplayer.com/product/98097_200w.jpg,3,1534,https://cpt.tcgcsv.com/ZfP,2023-05-23T05:56:13.183,1,"<b>Delta Wild</b> <em>Any damage done to this Pokemon by attacks from your opponent's Grass, Fire, Water, or Lightning Pokemon is reduced by 20 (after applying Weakness and Resistance)</em>.",48.5,79.99,199.99,87.14,50.0,Holofoil,61/108,Ultra Rare,Dragon,230,Mega,"[1RRRL] Dragon Ascent (300)
<br>Discard 2 Energy attached to this Pokemon.",,Yx2,None,2,
98098,Hydreigon EX,Hydreigon EX,https://tcgplayer-cdn.tcgplayer.com/product/98098_200w.jpg,3,1534,https://cpt.tcgcsv.com/-fP,2023-08-30T14:17:57.373,1,"<b>Ability - </b>Dragon Road
<br>If there is any Stadium card in play, the Retreat Cost of each of your Dragon Pokemon in play is 2 Colorless less.",2.5,4.0,23.65,4.17,,Holofoil,62/108,Ultra Rare,Dragon,180,Basic,"[1PD] Shred (80)
<br>This attack's damage isn't affected by effects on your opponent's Active Pokemon.",,Yx2,None,3,
98099,Reshiram,Reshiram,https://tcgplayer-cdn.tcgplayer.com/product/98099_200w.jpg,3,1534,https://cpt.tcgcsv.com/_fP,2023-02-14T21:20:42.913,1,"<b>Ability - </b>Turboblaze
<br>Once during your turn <em>(before you attack)</em>, if this Pokemon is your Active Pokemon, you may attach a Fire Energy card from your hand to 1 of your Dragon Pokemon.",1.42,2.5,22.47,2.67,19.09,Holofoil,63/108,Holo Rare,Dragon,130,Basic,"[1RRL] Bright Wing (110)
<br>Discard a Fire Energy attached to this Pokemon.",,Yx2,None,2,
98099,Reshiram,Reshiram,https://tcgplayer-cdn.tcgplayer.com/product/98099_200w.jpg,3,1534,https://cpt.tcgcsv.com/_fP,2023-02-14T21:20:42.913,1,"<b>Ability - </b>Turboblaze
<br>Once during your turn <em>(before you attack)</em>, if this Pokemon is your Active Pokemon, you may attach a Fire Energy card from your hand to 1 of your Dragon Pokemon.",1.96,3.25,4.99,1.89,,Reverse Holofoil,63/108,Holo Rare,Dragon,130,Basic,"[1RRL] Bright Wing (110)
<br>Discard a Fire Energy attached to this Pokemon.",,Yx2,None,2,
98100,Zekrom,Zekrom,https://tcgplayer-cdn.tcgplayer.com/product/98100_200w.jpg,3,1534,https://cpt.tcgcsv.com/0gP,2023-07-03T09:41:06.573,1,,0.45,0.93,3.62,0.9,,Holofoil,64/108,Holo Rare,Dragon,130,Basic,"[L] Energy Stream (30)
<br>Attach a basic Energy card from your discard pile to this Pokemon.",[1RLL] Electric Ball (100),Yx2,None,2,
98100,Zekrom,Zekrom,https://tcgplayer-cdn.tcgplayer.com/product/98100_200w.jpg,3,1534,https://cpt.tcgcsv.com/0gP,2023-07-03T09:41:06.573,1,,0.46,0.98,9.99,0.93,,Reverse Holofoil,64/108,Holo Rare,Dragon,130,Basic,"[L] Energy Stream (30)
<br>Attach a basic Energy card from your discard pile to this Pokemon.",[1RLL] Electric Ball (100),Yx2,None,2,
98101,Spearow,Spearow,https://tcgplayer-cdn.tcgplayer.com/product/98101_200w.jpg,3,1534,https://cpt.tcgcsv.com/2gP,2023-01-09T16:05:25.367,1,,0.02,0.15,1.49,0.08,,Normal,65/108,Common,Colorless,60,Basic,[2] Peck (30),,Lx2,F-20,1,
98101,Spearow,Spearow,https://tcgplayer-cdn.tcgplayer.com/product/98101_200w.jpg,3,1534,https://cpt.tcgcsv.com/2gP,2023-01-09T16:05:25.367,1,,0.1,0.3,3.69,0.29,0.24,Reverse Holofoil,65/108,Common,Colorless,60,Basic,[2] Peck (30),,Lx2,F-20,1,
98102,Fearow,Fearow,https://tcgplayer-cdn.tcgplayer.com/product/98102_200w.jpg,3,1534,https://cpt.tcgcsv.com/3gP,2023-03-27T17:08:27.083,1,,0.03,0.18,3.0,0.11,,Normal,66/108,Uncommon,Colorless,100,Stage 1,[1] Peck (30),"[4] Drill Run (70)
<br>Flip a coin. If heads, discard an Energy attached to your opponent's Active Pokemon.",Lx2,F-20,1,
98102,Fearow,Fearow,https://tcgplayer-cdn.tcgplayer.com/product/98102_200w.jpg,3,1534,https://cpt.tcgcsv.com/3gP,2023-03-27T17:08:27.083,1,,0.11,0.35,3.45,0.35,,Reverse Holofoil,66/108,Uncommon,Colorless,100,Stage 1,[1] Peck (30),"[4] Drill Run (70)
<br>Flip a coin. If heads, discard an Energy attached to your opponent's Active Pokemon.",Lx2,F-20,1,
98103,Meowth,Meowth,https://tcgplayer-cdn.tcgplayer.com/product/98103_200w.jpg,3,1534,https://cpt.tcgcsv.com/5gP,2022-12-19T20:35:38.1,1,,0.04,0.25,1.49,0.29,,Normal,67/108,Common,Colorless,60,Basic,"[1] Feelin' Fine
<br>Draw a card.","[3] Fury Swipes (20x)
<br>Flip 3 coins. This attack does 20 damage times the number of heads.",Fx2,None,1,
98103,Meowth,Meowth,https://tcgplayer-cdn.tcgplayer.com/product/98103_200w.jpg,3,1534,https://cpt.tcgcsv.com/5gP,2022-12-19T20:35:38.1,1,,0.13,0.5,2.0,0.56,,Reverse Holofoil,67/108,Common,Colorless,60,Basic,"[1] Feelin' Fine
<br>Draw a card.","[3] Fury Swipes (20x)
<br>Flip 3 coins. This attack does 20 damage times the number of heads.",Fx2,None,1,
98104,Dunsparce,Dunsparce,https://tcgplayer-cdn.tcgplayer.com/product/98104_200w.jpg,3,1534,https://cpt.tcgcsv.com/6gP,2022-12-19T20:35:47.44,1,,0.05,0.21,1.5,0.2,,Normal,68/108,Common,Colorless,60,Basic,"[1] Burrow
<br>DIscard the top card of your opponent's deck.",[1] Rollout (20),Fx2,None,0,
98104,Dunsparce,Dunsparce,https://tcgplayer-cdn.tcgplayer.com/product/98104_200w.jpg,3,1534,https://cpt.tcgcsv.com/6gP,2022-12-19T20:35:47.44,1,,0.15,0.39,2.0,0.42,,Reverse Holofoil,68/108,Common,Colorless,60,Basic,"[1] Burrow
<br>DIscard the top card of your opponent's deck.",[1] Rollout (20),Fx2,None,0,
98105,Skarmory,Skarmory,https://tcgplayer-cdn.tcgplayer.com/product/98105_200w.jpg,3,1534,https://cpt.tcgcsv.com/7gP,2022-12-19T20:35:56.313,1,,0.09,0.25,1.49,0.23,,Normal,69/108,Rare,Colorless,100,Basic,"[1] Call for Family
<br>Search your deck for up to 2 Basic Pokemon and put them onto your Bench. Shuffle your deck afterward.","[2] Blow Through (30+)
<br>If there is any Stadium card in play, this attack does 30 more damage.",Lx2,F-20,1,
98105,Skarmory,Skarmory,https://tcgplayer-cdn.tcgplayer.com/product/98105_200w.jpg,3,1534,https://cpt.tcgcsv.com/7gP,2022-12-19T20:35:56.313,1,,0.17,0.53,2.0,0.55,,Reverse Holofoil,69/108,Rare,Colorless,100,Basic,"[1] Call for Family
<br>Search your deck for up to 2 Basic Pokemon and put them onto your Bench. Shuffle your deck afterward.","[2] Blow Through (30+)
<br>If there is any Stadium card in play, this attack does 30 more damage.",Lx2,F-20,1,
98106,Taillow,Taillow,https://tcgplayer-cdn.tcgplayer.com/product/98106_200w.jpg,3,1534,https://cpt.tcgcsv.com/8gP,2025-02-07T20:23:18.087,1,,0.01,0.18,1.49,0.12,,Normal,70/108,Common,Colorless,50,Basic,"[1] Double Peck (10x)
<br>Flip 2 coins. This attack does 10 damage times the number of heads.",,Lx2,F-20,1,
98106,Taillow,Taillow,https://tcgplayer-cdn.tcgplayer.com/product/98106_200w.jpg,3,1534,https://cpt.tcgcsv.com/8gP,2025-02-07T20:23:18.087,1,,0.05,0.29,2.0,0.29,,Reverse Holofoil,70/108,Common,Colorless,50,Basic,"[1] Double Peck (10x)
<br>Flip 2 coins. This attack does 10 damage times the number of heads.",,Lx2,F-20,1,
98107,Swellow (71),Swellow 71,https://tcgplayer-cdn.tcgplayer.com/product/98107_200w.jpg,3,1534,https://cpt.tcgcsv.com/9gP,2022-12-19T20:36:17.003,1,,0.08,0.3,3.0,0.29,0.18,Normal,71/108,Rare,Colorless,90,Stage 1,"[1] Clutch (20)
<br>The Defending Pokemon can't retreat during your opponent's next turn.","[3] Aerial Ace (60+)
<br>Flip a coin. If heads, this attack does 30 more damage.",Lx2,F-20,1,
98107,Swellow (71),Swellow 71,https://tcgplayer-cdn.tcgplayer.com/product/98107_200w.jpg,3,1534,https://cpt.tcgcsv.com/9gP,2022-12-19T20:36:17.003,1,,0.12,0.4,2.0,0.34,,Reverse Holofoil,71/108,Rare,Colorless,90,Stage 1,"[1] Clutch (20)
<br>The Defending Pokemon can't retreat during your opponent's next turn.","[3] Aerial Ace (60+)
<br>Flip a coin. If heads, this attack does 30 more damage.",Lx2,F-20,1,
98108,Swellow (72 Delta),Swellow 72 Delta,https://tcgplayer-cdn.tcgplayer.com/product/98108_200w.jpg,3,1534,https://cpt.tcgcsv.com/bgP,2023-05-05T11:50:10.16,1,"<b>Delta Plus</b> <em>If your opponent's Pokemon is Knocked Out by damage from an attack of this Pokemon, take 1 more Prize card.",0.6,0.94,4.52,1.01,0.78,Holofoil,72/108,Holo Rare,Colorless,90,Stage 1,[2] Peck (30),[3] Wing Attack (50),Lx2,F-20,1,
98108,Swellow (72 Delta),Swellow 72 Delta,https://tcgplayer-cdn.tcgplayer.com/product/98108_200w.jpg,3,1534,https://cpt.tcgcsv.com/bgP,2023-05-05T11:50:10.16,1,"<b>Delta Plus</b> <em>If your opponent's Pokemon is Knocked Out by damage from an attack of this Pokemon, take 1 more Prize card.",0.49,1.25,4.99,1.33,3.99,Reverse Holofoil,72/108,Holo Rare,Colorless,90,Stage 1,[2] Peck (30),[3] Wing Attack (50),Lx2,F-20,1,
98109,Swablu,Swablu,https://tcgplayer-cdn.tcgplayer.com/product/98109_200w.jpg,3,1534,https://cpt.tcgcsv.com/cgP,2022-12-19T20:36:41.597,1,,0.01,0.2,1.49,0.17,,Normal,73/108,Common,Colorless,40,Basic,"[1] Bind Wound
<br>Heal 20 damage from 1 of your Pokemon.",,Lx2,F-20,1,
98109,Swablu,Swablu,https://tcgplayer-cdn.tcgplayer.com/product/98109_200w.jpg,3,1534,https://cpt.tcgcsv.com/cgP,2022-12-19T20:36:41.597,1,,0.11,0.31,2.0,0.29,0.26,Reverse Holofoil,73/108,Common,Colorless,40,Basic,"[1] Bind Wound
<br>Heal 20 damage from 1 of your Pokemon.",,Lx2,F-20,1,
98110,Altaria (74 Delta),Altaria 74 Delta,https://tcgplayer-cdn.tcgplayer.com/product/98110_200w.jpg,3,1534,https://cpt.tcgcsv.com/dgP,2022-12-19T20:36:54.03,1,"<b>Delta Evolution</b> <em>You may play this card form your hand to evolve a Pokemon during your first turn or the turn you play that Pokemon.</em>

<br>
<br><b>Abiltiy -</b> Clear Humming
<br>Each of your Colorless Pokemon has no Weakness.",0.23,0.87,4.99,1.09,,Normal,74/108,Rare,Colorless,90,Stage 1,[2] Wing Attack (30),,Lx2,F-20,1,
98110,Altaria (74 Delta),Altaria 74 Delta,https://tcgplayer-cdn.tcgplayer.com/product/98110_200w.jpg,3,1534,https://cpt.tcgcsv.com/dgP,2022-12-19T20:36:54.03,1,"<b>Delta Evolution</b> <em>You may play this card form your hand to evolve a Pokemon during your first turn or the turn you play that Pokemon.</em>

<br>
<br><b>Abiltiy -</b> Clear Humming
<br>Each of your Colorless Pokemon has no Weakness.",1.49,6.0,14.99,2.02,,Reverse Holofoil,74/108,Rare,Colorless,90,Stage 1,[2] Wing Attack (30),,Lx2,F-20,1,
98111,Rayquaza EX (75),Rayquaza EX 75,https://tcgplayer-cdn.tcgplayer.com/product/98111_200w.jpg,3,1534,https://cpt.tcgcsv.com/fgP,2022-12-19T20:37:05.22,1,,7.65,19.6,42.0,20.86,14.98,Holofoil,75/108,Ultra Rare,Colorless,170,Basic,"[1] Intensifying Burn (10+)
<br>If your opponent's Active Pokemon is a Pokemon EX, this attack does 50 more damage.","[3] Dragon Pulse (100)
<br>Discard the top 3 cards of your deck.",Lx2,F-20,2,
98112,M Rayquaza EX (76),M Rayquaza EX 76,https://tcgplayer-cdn.tcgplayer.com/product/98112_200w.jpg,3,1534,https://cpt.tcgcsv.com/ggP,2022-12-19T21:03:05.143,1,<b>Delta Evolution</b><em> You may play this card from your hand to evolve a Pokemon during your first turn or the turn you play that Pokemon.,34.59,62.69,150.0,66.55,40.99,Holofoil,76/108,Ultra Rare,Colorless,220,Mega,"[3] Emerald Break (30x)
<br>This attack does 30 damage times the number of your Benched Pokemon.",,Lx2,F-20,1,
98113,Shaymin EX,Shaymin EX,https://tcgplayer-cdn.tcgplayer.com/product/98113_200w.jpg,3,1534,https://cpt.tcgcsv.com/hgP,2023-08-12T21:26:35.117,1,"<b>Ability - </b>Set Up
<br>When you play this Pokemon from your hand onto your Bench, you may draw cards until you have 6 cards in your hand.",5.99,8.93,24.95,8.34,,Holofoil,77/108,Ultra Rare,Colorless,110,Basic,"[2] Sky Return (30)
<br>Return this Pokemon and all cards attached to it to your hand.",,Lx2,F-20,1,
98114,Pidove,Pidove,https://tcgplayer-cdn.tcgplayer.com/product/98114_200w.jpg,3,1534,https://cpt.tcgcsv.com/jgP,2022-12-19T21:03:25.44,1,,0.02,0.15,1.49,0.13,0.1,Normal,78/108,Common,Colorless,60,Basic,"[1] Homing Pidove
<br>Look at the top card of your deck. Then, you may shuffle your deck.",[2] Gust (20),Lx2,F-20,1,
98114,Pidove,Pidove,https://tcgplayer-cdn.tcgplayer.com/product/98114_200w.jpg,3,1534,https://cpt.tcgcsv.com/jgP,2022-12-19T21:03:25.44,1,,0.12,0.3,2.0,0.28,0.26,Reverse Holofoil,78/108,Common,Colorless,60,Basic,"[1] Homing Pidove
<br>Look at the top card of your deck. Then, you may shuffle your deck.",[2] Gust (20),Lx2,F-20,1,
98115,Tranquill,Tranquill,https://tcgplayer-cdn.tcgplayer.com/product/98115_200w.jpg,3,1534,https://cpt.tcgcsv.com/kgP,2022-12-19T21:03:35.35,1,,0.04,0.18,2.25,0.14,0.1,Normal,79/108,Uncommon,Colorless,80,Stage 1,"[2] Fly (40)
<br>Flip a coin. If tails, this attack does nothing. If heads, prevent all effects of attacks, including damage, done to this Pokemon during your opponent's next turn.",,Lx2,F-20,1,
98115,Tranquill,Tranquill,https://tcgplayer-cdn.tcgplayer.com/product/98115_200w.jpg,3,1534,https://cpt.tcgcsv.com/kgP,2022-12-19T21:03:35.35,1,,0.08,0.34,1.49,0.33,0.3,Reverse Holofoil,79/108,Uncommon,Colorless,80,Stage 1,"[2] Fly (40)
<br>Flip a coin. If tails, this attack does nothing. If heads, prevent all effects of attacks, including damage, done to this Pokemon during your opponent's next turn.",,Lx2,F-20,1,
98116,Unfezant (80),Unfezant 80,https://tcgplayer-cdn.tcgplayer.com/product/98116_200w.jpg,3,1534,https://cpt.tcgcsv.com/lgP,2022-12-19T21:04:00.857,1,,0.05,0.2,1.49,0.13,0.1,Normal,80/108,Uncommon,Colorless,130,Stage 2,"[1] Quick Attack (30+)
<br>Flip a coin. If heads, this attack does 30 more damage.","[3] Strong Winds 
<br>Shuffle all cards attached to each player's Pokemon into that player's deck.",Lx2,F-20,1,
98116,Unfezant (80),Unfezant 80,https://tcgplayer-cdn.tcgplayer.com/product/98116_200w.jpg,3,1534,https://cpt.tcgcsv.com/lgP,2022-12-19T21:04:00.857,1,,0.03,0.3,5.0,0.25,,Reverse Holofoil,80/108,Uncommon,Colorless,130,Stage 2,"[1] Quick Attack (30+)
<br>Flip a coin. If heads, this attack does 30 more damage.","[3] Strong Winds 
<br>Shuffle all cards attached to each player's Pokemon into that player's deck.",Lx2,F-20,1,
98117,Unfezant (81 Delta),Unfezant 81 Delta,https://tcgplayer-cdn.tcgplayer.com/product/98117_200w.jpg,3,1534,https://cpt.tcgcsv.com/mgP,2022-12-19T21:04:09.937,1,<b>Delta Evolution</b> <em>You may play this card from your hand to evolve a Pokemon during your first turn or the turn you play that Pokemon.,0.24,0.44,1.99,0.5,0.31,Normal,81/108,Rare,Colorless,140,Stage 2,"[2] Feather Dance
<br>During your next turn, each of this Pokemon's attacks does 80 more damage <i>(before applying Weakness and Resistance)</i>.","[3] Sky Attack (120)
<br>Flip a coin. If tails, this attack does nothing.",Lx2,F-20,0,
98117,Unfezant (81 Delta),Unfezant 81 Delta,https://tcgplayer-cdn.tcgplayer.com/product/98117_200w.jpg,3,1534,https://cpt.tcgcsv.com/mgP,2022-12-19T21:04:09.937,1,<b>Delta Evolution</b> <em>You may play this card from your hand to evolve a Pokemon during your first turn or the turn you play that Pokemon.,0.5,0.99,2.69,1.06,,Reverse Holofoil,81/108,Rare,Colorless,140,Stage 2,"[2] Feather Dance
<br>During your next turn, each of this Pokemon's attacks does 80 more damage <i>(before applying Weakness and Resistance)</i>.","[3] Sky Attack (120)
<br>Flip a coin. If tails, this attack does nothing.",Lx2,F-20,0,
98118,Fletchling,Fletchling,https://tcgplayer-cdn.tcgplayer.com/product/98118_200w.jpg,3,1534,https://cpt.tcgcsv.com/ngP,2025-02-07T20:23:18.133,1,,0.03,0.15,1.55,0.09,,Normal,82/108,Common,Colorless,40,Basic,"[1] Acrobatics (10+)
<br>Flip 2 coins. This attack does 10 more damage for each heads.",,Lx2,F-20,1,
98118,Fletchling,Fletchling,https://tcgplayer-cdn.tcgplayer.com/product/98118_200w.jpg,3,1534,https://cpt.tcgcsv.com/ngP,2025-02-07T20:23:18.133,1,,0.1,0.29,2.0,0.28,,Reverse Holofoil,82/108,Common,Colorless,40,Basic,"[1] Acrobatics (10+)
<br>Flip 2 coins. This attack does 10 more damage for each heads.",,Lx2,F-20,1,
98119,Gallade Spirit Link,Gallade Spirit Link,https://tcgplayer-cdn.tcgplayer.com/product/98119_200w.jpg,3,1534,https://cpt.tcgcsv.com/pgP,2023-07-21T10:14:44.913,1,"<em>Attach a Pokemon Tool to 1 of your Pokemon that doesn't already have a Pokemon Tool attached to it.</em>
<br>
<br>Your turn does not end if the Pokemon this card is attached to becomes M Gallade EX.",0.01,0.2,1.49,0.15,,Normal,83/108,Uncommon,Tool,,,,,,,,
98119,Gallade Spirit Link,Gallade Spirit Link,https://tcgplayer-cdn.tcgplayer.com/product/98119_200w.jpg,3,1534,https://cpt.tcgcsv.com/pgP,2023-07-21T10:14:44.913,1,"<em>Attach a Pokemon Tool to 1 of your Pokemon that doesn't already have a Pokemon Tool attached to it.</em>
<br>
<br>Your turn does not end if the Pokemon this card is attached to becomes M Gallade EX.",0.2,0.39,5.0,0.42,0.28,Reverse Holofoil,83/108,Uncommon,Tool,,,,,,,,
98120,Healing Scarf,Healing Scarf,https://tcgplayer-cdn.tcgplayer.com/product/98120_200w.jpg,3,1534,https://cpt.tcgcsv.com/qgP,2025-02-07T20:23:18.18,1,"<em>Attach a Pokemon Tool to 1 of your Pokemon that doesn't already have a Pokemon Tool attached to it.</em>
<br>
<br>Whenever you attach an Energy card from your hand to the Pokemon this card is attached to, heal 20 damage from it.",0.05,0.2,12.0,0.18,,Normal,84/108,Uncommon,Tool,,,,,,,,
98120,Healing Scarf,Healing Scarf,https://tcgplayer-cdn.tcgplayer.com/product/98120_200w.jpg,3,1534,https://cpt.tcgcsv.com/qgP,2025-02-07T20:23:18.18,1,"<em>Attach a Pokemon Tool to 1 of your Pokemon that doesn't already have a Pokemon Tool attached to it.</em>
<br>
<br>Whenever you attach an Energy card from your hand to the Pokemon this card is attached to, heal 20 damage from it.",0.13,0.44,3.0,0.33,,Reverse Holofoil,84/108,Uncommon,Tool,,,,,,,,
98121,Latios Spirit Link,Latios Spirit Link,https://tcgplayer-cdn.tcgplayer.com/product/98121_200w.jpg,3,1534,https://cpt.tcgcsv.com/rgP,2022-12-19T21:05:02.22,1,"<em>Attach a Pokemon Tool to 1 of your Pokemon that doesn't already have a Pokemon Tool attached to it.</em>
<br>
<br>Your turn does not end if the Pokemon this card is attached to becomes M Latios EX.",0.01,0.18,1.49,0.16,0.03,Normal,85/108,Uncommon,Tool,,,,,,,,
98121,Latios Spirit Link,Latios Spirit Link,https://tcgplayer-cdn.tcgplayer.com/product/98121_200w.jpg,3,1534,https://cpt.tcgcsv.com/rgP,2022-12-19T21:05:02.22,1,"<em>Attach a Pokemon Tool to 1 of your Pokemon that doesn't already have a Pokemon Tool attached to it.</em>
<br>
<br>Your turn does not end if the Pokemon this card is attached to becomes M Latios EX.",0.15,0.38,2.0,0.38,,Reverse Holofoil,85/108,Uncommon,Tool,,,,,,,,
98122,Mega Turbo,Mega Turbo,https://tcgplayer-cdn.tcgplayer.com/product/98122_200w.jpg,3,1534,https://cpt.tcgcsv.com/sgP,2025-02-07T20:23:18.227,1,Attach a basic Energy card from your discard pile to 1 of your Mega Evolution Pokemon.,0.03,0.2,1.81,0.15,,Normal,86/108,Uncommon,Item,,,,,,,,
98122,Mega Turbo,Mega Turbo,https://tcgplayer-cdn.tcgplayer.com/product/98122_200w.jpg,3,1534,https://cpt.tcgcsv.com/sgP,2025-02-07T20:23:18.227,1,Attach a basic Energy card from your discard pile to 1 of your Mega Evolution Pokemon.,0.11,0.36,5.0,0.29,0.3,Reverse Holofoil,86/108,Uncommon,Item,,,,,,,,
98123,Rayquaza Spirit Link,Rayquaza Spirit Link,https://tcgplayer-cdn.tcgplayer.com/product/98123_200w.jpg,3,1534,https://cpt.tcgcsv.com/tgP,2025-02-07T20:23:18.273,1,"<em>Attach a Pokemon Tool to 1 of your Pokemon that doesn't already have a Pokemon Tool attached to it.
<br>
<br>Your turn does not end if the Pokemon this card is attached to becomes M Rayquaza EX.",0.02,0.25,4.44,0.24,,Normal,87/108,Uncommon,Item,,,,,,,,
98123,Rayquaza Spirit Link,Rayquaza Spirit Link,https://tcgplayer-cdn.tcgplayer.com/product/98123_200w.jpg,3,1534,https://cpt.tcgcsv.com/tgP,2025-02-07T20:23:18.273,1,"<em>Attach a Pokemon Tool to 1 of your Pokemon that doesn't already have a Pokemon Tool attached to it.
<br>
<br>Your turn does not end if the Pokemon this card is attached to becomes M Rayquaza EX.",0.4,0.75,5.99,1.31,,Reverse Holofoil,87/108,Uncommon,Item,,,,,,,,
98124,Revive,Revive,https://tcgplayer-cdn.tcgplayer.com/product/98124_200w.jpg,3,1534,https://cpt.tcgcsv.com/vgP,2022-12-19T21:05:54.87,1,Put a Basic Pokemon from your discard pile onto your Bench.,0.04,0.23,1.49,0.23,0.05,Normal,88/108,Uncommon,Item,,,,,,,,
98124,Revive,Revive,https://tcgplayer-cdn.tcgplayer.com/product/98124_200w.jpg,3,1534,https://cpt.tcgcsv.com/vgP,2022-12-19T21:05:54.87,1,Put a Basic Pokemon from your discard pile onto your Bench.,0.23,0.4,2.0,0.36,0.36,Reverse Holofoil,88/108,Uncommon,Item,,,,,,,,
98125,Sky Field,Sky Field,https://tcgplayer-cdn.tcgplayer.com/product/98125_200w.jpg,3,1534,https://cpt.tcgcsv.com/wgP,2024-10-15T14:29:52.41,1,"Each player can have up to 8 Pokemon on his or her bench.
<br>
<br><em>(When this card leaves play, each player discards Benched Pokemon until he or she has 5 Pokemon on the Bench. The owner of this card discards first.)",0.16,0.65,3.75,0.66,0.97,Normal,89/108,Uncommon,Stadium,,,,,,,,
98125,Sky Field,Sky Field,https://tcgplayer-cdn.tcgplayer.com/product/98125_200w.jpg,3,1534,https://cpt.tcgcsv.com/wgP,2024-10-15T14:29:52.41,1,"Each player can have up to 8 Pokemon on his or her bench.
<br>
<br><em>(When this card leaves play, each player discards Benched Pokemon until he or she has 5 Pokemon on the Bench. The owner of this card discards first.)",0.98,1.7,4.74,1.66,,Reverse Holofoil,89/108,Uncommon,Stadium,,,,,,,,
98126,Steven,Steven,https://tcgplayer-cdn.tcgplayer.com/product/98126_200w.jpg,3,1534,https://cpt.tcgcsv.com/xgP,2025-02-07T20:23:18.337,1,"Search your deck for a Supporter card and a basic Energy card, reveal them, and put them into your hand. Shuffle your deck afterward.",0.05,0.3,1.49,0.33,,Normal,90/108,Uncommon,Supporter,,,,,,,,
98126,Steven,Steven,https://tcgplayer-cdn.tcgplayer.com/product/98126_200w.jpg,3,1534,https://cpt.tcgcsv.com/xgP,2025-02-07T20:23:18.337,1,"Search your deck for a Supporter card and a basic Energy card, reveal them, and put them into your hand. Shuffle your deck afterward.",0.18,0.5,2.15,0.63,,Reverse Holofoil,90/108,Uncommon,Supporter,,,,,,,,
98127,Switch,Switch,https://tcgplayer-cdn.tcgplayer.com/product/98127_200w.jpg,3,1534,https://cpt.tcgcsv.com/zgP,2025-03-16T09:39:10.503,1,Switch your Active Pokemon with 1 of your Benched Pokemon,0.01,0.2,2.35,0.2,0.09,Normal,91/108,Uncommon,Item,,,,,,,,
98127,Switch,Switch,https://tcgplayer-cdn.tcgplayer.com/product/98127_200w.jpg,3,1534,https://cpt.tcgcsv.com/zgP,2025-03-16T09:39:10.503,1,Switch your Active Pokemon with 1 of your Benched Pokemon,0.16,0.51,3.99,0.62,,Reverse Holofoil,91/108,Uncommon,Item,,,,,,,,
98128,Trainers' Mail,Trainers Mail,https://tcgplayer-cdn.tcgplayer.com/product/98128_200w.jpg,3,1534,https://cpt.tcgcsv.com/BgP,2023-08-31T14:43:59.433,1,Look at the top 4 cards of your deck. You may reveal a Trainer card you find there <em>(except Trainers' Mail)</em> and put it into your hand. Shuffle the other cards into your deck.,0.99,2.0,4.99,2.05,1.69,Normal,92/108,Uncommon,Item,,,,,,,,
98128,Trainers' Mail,Trainers Mail,https://tcgplayer-cdn.tcgplayer.com/product/98128_200w.jpg,3,1534,https://cpt.tcgcsv.com/BgP,2023-08-31T14:43:59.433,1,Look at the top 4 cards of your deck. You may reveal a Trainer card you find there <em>(except Trainers' Mail)</em> and put it into your hand. Shuffle the other cards into your deck.,1.25,2.31,4.99,2.6,,Reverse Holofoil,92/108,Uncommon,Item,,,,,,,,
98129,Ultra Ball,Ultra Ball,https://tcgplayer-cdn.tcgplayer.com/product/98129_200w.jpg,3,1534,https://cpt.tcgcsv.com/CgP,2023-02-05T08:24:14.31,1,"Discard 2 cards from your hand. (If you can't discard 2 cards, you can't play this card.) Search your deck for a Pokemon, reveal it, and put it into your hand. Shuffle your deck afterward.",0.05,0.25,1.53,0.23,,Normal,93/108,Uncommon,Item,,,,,,,,
98129,Ultra Ball,Ultra Ball,https://tcgplayer-cdn.tcgplayer.com/product/98129_200w.jpg,3,1534,https://cpt.tcgcsv.com/CgP,2023-02-05T08:24:14.31,1,"Discard 2 cards from your hand. (If you can't discard 2 cards, you can't play this card.) Search your deck for a Pokemon, reveal it, and put it into your hand. Shuffle your deck afterward.",0.6,1.5,3.82,1.59,,Reverse Holofoil,93/108,Uncommon,Item,,,,,,,,
98130,Wally,Wally,https://tcgplayer-cdn.tcgplayer.com/product/98130_200w.jpg,3,1534,https://cpt.tcgcsv.com/DgP,2022-12-19T21:06:56.35,1,Search your deck for a card that evolves from 1 of your Pokemon (excluding Pokemon EX) and put it onto that Pokemon <em>(This counds as evolving that Pokemon.)</em> Shuffle your deck afterward. You can use this card during your first turn or on a Pokemon that was put into play this turn.,0.01,0.21,2.0,0.18,0.16,Normal,94/108,Uncommon,Supporter,,,,,,,,
98130,Wally,Wally,https://tcgplayer-cdn.tcgplayer.com/product/98130_200w.jpg,3,1534,https://cpt.tcgcsv.com/DgP,2022-12-19T21:06:56.35,1,Search your deck for a card that evolves from 1 of your Pokemon (excluding Pokemon EX) and put it onto that Pokemon <em>(This counds as evolving that Pokemon.)</em> Shuffle your deck afterward. You can use this card during your first turn or on a Pokemon that was put into play this turn.,0.19,0.42,2.0,0.41,,Reverse Holofoil,94/108,Uncommon,Supporter,,,,,,,,
98131,Wide Lens,Wide Lens,https://tcgplayer-cdn.tcgplayer.com/product/98131_200w.jpg,3,1534,https://cpt.tcgcsv.com/FgP,2025-02-07T20:23:18.383,1,"<em>Attach a Pokemon Tool to 1 of your Pokemon that doesn't already have a Pokemon tool attached to it.</em>
<br>
<br>Damage from the attacks of Pokemon this card is attached to is affected by Weakness and Resistance for your opponent's Benched Pokemon.",0.02,0.2,1.49,0.12,,Normal,95/108,Uncommon,Tool,,,,,,,,
98131,Wide Lens,Wide Lens,https://tcgplayer-cdn.tcgplayer.com/product/98131_200w.jpg,3,1534,https://cpt.tcgcsv.com/FgP,2025-02-07T20:23:18.383,1,"<em>Attach a Pokemon Tool to 1 of your Pokemon that doesn't already have a Pokemon tool attached to it.</em>
<br>
<br>Damage from the attacks of Pokemon this card is attached to is affected by Weakness and Resistance for your opponent's Benched Pokemon.",0.1,0.35,2.0,0.37,0.34,Reverse Holofoil,95/108,Uncommon,Tool,,,,,,,,
98132,Winona,Winona,https://tcgplayer-cdn.tcgplayer.com/product/98132_200w.jpg,3,1534,https://cpt.tcgcsv.com/GgP,2025-02-07T20:23:18.43,1,Search your deck for up to 3 Colorless Pokemon and put them into your hand. Shuffle your deck afterward.,0.08,0.34,2.99,0.26,,Normal,96/108,Uncommon,Supporter,,,,,,,,
98132,Winona,Winona,https://tcgplayer-cdn.tcgplayer.com/product/98132_200w.jpg,3,1534,https://cpt.tcgcsv.com/GgP,2025-02-07T20:23:18.43,1,Search your deck for up to 3 Colorless Pokemon and put them into your hand. Shuffle your deck afterward.,0.22,0.47,5.98,0.58,,Reverse Holofoil,96/108,Uncommon,Supporter,,,,,,,,
98133,Double Dragon Energy,Double Dragon Energy,https://tcgplayer-cdn.tcgplayer.com/product/98133_200w.jpg,3,1534,https://cpt.tcgcsv.com/HgP,2025-02-10T19:25:30.043,1,"This card can only be attached to a Dragon Pokemon. This card provides every type of Energy, but provides only 2 Energy at a time, only while this card is attached to a Dragon Pokemon.
<br>
<br><em>(If this card is attached to anything other than a Dragon Pokemon, discard this card.)</em>",1.5,3.04,19.99,2.85,,Normal,97/108,Uncommon,Special Energy,,,,,,,,
98133,Double Dragon Energy,Double Dragon Energy,https://tcgplayer-cdn.tcgplayer.com/product/98133_200w.jpg,3,1534,https://cpt.tcgcsv.com/HgP,2025-02-10T19:25:30.043,1,"This card can only be attached to a Dragon Pokemon. This card provides every type of Energy, but provides only 2 Energy at a time, only while this card is attached to a Dragon Pokemon.
<br>
<br><em>(If this card is attached to anything other than a Dragon Pokemon, discard this card.)</em>",3.11,7.76,36.53,8.92,,Reverse Holofoil,97/108,Uncommon,Special Energy,,,,,,,,
98134,Thundurus EX (98 Full Art),Thundurus EX 98 Full Art,https://tcgplayer-cdn.tcgplayer.com/product/98134_200w.jpg,3,1534,https://cpt.tcgcsv.com/JgP,2022-12-19T21:07:28.887,1,"<em>When a Pokemon EX has been Knocked Out, your opponent takes 2 Prize cards.</em>",7.54,16.99,29.99,11.44,,Holofoil,98/108,Ultra Rare,Lightning,170,Basic,"[1L] Headlock (30+)
<br>Flip a coin. If heads, this attack does 30 more damage. If tails, your opponent's Active Pokemon is now Paralyzed.","[LLL] Voltage Rush (150)
<br>This Pokemon does 50 damage to itself.",Fx2,M-20,2,
98135,Gallade EX (99 Full Art),Gallade EX 99 Full Art,https://tcgplayer-cdn.tcgplayer.com/product/98135_200w.jpg,3,1534,https://cpt.tcgcsv.com/KgP,2022-12-19T21:07:36.043,1,"When a Pokemon EX has been Knocked Out, your opponent takes 2 Prize cards.",12.94,15.73,25.0,15.04,18.69,Holofoil,99/108,Ultra Rare,Psychic,170,Basic,"[1P] Swift Lunge (30)
<br>You may have your opponent switch his or her Active Pokemon with 1 of his or her Benched Pokemon.","[PPP] Piercing Prizes (50+)
<br>This attack does 20 more damage for each of your remaining Prize cards.",Px2,None,2,
98136,M Gallade EX (100 Full Art),M Gallade EX 100 Full Art,https://tcgplayer-cdn.tcgplayer.com/product/98136_200w.jpg,3,1534,https://cpt.tcgcsv.com/LgP,2022-12-19T21:07:42.33,1,"When 1 of your Pokemon becomes a Mega Evolution Pokemon, your turn ends.
<br>
<br>

When a Pokemon EX has been Knocked Out, your opponent takes 2 Prize cards.",36.0,60.0,149.99,62.84,,Holofoil,100/108,Ultra Rare,Psychic,220,Mega,"[1PP] Unwavering Blade (110)
<br>This attack does 30 damage to each of your opponent's Benched Pokemon that has damage counters on it. <i>(Don't apply Weakness and Resistance for Benched Pokemon.)</i>",,Px2,None,2,
98137,Latios EX (101 Full Art),Latios EX 101 Full Art,https://tcgplayer-cdn.tcgplayer.com/product/98137_200w.jpg,3,1534,https://cpt.tcgcsv.com/MgP,2022-12-19T21:08:15.26,1,"<em>When a Pokemon EX has been Knocked Out, your opponent takes 2 Prize cards.",39.5,59.98,212.0,59.79,40.77,Holofoil,101/108,Ultra Rare,Dragon,170,Basic,"[P] Fast Raid (40)
<br>If you go first, you can use this attack on your first turn.","[1WPP] Light Pulse (110)
<br>Prevent all effects of your opponent's attacks, except damage, done to this Pokemon during your opponent's next turn.",Yx2,None,2,
98138,M Latios EX (102 Full Art),M Latios EX 102 Full Art,https://tcgplayer-cdn.tcgplayer.com/product/98138_200w.jpg,3,1534,https://cpt.tcgcsv.com/NgP,2022-12-19T21:08:25.97,1,"When 1 of your Pokemon becomes a Mega Evolution Pokemon, your turn ends.
<br>
<br>
<em>When a Pokemon EX has been Knocked Out, your opponent takes 2 Prize cards.",89.99,99.99,249.99,95.03,98.99,Holofoil,102/108,Ultra Rare,Dragon,220,Mega,"[1WP] Sonic Ace
<br>Discard 2 Energy attached to this Pokemon. This attack does 120 damage to 1 of your opponent's Pokemon. <i>(Don't apply Weakness and Resistance for Benched Pokemon.)</i>",,Yx2,None,0,
98139,Hydreigon EX (103 Full Art),Hydreigon EX 103 Full Art,https://tcgplayer-cdn.tcgplayer.com/product/98139_200w.jpg,3,1534,https://cpt.tcgcsv.com/PgP,2023-05-17T19:23:28.777,1,"<b>Ability - </b>Dragon Road
<br>If there is any Stadium card in play, the Retreat Cost of each of your Dragon Pokemon in play is 2 Colorless less.",16.88,26.32,42.0,26.55,15.64,Holofoil,103/108,Ultra Rare,Dragon,180,Basic,"[1PD] Shred (80)
<br>This attack's damage isn't affected by effects on your opponent's Active Pokemon.",,Yx2,None,3,
98140,Rayquaza EX (104 Full Art),Rayquaza EX 104 Full Art,https://tcgplayer-cdn.tcgplayer.com/product/98140_200w.jpg,3,1534,https://cpt.tcgcsv.com/QgP,2022-12-19T21:08:45.29,1,,69.96,105.61,225.0,96.17,83.52,Holofoil,104/108,Ultra Rare,Colorless,170,Basic,"[1] Intensifying Burn (10+)
<br>If your opponent's Active Pokemon is a Pokemon EX, this attack does 50 more damage.","[3] Dragon Pulse (100)
<br>Discard the top 3 cards of your deck.",Lx2,F-20,2,
98141,M Rayquaza EX (105 Full Art),M Rayquaza EX 105 Full Art,https://tcgplayer-cdn.tcgplayer.com/product/98141_200w.jpg,3,1534,https://cpt.tcgcsv.com/RgP,2022-12-19T21:08:54.94,1,<strong>Delta Evolution</strong><em> You may play this card from your hand to evolve a Pokemon during your first turn or the turn you play that Pokemon.</em>,301.49,399.99,809.99,287.13,399.99,Holofoil,105/108,Ultra Rare,Colorless,220,Mega,"[3] Emerald Break (30x)
<br>This attack does 30 damage times the number of your Benched Pokemon.",,Lx2,F-20,1,
98142,Shaymin EX (106 Full Art),Shaymin EX 106 Full Art,https://tcgplayer-cdn.tcgplayer.com/product/98142_200w.jpg,3,1534,https://cpt.tcgcsv.com/SgP,2022-12-19T21:09:04.153,1,"<b>Ability - </b>Set Up
<br>When you play this Pokemon from your hand onto your Bench, you may draw cards until you have 6 cards in your hand.",13.44,20.54,499.99,23.67,15.21,Holofoil,106/108,Ultra Rare,Colorless,110,Basic,"[2] Sky Return (30)
<br>Return this Pokemon and all cards attached to it to your hand.",,Lx2,F-20,1,
98143,Wally (107 Full Art),Wally 107 Full Art,https://tcgplayer-cdn.tcgplayer.com/product/98143_200w.jpg,3,1534,https://cpt.tcgcsv.com/TgP,2022-12-19T21:09:18.68,1,Search your deck for a card that evolves from 1 of your Pokemon (excluding Pokemon EX) and put it onto that Pokemon <em>(This counts as evolving that Pokemon.)</em> Shuffle your deck afterward. You can use this card during your first turn or on a Pokemon that was put into play this turn.,9.99,16.12,29.79,18.19,9.99,Holofoil,107/108,Ultra Rare,Supporter,,,,,,,,
98144,Winona (108 Full Art),Winona 108 Full Art,https://tcgplayer-cdn.tcgplayer.com/product/98144_200w.jpg,3,1534,https://cpt.tcgcsv.com/VgP,2022-12-19T21:09:27.29,1,Search your deck for up to 3 Colorless Pokemon and put them into your hand. Shuffle your deck afterward.,19.97,30.2,55.44,33.82,,Holofoil,108/108,Ultra Rare,Supporter,,,,,,,,
98145,Energy Switch,Energy Switch,https://tcgplayer-cdn.tcgplayer.com/product/98145_200w.jpg,3,1534,https://cpt.tcgcsv.com/WgP,2022-12-19T21:09:36.343,1,Move a basic Energy attached to 1 of your Pokemon to another of your Pokemon.,16.77,19.0,49.99,19.95,,Holofoil,109/108,Secret Rare,Item,,,,,,,,
98146,VS Seeker,VS Seeker,https://tcgplayer-cdn.tcgplayer.com/product/98146_200w.jpg,3,1534,https://cpt.tcgcsv.com/XgP,2022-12-19T21:09:46.553,1,Put a Supporter card from your discard pile into your hand.,9.99,16.99,34.99,17.39,,Holofoil,110/108,Secret Rare,Item,,,,,,,,
99149,Mega Evolution Collector's Pin Blisters [Rayquaza],Mega Evolution Collectors Pin Blisters Rayquaza,https://tcgplayer-cdn.tcgplayer.com/product/99149_200w.jpg,3,1534,https://cpt.tcgcsv.com/_GP,2015-06-01T19:13:26.1,1,,,,,,,,,,,,,,,,,,
99150,Mega Evolution Collector's Pin Blisters [Latios],Mega Evolution Collectors Pin Blisters Latios,https://tcgplayer-cdn.tcgplayer.com/product/99150_200w.jpg,3,1534,https://cpt.tcgcsv.com/0HP,2015-06-01T19:13:53.32,1,,,,,,,,,,,,,,,,,,
99151,Mega Absol EX Premium Collection,Mega Absol EX Premium Collection,https://tcgplayer-cdn.tcgplayer.com/product/99151_200w.jpg,3,1534,https://cpt.tcgcsv.com/2HP,2015-06-01T19:15:06.12,1,,,,,,,,,,,,,,,,,,
100496,Hoenn Power Tin [Sceptile],Hoenn Power Tin Sceptile,https://tcgplayer-cdn.tcgplayer.com/product/100496_200w.jpg,3,1534,https://cpt.tcgcsv.com/XcQ,2015-07-10T12:39:32.033,1,,359.99,359.99,359.99,,,Normal,,,,,,,,,,,
100497,Hoenn Power Tin [Blaziken],Hoenn Power Tin Blaziken,https://tcgplayer-cdn.tcgplayer.com/product/100497_200w.jpg,3,1534,https://cpt.tcgcsv.com/ZcQ,2015-07-10T12:39:45.15,1,,,,,,,,,,,,,,,,,,
100498,Hoenn Power Tin [Swampert],Hoenn Power Tin Swampert,https://tcgplayer-cdn.tcgplayer.com/product/100498_200w.jpg,3,1534,https://cpt.tcgcsv.com/-cQ,2015-07-10T12:39:58.38,1,,359.99,359.99,359.99,254.95,,Normal,,,,,,,,,,,
100499,Rayquaza EX Box,Rayquaza EX Box,https://tcgplayer-cdn.tcgplayer.com/product/100499_200w.jpg,3,1534,https://cpt.tcgcsv.com/_cQ,2015-07-10T12:41:33.563,1,,799.99,799.99,799.99,,,Normal,,,,,,,,,,,
100500,Mega Rayquaza Collection,Mega Rayquaza Collection,https://tcgplayer-cdn.tcgplayer.com/product/100500_200w.jpg,3,1534,https://cpt.tcgcsv.com/0dQ,2017-11-17T13:36:42.94,1,"The Pokemon TCG: Mega Rayquaza Collection includes:
<br>
<br>• A detailed, swirling figure of Mega Rayquaza!
<br>• 4 Pokemon TCG booster packs
<br>• A never-before-seen foil promo card featuring Rayquaza
<br>• A code card for the Pokemon Trading Card Game Online",,,,,,,,,,,,,,,,,
100501,Dragonite Collector's Pin 3 Pack Blister,Dragonite Collectors Pin 3 Pack Blister,https://tcgplayer-cdn.tcgplayer.com/product/100501_200w.jpg,3,1534,https://cpt.tcgcsv.com/2dQ,2018-10-10T16:28:47.353,1,"Each blister contains 2 XY—Roaring Skies booster packs, 1 XY—Primal Clash booster pack, and 1 collectible pin of Dragonite.",,,,,,,,,,,,,,,,,
100502,Mega Latios Collection,Mega Latios Collection,https://tcgplayer-cdn.tcgplayer.com/product/100502_200w.jpg,3,1534,https://cpt.tcgcsv.com/3dQ,2015-07-14T17:56:55.713,1,,595.0,595.0,595.0,295.32,,Normal,,,,,,,,,,,
129906,Roaring Skies Booster Pack,Roaring Skies Booster Pack,https://tcgplayer-cdn.tcgplayer.com/product/129906_200w.jpg,3,1534,https://cpt.tcgcsv.com/8-22,2017-04-10T12:15:02.65,1,,57.49,80.0,350.0,54.06,,Normal,,,,,,,,,,,
270870,Code Card - Roaring Skies Booster Pack,Code Card Roaring Skies Booster Pack,https://tcgplayer-cdn.tcgplayer.com/product/270870_200w.jpg,3,1534,https://cpt.tcgcsv.com/qmb3,2022-07-20T19:43:33.847,1,"This listing is <strong>not</strong> a physical item. Please keep in mind that this <strong>Code Card</strong> listing represents a digital copy of the stated item for the Pokémon TCG Online <strong>and/or</strong> the Pokémon TCG Live games. You may receive the physical <strong>Code Card</strong>. Upon purchase, please work with your specific Seller by sending them a message using the <strong>Contact Seller</strong> button on the order details in your <a href=https://store.tcgplayer.com/myaccount/orderhistory>Order History</a> to opt in to having your <strong>Code Card</strong> code delivered digitally due to the nature of the product.",0.05,0.12,1.0,0.07,,Normal,,Code Card,,,,,,,,,
276594,Roaring Skies Sleeved Booster Pack Art Bundle [Set of 4],Roaring Skies Sleeved Booster Pack Art Bundle Set of 4,https://tcgplayer-cdn.tcgplayer.com/product/276594_200w.jpg,3,1534,https://cpt.tcgcsv.com/VFd3,2022-06-20T19:25:24.387,1,"Collect each of the 4 unique art packs for Roaring Skies.
<br>Each Roaring Skies sleeved booster pack contains 10 random cards.",375.0,514.95,515.0,199.01,,Normal,,,,,,,,,,,
280460,Code Card - Dragonite Collector's Pin 3 Pack Blister,Code Card Dragonite Collectors Pin 3 Pack Blister,https://tcgplayer-cdn.tcgplayer.com/product/280460_200w.jpg,3,1534,https://cpt.tcgcsv.com/dcg3,2022-07-27T20:04:55.11,1,"This listing is <strong>not</strong> a physical item. Please keep in mind that this <strong>Code Card</strong> listing represents a digital copy of the stated item for the Pokémon TCG Online <strong>and/or</strong> the Pokémon TCG Live games. You may receive the physical <strong>Code Card</strong>. Upon purchase, please work with your specific Seller by sending them a message using the <strong>Contact Seller</strong> button on the order details in your <a href=https://store.tcgplayer.com/myaccount/orderhistory>Order History</a> to opt in to having your <strong>Code Card</strong> code delivered digitally due to the nature of the product.",,,,,,,,Code Card,,,,,,,,,
280461,Code Card - Hoenn Power Tin [Blaziken],Code Card Hoenn Power Tin Blaziken,https://tcgplayer-cdn.tcgplayer.com/product/280461_200w.jpg,3,1534,https://cpt.tcgcsv.com/fcg3,2022-07-27T20:05:05.153,1,"This listing is <strong>not</strong> a physical item. Please keep in mind that this <strong>Code Card</strong> listing represents a digital copy of the stated item for the Pokémon TCG Online <strong>and/or</strong> the Pokémon TCG Live games. You may receive the physical <strong>Code Card</strong>. Upon purchase, please work with your specific Seller by sending them a message using the <strong>Contact Seller</strong> button on the order details in your <a href=https://store.tcgplayer.com/myaccount/orderhistory>Order History</a> to opt in to having your <strong>Code Card</strong> code delivered digitally due to the nature of the product.",9.95,9.95,9.95,,,Normal,,Code Card,,,,,,,,,
280462,Code Card - Hoenn Power Tin [Sceptile],Code Card Hoenn Power Tin Sceptile,https://tcgplayer-cdn.tcgplayer.com/product/280462_200w.jpg,3,1534,https://cpt.tcgcsv.com/gcg3,2022-07-27T20:05:15.723,1,"This listing is <strong>not</strong> a physical item. Please keep in mind that this <strong>Code Card</strong> listing represents a digital copy of the stated item for the Pokémon TCG Online <strong>and/or</strong> the Pokémon TCG Live games. You may receive the physical <strong>Code Card</strong>. Upon purchase, please work with your specific Seller by sending them a message using the <strong>Contact Seller</strong> button on the order details in your <a href=https://store.tcgplayer.com/myaccount/orderhistory>Order History</a> to opt in to having your <strong>Code Card</strong> code delivered digitally due to the nature of the product.",4.95,4.95,4.95,,,Normal,,Code Card,,,,,,,,,
280463,Code Card - Hoenn Power Tin [Swampert],Code Card Hoenn Power Tin Swampert,https://tcgplayer-cdn.tcgplayer.com/product/280463_200w.jpg,3,1534,https://cpt.tcgcsv.com/hcg3,2022-07-27T20:05:25.393,1,"This listing is <strong>not</strong> a physical item. Please keep in mind that this <strong>Code Card</strong> listing represents a digital copy of the stated item for the Pokémon TCG Online <strong>and/or</strong> the Pokémon TCG Live games. You may receive the physical <strong>Code Card</strong>. Upon purchase, please work with your specific Seller by sending them a message using the <strong>Contact Seller</strong> button on the order details in your <a href=https://store.tcgplayer.com/myaccount/orderhistory>Order History</a> to opt in to having your <strong>Code Card</strong> code delivered digitally due to the nature of the product.",0.2,0.25,0.29,0.22,,Normal,,Code Card,,,,,,,,,
280464,Code Card - Mega Absol EX Premium Collection,Code Card Mega Absol EX Premium Collection,https://tcgplayer-cdn.tcgplayer.com/product/280464_200w.jpg,3,1534,https://cpt.tcgcsv.com/jcg3,2022-07-27T20:05:34.747,1,"This listing is <strong>not</strong> a physical item. Please keep in mind that this <strong>Code Card</strong> listing represents a digital copy of the stated item for the Pokémon TCG Online <strong>and/or</strong> the Pokémon TCG Live games. You may receive the physical <strong>Code Card</strong>. Upon purchase, please work with your specific Seller by sending them a message using the <strong>Contact Seller</strong> button on the order details in your <a href=https://store.tcgplayer.com/myaccount/orderhistory>Order History</a> to opt in to having your <strong>Code Card</strong> code delivered digitally due to the nature of the product.",0.93,0.95,1.26,0.97,,Normal,,Code Card,,,,,,,,,
280465,Code Card - Mega Evolution Collector's Pin Blisters [Latios],Code Card Mega Evolution Collectors Pin Blisters Latios,https://tcgplayer-cdn.tcgplayer.com/product/280465_200w.jpg,3,1534,https://cpt.tcgcsv.com/kcg3,2022-07-27T20:05:43.173,1,"This listing is <strong>not</strong> a physical item. Please keep in mind that this <strong>Code Card</strong> listing represents a digital copy of the stated item for the Pokémon TCG Online <strong>and/or</strong> the Pokémon TCG Live games. You may receive the physical <strong>Code Card</strong>. Upon purchase, please work with your specific Seller by sending them a message using the <strong>Contact Seller</strong> button on the order details in your <a href=https://store.tcgplayer.com/myaccount/orderhistory>Order History</a> to opt in to having your <strong>Code Card</strong> code delivered digitally due to the nature of the product.",,,,,,,,Code Card,,,,,,,,,
280466,Code Card - Mega Evolution Collector's Pin Blisters [Rayquaza],Code Card Mega Evolution Collectors Pin Blisters Rayquaza,https://tcgplayer-cdn.tcgplayer.com/product/280466_200w.jpg,3,1534,https://cpt.tcgcsv.com/lcg3,2022-07-27T20:05:51.327,1,"This listing is <strong>not</strong> a physical item. Please keep in mind that this <strong>Code Card</strong> listing represents a digital copy of the stated item for the Pokémon TCG Online <strong>and/or</strong> the Pokémon TCG Live games. You may receive the physical <strong>Code Card</strong>. Upon purchase, please work with your specific Seller by sending them a message using the <strong>Contact Seller</strong> button on the order details in your <a href=https://store.tcgplayer.com/myaccount/orderhistory>Order History</a> to opt in to having your <strong>Code Card</strong> code delivered digitally due to the nature of the product.",,,,,,,,Code Card,,,,,,,,,
280467,Code Card - Mega Latios Collection,Code Card Mega Latios Collection,https://tcgplayer-cdn.tcgplayer.com/product/280467_200w.jpg,3,1534,https://cpt.tcgcsv.com/mcg3,2022-07-27T20:05:59.003,1,"This listing is <strong>not</strong> a physical item. Please keep in mind that this <strong>Code Card</strong> listing represents a digital copy of the stated item for the Pokémon TCG Online <strong>and/or</strong> the Pokémon TCG Live games. You may receive the physical <strong>Code Card</strong>. Upon purchase, please work with your specific Seller by sending them a message using the <strong>Contact Seller</strong> button on the order details in your <a href=https://store.tcgplayer.com/myaccount/orderhistory>Order History</a> to opt in to having your <strong>Code Card</strong> code delivered digitally due to the nature of the product.",1.55,3.25,9.95,,,Normal,,Code Card,,,,,,,,,
280468,Code Card - Mega Rayquaza Collection,Code Card Mega Rayquaza Collection,https://tcgplayer-cdn.tcgplayer.com/product/280468_200w.jpg,3,1534,https://cpt.tcgcsv.com/ncg3,2022-07-27T20:06:07.767,1,"This listing is <strong>not</strong> a physical item. Please keep in mind that this <strong>Code Card</strong> listing represents a digital copy of the stated item for the Pokémon TCG Online <strong>and/or</strong> the Pokémon TCG Live games. You may receive the physical <strong>Code Card</strong>. Upon purchase, please work with your specific Seller by sending them a message using the <strong>Contact Seller</strong> button on the order details in your <a href=https://store.tcgplayer.com/myaccount/orderhistory>Order History</a> to opt in to having your <strong>Code Card</strong> code delivered digitally due to the nature of the product.",4.96,4.99,9.95,,,Normal,,Code Card,,,,,,,,,
280469,Code Card - Rayquaza EX Box,Code Card Rayquaza EX Box,https://tcgplayer-cdn.tcgplayer.com/product/280469_200w.jpg,3,1534,https://cpt.tcgcsv.com/pcg3,2022-07-27T20:06:15.91,1,"This listing is <strong>not</strong> a physical item. Please keep in mind that this <strong>Code Card</strong> listing represents a digital copy of the stated item for the Pokémon TCG Online <strong>and/or</strong> the Pokémon TCG Live games. You may receive the physical <strong>Code Card</strong>. Upon purchase, please work with your specific Seller by sending them a message using the <strong>Contact Seller</strong> button on the order details in your <a href=https://store.tcgplayer.com/myaccount/orderhistory>Order History</a> to opt in to having your <strong>Code Card</strong> code delivered digitally due to the nature of the product.",0.99,1.0,1.0,,,Normal,,Code Card,,,,,,,,,
280470,Code Card - Roaring Skies 3 Pack Blister [Pangoro],Code Card Roaring Skies 3 Pack Blister Pangoro,https://tcgplayer-cdn.tcgplayer.com/product/280470_200w.jpg,3,1534,https://cpt.tcgcsv.com/qcg3,2022-07-27T20:06:27.943,1,"This listing is <strong>not</strong> a physical item. Please keep in mind that this <strong>Code Card</strong> listing represents a digital copy of the stated item for the Pokémon TCG Online <strong>and/or</strong> the Pokémon TCG Live games. You may receive the physical <strong>Code Card</strong>. Upon purchase, please work with your specific Seller by sending them a message using the <strong>Contact Seller</strong> button on the order details in your <a href=https://store.tcgplayer.com/myaccount/orderhistory>Order History</a> to opt in to having your <strong>Code Card</strong> code delivered digitally due to the nature of the product.",,,,,,,,Code Card,,,,,,,,,
280471,Code Card - Roaring Skies 3 Pack Blister [Regirock],Code Card Roaring Skies 3 Pack Blister Regirock,https://tcgplayer-cdn.tcgplayer.com/product/280471_200w.jpg,3,1534,https://cpt.tcgcsv.com/rcg3,2022-07-27T20:06:38.453,1,"This listing is <strong>not</strong> a physical item. Please keep in mind that this <strong>Code Card</strong> listing represents a digital copy of the stated item for the Pokémon TCG Online <strong>and/or</strong> the Pokémon TCG Live games. You may receive the physical <strong>Code Card</strong>. Upon purchase, please work with your specific Seller by sending them a message using the <strong>Contact Seller</strong> button on the order details in your <a href=https://store.tcgplayer.com/myaccount/orderhistory>Order History</a> to opt in to having your <strong>Code Card</strong> code delivered digitally due to the nature of the product.",,,,,,,,Code Card,,,,,,,,,
280472,"Code Card - Roaring Skies Theme Deck - ""Aurora Blast"" [Articuno]",Code Card Roaring Skies Theme Deck Aurora Blast Articuno,https://tcgplayer-cdn.tcgplayer.com/product/280472_200w.jpg,3,1534,https://cpt.tcgcsv.com/scg3,2022-07-27T20:06:48.47,1,"This listing is <strong>not</strong> a physical item. Please keep in mind that this <strong>Code Card</strong> listing represents a digital copy of the stated item for the Pokémon TCG Online <strong>and/or</strong> the Pokémon TCG Live games. You may receive the physical <strong>Code Card</strong>. Upon purchase, please work with your specific Seller by sending them a message using the <strong>Contact Seller</strong> button on the order details in your <a href=https://store.tcgplayer.com/myaccount/orderhistory>Order History</a> to opt in to having your <strong>Code Card</strong> code delivered digitally due to the nature of the product.",4.99,4.99,4.99,,,Normal,,Code Card,,,,,,,,,
280473,"Code Card - Roaring Skies Theme Deck - ""Storm Rider"" [Zapdos]",Code Card Roaring Skies Theme Deck Storm Rider Zapdos,https://tcgplayer-cdn.tcgplayer.com/product/280473_200w.jpg,3,1534,https://cpt.tcgcsv.com/tcg3,2022-07-27T20:06:56.607,1,"This listing is <strong>not</strong> a physical item. Please keep in mind that this <strong>Code Card</strong> listing represents a digital copy of the stated item for the Pokémon TCG Online <strong>and/or</strong> the Pokémon TCG Live games. You may receive the physical <strong>Code Card</strong>. Upon purchase, please work with your specific Seller by sending them a message using the <strong>Contact Seller</strong> button on the order details in your <a href=https://store.tcgplayer.com/myaccount/orderhistory>Order History</a> to opt in to having your <strong>Code Card</strong> code delivered digitally due to the nature of the product.",,,,,,,,Code Card,,,,,,,,,
280474,Code Card - XY Roaring Skies Elite Trainer Box,Code Card XY Roaring Skies Elite Trainer Box,https://tcgplayer-cdn.tcgplayer.com/product/280474_200w.jpg,3,1534,https://cpt.tcgcsv.com/vcg3,2022-07-27T20:07:06.073,1,"This listing is <strong>not</strong> a physical item. Please keep in mind that this <strong>Code Card</strong> listing represents a digital copy of the stated item for the Pokémon TCG Online <strong>and/or</strong> the Pokémon TCG Live games. You may receive the physical <strong>Code Card</strong>. Upon purchase, please work with your specific Seller by sending them a message using the <strong>Contact Seller</strong> button on the order details in your <a href=https://store.tcgplayer.com/myaccount/orderhistory>Order History</a> to opt in to having your <strong>Code Card</strong> code delivered digitally due to the nature of the product.",,,,,,,,Code Card,,,,,,,,,
