productId,name,cleanName,imageUrl,categoryId,groupId,url,modifiedOn,imageCount,extNumber,extRarity,extAttribute,extMonsterType,extCardType,extAttack,extDefense,extDescription,lowPrice,midPrice,highPrice,marketPrice,directLowPrice,subTypeName
92550,Mecha Phantom Beast Turtletracer,Mecha Phantom Beast Turtletracer,https://tcgplayer-cdn.tcgplayer.com/product/92550_200w.jpg,2,1485,https://cpt.tcgcsv.com/02M,2015-04-17T18:53:35.077,1,MP14-EN001,Super Rare,WIND,Machine,Effect Monster,500,2000,"This card's Level is increased by the total Levels of all ""Mecha Phantom Beast Tokens"" you control. While you control a Token, this card cannot be destroyed by battle or card effects. Each turn, the first ""Mecha Phantom Beast Token"" you control that would be destroyed by battle, is not destroyed.",0.49,2.48,5.0,,,Unlimited
92550,Mecha Phantom Beast Turtletracer,Mecha Phantom Beast Turtletracer,https://tcgplayer-cdn.tcgplayer.com/product/92550_200w.jpg,2,1485,https://cpt.tcgcsv.com/02M,2015-04-17T18:53:35.077,1,MP14-EN001,Super Rare,WIND,Machine,Effect Monster,500,2000,"This card's Level is increased by the total Levels of all ""Mecha Phantom Beast Tokens"" you control. While you control a Token, this card cannot be destroyed by battle or card effects. Each turn, the first ""Mecha Phantom Beast Token"" you control that would be destroyed by battle, is not destroyed.",0.04,0.3,5.0,0.16,,1st Edition
92551,2014 Mega-Tin Mega-Pack,2014 Mega Tin Mega Pack,https://tcgplayer-cdn.tcgplayer.com/product/92551_200w.jpg,2,1485,https://cpt.tcgcsv.com/22M,2015-12-17T18:23:50.393,1,,,,,,,,,,,,,,
92552,Battlin' Boxer Headgeared,Battlin Boxer Headgeared,https://tcgplayer-cdn.tcgplayer.com/product/92552_200w.jpg,2,1485,https://cpt.tcgcsv.com/32M,2015-04-17T17:21:17.85,1,MP14-EN002,Common,FIRE,Warrior,Effect Monster,1000,1800,"When this card is Normal Summoned: You can send 1 ""Battlin' Boxer"" monster from your Deck to the Graveyard. Once per turn, this face-up Attack Position card cannot be destroyed by battle.",0.09,0.3,1.0,0.28,,1st Edition
92553,Battlin' Boxer Glassjaw,Battlin Boxer Glassjaw,https://tcgplayer-cdn.tcgplayer.com/product/92553_200w.jpg,2,1485,https://cpt.tcgcsv.com/52M,2015-04-17T17:20:56.397,1,MP14-EN003,Common,FIRE,Warrior,Effect Monster,2000,0,"When this card is targeted for an attack: Destroy this card. When this card is sent to the Graveyard by a card effect: You can target 1 ""Battlin' Boxer"" monster in your Graveyard, except ""Battlin' Boxer Glassjaw""; add that target to your hand.",0.1,0.25,1.41,0.22,,1st Edition
92554,Battlin' Boxer Sparrer,Battlin Boxer Sparrer,https://tcgplayer-cdn.tcgplayer.com/product/92554_200w.jpg,2,1485,https://cpt.tcgcsv.com/62M,2015-04-17T17:24:13.853,1,MP14-EN004,Common,FIRE,Warrior,Effect Monster,1200,1400,"If you control a ""Battlin' Boxer"" monster, you can Special Summon this card (from your hand). If you do, you cannot conduct your Battle Phase for the rest of this turn.",0.59,1.29,1.99,,,Unlimited
92554,Battlin' Boxer Sparrer,Battlin Boxer Sparrer,https://tcgplayer-cdn.tcgplayer.com/product/92554_200w.jpg,2,1485,https://cpt.tcgcsv.com/62M,2015-04-17T17:24:13.853,1,MP14-EN004,Common,FIRE,Warrior,Effect Monster,1200,1400,"If you control a ""Battlin' Boxer"" monster, you can Special Summon this card (from your hand). If you do, you cannot conduct your Battle Phase for the rest of this turn.",0.23,0.75,2.99,0.54,,1st Edition
92555,Battlin' Boxer Switchitter,Battlin Boxer Switchitter,https://tcgplayer-cdn.tcgplayer.com/product/92555_200w.jpg,2,1485,https://cpt.tcgcsv.com/72M,2015-04-17T17:24:38.357,1,MP14-EN005,Common,FIRE,Warrior,Effect Monster,1500,1400,"When this card is Normal Summoned: You can target 1 ""Battlin' Boxer"" monster in your Graveyard; Special Summon that target. You cannot Special Summon any monsters during the turn you activate this effect except ""Battlin' Boxer"" monsters.",0.99,0.99,0.99,,,Unlimited
92555,Battlin' Boxer Switchitter,Battlin Boxer Switchitter,https://tcgplayer-cdn.tcgplayer.com/product/92555_200w.jpg,2,1485,https://cpt.tcgcsv.com/72M,2015-04-17T17:24:38.357,1,MP14-EN005,Common,FIRE,Warrior,Effect Monster,1500,1400,"When this card is Normal Summoned: You can target 1 ""Battlin' Boxer"" monster in your Graveyard; Special Summon that target. You cannot Special Summon any monsters during the turn you activate this effect except ""Battlin' Boxer"" monsters.",0.09,0.4,1.0,0.35,,1st Edition
92556,Battlin' Boxer Counterpunch,Battlin Boxer Counterpunch,https://tcgplayer-cdn.tcgplayer.com/product/92556_200w.jpg,2,1485,https://cpt.tcgcsv.com/82M,2015-04-17T17:19:08.987,1,MP14-EN006,Common,FIRE,Warrior,Effect Monster,0,1100,"During the Damage Step of either player's turn, when a ""Battlin' Boxer"" monster you control is attacking or being attacked: You can banish this card from your hand or Graveyard; that monster gains 1000 ATK until the End Phase. You can only use the effect of ""Battlin' Boxer Counterpunch"" once per turn.",0.22,0.35,1.53,0.25,,1st Edition
92557,Mecha Phantom Beast Megaraptor,Mecha Phantom Beast Megaraptor,https://tcgplayer-cdn.tcgplayer.com/product/92557_200w.jpg,2,1485,https://cpt.tcgcsv.com/92M,2015-04-17T18:51:13.65,1,MP14-EN007,Super Rare,WIND,Machine,Effect Monster,1900,1000,"When a Token(s) is Special Summoned to your side of the field: Special Summon 1 ""Mecha Phantom Beast Token"" (Machine-Type/WIND/Level 3/ATK 0/DEF 0). You can only use this effect of ""Mecha Phantom Beast Megaraptor"" once per turn. This card's Level is increased by the total Levels of all ""Mecha Phantom Beast Tokens"" you control. While you control a Token, this card cannot be destroyed by battle or card effects. Once per turn: You can Tribute 1 Token; add 1 ""Mecha Phantom Beast"" monster from your Deck to your hand.",0.17,0.75,2.0,0.5,,1st Edition
92558,Mecha Phantom Beast Tetherwolf,Mecha Phantom Beast Tetherwolf,https://tcgplayer-cdn.tcgplayer.com/product/92558_200w.jpg,2,1485,https://cpt.tcgcsv.com/b2M,2015-04-17T18:52:56.92,1,MP14-EN008,Rare,WIND,Machine,Effect Monster,1700,1200,"When this card is Normal Summoned: Special Summon 1 ""Mecha Phantom Beast Token"" (Machine-Type/WIND/Level 3/ATK 0/DEF 0). This card's Level is increased by the total Levels of all ""Mecha Phantom Beast Tokens"" you control. While you control a Token, this card cannot be destroyed by battle or card effects. During the Damage Step of either player's turn, if this card battles any opponent's monster: You can Tribute 1 Token once per battle; this card gains 800 ATK, until the End Phase.",0.2,0.27,0.33,,,Unlimited
92558,Mecha Phantom Beast Tetherwolf,Mecha Phantom Beast Tetherwolf,https://tcgplayer-cdn.tcgplayer.com/product/92558_200w.jpg,2,1485,https://cpt.tcgcsv.com/b2M,2015-04-17T18:52:56.92,1,MP14-EN008,Rare,WIND,Machine,Effect Monster,1700,1200,"When this card is Normal Summoned: Special Summon 1 ""Mecha Phantom Beast Token"" (Machine-Type/WIND/Level 3/ATK 0/DEF 0). This card's Level is increased by the total Levels of all ""Mecha Phantom Beast Tokens"" you control. While you control a Token, this card cannot be destroyed by battle or card effects. During the Damage Step of either player's turn, if this card battles any opponent's monster: You can Tribute 1 Token once per battle; this card gains 800 ATK, until the End Phase.",0.14,0.5,1.56,0.31,,1st Edition
92559,Mecha Phantom Beast Blackfalcon,Mecha Phantom Beast Blackfalcon,https://tcgplayer-cdn.tcgplayer.com/product/92559_200w.jpg,2,1485,https://cpt.tcgcsv.com/c2M,2015-04-17T18:43:52.157,1,MP14-EN009,Common,WIND,Machine,Effect Monster,1200,1700,"When this card declares an attack: Special Summon 1 ""Mecha Phantom Beast Token"" (Machine-Type/WIND/Level 3/ATK 0/DEF 0). This card's Level is increased by the total Levels of all ""Mecha Phantom Beast Tokens"" you control. While you control a Token, this card cannot be destroyed by battle or by card effects. Once per turn, during either player's turn: You can Tribute 1 Token, then target 1 monster your opponent controls; change that target to face-up Defense Position.",0.08,0.25,1.39,0.13,,1st Edition
92560,Mecha Phantom Beast Stealthray,Mecha Phantom Beast Stealthray,https://tcgplayer-cdn.tcgplayer.com/product/92560_200w.jpg,2,1485,https://cpt.tcgcsv.com/d2M,2015-04-17T18:52:28.14,1,MP14-EN010,Common,WIND,Machine,Effect Monster,100,2100,"When this card inflicts battle damage to your opponent: Special Summon 1 ""Mecha Phantom Beast Token"" (Machine-Type/WIND/Level 3/ATK 0/DEF 0). This card's Level is increased by the total Levels of all ""Mecha Phantom Beast Tokens"" you control. While you control a Token, this card cannot be destroyed by battle or card effects. Once per turn: You can Tribute 1 Token, then target 1 Spell/Trap Card on the field; destroy that target.",0.05,0.05,0.05,,,Unlimited
92560,Mecha Phantom Beast Stealthray,Mecha Phantom Beast Stealthray,https://tcgplayer-cdn.tcgplayer.com/product/92560_200w.jpg,2,1485,https://cpt.tcgcsv.com/d2M,2015-04-17T18:52:28.14,1,MP14-EN010,Common,WIND,Machine,Effect Monster,100,2100,"When this card inflicts battle damage to your opponent: Special Summon 1 ""Mecha Phantom Beast Token"" (Machine-Type/WIND/Level 3/ATK 0/DEF 0). This card's Level is increased by the total Levels of all ""Mecha Phantom Beast Tokens"" you control. While you control a Token, this card cannot be destroyed by battle or card effects. Once per turn: You can Tribute 1 Token, then target 1 Spell/Trap Card on the field; destroy that target.",0.1,0.25,1.49,0.12,,1st Edition
92561,Mecha Phantom Beast Hamstrat,Mecha Phantom Beast Hamstrat,https://tcgplayer-cdn.tcgplayer.com/product/92561_200w.jpg,2,1485,https://cpt.tcgcsv.com/f2M,2015-04-17T18:50:05.107,1,MP14-EN011,Ultra Rare,WIND,Machine,Effect Monster,1100,1600,"When this card is flipped face-up: Special Summon 2 ""Mecha Phantom Beast Tokens"" (Machine-Type/WIND/Level 3/ATK 0/DEF 0). This card's Level is increased by the total Levels of all ""Mecha Phantom Beast Tokens"" you control. While you control a Token; this card cannot be destroyed by battle or card effects. You can Tribute 1 Token; then target 1 ""Mecha Phantom Beast"" monster in your Graveyard; Special Summon that target. You can only use this effect of ""Mecha Phantom Beast Hamstrat"" once per turn.",0.13,0.37,3.28,0.21,,1st Edition
92562,Brotherhood of the Fire Fist - Wolf,Brotherhood of the Fire Fist Wolf,https://tcgplayer-cdn.tcgplayer.com/product/92562_200w.jpg,2,1485,https://cpt.tcgcsv.com/g2M,2015-04-17T17:33:46.643,1,MP14-EN012,Common,FIRE,Beast-Warrior,Effect Monster,0,1900,"If this card is flipped face-up: You can Set 1 ""Fire Formation"" Trap Card directly from your Deck, then, if this card was Flip Summoned, you can also Set 1 ""Fire Formation"" Spell Card directly from your Deck.",0.1,0.25,1.42,0.13,,1st Edition
92563,Brotherhood of the Fire Fist - Leopard,Brotherhood of the Fire Fist Leopard,https://tcgplayer-cdn.tcgplayer.com/product/92563_200w.jpg,2,1485,https://cpt.tcgcsv.com/h2M,2015-04-17T17:28:55.823,1,MP14-EN013,Common,FIRE,Beast-Warrior,Effect Monster,0,200,"During your Main Phase, if this card was Normal or Special Summoned this turn: You can Tribute 1 ""Fire Fist"" monster; Set 1 ""Fire Formation"" Spell/Trap Card directly from your Deck. You can only use the effect of ""Brotherhood of the Fire Fist - Leopard"" once per turn.",6.0,6.3,62.64,,,Unlimited
92563,Brotherhood of the Fire Fist - Leopard,Brotherhood of the Fire Fist Leopard,https://tcgplayer-cdn.tcgplayer.com/product/92563_200w.jpg,2,1485,https://cpt.tcgcsv.com/h2M,2015-04-17T17:28:55.823,1,MP14-EN013,Common,FIRE,Beast-Warrior,Effect Monster,0,200,"During your Main Phase, if this card was Normal or Special Summoned this turn: You can Tribute 1 ""Fire Fist"" monster; Set 1 ""Fire Formation"" Spell/Trap Card directly from your Deck. You can only use the effect of ""Brotherhood of the Fire Fist - Leopard"" once per turn.",0.12,0.26,1.93,0.21,,1st Edition
92564,Brotherhood of the Fire Fist - Rhino,Brotherhood of the Fire Fist Rhino,https://tcgplayer-cdn.tcgplayer.com/product/92564_200w.jpg,2,1485,https://cpt.tcgcsv.com/j2M,2015-04-17T17:29:27.32,1,MP14-EN014,Rare,FIRE,Beast-Warrior,Effect Monster,1700,1400,"If a ""Fire Fist"" monster you control attacks or is attacked, during damage calculation (in either player's turn): You can send 1 face-up ""Fire Formation"" Spell/Trap Card you control and 1 ""Fire Fist"" monster from your hand to the Graveyard once per battle; your attacking/attacked monster gains ATK equal to the original ATK of the monster sent to the Graveyard, during damage calculation only.",0.3,0.9,1.49,,,Unlimited
92564,Brotherhood of the Fire Fist - Rhino,Brotherhood of the Fire Fist Rhino,https://tcgplayer-cdn.tcgplayer.com/product/92564_200w.jpg,2,1485,https://cpt.tcgcsv.com/j2M,2015-04-17T17:29:27.32,1,MP14-EN014,Rare,FIRE,Beast-Warrior,Effect Monster,1700,1400,"If a ""Fire Fist"" monster you control attacks or is attacked, during damage calculation (in either player's turn): You can send 1 face-up ""Fire Formation"" Spell/Trap Card you control and 1 ""Fire Fist"" monster from your hand to the Graveyard once per battle; your attacking/attacked monster gains ATK equal to the original ATK of the monster sent to the Graveyard, during damage calculation only.",0.1,0.35,1.98,0.19,,1st Edition
92565,Brotherhood of the Fire Fist - Buffalo,Brotherhood of the Fire Fist Buffalo,https://tcgplayer-cdn.tcgplayer.com/product/92565_200w.jpg,2,1485,https://cpt.tcgcsv.com/k2M,2015-04-17T17:27:11.79,1,MP14-EN015,Rare,FIRE,Beast-Warrior,Effect Monster,1700,1000,"If this card is in your Graveyard: You can send a total of 2 ""Fire Fist"" / ""Fire Formation"" cards from your hand and/or face-up on your side of the field to the Graveyard; Special Summon this card from your Graveyard. You can only use the effect of ""Brotherhood of the Fire Fist - Buffalo"" once per turn.",0.1,0.42,1.49,0.28,,1st Edition
92566,Mermail Abyssocea,Mermail Abyssocea,https://tcgplayer-cdn.tcgplayer.com/product/92566_200w.jpg,2,1485,https://cpt.tcgcsv.com/l2M,2015-04-17T18:55:37.017,1,MP14-EN016,Common,WATER,Aqua,Effect Monster,1100,1900,"You can target 1 ""Mermail"" monster you control; Special Summon any number of Level 4 or lower ""Mermail"" monsters from your Deck whose combined Levels are less than or equal to the Level of that monster, then send that monster to the Graveyard. You can only use the effect of ""Mermail Abyssocea"" once per turn.",1.99,1.99,1.99,,,Unlimited
92566,Mermail Abyssocea,Mermail Abyssocea,https://tcgplayer-cdn.tcgplayer.com/product/92566_200w.jpg,2,1485,https://cpt.tcgcsv.com/l2M,2015-04-17T18:55:37.017,1,MP14-EN016,Common,WATER,Aqua,Effect Monster,1100,1900,"You can target 1 ""Mermail"" monster you control; Special Summon any number of Level 4 or lower ""Mermail"" monsters from your Deck whose combined Levels are less than or equal to the Level of that monster, then send that monster to the Graveyard. You can only use the effect of ""Mermail Abyssocea"" once per turn.",0.05,0.3,1.41,0.3,,1st Edition
92567,Wheel of Prophecy,Wheel of Prophecy,https://tcgplayer-cdn.tcgplayer.com/product/92567_200w.jpg,2,1485,https://cpt.tcgcsv.com/m2M,2015-04-18T12:23:59.307,1,MP14-EN017,Rare,DARK,Spellcaster,Effect Monster,2700,1700,"When this card is Special Summoned by the effect of a Spellcaster-Type monster: You can target any number of your banished ""Spellbook"" Spell Cards; shuffle them into the Deck, and if you do, return your other banished ""Spellbook"" Spell Cards to your Graveyard. You can only use the effect of ""Wheel of Prophecy"" once per turn.",0.05,0.33,1.0,0.17,,1st Edition
92568,Madolche Hootcake,Madolche Hootcake,https://tcgplayer-cdn.tcgplayer.com/product/92568_200w.jpg,2,1485,https://cpt.tcgcsv.com/n2M,2015-04-17T18:39:37.153,1,MP14-EN018,Super Rare,EARTH,Beast,Effect Monster,1500,1100,"When this card in your possession is destroyed by your opponent's card (either by battle or by card effect) and sent to your Graveyard: Shuffle this card into the Deck. You can target 1 monster in your Graveyard; banish it, and if you do, Special Summon 1 ""Madolche"" monster from your Deck, except ""Madolche Hootcake"". You can only use this effect of ""Madolche Hootcake"" once per turn.",4.0,6.97,77.14,,,Unlimited
92568,Madolche Hootcake,Madolche Hootcake,https://tcgplayer-cdn.tcgplayer.com/product/92568_200w.jpg,2,1485,https://cpt.tcgcsv.com/n2M,2015-04-17T18:39:37.153,1,MP14-EN018,Super Rare,EARTH,Beast,Effect Monster,1500,1100,"When this card in your possession is destroyed by your opponent's card (either by battle or by card effect) and sent to your Graveyard: Shuffle this card into the Deck. You can target 1 monster in your Graveyard; banish it, and if you do, Special Summon 1 ""Madolche"" monster from your Deck, except ""Madolche Hootcake"". You can only use this effect of ""Madolche Hootcake"" once per turn.",0.52,2.9,14.99,2.91,,1st Edition
92569,Legendary Atlantean Tridon,Legendary Atlantean Tridon,https://tcgplayer-cdn.tcgplayer.com/product/92569_200w.jpg,2,1485,https://cpt.tcgcsv.com/p2M,2015-04-17T18:38:25.363,1,MP14-EN019,Common,WATER,Sea Serpent,Effect Monster,1600,800,"You can Tribute this card and 1 Sea Serpent-Type monster; Special Summon 1 ""Poseidra, the Atlantean Dragon"" from your hand or Deck, then all monsters your opponent currently controls lose 300 ATK.",0.99,0.99,0.99,,,Unlimited
92569,Legendary Atlantean Tridon,Legendary Atlantean Tridon,https://tcgplayer-cdn.tcgplayer.com/product/92569_200w.jpg,2,1485,https://cpt.tcgcsv.com/p2M,2015-04-17T18:38:25.363,1,MP14-EN019,Common,WATER,Sea Serpent,Effect Monster,1600,800,"You can Tribute this card and 1 Sea Serpent-Type monster; Special Summon 1 ""Poseidra, the Atlantean Dragon"" from your hand or Deck, then all monsters your opponent currently controls lose 300 ATK.",0.05,0.33,1.49,0.35,,1st Edition
92570,Fire King Avatar Garunix,Fire King Avatar Garunix,https://tcgplayer-cdn.tcgplayer.com/product/92570_200w.jpg,2,1485,https://cpt.tcgcsv.com/q2M,2015-04-17T18:08:00.813,1,MP14-EN020,Common,FIRE,Winged Beast,Effect Monster,700,1700,"If a face-up ""Fire King"" monster you control is destroyed by a card effect (except during the Damage Step): You can Special Summon this card from your hand. If this card in your possession is destroyed by your opponent's card (either by battle or by card effect) and sent to your Graveyard: You can Special Summon 1 ""Fire King Avatar"" monster from your Deck.",0.15,0.3,0.44,,,Unlimited
92570,Fire King Avatar Garunix,Fire King Avatar Garunix,https://tcgplayer-cdn.tcgplayer.com/product/92570_200w.jpg,2,1485,https://cpt.tcgcsv.com/q2M,2015-04-17T18:08:00.813,1,MP14-EN020,Common,FIRE,Winged Beast,Effect Monster,700,1700,"If a face-up ""Fire King"" monster you control is destroyed by a card effect (except during the Damage Step): You can Special Summon this card from your hand. If this card in your possession is destroyed by your opponent's card (either by battle or by card effect) and sent to your Graveyard: You can Special Summon 1 ""Fire King Avatar"" monster from your Deck.",0.1,0.28,1.4,0.43,,1st Edition
92571,Harpie Channeler,Harpie Channeler,https://tcgplayer-cdn.tcgplayer.com/product/92571_200w.jpg,2,1485,https://cpt.tcgcsv.com/r2M,2015-04-17T18:33:15.177,1,MP14-EN021,Ultra Rare,WIND,Winged Beast,Effect Monster,1400,1300,"You can discard 1 “Harpie” card; Special Summon 1 “Harpie” monster from your Deck in face-up Defense Position, except “Harpie Channeler”. You can only use this effect of “Harpie Channeler” once per turn. While you control a Dragon-Type monster, this card’s Level becomes 7. This card’s name becomes “Harpie Lady” while it is on the field or in the Graveyard.",2.5,3.66,5.43,,,Unlimited
92571,Harpie Channeler,Harpie Channeler,https://tcgplayer-cdn.tcgplayer.com/product/92571_200w.jpg,2,1485,https://cpt.tcgcsv.com/r2M,2015-04-17T18:33:15.177,1,MP14-EN021,Ultra Rare,WIND,Winged Beast,Effect Monster,1400,1300,"You can discard 1 “Harpie” card; Special Summon 1 “Harpie” monster from your Deck in face-up Defense Position, except “Harpie Channeler”. You can only use this effect of “Harpie Channeler” once per turn. While you control a Dragon-Type monster, this card’s Level becomes 7. This card’s name becomes “Harpie Lady” while it is on the field or in the Graveyard.",0.85,2.13,19.99,2.03,,1st Edition
92572,Windrose the Elemental Lord,Windrose the Elemental Lord,https://tcgplayer-cdn.tcgplayer.com/product/92572_200w.jpg,2,1485,https://cpt.tcgcsv.com/s2M,2015-04-18T12:24:32.003,1,MP14-EN022,Secret Rare,WIND,Winged Beast,Effect Monster,2800,2200,"Cannot be Normal Summoned/set. Must be Special Summoned (from your hand) by having exactly 5 WIND monsters in your Graveyard, and cannot be Special Summoned by other ways. When this card is Special Summoned: Destroy all Spell and Trap Card your opponent controls: You can only use this effect of ""Windrose the Elemental Lord"" once per turn. If this card leaves the field, skip the Battle Phase of your next turn.",0.23,0.28,3.96,,,Unlimited
92572,Windrose the Elemental Lord,Windrose the Elemental Lord,https://tcgplayer-cdn.tcgplayer.com/product/92572_200w.jpg,2,1485,https://cpt.tcgcsv.com/s2M,2015-04-18T12:24:32.003,1,MP14-EN022,Secret Rare,WIND,Winged Beast,Effect Monster,2800,2200,"Cannot be Normal Summoned/set. Must be Special Summoned (from your hand) by having exactly 5 WIND monsters in your Graveyard, and cannot be Special Summoned by other ways. When this card is Special Summoned: Destroy all Spell and Trap Card your opponent controls: You can only use this effect of ""Windrose the Elemental Lord"" once per turn. If this card leaves the field, skip the Battle Phase of your next turn.",0.1,0.49,4.98,0.31,,1st Edition
92573,Risebell the Star Adjuster,Risebell the Star Adjuster,https://tcgplayer-cdn.tcgplayer.com/product/92573_200w.jpg,2,1485,https://cpt.tcgcsv.com/t2M,2015-04-18T11:51:54.303,1,MP14-EN023,Common,WIND,Psychic,Effect Monster,800,800,When this card is Special Summoned: You can target 1 face-up monster on the field; increase its Level by up to 3 until the End Phase.,0.02,0.25,1.41,0.15,,1st Edition
92574,Number 107: Galaxy-Eyes Tachyon Dragon,Number 107 Galaxy Eyes Tachyon Dragon,https://tcgplayer-cdn.tcgplayer.com/product/92574_200w.jpg,2,1485,https://cpt.tcgcsv.com/v2M,2018-02-27T19:41:21.863,1,MP14-EN024,Ultra Rare,LIGHT,Dragon,Xyz/Effect Monster,3000,2500,"2 Level 8 monsters
<br>Once per Battle Phase, at the start of your Battle Phase: You can detach 1 Xyz Material from this card; negate the effects of all other face-up monsters currently on the field, also their ATK and DEF becomes their original ATK and DEF, and if you do any of these, during the Battle Phase this turn, each time an opponent's card effect resolves, this card gains 1000 ATK until the end of the Battle Phase, also, it can make a second attack during each Battle Phase this turn.",2.0,2.5,3.52,3.52,,Unlimited
92574,Number 107: Galaxy-Eyes Tachyon Dragon,Number 107 Galaxy Eyes Tachyon Dragon,https://tcgplayer-cdn.tcgplayer.com/product/92574_200w.jpg,2,1485,https://cpt.tcgcsv.com/v2M,2018-02-27T19:41:21.863,1,MP14-EN024,Ultra Rare,LIGHT,Dragon,Xyz/Effect Monster,3000,2500,"2 Level 8 monsters
<br>Once per Battle Phase, at the start of your Battle Phase: You can detach 1 Xyz Material from this card; negate the effects of all other face-up monsters currently on the field, also their ATK and DEF becomes their original ATK and DEF, and if you do any of these, during the Battle Phase this turn, each time an opponent's card effect resolves, this card gains 1000 ATK until the end of the Battle Phase, also, it can make a second attack during each Battle Phase this turn.",1.99,3.7,14.99,3.13,,1st Edition
92575,Gauntlet Launcher,Gauntlet Launcher,https://tcgplayer-cdn.tcgplayer.com/product/92575_200w.jpg,2,1485,https://cpt.tcgcsv.com/w2M,2015-04-17T18:11:47.81,1,MP14-EN025,Ultra Rare,EARTH,Warior,Xyz/Effect Monster,2400,2800,"2 Level 6 monsters 
<br>You can detach 1 Xyz Material from this card, then target 1 monster your opponent controls; destroy it.",0.64,0.82,0.99,0.47,,Unlimited
92575,Gauntlet Launcher,Gauntlet Launcher,https://tcgplayer-cdn.tcgplayer.com/product/92575_200w.jpg,2,1485,https://cpt.tcgcsv.com/w2M,2015-04-17T18:11:47.81,1,MP14-EN025,Ultra Rare,EARTH,Warior,Xyz/Effect Monster,2400,2800,"2 Level 6 monsters 
<br>You can detach 1 Xyz Material from this card, then target 1 monster your opponent controls; destroy it.",0.1,0.5,2.99,0.41,,1st Edition
92576,Shark Fortress,Shark Fortress,https://tcgplayer-cdn.tcgplayer.com/product/92576_200w.jpg,2,1485,https://cpt.tcgcsv.com/x2M,2015-04-18T11:38:07.637,1,MP14-EN026,Common,DARK,Fish,Xyz/Effect Monster,2400,1800,"2 Level 5 monsters // Your opponent cannot target monsters for attacks, except this one. Once per turn: You can detach 1 Xyz Material from this card, then target 1 face-up monster you control; it can make a second attack during each Battle Phase this turn.",0.03,0.03,0.03,0.05,,Unlimited
92576,Shark Fortress,Shark Fortress,https://tcgplayer-cdn.tcgplayer.com/product/92576_200w.jpg,2,1485,https://cpt.tcgcsv.com/x2M,2015-04-18T11:38:07.637,1,MP14-EN026,Common,DARK,Fish,Xyz/Effect Monster,2400,1800,"2 Level 5 monsters // Your opponent cannot target monsters for attacks, except this one. Once per turn: You can detach 1 Xyz Material from this card, then target 1 face-up monster you control; it can make a second attack during each Battle Phase this turn.",0.15,0.3,1.79,0.29,,1st Edition
92577,Battlin' Boxer Lead Yoke,Battlin Boxer Lead Yoke,https://tcgplayer-cdn.tcgplayer.com/product/92577_200w.jpg,2,1485,https://cpt.tcgcsv.com/z2M,2015-04-17T17:22:06.55,1,MP14-EN027,Rare,FIRE,Warior,Xyz/Effect Monster,2200,2000,"2 Level 4 ""Battlin' Boxer"" monsters // If a ""Battlin' Boxer"" monster(s) you control would be destroyed by battle or by a card effect, you can detach 1 Xyz Material from this card instead of destroying 1 of those monsters. When an Xyz Material(s) is detach from this card: This card gains 800 ATK.",0.15,0.15,0.15,,,Unlimited
92577,Battlin' Boxer Lead Yoke,Battlin Boxer Lead Yoke,https://tcgplayer-cdn.tcgplayer.com/product/92577_200w.jpg,2,1485,https://cpt.tcgcsv.com/z2M,2015-04-17T17:22:06.55,1,MP14-EN027,Rare,FIRE,Warior,Xyz/Effect Monster,2200,2000,"2 Level 4 ""Battlin' Boxer"" monsters // If a ""Battlin' Boxer"" monster(s) you control would be destroyed by battle or by a card effect, you can detach 1 Xyz Material from this card instead of destroying 1 of those monsters. When an Xyz Material(s) is detach from this card: This card gains 800 ATK.",0.05,0.49,1.98,0.37,,1st Edition
92578,Number 105: Battlin' Boxer Star Cestus,Number 105 Battlin Boxer Star Cestus,https://tcgplayer-cdn.tcgplayer.com/product/92578_200w.jpg,2,1485,https://cpt.tcgcsv.com/B2M,2015-04-18T11:38:29.323,1,MP14-EN028,Super Rare,FIRE,Warior,Xyz/Effect Monster,2500,1600,"3 Level 4 monsters
During either player's Battle Step, if a ""Battlin' Boxer"" monster you control battles an opponent's monster: You can detach 1 Xyz Material from this card; negate the effects of the opponent's monster until the end of the turn, that monster you control cannot be destroyed by that battle, also your opponent takes any battle damage you would have taken from that battle.",3.26,4.39,13.74,3.76,,1st Edition
92579,Number C105: Battlin' Boxer Comet Cestus,Number C105 Battlin Boxer Comet Cestus,https://tcgplayer-cdn.tcgplayer.com/product/92579_200w.jpg,2,1485,https://cpt.tcgcsv.com/C2M,2015-04-18T11:41:19.713,1,MP14-EN029,Ultra Rare,FIRE,Warior,Xyz/Effect Monster,2800,2000,"4 Level 5 monsters // When this card destroys an opponent's monster by battle and sends it to the Graveyard: Inflict damage to your opponent equal to half the destroyed monster's original ATK. IF this card has ""Number 105: Battlin' Boxer Star Cestus"" as an Xyz Material, it gains this effect. // * Once per turn: You can detach 1 Xyz Material from this card, then target 1 monster your opponent controls; destroy it, and if you do, inflict damage to your opponent equal to the destroyed monster's ATK on the field.",2.0,3.7,5.0,,,Unlimited
92579,Number C105: Battlin' Boxer Comet Cestus,Number C105 Battlin Boxer Comet Cestus,https://tcgplayer-cdn.tcgplayer.com/product/92579_200w.jpg,2,1485,https://cpt.tcgcsv.com/C2M,2015-04-18T11:41:19.713,1,MP14-EN029,Ultra Rare,FIRE,Warior,Xyz/Effect Monster,2800,2000,"4 Level 5 monsters // When this card destroys an opponent's monster by battle and sends it to the Graveyard: Inflict damage to your opponent equal to half the destroyed monster's original ATK. IF this card has ""Number 105: Battlin' Boxer Star Cestus"" as an Xyz Material, it gains this effect. // * Once per turn: You can detach 1 Xyz Material from this card, then target 1 monster your opponent controls; destroy it, and if you do, inflict damage to your opponent equal to the destroyed monster's ATK on the field.",0.4,1.0,4.99,0.71,,1st Edition
92580,Mecha Phantom Beast Dracossack,Mecha Phantom Beast Dracossack,https://tcgplayer-cdn.tcgplayer.com/product/92580_200w.jpg,2,1485,https://cpt.tcgcsv.com/D2M,2015-04-17T18:48:02.26,1,MP14-EN030,Secret Rare,WIND,Machine,Xyz/Effect Monster,2600,2200,"2 Level 7 monsters
<br>Once per turn: You can detach 1 Xyz Material from this card; Special Summon 2 ""Mecha Phantom Beast Tokens"" (Machine-Type/WIND/Level 3/ATK 0/DEF 0). While you control a Token, this card cannot be destroyed by battle or by card effects. Once per turn: You can Tribute 1 ""Mech Phantom Beast"" monster, then target 1 card on the field; destroy that target. This card cannot attack during the turn your activate this effect.",0.55,2.3,4.25,1.69,,Unlimited
92580,Mecha Phantom Beast Dracossack,Mecha Phantom Beast Dracossack,https://tcgplayer-cdn.tcgplayer.com/product/92580_200w.jpg,2,1485,https://cpt.tcgcsv.com/D2M,2015-04-17T18:48:02.26,1,MP14-EN030,Secret Rare,WIND,Machine,Xyz/Effect Monster,2600,2200,"2 Level 7 monsters
<br>Once per turn: You can detach 1 Xyz Material from this card; Special Summon 2 ""Mecha Phantom Beast Tokens"" (Machine-Type/WIND/Level 3/ATK 0/DEF 0). While you control a Token, this card cannot be destroyed by battle or by card effects. Once per turn: You can Tribute 1 ""Mech Phantom Beast"" monster, then target 1 card on the field; destroy that target. This card cannot attack during the turn your activate this effect.",0.24,2.32,19.97,1.51,,1st Edition
92581,Brotherhood of the Fire Fist - Cardinal,Brotherhood of the Fire Fist Cardinal,https://tcgplayer-cdn.tcgplayer.com/product/92581_200w.jpg,2,1485,https://cpt.tcgcsv.com/F2M,2019-08-29T14:10:41.07,1,MP14-EN031,Secret Rare,FIRE,Beast-Warrior,Xyz/Effect Monster,1800,2200,"2 Level 4 ""Fire Fist"" monsters
<br>You can detach 2 Xyz Materials from this card, then target 2 “Fire Fist” / “Fire Formation” cards in your Graveyard and/or face-up on your side of the field, and 2 cards in your opponent’s Graveyard and/or face-up on their side of the field; shuffle those targets into the Deck. You can only use the effect of “Brotherhood of the Fire Fist – Cardinal” once per turn.",2.79,2.95,2.98,2.97,,Unlimited
92581,Brotherhood of the Fire Fist - Cardinal,Brotherhood of the Fire Fist Cardinal,https://tcgplayer-cdn.tcgplayer.com/product/92581_200w.jpg,2,1485,https://cpt.tcgcsv.com/F2M,2019-08-29T14:10:41.07,1,MP14-EN031,Secret Rare,FIRE,Beast-Warrior,Xyz/Effect Monster,1800,2200,"2 Level 4 ""Fire Fist"" monsters
<br>You can detach 2 Xyz Materials from this card, then target 2 “Fire Fist” / “Fire Formation” cards in your Graveyard and/or face-up on your side of the field, and 2 cards in your opponent’s Graveyard and/or face-up on their side of the field; shuffle those targets into the Deck. You can only use the effect of “Brotherhood of the Fire Fist – Cardinal” once per turn.",0.2,0.66,7.99,0.46,,1st Edition
92582,Harpie's Pet Phantasmal Dragon,Harpies Pet Phantasmal Dragon,https://tcgplayer-cdn.tcgplayer.com/product/92582_200w.jpg,2,1485,https://cpt.tcgcsv.com/G2M,2015-04-17T18:34:08.713,1,MP14-EN032,Rare,WIND,Dragon,Xyz/Effect Monster,2000,2500,"3 Level 4 WIND monsters // This card's effects can only be applied/resolved while it has Xyz Material. This card can attack your opponent directly. Your opponent cannot target any ""Harpie"" monsters with effects or for attacks. During each of your End Phases: Detach 1 Xyz Material from this card.",0.29,0.72,1.99,0.68,,1st Edition
92583,King of the Feral Imps,King of the Feral Imps,https://tcgplayer-cdn.tcgplayer.com/product/92583_200w.jpg,2,1485,https://cpt.tcgcsv.com/H2M,2015-04-17T18:37:37.79,1,MP14-EN033,Common,DARK,Reptile,Xyz/Effect Monster,2300,2000,"2 Level 4 monsters 
<br>Once per turn: You can detach 1 Xyz Material from this card; add 1 Reptile-Type monster from your Deck to your hand.",0.55,0.64,1.0,0.56,,Unlimited
92583,King of the Feral Imps,King of the Feral Imps,https://tcgplayer-cdn.tcgplayer.com/product/92583_200w.jpg,2,1485,https://cpt.tcgcsv.com/H2M,2015-04-17T18:37:37.79,1,MP14-EN033,Common,DARK,Reptile,Xyz/Effect Monster,2300,2000,"2 Level 4 monsters 
<br>Once per turn: You can detach 1 Xyz Material from this card; add 1 Reptile-Type monster from your Deck to your hand.",0.38,0.67,1.84,0.65,,1st Edition
92584,Gagagawind,Gagagawind,https://tcgplayer-cdn.tcgplayer.com/product/92584_200w.jpg,2,1485,https://cpt.tcgcsv.com/J2M,2015-04-17T18:11:18.107,1,MP14-EN034,Common,SPELL,,Normal Spell,0,0,"Special Summon 1 ""Gagaga"" monster from your hand as a Level 4 monster.",0.02,0.34,0.34,,,Unlimited
92584,Gagagawind,Gagagawind,https://tcgplayer-cdn.tcgplayer.com/product/92584_200w.jpg,2,1485,https://cpt.tcgcsv.com/J2M,2015-04-17T18:11:18.107,1,MP14-EN034,Common,SPELL,,Normal Spell,0,0,"Special Summon 1 ""Gagaga"" monster from your hand as a Level 4 monster.",0.07,0.3,1.25,0.13,,1st Edition
92585,Magnum Shield,Magnum Shield,https://tcgplayer-cdn.tcgplayer.com/product/92585_200w.jpg,2,1485,https://cpt.tcgcsv.com/K2M,2015-04-17T18:40:49.847,1,MP14-EN035,Common,SPELL,,Normal Spell,0,0,"Equip only to a Warrior-Type monster. Apply this effect, depending on its battle position. 
<br><b>-</b> Attack Position: It gains ATK equal to its original DEF. 
<br><b>-</b> Defense Position: It gains DEF equal to its original ATK.",0.25,0.54,2.99,0.54,,1st Edition
92586,Rank-Up-Magic Barian's Force,Rank Up Magic Barians Force,https://tcgplayer-cdn.tcgplayer.com/product/92586_200w.jpg,2,1485,https://cpt.tcgcsv.com/L2M,2015-04-18T11:44:14.653,1,MP14-EN036,Ultra Rare,SPELL,,Normal Spell,0,0,"Target 1 face-up Xyz Monster you control; Special Summon from your Extra Deck, 1 ""Number C"" or ""CXyz"" monster with the same Type as that monster you control but 1 Rank higher, by using it as the Xyz Material. (This Special Summon is treated as an Xyz Summon. Xyz Materials attached to that target also become Xyz Materials on the Summoned monster.) Then, if possible detach 1 Xyz Material from a monster your opponent control and attach it to the Summoned monster as an Xyz Material.",5.49,5.5,5.76,,,Unlimited
92586,Rank-Up-Magic Barian's Force,Rank Up Magic Barians Force,https://tcgplayer-cdn.tcgplayer.com/product/92586_200w.jpg,2,1485,https://cpt.tcgcsv.com/L2M,2015-04-18T11:44:14.653,1,MP14-EN036,Ultra Rare,SPELL,,Normal Spell,0,0,"Target 1 face-up Xyz Monster you control; Special Summon from your Extra Deck, 1 ""Number C"" or ""CXyz"" monster with the same Type as that monster you control but 1 Rank higher, by using it as the Xyz Material. (This Special Summon is treated as an Xyz Summon. Xyz Materials attached to that target also become Xyz Materials on the Summoned monster.) Then, if possible detach 1 Xyz Material from a monster your opponent control and attach it to the Summoned monster as an Xyz Material.",0.15,0.6,2.34,0.55,,1st Edition
92587,Scramble!! Scramble!!,Scramble Scramble,https://tcgplayer-cdn.tcgplayer.com/product/92587_200w.jpg,2,1485,https://cpt.tcgcsv.com/M2M,2015-04-18T11:53:45.747,1,MP14-EN037,Ultra Rare,SPELL,,Normal Spell,0,0,"If your opponent's monsters on the field outnumber your non-Token monsters on the field: Tribute any number of ""Mecha Phantom Beast Tokens""; Special Summon an equal number of ""Mecha Phantom Beast"" monsters from your Deck. Shuffle them into the Deck during the End Phase. You can only activate 1 ""Scramble!! Scramble!!"" per turn.",3.0,3.0,3.0,,,Unlimited
92587,Scramble!! Scramble!!,Scramble Scramble,https://tcgplayer-cdn.tcgplayer.com/product/92587_200w.jpg,2,1485,https://cpt.tcgcsv.com/M2M,2015-04-18T11:53:45.747,1,MP14-EN037,Ultra Rare,SPELL,,Normal Spell,0,0,"If your opponent's monsters on the field outnumber your non-Token monsters on the field: Tribute any number of ""Mecha Phantom Beast Tokens""; Special Summon an equal number of ""Mecha Phantom Beast"" monsters from your Deck. Shuffle them into the Deck during the End Phase. You can only activate 1 ""Scramble!! Scramble!!"" per turn.",0.11,0.45,2.99,0.35,,1st Edition
92588,Fire Formation - Gyokkou,Fire Formation Gyokkou,https://tcgplayer-cdn.tcgplayer.com/product/92588_200w.jpg,2,1485,https://cpt.tcgcsv.com/N2M,2015-04-17T18:07:00.94,1,MP14-EN038,Super Rare,SPELL,,Normal Spell,0,0,"Activate this card by targeting 1 Set Spell/Trap Card your opponent controls. Your opponent cannot activate the targeted card in response to this card’s activation. While this card is face-up on the field, that Set card cannot be activated. All Beast-Warrior-Type monsters you control gain 100 ATK.",0.5,0.5,0.5,0.34,,Unlimited
92588,Fire Formation - Gyokkou,Fire Formation Gyokkou,https://tcgplayer-cdn.tcgplayer.com/product/92588_200w.jpg,2,1485,https://cpt.tcgcsv.com/N2M,2015-04-17T18:07:00.94,1,MP14-EN038,Super Rare,SPELL,,Normal Spell,0,0,"Activate this card by targeting 1 Set Spell/Trap Card your opponent controls. Your opponent cannot activate the targeted card in response to this card’s activation. While this card is face-up on the field, that Set card cannot be activated. All Beast-Warrior-Type monsters you control gain 100 ATK.",0.15,0.5,3.0,0.4,,1st Edition
92589,Spellbook of Judgment,Spellbook of Judgment,https://tcgplayer-cdn.tcgplayer.com/product/92589_200w.jpg,2,1485,https://cpt.tcgcsv.com/P2M,2015-04-18T11:56:52.143,1,MP14-EN039,Secret Rare,SPELL,,Normal Spell,0,0,"During the End Phase of the turn this card was activated, add “Spellbook” Spell Cards from your Deck to your hand, except “Spellbook of Judgment”, up to the number of Spell Cards activated after this card’s resolution, then, you can Special Summon from your Deck 1 Spellcaster-Type monster whose Level is less than or equal to the number of cards added to your hand by this effect. You can only activate 1 “Spellbook of Judgment” per turn.",1.0,3.87,8.99,,,Unlimited
92589,Spellbook of Judgment,Spellbook of Judgment,https://tcgplayer-cdn.tcgplayer.com/product/92589_200w.jpg,2,1485,https://cpt.tcgcsv.com/P2M,2015-04-18T11:56:52.143,1,MP14-EN039,Secret Rare,SPELL,,Normal Spell,0,0,"During the End Phase of the turn this card was activated, add “Spellbook” Spell Cards from your Deck to your hand, except “Spellbook of Judgment”, up to the number of Spell Cards activated after this card’s resolution, then, you can Special Summon from your Deck 1 Spellcaster-Type monster whose Level is less than or equal to the number of cards added to your hand by this effect. You can only activate 1 “Spellbook of Judgment” per turn.",0.15,0.6,22.93,0.36,,1st Edition
92590,Abyss-scale of the Mizuchi,Abyss scale of the Mizuchi,https://tcgplayer-cdn.tcgplayer.com/product/92590_200w.jpg,2,1485,https://cpt.tcgcsv.com/Q2M,2015-04-17T17:11:50.387,1,MP14-EN040,Common,SPELL,,Normal Spell,0,0,"Equip only to a ""Mermail"" monster. It gains 800 ATK. When a Spell effect that was activated on your opponent's side of the field resolves, negate that effect, then send this card to the Graveyard.",0.4,0.99,1.09,1.09,,Unlimited
92590,Abyss-scale of the Mizuchi,Abyss scale of the Mizuchi,https://tcgplayer-cdn.tcgplayer.com/product/92590_200w.jpg,2,1485,https://cpt.tcgcsv.com/Q2M,2015-04-17T17:11:50.387,1,MP14-EN040,Common,SPELL,,Normal Spell,0,0,"Equip only to a ""Mermail"" monster. It gains 800 ATK. When a Spell effect that was activated on your opponent's side of the field resolves, negate that effect, then send this card to the Graveyard.",0.16,0.5,2.0,0.45,,1st Edition
92591,Hysteric Sign,Hysteric Sign,https://tcgplayer-cdn.tcgplayer.com/product/92591_200w.jpg,2,1485,https://cpt.tcgcsv.com/R2M,2015-04-17T18:34:46.873,1,MP14-EN041,Super Rare,SPELL,,Normal Spell,0,0,"When this card is activated: Add 1 ""Elegant Egotist"" from your Deck or Graveyard to your hand. During the End Phase of the turn this card was sent from the field or hand to the Graveyard: Add up to 3 ""Harpie"" cards with different names from your Deck to your hand. You can only activate 1 ""Hysteric Sign"" effect per turn, and only once that turn.",0.64,0.74,1.95,,,Unlimited
92591,Hysteric Sign,Hysteric Sign,https://tcgplayer-cdn.tcgplayer.com/product/92591_200w.jpg,2,1485,https://cpt.tcgcsv.com/R2M,2015-04-17T18:34:46.873,1,MP14-EN041,Super Rare,SPELL,,Normal Spell,0,0,"When this card is activated: Add 1 ""Elegant Egotist"" from your Deck or Graveyard to your hand. During the End Phase of the turn this card was sent from the field or hand to the Graveyard: Add up to 3 ""Harpie"" cards with different names from your Deck to your hand. You can only activate 1 ""Hysteric Sign"" effect per turn, and only once that turn.",0.31,0.72,6.5,0.45,,1st Edition
92592,Sacred Sword of Seven Stars,Sacred Sword of Seven Stars,https://tcgplayer-cdn.tcgplayer.com/product/92592_200w.jpg,2,1485,https://cpt.tcgcsv.com/S2M,2015-04-18T11:53:16.587,1,MP14-EN042,Super Rare,SPELL,,Normal Spell,0,0,"Banish 1 Level 7 monster from your hand or face-up from your side of the field: draw 2 cards. You can only activate 1 ""Sacred Sword of Seven Stars"" per turn.",3.06,3.08,3.44,3.25,,Unlimited
92592,Sacred Sword of Seven Stars,Sacred Sword of Seven Stars,https://tcgplayer-cdn.tcgplayer.com/product/92592_200w.jpg,2,1485,https://cpt.tcgcsv.com/S2M,2015-04-18T11:53:16.587,1,MP14-EN042,Super Rare,SPELL,,Normal Spell,0,0,"Banish 1 Level 7 monster from your hand or face-up from your side of the field: draw 2 cards. You can only activate 1 ""Sacred Sword of Seven Stars"" per turn.",2.97,5.07,13.48,3.41,,1st Edition
92593,Summon Breaker,Summon Breaker,https://tcgplayer-cdn.tcgplayer.com/product/92593_200w.jpg,2,1485,https://cpt.tcgcsv.com/T2M,2015-04-18T11:59:17.623,1,MP14-EN043,Common,SPELL,,Normal Spell,0,0,"During Main Phase 1, if the turn player successfully conducts their third Summon of a monster(s) this turn: It becomes the End Phase.",4.58,8.25,8.25,,,Unlimited
92593,Summon Breaker,Summon Breaker,https://tcgplayer-cdn.tcgplayer.com/product/92593_200w.jpg,2,1485,https://cpt.tcgcsv.com/T2M,2015-04-18T11:59:17.623,1,MP14-EN043,Common,SPELL,,Normal Spell,0,0,"During Main Phase 1, if the turn player successfully conducts their third Summon of a monster(s) this turn: It becomes the End Phase.",0.93,2.25,9.99,1.47,,1st Edition
92594,Pinpoint Guard,Pinpoint Guard,https://tcgplayer-cdn.tcgplayer.com/product/92594_200w.jpg,2,1485,https://cpt.tcgcsv.com/V2M,2015-04-18T11:42:11.293,1,MP14-EN044,Secret Rare,TRAP,,Normal Trap,0,0,When an opponent's monster declares an attack: Target 1 Level 4 or lower monster in your Graveyard; Special Summon it in face-up Defense Position. It cannot be destroyed by battle or by card effect this turn.,0.23,0.55,4.99,0.41,,1st Edition
92595,Memory Loss,Memory Loss,https://tcgplayer-cdn.tcgplayer.com/product/92595_200w.jpg,2,1485,https://cpt.tcgcsv.com/W2M,2015-04-17T18:54:38.103,1,MP14-EN045,Common,TRAP,,Normal Trap,0,0,"When a face-up Attack Position monster your opponent controls just activated an effect: Negate that effect, and if you do, change that monster to face-up Defense Position.",0.05,0.3,1.49,0.36,,1st Edition
92596,Torrential Reborn,Torrential Reborn,https://tcgplayer-cdn.tcgplayer.com/product/92596_200w.jpg,2,1485,https://cpt.tcgcsv.com/X2M,2015-04-18T12:15:21.49,1,MP14-EN046,Secret Rare,TRAP,,Normal Trap,0,0,"When a face-up WATER monster you control is destroyed by battle or by a card effect and sent to the Graveyard: Special Summon the monster destroyed and sent from the field to your Graveyard at that time, then inflict 500 damage to your opponent for each of those Special Summoned monsters. You can only activate 1 ""Torrential Reborn"" per turn.",2.5,2.5,2.5,,,Unlimited
92596,Torrential Reborn,Torrential Reborn,https://tcgplayer-cdn.tcgplayer.com/product/92596_200w.jpg,2,1485,https://cpt.tcgcsv.com/X2M,2015-04-18T12:15:21.49,1,MP14-EN046,Secret Rare,TRAP,,Normal Trap,0,0,"When a face-up WATER monster you control is destroyed by battle or by a card effect and sent to the Graveyard: Special Summon the monster destroyed and sent from the field to your Graveyard at that time, then inflict 500 damage to your opponent for each of those Special Summoned monsters. You can only activate 1 ""Torrential Reborn"" per turn.",1.89,2.99,5.0,2.77,,1st Edition
92597,Xyz Block,Xyz Block,https://tcgplayer-cdn.tcgplayer.com/product/92597_200w.jpg,2,1485,https://cpt.tcgcsv.com/Z2M,2015-04-18T12:25:27.437,1,MP14-EN047,Common,TRAP,,Normal Trap,0,0,"When your opponent activates a monster effect: Detach 1 Xyz Material from a monster you control; negate the activation, and if you do, destroy that monster.",0.75,0.75,0.75,,,Unlimited
92597,Xyz Block,Xyz Block,https://tcgplayer-cdn.tcgplayer.com/product/92597_200w.jpg,2,1485,https://cpt.tcgcsv.com/Z2M,2015-04-18T12:25:27.437,1,MP14-EN047,Common,TRAP,,Normal Trap,0,0,"When your opponent activates a monster effect: Detach 1 Xyz Material from a monster you control; negate the activation, and if you do, destroy that monster.",0.15,0.3,1.0,0.22,,1st Edition
92598,Aerial Recharge,Aerial Recharge,https://tcgplayer-cdn.tcgplayer.com/product/92598_200w.jpg,2,1485,https://cpt.tcgcsv.com/-2M,2015-04-17T17:12:11.49,1,MP14-EN048,Common,TRAP,,Normal Trap,0,0,"Once per turn: You can Special Summon 1 ""Mecha Phantom Beast Token"" (Machine-Type/WIND/Level 3/ATK 0/DEF 0). During each player#s End Phase, Tribute 1 Token or ""Mecha Phantom Beast"" monster, or send this card to the Graveyard.",0.25,0.25,0.25,,,Unlimited
92598,Aerial Recharge,Aerial Recharge,https://tcgplayer-cdn.tcgplayer.com/product/92598_200w.jpg,2,1485,https://cpt.tcgcsv.com/-2M,2015-04-17T17:12:11.49,1,MP14-EN048,Common,TRAP,,Normal Trap,0,0,"Once per turn: You can Special Summon 1 ""Mecha Phantom Beast Token"" (Machine-Type/WIND/Level 3/ATK 0/DEF 0). During each player#s End Phase, Tribute 1 Token or ""Mecha Phantom Beast"" monster, or send this card to the Graveyard.",0.1,0.25,1.0,0.2,,1st Edition
92599,Do a Barrel Roll,Do a Barrel Roll,https://tcgplayer-cdn.tcgplayer.com/product/92599_200w.jpg,2,1485,https://cpt.tcgcsv.com/_2M,2015-04-17T18:04:18.557,1,MP14-EN049,Rare,TRAP,,Normal Trap,0,0,"When a Spell Card, Trap Card, or monster effect is activated: Tribute all ""Mecha Phantom Beast Tokens"" you control; negate the activation, and if you do, destroy it.",0.87,0.87,0.87,,,Unlimited
92599,Do a Barrel Roll,Do a Barrel Roll,https://tcgplayer-cdn.tcgplayer.com/product/92599_200w.jpg,2,1485,https://cpt.tcgcsv.com/_2M,2015-04-17T18:04:18.557,1,MP14-EN049,Rare,TRAP,,Normal Trap,0,0,"When a Spell Card, Trap Card, or monster effect is activated: Tribute all ""Mecha Phantom Beast Tokens"" you control; negate the activation, and if you do, destroy it.",0.11,0.28,1.0,0.17,,1st Edition
92600,Fire Formation - Kaiyo,Fire Formation Kaiyo,https://tcgplayer-cdn.tcgplayer.com/product/92600_200w.jpg,2,1485,https://cpt.tcgcsv.com/03M,2015-04-17T18:07:19.233,1,MP14-EN050,Common,TRAP,,Normal Trap,0,0,"During the turn this card is activated, if a Beast-Warrior-Type monster you control attacks a Defense Position monster, inflict piecring battle damage to your opponent. (This applies even if this card leaves the field.) All Beast-Warrior-Type monsters you control gain 300 ATK.",0.08,0.25,1.49,0.12,,1st Edition
92601,Madolche Nights,Madolche Nights,https://tcgplayer-cdn.tcgplayer.com/product/92601_200w.jpg,2,1485,https://cpt.tcgcsv.com/23M,2019-11-29T13:25:27.297,1,MP14-EN051,Super Rare,TRAP,,Counter Trap,,,"When a monster effect is activated, if you have no monsters in your Graveyard: Negate the activation, then if you control ""Madolche Puddingcess"", shuffle 1 random card from your opponent's hand into the Deck.",0.5,0.75,1.0,,,Unlimited
92601,Madolche Nights,Madolche Nights,https://tcgplayer-cdn.tcgplayer.com/product/92601_200w.jpg,2,1485,https://cpt.tcgcsv.com/23M,2019-11-29T13:25:27.297,1,MP14-EN051,Super Rare,TRAP,,Counter Trap,,,"When a monster effect is activated, if you have no monsters in your Graveyard: Negate the activation, then if you control ""Madolche Puddingcess"", shuffle 1 random card from your opponent's hand into the Deck.",0.25,0.49,2.99,0.38,,1st Edition
92602,Geargiagear,Geargiagear,https://tcgplayer-cdn.tcgplayer.com/product/92602_200w.jpg,2,1485,https://cpt.tcgcsv.com/33M,2015-04-17T18:12:09.25,1,MP14-EN052,Super Rare,TRAP,,Normal Trap,0,0,"Special Summon 2 ""Geargiano"" monster from your Deck and increase their Levels by 1. You can only activate 1 ""Geargiagear"" per turn.",0.55,0.56,1.5,0.56,,Unlimited
92602,Geargiagear,Geargiagear,https://tcgplayer-cdn.tcgplayer.com/product/92602_200w.jpg,2,1485,https://cpt.tcgcsv.com/33M,2015-04-17T18:12:09.25,1,MP14-EN052,Super Rare,TRAP,,Normal Trap,0,0,"Special Summon 2 ""Geargiano"" monster from your Deck and increase their Levels by 1. You can only activate 1 ""Geargiagear"" per turn.",0.15,0.69,1.49,0.63,,1st Edition
92603,Mind Drain,Mind Drain,https://tcgplayer-cdn.tcgplayer.com/product/92603_200w.jpg,2,1485,https://cpt.tcgcsv.com/53M,2015-04-17T18:56:20.683,1,MP14-EN053,Common,TRAP,,Normal Trap,0,0,Activate this card by paying 1000 Life Points: Effects of monster in the hand cannot be activated.,0.49,0.5,1.0,,,Unlimited
92603,Mind Drain,Mind Drain,https://tcgplayer-cdn.tcgplayer.com/product/92603_200w.jpg,2,1485,https://cpt.tcgcsv.com/53M,2015-04-17T18:56:20.683,1,MP14-EN053,Common,TRAP,,Normal Trap,0,0,Activate this card by paying 1000 Life Points: Effects of monster in the hand cannot be activated.,0.15,0.45,1.56,0.34,,1st Edition
92604,Brotherhood of the Fire Fist - Coyote,Brotherhood of the Fire Fist Coyote,https://tcgplayer-cdn.tcgplayer.com/product/92604_200w.jpg,2,1485,https://cpt.tcgcsv.com/63M,2015-12-17T19:22:03.66,1,MP14-EN054,Secret Rare,FIRE,Beast-Warrior,Effect Monster,2000,500,"If you control a “Fire Formation” Spell/Trap Card, and no monsters, you can Special Summon this card (from your hand).",0.4,0.5,2.08,0.51,,Unlimited
92604,Brotherhood of the Fire Fist - Coyote,Brotherhood of the Fire Fist Coyote,https://tcgplayer-cdn.tcgplayer.com/product/92604_200w.jpg,2,1485,https://cpt.tcgcsv.com/63M,2015-12-17T19:22:03.66,1,MP14-EN054,Secret Rare,FIRE,Beast-Warrior,Effect Monster,2000,500,"If you control a “Fire Formation” Spell/Trap Card, and no monsters, you can Special Summon this card (from your hand).",0.15,0.5,4.99,0.24,,1st Edition
92605,Mermail Abyssbalaen,Mermail Abyssbalaen,https://tcgplayer-cdn.tcgplayer.com/product/92605_200w.jpg,2,1485,https://cpt.tcgcsv.com/73M,2024-10-27T14:47:32.433,1,MP14-EN055,Ultra Rare,WATER,Aqua,Effect Monster,2500,2000,"You can discard 4 other ""Mermail"" monsters to the Graveyard; Special Summon this card from your hand. When you do: Target cards your opponent controls, up to the number of ""Mermail"" monsters in your Graveyard (if possible); this card gains 500 ATK, and if it does, destroy those targets (if any). You can Tribute 1 other face-up Attack Position ""Mermail"" monster; this card gains the following effect this turn. // * At the start of the Damage Step, if this card battles a Defense Position monster. Destroy that monster.",0.5,0.95,1.0,,,Unlimited
92605,Mermail Abyssbalaen,Mermail Abyssbalaen,https://tcgplayer-cdn.tcgplayer.com/product/92605_200w.jpg,2,1485,https://cpt.tcgcsv.com/73M,2024-10-27T14:47:32.433,1,MP14-EN055,Ultra Rare,WATER,Aqua,Effect Monster,2500,2000,"You can discard 4 other ""Mermail"" monsters to the Graveyard; Special Summon this card from your hand. When you do: Target cards your opponent controls, up to the number of ""Mermail"" monsters in your Graveyard (if possible); this card gains 500 ATK, and if it does, destroy those targets (if any). You can Tribute 1 other face-up Attack Position ""Mermail"" monster; this card gains the following effect this turn. // * At the start of the Damage Step, if this card battles a Defense Position monster. Destroy that monster.",0.2,0.47,2.99,0.39,,1st Edition
92606,Totem Bird,Totem Bird,https://tcgplayer-cdn.tcgplayer.com/product/92606_200w.jpg,2,1485,https://cpt.tcgcsv.com/83M,2015-04-18T12:16:07.27,1,MP14-EN056,Secret Rare,WIND,Winged Beast,Xyz/Effect Monster,1900,1400,"2 Level 3 WIND monsters 
<br>During either player’s turn, when a Spell/Trap Card is activated: You can detach 2 Xyz Materials from this card; negate the activation, and if you do, destroy it. This card loses 300 ATK while it has no Xyz Materials.",3.34,6.69,7.68,3.34,,Unlimited
92606,Totem Bird,Totem Bird,https://tcgplayer-cdn.tcgplayer.com/product/92606_200w.jpg,2,1485,https://cpt.tcgcsv.com/83M,2015-04-18T12:16:07.27,1,MP14-EN056,Secret Rare,WIND,Winged Beast,Xyz/Effect Monster,1900,1400,"2 Level 3 WIND monsters 
<br>During either player’s turn, when a Spell/Trap Card is activated: You can detach 2 Xyz Materials from this card; negate the activation, and if you do, destroy it. This card loses 300 ATK while it has no Xyz Materials.",2.51,6.24,20.49,3.75,,1st Edition
92607,Spellbook of Miracles,Spellbook of Miracles,https://tcgplayer-cdn.tcgplayer.com/product/92607_200w.jpg,2,1485,https://cpt.tcgcsv.com/93M,2015-04-18T11:57:24.477,1,MP14-EN057,Common,SPELL,,Normal Spell,0,0,"Target 1 Spellcaster-Type Xyz Monster in your Graveyad and up to 2 of your banished ""Spellbook"" Spell Cards; Special Summon that monster, and if you do, attach the targeted ""Spellbook"" Spell Card(s) to it as Xyz Material. You can only activate 1 ""Spellbook of Miracles"" per turn.",0.26,0.26,0.26,,,Unlimited
92607,Spellbook of Miracles,Spellbook of Miracles,https://tcgplayer-cdn.tcgplayer.com/product/92607_200w.jpg,2,1485,https://cpt.tcgcsv.com/93M,2015-04-18T11:57:24.477,1,MP14-EN057,Common,SPELL,,Normal Spell,0,0,"Target 1 Spellcaster-Type Xyz Monster in your Graveyad and up to 2 of your banished ""Spellbook"" Spell Cards; Special Summon that monster, and if you do, attach the targeted ""Spellbook"" Spell Card(s) to it as Xyz Material. You can only activate 1 ""Spellbook of Miracles"" per turn.",0.05,0.25,1.0,0.2,,1st Edition
92608,Five Brothers Explosion,Five Brothers Explosion,https://tcgplayer-cdn.tcgplayer.com/product/92608_200w.jpg,2,1485,https://cpt.tcgcsv.com/b3M,2015-04-17T18:09:45.443,1,MP14-EN058,Common,TRAP,,Normal Trap,0,0,When this card is activated: Gain 500 Life Points for each Continuous Spell/Trap Card you control. If this face-up card you control is sent to your Graveyard by your opponent's card effects: Inflict 500 damage to your opponent for each Continuous Spell/Trap Card in your Graveyard.,0.06,0.25,1.49,0.07,,1st Edition
92609,Constellar Omega,Constellar Omega,https://tcgplayer-cdn.tcgplayer.com/product/92609_200w.jpg,2,1485,https://cpt.tcgcsv.com/c3M,2015-04-17T18:01:25.15,1,MP14-EN059,Ultra Rare,LIGHT,Beast-Warrior,Xyz/Effect Monster,2400,500,"2 Level 4 LIGHT monsters // Once per turn, during either play'ers turn. You can detach 1 Xyz Material from this card; all ""Constellar"" monsters your currently control are unaffected by Spell/Trap effects this turn.",0.89,1.0,1.0,0.89,,Unlimited
92609,Constellar Omega,Constellar Omega,https://tcgplayer-cdn.tcgplayer.com/product/92609_200w.jpg,2,1485,https://cpt.tcgcsv.com/c3M,2015-04-17T18:01:25.15,1,MP14-EN059,Ultra Rare,LIGHT,Beast-Warrior,Xyz/Effect Monster,2400,500,"2 Level 4 LIGHT monsters // Once per turn, during either play'ers turn. You can detach 1 Xyz Material from this card; all ""Constellar"" monsters your currently control are unaffected by Spell/Trap effects this turn.",0.15,1.01,4.97,0.89,,1st Edition
92610,Constellar Sombre,Constellar Sombre,https://tcgplayer-cdn.tcgplayer.com/product/92610_200w.jpg,2,1485,https://cpt.tcgcsv.com/d3M,2015-04-17T18:02:23.12,1,MP14-EN060,Super Rare,LIGHT,Fairy,Effect Monster,1550,1600,"You can only use each effect of ""Constellar Sombre"" once per turn. While this card is in the Graveyard, if it was sent there this turn, you can Normal Summon 1 ""Constellar"" monster for 1 less Tribute. 
<br>You can banish 1 ""Constellar"" monster from your Graveyard, then target 1 ""Constellar"" monster in your Graveyard; add that target to your hand, also. this card gains the following effect. 
<br>* This turn: you can activate this effect; Normal Summon 1 ""Constellar"" monster.",1.15,2.49,4.97,1.78,,1st Edition
92611,Evilswarm Kerykeion,Evilswarm Kerykeion,https://tcgplayer-cdn.tcgplayer.com/product/92611_200w.jpg,2,1485,https://cpt.tcgcsv.com/f3M,2015-04-17T18:06:14.977,1,MP14-EN061,Super Rare,DARK,Spellcaster,Effect Monster,1600,1550,"You can only use each effect of ""Evilswarm Kerykeion"" once per turn. While this card is in the Graveyard, if it was sent there this turn, you can Normal Summon 1 ""lswarm"" monster for 1 less Tribute. 
<br>You can banish 1 ""lswarm"" monster from your Graveyard; then target 1 ""lswarm"" monster in your Graveyard; add that target to your hand, also, this card gains the following effect. 
<br><b>-</b> This turn: You can activate this effect; Normal Summon 1 ""lswarm"" monster.",1.0,1.0,1.0,2.0,,Unlimited
92611,Evilswarm Kerykeion,Evilswarm Kerykeion,https://tcgplayer-cdn.tcgplayer.com/product/92611_200w.jpg,2,1485,https://cpt.tcgcsv.com/f3M,2015-04-17T18:06:14.977,1,MP14-EN061,Super Rare,DARK,Spellcaster,Effect Monster,1600,1550,"You can only use each effect of ""Evilswarm Kerykeion"" once per turn. While this card is in the Graveyard, if it was sent there this turn, you can Normal Summon 1 ""lswarm"" monster for 1 less Tribute. 
<br>You can banish 1 ""lswarm"" monster from your Graveyard; then target 1 ""lswarm"" monster in your Graveyard; add that target to your hand, also, this card gains the following effect. 
<br><b>-</b> This turn: You can activate this effect; Normal Summon 1 ""lswarm"" monster.",1.0,2.49,9.49,1.12,,1st Edition
92612,Interceptomato,Interceptomato,https://tcgplayer-cdn.tcgplayer.com/product/92612_200w.jpg,2,1485,https://cpt.tcgcsv.com/g3M,2015-04-17T18:36:33.277,1,MP14-EN062,Common,EARTH,Plant,Effect Monster,800,800,"During your opponent's turn: You can banish this card from your Graveyard; this turn, any effect damage you take becomes 0 (this is a Quick Effect).",0.2,0.21,0.25,,,Unlimited
92612,Interceptomato,Interceptomato,https://tcgplayer-cdn.tcgplayer.com/product/92612_200w.jpg,2,1485,https://cpt.tcgcsv.com/g3M,2015-04-17T18:36:33.277,1,MP14-EN062,Common,EARTH,Plant,Effect Monster,800,800,"During your opponent's turn: You can banish this card from your Graveyard; this turn, any effect damage you take becomes 0 (this is a Quick Effect).",0.05,0.23,1.49,0.17,,1st Edition
92613,Super Defense Robot Lio,Super Defense Robot Lio,https://tcgplayer-cdn.tcgplayer.com/product/92613_200w.jpg,2,1485,https://cpt.tcgcsv.com/h3M,2015-04-18T11:59:53.57,1,MP14-EN063,Common,EARTH,Machine,Effect Monster,1200,1600,"When this card is Normal Summoned: You can Special Summon 1 ""Super Defense Robot"" monster or ""Orbital 7"" from your hand. Once per turn, when exactly 1 ""Super Defense Robot"" monster or ""Orbital 7"" (and no other cards) is added from your Graveyard to your hand (except during the Damage Step): You can Special Summon it from your hand.",0.01,0.24,6.25,,,1st Edition
92614,Super Defense Robot Elephan,Super Defense Robot Elephan,https://tcgplayer-cdn.tcgplayer.com/product/92614_200w.jpg,2,1485,https://cpt.tcgcsv.com/j3M,2015-04-18T11:59:35.717,1,MP14-EN064,Common,EARTH,Machine,Effect Monster,1400,2500,"When this card is Normal Summoned: You can Special Summon 1 ""Super Defense Robot"" monster or ""Orbital 7"" from your hand. Once per turn: You can target 1 ""Super Defense Robot"" monster or ""Orbital 7"" you control; becomes Level 8 until the End Phase. This card cannot be used as an Xyz Material for an Xyz Summon, except for the Xyz Summon of a Machine-Type monster.",0.25,0.25,0.25,,,Unlimited
92614,Super Defense Robot Elephan,Super Defense Robot Elephan,https://tcgplayer-cdn.tcgplayer.com/product/92614_200w.jpg,2,1485,https://cpt.tcgcsv.com/j3M,2015-04-18T11:59:35.717,1,MP14-EN064,Common,EARTH,Machine,Effect Monster,1400,2500,"When this card is Normal Summoned: You can Special Summon 1 ""Super Defense Robot"" monster or ""Orbital 7"" from your hand. Once per turn: You can target 1 ""Super Defense Robot"" monster or ""Orbital 7"" you control; becomes Level 8 until the End Phase. This card cannot be used as an Xyz Material for an Xyz Summon, except for the Xyz Summon of a Machine-Type monster.",0.05,0.21,1.49,0.05,,1st Edition
92615,Super Defense Robot Monki,Super Defense Robot Monki,https://tcgplayer-cdn.tcgplayer.com/product/92615_200w.jpg,2,1485,https://cpt.tcgcsv.com/k3M,2015-04-18T12:00:42.2,1,MP14-EN065,Common,EARTH,Machine,Effect Monster,800,1200,"When this card is Normal Summoned: You can Special Summon 1 ""Super Defense Robot"" monster or ""Orbital 7"" from your hand. Once per turn: You can banish 1 Machine-Type monster from your Graveyard, then target 1 ""Super Defense Robot"" monster or ""Orbital 7"" in your Graveyard; add that target to your hand.",0.1,0.18,0.25,,,Unlimited
92615,Super Defense Robot Monki,Super Defense Robot Monki,https://tcgplayer-cdn.tcgplayer.com/product/92615_200w.jpg,2,1485,https://cpt.tcgcsv.com/k3M,2015-04-18T12:00:42.2,1,MP14-EN065,Common,EARTH,Machine,Effect Monster,800,1200,"When this card is Normal Summoned: You can Special Summon 1 ""Super Defense Robot"" monster or ""Orbital 7"" from your hand. Once per turn: You can banish 1 Machine-Type monster from your Graveyard, then target 1 ""Super Defense Robot"" monster or ""Orbital 7"" in your Graveyard; add that target to your hand.",0.03,0.22,1.36,0.1,,1st Edition
92616,Umbral Horror Ghoul,Umbral Horror Ghoul,https://tcgplayer-cdn.tcgplayer.com/product/92616_200w.jpg,2,1485,https://cpt.tcgcsv.com/l3M,2015-04-18T12:18:09.1,1,MP14-EN066,Common,DARK,Fiend,Effect Monster,1800,0,"Once per turn: You can make this card's ATK 0, and if you do, Special Summon 1 ""Umbral Horror"" monster with 0 ATK from your hand.",0.25,0.47,0.69,,,Unlimited
92616,Umbral Horror Ghoul,Umbral Horror Ghoul,https://tcgplayer-cdn.tcgplayer.com/product/92616_200w.jpg,2,1485,https://cpt.tcgcsv.com/l3M,2015-04-18T12:18:09.1,1,MP14-EN066,Common,DARK,Fiend,Effect Monster,1800,0,"Once per turn: You can make this card's ATK 0, and if you do, Special Summon 1 ""Umbral Horror"" monster with 0 ATK from your hand.",0.08,0.25,1.42,0.2,,1st Edition
92617,Umbral Horror Unform,Umbral Horror Unform,https://tcgplayer-cdn.tcgplayer.com/product/92617_200w.jpg,2,1485,https://cpt.tcgcsv.com/m3M,2015-04-18T12:18:34.05,1,MP14-EN067,Common,DARK,Fiend,Effect Monster,0,0,"When this card is destroyed by battle and sent to the Graveyard while attacking a monster: You can Special Summon 2 ""Umbral Horror"" monsters from your Deck. You can only use the effect of ""Umbral Horror Unform"" once per turn.",0.25,0.25,0.25,,,Unlimited
92617,Umbral Horror Unform,Umbral Horror Unform,https://tcgplayer-cdn.tcgplayer.com/product/92617_200w.jpg,2,1485,https://cpt.tcgcsv.com/m3M,2015-04-18T12:18:34.05,1,MP14-EN067,Common,DARK,Fiend,Effect Monster,0,0,"When this card is destroyed by battle and sent to the Graveyard while attacking a monster: You can Special Summon 2 ""Umbral Horror"" monsters from your Deck. You can only use the effect of ""Umbral Horror Unform"" once per turn.",0.05,0.25,1.0,0.13,,1st Edition
92618,Umbral Horror Will o' the Wisp,Umbral Horror Will o the Wisp,https://tcgplayer-cdn.tcgplayer.com/product/92618_200w.jpg,2,1485,https://cpt.tcgcsv.com/n3M,2015-04-18T12:19:19.19,1,MP14-EN068,Common,DARK,Fiend,Effect Monster,0,0,"When this card is Normal or Special Summoned: You can target 1 ""Umbral Horror"" monster you control or in your Graveyard, except this card; this card's level becomes the current level of that monster. When this Attack Position card is destroyed by battle and sent to the Graveyard, and was in face-up Attack Position at the start of the Damage Step: Destroy the monster that destroyed this card.",0.1,0.25,1.41,0.16,,1st Edition
92619,Bujin Yamato,Bujin Yamato,https://tcgplayer-cdn.tcgplayer.com/product/92619_200w.jpg,2,1485,https://cpt.tcgcsv.com/p3M,2015-04-17T17:39:39.403,1,MP14-EN069,Ultra Rare,LIGHT,Beast-Warrior,Effect Monster,1800,200,"Once per turn, during your End Phase: You can add 1 ""Bujin"" monster from your Deck to your hand, then send 1 card from your hand to your Graveyard. You can only control 1 ""Bujin Yamato"".",1.99,5.0,29.88,,,Unlimited
92619,Bujin Yamato,Bujin Yamato,https://tcgplayer-cdn.tcgplayer.com/product/92619_200w.jpg,2,1485,https://cpt.tcgcsv.com/p3M,2015-04-17T17:39:39.403,1,MP14-EN069,Ultra Rare,LIGHT,Beast-Warrior,Effect Monster,1800,200,"Once per turn, during your End Phase: You can add 1 ""Bujin"" monster from your Deck to your hand, then send 1 card from your hand to your Graveyard. You can only control 1 ""Bujin Yamato"".",0.37,1.07,4.97,0.95,,1st Edition
92620,Bujingi Quilin,Bujingi Quilin,https://tcgplayer-cdn.tcgplayer.com/product/92620_200w.jpg,2,1485,https://cpt.tcgcsv.com/q3M,2015-04-17T17:45:54.563,1,MP14-EN070,Super Rare,LIGHT,Beast,Effect Monster,1600,900,"If you control a Beast-Warrior-Type ""Bujin"" monster: You can banish this card from your Graveyard, then target 1 face-up card your opponent controls; destroy that target. You can only use the effect of ""Bujingi Quilin"" once per turn.",0.3,1.35,5.0,0.74,,1st Edition
92621,Bujingi Turtle,Bujingi Turtle,https://tcgplayer-cdn.tcgplayer.com/product/92621_200w.jpg,2,1485,https://cpt.tcgcsv.com/r3M,2015-04-17T17:48:15.783,1,MP14-EN071,Common,LIGHT,Beast,Effect Monster,1700,1200,"During either player's turn, when a card or effect is activated that targets a ""Bujin"" monster you control: You can banish this card from your Graveyard; negate that effect.",0.1,0.1,0.1,,,Unlimited
92621,Bujingi Turtle,Bujingi Turtle,https://tcgplayer-cdn.tcgplayer.com/product/92621_200w.jpg,2,1485,https://cpt.tcgcsv.com/r3M,2015-04-17T17:48:15.783,1,MP14-EN071,Common,LIGHT,Beast,Effect Monster,1700,1200,"During either player's turn, when a card or effect is activated that targets a ""Bujin"" monster you control: You can banish this card from your Graveyard; negate that effect.",0.05,0.22,1.0,0.17,,1st Edition
92622,Bujingi Wolf,Bujingi Wolf,https://tcgplayer-cdn.tcgplayer.com/product/92622_200w.jpg,2,1485,https://cpt.tcgcsv.com/s3M,2015-04-17T17:49:42.317,1,MP14-EN072,Common,LIGHT,Beast,Effect Monster,1100,2000,"Other Beast, Beast-Warrior, and Winged-Beast-Type monsters you control cannot be destroyed by battle.",0.25,0.25,0.25,,,Unlimited
92622,Bujingi Wolf,Bujingi Wolf,https://tcgplayer-cdn.tcgplayer.com/product/92622_200w.jpg,2,1485,https://cpt.tcgcsv.com/s3M,2015-04-17T17:49:42.317,1,MP14-EN072,Common,LIGHT,Beast,Effect Monster,1100,2000,"Other Beast, Beast-Warrior, and Winged-Beast-Type monsters you control cannot be destroyed by battle.",0.05,0.25,1.0,0.17,,1st Edition
92623,Bujingi Crane,Bujingi Crane,https://tcgplayer-cdn.tcgplayer.com/product/92623_200w.jpg,2,1485,https://cpt.tcgcsv.com/t3M,2015-04-17T17:41:56.4,1,MP14-EN073,Rare,LIGHT,Winged Beast,Effect Monster,1600,300,"During damage calculation (in either player's turn), if a Beast-Warrior-Type ""Bujin"" monster you control battles an opponent's monster: You can send this card from your hand to the Graveyard; the ATK of your monster becomes double its original ATK, during damage calculation only.",1.0,5.15,5.15,,,Unlimited
92623,Bujingi Crane,Bujingi Crane,https://tcgplayer-cdn.tcgplayer.com/product/92623_200w.jpg,2,1485,https://cpt.tcgcsv.com/t3M,2015-04-17T17:41:56.4,1,MP14-EN073,Rare,LIGHT,Winged Beast,Effect Monster,1600,300,"During damage calculation (in either player's turn), if a Beast-Warrior-Type ""Bujin"" monster you control battles an opponent's monster: You can send this card from your hand to the Graveyard; the ATK of your monster becomes double its original ATK, during damage calculation only.",0.18,0.35,1.5,0.22,,1st Edition
92624,Bujingi Ophidian,Bujingi Ophidian,https://tcgplayer-cdn.tcgplayer.com/product/92624_200w.jpg,2,1485,https://cpt.tcgcsv.com/v3M,2015-04-17T17:44:18.03,1,MP14-EN074,Common,LIGHT,Winged Beast,Effect Monster,1700,500,"During your Main Phase 1: You can send this card from your hand to the Graveyard, then target 1 ""Bujin"" monster you control; it can attack your opponent directly this turn.",0.1,0.1,0.1,,,Unlimited
92624,Bujingi Ophidian,Bujingi Ophidian,https://tcgplayer-cdn.tcgplayer.com/product/92624_200w.jpg,2,1485,https://cpt.tcgcsv.com/v3M,2015-04-17T17:44:18.03,1,MP14-EN074,Common,LIGHT,Winged Beast,Effect Monster,1700,500,"During your Main Phase 1: You can send this card from your hand to the Graveyard, then target 1 ""Bujin"" monster you control; it can attack your opponent directly this turn.",0.04,0.23,1.0,0.15,,1st Edition
92625,Mecha Phantom Beast Warbluran,Mecha Phantom Beast Warbluran,https://tcgplayer-cdn.tcgplayer.com/product/92625_200w.jpg,2,1485,https://cpt.tcgcsv.com/w3M,2015-04-17T18:54:01.12,1,MP14-EN075,Rare,WIND,Machine,Tuner/Effect Monster,300,300,"If this card is sent to the Graveyard for the Synchro Summon of a Machine-Type monster: Special Summon 1 ""Mecha Phantom Beast Token"" (Machine-Type/WIND/Level 3/ATK 0/DEF 0), also, for the rest of this turn, you cannot Special Summon any other monsters, except WIND monsters. While you control a Token, this card cannot be destroyed by battle or card effects. You can Tribute 1 other ""Mecha Phantom Beast"" monster; increase this card's level by 1. You can only use 1 ""Mecha Phantom Beast Warbluran"" effect per turn, and only once that turn.",0.11,0.48,2.94,0.15,,1st Edition
92626,Mecha Phantom Beast Blue Impala,Mecha Phantom Beast Blue Impala,https://tcgplayer-cdn.tcgplayer.com/product/92626_200w.jpg,2,1485,https://cpt.tcgcsv.com/x3M,2015-04-17T18:44:30.887,1,MP14-EN076,Ultra Rare,WIND,Machine,Tuner/Effect Monster,1400,1100,"Cannot be used as a Synchro Material Monster, except for the Synchro Summon of a Machine-Type monster. The other Synchro Material Monster(s) are ""Mecha Phantom Beast"" monsters in your hand or on your side of the field. While you control a Token, this card cannot be destroyed by battle or card effects. If your opponent controls a monster and you control no monsters: You can banish this card from your Graveyard; Special Summon 1 ""Mecha Phantom Beast Token"" (Machine-Type/WIND/Level 3/ATK 0/DEF 0).",0.15,1.33,2.5,,,Unlimited
92626,Mecha Phantom Beast Blue Impala,Mecha Phantom Beast Blue Impala,https://tcgplayer-cdn.tcgplayer.com/product/92626_200w.jpg,2,1485,https://cpt.tcgcsv.com/x3M,2015-04-17T18:44:30.887,1,MP14-EN076,Ultra Rare,WIND,Machine,Tuner/Effect Monster,1400,1100,"Cannot be used as a Synchro Material Monster, except for the Synchro Summon of a Machine-Type monster. The other Synchro Material Monster(s) are ""Mecha Phantom Beast"" monsters in your hand or on your side of the field. While you control a Token, this card cannot be destroyed by battle or card effects. If your opponent controls a monster and you control no monsters: You can banish this card from your Graveyard; Special Summon 1 ""Mecha Phantom Beast Token"" (Machine-Type/WIND/Level 3/ATK 0/DEF 0).",0.14,0.49,3.99,0.3,,1st Edition
92627,Mecha Phantom Beast Coltwing,Mecha Phantom Beast Coltwing,https://tcgplayer-cdn.tcgplayer.com/product/92627_200w.jpg,2,1485,https://cpt.tcgcsv.com/z3M,2015-04-17T18:44:56.263,1,MP14-EN077,Common,WIND,Machine,Effect Monster,1600,1500,"When this card is Special Summoned: Special Summon 2 ""Mecha Phantom Beast Tokens"" (Machine-Type/WIND/Level 3/ATK 0/DEF 0). You must control another ""Mecha Phantom Beast"" monster to activate and to resolve this effect. This card's level is increased by the total Levels of all ""Mecha Phantom Beast"" Tokens you control. While you control a Token, this card cannot be destroyed by battle or card effects. Once per turn: You can Tribute 2 Tokens, then target 1 card your opponent controls; destroy that target, and if you do, banish it.",0.1,0.78,1.45,,,Unlimited
92627,Mecha Phantom Beast Coltwing,Mecha Phantom Beast Coltwing,https://tcgplayer-cdn.tcgplayer.com/product/92627_200w.jpg,2,1485,https://cpt.tcgcsv.com/z3M,2015-04-17T18:44:56.263,1,MP14-EN077,Common,WIND,Machine,Effect Monster,1600,1500,"When this card is Special Summoned: Special Summon 2 ""Mecha Phantom Beast Tokens"" (Machine-Type/WIND/Level 3/ATK 0/DEF 0). You must control another ""Mecha Phantom Beast"" monster to activate and to resolve this effect. This card's level is increased by the total Levels of all ""Mecha Phantom Beast"" Tokens you control. While you control a Token, this card cannot be destroyed by battle or card effects. Once per turn: You can Tribute 2 Tokens, then target 1 card your opponent controls; destroy that target, and if you do, banish it.",0.01,0.39,5.0,0.06,,1st Edition
92628,Mecha Phantom Beast Harrliard,Mecha Phantom Beast Harrliard,https://tcgplayer-cdn.tcgplayer.com/product/92628_200w.jpg,2,1485,https://cpt.tcgcsv.com/B3M,2015-04-17T18:50:25.617,1,MP14-EN078,Common,WIND,Machine,Effect Monster,1800,800,"Once per turn, when a monster(s) you control is Tributed to activate a card or effect other than this card's: Special Summon 1 ""Mecha Phantom Beast Token"" (Machine-Type/WIND/Level 3/ATK 0/DEF 0). This card's level is increased by the total Levels of all ""Mecha Phantom Beast"" Tokens you control. While you control a Token, this card cannot be destroyed by battle or card effects. Once per turn: You can Tribute 1 Token; Special Summon 1 ""Mecha Phantom Beast"" monster from your hand.",0.2,0.47,0.79,,,Unlimited
92628,Mecha Phantom Beast Harrliard,Mecha Phantom Beast Harrliard,https://tcgplayer-cdn.tcgplayer.com/product/92628_200w.jpg,2,1485,https://cpt.tcgcsv.com/B3M,2015-04-17T18:50:25.617,1,MP14-EN078,Common,WIND,Machine,Effect Monster,1800,800,"Once per turn, when a monster(s) you control is Tributed to activate a card or effect other than this card's: Special Summon 1 ""Mecha Phantom Beast Token"" (Machine-Type/WIND/Level 3/ATK 0/DEF 0). This card's level is increased by the total Levels of all ""Mecha Phantom Beast"" Tokens you control. While you control a Token, this card cannot be destroyed by battle or card effects. Once per turn: You can Tribute 1 Token; Special Summon 1 ""Mecha Phantom Beast"" monster from your hand.",0.09,0.25,0.99,0.13,,1st Edition
92629,Brotherhood of the Fire Fist - Boar,Brotherhood of the Fire Fist Boar,https://tcgplayer-cdn.tcgplayer.com/product/92629_200w.jpg,2,1485,https://cpt.tcgcsv.com/C3M,2015-04-17T17:26:42.873,1,MP14-EN079,Rare,FIRE,Beast-Warrior,Tuner Monster,1100,1400,"Cannot be used as a Synchro Material Monster, except for the Synchro Summon of a FIRE monster. When this card is destroyed by battle and sent to the Graveyard: You can Special Summon 1 Level 4 ""Fire Fist"" monster from your Deck, except ""Brotherhood of the Fire Fist - Boar"". Once per turn, when a ""Fire Fist"" monster is Special Summoned from your Extra Deck: You can Set 1 ""Fire Formation"" Spell Card directly from your Deck.",0.17,0.47,1.98,0.36,,1st Edition
92630,Brotherhood of the Fire Fist - Caribou,Brotherhood of the Fire Fist Caribou,https://tcgplayer-cdn.tcgplayer.com/product/92630_200w.jpg,2,1485,https://cpt.tcgcsv.com/D3M,2015-04-17T17:28:05.997,1,MP14-EN080,Common,FIRE,Beast-Warrior,Effect Monster,1100,2000,"During the End Phase, if this card is in the Graveyard because it was destroyed by a card effect and sent there this turn: You can Special Summon 1 Level 4 ""Fire Fist"" monster from your Deck, except ""Brotherhood of the Fire Fist - Caribou"". If this card is sent to the Graveyard for the Synchro Summon of a ""Fire Fist"" monster: You can Set 1 ""Fire Formation"" Spell Card directly from your Deck.",0.1,0.25,1.49,0.12,,1st Edition
92631,World of Prophecy,World of Prophecy,https://tcgplayer-cdn.tcgplayer.com/product/92631_200w.jpg,2,1485,https://cpt.tcgcsv.com/F3M,2015-04-18T12:24:55.777,1,MP14-EN081,Secret Rare,LIGHT,Spellcaster,Effect Monster,2900,2400,"When this card is Special Summoned by the effect of a Spellcaster-Type monster or a ""Spellbook"" Spell Card: You can target 2 ""Spellbook"" Spell Cards in your Graveyard; add those targets to your hand. You cannot Special Summon other monsters during the turn you activate this effect. When you add card(s) to your hand by this effect: You can reveal 4 ""Spellbook"" Spell Cards with different names in your hand; destroy all other cards on the field.",0.99,0.99,0.99,,,Unlimited
92631,World of Prophecy,World of Prophecy,https://tcgplayer-cdn.tcgplayer.com/product/92631_200w.jpg,2,1485,https://cpt.tcgcsv.com/F3M,2015-04-18T12:24:55.777,1,MP14-EN081,Secret Rare,LIGHT,Spellcaster,Effect Monster,2900,2400,"When this card is Special Summoned by the effect of a Spellcaster-Type monster or a ""Spellbook"" Spell Card: You can target 2 ""Spellbook"" Spell Cards in your Graveyard; add those targets to your hand. You cannot Special Summon other monsters during the turn you activate this effect. When you add card(s) to your hand by this effect: You can reveal 4 ""Spellbook"" Spell Cards with different names in your hand; destroy all other cards on the field.",0.4,0.85,4.99,0.78,,1st Edition
92632,Archfiend Heiress,Archfiend Heiress,https://tcgplayer-cdn.tcgplayer.com/product/92632_200w.jpg,2,1485,https://cpt.tcgcsv.com/G3M,2023-06-10T11:48:44.647,1,MP14-EN082,Rare,DARK,Fiend,Effect Monster,1000,0,"If this card is sent to the Graveyard because of a card effect or by being destroyed by battle: You can add 1 ""Archfiend"" card from your Deck to your hand, except ""Archfiend Heiress"". You can only use the effect of ""Archfiend Heiress"" once per turn.",7.45,7.46,7.46,0.49,,Unlimited
92632,Archfiend Heiress,Archfiend Heiress,https://tcgplayer-cdn.tcgplayer.com/product/92632_200w.jpg,2,1485,https://cpt.tcgcsv.com/G3M,2023-06-10T11:48:44.647,1,MP14-EN082,Rare,DARK,Fiend,Effect Monster,1000,0,"If this card is sent to the Graveyard because of a card effect or by being destroyed by battle: You can add 1 ""Archfiend"" card from your Deck to your hand, except ""Archfiend Heiress"". You can only use the effect of ""Archfiend Heiress"" once per turn.",0.7,2.0,17.99,1.7,,1st Edition
92633,Archfiend Cavalry,Archfiend Cavalry,https://tcgplayer-cdn.tcgplayer.com/product/92633_200w.jpg,2,1485,https://cpt.tcgcsv.com/H3M,2015-04-17T17:13:37.65,1,MP14-EN083,Rare,DARK,Fiend,Effect Monster,1900,0,"If this card on the field is destroyed by a card effect and sent to the Graveyard: You can target 1 ""Archfiend"" monster in your Graveyard, except ""Archfiend Cavalry""; Special Summon that target. It cannot attack this turn.",9.99,9.99,9.99,,,Unlimited
92633,Archfiend Cavalry,Archfiend Cavalry,https://tcgplayer-cdn.tcgplayer.com/product/92633_200w.jpg,2,1485,https://cpt.tcgcsv.com/H3M,2015-04-17T17:13:37.65,1,MP14-EN083,Rare,DARK,Fiend,Effect Monster,1900,0,"If this card on the field is destroyed by a card effect and sent to the Graveyard: You can target 1 ""Archfiend"" monster in your Graveyard, except ""Archfiend Cavalry""; Special Summon that target. It cannot attack this turn.",0.18,0.43,1.0,0.2,,1st Edition
92634,"Archfiend Emperor, the First Lord of Horror",Archfiend Emperor the First Lord of Horror,https://tcgplayer-cdn.tcgplayer.com/product/92634_200w.jpg,2,1485,https://cpt.tcgcsv.com/J3M,2017-12-13T11:37:24.91,1,MP14-EN084,Rare,DARK,Fiend,Effect Monster,3000,2000,"You can Normal Summon this card without Tributing, but its original ATK and DEF become halved. If Summoned this way, it is destroyed during the End Phase. You cannot Special Summon any monsters, except Fiend-Type monsters. Once per turn: You can banish 1 ""Archfiend"" card from your hand or Graveyard, then target 1 card on the field; destroy that target.",1.0,1.4,1.79,,,Unlimited
92634,"Archfiend Emperor, the First Lord of Horror",Archfiend Emperor the First Lord of Horror,https://tcgplayer-cdn.tcgplayer.com/product/92634_200w.jpg,2,1485,https://cpt.tcgcsv.com/J3M,2017-12-13T11:37:24.91,1,MP14-EN084,Rare,DARK,Fiend,Effect Monster,3000,2000,"You can Normal Summon this card without Tributing, but its original ATK and DEF become halved. If Summoned this way, it is destroyed during the End Phase. You cannot Special Summon any monsters, except Fiend-Type monsters. Once per turn: You can banish 1 ""Archfiend"" card from your hand or Graveyard, then target 1 card on the field; destroy that target.",0.11,0.25,1.0,0.18,,1st Edition
92635,Traptrix Atrax,Traptrix Atrax,https://tcgplayer-cdn.tcgplayer.com/product/92635_200w.jpg,2,1485,https://cpt.tcgcsv.com/K3M,2015-04-18T12:16:42.65,1,MP14-EN085,Rare,EARTH,Insect,Effect Monster,1800,1000,"This card is unaffected by the effects of ""Hole"" Normal Trap Cards. You can activate ""Hole"" Normal Trap Cards from your hand. The activation and effects of Normal Trap Cards activated on your side of the field cannot be negated.",0.07,0.48,2.91,0.33,,1st Edition
92636,Traptrix Myrmeleo,Traptrix Myrmeleo,https://tcgplayer-cdn.tcgplayer.com/product/92636_200w.jpg,2,1485,https://cpt.tcgcsv.com/L3M,2015-04-18T12:16:59.447,1,MP14-EN086,Rare,EARTH,Insect,Effect Monster,1600,1200,"This card is unaffected by the effects of ""Hole"" Normal Trap Cards. When this card is Normal Summoned: You can add 1 ""Hole"" Normal Trap Card from your Deck to your hand. When this card is Special Summoned: Target 1 Spell/Trap Card your opponent controls; destroy that target.",0.79,0.99,0.99,,,Unlimited
92636,Traptrix Myrmeleo,Traptrix Myrmeleo,https://tcgplayer-cdn.tcgplayer.com/product/92636_200w.jpg,2,1485,https://cpt.tcgcsv.com/L3M,2015-04-18T12:16:59.447,1,MP14-EN086,Rare,EARTH,Insect,Effect Monster,1600,1200,"This card is unaffected by the effects of ""Hole"" Normal Trap Cards. When this card is Normal Summoned: You can add 1 ""Hole"" Normal Trap Card from your Deck to your hand. When this card is Special Summoned: Target 1 Spell/Trap Card your opponent controls; destroy that target.",0.2,0.99,2.04,0.63,,1st Edition
92637,Traptrix Nepenthes,Traptrix Nepenthes,https://tcgplayer-cdn.tcgplayer.com/product/92637_200w.jpg,2,1485,https://cpt.tcgcsv.com/M3M,2015-04-18T12:17:17.117,1,MP14-EN087,Common,EARTH,Plant,Effect Monster,800,2000,"This card is unaffected by the effects of ""Hole"" Normal Trap Cards. If you activate a ""Hole"" Normal Trap Card (except during the Damage Step): You can add to your hand, or Special Summon, 1 ""Traptrix"" monster from your Deck, except ""Traptrix Nepenthes"". You can only use the effect of ""Traptrix Nepenthes"" once per turn.",0.1,0.3,1.0,0.19,,1st Edition
92638,The Calibrator,The Calibrator,https://tcgplayer-cdn.tcgplayer.com/product/92638_200w.jpg,2,1485,https://cpt.tcgcsv.com/N3M,2015-04-18T12:12:32.36,1,MP14-EN088,Common,LIGHT,Thunder,Effect Monster,1500,1500,This card gains ATK equal to the combined Ranks of all face-up Xyz Monsters your opponent controls x 300.,0.05,0.25,1.36,0.1,,1st Edition
92639,"Talaya, Princess of Cherry Blossoms",Talaya Princess of Cherry Blossoms,https://tcgplayer-cdn.tcgplayer.com/product/92639_200w.jpg,2,1485,https://cpt.tcgcsv.com/P3M,2015-04-18T12:12:11.77,1,MP14-EN089,Super Rare,WATER,Plant,Effect Monster,2800,1200,This card gains 100 ATK for each Plant-Type monster you control. Other Plant-Type monsters on the field cannot be destroyed by card effects.,1.0,1.0,1.0,,,Unlimited
92639,"Talaya, Princess of Cherry Blossoms",Talaya Princess of Cherry Blossoms,https://tcgplayer-cdn.tcgplayer.com/product/92639_200w.jpg,2,1485,https://cpt.tcgcsv.com/P3M,2015-04-18T12:12:11.77,1,MP14-EN089,Super Rare,WATER,Plant,Effect Monster,2800,1200,This card gains 100 ATK for each Plant-Type monster you control. Other Plant-Type monsters on the field cannot be destroyed by card effects.,0.24,0.5,2.5,0.39,,1st Edition
92640,Cheepcheepcheep,Cheepcheepcheep,https://tcgplayer-cdn.tcgplayer.com/product/92640_200w.jpg,2,1485,https://cpt.tcgcsv.com/Q3M,2015-04-17T17:57:00.453,1,MP14-EN090,Common,WIND,Winged Beast,Effect Monster,300,200,FLIP: You can Special Summon 1 level 5 or higher Tuner monster from your Deck.,0.08,0.23,1.0,0.18,,1st Edition
92641,Masked Chameleon,Masked Chameleon,https://tcgplayer-cdn.tcgplayer.com/product/92641_200w.jpg,2,1485,https://cpt.tcgcsv.com/R3M,2015-04-17T18:42:59.65,1,MP14-EN091,Ultra Rare,EARTH,Reptile,Tuner/Effect Monster,1600,1100,"Cannot be Normal Summoned if you control a level 5 or higher monster. When this card is Normal Summoned: You can target 1 monster with 0 DEF in your Graveyard; Special Summon that target in face-up Defense Position. Its effects are negated. You cannot Special Summon any other monsters, except from the Extra Deck, during the turn you activate this effect.",0.45,0.46,0.99,,,Unlimited
92641,Masked Chameleon,Masked Chameleon,https://tcgplayer-cdn.tcgplayer.com/product/92641_200w.jpg,2,1485,https://cpt.tcgcsv.com/R3M,2015-04-17T18:42:59.65,1,MP14-EN091,Ultra Rare,EARTH,Reptile,Tuner/Effect Monster,1600,1100,"Cannot be Normal Summoned if you control a level 5 or higher monster. When this card is Normal Summoned: You can target 1 monster with 0 DEF in your Graveyard; Special Summon that target in face-up Defense Position. Its effects are negated. You cannot Special Summon any other monsters, except from the Extra Deck, during the turn you activate this effect.",0.3,1.22,14.99,1.16,,1st Edition
92642,"Flying ""C""",Flying C,https://tcgplayer-cdn.tcgplayer.com/product/92642_200w.jpg,2,1485,https://cpt.tcgcsv.com/S3M,2015-04-17T18:10:10.207,1,MP14-EN092,Common,EARTH,Insect,Effect Monster,700,700,"When your opponent Normal or Special Summons a monster(s), except during the Damage Step: You can Special Summon this card from your hand to the opponent's side of the field in face-up Defense Position. The controller of this card cannot Xyz Summon.",0.2,0.55,1.99,0.55,,1st Edition
92643,Mecha Phantom Beast Concoruda,Mecha Phantom Beast Concoruda,https://tcgplayer-cdn.tcgplayer.com/product/92643_200w.jpg,2,1485,https://cpt.tcgcsv.com/T3M,2015-04-17T18:47:26.06,1,MP14-EN093,Super Rare,WIND,Machine,Synchro/Effect Monster,2400,1200,"1 Tuner + 1 or more non-Tuner monsters // Tokens you control cannot be destroyed by battle or card effects. If this card you control is destroyed by your opponent's card (either by battle or by card effect) and sent to your Graveyard: You can Tribute all Tokens you control, then target 1 level 4 or lower ""Mecha Phantom Beast"" monster in your Graveyard; Special Summon that target.",0.25,0.3,0.99,,,Unlimited
92643,Mecha Phantom Beast Concoruda,Mecha Phantom Beast Concoruda,https://tcgplayer-cdn.tcgplayer.com/product/92643_200w.jpg,2,1485,https://cpt.tcgcsv.com/T3M,2015-04-17T18:47:26.06,1,MP14-EN093,Super Rare,WIND,Machine,Synchro/Effect Monster,2400,1200,"1 Tuner + 1 or more non-Tuner monsters // Tokens you control cannot be destroyed by battle or card effects. If this card you control is destroyed by your opponent's card (either by battle or by card effect) and sent to your Graveyard: You can Tribute all Tokens you control, then target 1 level 4 or lower ""Mecha Phantom Beast"" monster in your Graveyard; Special Summon that target.",0.12,0.33,1.99,0.22,,1st Edition
92644,Brotherhood of the Fire Fist - Kirin,Brotherhood of the Fire Fist Kirin,https://tcgplayer-cdn.tcgplayer.com/product/92644_200w.jpg,2,1485,https://cpt.tcgcsv.com/V3M,2015-04-17T17:28:29.747,1,MP14-EN094,Rare,FIRE,Beast-Warrior,Synchro/Effect Monster,2000,2800,"1 FIRE Tuner + 1 or more non-Tuner ""Fire Fist"" monsters // When this card is Synchro Summoned: You can Set 1 ""Fire Formation"" Spell/Trap Card directly from your Deck. All monsters your opponent controls lose 100 ATK for each face-up Spell/Trap Card you control.",1.4,1.4,1.4,,,Unlimited
92644,Brotherhood of the Fire Fist - Kirin,Brotherhood of the Fire Fist Kirin,https://tcgplayer-cdn.tcgplayer.com/product/92644_200w.jpg,2,1485,https://cpt.tcgcsv.com/V3M,2015-04-17T17:28:29.747,1,MP14-EN094,Rare,FIRE,Beast-Warrior,Synchro/Effect Monster,2000,2800,"1 FIRE Tuner + 1 or more non-Tuner ""Fire Fist"" monsters // When this card is Synchro Summoned: You can Set 1 ""Fire Formation"" Spell/Trap Card directly from your Deck. All monsters your opponent controls lose 100 ATK for each face-up Spell/Trap Card you control.",0.14,0.43,1.0,0.28,,1st Edition
92645,"Armades, Keeper of Boundaries",Armades Keeper of Boundaries,https://tcgplayer-cdn.tcgplayer.com/product/92645_200w.jpg,2,1485,https://cpt.tcgcsv.com/W3M,2015-04-17T17:15:22.447,1,MP14-EN095,Secret Rare,LIGHT,Fiend,Synchro/Effect Monster,2300,1500,"1 Tuner + 1 or more non-Tuner monsters // If this card attacks or is attacked, your opponent cannot activate cards or effects until the end of the Damage Step.",0.99,1.74,2.48,0.99,,Unlimited
92645,"Armades, Keeper of Boundaries",Armades Keeper of Boundaries,https://tcgplayer-cdn.tcgplayer.com/product/92645_200w.jpg,2,1485,https://cpt.tcgcsv.com/W3M,2015-04-17T17:15:22.447,1,MP14-EN095,Secret Rare,LIGHT,Fiend,Synchro/Effect Monster,2300,1500,"1 Tuner + 1 or more non-Tuner monsters // If this card attacks or is attacked, your opponent cannot activate cards or effects until the end of the Damage Step.",1.27,2.3,4.99,1.36,,1st Edition
92646,Star Eater,Star Eater,https://tcgplayer-cdn.tcgplayer.com/product/92646_200w.jpg,2,1485,https://cpt.tcgcsv.com/X3M,2021-08-23T12:21:28.757,1,MP14-EN096,Secret Rare,LIGHT,Dragon,Synchro/Effect Monster,3200,2800,"1 Tuner + 1 or more non-Tuner monsters // Must be Synchro Summoned, and cannot be Special Summoned by other ways. This card's Synchro Summon cannot be negated. When Synchro Summoned, cards and effects cannot be activated. If this card attacks, it is unaffected by other card effects until the end of the Damage Step.",9.99,10.75,15.4,12.01,,Unlimited
92646,Star Eater,Star Eater,https://tcgplayer-cdn.tcgplayer.com/product/92646_200w.jpg,2,1485,https://cpt.tcgcsv.com/X3M,2021-08-23T12:21:28.757,1,MP14-EN096,Secret Rare,LIGHT,Dragon,Synchro/Effect Monster,3200,2800,"1 Tuner + 1 or more non-Tuner monsters // Must be Synchro Summoned, and cannot be Special Summoned by other ways. This card's Synchro Summon cannot be negated. When Synchro Summoned, cards and effects cannot be activated. If this card attacks, it is unaffected by other card effects until the end of the Damage Step.",9.18,11.4,19.99,10.78,,1st Edition
92647,Starliege Lord Galaxion,Starliege Lord Galaxion,https://tcgplayer-cdn.tcgplayer.com/product/92647_200w.jpg,2,1485,https://cpt.tcgcsv.com/Z3M,2015-04-18T11:58:32.99,1,MP14-EN097,Super Rare,LIGHT,Warior,Xyz/Effect Monster,2000,2100,"2 level 4 ""Photon"" monsters 
<br>Once per turn: You can detach 1 or 2 Xyz Materials from this card; apply this effect, depending on the number you detached.
<br><b>-</b> 1: Special Summon 1 ""Galaxy-Eyes Photon Dragon"" from your hand. 
<br><b>-</b> 2: Special Summon 1 ""Galaxy-Eyes Photon Dragon"" from your Deck.",1.75,2.0,2.0,2.0,,Unlimited
92647,Starliege Lord Galaxion,Starliege Lord Galaxion,https://tcgplayer-cdn.tcgplayer.com/product/92647_200w.jpg,2,1485,https://cpt.tcgcsv.com/Z3M,2015-04-18T11:58:32.99,1,MP14-EN097,Super Rare,LIGHT,Warior,Xyz/Effect Monster,2000,2100,"2 level 4 ""Photon"" monsters 
<br>Once per turn: You can detach 1 or 2 Xyz Materials from this card; apply this effect, depending on the number you detached.
<br><b>-</b> 1: Special Summon 1 ""Galaxy-Eyes Photon Dragon"" from your hand. 
<br><b>-</b> 2: Special Summon 1 ""Galaxy-Eyes Photon Dragon"" from your Deck.",1.24,2.27,6.99,1.95,,1st Edition
92648,Googly-Eyes Drum Dragon,Googly Eyes Drum Dragon,https://tcgplayer-cdn.tcgplayer.com/product/92648_200w.jpg,2,1485,https://cpt.tcgcsv.com/-3M,2015-04-17T18:26:29.903,1,MP14-EN098,Common,EARTH,Machine,Xyz/Effect Monster,3000,2500,"2 level 8 Machine-Type monsters // Once per turn: You can detach 1 Xyz Material from this card; it gains 1000 ATK, until your opponent's next End Phase. If this card is destroyed while it has Xyz Material: You can banish 1 ""Super Defense Robot"" monster from your Graveyard; Special Summon this card from your Graveyard, then, you can attach 1 ""Super Defense Robot"" monster from your Graveyard to this card as an Xyz Material.",1.0,1.0,1.0,,,Unlimited
92648,Googly-Eyes Drum Dragon,Googly Eyes Drum Dragon,https://tcgplayer-cdn.tcgplayer.com/product/92648_200w.jpg,2,1485,https://cpt.tcgcsv.com/-3M,2015-04-17T18:26:29.903,1,MP14-EN098,Common,EARTH,Machine,Xyz/Effect Monster,3000,2500,"2 level 8 Machine-Type monsters // Once per turn: You can detach 1 Xyz Material from this card; it gains 1000 ATK, until your opponent's next End Phase. If this card is destroyed while it has Xyz Material: You can banish 1 ""Super Defense Robot"" monster from your Graveyard; Special Summon this card from your Graveyard, then, you can attach 1 ""Super Defense Robot"" monster from your Graveyard to this card as an Xyz Material.",0.01,0.25,1.0,0.22,,1st Edition
92649,Number 66: Master Key Beetle,Number 66 Master Key Beetle,https://tcgplayer-cdn.tcgplayer.com/product/92649_200w.jpg,2,1485,https://cpt.tcgcsv.com/_3M,2015-04-18T11:39:52.903,1,MP14-EN099,Super Rare,DARK,Insect,Xyz/Effect Monster,2500,800,"2 level 4 DARK monsters // Once per turn: You can detach 1 Xyz Material from this card, then target 1 card you control, except this card; while this card is face-up on the field, that card(s) cannot be destroyed by card effects. If this face-up card would be destroyed, you can send one of its targets to the Graveyard instead.",0.45,0.45,0.45,0.39,,Unlimited
92649,Number 66: Master Key Beetle,Number 66 Master Key Beetle,https://tcgplayer-cdn.tcgplayer.com/product/92649_200w.jpg,2,1485,https://cpt.tcgcsv.com/_3M,2015-04-18T11:39:52.903,1,MP14-EN099,Super Rare,DARK,Insect,Xyz/Effect Monster,2500,800,"2 level 4 DARK monsters // Once per turn: You can detach 1 Xyz Material from this card, then target 1 card you control, except this card; while this card is face-up on the field, that card(s) cannot be destroyed by card effects. If this face-up card would be destroyed, you can send one of its targets to the Graveyard instead.",0.1,0.75,4.0,0.71,,1st Edition
92650,Bujintei Susanowo,Bujintei Susanowo,https://tcgplayer-cdn.tcgplayer.com/product/92650_200w.jpg,2,1485,https://cpt.tcgcsv.com/05M,2015-04-17T17:51:32.83,1,MP14-EN100,Ultra Rare,LIGHT,Beast-Warrior,Xyz/Effect Monster,2500,1600,"2 level 4 ""Bujin"" monsters // This card can attack all monsters your opponent controls once each. Once per turn: You can detach 1 Xyz Material from this card; take 1 ""Bujin"" monster from your Deck, and either add it to your hand or send it to the Graveyard. You can only control 1 ""Bujintei Susanowo"".",0.5,0.5,0.5,,,Unlimited
92650,Bujintei Susanowo,Bujintei Susanowo,https://tcgplayer-cdn.tcgplayer.com/product/92650_200w.jpg,2,1485,https://cpt.tcgcsv.com/05M,2015-04-17T17:51:32.83,1,MP14-EN100,Ultra Rare,LIGHT,Beast-Warrior,Xyz/Effect Monster,2500,1600,"2 level 4 ""Bujin"" monsters // This card can attack all monsters your opponent controls once each. Once per turn: You can detach 1 Xyz Material from this card; take 1 ""Bujin"" monster from your Deck, and either add it to your hand or send it to the Graveyard. You can only control 1 ""Bujintei Susanowo"".",0.08,0.49,2.99,0.28,,1st Edition
92651,Rank-Up-Magic Numeron Force,Rank Up Magic Numeron Force,https://tcgplayer-cdn.tcgplayer.com/product/92651_200w.jpg,2,1485,https://cpt.tcgcsv.com/25M,2015-04-18T11:50:40.553,1,MP14-EN101,Ultra Rare,SPELL,,Normal Spell,,,"Target 1 face-up Xyz Monster you control; Special Summon from your Extra Deck, 1 ""Number C"" monster with the same Type as that monster you control but 1 Rank higher, by using it as the Xyz Material. (This Special Summon is treated as an Xyz Summon. Xyz Materials attached to it also become Xyz Materials on the Summoned monster.) Then, if any face-up cards are on the field other than this card and the monster Summoned by it, negate the effects of those other cards.",1.56,1.56,1.56,,,Unlimited
92651,Rank-Up-Magic Numeron Force,Rank Up Magic Numeron Force,https://tcgplayer-cdn.tcgplayer.com/product/92651_200w.jpg,2,1485,https://cpt.tcgcsv.com/25M,2015-04-18T11:50:40.553,1,MP14-EN101,Ultra Rare,SPELL,,Normal Spell,,,"Target 1 face-up Xyz Monster you control; Special Summon from your Extra Deck, 1 ""Number C"" monster with the same Type as that monster you control but 1 Rank higher, by using it as the Xyz Material. (This Special Summon is treated as an Xyz Summon. Xyz Materials attached to it also become Xyz Materials on the Summoned monster.) Then, if any face-up cards are on the field other than this card and the monster Summoned by it, negate the effects of those other cards.",0.88,1.57,5.95,1.51,,1st Edition
92652,Bujincarnation,Bujincarnation,https://tcgplayer-cdn.tcgplayer.com/product/92652_200w.jpg,2,1485,https://cpt.tcgcsv.com/35M,2015-04-17T17:40:07.777,1,MP14-EN102,Rare,SPELL,,Normal Spell,,,"If your opponent controls a monster and you control no monster: Target 1 ""Bujin"" monster in your Graveyard and 1 of your banished ""Bujin"" monsters; Special Summon both targets. They cannot be used as Xyz Material for an Xyz Summon, except for the Xyz Summon of a Beast, Beast-Warrior, or Winged Beast-Type monster.",0.14,0.43,1.0,0.31,,1st Edition
92653,Vertical Landing,Vertical Landing,https://tcgplayer-cdn.tcgplayer.com/product/92653_200w.jpg,2,1485,https://cpt.tcgcsv.com/55M,2015-04-18T12:23:26.6,1,MP14-EN103,Common,SPELL,,Normal Spell,,,"Tribute any number of WIND monsters, except Tokens; Special Summon an equal number of ""Mecha Phantom Beast Tokens"" (Machine-Type/WIND/Level 3/ATK 0/DEF 0). You can only activate 1 ""Vertical Landing"" per turn.",0.1,0.1,0.1,,,Unlimited
92653,Vertical Landing,Vertical Landing,https://tcgplayer-cdn.tcgplayer.com/product/92653_200w.jpg,2,1485,https://cpt.tcgcsv.com/55M,2015-04-18T12:23:26.6,1,MP14-EN103,Common,SPELL,,Normal Spell,,,"Tribute any number of WIND monsters, except Tokens; Special Summon an equal number of ""Mecha Phantom Beast Tokens"" (Machine-Type/WIND/Level 3/ATK 0/DEF 0). You can only activate 1 ""Vertical Landing"" per turn.",0.08,0.25,1.0,0.11,,1st Edition
92654,Fire Formation - Yoko,Fire Formation Yoko,https://tcgplayer-cdn.tcgplayer.com/product/92654_200w.jpg,2,1485,https://cpt.tcgcsv.com/65M,2015-04-17T18:07:40.757,1,MP14-EN104,Super Rare,SPELL,,Normal Spell,,,"When this card is activated, you can target 1 face-up card your opponent controls; discard 1 Beast-Warrior-Type monster, and if you do, destroy that card. All Beast-Warrior-Type monsters you control gain 100 ATK.",1.5,1.5,1.5,,,Unlimited
92654,Fire Formation - Yoko,Fire Formation Yoko,https://tcgplayer-cdn.tcgplayer.com/product/92654_200w.jpg,2,1485,https://cpt.tcgcsv.com/65M,2015-04-17T18:07:40.757,1,MP14-EN104,Super Rare,SPELL,,Normal Spell,,,"When this card is activated, you can target 1 face-up card your opponent controls; discard 1 Beast-Warrior-Type monster, and if you do, destroy that card. All Beast-Warrior-Type monsters you control gain 100 ATK.",0.1,0.36,1.99,0.16,,1st Edition
92655,Archfiend Palabyrinth,Archfiend Palabyrinth,https://tcgplayer-cdn.tcgplayer.com/product/92655_200w.jpg,2,1485,https://cpt.tcgcsv.com/75M,2015-04-17T17:15:00.62,1,MP14-EN105,Rare,SPELL,,Normal Spell,,,"All Fiend-Type monsters you control gain 500 ATK. You can target 1 ""Archfiend"" monster you control; banish 1 other Fiend-Type monster you control, and if you do, Special Summon from your hand, Deck, or Graveyard, 1 ""Archfiend"" monster with same level as the targeted monster. You can only use this effect of ""Archfiend Palabyrinth"" once per turn.",0.29,1.0,2.99,0.63,,1st Edition
92656,Transmodify,Transmodify,https://tcgplayer-cdn.tcgplayer.com/product/92656_200w.jpg,2,1485,https://cpt.tcgcsv.com/85M,2015-04-18T12:16:21.533,1,MP14-EN106,Secret Rare,SPELL,,Normal Spell,,,"Send 1 face-up monster you control to the Graveyard; Special Summon from your Deck, 1 monster with the same Type and Attribute as that monster in the Graveyard, but 1 level higher. You can only activate 1 ""Transmodify"" per turn.",0.75,4.99,6.29,,,Unlimited
92656,Transmodify,Transmodify,https://tcgplayer-cdn.tcgplayer.com/product/92656_200w.jpg,2,1485,https://cpt.tcgcsv.com/85M,2015-04-18T12:16:21.533,1,MP14-EN106,Secret Rare,SPELL,,Normal Spell,,,"Send 1 face-up monster you control to the Graveyard; Special Summon from your Deck, 1 monster with the same Type and Attribute as that monster in the Graveyard, but 1 level higher. You can only activate 1 ""Transmodify"" per turn.",0.1,0.51,20.0,0.28,,1st Edition
92657,Bujin Regalia - The Sword,Bujin Regalia The Sword,https://tcgplayer-cdn.tcgplayer.com/product/92657_200w.jpg,2,1485,https://cpt.tcgcsv.com/95M,2015-04-17T17:38:03.08,1,MP14-EN107,Common,TRAP,,Normal Trap,,,"Activate 1 of these effects. 
<br><b>-</b> Target 1 ""Bujin"" monster in your Graveyard; add that target to your hand.
<br><b>-</b> Target 1 of your banished ""Bujin"" monsters; send that target to the Graveyard.",0.1,0.1,0.1,,,Unlimited
92657,Bujin Regalia - The Sword,Bujin Regalia The Sword,https://tcgplayer-cdn.tcgplayer.com/product/92657_200w.jpg,2,1485,https://cpt.tcgcsv.com/95M,2015-04-17T17:38:03.08,1,MP14-EN107,Common,TRAP,,Normal Trap,,,"Activate 1 of these effects. 
<br><b>-</b> Target 1 ""Bujin"" monster in your Graveyard; add that target to your hand.
<br><b>-</b> Target 1 of your banished ""Bujin"" monsters; send that target to the Graveyard.",0.09,0.24,1.0,0.14,,1st Edition
92658,Bujinfidel,Bujinfidel,https://tcgplayer-cdn.tcgplayer.com/product/92658_200w.jpg,2,1485,https://cpt.tcgcsv.com/b5M,2015-04-17T17:40:27.78,1,MP14-EN108,Common,TRAP,,Normal Trap,,,"Tribute 1 Beast-Warrior-Type ""Bujin"" monster, then target 1 ""Bujin"" monster with a different name in your Graveyard; Special Summon that target.",0.05,0.05,0.05,,,Unlimited
92658,Bujinfidel,Bujinfidel,https://tcgplayer-cdn.tcgplayer.com/product/92658_200w.jpg,2,1485,https://cpt.tcgcsv.com/b5M,2015-04-17T17:40:27.78,1,MP14-EN108,Common,TRAP,,Normal Trap,,,"Tribute 1 Beast-Warrior-Type ""Bujin"" monster, then target 1 ""Bujin"" monster with a different name in your Graveyard; Special Summon that target.",0.05,0.25,1.0,0.11,,1st Edition
92659,Sonic Boom,Sonic Boom,https://tcgplayer-cdn.tcgplayer.com/product/92659_200w.jpg,2,1485,https://cpt.tcgcsv.com/c5M,2015-04-18T11:56:37.297,1,MP14-EN109,Common,TRAP,,Normal Trap,,,"During your turn: Target 1 ""Mecha Phantom Beast"" monster on the field; this turn, its ATK becomes double its original ATK, it is unaffected by other Spell/Trap effects, also if it attacks a Defense Position monster, inflict piercing battle damage to your opponent. If this effect is applied to that monster, destroy all Machine-Type monsters you control during the End Phase of this turn. Other monsters cannot attack during the turn you activate this card.",0.05,0.05,0.05,,,Unlimited
92659,Sonic Boom,Sonic Boom,https://tcgplayer-cdn.tcgplayer.com/product/92659_200w.jpg,2,1485,https://cpt.tcgcsv.com/c5M,2015-04-18T11:56:37.297,1,MP14-EN109,Common,TRAP,,Normal Trap,,,"During your turn: Target 1 ""Mecha Phantom Beast"" monster on the field; this turn, its ATK becomes double its original ATK, it is unaffected by other Spell/Trap effects, also if it attacks a Defense Position monster, inflict piercing battle damage to your opponent. If this effect is applied to that monster, destroy all Machine-Type monsters you control during the End Phase of this turn. Other monsters cannot attack during the turn you activate this card.",0.05,0.25,6.2,,,1st Edition
92660,Traptrix Trap Hole Nightmare,Traptrix Trap Hole Nightmare,https://tcgplayer-cdn.tcgplayer.com/product/92660_200w.jpg,2,1485,https://cpt.tcgcsv.com/d5M,2015-04-18T12:17:48.76,1,MP14-EN110,Super Rare,TRAP,,Normal Trap,,,"When a monster your opponent controls that was Special Summoned this turn activates its effect: Negate that effect, and if you do, destroy that card.",0.53,1.16,4.97,1.11,,1st Edition
92661,Shapesister,Shapesister,https://tcgplayer-cdn.tcgplayer.com/product/92661_200w.jpg,2,1485,https://cpt.tcgcsv.com/f5M,2015-04-18T11:37:26.833,1,MP14-EN111,Ultra Rare,TRAP,,Normal Trap,,,"Special Summon this card in Defense Position as a Normal Monster (Fiend-Type/Tuner Monster/EARTH/Level 2/ATK 0/DEF 0). (This card is also still a Trap Card.) You can only activate 1 ""Shapesister"" per turn.",0.3,0.88,2.99,0.93,,1st Edition
92662,Armageddon Designator,Armageddon Designator,https://tcgplayer-cdn.tcgplayer.com/product/92662_200w.jpg,2,1485,https://cpt.tcgcsv.com/g5M,2015-04-17T17:15:46.887,1,MP14-EN112,Common,TRAP,,Normal Trap,,,"Banish 1 card from your hand; neither player can activate cards, or the effects of cards, with that name for the rest of this Duel.",8.21,9.1,9.99,,,Unlimited
92662,Armageddon Designator,Armageddon Designator,https://tcgplayer-cdn.tcgplayer.com/product/92662_200w.jpg,2,1485,https://cpt.tcgcsv.com/g5M,2015-04-17T17:15:46.887,1,MP14-EN112,Common,TRAP,,Normal Trap,,,"Banish 1 card from your hand; neither player can activate cards, or the effects of cards, with that name for the rest of this Duel.",0.09,0.25,1.99,0.16,,1st Edition
92663,Bujingi Warg,Bujingi Warg,https://tcgplayer-cdn.tcgplayer.com/product/92663_200w.jpg,2,1485,https://cpt.tcgcsv.com/h5M,2015-04-17T17:49:18.417,1,MP14-EN113,Common,LIGHT,Beast,Effect Monster,1200,1900,"While this card is in face-up Defense Position, other ""Bujin"" monsters you control cannot be destroyed by card effects.",0.05,0.14,0.22,,,Unlimited
92663,Bujingi Warg,Bujingi Warg,https://tcgplayer-cdn.tcgplayer.com/product/92663_200w.jpg,2,1485,https://cpt.tcgcsv.com/h5M,2015-04-17T17:49:18.417,1,MP14-EN113,Common,LIGHT,Beast,Effect Monster,1200,1900,"While this card is in face-up Defense Position, other ""Bujin"" monsters you control cannot be destroyed by card effects.",0.05,0.21,1.0,0.15,,1st Edition
92664,Mecha Phantom Beast Aerosguin,Mecha Phantom Beast Aerosguin,https://tcgplayer-cdn.tcgplayer.com/product/92664_200w.jpg,2,1485,https://cpt.tcgcsv.com/j5M,2015-04-17T18:43:28.98,1,MP14-EN114,Ultra Rare,WIND,Machine,Effect Monster,1600,1900,"Once per turn: You can banish 1 ""Mecha Phantom Beast"" monster from your Graveyard, except ""Mecha Phantom Beast Aerosguin""; Special Summon 1 ""Mecha Phantom Beast Token"" (Machine-Type/WIND/Level 3/ATK 0/DEF 0). This card's level is increased by the total Levels of all ""Mecha Phantom Beast Tokens"" you control. While you control a Token, this card cannot be destroyed by battle or card effects.",0.08,0.4,2.99,0.32,,1st Edition
92665,Cockadoodledoo,Cockadoodledoo,https://tcgplayer-cdn.tcgplayer.com/product/92665_200w.jpg,2,1485,https://cpt.tcgcsv.com/k5M,2015-04-17T18:00:59.57,1,MP14-EN115,Ultra Rare,WIND,Winged Beast,Tuner Monster,1600,2000,"If there are no monsters on the field, you can Special Summon this card (from your hand) as a level 3 monster. If your opponent controls a monster and you control no cards, you can Special Summon this card (from your hand) as a level 4 monster. If this face-up card would leave the field, banish it instead.",1.5,1.5,1.5,,,Unlimited
92665,Cockadoodledoo,Cockadoodledoo,https://tcgplayer-cdn.tcgplayer.com/product/92665_200w.jpg,2,1485,https://cpt.tcgcsv.com/k5M,2015-04-17T18:00:59.57,1,MP14-EN115,Ultra Rare,WIND,Winged Beast,Tuner Monster,1600,2000,"If there are no monsters on the field, you can Special Summon this card (from your hand) as a level 3 monster. If your opponent controls a monster and you control no cards, you can Special Summon this card (from your hand) as a level 4 monster. If this face-up card would leave the field, banish it instead.",0.24,0.57,6.95,0.29,,1st Edition
92666,Angel of Zera,Angel of Zera,https://tcgplayer-cdn.tcgplayer.com/product/92666_200w.jpg,2,1485,https://cpt.tcgcsv.com/l5M,2015-04-17T17:13:20.923,1,MP14-EN116,Secret Rare,LIGHT,Fairy,Synchro/Effect Monster,2800,2300,"1 Tuner + 1 or more non-Tuner monsters // This card gains 100 ATK for each of your opponent's banished cards. During the Standby Phase of the next turn after this card was banished: Special Summon this banished card. You can only use the effect of ""Angel of Zera"" once per turn.",0.75,1.75,3.44,,,Unlimited
92666,Angel of Zera,Angel of Zera,https://tcgplayer-cdn.tcgplayer.com/product/92666_200w.jpg,2,1485,https://cpt.tcgcsv.com/l5M,2015-04-17T17:13:20.923,1,MP14-EN116,Secret Rare,LIGHT,Fairy,Synchro/Effect Monster,2800,2300,"1 Tuner + 1 or more non-Tuner monsters // This card gains 100 ATK for each of your opponent's banished cards. During the Standby Phase of the next turn after this card was banished: Special Summon this banished card. You can only use the effect of ""Angel of Zera"" once per turn.",0.35,0.87,5.0,0.77,,1st Edition
92667,Xyz Encore,Xyz Encore,https://tcgplayer-cdn.tcgplayer.com/product/92667_200w.jpg,2,1485,https://cpt.tcgcsv.com/m5M,2015-04-18T12:25:45.5,1,MP14-EN117,Ultra Rare,SPELL,,Normal Spell,,,"Target 1 face-up Xyz Monster your opponent controls that has Xyz Material; detach all Xyz Materials from it, and if you do, return it to the Extra Deck, then, if there is a Monster Card in the Graveyard among those detached Xyz Materials, Special Summon as many of those monsters as possible from the Graveyard to your opponent's side of the field in face-up Defense Position. Their Levels are reduced by 1 on the field. Cards and effects cannot be activated in response to this card's activation.",0.24,0.3,4.35,,,Unlimited
92667,Xyz Encore,Xyz Encore,https://tcgplayer-cdn.tcgplayer.com/product/92667_200w.jpg,2,1485,https://cpt.tcgcsv.com/m5M,2015-04-18T12:25:45.5,1,MP14-EN117,Ultra Rare,SPELL,,Normal Spell,,,"Target 1 face-up Xyz Monster your opponent controls that has Xyz Material; detach all Xyz Materials from it, and if you do, return it to the Extra Deck, then, if there is a Monster Card in the Graveyard among those detached Xyz Materials, Special Summon as many of those monsters as possible from the Graveyard to your opponent's side of the field in face-up Defense Position. Their Levels are reduced by 1 on the field. Cards and effects cannot be activated in response to this card's activation.",0.15,1.19,28.69,1.04,,1st Edition
92668,Coach Captain Bearman,Coach Captain Bearman,https://tcgplayer-cdn.tcgplayer.com/product/92668_200w.jpg,2,1485,https://cpt.tcgcsv.com/n5M,2015-04-17T18:00:08.72,1,MP14-EN118,Ultra Rare,FIRE,Beast-Warrior,Effect Monster,2600,2700,"You can Normal Summon this card without Tributing, but its original ATK becomes 1300. Once per turn: You can make all level 4 Beast-Warrior-Type monsters you currently control become level 8 until the End Phase. This card cannot be used as an Xyz Material for an Xyz Summon, except for the Xyz Summon of a FIRE Warrior-Type monster.",0.75,0.75,0.75,,,Unlimited
92668,Coach Captain Bearman,Coach Captain Bearman,https://tcgplayer-cdn.tcgplayer.com/product/92668_200w.jpg,2,1485,https://cpt.tcgcsv.com/n5M,2015-04-17T18:00:08.72,1,MP14-EN118,Ultra Rare,FIRE,Beast-Warrior,Effect Monster,2600,2700,"You can Normal Summon this card without Tributing, but its original ATK becomes 1300. Once per turn: You can make all level 4 Beast-Warrior-Type monsters you currently control become level 8 until the End Phase. This card cannot be used as an Xyz Material for an Xyz Summon, except for the Xyz Summon of a FIRE Warrior-Type monster.",0.09,0.35,3.95,0.17,,1st Edition
92669,Coach Soldier Wolfbark,Coach Soldier Wolfbark,https://tcgplayer-cdn.tcgplayer.com/product/92669_200w.jpg,2,1485,https://cpt.tcgcsv.com/p5M,2015-04-17T18:00:27.937,1,MP14-EN119,Secret Rare,FIRE,Beast-Warrior,Effect Monster,1600,1200,"You can target 1 level 4 FIRE Beast-Warrior-Type monster in your Graveyard; Special Summon it in face-up Defense Position. Its effects are negated. You can only use the effect of ""Coach Solider Wolfbark"" once per turn.",1.0,1.0,1.0,0.95,,Unlimited
92669,Coach Soldier Wolfbark,Coach Soldier Wolfbark,https://tcgplayer-cdn.tcgplayer.com/product/92669_200w.jpg,2,1485,https://cpt.tcgcsv.com/p5M,2015-04-17T18:00:27.937,1,MP14-EN119,Secret Rare,FIRE,Beast-Warrior,Effect Monster,1600,1200,"You can target 1 level 4 FIRE Beast-Warrior-Type monster in your Graveyard; Special Summon it in face-up Defense Position. Its effects are negated. You can only use the effect of ""Coach Solider Wolfbark"" once per turn.",0.35,0.92,7.99,0.61,,1st Edition
92670,Brotherhood of the Fire Fist - Rooster,Brotherhood of the Fire Fist Rooster,https://tcgplayer-cdn.tcgplayer.com/product/92670_200w.jpg,2,1485,https://cpt.tcgcsv.com/q5M,2015-04-17T17:29:43.593,1,MP14-EN120,Secret Rare,FIRE,Beast-Warrior,Effect Monster,1500,1000,"When this card is Special Summoned by the effect of a ""Fire Fist"" monster: You can add 1 ""Fire Fist"" monster from your Deck to your hand. You can only use this effect of ""Brotherhood of the Fire Fist - Rooster"" once per turn. Once per turn: You can send 1 face-up ""Fire Formation"" Spell/Trap Card you control to the Graveyard; Set 1 ""Fire Formation"" Spell/Trap Card directly from your Deck.",1.69,1.69,2.2,,,Unlimited
92670,Brotherhood of the Fire Fist - Rooster,Brotherhood of the Fire Fist Rooster,https://tcgplayer-cdn.tcgplayer.com/product/92670_200w.jpg,2,1485,https://cpt.tcgcsv.com/q5M,2015-04-17T17:29:43.593,1,MP14-EN120,Secret Rare,FIRE,Beast-Warrior,Effect Monster,1500,1000,"When this card is Special Summoned by the effect of a ""Fire Fist"" monster: You can add 1 ""Fire Fist"" monster from your Deck to your hand. You can only use this effect of ""Brotherhood of the Fire Fist - Rooster"" once per turn. Once per turn: You can send 1 face-up ""Fire Formation"" Spell/Trap Card you control to the Graveyard; Set 1 ""Fire Formation"" Spell/Trap Card directly from your Deck.",0.15,0.78,5.99,0.35,,1st Edition
92671,Fire King Avatar Yaksha,Fire King Avatar Yaksha,https://tcgplayer-cdn.tcgplayer.com/product/92671_200w.jpg,2,1485,https://cpt.tcgcsv.com/r5M,2015-04-17T18:08:36.267,1,MP14-EN121,Super Rare,FIRE,Beast-Warrior,Effect Monster,1800,200,"If a face-up ""Fire King"" monster you control is destroyed by a card effect (except during the Damage Step): You can Special Summon this card from your hand. If this card is destroyed and sent to the Graveyard: You can destroy 1 card in your hand or that you control. You can only use this effect of ""Fire King Avatar Yaksha"" once per turn.",0.22,0.49,1.0,0.22,,Unlimited
92671,Fire King Avatar Yaksha,Fire King Avatar Yaksha,https://tcgplayer-cdn.tcgplayer.com/product/92671_200w.jpg,2,1485,https://cpt.tcgcsv.com/r5M,2015-04-17T18:08:36.267,1,MP14-EN121,Super Rare,FIRE,Beast-Warrior,Effect Monster,1800,200,"If a face-up ""Fire King"" monster you control is destroyed by a card effect (except during the Damage Step): You can Special Summon this card from your hand. If this card is destroyed and sent to the Graveyard: You can destroy 1 card in your hand or that you control. You can only use this effect of ""Fire King Avatar Yaksha"" once per turn.",0.19,0.92,9.99,0.77,,1st Edition
92672,Fishborg Archer,Fishborg Archer,https://tcgplayer-cdn.tcgplayer.com/product/92672_200w.jpg,2,1485,https://cpt.tcgcsv.com/s5M,2015-04-17T18:09:10.517,1,MP14-EN122,Common,WATER,Fish,Tuner/Effect Monster,300,300,"If this card is in your Graveyard and you control no monsters during either of your Main Phases: You can discard 1 WATER monster; Special Summon this card from your Graveyard, but destroy all monsters you control at the beginning of this turn's Battle Phase, except for WATER monsters. You can only use the effect of ""Fishborg Archer"" once per turn.",0.06,0.25,1.49,0.16,,1st Edition
92673,Fencing Fire Ferret,Fencing Fire Ferret,https://tcgplayer-cdn.tcgplayer.com/product/92673_200w.jpg,2,1485,https://cpt.tcgcsv.com/t5M,2015-04-17T18:06:42.213,1,MP14-EN123,Common,FIRE,Beast,Effect Monster,1700,600,"When this card is destroyed and sent to the Graveyard: Target 1 face-up monster your opponent controls; destroy that target, and if you do, inflict 500 damage to your opponent.",0.25,0.25,0.25,,,Unlimited
92673,Fencing Fire Ferret,Fencing Fire Ferret,https://tcgplayer-cdn.tcgplayer.com/product/92673_200w.jpg,2,1485,https://cpt.tcgcsv.com/t5M,2015-04-17T18:06:42.213,1,MP14-EN123,Common,FIRE,Beast,Effect Monster,1700,600,"When this card is destroyed and sent to the Graveyard: Target 1 face-up monster your opponent controls; destroy that target, and if you do, inflict 500 damage to your opponent.",0.1,0.24,1.42,0.17,,1st Edition
92674,Kujakujaku,Kujakujaku,https://tcgplayer-cdn.tcgplayer.com/product/92674_200w.jpg,2,1485,https://cpt.tcgcsv.com/v5M,2015-04-17T18:37:55.14,1,MP14-EN124,Common,WIND,Winged Beast,Effect Monster,1200,900,"If this card on the field is Tributed and sent to the Graveyard: You can add 1 level 4 or lower WIND monster from your Deck or Graveyard to your hand except ""Kujakujaku"". You can only use the effect of ""Kujakujaku"" once per turn.",0.25,0.25,0.25,,,Unlimited
92674,Kujakujaku,Kujakujaku,https://tcgplayer-cdn.tcgplayer.com/product/92674_200w.jpg,2,1485,https://cpt.tcgcsv.com/v5M,2015-04-17T18:37:55.14,1,MP14-EN124,Common,WIND,Winged Beast,Effect Monster,1200,900,"If this card on the field is Tributed and sent to the Graveyard: You can add 1 level 4 or lower WIND monster from your Deck or Graveyard to your hand except ""Kujakujaku"". You can only use the effect of ""Kujakujaku"" once per turn.",0.03,0.23,1.34,0.09,,1st Edition
92675,Madolche Chickolates,Madolche Chickolates,https://tcgplayer-cdn.tcgplayer.com/product/92675_200w.jpg,2,1485,https://cpt.tcgcsv.com/w5M,2015-04-17T18:38:54.923,1,MP14-EN125,Common,EARTH,Beast,Effect Monster,800,1600,"When this card in your possession is destroyed by your opponent's card (either by battle or by card effect) and sent to your Graveyard: Shuffle this card into the Deck. Once per turn, when the battle position of a ""Madolche"" monster(s) you control is changed (and is now face-up), while this card is face-up on the field (except during the Damage Step): You can target 1 monster on the field; change it to face-up Defense Position, and if you do, unless it is a ""Madolche"" monster, it cannot attack, also its effects are negated.",0.15,0.33,1.18,0.25,,1st Edition
92676,Ghostrick Ghoul,Ghostrick Ghoul,https://tcgplayer-cdn.tcgplayer.com/product/92676_200w.jpg,2,1485,https://cpt.tcgcsv.com/x5M,2015-04-17T18:14:22.1,1,MP14-EN126,Super Rare,DARK,Zombie,Effect Monster,1100,1200,"Cannot be Normal Summoned, unless you control a ""Ghostrick"" monster. Once per turn: You can change this card to face-down Defense Position. Once per turn, during your Main Phase 1: You can target 1 ""Ghostrick"" monster you control; its ATK becomes equal to the combined original ATK of all ""Ghostrick"" monsters currently on the field, until your opponent's next End Phase, but if it does, only that monster can attack this turn.",0.79,1.29,4.29,1.07,,1st Edition
92677,Malicevorous Spoon,Malicevorous Spoon,https://tcgplayer-cdn.tcgplayer.com/product/92677_200w.jpg,2,1485,https://cpt.tcgcsv.com/z5M,2015-04-17T18:41:58.88,1,MP14-EN127,Common,DARK,Fiend,Effect Monster,100,500,"When a ""Malicevorous"" monster, except ""Malicevorous Spoon"", is Normal or Special Summoned to your side of the field while you control this face-up card: You can target 1 Level 2 Fiend-Type monster in your Graveyard; Special Summon that target. Its effects are negated. You can only use the effect of ""Malicevorous Spoon"" once per turn.",0.17,0.17,0.17,,,Unlimited
92677,Malicevorous Spoon,Malicevorous Spoon,https://tcgplayer-cdn.tcgplayer.com/product/92677_200w.jpg,2,1485,https://cpt.tcgcsv.com/z5M,2015-04-17T18:41:58.88,1,MP14-EN127,Common,DARK,Fiend,Effect Monster,100,500,"When a ""Malicevorous"" monster, except ""Malicevorous Spoon"", is Normal or Special Summoned to your side of the field while you control this face-up card: You can target 1 Level 2 Fiend-Type monster in your Graveyard; Special Summon that target. Its effects are negated. You can only use the effect of ""Malicevorous Spoon"" once per turn.",0.08,0.23,1.49,0.18,,1st Edition
92678,Malicevorous Fork,Malicevorous Fork,https://tcgplayer-cdn.tcgplayer.com/product/92678_200w.jpg,2,1485,https://cpt.tcgcsv.com/B5M,2015-04-17T18:41:10.967,1,MP14-EN128,Common,DARK,Fiend,Effect Monster,400,400,You can send 1 other Fiend-Type monster from your hand to the Graveyard; Special Summon this card from your hand.,0.1,0.25,0.99,0.17,,1st Edition
92679,Malicevorous Knife,Malicevorous Knife,https://tcgplayer-cdn.tcgplayer.com/product/92679_200w.jpg,2,1485,https://cpt.tcgcsv.com/C5M,2015-04-17T18:41:30.933,1,MP14-EN129,Common,DARK,Fiend,Effect Monster,600,100,"When this card is Normal Summoned: You can target 1 ""Malicevorous"" monster in your Graveyard, except ""Malicevorous Knife""; Special Summon that target.",0.05,0.23,0.94,0.16,,1st Edition
92680,Battlin' Boxer Rib Gardna,Battlin Boxer Rib Gardna,https://tcgplayer-cdn.tcgplayer.com/product/92680_200w.jpg,2,1485,https://cpt.tcgcsv.com/D5M,2015-04-17T17:23:15.647,1,MP14-EN130,Common,FIRE,Warrior,Effect Monster,100,1400,"During either player's turn: You can banish this card from your hand or Graveyard, then target 1 ""Battlin' Boxer"" monster you control; banish it until your next Standby Phase.",0.05,0.4,0.99,,,Unlimited
92680,Battlin' Boxer Rib Gardna,Battlin Boxer Rib Gardna,https://tcgplayer-cdn.tcgplayer.com/product/92680_200w.jpg,2,1485,https://cpt.tcgcsv.com/D5M,2015-04-17T17:23:15.647,1,MP14-EN130,Common,FIRE,Warrior,Effect Monster,100,1400,"During either player's turn: You can banish this card from your hand or Graveyard, then target 1 ""Battlin' Boxer"" monster you control; banish it until your next Standby Phase.",0.1,0.23,1.0,0.14,,1st Edition
92681,Battlin' Boxer Rabbit Puncher,Battlin Boxer Rabbit Puncher,https://tcgplayer-cdn.tcgplayer.com/product/92681_200w.jpg,2,1485,https://cpt.tcgcsv.com/F5M,2015-04-17T17:22:53.287,1,MP14-EN131,Common,FIRE,Warior,Effect Monster,800,100,"At the start of the Damage Step, if this card attacks a Defense Position monster: Destroy that monster.",0.1,2.64,5.18,,,Unlimited
92681,Battlin' Boxer Rabbit Puncher,Battlin Boxer Rabbit Puncher,https://tcgplayer-cdn.tcgplayer.com/product/92681_200w.jpg,2,1485,https://cpt.tcgcsv.com/F5M,2015-04-17T17:22:53.287,1,MP14-EN131,Common,FIRE,Warior,Effect Monster,800,100,"At the start of the Damage Step, if this card attacks a Defense Position monster: Destroy that monster.",0.04,0.25,1.39,0.18,,1st Edition
92682,Secret Sect Druid Wid,Secret Sect Druid Wid,https://tcgplayer-cdn.tcgplayer.com/product/92682_200w.jpg,2,1485,https://cpt.tcgcsv.com/G5M,2015-04-18T11:28:36.96,1,MP14-EN132,Common,DARK,Spellcaster,Effect Monster,0,1800,"If this card is sent from the field to the Graveyard: You can target 1 Continuous Spell Card in your Graveyard; Set that target, but it cannot be activated this turn. You can only use the effect of ""Wid the Duplicitous Druid"" once per turn.",0.01,0.23,6.2,,,1st Edition
92683,Secret Sect Druid Dru,Secret Sect Druid Dru,https://tcgplayer-cdn.tcgplayer.com/product/92683_200w.jpg,2,1485,https://cpt.tcgcsv.com/H5M,2023-11-20T14:58:57.553,1,MP14-EN133,Common,DARK,Spellcaster,Effect Monster,1800,0,"When this card is Normal Summoned: You can target 1 Level 4 DARK monster with either 0 ATK or DEF in your Graveyard, except ""Secret Sect Druid Dru""; Special Summon that target in face-up Defense Position. Its effects are negated. You can only use the effect of ""Secret Sect Druid Dru"" once per turn.",0.05,0.25,1.36,0.16,,1st Edition
92684,Mythic Tree Dragon,Mythic Tree Dragon,https://tcgplayer-cdn.tcgplayer.com/product/92684_200w.jpg,2,1485,https://cpt.tcgcsv.com/J5M,2015-04-17T18:58:30.123,1,MP14-EN134,Common,EARTH,Dragon,Effect Monster,100,1400,Once per turn: You can target 1 WATER Dragon-Type monster you control; this card's Level becomes the current Level of that monster.,0.15,0.28,1.51,0.22,,1st Edition
92685,Mythic Water Dragon,Mythic Water Dragon,https://tcgplayer-cdn.tcgplayer.com/product/92685_200w.jpg,2,1485,https://cpt.tcgcsv.com/K5M,2015-04-17T18:58:49.533,1,MP14-EN135,Common,WATER,Dragon,Effect Monster,1000,2000,"If you control an EARTH monster, you can Special Summon this card (from your hand). You can only Special Summon ""Mythic Water Dragon"" once per turn this way.",0.23,0.41,1.54,0.41,,1st Edition
92686,Baby Raccoon Ponpoko,Baby Raccoon Ponpoko,https://tcgplayer-cdn.tcgplayer.com/product/92686_200w.jpg,2,1485,https://cpt.tcgcsv.com/L5M,2018-06-11T12:12:11.73,1,MP14-EN136,Common,EARTH,Beast,Effect Monster,800,0,"When this card is Normal Summoned: You can Special Summon 1 Level 2 Beast-Type monster from your Deck, except ""Tanukit Ponpoko"", in face-down Defense Position. You cannot Special Summon any monsters during the turn you activate this effect, except Beast-Type monsters.",0.1,0.12,0.2,,,Unlimited
92686,Baby Raccoon Ponpoko,Baby Raccoon Ponpoko,https://tcgplayer-cdn.tcgplayer.com/product/92686_200w.jpg,2,1485,https://cpt.tcgcsv.com/L5M,2018-06-11T12:12:11.73,1,MP14-EN136,Common,EARTH,Beast,Effect Monster,800,0,"When this card is Normal Summoned: You can Special Summon 1 Level 2 Beast-Type monster from your Deck, except ""Tanukit Ponpoko"", in face-down Defense Position. You cannot Special Summon any monsters during the turn you activate this effect, except Beast-Type monsters.",0.1,0.29,1.49,0.16,,1st Edition
92687,Baby Raccoon Tantan,Baby Raccoon Tantan,https://tcgplayer-cdn.tcgplayer.com/product/92687_200w.jpg,2,1485,https://cpt.tcgcsv.com/M5M,2023-11-21T22:14:39.983,1,MP14-EN137,Common,EARTH,Beast,Flip/Effect Monster,0,800,"FLIP: Special Summon 1 Level 2 Beast-Type monster from your Deck, except ""Baby Raccoon Tantan"".",0.1,0.28,1.41,0.16,,1st Edition
92688,Ghostrick Lantern,Ghostrick Lantern,https://tcgplayer-cdn.tcgplayer.com/product/92688_200w.jpg,2,1485,https://cpt.tcgcsv.com/N5M,2015-04-17T18:19:22.507,1,MP14-EN138,Super Rare,DARK,Fiend,Effect Monster,800,0,"Cannot be Normal Summoned, unless you control a ""Ghostrick"" monster. Once per turn: You can change this card to face-down Defense Position. When an opponent's monster declares a direct attack, or when a ""Ghostrick"" monster you control is targeted for an attack: You can negate the attack, and if you do, Special Summon this card from your hand in face-down Defense Position.",28.0,28.0,28.0,,,Unlimited
92688,Ghostrick Lantern,Ghostrick Lantern,https://tcgplayer-cdn.tcgplayer.com/product/92688_200w.jpg,2,1485,https://cpt.tcgcsv.com/N5M,2015-04-17T18:19:22.507,1,MP14-EN138,Super Rare,DARK,Fiend,Effect Monster,800,0,"Cannot be Normal Summoned, unless you control a ""Ghostrick"" monster. Once per turn: You can change this card to face-down Defense Position. When an opponent's monster declares a direct attack, or when a ""Ghostrick"" monster you control is targeted for an attack: You can negate the attack, and if you do, Special Summon this card from your hand in face-down Defense Position.",0.25,0.68,24.99,0.65,,1st Edition
92689,Ghostrick Specter,Ghostrick Specter,https://tcgplayer-cdn.tcgplayer.com/product/92689_200w.jpg,2,1485,https://cpt.tcgcsv.com/P5M,2015-04-17T18:23:17.9,1,MP14-EN139,Common,DARK,Fiend,Effect Monster,600,0,"Cannot be Normal Summoned, unless you control a ""Ghostrick"" monster. Once per turn: You can change this card to face-down Defense Position. When a ""Ghostrick"" monster is destroyed by an opponent's card effect, or by battle with their attacking monster, and sent to your Graveyard: You can Special Summon this card from your hand in face-down Defense Position, and if you do, draw 1 card.",0.15,0.3,0.75,0.05,,Unlimited
92689,Ghostrick Specter,Ghostrick Specter,https://tcgplayer-cdn.tcgplayer.com/product/92689_200w.jpg,2,1485,https://cpt.tcgcsv.com/P5M,2015-04-17T18:23:17.9,1,MP14-EN139,Common,DARK,Fiend,Effect Monster,600,0,"Cannot be Normal Summoned, unless you control a ""Ghostrick"" monster. Once per turn: You can change this card to face-down Defense Position. When a ""Ghostrick"" monster is destroyed by an opponent's card effect, or by battle with their attacking monster, and sent to your Graveyard: You can Special Summon this card from your hand in face-down Defense Position, and if you do, draw 1 card.",0.1,0.25,1.41,0.15,,1st Edition
92690,Ghostrick Witch,Ghostrick Witch,https://tcgplayer-cdn.tcgplayer.com/product/92690_200w.jpg,2,1485,https://cpt.tcgcsv.com/Q5M,2015-04-17T18:24:12.467,1,MP14-EN140,Common,DARK,Spellcaster,Effect Monster,1200,200,"Cannot be Normal Summoned, unless you control a ""Ghostrick"" monster. Once per turn: You can change this card to face-down Defense Position. Once per turn: You can target 1 face-up monster your opponent controls; change it to face-down Defense Position.",0.25,0.44,0.99,0.44,,1st Edition
92691,Ghostrick Yuki-onna,Ghostrick Yuki onna,https://tcgplayer-cdn.tcgplayer.com/product/92691_200w.jpg,2,1485,https://cpt.tcgcsv.com/R5M,2015-04-17T18:25:02.173,1,MP14-EN141,Common,DARK,Spellcaster,Effect Monster,1000,800,"Cannot be Normal Summoned, unless you control a ""Ghostrick"" monster. Once per turn: You can change this card to face-down Defense Position. When this card is destroyed by battle and sent to the Graveyard: You can change the monster that destroyed it to face-down Defense Position, and if you do, it cannot change its battle position.",0.15,0.49,1.56,0.45,,1st Edition
92692,Ghostrick Jiangshi,Ghostrick Jiangshi,https://tcgplayer-cdn.tcgplayer.com/product/92692_200w.jpg,2,1485,https://cpt.tcgcsv.com/S5M,2015-04-17T18:18:32.833,1,MP14-EN142,Common,DARK,Zombie,Effect Monster,400,1800,"Cannot be Normal Summoned, unless you control a ""Ghostrick"" monster. Once per turn: You can change this card to face-down Defense Position. When this card is flipped face-up: You can add from your Deck to your hand, 1 ""Ghostrick"" monster whose Level is less than or equal to the number of ""Ghostrick"" monsters you control. You can only use this effect of ""Ghostrick Jiangshi"" once per turn.",1.0,1.0,1.0,,,Unlimited
92692,Ghostrick Jiangshi,Ghostrick Jiangshi,https://tcgplayer-cdn.tcgplayer.com/product/92692_200w.jpg,2,1485,https://cpt.tcgcsv.com/S5M,2015-04-17T18:18:32.833,1,MP14-EN142,Common,DARK,Zombie,Effect Monster,400,1800,"Cannot be Normal Summoned, unless you control a ""Ghostrick"" monster. Once per turn: You can change this card to face-down Defense Position. When this card is flipped face-up: You can add from your Deck to your hand, 1 ""Ghostrick"" monster whose Level is less than or equal to the number of ""Ghostrick"" monsters you control. You can only use this effect of ""Ghostrick Jiangshi"" once per turn.",0.08,0.3,2.0,0.24,,1st Edition
92693,Ghostrick Stein,Ghostrick Stein,https://tcgplayer-cdn.tcgplayer.com/product/92693_200w.jpg,2,1485,https://cpt.tcgcsv.com/T5M,2015-04-17T18:23:35.713,1,MP14-EN143,Common,DARK,Zombie,Effect Monster,1600,0,"Cannot be Normal Summoned, unless you control a ""Ghostrick"" monster. Once per turn: You can change this card to face-down Defense Position. When this card inflicts battle damage to your opponent: You can add 1 ""Ghostrick"" Spell/Trap Card from your Deck to your hand. You can only use this effect of ""Ghostrick Stein"" once per turn.",0.15,0.15,0.15,,,Unlimited
92693,Ghostrick Stein,Ghostrick Stein,https://tcgplayer-cdn.tcgplayer.com/product/92693_200w.jpg,2,1485,https://cpt.tcgcsv.com/T5M,2015-04-17T18:23:35.713,1,MP14-EN143,Common,DARK,Zombie,Effect Monster,1600,0,"Cannot be Normal Summoned, unless you control a ""Ghostrick"" monster. Once per turn: You can change this card to face-down Defense Position. When this card inflicts battle damage to your opponent: You can add 1 ""Ghostrick"" Spell/Trap Card from your Deck to your hand. You can only use this effect of ""Ghostrick Stein"" once per turn.",0.06,0.25,0.99,0.25,,1st Edition
92694,Bujin Mikazuchi,Bujin Mikazuchi,https://tcgplayer-cdn.tcgplayer.com/product/92694_200w.jpg,2,1485,https://cpt.tcgcsv.com/V5M,2015-04-17T17:35:36.213,1,MP14-EN144,Ultra Rare,DARK,Beast-Warrior,Effect Monster,1900,1500,"When a Beast-Warrior-Type ""Bujin"" monster you control is destroyed by battle or by card effect and sent to the Graveyard: You can Special Summon this card from your hand. Once per turn, during the End Phase, if a ""Bujin"" monster(s) was sent from your hand to your Graveyard this turn while you controlled this face-up card: You can add 1 ""Bujin"" Spell/Trap Card from your Deck to your hand. You can only control 1 ""Bujin Mikazuchi"".",1.29,2.25,9.99,2.06,,1st Edition
92695,Bujingi Crow,Bujingi Crow,https://tcgplayer-cdn.tcgplayer.com/product/92695_200w.jpg,2,1485,https://cpt.tcgcsv.com/W5M,2015-04-17T17:42:24.893,1,MP14-EN145,Rare,LIGHT,Winged Beast,Effect Monster,1700,800,"When a Beast-Warrior-Type ""Bujin"" monster you control is targeted for an attack by an opponent's monster: You can send this card from your hand to the Graveyard; negate the attack, and if you do, inflict damage to your opponent equal to half the attacker's ATK. You can only use the effect of ""Bujingi Crow"" once per turn.",0.5,0.5,0.5,,,Unlimited
92695,Bujingi Crow,Bujingi Crow,https://tcgplayer-cdn.tcgplayer.com/product/92695_200w.jpg,2,1485,https://cpt.tcgcsv.com/W5M,2015-04-17T17:42:24.893,1,MP14-EN145,Rare,LIGHT,Winged Beast,Effect Monster,1700,800,"When a Beast-Warrior-Type ""Bujin"" monster you control is targeted for an attack by an opponent's monster: You can send this card from your hand to the Graveyard; negate the attack, and if you do, inflict damage to your opponent equal to half the attacker's ATK. You can only use the effect of ""Bujingi Crow"" once per turn.",0.15,0.3,1.0,0.15,,1st Edition
92696,Bujingi Ibis,Bujingi Ibis,https://tcgplayer-cdn.tcgplayer.com/product/92696_200w.jpg,2,1485,https://cpt.tcgcsv.com/X5M,2015-04-17T17:43:52.61,1,MP14-EN146,Common,LIGHT,Winged Beast,Effect Monster,1600,300,"During your Main Phase 1: You can send this card from your hand to the Graveyard, then target 1 ""Bujin"" monster you control; this turn, if it attacks a Defense Position monster, inflict piercing battle damage to your opponent.",0.1,0.1,0.1,,,Unlimited
92696,Bujingi Ibis,Bujingi Ibis,https://tcgplayer-cdn.tcgplayer.com/product/92696_200w.jpg,2,1485,https://cpt.tcgcsv.com/X5M,2015-04-17T17:43:52.61,1,MP14-EN146,Common,LIGHT,Winged Beast,Effect Monster,1600,300,"During your Main Phase 1: You can send this card from your hand to the Graveyard, then target 1 ""Bujin"" monster you control; this turn, if it attacks a Defense Position monster, inflict piercing battle damage to your opponent.",0.05,0.22,1.0,0.14,,1st Edition
92697,Bujingi Boar,Bujingi Boar,https://tcgplayer-cdn.tcgplayer.com/product/92697_200w.jpg,2,1485,https://cpt.tcgcsv.com/Z5M,2015-04-17T17:40:57.02,1,MP14-EN147,Common,LIGHT,Beast,Effect Monster,1100,1900,"If you control a ""Bujin"" monster: You can banish this card from your Graveyard, then target 1 face-up Attack Position monster your opponent controls; change it to face-up Defense Position, and if you do, its DEF becomes 0 until the End Phase.",0.03,0.22,1.36,0.12,,1st Edition
92698,Bujingi Centipede,Bujingi Centipede,https://tcgplayer-cdn.tcgplayer.com/product/92698_200w.jpg,2,1485,https://cpt.tcgcsv.com/-5M,2015-04-17T17:41:34.873,1,MP14-EN148,Common,LIGHT,Beast,Effect Monster,1700,500,"If you control a ""Bujin"" Beast-Warrior-Type monster: You can banish this card from your Graveyard, then target 1 Spell/Trap Card your opponent controls; destroy that target. You can only use the effect of ""Bujingi Centipede"" once per turn.",0.12,0.12,0.12,,,Unlimited
92698,Bujingi Centipede,Bujingi Centipede,https://tcgplayer-cdn.tcgplayer.com/product/92698_200w.jpg,2,1485,https://cpt.tcgcsv.com/-5M,2015-04-17T17:41:34.873,1,MP14-EN148,Common,LIGHT,Beast,Effect Monster,1700,500,"If you control a ""Bujin"" Beast-Warrior-Type monster: You can banish this card from your Graveyard, then target 1 Spell/Trap Card your opponent controls; destroy that target. You can only use the effect of ""Bujingi Centipede"" once per turn.",0.07,0.22,1.0,0.21,,1st Edition
92699,Mecha Phantom Beast Sabre Hawk,Mecha Phantom Beast Sabre Hawk,https://tcgplayer-cdn.tcgplayer.com/product/92699_200w.jpg,2,1485,https://cpt.tcgcsv.com/_5M,2015-04-17T18:51:38.45,1,MP14-EN149,Common,WIND,Machine,Effect Monster,2100,100,"This card cannot attack directly. This card cannot attack while there is a monster(s) in your Graveyard that is not a ""Mecha Phantom Beast"" monster. This card's Level is increased by the total Levels of all ""Mecha Phantom Beast Tokens"" you control. While you control a Token, this card cannot be destroyed by battle or card effects. Once per turn: You can Tribute 1 Token, then target 1 card in either player's Graveyard; banish that target.",0.01,0.25,1.25,0.12,,1st Edition
92700,Mecha Phantom Beast Kalgriffin,Mecha Phantom Beast Kalgriffin,https://tcgplayer-cdn.tcgplayer.com/product/92700_200w.jpg,2,1485,https://cpt.tcgcsv.com/06M,2015-04-17T18:50:53.177,1,MP14-EN150,Rare,WIND,Machine,Effect Monster,1000,2500,"You can Tribute 2 ""Mecha Phantom Beast"" monsters; Special Summon this card from your hand. You can only use this effect of ""Mecha Phantom Beast Gryphin"" once per turn. While you control a Token, this card cannot be destroyed by battle or card effects. Once per turn: You can discard 1 ""Mecha Phantom Beast"" monster; Special Summon 1 ""Mecha Phantom Beast Token"" (Machine-Type/WIND/Level 3/ATK 0/DEF 0).",0.2,0.2,0.2,,,Unlimited
92700,Mecha Phantom Beast Kalgriffin,Mecha Phantom Beast Kalgriffin,https://tcgplayer-cdn.tcgplayer.com/product/92700_200w.jpg,2,1485,https://cpt.tcgcsv.com/06M,2015-04-17T18:50:53.177,1,MP14-EN150,Rare,WIND,Machine,Effect Monster,1000,2500,"You can Tribute 2 ""Mecha Phantom Beast"" monsters; Special Summon this card from your hand. You can only use this effect of ""Mecha Phantom Beast Gryphin"" once per turn. While you control a Token, this card cannot be destroyed by battle or card effects. Once per turn: You can discard 1 ""Mecha Phantom Beast"" monster; Special Summon 1 ""Mecha Phantom Beast Token"" (Machine-Type/WIND/Level 3/ATK 0/DEF 0).",0.1,0.3,1.0,0.3,,1st Edition
92701,Vampire Sorcerer,Vampire Sorcerer,https://tcgplayer-cdn.tcgplayer.com/product/92701_200w.jpg,2,1485,https://cpt.tcgcsv.com/26M,2015-04-18T12:21:52.297,1,MP14-EN151,Ultra Rare,DARK,Zombie,Effect Monster,1500,1500,"If this card in your possession is sent to your Graveyard by your opponent's card (either by battle or by card effect): You can add 1 DARK ""Vampire"" monster or 1 ""Vampire"" Spell/Trap Card from your Deck to your hand. You can banish this card from your Graveyard; 1 DARK ""Vampire"" monster you Normal Summon this turn can be Summoned without Tributing.",0.1,0.5,4.99,0.4,,1st Edition
92702,Shadow Vampire,Shadow Vampire,https://tcgplayer-cdn.tcgplayer.com/product/92702_200w.jpg,2,1485,https://cpt.tcgcsv.com/36M,2015-04-18T11:28:52.573,1,MP14-EN152,Secret Rare,DARK,Zombie,Effect Monster,2000,0,"When this card is Normal Summoned: You can Special Summon 1 DARK ""Vampire"" monster from your hand or Deck, except ""Shadow Vampire"", but if you do, only that monster can attack for the rest of this turn. This card cannot be used as an Xyz Material for an Xyz Summon, except for the Xyz Summon of a DARK monster.",0.25,0.49,2.49,0.25,,Unlimited
92702,Shadow Vampire,Shadow Vampire,https://tcgplayer-cdn.tcgplayer.com/product/92702_200w.jpg,2,1485,https://cpt.tcgcsv.com/36M,2015-04-18T11:28:52.573,1,MP14-EN152,Secret Rare,DARK,Zombie,Effect Monster,2000,0,"When this card is Normal Summoned: You can Special Summon 1 DARK ""Vampire"" monster from your hand or Deck, except ""Shadow Vampire"", but if you do, only that monster can attack for the rest of this turn. This card cannot be used as an Xyz Material for an Xyz Summon, except for the Xyz Summon of a DARK monster.",0.28,0.72,7.9,0.52,,1st Edition
92703,Vampire Grace,Vampire Grace,https://tcgplayer-cdn.tcgplayer.com/product/92703_200w.jpg,2,1485,https://cpt.tcgcsv.com/56M,2015-04-18T12:20:33.127,1,MP14-EN153,Common,DARK,Zombie,Effect Monster,2000,1200,"While this card is in your Graveyard, when a Level 5 or higher Zombie-Type monster(s) is Special Summoned to your side of the field by a Zombie-Type monster's effect: You can pay 2000 Life Points; Special Summon this card from your Graveyard. You can only use this effect of ""Vampire Grace"" once per turn. Once per turn: You can declare 1 card type (Monster, Spell, or Trap); your opponent sends 1 card of that type from their Deck to the Graveyard.",0.21,0.23,0.25,,,Unlimited
92703,Vampire Grace,Vampire Grace,https://tcgplayer-cdn.tcgplayer.com/product/92703_200w.jpg,2,1485,https://cpt.tcgcsv.com/56M,2015-04-18T12:20:33.127,1,MP14-EN153,Common,DARK,Zombie,Effect Monster,2000,1200,"While this card is in your Graveyard, when a Level 5 or higher Zombie-Type monster(s) is Special Summoned to your side of the field by a Zombie-Type monster's effect: You can pay 2000 Life Points; Special Summon this card from your Graveyard. You can only use this effect of ""Vampire Grace"" once per turn. Once per turn: You can declare 1 card type (Monster, Spell, or Trap); your opponent sends 1 card of that type from their Deck to the Graveyard.",0.09,0.43,2.99,0.44,,1st Edition
92704,Pumprincess the Princess of Ghosts,Pumprincess the Princess of Ghosts,https://tcgplayer-cdn.tcgplayer.com/product/92704_200w.jpg,2,1485,https://cpt.tcgcsv.com/66M,2015-04-18T11:42:48.753,1,MP14-EN154,Common,DARK,Zombie,Effect Monster,900,1000,"If this face-up card is destroyed while it is in a Monster Card Zone, you can place it face-up in your Spell & Trap Card Zone as a Continuous Spell Card, instead of sending it to the Graveyard. During each Standby Phase, if this card is treated as a Continuous Spell Card by its own effect: Place 1 Pumpkin Counter on this card. While this card is treated as a Continuous Spell Card, monsters your opponent controls loses 100 ATK and DEF for each Pumpkin Counter on this card.",0.04,0.25,1.49,0.14,,1st Edition
92705,Vampire Hunter,Vampire Hunter,https://tcgplayer-cdn.tcgplayer.com/product/92705_200w.jpg,2,1485,https://cpt.tcgcsv.com/76M,2015-04-18T12:21:09.243,1,MP14-EN155,Super Rare,DARK,Warrior,Effect Monster,1000,1000,"At the start of the Damage Step, if this card battles a DARK monster: Destroy that monster.",0.79,1.22,4.0,,,Unlimited
92705,Vampire Hunter,Vampire Hunter,https://tcgplayer-cdn.tcgplayer.com/product/92705_200w.jpg,2,1485,https://cpt.tcgcsv.com/76M,2015-04-18T12:21:09.243,1,MP14-EN155,Super Rare,DARK,Warrior,Effect Monster,1000,1000,"At the start of the Damage Step, if this card battles a DARK monster: Destroy that monster.",0.38,0.77,4.36,0.74,,1st Edition
92706,Genomix Fighter,Genomix Fighter,https://tcgplayer-cdn.tcgplayer.com/product/92706_200w.jpg,2,1485,https://cpt.tcgcsv.com/86M,2015-04-17T18:12:41.983,1,MP14-EN156,Ultra Rare,LIGHT,Psychic,Tuner/Effect Monster,2200,1100,"You can Normal Summon this card without Tributing, but its Level becomes 3 and its original ATK is halved. Once per turn: You can declare 1 Type; during this turn, if this card is used as a Synchro Material Monster, this card and all the other Synchro Material Monsters are treated as the declared Type. During the turn you activate this effect, you cannot Normal or Special Summon monsters, except monsters of the declared Type.",2.48,2.75,2.85,,,Unlimited
92706,Genomix Fighter,Genomix Fighter,https://tcgplayer-cdn.tcgplayer.com/product/92706_200w.jpg,2,1485,https://cpt.tcgcsv.com/86M,2015-04-17T18:12:41.983,1,MP14-EN156,Ultra Rare,LIGHT,Psychic,Tuner/Effect Monster,2200,1100,"You can Normal Summon this card without Tributing, but its Level becomes 3 and its original ATK is halved. Once per turn: You can declare 1 Type; during this turn, if this card is used as a Synchro Material Monster, this card and all the other Synchro Material Monsters are treated as the declared Type. During the turn you activate this effect, you cannot Normal or Special Summon monsters, except monsters of the declared Type.",0.07,0.35,2.99,0.19,,1st Edition
92707,"Mariña, Princess of Sunflowers",Marina Princess of Sunflowers,https://tcgplayer-cdn.tcgplayer.com/product/92707_200w.jpg,2,1485,https://cpt.tcgcsv.com/96M,2015-04-17T18:42:27.527,1,MP14-EN157,Super Rare,FIRE,Plant,Effect Monster,2600,1600,If exactly 1 other Plant-Type monster you control (and no other cards) is destroyed by battle or by card effect and sent to the Graveyard: You can target 1 card your opponent controls; destroy that target. This card must be face-up on the field to activate and to resolve this effect.,0.1,0.44,1.99,0.21,,1st Edition
92708,Granmarg the Mega Monarch,Granmarg the Mega Monarch,https://tcgplayer-cdn.tcgplayer.com/product/92708_200w.jpg,2,1485,https://cpt.tcgcsv.com/b6M,2019-12-09T14:27:58.297,1,MP14-EN158,Secret Rare,EARTH,Rock,Effect Monster,2800,1000,"You can Tribute Summon this card by Tributing 1 Tribute Summoned monster. When this card is Tribute Summoned: Target up to 2 Set cards on the field; destroy those targets. If this card was Tribute Summoned by Tributing an EARTH monster, add this additional effect.
<br>? Also, draw 1 card after that.",3.05,3.42,7.99,1.18,,Unlimited
92708,Granmarg the Mega Monarch,Granmarg the Mega Monarch,https://tcgplayer-cdn.tcgplayer.com/product/92708_200w.jpg,2,1485,https://cpt.tcgcsv.com/b6M,2019-12-09T14:27:58.297,1,MP14-EN158,Secret Rare,EARTH,Rock,Effect Monster,2800,1000,"You can Tribute Summon this card by Tributing 1 Tribute Summoned monster. When this card is Tribute Summoned: Target up to 2 Set cards on the field; destroy those targets. If this card was Tribute Summoned by Tributing an EARTH monster, add this additional effect.
<br>? Also, draw 1 card after that.",0.95,1.44,6.0,1.33,,1st Edition
92709,Risebell the Star Psycher,Risebell the Star Psycher,https://tcgplayer-cdn.tcgplayer.com/product/92709_200w.jpg,2,1485,https://cpt.tcgcsv.com/c6M,2015-04-18T11:52:55.467,1,MP14-EN159,Common,WIND,Psychic,Effect Monster,1500,1500,"Once per turn, during either player's turn: You can target 1 face-up monster on the field; increase that monster's Level by 1.",0.05,0.23,1.49,0.13,,1st Edition
92710,Battlin' Boxer Cheat Commissioner,Battlin Boxer Cheat Commissioner,https://tcgplayer-cdn.tcgplayer.com/product/92710_200w.jpg,2,1485,https://cpt.tcgcsv.com/d6M,2015-04-17T17:18:19.36,1,MP14-EN160,Rare,FIRE,Warior,Xyz/Effect Monster,0,1300,"2 Level 3 monsters
<br>All monsters your opponent controls must attack, if able. While you control another ""Battlin' Boxer"" monster, your opponent cannot target this card for attacks. When an attack is declared involving another ""Battlin' Boxer"" monster you control and an opponent's monster: You can detach 2 Xyz Materials from this card; look at your opponent's hand, then Set 1 Spell Card directly from their hand onto your side of the field.",9.99,9.99,9.99,,,Unlimited
92710,Battlin' Boxer Cheat Commissioner,Battlin Boxer Cheat Commissioner,https://tcgplayer-cdn.tcgplayer.com/product/92710_200w.jpg,2,1485,https://cpt.tcgcsv.com/d6M,2015-04-17T17:18:19.36,1,MP14-EN160,Rare,FIRE,Warior,Xyz/Effect Monster,0,1300,"2 Level 3 monsters
<br>All monsters your opponent controls must attack, if able. While you control another ""Battlin' Boxer"" monster, your opponent cannot target this card for attacks. When an attack is declared involving another ""Battlin' Boxer"" monster you control and an opponent's monster: You can detach 2 Xyz Materials from this card; look at your opponent's hand, then Set 1 Spell Card directly from their hand onto your side of the field.",0.09,0.34,1.0,0.33,,1st Edition
92711,Number 64: Ronin Raccoon Sandayu,Number 64 Ronin Raccoon Sandayu,https://tcgplayer-cdn.tcgplayer.com/product/92711_200w.jpg,2,1485,https://cpt.tcgcsv.com/f6M,2015-04-18T11:39:26.283,1,MP14-EN161,Rare,EARTH,Beast,Xyz/Effect Monster,1000,1000,"2 Level 2 Beast-Type monsters
Once per turn: You can detach 1 Xyz Material from this card; Special Summon 1 ""Kagemusha Raccoon Token"" (Beast-Type/EARTH/Level 1/ATK ?/DEF 0). (When Summoned, its ATK becomes equal to the current ATK of the monster on the field that has the highest ATK. Your choice, if tied.) While you control another Beast-Type monster, this card cannot be destroyed by battle or card effects.",1.49,1.49,1.49,2.6,,Unlimited
92711,Number 64: Ronin Raccoon Sandayu,Number 64 Ronin Raccoon Sandayu,https://tcgplayer-cdn.tcgplayer.com/product/92711_200w.jpg,2,1485,https://cpt.tcgcsv.com/f6M,2015-04-18T11:39:26.283,1,MP14-EN161,Rare,EARTH,Beast,Xyz/Effect Monster,1000,1000,"2 Level 2 Beast-Type monsters
Once per turn: You can detach 1 Xyz Material from this card; Special Summon 1 ""Kagemusha Raccoon Token"" (Beast-Type/EARTH/Level 1/ATK ?/DEF 0). (When Summoned, its ATK becomes equal to the current ATK of the monster on the field that has the highest ATK. Your choice, if tied.) While you control another Beast-Type monster, this card cannot be destroyed by battle or card effects.",2.0,2.52,4.36,2.73,,1st Edition
92712,Ghostrick Alucard,Ghostrick Alucard,https://tcgplayer-cdn.tcgplayer.com/product/92712_200w.jpg,2,1485,https://cpt.tcgcsv.com/g6M,2015-04-17T18:13:24.577,1,MP14-EN162,Ultra Rare,DARK,Zombie,Xyz/Effect Monster,1800,1600,"2 Level 3 monsters
Your opponent cannot target other ""Ghostrick"" monsters, or any face-down Defense Position monsters, for attacks. You can detach 1 Xyz Material from this card, then target 1 Set card your opponent controls; destroy that target. You can only use this effect of ""Ghostrick Alucard"" once per turn. If this card is sent to the Graveyard: You can target 1 other ""Ghostrick"" card in your Graveyard; add that target to your hand.",14.99,15.02,15.05,6.0,,Unlimited
92712,Ghostrick Alucard,Ghostrick Alucard,https://tcgplayer-cdn.tcgplayer.com/product/92712_200w.jpg,2,1485,https://cpt.tcgcsv.com/g6M,2015-04-17T18:13:24.577,1,MP14-EN162,Ultra Rare,DARK,Zombie,Xyz/Effect Monster,1800,1600,"2 Level 3 monsters
Your opponent cannot target other ""Ghostrick"" monsters, or any face-down Defense Position monsters, for attacks. You can detach 1 Xyz Material from this card, then target 1 Set card your opponent controls; destroy that target. You can only use this effect of ""Ghostrick Alucard"" once per turn. If this card is sent to the Graveyard: You can target 1 other ""Ghostrick"" card in your Graveyard; add that target to your hand.",6.0,9.45,21.99,8.75,,1st Edition
92713,Bujintei Kagutsuchi,Bujintei Kagutsuchi,https://tcgplayer-cdn.tcgplayer.com/product/92713_200w.jpg,2,1485,https://cpt.tcgcsv.com/h6M,2015-04-17T17:50:46.24,1,MP14-EN163,Ultra Rare,LIGHT,Beast-Warrior,Xyz/Effect Monster,2500,2000,"2 Level 4 Beast-Warrior-Type monsters
<br>When this card is Xyz Summoned: Send the top 5 cards of your Deck to the Graveyard (or your entire Deck, if less than 5), also this card gains 100 ATK for each ""Bujin"" card sent to the Graveyard by this effect. If a ""Bujin"" Beast-Warrior-Type monster(s) you control would be destroyed by battle or by card effect, you can detach 1 Xyz Material from this card instead of destroying 1 of those monsters. You can only control 1 ""Bujintei Kagutsuchi"".",2.95,4.99,39.0,3.89,,1st Edition
92714,Crimson Knight Vampire Bram,Crimson Knight Vampire Bram,https://tcgplayer-cdn.tcgplayer.com/product/92714_200w.jpg,2,1485,https://cpt.tcgcsv.com/j6M,2015-04-17T18:03:16.327,1,MP14-EN164,Ultra Rare,LIGHT,Zombie,Xyz/Effect Monster,2500,0,"2 Level 5 Zombie-Type monsters
<br>You can detach 1 Xyz Material from this card, then target 1 monster in your opponent's Graveyard; Special Summon that target to your side of the field, but if you do, only that monster can attack for the rest of this turn. You can only use this effect of ""Crimson Knight Vampire Bram"" once per turn. During the Standby Phase of the next turn after this card you controlled was destroyed by your opponent's card (either by battle or by card effect) and sent to your Graveyard: Special Summon it from the Graveyard in face-up Defense Position.",1.0,1.0,1.0,,,Unlimited
92714,Crimson Knight Vampire Bram,Crimson Knight Vampire Bram,https://tcgplayer-cdn.tcgplayer.com/product/92714_200w.jpg,2,1485,https://cpt.tcgcsv.com/j6M,2015-04-17T18:03:16.327,1,MP14-EN164,Ultra Rare,LIGHT,Zombie,Xyz/Effect Monster,2500,0,"2 Level 5 Zombie-Type monsters
<br>You can detach 1 Xyz Material from this card, then target 1 monster in your opponent's Graveyard; Special Summon that target to your side of the field, but if you do, only that monster can attack for the rest of this turn. You can only use this effect of ""Crimson Knight Vampire Bram"" once per turn. During the Standby Phase of the next turn after this card you controlled was destroyed by your opponent's card (either by battle or by card effect) and sent to your Graveyard: Special Summon it from the Graveyard in face-up Defense Position.",0.07,0.49,5.12,0.39,,1st Edition
92715,Meliae of the Trees,Meliae of the Trees,https://tcgplayer-cdn.tcgplayer.com/product/92715_200w.jpg,2,1485,https://cpt.tcgcsv.com/k6M,2015-04-17T18:54:20.957,1,MP14-EN165,Secret Rare,LIGHT,Plant,Xyz/Effect Monster,1700,900,"2 Level 3 EARTH monsters
Once per turn: You can detach 1 Xyz Material from this card, then activate 1 of these effects.
? Send 1 Plant-Type monster from your Deck to the Graveyard.
? Target 1 Plant-Type monster in your Graveyard; Special Summon that target in face-up Defense Position.",0.25,13.37,103.38,0.35,,Unlimited
92715,Meliae of the Trees,Meliae of the Trees,https://tcgplayer-cdn.tcgplayer.com/product/92715_200w.jpg,2,1485,https://cpt.tcgcsv.com/k6M,2015-04-17T18:54:20.957,1,MP14-EN165,Secret Rare,LIGHT,Plant,Xyz/Effect Monster,1700,900,"2 Level 3 EARTH monsters
Once per turn: You can detach 1 Xyz Material from this card, then activate 1 of these effects.
? Send 1 Plant-Type monster from your Deck to the Graveyard.
? Target 1 Plant-Type monster in your Graveyard; Special Summon that target in face-up Defense Position.",0.21,0.75,14.99,0.47,,1st Edition
92716,Divine Dragon Knight Felgrand,Divine Dragon Knight Felgrand,https://tcgplayer-cdn.tcgplayer.com/product/92716_200w.jpg,2,1485,https://cpt.tcgcsv.com/l6M,2015-04-17T18:03:57.747,1,MP14-EN166,Secret Rare,LIGHT,Warior,Xyz/Effect Monster,2800,1800,"2 Level 8 monsters
<br>Once per turn, during either player's turn: You can detach 1 Xyz Material from this card, then target 1 face-up monster on the field; this turn, its effects are negated, but it is unaffected by other card effects.",15.98,15.98,18.93,16.0,,Unlimited
92716,Divine Dragon Knight Felgrand,Divine Dragon Knight Felgrand,https://tcgplayer-cdn.tcgplayer.com/product/92716_200w.jpg,2,1485,https://cpt.tcgcsv.com/l6M,2015-04-17T18:03:57.747,1,MP14-EN166,Secret Rare,LIGHT,Warior,Xyz/Effect Monster,2800,1800,"2 Level 8 monsters
<br>Once per turn, during either player's turn: You can detach 1 Xyz Material from this card, then target 1 face-up monster on the field; this turn, its effects are negated, but it is unaffected by other card effects.",11.67,13.49,35.0,13.28,,1st Edition
92717,Gagagatag,Gagagatag,https://tcgplayer-cdn.tcgplayer.com/product/92717_200w.jpg,2,1485,https://cpt.tcgcsv.com/m6M,2015-04-17T18:10:40.033,1,MP14-EN167,Common,SPELL,,Normal Spell,,,"Until your next Standby Phase, each ""Gagaga"" monster you currently control gains 500 ATK for each ""Gagaga"" monster you currently control. You can only activate 1 ""Gagagatag"" per turn.",0.05,0.25,1.0,0.15,,1st Edition
92718,Battlin' Boxing Spirits,Battlin Boxing Spirits,https://tcgplayer-cdn.tcgplayer.com/product/92718_200w.jpg,2,1485,https://cpt.tcgcsv.com/n6M,2015-04-17T17:25:17.943,1,MP14-EN168,Super Rare,SPELL,,Normal Spell,,,"Send the top card of your Deck to the Graveyard, then target 1 ""Battlin' Boxer"" monster in your Graveyard; Special Summon that target in face-up Defense Position. You can only activate 1 ""Battlin' Boxing Spirits"" per turn.",0.15,0.5,6.49,0.27,,1st Edition
92719,Ghostrick Mansion,Ghostrick Mansion,https://tcgplayer-cdn.tcgplayer.com/product/92719_200w.jpg,2,1485,https://cpt.tcgcsv.com/p6M,2018-08-31T12:46:48.477,1,MP14-EN169,Common,SPELL,,Field Spell,0,0,"Monsters cannot attack face-down Defense Position monsters, but can attack directly if all monsters their opponent controls are face-down Defense Position. All effect damage, and battle damage inflicted by monsters other than ""Ghostrick"" monsters, is halved.",0.35,0.54,2.23,0.45,,1st Edition
92720,Bujin Regalia - The Mirror,Bujin Regalia The Mirror,https://tcgplayer-cdn.tcgplayer.com/product/92720_200w.jpg,2,1485,https://cpt.tcgcsv.com/q6M,2015-04-17T17:37:10.767,1,MP14-EN170,Rare,SPELL,,Normal Spell,0,0,"At the start of your Main Phase 1, if your opponent controls more monsters than you do and you control a Beast-Warrior-Type ""Bujin"" monster: Until the end of your opponent's next turn, Spell/Trap Cards, and their effects, cannot be activated.",0.13,0.28,1.44,0.13,,1st Edition
92721,Vampire Kingdom,Vampire Kingdom,https://tcgplayer-cdn.tcgplayer.com/product/92721_200w.jpg,2,1485,https://cpt.tcgcsv.com/r6M,2015-04-18T12:21:27.363,1,MP14-EN171,Common,SPELL,,Field Spell,0,0,"Zombie-Type monsters gain 500 ATK during damage calculation only. Once per turn, when a card(s) is sent from your opponent's Deck to the Graveyard: Target 1 card on the field; send 1 DARK ""Vampire"" monster from your hand or Deck to the Graveyard, and if you do, destroy that target.",0.17,0.29,0.4,,,Unlimited
92721,Vampire Kingdom,Vampire Kingdom,https://tcgplayer-cdn.tcgplayer.com/product/92721_200w.jpg,2,1485,https://cpt.tcgcsv.com/r6M,2015-04-18T12:21:27.363,1,MP14-EN171,Common,SPELL,,Field Spell,0,0,"Zombie-Type monsters gain 500 ATK during damage calculation only. Once per turn, when a card(s) is sent from your opponent's Deck to the Graveyard: Target 1 card on the field; send 1 DARK ""Vampire"" monster from your hand or Deck to the Graveyard, and if you do, destroy that target.",0.1,0.31,2.49,0.21,,1st Edition
92722,Pot of Dichotomy,Pot of Dichotomy,https://tcgplayer-cdn.tcgplayer.com/product/92722_200w.jpg,2,1485,https://cpt.tcgcsv.com/s6M,2015-04-18T11:42:27.36,1,MP14-EN172,Secret Rare,SPELL,,Normal Spell,0,0,"At the start of your Main Phase 1: Target 3 monsters with different Types in your Graveyard; Shuffle all 3 into the Deck, then draw 2 cards. You cannot conduct your Battle Phase the turn you activate this card.",0.99,1.12,1.5,1.19,,Unlimited
92722,Pot of Dichotomy,Pot of Dichotomy,https://tcgplayer-cdn.tcgplayer.com/product/92722_200w.jpg,2,1485,https://cpt.tcgcsv.com/s6M,2015-04-18T11:42:27.36,1,MP14-EN172,Secret Rare,SPELL,,Normal Spell,0,0,"At the start of your Main Phase 1: Target 3 monsters with different Types in your Graveyard; Shuffle all 3 into the Deck, then draw 2 cards. You cannot conduct your Battle Phase the turn you activate this card.",0.69,1.29,6.17,1.23,,1st Edition
92723,Return of the Monarchs,Return of the Monarchs,https://tcgplayer-cdn.tcgplayer.com/product/92723_200w.jpg,2,1485,https://cpt.tcgcsv.com/t6M,2015-04-18T11:51:36.647,1,MP14-EN173,Ultra Rare,SPELL,,Continuous Spell,0,0,"You cannot Special Summon monsters from your Extra Deck. When you Tribute Summon a monster: You can activate 1 of these effects. You can only activate 1 of these ""Molding the Monarchs"" effects per turn, and only once that turn. 
<br><b>-</b> Add 1 monster with 2400 ATK and 1000 DEF from your Deck to your hand, except a monster of the same name as that Tribute Summoned monster. 
<br><b>-</b> Add 1 monster with 2800 ATK and 1000 DEF from your Deck to your hand, except a monster of the same name as that Tribute Summoned monster.",4.31,7.99,14.0,7.33,,1st Edition
92724,Ghostrick Scare,Ghostrick Scare,https://tcgplayer-cdn.tcgplayer.com/product/92724_200w.jpg,2,1485,https://cpt.tcgcsv.com/v6M,2015-04-17T18:22:06.873,1,MP14-EN175,Common,TRAP,,Normal Trap,0,0,"Target any number of face-down Defense Position monsters you control; change them to face-up Defense Position, and if you do, change face-up monsters your opponent controls to face-down Defense Position, up to the number of ""Ghostrick"" monsters changed to face-up Defense Position with this effect.",0.3,0.78,3.01,0.78,,1st Edition
92725,Vampire Takeover,Vampire Takeover,https://tcgplayer-cdn.tcgplayer.com/product/92725_200w.jpg,2,1485,https://cpt.tcgcsv.com/w6M,2015-04-18T12:23:06.107,1,MP14-EN176,Super Rare,TRAP,,Normal Trap,0,0,"If you have no card in your Field Card Zone and all face-up monsters you control (min. 1) are Zombie-Type: Activate 1 ""Vampire Kingdom"" directly from your Deck, then, you can Special Summon 1 DARK ""Vampire"" monster from your Graveyard in face-up Defense Position. You can only activate 1 ""Vampire Takeover"" per turn.",0.15,0.25,0.25,0.15,,Unlimited
92725,Vampire Takeover,Vampire Takeover,https://tcgplayer-cdn.tcgplayer.com/product/92725_200w.jpg,2,1485,https://cpt.tcgcsv.com/w6M,2015-04-18T12:23:06.107,1,MP14-EN176,Super Rare,TRAP,,Normal Trap,0,0,"If you have no card in your Field Card Zone and all face-up monsters you control (min. 1) are Zombie-Type: Activate 1 ""Vampire Kingdom"" directly from your Deck, then, you can Special Summon 1 DARK ""Vampire"" monster from your Graveyard in face-up Defense Position. You can only activate 1 ""Vampire Takeover"" per turn.",0.08,0.49,7.97,0.17,,1st Edition
92726,Mistake,Mistake,https://tcgplayer-cdn.tcgplayer.com/product/92726_200w.jpg,2,1485,https://cpt.tcgcsv.com/x6M,2015-04-17T18:57:19.44,1,MP14-EN177,Secret Rare,TRAP,,Normal Trap,0,0,Neither player can add cards from their Deck to their hand except by drawing them.,1.97,2.24,19.98,,,Unlimited
92726,Mistake,Mistake,https://tcgplayer-cdn.tcgplayer.com/product/92726_200w.jpg,2,1485,https://cpt.tcgcsv.com/x6M,2015-04-17T18:57:19.44,1,MP14-EN177,Secret Rare,TRAP,,Normal Trap,0,0,Neither player can add cards from their Deck to their hand except by drawing them.,0.75,1.55,19.99,1.25,1.97,1st Edition
92727,Survival of the Fittest,Survival of the Fittest,https://tcgplayer-cdn.tcgplayer.com/product/92727_200w.jpg,2,1485,https://cpt.tcgcsv.com/z6M,2015-04-18T12:01:10,1,MP14-EN178,Common,TRAP,,Normal Trap,0,0,Target 1 Dinosaur-Type monster you control; equip this card to that target. It gains 1000 ATK. When the equipped monster destroys an opponent's monster by battle and sends it to the Graveyard: It can make a second attack in a row on an opponent's monster.,1.25,1.25,1.25,,,Unlimited
92727,Survival of the Fittest,Survival of the Fittest,https://tcgplayer-cdn.tcgplayer.com/product/92727_200w.jpg,2,1485,https://cpt.tcgcsv.com/z6M,2015-04-18T12:01:10,1,MP14-EN178,Common,TRAP,,Normal Trap,0,0,Target 1 Dinosaur-Type monster you control; equip this card to that target. It gains 1000 ATK. When the equipped monster destroys an opponent's monster by battle and sends it to the Graveyard: It can make a second attack in a row on an opponent's monster.,0.11,0.25,1.49,0.23,,1st Edition
92728,Bujingi Raven,Bujingi Raven,https://tcgplayer-cdn.tcgplayer.com/product/92728_200w.jpg,2,1485,https://cpt.tcgcsv.com/B6M,2015-04-17T17:46:37.803,1,MP14-EN179,Rare,LIGHT,Winged Beast,Effect Monster,1600,900,"When a ""Bujin"" monster you control is destroyed by battle with an opponent's monster and sent to your Graveyard: You can send this card from your hand to the Graveyard; destroy that opponent's monster.",0.1,0.34,1.0,0.21,,1st Edition
92729,Vampire Duke,Vampire Duke,https://tcgplayer-cdn.tcgplayer.com/product/92729_200w.jpg,2,1485,https://cpt.tcgcsv.com/C6M,2015-04-18T12:20:14.73,1,MP14-EN180,Rare,DARK,Zombie,Effect Monster,2000,0,"When this card is Normal Summoned: You can target 1 DARK ""Vampire"" monster in your Graveyard; Special Summon that target in face-up Defense Position. When this card is Special Summoned: You can declare 1 card type (Monster, Spell, or Trap); your opponent sends 1 card of that type from their Deck to the Graveyard. You can only use this effect of ""Vampire Duke"" once per turn. This card cannot be used as an Xyz Material for an Xyz Summon, except for the Xyz Summon of a DARK monster.",3.0,3.0,3.0,,,Unlimited
92729,Vampire Duke,Vampire Duke,https://tcgplayer-cdn.tcgplayer.com/product/92729_200w.jpg,2,1485,https://cpt.tcgcsv.com/C6M,2015-04-18T12:20:14.73,1,MP14-EN180,Rare,DARK,Zombie,Effect Monster,2000,0,"When this card is Normal Summoned: You can target 1 DARK ""Vampire"" monster in your Graveyard; Special Summon that target in face-up Defense Position. When this card is Special Summoned: You can declare 1 card type (Monster, Spell, or Trap); your opponent sends 1 card of that type from their Deck to the Graveyard. You can only use this effect of ""Vampire Duke"" once per turn. This card cannot be used as an Xyz Material for an Xyz Summon, except for the Xyz Summon of a DARK monster.",0.19,0.5,4.0,0.27,,1st Edition
92730,Archfiend Giant,Archfiend Giant,https://tcgplayer-cdn.tcgplayer.com/product/92730_200w.jpg,2,1485,https://cpt.tcgcsv.com/D6M,2015-04-17T17:14:12.26,1,MP14-EN181,Rare,DARK,Fiend,Effect Monster,2400,1600,"If this face-up card on the field would be destroyed by a card effect, you can pay 500 Life Points instead. This effect can only be used once while this card is face-up on the field. If this card is destroyed by a card effect and sent to the Graveyard: You can Special Summon 1 ""Archfiend"" monster from your hand.",0.05,0.05,0.05,,,Unlimited
92730,Archfiend Giant,Archfiend Giant,https://tcgplayer-cdn.tcgplayer.com/product/92730_200w.jpg,2,1485,https://cpt.tcgcsv.com/D6M,2015-04-17T17:14:12.26,1,MP14-EN181,Rare,DARK,Fiend,Effect Monster,2400,1600,"If this face-up card on the field would be destroyed by a card effect, you can pay 500 Life Points instead. This effect can only be used once while this card is face-up on the field. If this card is destroyed by a card effect and sent to the Graveyard: You can Special Summon 1 ""Archfiend"" monster from your hand.",0.17,0.43,1.0,0.25,,1st Edition
92731,Sinister Yorishiro,Sinister Yorishiro,https://tcgplayer-cdn.tcgplayer.com/product/92731_200w.jpg,2,1485,https://cpt.tcgcsv.com/F6M,2015-04-18T11:55:51.867,1,MP14-EN182,Ultra Rare,TRAP,,Continuous Trap,0,0,"Each turn, 1 Level 5 or higher Fiend-Type monster you Normal Summon can be Summoned without Tributing. If exactly 1 Normal Summoned/Set Level 5 or higher Fiend-Type monster (and no other cards) would be destroyed, you can send this card to the Graveyard instead.",1.4,2.38,3.5,,,Unlimited
92731,Sinister Yorishiro,Sinister Yorishiro,https://tcgplayer-cdn.tcgplayer.com/product/92731_200w.jpg,2,1485,https://cpt.tcgcsv.com/F6M,2015-04-18T11:55:51.867,1,MP14-EN182,Ultra Rare,TRAP,,Continuous Trap,0,0,"Each turn, 1 Level 5 or higher Fiend-Type monster you Normal Summon can be Summoned without Tributing. If exactly 1 Normal Summoned/Set Level 5 or higher Fiend-Type monster (and no other cards) would be destroyed, you can send this card to the Graveyard instead.",0.18,0.49,2.99,0.37,,1st Edition
92732,"Celestial Wolf Lord, Blue Sirius",Celestial Wolf Lord Blue Sirius,https://tcgplayer-cdn.tcgplayer.com/product/92732_200w.jpg,2,1485,https://cpt.tcgcsv.com/G6M,2015-04-17T17:56:33.843,1,MP14-EN183,Ultra Rare,DARK,Beast-Warrior,Synchro/Effect Monster,2400,1500,"1 Tuner + 1 or more non-Tuner monsters
When this card is destroyed and sent from the field to the Graveyard: You can target 1 face-up monster your opponent controls; that target loses 2400 ATK.",0.24,0.75,3.0,0.56,,1st Edition
92733,White Dragon Wyverburster,White Dragon Wyverburster,https://tcgplayer-cdn.tcgplayer.com/product/92733_200w.jpg,2,1485,https://cpt.tcgcsv.com/H6M,2022-09-15T19:55:29.903,1,MP14-EN184,Common,LIGHT,Dragon,Effect Monster,1700,1800,"Cannot be Normal Summoned/Set. Must be Special Summoned (from your hand) by banishing 1 DARK monster from your Graveyard, and cannot be Special Summoned by other ways. You can only Special Summon ""White Dragon Wyverburster"" once per turn this way. If this card is sent from the field to the Graveyard: You can add 1 ""Black Dragon Collapserpent"" from your Deck to your hand.",1.16,1.16,1.16,,,Unlimited
92733,White Dragon Wyverburster,White Dragon Wyverburster,https://tcgplayer-cdn.tcgplayer.com/product/92733_200w.jpg,2,1485,https://cpt.tcgcsv.com/H6M,2022-09-15T19:55:29.903,1,MP14-EN184,Common,LIGHT,Dragon,Effect Monster,1700,1800,"Cannot be Normal Summoned/Set. Must be Special Summoned (from your hand) by banishing 1 DARK monster from your Graveyard, and cannot be Special Summoned by other ways. You can only Special Summon ""White Dragon Wyverburster"" once per turn this way. If this card is sent from the field to the Graveyard: You can add 1 ""Black Dragon Collapserpent"" from your Deck to your hand.",0.08,0.29,1.97,0.24,,1st Edition
92734,Black Dragon Collapserpent,Black Dragon Collapserpent,https://tcgplayer-cdn.tcgplayer.com/product/92734_200w.jpg,2,1485,https://cpt.tcgcsv.com/J6M,2015-04-17T17:26:07.47,1,MP14-EN185,Common,DARK,Dragon,Effect Monster,1800,1700,"Cannot be Normal Summoned/Set. Must be Special Summoned (from your hand) by banishing 1 LIGHT monster from your Graveyard, and cannot be Special Summoned by other ways. You can only Special Summon ""Black Dragon Collapserpent"" once per turn this way. If this card is sent from the field to the Graveyard: You can add 1 ""White Dragon Wyverburster"" from your Deck to your hand.",0.15,0.25,0.5,,,Unlimited
92734,Black Dragon Collapserpent,Black Dragon Collapserpent,https://tcgplayer-cdn.tcgplayer.com/product/92734_200w.jpg,2,1485,https://cpt.tcgcsv.com/J6M,2015-04-17T17:26:07.47,1,MP14-EN185,Common,DARK,Dragon,Effect Monster,1800,1700,"Cannot be Normal Summoned/Set. Must be Special Summoned (from your hand) by banishing 1 LIGHT monster from your Graveyard, and cannot be Special Summoned by other ways. You can only Special Summon ""Black Dragon Collapserpent"" once per turn this way. If this card is sent from the field to the Graveyard: You can add 1 ""White Dragon Wyverburster"" from your Deck to your hand.",0.09,0.28,2.0,0.15,,1st Edition
92735,Sylvan Bladefender,Sylvan Bladefender,https://tcgplayer-cdn.tcgplayer.com/product/92735_200w.jpg,2,1485,https://cpt.tcgcsv.com/K6M,2015-04-18T12:01:35.343,1,MP14-EN186,Super Rare,EARTH,Plant,Effect Monster,1900,700,"When this card destroys an opponent's monster by battle and sends it to the Graveyard: You can excavate the top card of your Deck, and if it is a Plant-Type monster, send it to the Graveyard. Otherwise, place it on the bottom of your Deck. If this card is excavated from the Deck and sent to the Graveyard by a card effect: You can add this card from your Graveyard to your hand.",0.1,0.55,1.0,,,Unlimited
92735,Sylvan Bladefender,Sylvan Bladefender,https://tcgplayer-cdn.tcgplayer.com/product/92735_200w.jpg,2,1485,https://cpt.tcgcsv.com/K6M,2015-04-18T12:01:35.343,1,MP14-EN186,Super Rare,EARTH,Plant,Effect Monster,1900,700,"When this card destroys an opponent's monster by battle and sends it to the Graveyard: You can excavate the top card of your Deck, and if it is a Plant-Type monster, send it to the Graveyard. Otherwise, place it on the bottom of your Deck. If this card is excavated from the Deck and sent to the Graveyard by a card effect: You can add this card from your Graveyard to your hand.",0.1,0.32,1.99,0.21,,1st Edition
92736,Gillagillancer,Gillagillancer,https://tcgplayer-cdn.tcgplayer.com/product/92736_200w.jpg,2,1485,https://cpt.tcgcsv.com/L6M,2015-04-17T18:26:05.987,1,MP14-EN187,Common,EARTH,Warrior,Effect Monster,2200,800,"If your opponent controls a monster and you control no monsters, you can Special Summon this card (from your hand). During each End Phase: You take 500 damage.",0.1,0.1,0.1,,,Unlimited
92736,Gillagillancer,Gillagillancer,https://tcgplayer-cdn.tcgplayer.com/product/92736_200w.jpg,2,1485,https://cpt.tcgcsv.com/L6M,2015-04-17T18:26:05.987,1,MP14-EN187,Common,EARTH,Warrior,Effect Monster,2200,800,"If your opponent controls a monster and you control no monsters, you can Special Summon this card (from your hand). During each End Phase: You take 500 damage.",0.01,0.25,1.41,0.25,,1st Edition
92737,Rainbow Kuriboh,Rainbow Kuriboh,https://tcgplayer-cdn.tcgplayer.com/product/92737_200w.jpg,2,1485,https://cpt.tcgcsv.com/M6M,2015-04-18T11:43:34.92,1,MP14-EN188,Secret Rare,LIGHT,Fiend,Effect Monster,100,100,"You can only activate each effect of ""Rainbow Kuriboh"" once per turn. 
<br><b>-</b> When an opponent's monster declares an attack: You can target that monster; equip this card from your hand to that target. It cannot attack.
<br><b>-</b> When an opponent's monster declares a direct attack: You can Special Summon this card from your Graveyard. If Summoned this way, banish this card when it leaves the field.",2.0,2.32,4.54,2.49,,Unlimited
92737,Rainbow Kuriboh,Rainbow Kuriboh,https://tcgplayer-cdn.tcgplayer.com/product/92737_200w.jpg,2,1485,https://cpt.tcgcsv.com/M6M,2015-04-18T11:43:34.92,1,MP14-EN188,Secret Rare,LIGHT,Fiend,Effect Monster,100,100,"You can only activate each effect of ""Rainbow Kuriboh"" once per turn. 
<br><b>-</b> When an opponent's monster declares an attack: You can target that monster; equip this card from your hand to that target. It cannot attack.
<br><b>-</b> When an opponent's monster declares a direct attack: You can Special Summon this card from your Graveyard. If Summoned this way, banish this card when it leaves the field.",1.36,2.25,25.0,2.25,,1st Edition
92738,Photon Chargeman,Photon Chargeman,https://tcgplayer-cdn.tcgplayer.com/product/92738_200w.jpg,2,1485,https://cpt.tcgcsv.com/N6M,2015-04-18T11:41:56.74,1,MP14-EN189,Common,LIGHT,Warrior,Effect Monster,1000,1000,"Once per turn: You can make this card's ATK become double its original ATK, until your next Standby Phase. This card cannot attack the turn you activate this effect.",0.1,0.1,0.1,0.1,,Unlimited
92738,Photon Chargeman,Photon Chargeman,https://tcgplayer-cdn.tcgplayer.com/product/92738_200w.jpg,2,1485,https://cpt.tcgcsv.com/N6M,2015-04-18T11:41:56.74,1,MP14-EN189,Common,LIGHT,Warrior,Effect Monster,1000,1000,"Once per turn: You can make this card's ATK become double its original ATK, until your next Standby Phase. This card cannot attack the turn you activate this effect.",0.05,0.25,1.0,0.16,,1st Edition
92739,Chronomaly Moai Carrier,Chronomaly Moai Carrier,https://tcgplayer-cdn.tcgplayer.com/product/92739_200w.jpg,2,1485,https://cpt.tcgcsv.com/P6M,2015-04-17T17:57:52.383,1,MP14-EN190,Common,EARTH,Rock,Effect Monster,900,1800,"If your opponent controls a card and you control no cards, you can Special Summon this card (from your hand).",0.07,0.24,1.41,0.25,,1st Edition
92740,Chronomaly Winged Sphinx,Chronomaly Winged Sphinx,https://tcgplayer-cdn.tcgplayer.com/product/92740_200w.jpg,2,1485,https://cpt.tcgcsv.com/Q6M,2015-04-17T17:59:49.53,1,MP14-EN191,Common,EARTH,Rock,Effect Monster,1600,1900,"When this card is Normal Summoned: You can target 1 Level 5 ""Chronomaly"" monster in your Graveyard; Special Summon that target. You cannot Special Summon any monsters during the turn you activate this effect, except ""Chronomaly"" monsters.",0.25,12.12,23.99,,,Unlimited
92740,Chronomaly Winged Sphinx,Chronomaly Winged Sphinx,https://tcgplayer-cdn.tcgplayer.com/product/92740_200w.jpg,2,1485,https://cpt.tcgcsv.com/Q6M,2015-04-17T17:59:49.53,1,MP14-EN191,Common,EARTH,Rock,Effect Monster,1600,1900,"When this card is Normal Summoned: You can target 1 Level 5 ""Chronomaly"" monster in your Graveyard; Special Summon that target. You cannot Special Summon any monsters during the turn you activate this effect, except ""Chronomaly"" monsters.",0.07,0.23,1.38,0.19,,1st Edition
92741,Gorgonic Golem,Gorgonic Golem,https://tcgplayer-cdn.tcgplayer.com/product/92741_200w.jpg,2,1485,https://cpt.tcgcsv.com/R6M,2015-04-17T18:28:20.047,1,MP14-EN192,Common,DARK,Rock,Effect Monster,1200,600,"When this card is destroyed by battle and sent to the Graveyard: The ATK of the monster that destroyed it becomes 0. You can banish this card from your Graveyard, then target 1 Set Spell/Trap Card your opponent controls; that card cannot be activated this turn. Your opponent cannot activate the targeted card in response to this effect's activation.",0.05,0.21,1.39,0.11,,1st Edition
92742,Gorgonic Gargoyle,Gorgonic Gargoyle,https://tcgplayer-cdn.tcgplayer.com/product/92742_200w.jpg,2,1485,https://cpt.tcgcsv.com/S6M,2015-04-17T18:27:19.16,1,MP14-EN193,Common,DARK,Rock,Effect Monster,1000,800,When you Normal Summon a Rock-Type monster: You can Special Summon this card from your hand.,0.11,0.25,1.42,0.15,,1st Edition
92743,Gorgonic Ghoul,Gorgonic Ghoul,https://tcgplayer-cdn.tcgplayer.com/product/92743_200w.jpg,2,1485,https://cpt.tcgcsv.com/T6M,2015-04-17T18:27:36.74,1,MP14-EN194,Common,DARK,Rock,Effect Monster,100,100,"If you control a ""Gorgonic Ghoul"": You can pay 300 Life Points; Special Summon this card from your hand. You can only use the effect of ""Gorgonic Ghoul"" up to twice per turn.",0.1,0.1,0.1,,,Unlimited
92743,Gorgonic Ghoul,Gorgonic Ghoul,https://tcgplayer-cdn.tcgplayer.com/product/92743_200w.jpg,2,1485,https://cpt.tcgcsv.com/T6M,2015-04-17T18:27:36.74,1,MP14-EN194,Common,DARK,Rock,Effect Monster,100,100,"If you control a ""Gorgonic Ghoul"": You can pay 300 Life Points; Special Summon this card from your hand. You can only use the effect of ""Gorgonic Ghoul"" up to twice per turn.",0.05,0.23,1.36,0.15,,1st Edition
92744,Gorgonic Cerberus,Gorgonic Cerberus,https://tcgplayer-cdn.tcgplayer.com/product/92744_200w.jpg,2,1485,https://cpt.tcgcsv.com/V6M,2015-04-17T18:26:57.77,1,MP14-EN195,Common,DARK,Rock,Effect Monster,1300,300,When this card is Normal Summoned: You can make all Rock-Type monsters you currently control become Level 3.,0.05,0.08,0.1,,,Unlimited
92744,Gorgonic Cerberus,Gorgonic Cerberus,https://tcgplayer-cdn.tcgplayer.com/product/92744_200w.jpg,2,1485,https://cpt.tcgcsv.com/V6M,2015-04-17T18:26:57.77,1,MP14-EN195,Common,DARK,Rock,Effect Monster,1300,300,When this card is Normal Summoned: You can make all Rock-Type monsters you currently control become Level 3.,0.05,0.25,1.49,0.13,,1st Edition
92745,Sylvan Peaskeeper,Sylvan Peaskeeper,https://tcgplayer-cdn.tcgplayer.com/product/92745_200w.jpg,2,1485,https://cpt.tcgcsv.com/W6M,2015-04-18T12:11:44.673,1,MP14-EN196,Rare,WIND,Plant,Effect Monster,400,100,"When this card is Normal or Special Summoned: You can excavate the top card of your Deck, and if it is a Plant-Type monster, send it to the Graveyard. Otherwise, place it on the bottom of your Deck. If this card is excavated from the Deck and sent to the Graveyard by a card effect: You can target 1 Level 4 or lower Plant-Type monster in your Graveyard; Special Summon that target. You can only use this effect of ""Sylvan Peaskeeper"" once per turn.",0.05,0.3,1.0,0.29,,1st Edition
92746,Sylvan Komushroomo,Sylvan Komushroomo,https://tcgplayer-cdn.tcgplayer.com/product/92746_200w.jpg,2,1485,https://cpt.tcgcsv.com/X6M,2015-04-18T12:03:48.217,1,MP14-EN197,Rare,FIRE,Plant,Effect Monster,100,2000,"When this card is flipped face-up: You can choose a number from 1 to 5, then excavate that many cards from the top of your Deck, send any excavated Plant-Type monsters to the Graveyard, also place the other cards on the bottom of your Deck in any order. If this card is excavated from the Deck and sent to the Graveyard by a card effect: You can target 1 Spell/Trap Card on the field; destroy that target.",0.35,0.75,1.98,0.64,,1st Edition
92747,Sylvan Marshalleaf,Sylvan Marshalleaf,https://tcgplayer-cdn.tcgplayer.com/product/92747_200w.jpg,2,1485,https://cpt.tcgcsv.com/Z6M,2015-04-18T12:10:11.773,1,MP14-EN198,Ultra Rare,WATER,Plant,Effect Monster,1500,1200,"When this card is Normal Summoned: You can choose either 1 or 2, then excavate that many cards from the top of your Deck, send any excavated Plant-Type monsters to the Graveyard, also place the other cards on the bottom of your Deck in any order. If this card is excavated from the Deck and sent to the Graveyard by a card effect: You can target 1 monster on the field; destroy that target.",3.0,3.0,4.5,,,Unlimited
92747,Sylvan Marshalleaf,Sylvan Marshalleaf,https://tcgplayer-cdn.tcgplayer.com/product/92747_200w.jpg,2,1485,https://cpt.tcgcsv.com/Z6M,2015-04-18T12:10:11.773,1,MP14-EN198,Ultra Rare,WATER,Plant,Effect Monster,1500,1200,"When this card is Normal Summoned: You can choose either 1 or 2, then excavate that many cards from the top of your Deck, send any excavated Plant-Type monsters to the Graveyard, also place the other cards on the bottom of your Deck in any order. If this card is excavated from the Deck and sent to the Graveyard by a card effect: You can target 1 monster on the field; destroy that target.",1.18,2.9,6.0,1.48,,1st Edition
92748,Sylvan Flowerknight,Sylvan Flowerknight,https://tcgplayer-cdn.tcgplayer.com/product/92748_200w.jpg,2,1485,https://cpt.tcgcsv.com/-6M,2015-04-18T12:02:19.36,1,MP14-EN199,Super Rare,EARTH,Plant,Effect Monster,1800,1000,"When this card is Normal Summoned: You can excavate the top card of your Deck, and if it is a Plant-Type monster, send it to the Graveyard. Otherwise, place it on the bottom of your Deck. If this card is excavated from the Deck and sent to the Graveyard by a card effect: You can choose 1 ""Sylvan"" card from your Deck and place it on top of your Deck.",0.2,0.2,0.2,,,Unlimited
92748,Sylvan Flowerknight,Sylvan Flowerknight,https://tcgplayer-cdn.tcgplayer.com/product/92748_200w.jpg,2,1485,https://cpt.tcgcsv.com/-6M,2015-04-18T12:02:19.36,1,MP14-EN199,Super Rare,EARTH,Plant,Effect Monster,1800,1000,"When this card is Normal Summoned: You can excavate the top card of your Deck, and if it is a Plant-Type monster, send it to the Graveyard. Otherwise, place it on the bottom of your Deck. If this card is excavated from the Deck and sent to the Graveyard by a card effect: You can choose 1 ""Sylvan"" card from your Deck and place it on top of your Deck.",0.16,0.48,1.99,0.25,,1st Edition
92749,Sylvan Guardioak,Sylvan Guardioak,https://tcgplayer-cdn.tcgplayer.com/product/92749_200w.jpg,2,1485,https://cpt.tcgcsv.com/_6M,2015-04-18T12:02:36.53,1,MP14-EN200,Common,EARTH,Plant,Effect Monster,2400,1500,"Once per turn: You can choose a number from 1 to 3, then excavate that many cards from the top of your Deck, send any excavated Plant-Type monsters to the Graveyard, also place the other cards on the bottom of your Deck in any order. If this card is excavated from the Deck and sent to the Graveyard by a card effect: You can target 1 other Plant-Type monster in your Graveyard; place that target on top of your Deck.",0.05,0.25,1.41,0.12,,1st Edition
92750,Sylvan Hermitree,Sylvan Hermitree,https://tcgplayer-cdn.tcgplayer.com/product/92750_200w.jpg,2,1485,https://cpt.tcgcsv.com/07M,2015-04-18T12:03:25.997,1,MP14-EN201,Ultra Rare,FIRE,Plant,Effect Monster,2700,1800,"Once per turn: You can excavate the top card of your Deck, and if it is a Plant-Type monster, send it to the Graveyard, and if you do, draw 1 card. Otherwise, place it on the bottom of your Deck. If this card is excavated from the Deck and sent to the Graveyard by a card effect: Look at up to 3 cards from the top of your Deck, then place them on the top of the Deck in any order.",6.0,6.47,6.94,6.89,,Unlimited
92750,Sylvan Hermitree,Sylvan Hermitree,https://tcgplayer-cdn.tcgplayer.com/product/92750_200w.jpg,2,1485,https://cpt.tcgcsv.com/07M,2015-04-18T12:03:25.997,1,MP14-EN201,Ultra Rare,FIRE,Plant,Effect Monster,2700,1800,"Once per turn: You can excavate the top card of your Deck, and if it is a Plant-Type monster, send it to the Graveyard, and if you do, draw 1 card. Otherwise, place it on the bottom of your Deck. If this card is excavated from the Deck and sent to the Graveyard by a card effect: Look at up to 3 cards from the top of your Deck, then place them on the top of the Deck in any order.",4.49,6.0,10.45,5.52,,1st Edition
92751,Ghostrick Jackfrost,Ghostrick Jackfrost,https://tcgplayer-cdn.tcgplayer.com/product/92751_200w.jpg,2,1485,https://cpt.tcgcsv.com/27M,2015-04-17T18:14:46.963,1,MP14-EN202,Common,DARK,Fiend,Effect Monster,800,100,"Cannot be Normal Summoned, unless you control a ""Ghostrick"" monster. Once per turn: You can change this card to face-down Defense Position. When an opponent's monster declares a direct attack: You can change that opponent's monster to face-down Defense Position, and if you do, Special Summon this card from your hand in face-down Defense Position.",0.15,0.57,0.98,,,Unlimited
92751,Ghostrick Jackfrost,Ghostrick Jackfrost,https://tcgplayer-cdn.tcgplayer.com/product/92751_200w.jpg,2,1485,https://cpt.tcgcsv.com/27M,2015-04-17T18:14:46.963,1,MP14-EN202,Common,DARK,Fiend,Effect Monster,800,100,"Cannot be Normal Summoned, unless you control a ""Ghostrick"" monster. Once per turn: You can change this card to face-down Defense Position. When an opponent's monster declares a direct attack: You can change that opponent's monster to face-down Defense Position, and if you do, Special Summon this card from your hand in face-down Defense Position.",0.11,0.33,1.42,0.2,,1st Edition
92752,Ghostrick Mary,Ghostrick Mary,https://tcgplayer-cdn.tcgplayer.com/product/92752_200w.jpg,2,1485,https://cpt.tcgcsv.com/37M,2015-04-17T18:20:35.343,1,MP14-EN203,Super Rare,DARK,Fiend,Effect Monster,100,1600,"Cannot be Normal Summoned, unless you control a ""Ghostrick"" monster. Once per turn: You can change this card to face-down Defense Position. When you take damage: You can discard this card; Special Summon 1 ""Ghostrick"" monster from your Deck in face-down Defense Position. You can only use this effect of ""Ghostrick Mary"" once per turn.",1.89,1.89,1.89,,,Unlimited
92752,Ghostrick Mary,Ghostrick Mary,https://tcgplayer-cdn.tcgplayer.com/product/92752_200w.jpg,2,1485,https://cpt.tcgcsv.com/37M,2015-04-17T18:20:35.343,1,MP14-EN203,Super Rare,DARK,Fiend,Effect Monster,100,1600,"Cannot be Normal Summoned, unless you control a ""Ghostrick"" monster. Once per turn: You can change this card to face-down Defense Position. When you take damage: You can discard this card; Special Summon 1 ""Ghostrick"" monster from your Deck in face-down Defense Position. You can only use this effect of ""Ghostrick Mary"" once per turn.",0.15,0.7,22.0,0.47,,1st Edition
92753,Ghostrick Nekomusume,Ghostrick Nekomusume,https://tcgplayer-cdn.tcgplayer.com/product/92753_200w.jpg,2,1485,https://cpt.tcgcsv.com/57M,2015-04-17T18:21:42.8,1,MP14-EN204,Common,DARK,Spellcaster,Effect Monster,400,900,"Cannot be Normal Summoned, unless you control a ""Ghostrick"" monster. Once per turn: You can change this card to face-down Defense Position. When a Level 4 or higher monster(s) is Normal or Special Summoned: Change that monster(s) to face-down Defense Position. There must be another ""Ghostrick"" monster on the field to activate and to resolve this effect.",0.17,0.3,1.0,0.24,,1st Edition
92754,Ghostrick Skeleton,Ghostrick Skeleton,https://tcgplayer-cdn.tcgplayer.com/product/92754_200w.jpg,2,1485,https://cpt.tcgcsv.com/67M,2015-04-17T18:22:45.24,1,MP14-EN205,Common,DARK,Zombie,Effect Monster,1200,1100,"Cannot be Normal Summoned, unless you control a ""Ghostrick"" monster. Once per turn: You can change this card to face-down Defense Position. When this card is flipped face-up: Banish cards from the top of your opponent's Deck face-down, up to the number of ""Ghostrick"" monsters you control. You can only use this effect of ""Ghostrick Skeleton"" once per turn.",0.32,0.71,2.0,0.62,,1st Edition
92755,Ghostrick Mummy,Ghostrick Mummy,https://tcgplayer-cdn.tcgplayer.com/product/92755_200w.jpg,2,1485,https://cpt.tcgcsv.com/77M,2015-04-17T18:20:52.637,1,MP14-EN206,Common,DARK,Zombie,Effect Monster,1500,0,"Cannot be Normal Summoned, unless you control a ""Ghostrick"" monster. Once per turn: You can change this card to face-down Defense Position. During your Main Phase, you can Normal Summon 1 ""Ghostrick"" monster in addition to your Normal Summon/Set. (You can only gain this effect once per turn.) You cannot Special Summon any monsters, except DARK monsters.",0.15,0.15,0.15,,,Unlimited
92755,Ghostrick Mummy,Ghostrick Mummy,https://tcgplayer-cdn.tcgplayer.com/product/92755_200w.jpg,2,1485,https://cpt.tcgcsv.com/77M,2015-04-17T18:20:52.637,1,MP14-EN206,Common,DARK,Zombie,Effect Monster,1500,0,"Cannot be Normal Summoned, unless you control a ""Ghostrick"" monster. Once per turn: You can change this card to face-down Defense Position. During your Main Phase, you can Normal Summon 1 ""Ghostrick"" monster in addition to your Normal Summon/Set. (You can only gain this effect once per turn.) You cannot Special Summon any monsters, except DARK monsters.",0.1,0.25,1.65,0.16,,1st Edition
92756,Bujin Arasuda,Bujin Arasuda,https://tcgplayer-cdn.tcgplayer.com/product/92756_200w.jpg,2,1485,https://cpt.tcgcsv.com/87M,2015-04-17T17:34:22.617,1,MP14-EN207,Ultra Rare,LIGHT,Beast-Warrior,Effect Monster,1600,1900,"If a ""Bujin"" monster in your Graveyard or face-up on your side of the field is banished (except during the Damage Step): You can Special Summon this card from your hand in face-up Defense Position. Once per turn, during the End Phase, if a ""Bujin"" card was added from your Deck to your hand this turn, except by drawing it, while you controlled this face-up card: You can draw 1 card, then discard 1 card. You can only control 1 ""Bujin Arasuda"".",0.5,1.99,5.0,,,Unlimited
92756,Bujin Arasuda,Bujin Arasuda,https://tcgplayer-cdn.tcgplayer.com/product/92756_200w.jpg,2,1485,https://cpt.tcgcsv.com/87M,2015-04-17T17:34:22.617,1,MP14-EN207,Ultra Rare,LIGHT,Beast-Warrior,Effect Monster,1600,1900,"If a ""Bujin"" monster in your Graveyard or face-up on your side of the field is banished (except during the Damage Step): You can Special Summon this card from your hand in face-up Defense Position. Once per turn, during the End Phase, if a ""Bujin"" card was added from your Deck to your hand this turn, except by drawing it, while you controlled this face-up card: You can draw 1 card, then discard 1 card. You can only control 1 ""Bujin Arasuda"".",0.47,1.19,7.99,1.07,,1st Edition
92757,Bujingi Peacock,Bujingi Peacock,https://tcgplayer-cdn.tcgplayer.com/product/92757_200w.jpg,2,1485,https://cpt.tcgcsv.com/97M,2015-04-17T17:45:11.963,1,MP14-EN208,Rare,LIGHT,Winged Beast,Effect Monster,1800,700,"During your Main Phase 2: You can send this card from your hand to the Graveyard; add 1 ""Bujin"" monster from your Deck to your hand. You cannot activate other cards or effects the turn you activate this effect, except ""Bujin"" cards and effects. You can only use the effect of ""Bujingi Peacock"" once per turn.",0.1,0.25,1.41,0.2,,1st Edition
92758,Bujingi Swallow,Bujingi Swallow,https://tcgplayer-cdn.tcgplayer.com/product/92758_200w.jpg,2,1485,https://cpt.tcgcsv.com/b7M,2015-04-17T17:47:12.733,1,MP14-EN209,Common,LIGHT,Winged Beast,Effect Monster,1700,800,"During your Main Phase 1: You can send this card from your hand to the Graveyard, then target 1 ""Bujin"" monster you control; that monster can attack twice during each Battle Phase this turn. Other monsters cannot attack during the turn you activate this effect.",0.1,0.1,0.1,,,Unlimited
92758,Bujingi Swallow,Bujingi Swallow,https://tcgplayer-cdn.tcgplayer.com/product/92758_200w.jpg,2,1485,https://cpt.tcgcsv.com/b7M,2015-04-17T17:47:12.733,1,MP14-EN209,Common,LIGHT,Winged Beast,Effect Monster,1700,800,"During your Main Phase 1: You can send this card from your hand to the Graveyard, then target 1 ""Bujin"" monster you control; that monster can attack twice during each Battle Phase this turn. Other monsters cannot attack during the turn you activate this effect.",0.05,0.22,1.41,0.14,,1st Edition
92759,Bujingi Fox,Bujingi Fox,https://tcgplayer-cdn.tcgplayer.com/product/92759_200w.jpg,2,1485,https://cpt.tcgcsv.com/c7M,2015-04-17T17:42:51.427,1,MP14-EN210,Rare,LIGHT,Beast,Effect Monster,200,2100,"During either player's turn: You can banish this card from your Graveyard, then send 1 ""Bujin"" monster from your hand to the Graveyard; you take no damage for the rest of this turn.",0.11,0.25,1.42,0.18,,1st Edition
92760,Bujingi Hare,Bujingi Hare,https://tcgplayer-cdn.tcgplayer.com/product/92760_200w.jpg,2,1485,https://cpt.tcgcsv.com/d7M,2015-04-17T17:43:20.777,1,MP14-EN211,Super Rare,LIGHT,Beast,Effect Monster,1700,500,"During either player's turn: You can banish this card from your Graveyard, then target 1 Beast-Warrior-Type ""Bujin"" monster you control; once during this turn, that monster cannot be destroyed by battle or card effects. You can only use the effect of ""Bujingi Hare"" once per turn.",3.49,5.04,7.01,4.27,,1st Edition
92761,Gravekeeper's Nobleman,Gravekeepers Nobleman,https://tcgplayer-cdn.tcgplayer.com/product/92761_200w.jpg,2,1485,https://cpt.tcgcsv.com/f7M,2015-04-17T18:31:59.51,1,MP14-EN212,Ultra Rare,DARK,Spellcaster,Effect Monster,1000,1000,"When this card you control is destroyed by battle with an opponent's attacking monster and sent to your Graveyard: You can Special Summon 1 ""Gravekeeper's"" monster from your Deck in face-down Defense Position, except ""Gravekeeper's Nobleman"".",3.2,3.68,5.15,4.12,,1st Edition
92762,Gravekeeper's Ambusher,Gravekeepers Ambusher,https://tcgplayer-cdn.tcgplayer.com/product/92762_200w.jpg,2,1485,https://cpt.tcgcsv.com/g7M,2015-04-17T18:31:22.54,1,MP14-EN213,Common,DARK,Spellcaster,Effect Monster,1700,0,"When this card is flipped face-up: You can target 1 card in your opponent's Graveyard; place that target on the bottom of their Deck. If this card is sent from the field to the Graveyard after being flipped face-up: You can target 1 ""Necrovalley"" card in your Graveyard; add that target to your hand. This card's effects cannot be negated by the effect of ""Necrovalley"".",0.18,0.45,0.45,,,Unlimited
92762,Gravekeeper's Ambusher,Gravekeepers Ambusher,https://tcgplayer-cdn.tcgplayer.com/product/92762_200w.jpg,2,1485,https://cpt.tcgcsv.com/g7M,2015-04-17T18:31:22.54,1,MP14-EN213,Common,DARK,Spellcaster,Effect Monster,1700,0,"When this card is flipped face-up: You can target 1 card in your opponent's Graveyard; place that target on the bottom of their Deck. If this card is sent from the field to the Graveyard after being flipped face-up: You can target 1 ""Necrovalley"" card in your Graveyard; add that target to your hand. This card's effects cannot be negated by the effect of ""Necrovalley"".",0.09,0.29,1.41,0.21,,1st Edition
92763,Gravekeeper's Shaman,Gravekeepers Shaman,https://tcgplayer-cdn.tcgplayer.com/product/92763_200w.jpg,2,1485,https://cpt.tcgcsv.com/h7M,2015-04-17T18:32:56.847,1,MP14-EN214,Super Rare,DARK,Spellcaster,Effect Monster,1500,1500,"This card gains 200 DEF for each ""Gravekeeper's"" monster in your Graveyard. Negate all monster effects that activate in the Graveyard, except ""Gravekeeper's"" monsters. While ""Necrovalley"" is on the field, your opponent cannot activate Field Spell Cards, also Field Spell Cards on the field cannot be destroyed by your opponent's card effects.",0.8,1.03,4.23,1.09,,1st Edition
92764,Gravekeeper's Oracle,Gravekeepers Oracle,https://tcgplayer-cdn.tcgplayer.com/product/92764_200w.jpg,2,1485,https://cpt.tcgcsv.com/j7M,2015-04-17T18:32:21.083,1,MP14-EN215,Ultra Rare,DARK,Spellcaster,Effect Monster,2000,1500,"You can Tribute 3 monsters or 1 ""Gravekeeper's"" monster to Tribute Summon (but not Set) this card. When this card is Tribute Summoned: You can activate any of these effects, and resolve in sequence, up to the number of ""Gravekeeper's"" monsters Tributed for the Summon. // * This card gains ATK equal to the combined Levels that all monsters Tributed for its Tribute Summon had on the field x 100. // * Destroy all Set monsters your opponent controls. // * All monsters your opponent currently controls lose 2000 ATK and DEF.",1.0,1.03,1.05,0.92,,Unlimited
92764,Gravekeeper's Oracle,Gravekeepers Oracle,https://tcgplayer-cdn.tcgplayer.com/product/92764_200w.jpg,2,1485,https://cpt.tcgcsv.com/j7M,2015-04-17T18:32:21.083,1,MP14-EN215,Ultra Rare,DARK,Spellcaster,Effect Monster,2000,1500,"You can Tribute 3 monsters or 1 ""Gravekeeper's"" monster to Tribute Summon (but not Set) this card. When this card is Tribute Summoned: You can activate any of these effects, and resolve in sequence, up to the number of ""Gravekeeper's"" monsters Tributed for the Summon. // * This card gains ATK equal to the combined Levels that all monsters Tributed for its Tribute Summon had on the field x 100. // * Destroy all Set monsters your opponent controls. // * All monsters your opponent currently controls lose 2000 ATK and DEF.",0.54,1.0,4.95,1.0,,1st Edition
92765,"Chirubime, Princess of Autumn Leaves",Chirubime Princess of Autumn Leaves,https://tcgplayer-cdn.tcgplayer.com/product/92765_200w.jpg,2,1485,https://cpt.tcgcsv.com/k7M,2015-04-17T17:57:25.73,1,MP14-EN216,Super Rare,EARTH,Plant,Effect Monster,1800,2800,"Your opponent cannot target face-up Plant-Type monsters for attacks, except this one. If this card in your possession is sent to your Graveyard by your opponent's card (either by battle or by card effect): You can Special Summon 1 Plant-Type monster from your Deck, except ""Chirubimé, Princess of Autumn Leaves"".",0.23,0.67,1.1,,,Unlimited
92765,"Chirubime, Princess of Autumn Leaves",Chirubime Princess of Autumn Leaves,https://tcgplayer-cdn.tcgplayer.com/product/92765_200w.jpg,2,1485,https://cpt.tcgcsv.com/k7M,2015-04-17T17:57:25.73,1,MP14-EN216,Super Rare,EARTH,Plant,Effect Monster,1800,2800,"Your opponent cannot target face-up Plant-Type monsters for attacks, except this one. If this card in your possession is sent to your Graveyard by your opponent's card (either by battle or by card effect): You can Special Summon 1 Plant-Type monster from your Deck, except ""Chirubimé, Princess of Autumn Leaves"".",0.13,0.49,1.99,0.3,,1st Edition
92766,Mobius the Mega Monarch,Mobius the Mega Monarch,https://tcgplayer-cdn.tcgplayer.com/product/92766_200w.jpg,2,1485,https://cpt.tcgcsv.com/l7M,2021-07-09T12:43:19.85,1,MP14-EN217,Secret Rare,WATER,Aqua,Effect Monster,2800,1000,"You can Tribute Summon this card by Tributing 1 Tribute Summoned monster. When this card is Tribute Summoned: You can target up to 3 Spell/Trap Cards on the field; destroy those targets. If this card was Tribute Summoned by Tributing a WATER monster, add this additional effect.
<br>Your opponent cannot activate the targeted card(s) in response to this effect’s activation.",2.78,2.78,2.78,1.09,,Unlimited
92766,Mobius the Mega Monarch,Mobius the Mega Monarch,https://tcgplayer-cdn.tcgplayer.com/product/92766_200w.jpg,2,1485,https://cpt.tcgcsv.com/l7M,2021-07-09T12:43:19.85,1,MP14-EN217,Secret Rare,WATER,Aqua,Effect Monster,2800,1000,"You can Tribute Summon this card by Tributing 1 Tribute Summoned monster. When this card is Tribute Summoned: You can target up to 3 Spell/Trap Cards on the field; destroy those targets. If this card was Tribute Summoned by Tributing a WATER monster, add this additional effect.
<br>Your opponent cannot activate the targeted card(s) in response to this effect’s activation.",1.2,2.23,9.99,1.96,,1st Edition
92767,Number C101: Silent Honor DARK,Number C101 Silent Honor DARK,https://tcgplayer-cdn.tcgplayer.com/product/92767_200w.jpg,2,1485,https://cpt.tcgcsv.com/m7M,2015-04-18T11:41:04.807,1,MP14-EN218,Ultra Rare,WATER,Aqua,Xyz/Effect Monster,2800,1500,"3 Level 5 monsters
<br> Once per turn: You can target 1 Special Summoned monster your opponent controls; attach it to this card as a face-up Xyz Material. When this card is destroyed and sent to the Graveyard while it has Xyz Material: You can Special Summon this card from your Graveyard, then gain Life Points equal to the original ATK of this card. ""Number 101: Silent Honor ARK"" must be in your Graveyard to activate and to resolve this effect. If this card is Special Summoned this way, it cannot attack for the rest of this turn.",0.96,9.05,21.01,12.26,,1st Edition
92768,Number 101: Silent Honor ARK,Number 101 Silent Honor ARK,https://tcgplayer-cdn.tcgplayer.com/product/92768_200w.jpg,2,1485,https://cpt.tcgcsv.com/n7M,2014-11-18T21:24:12.03,1,MP14-EN219,Ultra Rare,WATER,Aqua,Xyz/Effect Monster,2100,1000,"2 Level 4 monsters // You can detach 2 Xyz Materials from this card, then target 1 Special Summoned monster your opponent controls in face-up Attack Position; attach it to this card as a face-up Xyz Material. You can only use this effect of ""Number 101: Silent Honor ARK"" once per turn. If this face-up card would be destroyed, you can detach 1 Xyz Material from this card instead.",0.7,1.25,9.95,1.08,,1st Edition
92769,Gorgonic Guardian,Gorgonic Guardian,https://tcgplayer-cdn.tcgplayer.com/product/92769_200w.jpg,2,1485,https://cpt.tcgcsv.com/p7M,2020-08-28T12:23:26.427,1,MP14-EN220,Common,DARK,Rock,Xyz/Effect Monster,1600,1200,"2 Level 3 Rock-Type monsters 
<br>Once per turn, during either player’s turn: You can detach 1 Xyz Material from this card, then target 1 face-up monster your opponent controls; its ATK becomes 0, and if it does, its effects are negated. These effects last until the end of this turn. Once per turn: You can target 1 monster on the field with 0 ATK; destroy it.",0.25,0.25,0.25,0.21,,Unlimited
92769,Gorgonic Guardian,Gorgonic Guardian,https://tcgplayer-cdn.tcgplayer.com/product/92769_200w.jpg,2,1485,https://cpt.tcgcsv.com/p7M,2020-08-28T12:23:26.427,1,MP14-EN220,Common,DARK,Rock,Xyz/Effect Monster,1600,1200,"2 Level 3 Rock-Type monsters 
<br>Once per turn, during either player’s turn: You can detach 1 Xyz Material from this card, then target 1 face-up monster your opponent controls; its ATK becomes 0, and if it does, its effects are negated. These effects last until the end of this turn. Once per turn: You can target 1 monster on the field with 0 ATK; destroy it.",0.1,0.3,9.99,0.2,,1st Edition
92770,"Alsei, the Sylvan High Protector",Alsei the Sylvan High Protector,https://tcgplayer-cdn.tcgplayer.com/product/92770_200w.jpg,2,1485,https://cpt.tcgcsv.com/q7M,2015-04-17T17:13:07.297,1,MP14-EN221,Ultra Rare,LIGHT,Plant,Xyz/Effect Monster,2300,3200,"2 Level 8 monsters // Once per turn: You can declare 1 card name; excavate the top card of your Deck, and if it is the declared card, add it to your hand. Otherwise, send it to the Graveyard. If a card is sent from your Deck to the Graveyard by a card effect (except during the Damage Step): You can detach 1 Xyz Material from this card, then target 1 card on the field; place that target on either the top or bottom of the Deck. You can only use this effect of ""Alsei, the Sylvan High Protector"" once per turn.",2.89,3.0,9.03,,,Unlimited
92770,"Alsei, the Sylvan High Protector",Alsei the Sylvan High Protector,https://tcgplayer-cdn.tcgplayer.com/product/92770_200w.jpg,2,1485,https://cpt.tcgcsv.com/q7M,2015-04-17T17:13:07.297,1,MP14-EN221,Ultra Rare,LIGHT,Plant,Xyz/Effect Monster,2300,3200,"2 Level 8 monsters // Once per turn: You can declare 1 card name; excavate the top card of your Deck, and if it is the declared card, add it to your hand. Otherwise, send it to the Graveyard. If a card is sent from your Deck to the Graveyard by a card effect (except during the Damage Step): You can detach 1 Xyz Material from this card, then target 1 card on the field; place that target on either the top or bottom of the Deck. You can only use this effect of ""Alsei, the Sylvan High Protector"" once per turn.",0.25,1.43,17.0,0.45,,1st Edition
92771,Ghostrick Dullahan,Ghostrick Dullahan,https://tcgplayer-cdn.tcgplayer.com/product/92771_200w.jpg,2,1485,https://cpt.tcgcsv.com/r7M,2015-04-17T18:13:52.95,1,MP14-EN222,Rare,DARK,Fiend,Xyz/Effect Monster,1000,1,"2 Level 1 monsters 
<br>This card gains 200 ATK for each ""Ghostrick"" card you control. Once per turn, during either player’s turn: You can detach 1 Xyz Material from this card, then target 1 face-up monster on the field; halve that monster's ATK until the End Phase. If this card is sent to the Graveyard: You can target 1 other ""Ghostrick"" card in your Graveyard; add that target to your hand.",0.5,0.5,0.5,,,Unlimited
92771,Ghostrick Dullahan,Ghostrick Dullahan,https://tcgplayer-cdn.tcgplayer.com/product/92771_200w.jpg,2,1485,https://cpt.tcgcsv.com/r7M,2015-04-17T18:13:52.95,1,MP14-EN222,Rare,DARK,Fiend,Xyz/Effect Monster,1000,1,"2 Level 1 monsters 
<br>This card gains 200 ATK for each ""Ghostrick"" card you control. Once per turn, during either player’s turn: You can detach 1 Xyz Material from this card, then target 1 face-up monster on the field; halve that monster's ATK until the End Phase. If this card is sent to the Graveyard: You can target 1 other ""Ghostrick"" card in your Graveyard; add that target to your hand.",0.1,0.74,50.0,0.67,,1st Edition
92772,Bujintei Tsukuyomi,Bujintei Tsukuyomi,https://tcgplayer-cdn.tcgplayer.com/product/92772_200w.jpg,2,1485,https://cpt.tcgcsv.com/s7M,2015-04-17T17:53:46.073,1,MP14-EN223,Ultra Rare,LIGHT,Beast-Warrior,Xyz/Effect Monster,1800,2300,"2 Level 4 LIGHT monsters 
<br>Once per turn: You can detach 1 Xyz Material from this card; send all the cards in your hand to the Graveyard (min. 1), then draw 2 cards. When this card with Xyz Material leaves the field because of an opponent's card effect: You can target a number of Level 4 ""Bujin"" Beast-Warrior-Type monsters in your Graveyard, up to the number of Xyz Materials that were attached to this card; Special Summon those targets. You can only control 1 ""Bujintei Tsukuyomi"".",0.25,0.25,0.25,0.25,,Unlimited
92772,Bujintei Tsukuyomi,Bujintei Tsukuyomi,https://tcgplayer-cdn.tcgplayer.com/product/92772_200w.jpg,2,1485,https://cpt.tcgcsv.com/s7M,2015-04-17T17:53:46.073,1,MP14-EN223,Ultra Rare,LIGHT,Beast-Warrior,Xyz/Effect Monster,1800,2300,"2 Level 4 LIGHT monsters 
<br>Once per turn: You can detach 1 Xyz Material from this card; send all the cards in your hand to the Graveyard (min. 1), then draw 2 cards. When this card with Xyz Material leaves the field because of an opponent's card effect: You can target a number of Level 4 ""Bujin"" Beast-Warrior-Type monsters in your Graveyard, up to the number of Xyz Materials that were attached to this card; Special Summon those targets. You can only control 1 ""Bujintei Tsukuyomi"".",0.25,0.66,10.0,0.47,,1st Edition
92773,Evilswarm Exciton Knight,Evilswarm Exciton Knight,https://tcgplayer-cdn.tcgplayer.com/product/92773_200w.jpg,2,1485,https://cpt.tcgcsv.com/t7M,2015-04-17T18:05:13.34,1,MP14-EN224,Secret Rare,LIGHT,Fiend,Xyz/Effect Monster,1900,0,"2 Level 4 monsters 
<br>Once per chain, during your Main Phase or your opponent's Battle Phase, if your opponent has more total cards in their hand and their side of the field than you do: You can detach 1 Xyz Material from this card; destroy all other cards on the field, also your opponent takes no further damage this turn (this is a Quick Effect).",5.45,8.24,17.0,2.73,,Unlimited
92773,Evilswarm Exciton Knight,Evilswarm Exciton Knight,https://tcgplayer-cdn.tcgplayer.com/product/92773_200w.jpg,2,1485,https://cpt.tcgcsv.com/t7M,2015-04-17T18:05:13.34,1,MP14-EN224,Secret Rare,LIGHT,Fiend,Xyz/Effect Monster,1900,0,"2 Level 4 monsters 
<br>Once per chain, during your Main Phase or your opponent's Battle Phase, if your opponent has more total cards in their hand and their side of the field than you do: You can detach 1 Xyz Material from this card; destroy all other cards on the field, also your opponent takes no further damage this turn (this is a Quick Effect).",1.69,5.0,32.99,1.85,,1st Edition
92774,Downerd Magician,Downerd Magician,https://tcgplayer-cdn.tcgplayer.com/product/92774_200w.jpg,2,1485,https://cpt.tcgcsv.com/v7M,2015-04-17T18:04:54.273,1,MP14-EN225,Secret Rare,DARK,Spellcaster,Xyz/Effect Monster,2100,200,"2 Level 4 Spellcaster-Type monsters 
<br> During your Main Phase 2, you can also Xyz Summon this card by using a Rank 3 or lower Xyz Monster you control as the Xyz Material. (Xyz Materials attached to that monster also become Xyz Materials on this card.) This card gains 200 ATK for each Xyz Material attached to it. If this card attacks a Defense Position monster, inflict piercing battle damage to your opponent. If this card attacks or is attacked, after damage calculation: Detach 1 Xyz Material from this card.",0.78,4.99,12.99,,,Unlimited
92774,Downerd Magician,Downerd Magician,https://tcgplayer-cdn.tcgplayer.com/product/92774_200w.jpg,2,1485,https://cpt.tcgcsv.com/v7M,2015-04-17T18:04:54.273,1,MP14-EN225,Secret Rare,DARK,Spellcaster,Xyz/Effect Monster,2100,200,"2 Level 4 Spellcaster-Type monsters 
<br> During your Main Phase 2, you can also Xyz Summon this card by using a Rank 3 or lower Xyz Monster you control as the Xyz Material. (Xyz Materials attached to that monster also become Xyz Materials on this card.) This card gains 200 ATK for each Xyz Material attached to it. If this card attacks a Defense Position monster, inflict piercing battle damage to your opponent. If this card attacks or is attacked, after damage calculation: Detach 1 Xyz Material from this card.",0.75,1.72,9.99,1.16,,1st Edition
92775,Rank-Up-Magic Astral Force,Rank Up Magic Astral Force,https://tcgplayer-cdn.tcgplayer.com/product/92775_200w.jpg,2,1485,https://cpt.tcgcsv.com/w7M,2015-04-18T11:43:54.17,1,MP14-EN226,Ultra Rare,SPELL,,Normal Spell,,,"Target the 1 Xyz Monster you control with the highest Rank (your choice, if tied); Special Summon from your Extra Deck, 1 monster with the same Type and Attribute as that monster you control but 2 Ranks higher, by using it as the Xyz Material. (This Special Summon is treated as an Xyz Summon. Xyz Materials attached to it also become Xyz Materials on the Summoned monster.) During your Draw Phase, if this card is in your Graveyard, instead of conducting your normal draw: You can add this card from your Graveyard to your hand. You cannot Special Summon during the turn you activate this effect, except by the effect of ""Rank-Up-Magic Astral Force"".",0.99,0.99,1.0,,,Unlimited
92775,Rank-Up-Magic Astral Force,Rank Up Magic Astral Force,https://tcgplayer-cdn.tcgplayer.com/product/92775_200w.jpg,2,1485,https://cpt.tcgcsv.com/w7M,2015-04-18T11:43:54.17,1,MP14-EN226,Ultra Rare,SPELL,,Normal Spell,,,"Target the 1 Xyz Monster you control with the highest Rank (your choice, if tied); Special Summon from your Extra Deck, 1 monster with the same Type and Attribute as that monster you control but 2 Ranks higher, by using it as the Xyz Material. (This Special Summon is treated as an Xyz Summon. Xyz Materials attached to it also become Xyz Materials on the Summoned monster.) During your Draw Phase, if this card is in your Graveyard, instead of conducting your normal draw: You can add this card from your Graveyard to your hand. You cannot Special Summon during the turn you activate this effect, except by the effect of ""Rank-Up-Magic Astral Force"".",0.2,0.5,2.99,0.3,,1st Edition
92776,Mount Sylvania,Mount Sylvania,https://tcgplayer-cdn.tcgplayer.com/product/92776_200w.jpg,2,1485,https://cpt.tcgcsv.com/x7M,2015-04-17T18:58:03.633,1,MP14-EN227,Super Rare,SPELL,,Normal Spell,,,"You can send 1 Plant-Type monster from your hand or face-up from your side of the field to the Graveyard; choose 1 ""Sylvan"" card from your Deck and place it on top of the Deck. You can only use this effect of ""Mount Sylvania"" once per turn. Once per turn, during your opponent's End Phase: You can excavate the top card of your Deck, and if it is a Plant-Type monster, send it to the Graveyard. Otherwise, place it on either the top or bottom of your Deck.",1.0,3.95,4.0,1.0,,Unlimited
92776,Mount Sylvania,Mount Sylvania,https://tcgplayer-cdn.tcgplayer.com/product/92776_200w.jpg,2,1485,https://cpt.tcgcsv.com/x7M,2015-04-17T18:58:03.633,1,MP14-EN227,Super Rare,SPELL,,Normal Spell,,,"You can send 1 Plant-Type monster from your hand or face-up from your side of the field to the Graveyard; choose 1 ""Sylvan"" card from your Deck and place it on top of the Deck. You can only use this effect of ""Mount Sylvania"" once per turn. Once per turn, during your opponent's End Phase: You can excavate the top card of your Deck, and if it is a Plant-Type monster, send it to the Graveyard. Otherwise, place it on either the top or bottom of your Deck.",0.47,0.76,5.0,0.65,,1st Edition
92777,Ghostrick Museum,Ghostrick Museum,https://tcgplayer-cdn.tcgplayer.com/product/92777_200w.jpg,2,1485,https://cpt.tcgcsv.com/z7M,2015-04-17T18:21:21.807,1,MP14-EN228,Common,SPELL,,Normal Spell,,,"Monsters you control, except ""Ghostrick"" monsters cannot attack. Monsters cannot attack face-down Defense Position monsters, but can attack directly if all monsters their opponent controls are face-down Defense Position. At the end of the Damage Step, change any monster that inflicted battle damage to a player during this battle to face-down Defense Position.",0.2,0.44,1.19,0.32,,1st Edition
92778,Bujinunity,Bujinunity,https://tcgplayer-cdn.tcgplayer.com/product/92778_200w.jpg,2,1485,https://cpt.tcgcsv.com/B7M,2015-04-17T17:55:10.023,1,MP14-EN229,Rare,SPELL,,Normal Spell,,,"If you control no other cards: Shuffle all Beast-Warrior-Type ""Bujin"" monsters from your Graveyard into the Deck (min.1) and discard all cards in your hand (min.1), then you can add 3 Beast-Warrior-Type ""Bujin"" monsters with different names from your Deck to your hand. You can only activate 1 ""Bujinsurrection"" per turn.",0.12,0.12,0.12,,,Unlimited
92778,Bujinunity,Bujinunity,https://tcgplayer-cdn.tcgplayer.com/product/92778_200w.jpg,2,1485,https://cpt.tcgcsv.com/B7M,2015-04-17T17:55:10.023,1,MP14-EN229,Rare,SPELL,,Normal Spell,,,"If you control no other cards: Shuffle all Beast-Warrior-Type ""Bujin"" monsters from your Graveyard into the Deck (min.1) and discard all cards in your hand (min.1), then you can add 3 Beast-Warrior-Type ""Bujin"" monsters with different names from your Deck to your hand. You can only activate 1 ""Bujinsurrection"" per turn.",0.13,0.25,1.0,0.18,,1st Edition
92779,Hidden Temples of Necrovalley,Hidden Temples of Necrovalley,https://tcgplayer-cdn.tcgplayer.com/product/92779_200w.jpg,2,1485,https://cpt.tcgcsv.com/C7M,2015-04-17T18:34:26.283,1,MP14-EN230,Rare,SPELL,,Normal Spell,,,"Activate only if both a ""Gravekeeper's"" monster and ""Necrovalley"" are on the field. Neither player can Special Summon monsters, except ""Gravekeeper's"" monsters. If either a ""Gravekeeper's"" monster or ""Necrovalley"" is not on the field, destroy this card.",3.65,3.65,3.65,,,Unlimited
92779,Hidden Temples of Necrovalley,Hidden Temples of Necrovalley,https://tcgplayer-cdn.tcgplayer.com/product/92779_200w.jpg,2,1485,https://cpt.tcgcsv.com/C7M,2015-04-17T18:34:26.283,1,MP14-EN230,Rare,SPELL,,Normal Spell,,,"Activate only if both a ""Gravekeeper's"" monster and ""Necrovalley"" are on the field. Neither player can Special Summon monsters, except ""Gravekeeper's"" monsters. If either a ""Gravekeeper's"" monster or ""Necrovalley"" is not on the field, destroy this card.",0.21,0.77,3.49,0.54,,1st Edition
92780,Shared Ride,Shared Ride,https://tcgplayer-cdn.tcgplayer.com/product/92780_200w.jpg,2,1485,https://cpt.tcgcsv.com/D7M,2015-04-18T11:37:47.99,1,MP14-EN231,Secret Rare,SPELL,,Normal Spell,,,"After this card resolves, each time your opponent adds a card(s) from their Deck or Graveyard to their hand this turn, except by drawing them, you immediately draw 1 card. You can only activate 1 ""Shared Ride"" per turn.",7.53,8.84,14.42,6.11,,Unlimited
92780,Shared Ride,Shared Ride,https://tcgplayer-cdn.tcgplayer.com/product/92780_200w.jpg,2,1485,https://cpt.tcgcsv.com/D7M,2015-04-18T11:37:47.99,1,MP14-EN231,Secret Rare,SPELL,,Normal Spell,,,"After this card resolves, each time your opponent adds a card(s) from their Deck or Graveyard to their hand this turn, except by drawing them, you immediately draw 1 card. You can only activate 1 ""Shared Ride"" per turn.",5.32,8.71,20.0,7.1,,1st Edition
92781,Sylvan Blessing,Sylvan Blessing,https://tcgplayer-cdn.tcgplayer.com/product/92781_200w.jpg,2,1485,https://cpt.tcgcsv.com/F7M,2015-04-18T12:01:57.25,1,MP14-EN232,Common,TRAP,,Normal Trap,,,"Place 1 card from your hand on either the top or bottom of the Deck, and if you do, Special Summon 1 ""Sylvan"" monster from your hand or Graveyard. It is unaffected by other card effects this turn. Place it on either the top or bottom of the Deck during the End Phase.",0.03,0.25,1.0,0.13,,1st Edition
92782,Ghostrick-Go-Round,Ghostrick Go Round,https://tcgplayer-cdn.tcgplayer.com/product/92782_200w.jpg,2,1485,https://cpt.tcgcsv.com/G7M,2022-07-06T13:04:14.66,1,MP14-EN233,Rare,TRAP,,Normal Trap,,,"Once per turn, during the Battle Phase: You can activate 1 of these effects.
<br>• Target 1 ""Ghostrick"" monster you control; change it to face-down Defense Position and change 1 face-down Defense Position monster your opponent controls into face-up Attack Position.
<br>• Target 1 face-down Defense Position monster you control; change it to face-up Attack Position, and if you changed the battle position of a “Ghostrick” monster this way, change 1 face-up monster your opponent controls to face-down Defense Position.",0.53,0.95,2.99,0.93,,1st Edition
92783,Bujin Regalia - The Jewel,Bujin Regalia The Jewel,https://tcgplayer-cdn.tcgplayer.com/product/92783_200w.jpg,2,1485,https://cpt.tcgcsv.com/H7M,2015-04-17T17:36:48.29,1,MP14-EN234,Common,TRAP,,Normal Trap,,,"Target 1 Rank 4 Xyz Monster you control; equip this card to that target. It gains 300 ATK for each Xyz Material attached to it. Once per turn: You can attach 1 ""Bujin"" monster from your hand to the equipped monster as an Xyz Material.",0.14,0.14,0.14,,,Unlimited
92783,Bujin Regalia - The Jewel,Bujin Regalia The Jewel,https://tcgplayer-cdn.tcgplayer.com/product/92783_200w.jpg,2,1485,https://cpt.tcgcsv.com/H7M,2015-04-17T17:36:48.29,1,MP14-EN234,Common,TRAP,,Normal Trap,,,"Target 1 Rank 4 Xyz Monster you control; equip this card to that target. It gains 300 ATK for each Xyz Material attached to it. Once per turn: You can attach 1 ""Bujin"" monster from your hand to the equipped monster as an Xyz Material.",0.1,0.25,1.49,0.17,,1st Edition
92784,Imperial Tombs of Necrovalley,Imperial Tombs of Necrovalley,https://tcgplayer-cdn.tcgplayer.com/product/92784_200w.jpg,2,1485,https://cpt.tcgcsv.com/J7M,2015-04-17T18:35:59.597,1,MP14-EN235,Secret Rare,TRAP,,Normal Trap,,,"When a Spell Card, Trap Card, or monster effect is activated, while both a ""Gravekeeper's"" monster and ""Necrovalley"" are on the field: Negate the activation, and if you do, destroy it. You can only activate 1 ""Imperial Tombs of Necrovalley"" per turn.",0.63,0.82,1.0,0.64,,Unlimited
92784,Imperial Tombs of Necrovalley,Imperial Tombs of Necrovalley,https://tcgplayer-cdn.tcgplayer.com/product/92784_200w.jpg,2,1485,https://cpt.tcgcsv.com/J7M,2015-04-17T18:35:59.597,1,MP14-EN235,Secret Rare,TRAP,,Normal Trap,,,"When a Spell Card, Trap Card, or monster effect is activated, while both a ""Gravekeeper's"" monster and ""Necrovalley"" are on the field: Negate the activation, and if you do, destroy it. You can only activate 1 ""Imperial Tombs of Necrovalley"" per turn.",0.46,0.87,10.49,0.87,,1st Edition
92785,The Monarchs Awaken,The Monarchs Awaken,https://tcgplayer-cdn.tcgplayer.com/product/92785_200w.jpg,2,1485,https://cpt.tcgcsv.com/K7M,2015-04-18T12:15:08.247,1,MP14-EN236,Common,TRAP,,Normal Trap,,,"If you have no monsters in your Extra Deck: Target 1 face-up Tribute Summoned monster you control; its effects are negated, but it is unaffected by other card effects.",4.99,4.99,4.99,0.03,,Unlimited
92785,The Monarchs Awaken,The Monarchs Awaken,https://tcgplayer-cdn.tcgplayer.com/product/92785_200w.jpg,2,1485,https://cpt.tcgcsv.com/K7M,2015-04-18T12:15:08.247,1,MP14-EN236,Common,TRAP,,Normal Trap,,,"If you have no monsters in your Extra Deck: Target 1 face-up Tribute Summoned monster you control; its effects are negated, but it is unaffected by other card effects.",0.07,0.25,1.0,0.13,,1st Edition
92786,Skill Prisoner,Skill Prisoner,https://tcgplayer-cdn.tcgplayer.com/product/92786_200w.jpg,2,1485,https://cpt.tcgcsv.com/L7M,2015-04-18T11:56:16.96,1,MP14-EN237,Super Rare,TRAP,,Normal Trap,,,"Target 1 card you control; this turn, when any monster effect resolves that targeted that card at activation, negate that effect. During either player's turn, except the turn this card was sent to the Graveyard: You can banish this card from your Graveyard, then target 1 card you control; this turn, when any monster effect resolves that targeted that card at activation, negate that effect.",0.14,0.49,1.99,0.3,,1st Edition
92787,Sylvan Mikorange,Sylvan Mikorange,https://tcgplayer-cdn.tcgplayer.com/product/92787_200w.jpg,2,1485,https://cpt.tcgcsv.com/M7M,2015-04-18T12:11:04.887,1,MP14-EN238,Rare,WATER,Plant,Effect Monster,400,1100,"When this card you control is destroyed by your opponent's card (either by battle or by card effect) and sent to your Graveyard: You can excavate the top card of your Deck, and if it is a Plant-Type monster, send it to the Graveyard. Otherwise, place it on the bottom of your Deck. If this card is excavated from the Deck and sent to the Graveyard by a card effect: All Plant-Type monsters you currently control gain 300 ATK and DEF.",0.95,0.98,1.0,,,Unlimited
92787,Sylvan Mikorange,Sylvan Mikorange,https://tcgplayer-cdn.tcgplayer.com/product/92787_200w.jpg,2,1485,https://cpt.tcgcsv.com/M7M,2015-04-18T12:11:04.887,1,MP14-EN238,Rare,WATER,Plant,Effect Monster,400,1100,"When this card you control is destroyed by your opponent's card (either by battle or by card effect) and sent to your Graveyard: You can excavate the top card of your Deck, and if it is a Plant-Type monster, send it to the Graveyard. Otherwise, place it on the bottom of your Deck. If this card is excavated from the Deck and sent to the Graveyard by a card effect: All Plant-Type monsters you currently control gain 300 ATK and DEF.",0.05,0.34,1.35,0.17,,1st Edition
92788,Ghostrick Yeti,Ghostrick Yeti,https://tcgplayer-cdn.tcgplayer.com/product/92788_200w.jpg,2,1485,https://cpt.tcgcsv.com/N7M,2015-04-17T18:24:28.683,1,MP14-EN239,Common,DARK,Zombie,Effect Monster,300,2000,"Cannot be Normal Summoned, unless you control a ""Ghostrick"" monster. Once per turn: You can change this card to face-down Defense Position. When this card is flipped face-up: You can target 1 ""Ghostrick"" monster on the field; this turn, it cannot be destroyed by battle or by card effects.",0.09,0.25,1.49,0.17,,1st Edition
92789,Bujingi Pavo,Bujingi Pavo,https://tcgplayer-cdn.tcgplayer.com/product/92789_200w.jpg,2,1485,https://cpt.tcgcsv.com/P7M,2015-04-17T17:44:47.083,1,MP14-EN240,Super Rare,LIGHT,Winged Beast,Effect Monster,1700,800,"When a Beast Warrior-Type ""Bujin"" monster you control is destroyed by battle and sent to the Graveyard: You can send this card from your hand to the Graveyard; Special Summon 1 ""Bujin"" monster from your Deck. You can only use the effect of ""Bujingi Pavo"" once per turn.",0.25,5000.03,9999.81,,,Unlimited
92789,Bujingi Pavo,Bujingi Pavo,https://tcgplayer-cdn.tcgplayer.com/product/92789_200w.jpg,2,1485,https://cpt.tcgcsv.com/P7M,2015-04-17T17:44:47.083,1,MP14-EN240,Super Rare,LIGHT,Winged Beast,Effect Monster,1700,800,"When a Beast Warrior-Type ""Bujin"" monster you control is destroyed by battle and sent to the Graveyard: You can send this card from your hand to the Graveyard; Special Summon 1 ""Bujin"" monster from your Deck. You can only use the effect of ""Bujingi Pavo"" once per turn.",0.05,0.35,1.99,0.33,,1st Edition
92790,Gravekeeper's Heretic,Gravekeepers Heretic,https://tcgplayer-cdn.tcgplayer.com/product/92790_200w.jpg,2,1485,https://cpt.tcgcsv.com/Q7M,2015-04-17T18:31:42.413,1,MP14-EN241,Rare,DARK,Spellcaster,Effect Monster,1800,1500,"This card on the field is unaffected by all other card effects, as long as ""Necrovalley"" is also on the field.",0.78,1.62,2.99,1.1,,1st Edition
92791,Obedience Schooled,Obedience Schooled,https://tcgplayer-cdn.tcgplayer.com/product/92791_200w.jpg,2,1485,https://cpt.tcgcsv.com/R7M,2015-04-18T11:41:37.403,1,MP14-EN242,Super Rare,SPELL,,Normal Spell,,,"If you control no monsters: Special Summon 3 Level 2 or lower Beast-Type Effect Monsters with different names from your Deck. Their effects are negated, and they are destroyed during the End Phase. If you activate this card, you cannot Special Summon for the rest of this turn, except Beast-Type monsters.",2.0,2.0,2.0,3.89,,Unlimited
92791,Obedience Schooled,Obedience Schooled,https://tcgplayer-cdn.tcgplayer.com/product/92791_200w.jpg,2,1485,https://cpt.tcgcsv.com/R7M,2015-04-18T11:41:37.403,1,MP14-EN242,Super Rare,SPELL,,Normal Spell,,,"If you control no monsters: Special Summon 3 Level 2 or lower Beast-Type Effect Monsters with different names from your Deck. Their effects are negated, and they are destroyed during the End Phase. If you activate this card, you cannot Special Summon for the rest of this turn, except Beast-Type monsters.",2.49,5.42,14.0,5.27,,1st Edition
92792,The First Monarch,The First Monarch,https://tcgplayer-cdn.tcgplayer.com/product/92792_200w.jpg,2,1485,https://cpt.tcgcsv.com/S7M,2015-04-18T12:14:01.557,1,MP14-EN243,Secret Rare,TRAP,,Normal Trap,,,"Special Summon this card as an Effect Monster (Fiend-Type/DARK/Level 6/ATK 1000/DEF 2400). (This card is also still a Trap Card.) If Summoned this way: You can discard 1 card, then declare 1 Attribute; this card becomes that Attribute, and can be treated as 2 Tributes for the Tribute Summon of a monster with the same Attribute as this card. While this card is treated as a monster, you cannot Special Summon monsters, except monsters with this card’s Attribute.",0.25,0.99,12.49,0.56,,1st Edition
92793,"Alpacaribou, Mystical Beast of the Forest",Alpacaribou Mystical Beast of the Forest,https://tcgplayer-cdn.tcgplayer.com/product/92793_200w.jpg,2,1485,https://cpt.tcgcsv.com/T7M,2015-04-17T17:12:32.03,1,MP14-EN244,Common,EARTH,,Effect Monster,2700,2100,"This card gains the following effect depending on its battle position. // * Attack Position: Attack Position Insect, Plant, and Winged Beast-Type monsters you control cannot be destroyed by battle. // * Defense Position: Defense Position Insect, Plant, and Winged Beast-Type monsters you control cannot be targeted or destroyed by card effects.",0.25,0.43,9.99,,,Unlimited
92793,"Alpacaribou, Mystical Beast of the Forest",Alpacaribou Mystical Beast of the Forest,https://tcgplayer-cdn.tcgplayer.com/product/92793_200w.jpg,2,1485,https://cpt.tcgcsv.com/T7M,2015-04-17T17:12:32.03,1,MP14-EN244,Common,EARTH,,Effect Monster,2700,2100,"This card gains the following effect depending on its battle position. // * Attack Position: Attack Position Insect, Plant, and Winged Beast-Type monsters you control cannot be destroyed by battle. // * Defense Position: Defense Position Insect, Plant, and Winged Beast-Type monsters you control cannot be targeted or destroyed by card effects.",0.05,0.22,1.49,0.18,,1st Edition
92794,Dododo Buster,Dododo Buster,https://tcgplayer-cdn.tcgplayer.com/product/92794_200w.jpg,2,1485,https://cpt.tcgcsv.com/V7M,2015-04-17T18:04:38.277,1,MP14-EN245,Common,EARTH,Warrior,Effect Monster,1900,800,"If your opponent controls a monster and you control no monsters, you can Special Summon this card (from your hand) as a Level 4 monster. When this card is Tribute Summoned: You can target 1 ""Dododo"" monster in your Graveyard; Special Summon that target in face-up Defense Position.",0.25,0.25,0.25,,,Unlimited
92794,Dododo Buster,Dododo Buster,https://tcgplayer-cdn.tcgplayer.com/product/92794_200w.jpg,2,1485,https://cpt.tcgcsv.com/V7M,2015-04-17T18:04:38.277,1,MP14-EN245,Common,EARTH,Warrior,Effect Monster,1900,800,"If your opponent controls a monster and you control no monsters, you can Special Summon this card (from your hand) as a Level 4 monster. When this card is Tribute Summoned: You can target 1 ""Dododo"" monster in your Graveyard; Special Summon that target in face-up Defense Position.",0.07,0.25,1.49,0.11,,1st Edition
92795,Interplanetarypurplythorny Beast,Interplanetarypurplythorny Beast,https://tcgplayer-cdn.tcgplayer.com/product/92795_200w.jpg,2,1485,https://cpt.tcgcsv.com/W7M,2015-04-17T18:37:09.61,1,MP14-EN246,Common,DARK,Beast,Effect Monster,1100,2200,"When a monster you control is destroyed by battle and sent to the Graveyard, while this card is in the Graveyard: You can Special Summon this card from your Graveyard. If you do, banish it when it leaves the field. You can only use the effect of ""Interplanetarypurplythorny Beast"" once per turn.",0.09,0.21,1.4,0.19,,1st Edition
92796,Starship Spy Plane,Starship Spy Plane,https://tcgplayer-cdn.tcgplayer.com/product/92796_200w.jpg,2,1485,https://cpt.tcgcsv.com/X7M,2015-04-18T11:58:55.037,1,MP14-EN247,Common,WIND,Machine,Effect Monster,1100,500,"If your opponent controls a face-up Xyz Monster, you can Special Summon this card (from your hand). When this card is Special Summoned from the hand: Target 1 Spell/Trap Card your opponent controls; return it to the hand.",0.99,0.99,0.99,,,Unlimited
92796,Starship Spy Plane,Starship Spy Plane,https://tcgplayer-cdn.tcgplayer.com/product/92796_200w.jpg,2,1485,https://cpt.tcgcsv.com/X7M,2015-04-18T11:58:55.037,1,MP14-EN247,Common,WIND,Machine,Effect Monster,1100,500,"If your opponent controls a face-up Xyz Monster, you can Special Summon this card (from your hand). When this card is Special Summoned from the hand: Target 1 Spell/Trap Card your opponent controls; return it to the hand.",0.04,0.25,1.35,0.12,,1st Edition
92800,Ghostrick Vanish,Ghostrick Vanish,https://tcgplayer-cdn.tcgplayer.com/product/92800_200w.jpg,2,1485,https://cpt.tcgcsv.com/08M,2015-04-17T18:23:50.49,1,MP14-EN174,Common,TRAP,,Normal Trap,0,0,"Reveal 1 ""Ghostrick"" monster in your hand; this turn, ""Ghostrick"" cards you control and face-down Defense Position monsters you control cannot be targeted by, or destroyed by, card effects.",0.11,0.33,1.56,0.28,,1st Edition
