productId,name,cleanName,imageUrl,categoryId,groupId,url,modifiedOn,imageCount,extDescription,lowPrice,midPrice,highPrice,marketPrice,directLowPrice,subTypeName,extNumber,extRarity,extAttribute,extMonsterType,extCardType,extAttack,extDefense,extLinkRating,extLinkArrows
174808,2018 Mega-Tins Mega Pack,2018 Mega Tins Mega Pack,https://tcgplayer-cdn.tcgplayer.com/product/174808_200w.jpg,2,2317,https://cpt.tcgcsv.com/bXp2,2022-09-19T13:11:27.857,1,"The set contains cards, made up of a year's worth of Booster Packs from the sets ""Maximum Crisis"", ""Code of the Duelist"", ""Circuit Break"", and ""Extreme Force"".
<br>
Cards reprinted from ""Maximum Crisis"" have been updated to match the new card layout.",6.0,7.5,8.3,7.99,,Normal,,,,,,,,,
174809,Supreme King Z-ARC,Supreme King Z ARC,https://tcgplayer-cdn.tcgplayer.com/product/174809_200w.jpg,2,2317,https://cpt.tcgcsv.com/cXp2,2018-09-04T14:46:37.923,1,"<b>Pendulum Effect :</b> Fusion, Synchro, and Xyz Monsters your opponent controls cannot activate their effects. Once per turn, when your opponent adds a card(s) from their Deck to their hand (except during the Draw Phase or the Damage Step): You can destroy that card(s).
<br><b>Monster Effect :</b> 4 Dragon-Type monsters (1 Fusion, 1 Synchro, 1 Xyz, and 1 Pendulum)<br>
Must be Fusion Summoned and cannot be Special Summoned by other ways. If this card is Special Summoned: Destroy all cards your opponent controls. Cannot be destroyed by your opponent's card effects. Your opponent cannot target this card with card effects. When this card destroys an opponent's monster by battle: You can Special Summon 1 ""Supreme King Dragon"" monster from your Deck or Extra Deck. If this card in the Monster Zone is destroyed by battle or card effect: You can place this card in your Pendulum Zone.",0.64,2.68,19.99,1.5,9.53,1st Edition,MP18-EN011,Secret Rare,DARK,Dragon,Fusion/Pendulum/Effect Monster,4000,4000,,
174810,Ultra Polymerization,Ultra Polymerization,https://tcgplayer-cdn.tcgplayer.com/product/174810_200w.jpg,2,2317,https://cpt.tcgcsv.com/dXp2,2018-09-04T14:46:59.53,1,"Pay 2000 LP; Fusion Summon 1 Fusion Monster from your Extra Deck, using 2 monsters you control as Fusion Materials. Neither player can activate cards or effects in response to this card's activation. You can banish this card from your GY, then target 1 Fusion Monster that was Fusion Summoned with this card's effect; Special Summon all the Fusion Materials used for its Fusion Summon from your GY, but change their ATK and DEF to 0, also they have their effects negated.",0.39,0.72,5.97,0.6,0.58,1st Edition,MP18-EN014,Secret Rare,SPELL,,Normal Spell,,,,
174811,Dragonic Diagram,Dragonic Diagram,https://tcgplayer-cdn.tcgplayer.com/product/174811_200w.jpg,2,2317,https://cpt.tcgcsv.com/fXp2,2023-08-23T19:19:03.31,1,"All ""True Draco"" and ""True King"" monsters on the field gain 300 ATK and DEF. The first time each Tribute Summoned ""True Draco"" or ""True King"" monster would be destroyed by battle each turn, it is not destroyed. Once per turn: You can destroy 1 other card you control or in your hand, and if you do, add 1 ""True Draco"" or ""True King"" card from your Deck to your hand.",0.5,3.45,25.0,2.06,18.68,1st Edition,MP18-EN015,Secret Rare,SPELL,,Field Spell,,,,
174812,"Lumina, Twilightsworn Shaman",Lumina Twilightsworn Shaman,https://tcgplayer-cdn.tcgplayer.com/product/174812_200w.jpg,2,2317,https://cpt.tcgcsv.com/gXp2,2018-09-04T14:58:56.527,1,"Once per turn: You can banish 1 ""Lightsworn"" monster from your hand or GY, then target 1 of your banished ""Lightsworn"" monsters, except ""Lumina, Twilightsworn Shaman""; Special Summon it. Once per turn, if your other ""Lightsworn"" monster's effect is activated: Send the top 3 cards of your Deck to the GY.",0.2,0.75,6.98,0.53,0.36,1st Edition,MP18-EN052,Secret Rare,DARK,Spellcaster,Effect Monster,1000,1000,,
174813,Rescue Ferret,Rescue Ferret,https://tcgplayer-cdn.tcgplayer.com/product/174813_200w.jpg,2,2317,https://cpt.tcgcsv.com/hXp2,2024-07-26T14:51:56.173,1,"You can shuffle this card you control into the Deck; Special Summon monster(s) from your Deck, except ""Rescue Ferret"", whose total Levels equal 6, to your zone(s) a Link Monster(s) points to, but those Summoned monsters have their effects negated, also destroy them during the End Phase. You can only use this effect of ""Rescue Ferret"" once per turn.",0.15,0.71,4.99,0.53,1.0,1st Edition,MP18-EN054,Secret Rare,EARTH,,Effect Monster,300,100,,
174814,Firewall Dragon,Firewall Dragon,https://tcgplayer-cdn.tcgplayer.com/product/174814_200w.jpg,2,2317,https://cpt.tcgcsv.com/jXp2,2024-08-21T14:53:42.66,1,"2+ monsters
<br>Once while face-up on the field (Quick Effect): You can target monsters on the field and/or GY up to the number of monsters co-linked to this card; return them to the hand. If a monster this card points to is destroyed by battle or sent to the GY: You can Special Summon 1 monster from your hand.",2.99,4.29,21.0,3.93,4.0,1st Edition,MP18-EN062,Secret Rare,LIGHT,Cyberse,Link/Effect Monster,2500,,4,Left;Bottom;Top;Right
174815,Topologic Bomber Dragon,Topologic Bomber Dragon,https://tcgplayer-cdn.tcgplayer.com/product/174815_200w.jpg,2,2317,https://cpt.tcgcsv.com/kXp2,2023-05-31T11:39:03.207,1,"2+ Effect Monsters
<br>If another monster is Special Summoned to a zone a Link Monster points to, while this monster is on the field: Destroy all monsters in the Main Monster Zones, also your other monsters cannot attack for the rest of this turn. After damage calculation, if this card attacked an opponent's monster: Inflict damage to your opponent equal to that monster's original ATK.",0.95,2.33,15.0,2.26,1.67,1st Edition,MP18-EN065,Secret Rare,DARK,Cyberse,Link/Effect Monster,3000,,,
174816,Ningirsu the World Chalice Warrior,Ningirsu the World Chalice Warrior,https://tcgplayer-cdn.tcgplayer.com/product/174816_200w.jpg,2,2317,https://cpt.tcgcsv.com/lXp2,2024-09-07T14:29:05.213,1,"2+ Link Monsters
<br>If this card is Link Summoned: Draw cards equal to the number of ""World Chalice"" monsters this card points to. You can only use this effect of ""Ningirsu the World Chalice Warrior"" once per turn. Once per turn: You can send 1 card from each player's field to the GYs. If this card is sent from the field to the GY: You can Special Summon 1 ""World Chalice"" monster from your hand.",0.23,0.5,5.95,0.33,0.49,1st Edition,MP18-EN068,Secret Rare,EARTH,Warrior,Link/Effect Monster,2500,,,
174817,Vendread Reorigin,Vendread Reorigin,https://tcgplayer-cdn.tcgplayer.com/product/174817_200w.jpg,2,2317,https://cpt.tcgcsv.com/mXp2,2024-07-26T14:51:56.203,1,"Target 1 face-up monster your opponent controls that has a Level; Tribute it, and if you do, Special Summon 1 ""Vendread Token"" (Zombie/DARK/ATK 0/DEF 0) with a Level equal to the Tributed monster's original Level. While the Token Special Summoned by this effect is on the field, you cannot Normal or Special Summon monsters, except ""Vendread"" monsters.",0.2,0.49,4.98,0.43,0.33,1st Edition,MP18-EN090,Secret Rare,TRAP,,Normal Trap,,,,
174818,Borreload Dragon,Borreload Dragon,https://tcgplayer-cdn.tcgplayer.com/product/174818_200w.jpg,2,2317,https://cpt.tcgcsv.com/nXp2,2023-04-20T13:36:51.053,1,"3+ Effect Monsters
<br>Neither player can target this card with monster effects. Once per turn (Quick Effect): You can target 1 face-up monster on the field; it loses 500 ATK/DEF. Your opponent cannot activate cards or effects in response to this effect's activation. At the start of the Damage Step, if this card attacks an opponent's monster: You can place that opponent's monster in a zone this card points to and take control of it, but send it to the GY during the End Phase of the next turn.",0.62,1.5,19.99,0.63,,1st Edition,MP18-EN131,Secret Rare,DARK,Dragon,Link/Effect Monster,3000,,4,Bottom-Right;Left;Bottom-Left;Right
174819,Squib Draw,Squib Draw,https://tcgplayer-cdn.tcgplayer.com/product/174819_200w.jpg,2,2317,https://cpt.tcgcsv.com/pXp2,2018-09-04T17:17:45.317,1,"Target 1 ""Rokket"" monster you control; destroy it, and if you do, draw 2 cards. You can only activate 1 ""Squib Draw"" per turn.",0.1,0.43,4.98,0.22,,1st Edition,MP18-EN138,Secret Rare,SPELL,,Quick-Play Spell,,,,
174820,Quick Launch,Quick Launch,https://tcgplayer-cdn.tcgplayer.com/product/174820_200w.jpg,2,2317,https://cpt.tcgcsv.com/qXp2,2023-06-07T07:49:14.677,1,"Special Summon 1 ""Rokket"" monster from your Deck, but it cannot attack, also destroy it during the End Phase.",2.9,5.0,25.0,4.63,4.96,1st Edition,MP18-EN139,Secret Rare,SPELL,,Quick-Play Spell,,,,
174821,Overdone Burial,Overdone Burial,https://tcgplayer-cdn.tcgplayer.com/product/174821_200w.jpg,2,2317,https://cpt.tcgcsv.com/rXp2,2024-07-26T14:51:56.227,1,"Activate this card by discarding 1 monster, then target 1 monster in your GY whose Level is lower than the discarded monster's original Level; Special Summon it and equip it with this card. The equipped monster has its effects negated. You can only activate 1 ""Overdone Burial"" per turn.",0.1,0.5,5.99,0.19,0.32,1st Edition,MP18-EN143,Secret Rare,SPELL,,Equip Spell,,,,
174822,Evenly Matched,Evenly Matched,https://tcgplayer-cdn.tcgplayer.com/product/174822_200w.jpg,2,2317,https://cpt.tcgcsv.com/sXp2,2022-12-26T16:22:57.433,1,"At the end of the Battle Phase, if your opponent controls more cards than you do: You can make your opponent banish cards from their field face-down so they control the same number of cards as you do. If you control no cards, you can activate this card from your hand.",2.24,3.28,49.0,3.18,12.88,1st Edition,MP18-EN154,Secret Rare,TRAP,,Normal Trap,,,,
174823,Fuse Line,Fuse Line,https://tcgplayer-cdn.tcgplayer.com/product/174823_200w.jpg,2,2317,https://cpt.tcgcsv.com/tXp2,2024-07-26T14:51:56.26,1,While this card is Set: Target 1 card on the field in this card's column; destroy it.,0.05,0.32,4.99,0.2,0.24,1st Edition,MP18-EN155,Secret Rare,TRAP,,Normal Trap,,,,
174824,Vendread Chimera,Vendread Chimera,https://tcgplayer-cdn.tcgplayer.com/product/174824_200w.jpg,2,2317,https://cpt.tcgcsv.com/vXp2,2018-09-04T17:24:37.957,1,"You can Ritual Summon this card with any ""Vendread"" Ritual Spell. When a card or effect is activated that would destroy a card on the field (Quick Effect): You can banish 1 Zombie monster from your GY; negate the activation, and if you do, destroy that card. If this card is Tributed, or banished, for a Ritual Summon: All monsters your opponent controls lose 500 ATK/DEF. You can only use each effect of ""Vendread Chimera"" once per turn.",0.21,0.5,4.98,0.32,0.5,1st Edition,MP18-EN158,Secret Rare,DARK,Zombie,Ritual/Effect Monster,2300,0,,
174825,Mekk-Knight Blue Sky,Mekk Knight Blue Sky,https://tcgplayer-cdn.tcgplayer.com/product/174825_200w.jpg,2,2317,https://cpt.tcgcsv.com/wXp2,2022-06-11T19:57:44.477,1,"If 2 or more cards are in the same column, you can Special Summon this card (from your hand) to that column. You can only Special Summon ""Mekk-Knight Blue Sky"" once per turn this way. If this card is Normal or Special Summoned from the hand: You can add ""Mekk-Knight"" monsters with different names, except ""Mekk-Knight Blue Sky"", from your Deck to your hand, equal to the number of your opponent's cards in this card's column. You can only use this effect of ""Mekk-Knight Blue Sky"" once per turn.",0.02,0.99,15.0,0.68,0.52,1st Edition,MP18-EN177,Secret Rare,LIGHT,Psychic,Effect Monster,2000,2500,,
174826,Mekk-Knight Purple Nightfall,Mekk Knight Purple Nightfall,https://tcgplayer-cdn.tcgplayer.com/product/174826_200w.jpg,2,2317,https://cpt.tcgcsv.com/xXp2,2018-09-05T15:00:51.153,1,"If 2 or more cards are in the same column, you can Special Summon this card (from your hand) in that column. You can only Special Summon ""Mekk-Knight Purple Nightfall"" once per turn this way. (Quick Effect): You can target 1 ""Mekk-Knight"" monster you control; banish it (until the Standby Phase of your next turn), and if you do, add 1 ""Mekk-Knight"" monster from your Deck to your hand, except ""Mekk-Knight Purple Nightfall"". You can only use this effect of ""Mekk-Knight Purple Nightfall"" once per turn.",0.06,1.4,15.99,0.7,0.94,1st Edition,MP18-EN183,Secret Rare,LIGHT,Psychic,Effect Monster,2500,2000,,
174827,Mythical Beast Master Cerberus,Mythical Beast Master Cerberus,https://tcgplayer-cdn.tcgplayer.com/product/174827_200w.jpg,2,2317,https://cpt.tcgcsv.com/zXp2,2023-10-14T18:25:36.3,1,"<strong>Pendulum Effect:</strong> If you have no cards in your other Pendulum Zone: You can destroy this card, and if you do, add 1 Level 7 or lower ""Mythical Beast"" Effect Monster from your Deck to your hand. You can only use this effect of ""Mythical Beast Master Cerberus"" once per turn.
<br><strong>Monster Effect:</strong> Each time a Spell Card is activated, place 2 Spell Counters on this card when that Spell resolves. Cannot be destroyed by card effects while 4 or more Spell Counters are on your field. Once per turn: You can remove 4 Spell Counters from your field, then target 1 monster your opponent controls; banish it face-up, and if you do, this card gains ATK equal to the banished monster's original ATK until the end of the opponent's turn.",0.49,1.13,19.99,0.91,18.93,1st Edition,MP18-EN185,Secret Rare,LIGHT,Spellcaster,Pendulum/Effect Monster,2800,2800,,
174828,Inspector Boarder,Inspector Boarder,https://tcgplayer-cdn.tcgplayer.com/product/174828_200w.jpg,2,2317,https://cpt.tcgcsv.com/BXp2,2018-08-30T20:01:41.593,1,"Cannot be Normal or Special Summoned if you control a monster. Neither player can activate a monster effect unless the number of monster effects that player has previously activated that turn is less than the number of monster card types currently on the field (Ritual, Fusion, Synchro, Xyz, Pendulum, and Link). (If an effect’s activation was negated, it still counts toward the total for that turn. Only count effects that were activated while this monster was face-up on the field.)",0.25,0.74,6.99,0.51,,1st Edition,MP18-EN193,Secret Rare,LIGHT,Machine,Effect Monster,2000,2000,,
174829,Saryuja Skull Dread,Saryuja Skull Dread,https://tcgplayer-cdn.tcgplayer.com/product/174829_200w.jpg,2,2317,https://cpt.tcgcsv.com/CXp2,2018-08-31T13:09:51.77,1,"2+ monsters with different names
<br>This card gains effects based on the number of monsters used for its Link Summon.
<br>• 2+: If a monster(s) is Normal or Special Summoned to a zone this card points to: That monster(s) gains 300 ATK/DEF.
<br>• 3+: Once per turn: You can Special Summon 1 monster from your hand.
<br>• 4: When this card is Link Summoned: You can draw 4 cards, then place 3 cards from your hand on the bottom of the Deck in any order.",6.09,19.55,39.88,8.07,29.92,1st Edition,MP18-EN202,Secret Rare,EARTH,Dragon,Link/Effect Monster,2800,,4,Bottom-Right;Bottom;Bottom-Left;Top
174830,Pendulum Paradox,Pendulum Paradox,https://tcgplayer-cdn.tcgplayer.com/product/174830_200w.jpg,2,2317,https://cpt.tcgcsv.com/DXp2,2024-07-26T14:51:56.29,1,"Add 2 face-up Pendulum Monsters with the same Pendulum Scale but different names, from your Extra Deck to your hand. You can only activate 1 ""Pendulum Paradox"" per turn.",0.14,0.49,4.98,0.26,,1st Edition,MP18-EN209,Secret Rare,SPELL,,Normal Spell,,,,
174831,"Hey, Trunade!",Hey Trunade,https://tcgplayer-cdn.tcgplayer.com/product/174831_200w.jpg,2,2317,https://cpt.tcgcsv.com/FXp2,2023-02-28T08:54:11.757,1,Return all Set Spells and Traps on the field to the hand.,0.25,1.0,10.0,0.57,,1st Edition,MP18-EN210,Secret Rare,SPELL,,Normal Spell,,,,
174832,Heavymetalfoes Electrumite,Heavymetalfoes Electrumite,https://tcgplayer-cdn.tcgplayer.com/product/174832_200w.jpg,2,2317,https://cpt.tcgcsv.com/GXp2,2018-09-05T16:17:54.273,1,"2 Pendulum Monsters
<br>If this card is Link Summoned: You can add 1 Pendulum Monster from your Deck to your Extra Deck face-up. Once per turn: You can target 1 other face-up card you control; destroy it, then add 1 face-up Pendulum Monster from your Extra Deck to your hand. If a card(s) in your Pendulum Zone leaves the field: Draw 1 card. You can only use this effect of ""Heavymetalfoes Electrumite"" once per turn.",1.99,4.99,39.99,2.57,2.7,1st Edition,MP18-EN229,Secret Rare,FIRE,Psychic,Link/Effect Monster,1800,,2,Bottom-Right;Bottom-Left
174833,"Majesty Maiden, the True Dracocaster",Majesty Maiden the True Dracocaster,https://tcgplayer-cdn.tcgplayer.com/product/174833_200w.jpg,2,2317,https://cpt.tcgcsv.com/HXp2,2018-09-04T14:45:49.19,1,"To Tribute Summon this card face-up, you can Tribute a Continuous Spell/Trap Card you control, instead of a monster. Once per turn, during either player's turn, when your opponent activates a card or effect while you control this Tribute Summoned monster: You can add 1 ""True Draco"" or ""True King"" monster from your Deck to your hand.",0.25,0.7,3.45,0.58,,1st Edition,MP18-EN004,Ultra Rare,WIND,Wyrm,Effect Monster,2300,1500,,
174834,"Mariamne, the True Dracophoenix",Mariamne the True Dracophoenix,https://tcgplayer-cdn.tcgplayer.com/product/174834_200w.jpg,2,2317,https://cpt.tcgcsv.com/JXp2,2024-07-26T14:51:56.32,1,"If this card is in your hand: You can destroy 2 other monsters in your hand and/or face-up on your field, including a WIND monster, and if you do, Special Summon this card, and if you do that, and both destroyed monsters were WIND, you can also banish exactly 4 cards from the top of your opponent's Deck. If this card is destroyed by card effect: You can add 1 non-WIND Wyrm-Type monster from your Deck to your hand. You can only use each effect of ""Mariamne, the True Dracophoenix"" once per turn.",0.05,0.35,2.98,0.22,,1st Edition,MP18-EN005,Ultra Rare,WIND,Wyrm,Effect Monster,2700,2100,,
174835,True Draco Heritage,True Draco Heritage,https://tcgplayer-cdn.tcgplayer.com/product/174835_200w.jpg,2,2317,https://cpt.tcgcsv.com/KXp2,2018-09-04T14:47:14.103,1,"During your Main Phase: You can draw cards equal to the number of ""True Draco"" and ""True King"" card types (Monster, Spell, and Trap) sent from the field to the Graveyard this turn. During your Main Phase, you can: Immediately after this effect resolves, Tribute Summon 1 ""True Draco"" or ""True King"" monster face-up. If this card is sent from the Spell & Trap Zone to the Graveyard: You can target 1 Spell/Trap Card on the field; destroy it. You can only use each effect of ""True Draco Heritage"" once per turn.",0.15,0.67,4.95,0.64,,1st Edition,MP18-EN016,Ultra Rare,SPELL,,Continuous Spell,,,,
174836,Salvagent Driver,Salvagent Driver,https://tcgplayer-cdn.tcgplayer.com/product/174836_200w.jpg,2,2317,https://cpt.tcgcsv.com/LXp2,2018-09-04T14:52:36.21,1,"If a Cyberse Link Monster you control is destroyed by an opponent's card effect while this card is in your hand or GY (except during the Damage Step): You can Special Summon this card. You can discard 1 Spell, then target 1 Cyberse monster in your GY; Special Summon it, but it cannot attack directly this turn. You can only use each effect of ""Salvagent Driver"" once per turn.",0.04,0.25,2.98,0.17,0.05,1st Edition,MP18-EN034,Ultra Rare,LIGHT,Cyberse,Effect Monster,2200,2100,,
174837,Trickstar Candina,Trickstar Candina,https://tcgplayer-cdn.tcgplayer.com/product/174837_200w.jpg,2,2317,https://cpt.tcgcsv.com/MXp2,2018-09-04T14:53:09.103,1,"When this card is Normal Summoned: You can add 1 ""Trickstar"" card from your Deck to your hand. Each time your opponent activates a Spell/Trap Card, inflict 200 damage to them immediately after it resolves.",1.37,2.34,6.99,1.81,,1st Edition,MP18-EN037,Ultra Rare,LIGHT,Fairy,Effect Monster,1800,400,,
174838,World Chalice Guardragon,World Chalice Guardragon,https://tcgplayer-cdn.tcgplayer.com/product/174838_200w.jpg,2,2317,https://cpt.tcgcsv.com/NXp2,2018-09-04T14:54:29.59,1,"When a card or effect is activated that targets your linked monster (Quick Effect): You can send this card from your hand or field to the GY; negate the activation, and if you do, destroy that card. You can banish this card from your GY, then target 1 Normal Monster in your GY; Special Summon it in Defense Position to your zone a Link Monster points to. You can only use this effect of ""World Chalice Guardragon"" once per turn.",0.14,0.5,3.57,0.26,,1st Edition,MP18-EN047,Ultra Rare,WIND,Dragon,Effect Monster,400,400,,
174839,Lee the World Chalice Fairy,Lee the World Chalice Fairy,https://tcgplayer-cdn.tcgplayer.com/product/174839_200w.jpg,2,2317,https://cpt.tcgcsv.com/PXp2,2018-09-04T14:54:42.483,1,"If this card is Normal or Special Summoned: You can add 1 ""World Chalice"" monster from your Deck to your hand. If this card is in your GY: You can send 1 monster from your hand or field to the GY; add this card to your hand. You can only use each effect of ""Lee the World Challice Fairy"" once per turn.",0.05,0.45,2.99,0.23,,1st Edition,MP18-EN048,Ultra Rare,LIGHT,Fairy,Effect Monster,100,2000,,
174840,Trickstar Holly Angel,Trickstar Holly Angel,https://tcgplayer-cdn.tcgplayer.com/product/174840_200w.jpg,2,2317,https://cpt.tcgcsv.com/QXp2,2024-07-26T14:51:56.353,1,"2 ""Trickstar"" monsters
<br>Each time a ""Trickstar"" monster(s) is Normal or Special Summoned to a zone(s) this card points to, inflict 200 damage to your opponent. ""Trickstar"" monsters this card points to cannot be destroyed by battle or card effects. If your opponent takes damage by a ""Trickstar"" monster's effect: This card gains ATK equal to the damage they took, until the end of this turn.",0.15,0.5,19.99,0.42,0.49,1st Edition,MP18-EN063,Ultra Rare,LIGHT,Fairy,Link/Effect Monster,2000,,,
174841,Trickstar Light Stage,Trickstar Light Stage,https://tcgplayer-cdn.tcgplayer.com/product/174841_200w.jpg,2,2317,https://cpt.tcgcsv.com/RXp2,2023-05-01T14:53:37.047,1,"When this card is activated: You can add 1 ""Trickstar"" monster from your Deck to your hand. Once per turn: You can target 1 Set card in your opponent's Spell & Trap Zone; while this card is in the Field Zone, that Set card cannot be activated until the End Phase, and your opponent must activate it during the End Phase or else send it to the GY. Each time a ""Trickstar"" monster you control inflicts battle or effect damage to your opponent, inflict 200 damage to them.",0.35,0.98,13.99,0.74,0.97,1st Edition,MP18-EN069,Ultra Rare,SPELL,,Field Spell,,,,
174842,Spellbook of Knowledge,Spellbook of Knowledge,https://tcgplayer-cdn.tcgplayer.com/product/174842_200w.jpg,2,2317,https://cpt.tcgcsv.com/SXp2,2018-09-04T15:04:42.56,1,"Send to the GY either 1 Spellcaster monster you control, or 1 other ""Spellbook"" card from your hand or face-up from your field, except ""Spellbook of Knowledge"", and if you do, draw 2 cards. You can only activate 1 ""Spellbook of Knowledge"" per turn.",0.22,0.85,3.94,0.67,,1st Edition,MP18-EN076,Ultra Rare,SPELL,,Normal Spell,,,,
174843,Magnarokket Dragon,Magnarokket Dragon,https://tcgplayer-cdn.tcgplayer.com/product/174843_200w.jpg,2,2317,https://cpt.tcgcsv.com/TXp2,2018-09-04T15:22:50.083,1,"When a Link Monster's effect is activated that targets this face-up card on the field (Quick Effect): You can destroy this card, then send 1 monster on the field to the GY. During the End Phase, if this card is in the GY because it was destroyed on the field by battle or card effect and sent there this turn: You can Special Summon 1 ""Rokket"" monster from your Deck, except ""Magnarokket Dragon"". You can only use each effect of ""Magnarokket Dragon"" once per turn.",0.1,0.35,2.98,0.28,,1st Edition,MP18-EN112,Ultra Rare,DARK,Dragon,Effect Monster,1800,1200,,
174844,Altergeist Marionetter,Altergeist Marionetter,https://tcgplayer-cdn.tcgplayer.com/product/174844_200w.jpg,2,2317,https://cpt.tcgcsv.com/VXp2,2023-08-03T16:25:08.27,1,"When this card is Normal Summoned: You can Set 1 ""Altergeist"" Trap directly from your Deck to your Spell & Trap Zone. You can target 1 ""Altergeist"" card you control and 1 ""Altergeist"" monster in your GY; send that card on the field to the GY, and if you do, Special Summon that other monster from your GY. You can only use this effect of ""Altergeist Marionetter"" once per turn.",0.09,0.5,3.29,0.23,,1st Edition,MP18-EN113,Ultra Rare,LIGHT,Spellcaster,Effect Monster,1600,1700,,
174845,Altergeist Meluseek,Altergeist Meluseek,https://tcgplayer-cdn.tcgplayer.com/product/174845_200w.jpg,2,2317,https://cpt.tcgcsv.com/WXp2,2018-08-30T18:59:08.833,1,"This card can attack directly. When this card inflicts battle damage to your opponent: You can target 1 card your opponent controls; send it to the GY. If this card is sent from the field to the GY: You can add 1 ""Altergeist"" monster from your Deck to your hand, except ""Altergeist Meluseek"". You can only use this effect of ""Altergeist Meluseek"" once per turn.",0.1,0.5,2.99,0.42,0.34,1st Edition,MP18-EN115,Ultra Rare,WATER,Spellcaster,Effect Monster,500,300,,
174846,Trickstar Black Catbat,Trickstar Black Catbat,https://tcgplayer-cdn.tcgplayer.com/product/174846_200w.jpg,2,2317,https://cpt.tcgcsv.com/XXp2,2024-07-26T14:51:56.4,1,"2 ""Trickstar"" monsters
<br>Each time a monster(s) this card points to is destroyed by battle or card effect and sent to the GY, inflict 200 damage to your opponent. Each time your opponent takes damage by a ""Trickstar"" monster's effect: Face-up monsters they control lose 200 ATK for each monster this card points to, until the end of this turn.",0.24,0.73,9.99,0.58,0.85,1st Edition,MP18-EN132,Ultra Rare,LIGHT,Fairy,Link/Effect Monster,2000,,2,Left;Right
174847,Gouki Thunder Ogre,Gouki Thunder Ogre,https://tcgplayer-cdn.tcgplayer.com/product/174847_200w.jpg,2,2317,https://cpt.tcgcsv.com/ZXp2,2024-07-26T14:51:56.443,1,"2+ ""Gouki"" monsters
<br>If a monster(s) this card points to is destroyed by battle or card effect: You can make this card gain 400 ATK. The turn player applies the following effect while this monster is on the field.
<br>• During their Main Phase, they can Normal Summon 1 monster from their hand to their zone this card points to, in addition to their Normal Summon/Set. (They can only gain this effect once per turn.)",0.1,0.33,2.98,0.23,,1st Edition,MP18-EN133,Ultra Rare,EARTH,Warrior,Link/Effect Monster,2200,,3,Bottom-Right;Bottom-Left;Top
174848,Altergeist Primebanshee,Altergeist Primebanshee,https://tcgplayer-cdn.tcgplayer.com/product/174848_200w.jpg,2,2317,https://cpt.tcgcsv.com/-Xp2,2018-08-30T18:59:19.97,1,"2+ ""Altergeist"" monsters
<br>During the Main Phase (Quick Effect): You can Tribute 1 other ""Altergeist"" monster; Special Summon 1 ""Altergeist"" monster from your Deck to your zone this card points to. If this card is sent from the field to the GY: You can target 1 ""Altergeist"" card in your GY; add it to your hand. You can only use each effect of ""Altergeist Primebanshee"" once per turn.",0.13,0.5,7.07,0.46,0.47,1st Edition,MP18-EN135,Ultra Rare,DARK,Spellcaster,Link/Effect Monster,2100,,3,Bottom-Right;Bottom;Right
174849,Arrivalrivals,Arrivalrivals,https://tcgplayer-cdn.tcgplayer.com/product/174849_200w.jpg,2,2317,https://cpt.tcgcsv.com/_Xp2,2018-09-04T17:18:24.827,1,"During the Battle Phase: Immediately after this effect resolves, Normal Summon 1 monster. You can only activate 1 ""Arrivalrivals"" per turn.",0.1,0.3,2.98,0.21,0.11,1st Edition,MP18-EN142,Ultra Rare,SPELL,,Quick-Play Spell,,,,
174850,Broken Line,Broken Line,https://tcgplayer-cdn.tcgplayer.com/product/174850_200w.jpg,2,2317,https://cpt.tcgcsv.com/0Zp2,2024-07-26T14:51:56.577,1,"When a Spell/Trap Card, or monster effect, is activated in this card's column, while this card is Set: Negate the activation, and if you do, destroy that card.",0.05,0.3,4.78,0.23,,1st Edition,MP18-EN156,Ultra Rare,TRAP,,Counter Trap,,,,
174851,Mekk-Knight Spectrum Supreme,Mekk Knight Spectrum Supreme,https://tcgplayer-cdn.tcgplayer.com/product/174851_200w.jpg,2,2317,https://cpt.tcgcsv.com/2Zp2,2023-02-22T06:47:27.597,1,"2+ ""Mekk-Knight"" monsters
<br>This card can attack directly if it is the only card in its column. If this card in the Extra Monster Zone points to no monsters, it cannot be destroyed by card effects, also your opponent cannot target it with card effects. You can send 1 other card you control in this card's column to the GY; Special Summon 1 ""Mekk-Knight"" monster from your Deck in Defense Position. You can only use this effect of ""Mekk-Knight Spectrum Supreme"" once per turn.",0.02,0.48,2.98,0.35,,1st Edition,MP18-EN201,Ultra Rare,LIGHT,Cyberse,Link/Effect Monster,3000,,3,Bottom-Right;Bottom;Bottom-Left
174852,World Legacy's Secret,World Legacys Secret,https://tcgplayer-cdn.tcgplayer.com/product/174852_200w.jpg,2,2317,https://cpt.tcgcsv.com/3Zp2,2022-09-08T16:13:37.77,1,"When this card is activated: You can target 1 Level 5 or higher monster in your GY; Special Summon it. When this card leaves the field, destroy that monster. Negate any opponent's monster effect that activates in the same column as a ""Mekk-Knight"" monster you control.",0.01,0.95,9.67,0.63,0.84,1st Edition,MP18-EN218,Ultra Rare,TRAP,,Continuous Trap,,,,
174853,Pendulumucho,Pendulumucho,https://tcgplayer-cdn.tcgplayer.com/product/174853_200w.jpg,2,2317,https://cpt.tcgcsv.com/5Zp2,2018-09-04T14:46:17.38,1,"<b>Pendulum Effect :</b> Once per turn, during your Main Phase, if this card was activated this turn: You can target 1 of your Pendulum Monsters, that is banished or in your Graveyard, except ""Pendulumucho""; add it to your Extra Deck face-up.
<br><b>Monster Effect : </b> If this card is Normal or Special Summoned: You can Special Summon 1 face-up Level 1 Pendulum Monster from your Extra Deck, except ""Pendulumucho"", but banish it when it leaves the field.",0.03,0.25,2.0,0.08,,1st Edition,MP18-EN008,Super Rare,EARTH,Winged Beast,Pendulum/Effect Monster,0,0,,
174854,Waterfall of Dragon Souls,Waterfall of Dragon Souls,https://tcgplayer-cdn.tcgplayer.com/product/174854_200w.jpg,2,2317,https://cpt.tcgcsv.com/6Zp2,2024-07-26T14:51:56.653,1,"Activate 1 of these effects.
<br><b>-</b> Add 1 Wyrm-Type monster from your Deck to your hand.
<br><b>-</b> Send any number of Wyrm-Type monsters from your hand and/or face-up from your field to the Graveyard; draw cards equal to the number of monsters you sent to the Graveyard +1.",0.09,0.39,1.98,0.25,,1st Edition,MP18-EN024,Super Rare,TRAP,,Normal Trap,,,,
174855,Sylvan Princessprite,Sylvan Princessprite,https://tcgplayer-cdn.tcgplayer.com/product/174855_200w.jpg,2,2317,https://cpt.tcgcsv.com/7Zp2,2024-08-22T16:35:19.813,1,"2 Level 1 monsters
<br>You can detach 1 Xyz Material from this card; excavate the top card of your Deck, and if it is a Spell/Trap Card, add it to your hand. Otherwise, send it to the GY. You can send 1 other Plant-Type monster from your hand or face-up from your field to the GY, then target 1 ""Sylvan"" monster in your GY; Special Summon it. You can only use each effect of ""Sylvan Princessprite"" once per turn.",0.24,0.54,2.0,0.35,,1st Edition,MP18-EN026,Super Rare,LIGHT,Plant,Xyz/Effect Monster,1800,100,,
174856,Trickstar Lycoris,Trickstar Lycoris,https://tcgplayer-cdn.tcgplayer.com/product/174856_200w.jpg,2,2317,https://cpt.tcgcsv.com/8Zp2,2018-09-04T14:53:01.78,1,"(Quick Effect): You can reveal this card in your hand, then target 1 ""Trickstar"" monster you control, except ""Trickstar Lycoris""; Special Summon this card, and if you do, return that monster to the hand. Each time a card(s) is added to your opponent's hand, inflict 200 damage to them for each.",0.2,0.56,2.06,0.44,1.95,1st Edition,MP18-EN036,Super Rare,LIGHT,Fairy,Effect Monster,1600,1200,,
174857,Gouki Twistcobra,Gouki Twistcobra,https://tcgplayer-cdn.tcgplayer.com/product/174857_200w.jpg,2,2317,https://cpt.tcgcsv.com/9Zp2,2024-07-26T14:51:56.74,1,"(Quick Effect): You can Tribute 1 ""Gouki"" monster, then target 1 ""Gouki"" monster you control; it gains ATK equal to the original ATK of the Tributed monster until the end of this turn. If this card is sent from the field to the GY: You can add 1 ""Gouki"" card from your Deck to your hand, except ""Gouki Twistcobra"". You can only use each effect of ""Gouki Twistcobra"" once per turn.",0.1,0.41,1.99,0.17,,1st Edition,MP18-EN038,Super Rare,EARTH,Warrior,Effect Monster,1600,0,,
174858,Cracking Dragon,Cracking Dragon,https://tcgplayer-cdn.tcgplayer.com/product/174858_200w.jpg,2,2317,https://cpt.tcgcsv.com/bZp2,2018-09-04T14:53:51.323,1,"Cannot be destroyed by battle with a monster with equal or lower Level. When your opponent Normal or Special Summons exactly 1 monster (and no other monsters are Summoned) while this monster is on the field: You can make that monster lose ATK equal to its Level x 200 (until the end of this turn), and if you do, inflict damage to your opponent equal to the ATK lost by this effect.",0.09,0.25,1.98,0.11,,1st Edition,MP18-EN043,Super Rare,DARK,Machine,Effect Monster,3000,0,,
174859,"Lyla, Twilightsworn Enchantress",Lyla Twilightsworn Enchantress,https://tcgplayer-cdn.tcgplayer.com/product/174859_200w.jpg,2,2317,https://cpt.tcgcsv.com/cZp2,2021-11-11T21:31:09.537,1,"Once per turn, when a Spell/Trap Card or effect is activated (Quick Effect): You can banish 1 ""Lightsworn"" monster from your hand or GY, then target 1 face-up Spell/Trap on the field; destroy it. Once per turn, if your other ""Lightsworn"" monster's effect is activated: Send the top 3 cards of your Deck to the GY.",0.07,0.25,1.98,0.18,,1st Edition,MP18-EN051,Super Rare,DARK,Spellcaster,Effect Monster,1700,200,,
174860,Gouki The Great Ogre,Gouki The Great Ogre,https://tcgplayer-cdn.tcgplayer.com/product/174860_200w.jpg,2,2317,https://cpt.tcgcsv.com/dZp2,2018-08-30T19:51:08.12,1,"2+ ""Gouki"" monsters
<Br>All monsters on the field lose ATK equal to their original DEF. If this card would be destroyed by battle or card effect, you can destroy 1 of your monsters this card points to instead.",0.05,0.25,1.98,0.13,,1st Edition,MP18-EN064,Super Rare,EARTH,Warrior,Link/Effect Monster,2600,,,
174861,Ib the World Chalice Priestess,Ib the World Chalice Priestess,https://tcgplayer-cdn.tcgplayer.com/product/174861_200w.jpg,2,2317,https://cpt.tcgcsv.com/fZp2,2023-11-09T11:20:03.787,1,"2 monsters with different Types and Attributes
<br>This linked card cannot be destroyed by battle or card effects. Your opponent cannot target this linked card with card effects. If a monster(s) this card points to would be destroyed by a card effect, you can send this card to the GY instead. If this card is sent from the field to the GY: You can Special Summon 1 ""World Chalice"" monster from your hand.",0.07,0.39,2.0,0.15,,1st Edition,MP18-EN067,Super Rare,WATER,Spellcaster,Link/Effect Monster,1800,,,
174862,Gouki Re-Match,Gouki Re Match,https://tcgplayer-cdn.tcgplayer.com/product/174862_200w.jpg,2,2317,https://cpt.tcgcsv.com/gZp2,2024-07-26T14:51:56.82,1,"Target 2 ""Gouki"" monsters in your GY with different Levels; Special Summon them in Defense Position. You can only activate 1 ""Gouki Re-Match"" per turn.",0.14,0.37,1.98,0.26,,1st Edition,MP18-EN070,Super Rare,SPELL,,Normal Spell,,,,
174863,Break Off Trap Hole,Break Off Trap Hole,https://tcgplayer-cdn.tcgplayer.com/product/174863_200w.jpg,2,2317,https://cpt.tcgcsv.com/hZp2,2018-09-04T15:05:45.193,1,When a Link Monster is Link Summoned: Destroy all monsters on the field that are not linked.,0.08,0.3,1.98,0.14,,1st Edition,MP18-EN085,Super Rare,TRAP,,Normal Trap,,,,
174864,Heavy Storm Duster,Heavy Storm Duster,https://tcgplayer-cdn.tcgplayer.com/product/174864_200w.jpg,2,2317,https://cpt.tcgcsv.com/jZp2,2018-08-30T19:52:26.047,1,Target up to 2 Spells/Traps on the field; destroy them. You cannot conduct your Battle Phase the turn you activate this card.,0.15,0.49,1.99,0.19,,1st Edition,MP18-EN086,Super Rare,TRAP,,Normal Trap,,,,
174865,Autorokket Dragon,Autorokket Dragon,https://tcgplayer-cdn.tcgplayer.com/product/174865_200w.jpg,2,2317,https://cpt.tcgcsv.com/kZp2,2024-07-26T14:51:56.85,1,"When a Link Monster's effect is activated that targets this face-up card on the field (Quick Effect): You can destroy this card, then send 1 Spell/Trap on the field to the GY. During the End Phase, if this card is in the GY because it was destroyed on the field by battle or card effect and sent there this turn: You can Special Summon 1 ""Rokket"" monster from your Deck, except ""Autorokket Dragon"". You can only use each effect of ""Autorokket Dragon"" once per turn.",0.07,0.3,1.99,0.14,,1st Edition,MP18-EN111,Super Rare,DARK,Dragon,Effect Monster,1600,1000,,
174866,Altergeist Silquitous,Altergeist Silquitous,https://tcgplayer-cdn.tcgplayer.com/product/174866_200w.jpg,2,2317,https://cpt.tcgcsv.com/lZp2,2024-07-26T14:51:56.88,1,"(Quick Effect): You can return 1 other ""Altergeist"" card you control to the hand, then target 1 card your opponent controls; return it to the hand. If this card is sent from the field to the GY: You can target 1 ""Altergeist"" Trap in your GY; add it to your hand. You can only use each effect of ""Altergeist Silquitous"" once per turn.",0.03,0.29,1.98,0.2,,1st Edition,MP18-EN114,Super Rare,WIND,Spellcaster,Effect Monster,800,1500,,
174867,Altergeist Protocol,Altergeist Protocol,https://tcgplayer-cdn.tcgplayer.com/product/174867_200w.jpg,2,2317,https://cpt.tcgcsv.com/mZp2,2018-09-04T17:23:14.743,1,"The activation and effects of ""Altergeist"" cards activated on your field cannot be negated. When your opponent activates a monster effect: You can send 1 other face-up ""Altergeist"" card you control to the GY; Negate the activation, and if you do, destroy it. You can only use this effect of ""Altergeist Protocol"" once per turn.",0.05,0.48,21.98,0.16,0.25,1st Edition,MP18-EN151,Super Rare,TRAP,,Continuous Trap,,,,
174868,Mekk-Knight Indigo Eclipse,Mekk Knight Indigo Eclipse,https://tcgplayer-cdn.tcgplayer.com/product/174868_200w.jpg,2,2317,https://cpt.tcgcsv.com/nZp2,2024-07-26T14:51:56.977,1,"If 2 or more cards are in the same column, you can Special Summon this card (from your hand) in that column. You can only Special Summon ""Mekk-Knight Indigo Eclipse"" once per turn this way. Once per turn (Quick Effect): You can target 1 ""Mekk-Knight"" monster you control; move that target to another of your Main Monster Zones.",0.01,0.55,28.0,0.36,,1st Edition,MP18-EN182,Super Rare,LIGHT,Psychic,Effect Monster,2400,2400,,
174869,Overtex Qoatlus,Overtex Qoatlus,https://tcgplayer-cdn.tcgplayer.com/product/174869_200w.jpg,2,2317,https://cpt.tcgcsv.com/pZp2,2024-07-26T14:51:57.083,1,"Cannot be Normal Summoned/Set. Must be Special Summoned (from your hand) by shuffling 5 of your banished Dinosaur monsters into the Main Deck. Once per turn, when your opponent activates a Spell/Trap Card (Quick Effect): You can destroy 1 Dinosaur monster in your hand or face-up on your field, and if you do, negate that activation, and if you do that, destroy that card. If this card is sent to the GY by a card effect: You can add 1 ""Evolution Pill"" Spell from your Deck to your hand. You can only use this effect of ""Overtex Qoatlus"" once per turn.",0.25,0.49,2.68,0.41,,1st Edition,MP18-EN194,Super Rare,DARK,Dinosaur,Effect Monster,2700,2100,,
174870,Altergeist Hexstia,Altergeist Hexstia,https://tcgplayer-cdn.tcgplayer.com/product/174870_200w.jpg,2,2317,https://cpt.tcgcsv.com/qZp2,2024-07-26T14:51:57.177,1,"2 ""Altergeist"" monsters
<br>Gains ATK equal to the original ATK of each ""Altergeist"" monsters it points to. When a Spell/Trap Card is activated (Quick Effect): You can Tribute 1 ""Altergeist"" monster this card points to; negate the activation, and if you do, destroy that card. If this card is sent from the field to the GY: You can add 1 ""Altegeist"" card from your Deck to your hand. You can only use this effect of ""Altergeist Hexstia"" once per turn.",0.02,0.35,3.99,0.16,0.1,1st Edition,MP18-EN200,Super Rare,FIRE,Spellcaster,Link/Effect Monster,1500,,2,Bottom;Right
174871,Power of the Guardians,Power of the Guardians,https://tcgplayer-cdn.tcgplayer.com/product/174871_200w.jpg,2,2317,https://cpt.tcgcsv.com/rZp2,2018-09-05T16:13:47.92,1,"If an attack is declared involving the equipped monster: Place 1 Spell Counter on this card. The equipped monster gains 500 ATK/DEF for each Spell Counter on this card. If the equipped monster would be destroyed by battle or card effect, you can remove 1 Spell Counter from your field, instead.",1.0,2.0,4.99,1.59,,1st Edition,MP18-EN208,Super Rare,SPELL,,Equip Spell,,,,
174872,Altergeist Manifestation,Altergeist Manifestation,https://tcgplayer-cdn.tcgplayer.com/product/174872_200w.jpg,2,2317,https://cpt.tcgcsv.com/sZp2,2024-07-26T14:51:57.267,1,"Target 1 ""Altergeist"" monster in your GY; Special Summon it in Attack Position and equip it with this card. When this card leaves the field, destroy that monster. You can banish this card from your GY, then target 1 ""Altergeist"" Trap in your GY; add it to your hand. You can only use this effect of ""Altergeist Manifestation"" once per turn.",0.04,0.3,1.98,0.15,,1st Edition,MP18-EN216,Super Rare,TRAP,,Normal Trap,,,,
174873,"Ariel, Priestess of the Nekroz",Ariel Priestess of the Nekroz,https://tcgplayer-cdn.tcgplayer.com/product/174873_200w.jpg,2,2317,https://cpt.tcgcsv.com/tZp2,2018-08-30T19:01:25.923,1,"Once per turn: You can reveal any number of ""Nekroz"" cards in your hand; increase or reduce this card's Level by the number of revealed cards until the end of this turn. If this card is Tributed by a card effect: You can add 1 ""Nekroz"" monster from your Deck to your hand, except a Ritual Monster. You can only use this effect of ""Ariel, Priestess of the Nekroz"" once per turn.",0.2,0.55,1.47,0.58,0.55,1st Edition,MP18-EN007,Rare,WATER,Psychic,Effect Monster,1000,1800,,
174874,Trickstar Lilybell,Trickstar Lilybell,https://tcgplayer-cdn.tcgplayer.com/product/174874_200w.jpg,2,2317,https://cpt.tcgcsv.com/vZp2,2018-09-04T14:52:54.743,1,"If this card is added to your hand, except by drawing it: You can Special Summon it from your hand. You can only use this effect of ""Trickstar Lilybell"" once per turn. This card can attack directly. When this card inflicts battle damage to your opponent: You can target 1 ""Trickstar"" monster in your GY; add it to your hand.",0.4,0.71,3.99,0.69,,1st Edition,MP18-EN035,Rare,LIGHT,Fairy,Effect Monster,800,2000,,
174875,Gouki Suprex,Gouki Suprex,https://tcgplayer-cdn.tcgplayer.com/product/174875_200w.jpg,2,2317,https://cpt.tcgcsv.com/wZp2,2018-09-04T14:53:27.673,1,"When this card is Normal Summoned: You can Special Summon 1 ""Gouki"" monster from your hand. If this card is sent from the field to the GY: You can add 1 ""Gouki"" card from your Deck to your hand, except ""Gouki Suprex"". You can only use this effect of ""Gouki Suprex"" once per turn.",0.2,0.51,2.65,0.51,,1st Edition,MP18-EN039,Rare,EARTH,Warrior,Effect Monster,1800,0,,
174876,Gouki Riscorpio,Gouki Riscorpio,https://tcgplayer-cdn.tcgplayer.com/product/174876_200w.jpg,2,2317,https://cpt.tcgcsv.com/xZp2,2024-07-26T14:51:57.317,1,"If you control no monsters, or all monsters you control are ""Gouki"" monsters, you can Normal Summon this card without Tributing. If this card is sent from the field to the GY: You can add 1 ""Gouki"" card from your Deck to your hand, except ""Gouki Riscorpio"". You can only use this effect of ""Gouki Riscorpio"" once per turn.",0.2,0.43,1.0,0.41,,1st Edition,MP18-EN040,Rare,EARTH,Warrior,Effect Monster,2300,0,,
174877,"World Legacy - ""World Chalice""",World Legacy World Chalice,https://tcgplayer-cdn.tcgplayer.com/product/174877_200w.jpg,2,2317,https://cpt.tcgcsv.com/zZp2,2024-07-26T14:51:57.34,1,"If a monster(s) is Special Summoned from the Extra Deck (except during the Damage Step): You can Tribute this card; send that monster(s) to the GY. You can only use each of the following effects of ""World Legacy - ""World Chalice"""" once per turn.
<br>• If this face-up Normal Summoned/Set card leaves the field: You can Special Summon 2 ""World Chalice"" monsters from your Deck, except ""World Legacy - ""World Chalice"""".
<br>• During your Main Phase, except the turn this card was sent to the GY: You can banish this card from your GY; add 1 ""World Legacy"" card from your Deck to your hand.",0.23,0.5,1.55,0.43,,1st Edition,MP18-EN049,Rare,DARK,Machine,Effect Monster,0,0,,
174878,"Ryko, Twilightsworn Fighter",Ryko Twilightsworn Fighter,https://tcgplayer-cdn.tcgplayer.com/product/174878_200w.jpg,2,2317,https://cpt.tcgcsv.com/BZp2,2018-09-04T14:59:03.87,1,"If this card is Normal Summoned or flipped face-up: You can banish 1 ""Lightsworn"" monster from your hand or GY; banish 1 card on the field. Once per turn, if your other ""Lightsworn"" monster's effect is activated: Send the top 3 cards of your Deck to the GY.",0.4,0.75,2.06,0.72,0.99,1st Edition,MP18-EN053,Rare,DARK,,Effect Monster,200,100,,
174879,Motivating Captain,Motivating Captain,https://tcgplayer-cdn.tcgplayer.com/product/174879_200w.jpg,2,2317,https://cpt.tcgcsv.com/CZp2,2018-09-04T14:59:19.263,1,"When this card is Normal Summoned: You can target 1 Level 4 or lower monster in your GY; Special Summon it in Defense Position, but it has its effects negated.",0.1,0.25,1.49,0.21,0.21,1st Edition,MP18-EN055,Rare,EARTH,Warrior,Effect Monster,400,1200,,
174880,Re: EX,Re EX,https://tcgplayer-cdn.tcgplayer.com/product/174880_200w.jpg,2,2317,https://cpt.tcgcsv.com/DZp2,2018-09-04T14:59:44.207,1,"If this card battles a monster in the Extra Monster Zone, it gains 800 ATK and DEF during the Damage Step only.",0.07,0.29,1.49,0.19,,1st Edition,MP18-EN058,Rare,LIGHT,Dinosaur,Effect Monster,1900,1200,,
174881,Imduk the World Chalice Dragon,Imduk the World Chalice Dragon,https://tcgplayer-cdn.tcgplayer.com/product/174881_200w.jpg,2,2317,https://cpt.tcgcsv.com/FZp2,2024-07-26T14:51:57.373,1,"1 Normal Monster, except a Token
<br>During your Main Phase, you can Normal Summon 1 ""World Chalice"" monster in addition to your Normal Summon/Set. (You can only gain this effect once per turn.) At the start of the Damage Step, if this card battles an opponent's monster this card points to: You can destroy that opponent's monster. If this card is sent from the field to the GY: You can Special Summon 1 ""World Chalice"" monster from your hand.",0.52,0.84,2.01,0.71,,1st Edition,MP18-EN066,Rare,WIND,Dragon,Link/Effect Monster,800,,,
174882,World Legacy Discovery,World Legacy Discovery,https://tcgplayer-cdn.tcgplayer.com/product/174882_200w.jpg,2,2317,https://cpt.tcgcsv.com/GZp2,2018-09-04T15:01:12.57,1,"All ""World Chalice"" monsters on the field gain 300 ATK and DEF. Once per turn, if a face-up ""World Chalice"" monster you control is destroyed by battle, or leaves the field because of an opponent's card effect: You can target 1 ""World Chalice"" monster in your GY; Special Summon it in Defense Position.",0.09,0.25,1.19,0.13,,1st Edition,MP18-EN073,Rare,SPELL,,Field Spell,,,,
174883,Twilight Eraser,Twilight Eraser,https://tcgplayer-cdn.tcgplayer.com/product/174883_200w.jpg,2,2317,https://cpt.tcgcsv.com/HZp2,2018-09-04T15:05:17.577,1,"If you control 2 or more ""Lightsworn"" monsters with the same Type but different names: Banish 2 ""Lightsworn"" monsters from your GY, then target 2 cards on the field; banish them. If this card is sent from the Deck to the GY by a ""Lightsworn"" monster's effect: You can Special Summon 1 ""Lightsworn"" monster from your hand.",0.11,0.3,1.5,0.19,,1st Edition,MP18-EN082,Rare,TRAP,,Normal Trap,,,,
174884,Back to the Front,Back to the Front,https://tcgplayer-cdn.tcgplayer.com/product/174884_200w.jpg,2,2317,https://cpt.tcgcsv.com/JZp2,2018-08-30T19:02:27.363,1,Target 1 monster in your GY; Special Summon it in Defense Position.,0.1,0.57,2.22,0.57,,1st Edition,MP18-EN087,Rare,TRAP,,Normal Trap,,,,
174885,Recall,Recall,https://tcgplayer-cdn.tcgplayer.com/product/174885_200w.jpg,2,2317,https://cpt.tcgcsv.com/KZp2,2018-09-04T15:06:11.333,1,"When your opponent activates a monster effect: Negate the activation, and if you do, destroy that card, also your opponent draws 1 card.",0.01,0.25,1.47,0.14,0.21,1st Edition,MP18-EN088,Rare,TRAP,,Counter Trap,,,,
174886,Trickstar Narkissus,Trickstar Narkissus,https://tcgplayer-cdn.tcgplayer.com/product/174886_200w.jpg,2,2317,https://cpt.tcgcsv.com/LZp2,2018-09-04T15:22:23.55,1,"If your opponent takes effect damage (except during the Damage Step): You can Special Summon this card from your hand. You can only use this effect of ""Trickstar Narkissus"" once per turn. Each time your opponent activates a monster effect in their hand or GY, inflict 200 damage to them immediately after it resolves.",0.1,0.35,1.5,0.24,0.31,1st Edition,MP18-EN107,Rare,LIGHT,Fairy,Effect Monster,1000,1800,,
174887,"World Legacy - ""World Armor""",World Legacy World Armor,https://tcgplayer-cdn.tcgplayer.com/product/174887_200w.jpg,2,2317,https://cpt.tcgcsv.com/MZp2,2018-09-04T15:23:19.443,1,"When a monster is Flip Summoned: You can Special Summon this card from your hand. If this card is Normal or Special Summoned: You can add 1 ""World Legacy"" card from your Deck to your hand. If this Normal Summoned/Set card is on the field (Quick Effect): You can target 1 face-up opponent's monster that was Special Summoned from the Extra Deck; return both that monster and this card to the hand. You can only use each effect of ""World Legacy - ""World Armor"""" once per turn.",0.01,0.53,2.99,0.44,0.23,1st Edition,MP18-EN117,Rare,DARK,Machine,Effect Monster,2500,2500,,
174888,Fantastic Striborg,Fantastic Striborg,https://tcgplayer-cdn.tcgplayer.com/product/174888_200w.jpg,2,2317,https://cpt.tcgcsv.com/NZp2,2018-09-04T17:15:50.08,1,Monsters Tributed for the face-up Tribute Summon of this card are returned to the hand instead of going to the GY. Once per turn: You can discard 1 card; return all cards your opponent controls in this card's column to the hand.,0.05,0.23,1.36,0.08,,1st Edition,MP18-EN126,Rare,WIND,Machine,Effect Monster,2200,2200,,
174889,Destrudo the Lost Dragon's Frisson,Destrudo the Lost Dragons Frisson,https://tcgplayer-cdn.tcgplayer.com/product/174889_200w.jpg,2,2317,https://cpt.tcgcsv.com/PZp2,2018-09-04T17:16:01.583,1,"If this card is in your hand or GY: You can pay half your LP, then target 1 Level 6 or lower monster you control; Special Summon this card, and if you do, this card's Level is reduced by the Level of the targeted monster, also place this card on the bottom of the Deck if it leaves the field. You can only use this effect of ""Destrudo the Lost Dragon's Frisson"" once per turn.",0.44,0.89,7.97,0.81,,1st Edition,MP18-EN127,Rare,DARK,Dragon,Tuner/Effect Monster,1000,3000,,
174890,Elemental Grace Doriado,Elemental Grace Doriado,https://tcgplayer-cdn.tcgplayer.com/product/174890_200w.jpg,2,2317,https://cpt.tcgcsv.com/QZp2,2024-07-26T14:51:57.473,1,"Cannot be Normal Summoned/Set. Must be Special Summoned (from your hand) by having 6 or more monsters with different Attributes in the GYs. Gains ATK/DEF equal to the number of different Attributes in the GYs x 500. When your opponent would Special Summon a monster(s) (Quick Effect): You can banish 3 monsters from your GY; negate the Summon, and if you do, destroy that monster(s).",0.11,0.3,1.49,0.24,0.11,1st Edition,MP18-EN128,Rare,LIGHT,Spellcaster,Effect Monster,0,0,,
174891,Twin Triangle Dragon,Twin Triangle Dragon,https://tcgplayer-cdn.tcgplayer.com/product/174891_200w.jpg,2,2317,https://cpt.tcgcsv.com/RZp2,2018-09-04T17:17:16.647,1,"2 Level 4 or lower Dragon monsters, except Tokens
<br>When this card is Link Summoned: You can pay 500 LP, then target 1 Level 5 or higher monster in your GY; Special Summon it to your zone this card points to, but it cannot attack this turn, also it has its effects negated.",0.1,0.26,1.14,0.21,,1st Edition,MP18-EN134,Rare,DARK,Dragon,Link/Effect Monster,1200,,2,Bottom;Right
174892,Security Block,Security Block,https://tcgplayer-cdn.tcgplayer.com/product/174892_200w.jpg,2,2317,https://cpt.tcgcsv.com/SZp2,2018-09-04T17:17:32.377,1,"Target 1 Cyberse monster on the field; this turn, neither player takes battle damage, also that monster cannot be destroyed by battle.",0.09,0.25,1.47,0.14,,1st Edition,MP18-EN136,Rare,SPELL,,Quick-Play Spell,,,,
174893,Dragonoid Generator,Dragonoid Generator,https://tcgplayer-cdn.tcgplayer.com/product/174893_200w.jpg,2,2317,https://cpt.tcgcsv.com/TZp2,2018-08-30T19:32:53.547,1,"Activate this card by paying 1000 LP. During your Main Phase: You can Special Summon 1 ""Dragonoid Token"" (Machine/EARTH/Level 1/ATK 300/DEF 300) in Attack Position, you cannot Special Summon monsters from the Extra Deck for the rest of this turn, also during the End Phase your opponent Special Summons 1 ""Dragonoid Token"" to their field in Attack Position (even if this card leaves the field). You can use this effect of ""Dragonoid Generator"" up to twice per turn.",0.09,0.25,1.0,0.18,,1st Edition,MP18-EN137,Rare,SPELL,,Continuous Spell,,,,
174894,One-Time Passcode,One Time Passcode,https://tcgplayer-cdn.tcgplayer.com/product/174894_200w.jpg,2,2317,https://cpt.tcgcsv.com/VZp2,2018-09-04T17:18:15.893,1,"Special Summon 1 ""Security Token"" (Cyberse/LIGHT/Level 4/ATK 2000/DEF 2000) in Defense Position. You can only activate 1 ""One-Time Passcode"" per turn.",0.1,0.28,2.5,0.18,,1st Edition,MP18-EN141,Rare,SPELL,,Normal Spell,,,,
174895,Backup Squad,Backup Squad,https://tcgplayer-cdn.tcgplayer.com/product/174895_200w.jpg,2,2317,https://cpt.tcgcsv.com/WZp2,2018-09-04T17:18:46.167,1,Each time you take 1000 or more damage by your opponent's card effect or their monster's attack: Draw 1 card for every 1000 damage you took.,0.1,0.25,1.13,0.18,,1st Edition,MP18-EN145,Rare,SPELL,,Continuous Spell,,,,
174896,Altergeist Camouflage,Altergeist Camouflage,https://tcgplayer-cdn.tcgplayer.com/product/174896_200w.jpg,2,2317,https://cpt.tcgcsv.com/XZp2,2018-09-04T17:23:08.15,1,"Target 1 ""Altergeist"" monster you control; equip this card to it. Your opponent cannot target it for attacks, but it does not prevent your opponent from attacking you directly. Negate an opponent's monster effect that activates by targeting the equipped monster. If an ""Altergeist"" card(s) you control would be destroyed by battle or card effect, you can banish this card from your GY instead.",0.11,0.32,1.49,0.28,,1st Edition,MP18-EN150,Rare,TRAP,,Normal Trap,,,,
174897,Personal Spoofing,Personal Spoofing,https://tcgplayer-cdn.tcgplayer.com/product/174897_200w.jpg,2,2317,https://cpt.tcgcsv.com/ZZp2,2022-03-21T18:42:31.987,1,"Once per turn: You can shuffle 1 other ""Altergeist"" card from your hand or face-up from your field into the Main Deck; add 1 ""Altergeist"" monster from your Deck to your hand.",0.23,0.99,5.75,1.17,,1st Edition,MP18-EN152,Rare,TRAP,,Continuous Trap,,,,
174898,Shelrokket Dragon,Shelrokket Dragon,https://tcgplayer-cdn.tcgplayer.com/product/174898_200w.jpg,2,2317,https://cpt.tcgcsv.com/-Zp2,2018-08-31T13:30:23.07,1,"When a Link Monster's effect is activated that targets this face-up card on the field (Quick Effect): You can destroy this card, then destroy 1 monster in the column this card was in, and if you do, destroy any monsters in that card's adjacent zones. During the End Phase, if this card is in the GY because it was destroyed on the field by battle or card effect and sent there this turn: You can Special Summon 1 ""Rokket"" monster from your Deck, except ""Shellrokket Dragon"". You can only use each effect of ""Shellrokket Dragon"" once per turn.",0.1,0.26,1.49,0.15,,1st Edition,MP18-EN175,Rare,DARK,Dragon,Effect Monster,1100,2000,,
174899,Metalrokket Dragon,Metalrokket Dragon,https://tcgplayer-cdn.tcgplayer.com/product/174899_200w.jpg,2,2317,https://cpt.tcgcsv.com/_Zp2,2018-08-30T20:11:15.613,1,"When a Link Monster's effect is activated that targets this face-up card on the field (Quick Effect): You can destroy this card, then destroy all cards your opponent controls in the same column as the zone this card was in. During the End Phase, if this card is in the GY because it was destroyed on the field by battle or card effect and sent there this turn: You can Special Summon 1 ""Rokket"" monster from your Deck, except ""Metalrokket Dragon"". You can only use each effect of ""Metalrokket Dragon"" once per turn.",0.11,0.3,1.0,0.16,,1st Edition,MP18-EN176,Rare,DARK,Dragon,Effect Monster,1700,1400,,
174900,Mekk-Knight Yellow Star,Mekk Knight Yellow Star,https://tcgplayer-cdn.tcgplayer.com/product/174900_200w.jpg,2,2317,https://cpt.tcgcsv.com/0-p2,2024-07-26T14:51:57.537,1,"If 2 or more cards are in the same column, you can Special Summon this card (from your hand) in that column. You can only Special Summon ""Mekk-Knight Yellow Star"" once per turn this way. You can banish 1 ""Mekk-Knight"" monster from your GY, then target 1 Spell/Trap in this card's column; destroy it.",0.1,0.44,1.54,0.46,,1st Edition,MP18-EN180,Rare,LIGHT,Psychic,Effect Monster,2200,2800,,
174901,Mekk-Knight Red Moon,Mekk Knight Red Moon,https://tcgplayer-cdn.tcgplayer.com/product/174901_200w.jpg,2,2317,https://cpt.tcgcsv.com/2-p2,2024-07-26T14:51:57.567,1,"If 2 or more cards are in the same column, you can Special Summon this card (from your hand) in that column. You can only Special Summon ""Mekk-Knight Red Moon"" once per turn this way. You can banish 1 ""Mekk-Knight"" monster from your GY, then target 1 face-up monster in this card's column; destroy it.",0.1,0.42,1.75,0.35,,1st Edition,MP18-EN181,Rare,LIGHT,Psychic,Effect Monster,2300,2600,,
174902,Ghost Bird of Bewitchment,Ghost Bird of Bewitchment,https://tcgplayer-cdn.tcgplayer.com/product/174902_200w.jpg,2,2317,https://cpt.tcgcsv.com/3-p2,2018-09-05T15:03:00.753,1,"This card gains an effect based on your Main Monster Zone it is in.
<br>• Leftmost: Gains 1000 ATK/DEF.
<br>• Rightmost: Can make up to 2 attacks on monsters during each Battle Phase.
<br>• Center: Your opponent cannot target this card with card effects, also it cannot be destroyed by your opponent's card effects.
<br>• Others: Monsters in this column cannot activate their effects.",0.07,0.25,1.37,0.17,0.11,1st Edition,MP18-EN190,Rare,DARK,Winged Beast,Effect Monster,1300,1500,,
174903,Desmanian Devil,Desmanian Devil,https://tcgplayer-cdn.tcgplayer.com/product/174903_200w.jpg,2,2317,https://cpt.tcgcsv.com/5-p2,2018-09-05T15:03:08.847,1,When this card destroys an opponent's monster by battle: You can add 1 Level 4 or lower Beast monster from your Deck to your hand.,0.05,0.25,1.38,0.14,,1st Edition,MP18-EN191,Rare,EARTH,,Effect Monster,1700,1400,,
174904,World Legacy Scars,World Legacy Scars,https://tcgplayer-cdn.tcgplayer.com/product/174904_200w.jpg,2,2317,https://cpt.tcgcsv.com/6-p2,2018-08-31T14:07:13.677,1,"All ""Mekk-Knight"" monsters on the field gain 300 ATK/DEF. Once per turn: You can discard 1 ""Mekk-Knight"" monster or 1 ""World Legacy"" card; draw 1 card. You can banish 8 ""Mekk-Knight"" monsters with different names from your GY and/or face-up from your field; send your opponent's entire hand and Extra Deck to the GY.",0.01,0.26,1.59,0.22,,1st Edition,MP18-EN205,Rare,SPELL,,Field Spell,,,,
174905,World Legacy Key,World Legacy Key,https://tcgplayer-cdn.tcgplayer.com/product/174905_200w.jpg,2,2317,https://cpt.tcgcsv.com/7-p2,2018-08-31T14:06:30.36,1,"When this card is activated: You can target 1 of your banished ""Mekk-Knight"" monsters or ""World Legacy"" cards; add it to your hand. Negate any opponent's Trap Card effect that activates in the same column as a ""Mekk-Knight"" monster you control.",0.03,0.55,1.58,0.55,0.35,1st Edition,MP18-EN206,Rare,SPELL,,Continuous Spell,,,,
174906,Glory of the Noble Knights,Glory of the Noble Knights,https://tcgplayer-cdn.tcgplayer.com/product/174906_200w.jpg,2,2317,https://cpt.tcgcsv.com/8-p2,2018-08-30T19:42:32.023,1,"Target 1 ""Noble Knight"" monster you control; equip it with 1 Equip Spell from your Deck that can equip to that target. You can only activate 1 ""Glory of the Noble Knights"" per turn.",0.28,0.73,2.8,0.66,,1st Edition,MP18-EN207,Rare,SPELL,,Quick-Play Spell,,,,
174907,World Legacy Whispers,World Legacy Whispers,https://tcgplayer-cdn.tcgplayer.com/product/174907_200w.jpg,2,2317,https://cpt.tcgcsv.com/9-p2,2018-08-31T14:07:24.993,1,"When this card is activated: You can target 1 Level 5 or higher monster on the field; it gains 1000 ATK/DEF until the end of this turn. Negate any opponent's Spell Card effect that activates in the same column as a ""Mekk-Knight"" monster you control.",0.5,0.76,2.49,0.7,0.5,1st Edition,MP18-EN217,Rare,TRAP,,Continuous Trap,,,,
174908,Speedroid Skull Marbles,Speedroid Skull Marbles,https://tcgplayer-cdn.tcgplayer.com/product/174908_200w.jpg,2,2317,https://cpt.tcgcsv.com/b-p2,2018-09-04T14:45:28.56,1,"Once per turn, during the Standby Phase, if your opponent controls a face-up monster that was Special Summoned from the Extra Deck: You can Special Summon this card from your hand. Cannot be destroyed by battle with a Normal Summoned/Set monster. Your opponent takes any battle damage you would have taken from battles involving this card. You can only use this effect of ""Speedroid Skull Marbles"" once per turn. If you control a face-up monster that is not a ""Speedroid"" monster, destroy this card.",0.05,0.25,1.36,0.16,,1st Edition,MP18-EN001,Common,WIND,Machine,Effect Monster,0,3000,,
174909,Speedroid Maliciousmagnet,Speedroid Maliciousmagnet,https://tcgplayer-cdn.tcgplayer.com/product/174909_200w.jpg,2,2317,https://cpt.tcgcsv.com/c-p2,2018-09-04T14:45:36.053,1,"Cannot be used as Synchro Material except for a Synchro Summon by its own effect. During your Main Phase, if this card is Normal or Special Summoned: You can target 1 face-up monster your opponent controls; immediately after this effect resolves, Synchro Summon 1 WIND Synchro Monster using only this card you control and that monster. You can only use this effect of ""Speedroid Maliciousmagnet"" once per turn.",0.13,0.25,1.49,0.24,,1st Edition,MP18-EN002,Common,WIND,Machine,Tuner/Effect Monster,0,0,,
174910,Double Resonator,Double Resonator,https://tcgplayer-cdn.tcgplayer.com/product/174910_200w.jpg,2,2317,https://cpt.tcgcsv.com/d-p2,2024-07-26T14:51:57.61,1,"If this card is Normal or Special Summoned: You can target 1 face-up monster on the field; that target is treated as a Tuner this turn. You can banish this card from your Graveyard, then target 1 Fiend-Type monster you control; that Fiend-Type monster is treated as a Tuner this turn. You can only use this effect of ""Double Resonator"" once per turn.",0.05,0.25,1.7,0.22,0.08,1st Edition,MP18-EN003,Common,FIRE,Fiend,Tuner/Effect Monster,0,0,,
174911,Digital Bug LEDybug,Digital Bug LEDybug,https://tcgplayer-cdn.tcgplayer.com/product/174911_200w.jpg,2,2317,https://cpt.tcgcsv.com/f-p2,2018-09-04T14:46:05.743,1,"Cannot be used as an Xyz Material for an Xyz Summon, except for the Xyz Summon of an Insect-Type monster. Once per turn, when this face-up card is changed from Attack Position to Defense Position: You can add 1 Level 3 Insect-Type monster from your Deck to your hand. An Xyz Monster that was Summoned using this card on the field as Xyz Material gains this effect.
<br><b>-</b> When this card destroys a monster by battle, draw 1 card.",0.01,0.2,1.32,0.09,0.05,1st Edition,MP18-EN006,Common,LIGHT,Insect,Effect Monster,500,0,,
174912,Baobaboon,Baobaboon,https://tcgplayer-cdn.tcgplayer.com/product/174912_200w.jpg,2,2317,https://cpt.tcgcsv.com/g-p2,2024-07-26T14:51:57.673,1,"If this card is Normal or Special Summoned: You can draw 1 card, then place 1 card from your hand on either the top or bottom of your Deck. If this card is destroyed by battle or card effect: You can Special Summon any number of ""Baobaboon"" from your Deck.",0.05,0.22,1.7,0.09,0.05,1st Edition,MP18-EN009,Common,DARK,Plant,Effect Monster,1200,1000,,
174913,Familiar-Possessed - Lyna,Familiar Possessed Lyna,https://tcgplayer-cdn.tcgplayer.com/product/174913_200w.jpg,2,2317,https://cpt.tcgcsv.com/h-p2,2024-07-26T14:51:57.73,1,"You can Special Summon this card (from your hand or Deck) by sending 1 face-up ""Lyna the Light Charmer"" you control and 1 face-up LIGHT monster you control to the Graveyard. When Summoned this way: You can add 1 Spellcaster-Type monster with 1500 DEF from your Deck to your hand, except ""Familiar-Possessed - Lyna"". If this card Special Summoned by its own effect attacks a Defense Position monster, inflict piercing battle damage to your opponent.",0.15,0.25,1.5,0.24,,1st Edition,MP18-EN010,Common,LIGHT,Spellcaster,Effect Monster,1850,1500,,
174914,Magician's Right Hand,Magicians Right Hand,https://tcgplayer-cdn.tcgplayer.com/product/174914_200w.jpg,2,2317,https://cpt.tcgcsv.com/j-p2,2024-07-26T14:51:57.8,1,"Negate the effect of your opponent's first Spell Card or effect that resolves each turn while you control a Spellcaster-Type monster, and if you do, or if it did not have an effect, destroy that card.",0.24,0.39,1.85,0.41,,1st Edition,MP18-EN012,Common,SPELL,,Continuous Spell,,,,
174915,Magician's Left Hand,Magicians Left Hand,https://tcgplayer-cdn.tcgplayer.com/product/174915_200w.jpg,2,2317,https://cpt.tcgcsv.com/k-p2,2024-07-26T14:51:57.877,1,"Negate the effect of your opponent's first Trap Card or effect that resolves each turn while you control a Spellcaster-Type monster, and if you do, destroy that card.",0.14,0.25,1.99,0.21,,1st Edition,MP18-EN013,Common,SPELL,,Continuous Spell,,,,
174916,Disciples of the True Dracophoenix,Disciples of the True Dracophoenix,https://tcgplayer-cdn.tcgplayer.com/product/174916_200w.jpg,2,2317,https://cpt.tcgcsv.com/l-p2,2024-07-26T14:51:57.923,1,"You can target 3 ""True Draco"" and/or ""True King"" cards in your GY; shuffle them into the Deck, then draw 1 card. During your Main Phase, you can: Immediately after this effect resolves, Tribute Summon 1 ""True Draco"" or ""True King"" monster face-up. If this card is sent from the Spell & Trap Zone to the GY: You can target 1 Spell/Trap Card on the field; destroy it. You can only use each effect of ""Disciples of the True Dracophoenix"" once per turn.",0.15,0.38,1.5,0.35,,1st Edition,MP18-EN017,Common,SPELL,,Continuous Spell,,,,
174917,Bug Signal,Bug Signal,https://tcgplayer-cdn.tcgplayer.com/product/174917_200w.jpg,2,2317,https://cpt.tcgcsv.com/m-p2,2024-07-26T14:51:57.987,1,"Target 1 Insect-Type Xyz Monster you control; Special Summon from your Extra Deck, 1 Insect-Type monster that is 2 Ranks higher or lower than that monster you control, by using it as the Xyz Material. (This Special Summon is treated as an Xyz Summon. Xyz Materials attached to it also become Xyz Materials on the Summoned monster.) You can only activate 1 ""Bug Signal"" per turn.",0.02,0.21,1.49,0.1,,1st Edition,MP18-EN018,Common,SPELL,,Quick-Play Spell,,,,
174918,Set Rotation,Set Rotation,https://tcgplayer-cdn.tcgplayer.com/product/174918_200w.jpg,2,2317,https://cpt.tcgcsv.com/n-p2,2024-07-26T14:51:58.033,1,"Set 2 Field Spell Cards with different names from your Deck on the field (1 on your field, and 1 on your opponent's field). While either of those cards remain Set on the field, neither player can activate or Set other Field Spell Cards.",0.1,0.26,2.45,0.18,0.11,1st Edition,MP18-EN019,Common,SPELL,,Quick-Play Spell,,,,
174919,Break Away,Break Away,https://tcgplayer-cdn.tcgplayer.com/product/174919_200w.jpg,2,2317,https://cpt.tcgcsv.com/p-p2,2018-08-30T19:05:37.913,1,"During your opponent's Battle Phase: Send 1 Spell Card from your hand to the GY; end the Battle Phase, then face-up monsters currently on the field have their effects negated until the end of this turn.",0.03,0.22,1.34,0.22,,1st Edition,MP18-EN020,Common,TRAP,,Normal Trap,,,,
174920,The Phantom Knights of Lost Vambrace,The Phantom Knights of Lost Vambrace,https://tcgplayer-cdn.tcgplayer.com/product/174920_200w.jpg,2,2317,https://cpt.tcgcsv.com/q-p2,2018-09-04T14:48:29.013,1,"Target 1 face-up monster on the field; if that target is still face-up on the field, ""The Phantom Knights"" monsters you control cannot be destroyed by battle, also that target loses 600 ATK, also its Level becomes 2. These effects last until the end of this turn. Then, Special Summon this card in Defense Position as a Normal Monster (Warrior-Type/DARK/Level 2/ATK 600/DEF 0). (This card is NOT treated as a Trap Card.)",0.05,0.23,0.94,0.14,0.11,1st Edition,MP18-EN021,Common,TRAP,,Normal Trap,,,,
174921,The Phantom Knights of Wrong Magnetring,The Phantom Knights of Wrong Magnetring,https://tcgplayer-cdn.tcgplayer.com/product/174921_200w.jpg,2,2317,https://cpt.tcgcsv.com/r-p2,2018-09-04T14:48:35.1,1,"When an opponent's monster declares an attack: Negate that attack, then Special Summon this card in Attack Position as an Effect Monster (Warrior-Type/DARK/Level 2/0 ATK/0 DEF) with the following effect. (This card is NOT treated as a Trap Card.)
<br><b>-</b> During either player's turn: You can send this card and 1 face-up card you control to the Graveyard (either a ""The Phantom Knights"" monster or a ""Phantom Knights"" Continuous Spell/Trap Card); draw 2 cards.",0.03,0.23,1.49,0.18,,1st Edition,MP18-EN022,Common,TRAP,,Normal Trap,,,,
174922,True Draco Apocalypse,True Draco Apocalypse,https://tcgplayer-cdn.tcgplayer.com/product/174922_200w.jpg,2,2317,https://cpt.tcgcsv.com/s-p2,2024-07-26T14:51:58.08,1,"If this card is sent from the Spell & Trap Zone to the Graveyard: You can target 1 monster on the field; destroy it. You cannot activate the following effects of ""True Draco Apocalypse"" in the same Chain.
<br><b>-</b> You can target 1 other ""True Draco"" or ""True King"" card you control; destroy it, and if you do, the ATK and DEF of all face-up monsters your opponent controls become half their current ATK and DEF (even if this card leaves the field).
<br><b>-</b> During your opponent's Main Phase, you can: Immediately after this effect resolves, Tribute Summon 1 ""True Draco"" or ""True King"" monster face-up.
<br>You can only use each effect of ""True Draco Apocalypse"" once per turn.",0.1,0.28,1.7,0.27,,1st Edition,MP18-EN023,Common,TRAP,,Continuous Trap,,,,
174923,Kaiser Sea Snake,Kaiser Sea Snake,https://tcgplayer-cdn.tcgplayer.com/product/174923_200w.jpg,2,2317,https://cpt.tcgcsv.com/t-p2,2018-09-04T14:51:43.627,1,"If your opponent controls a monster and you control no monsters, you can Special Summon this card (from your hand). You can only Special Summon ""Kaiser Sea Snake"" once per turn this way. When Summoned this way: You can Special Summon 1 Level 8 Sea Serpent-Type monster from your hand or Graveyard, but its ATK and DEF become 0. If this card is Special Summoned, its Level becomes 4 and original ATK becomes 0.",0.05,0.25,1.39,0.14,0.05,1st Edition,MP18-EN025,Common,WIND,Sea Serpent,Effect Monster,2500,1000,,
174924,Artifact Vajra,Artifact Vajra,https://tcgplayer-cdn.tcgplayer.com/product/174924_200w.jpg,2,2317,https://cpt.tcgcsv.com/v-p2,2018-09-04T14:52:00.493,1,"You can Set this card from your hand to your Spell & Trap Zone as a Spell Card. During your opponent's turn, if this Set card in the Spell & Trap Zone is destroyed and sent to your GY: Special Summon it. If this card is Special Summoned during your opponent's turn: Destroy all cards in your Spell & Trap Zones. When an opponent's monster declares a direct attack: You can Special Summon this card from your hand.",0.04,0.2,1.36,0.1,0.05,1st Edition,MP18-EN027,Common,LIGHT,Fairy,Effect Monster,1800,1900,,
174925,Mild Turkey,Mild Turkey,https://tcgplayer-cdn.tcgplayer.com/product/174925_200w.jpg,2,2317,https://cpt.tcgcsv.com/w-p2,2018-08-30T20:11:26.037,1,"<b>Pendulum Effect :</b> Once per turn: You can roll a six-sided die. Until the end of this turn, reduce this card's Pendulum Scale by that number (min. 1).
<br><b>Monster Effect :</b> <i>The taste of victory will bowl you over.</i>",0.01,0.21,1.7,0.08,0.08,1st Edition,MP18-EN028,Common,FIRE,Winged Beast,Pendulum Monster,1000,2000,,
174926,Ghost Beef,Ghost Beef,https://tcgplayer-cdn.tcgplayer.com/product/174926_200w.jpg,2,2317,https://cpt.tcgcsv.com/x-p2,2018-09-04T14:52:10.773,1,"<b>Pendulum Effect :</b> Once per turn: You can roll a six-sided die. Until the end of this turn, increase this card's Pendulum Scale by that number (max. 10).
<br><b>Monster Effect :</b> <i>The Ghost of Christmas Dinner.</i>",0.05,0.23,1.09,0.12,0.05,1st Edition,MP18-EN029,Common,DARK,,Pendulum Monster,2000,1000,,
174927,Onikuji,Onikuji,https://tcgplayer-cdn.tcgplayer.com/product/174927_200w.jpg,2,2317,https://cpt.tcgcsv.com/z-p2,2018-09-04T14:52:17.993,1,"Once per turn, during your Standby Phase: Your opponent declares 1 card type (Monster, Spell, or Trap). Excavate the top card of your Deck, then if it is that type of card, your opponent draws 1 card. Otherwise, discard 1 random card from their hand. Place the excavated card on the bottom of your Deck.",0.04,0.2,1.49,0.2,0.07,1st Edition,MP18-EN030,Common,TRAP,,Continuous Trap,,,,
174928,Backup Secretary,Backup Secretary,https://tcgplayer-cdn.tcgplayer.com/product/174928_200w.jpg,2,2317,https://cpt.tcgcsv.com/B-p2,2018-09-04T14:52:38.77,1,"If you control a Cyberse monster, you can Special Summon this card (from your hand). You can only Special Summon ""Backup Secretary"" once per turn this way.",0.04,0.22,1.7,0.05,0.05,1st Edition,MP18-EN031,Common,LIGHT,Cyberse,Effect Monster,1200,800,,
174929,Stack Reviver,Stack Reviver,https://tcgplayer-cdn.tcgplayer.com/product/174929_200w.jpg,2,2317,https://cpt.tcgcsv.com/C-p2,2018-08-31T13:32:22.873,1,"If this card is used as material for a Link Summon: You can target 1 other Level 4 or lower Cyberse monster in your GY, that was used as material for that Link Summon; Special Summon it in Defense Position. You can only use this effect of ""Stack Reviver"" once per Duel.",0.04,0.2,1.49,0.1,0.06,1st Edition,MP18-EN032,Common,DARK,Cyberse,Effect Monster,100,600,,
174930,Launcher Commander,Launcher Commander,https://tcgplayer-cdn.tcgplayer.com/product/174930_200w.jpg,2,2317,https://cpt.tcgcsv.com/D-p2,2018-08-30T20:02:55.757,1,"All other Cyberse monsters you control gain 300 ATK and DEF. Once per turn: You can Tribute 1 Cyberse monster, then target 1 face-up monster your opponent controls; destroy it.",0.04,0.2,1.35,0.08,0.05,1st Edition,MP18-EN033,Common,EARTH,Cyberse,Effect Monster,1700,1200,,
174931,Hack Worm,Hack Worm,https://tcgplayer-cdn.tcgplayer.com/product/174931_200w.jpg,2,2317,https://cpt.tcgcsv.com/F-p2,2018-09-04T14:53:40.293,1,"If your opponent controls no monsters, you can Special Summon this card (from your hand).",0.03,0.2,1.7,0.09,0.05,1st Edition,MP18-EN041,Common,DARK,Machine,Effect Monster,400,0,,
174932,Jack Wyvern,Jack Wyvern,https://tcgplayer-cdn.tcgplayer.com/product/174932_200w.jpg,2,2317,https://cpt.tcgcsv.com/G-p2,2024-07-26T14:51:58.113,1,"You can banish this card and 1 face-up Machine monster you control, then target 1 DARK monster in your GY; Special Summon it. You can only use this effect of ""Jack Wyvern"" once per turn.",0.04,0.23,1.35,0.25,0.05,1st Edition,MP18-EN042,Common,DARK,Machine,Effect Monster,1800,0,,
174933,Crowned by the World Chalice,Crowned by the World Chalice,https://tcgplayer-cdn.tcgplayer.com/product/174933_200w.jpg,2,2317,https://cpt.tcgcsv.com/H-p2,2018-09-04T14:54:10.207,1,"<em>With her magical staff, she can channel the living heart of her world to shield her people from the Mekk-Knights that have overrun it.</em>",0.01,0.26,1.14,0.26,0.11,1st Edition,MP18-EN044,Common,WATER,Spellcaster,Normal Monster,0,2100,,
174934,Chosen by the World Chalice,Chosen by the World Chalice,https://tcgplayer-cdn.tcgplayer.com/product/174934_200w.jpg,2,2317,https://cpt.tcgcsv.com/J-p2,2024-07-26T14:51:58.16,1,"<em>Inspired by the World Hero legends he heard as a boy, this crusader adds a piece to his armor from every Mekkstrosity he destroys. He has set out on a quest from Fairy Lee to recover the Seven World Legacies and save their world.</em>",0.08,0.2,1.42,0.2,0.11,1st Edition,MP18-EN045,Common,FIRE,Psychic,Normal Monster,1600,0,,
174935,Beckoned by the World Chalice,Beckoned by the World Chalice,https://tcgplayer-cdn.tcgplayer.com/product/174935_200w.jpg,2,2317,https://cpt.tcgcsv.com/K-p2,2024-07-26T14:51:58.19,1,"<em>His battle with the Mekkstrosities never seems to end. Even when their forest was invaded by Mekkstrocious Insects, he stood his ground and inspired the other defenders around him.</em>",0.11,0.25,1.42,0.16,0.11,1st Edition,MP18-EN046,Common,EARTH,Warrior,Normal Monster,1800,0,,
174936,"Jain, Twilightsworn General",Jain Twilightsworn General,https://tcgplayer-cdn.tcgplayer.com/product/174936_200w.jpg,2,2317,https://cpt.tcgcsv.com/L-p2,2024-07-26T14:51:58.23,1,"Once per turn: You can banish 1 ""Lightsworn"" monster from your hand or GY, then target 1 face-up monster on the field; it loses ATK and DEF equal to the banished monster's Level x 300, until the end of this turn. Once per turn, if your other ""Lightsworn"" monster's effect is activated: Send the top 2 cards of your Deck to the GY.",0.1,0.23,1.13,0.21,,1st Edition,MP18-EN050,Common,DARK,Warrior,Effect Monster,1800,1200,,
174937,Treasure Panda,Treasure Panda,https://tcgplayer-cdn.tcgplayer.com/product/174937_200w.jpg,2,2317,https://cpt.tcgcsv.com/M-p2,2018-09-04T14:59:29.983,1,"You can banish up to 3 Spells/Traps from your GY, face-down; Special Summon 1 Normal Monster from your Deck whose Level equals the number of cards banished to activate this effect.",0.05,0.24,1.49,0.12,0.11,1st Edition,MP18-EN056,Common,EARTH,,Effect Monster,1100,2000,,
174938,Zombina,Zombina,https://tcgplayer-cdn.tcgplayer.com/product/174938_200w.jpg,2,2317,https://cpt.tcgcsv.com/N-p2,2025-05-02T19:49:19.17,1,"If this card in its owner's possession is destroyed by an opponent's card (by battle or card effect): You can target 1 Level 4 or lower monster in your GY, except ""Zombina""; Special Summon it.",0.04,0.21,1.35,0.18,,1st Edition,MP18-EN057,Common,EARTH,Zombie,Effect Monster,1400,1500,,
174939,Orbital Hydralander,Orbital Hydralander,https://tcgplayer-cdn.tcgplayer.com/product/174939_200w.jpg,2,2317,https://cpt.tcgcsv.com/P-p2,2018-08-30T20:13:26.157,1,"Cannot be Normal Summoned/Set. Must be Special Summoned (from your hand) by having 5 or more monsters in your GY, and no monsters in your GY with the same name. Once per turn (Quick Effect): You can send the top 3 cards of your Deck to the GY; destroy 1 card on the field. You must have at least 2 monsters in your GY, and no monsters with the same name, to activate and to resolve this effect.",0.06,0.26,2.0,0.27,,1st Edition,MP18-EN059,Common,DARK,Machine,Effect Monster,3000,1500,,
174940,The Ascended of Thunder,The Ascended of Thunder,https://tcgplayer-cdn.tcgplayer.com/product/174940_200w.jpg,2,2317,https://cpt.tcgcsv.com/Q-p2,2023-05-05T17:58:01.417,1,You can Special Summon this card (from your hand) by paying 3000 LP. If this card Summoned this way in its owner's control is destroyed by an opponent's card (by battle or card effect): Gain 5000 LP.,0.19,0.62,7.99,0.62,0.6,1st Edition,MP18-EN060,Common,LIGHT,Thunder,Effect Monster,2700,2400,,
174941,Parry Knights,Parry Knights,https://tcgplayer-cdn.tcgplayer.com/product/174941_200w.jpg,2,2317,https://cpt.tcgcsv.com/R-p2,2023-05-05T17:57:44.877,1,"When you take battle damage from an opponent's attacking monster: You can Special Summon this card from your hand, then you can Special Summon 1 monster from your hand with ATK less than or equal to the damage you took.",0.05,0.23,1.7,0.12,,1st Edition,MP18-EN061,Common,EARTH,Warrior,Effect Monster,2300,2100,,
174942,Air Cracking Storm,Air Cracking Storm,https://tcgplayer-cdn.tcgplayer.com/product/174942_200w.jpg,2,2317,https://cpt.tcgcsv.com/S-p2,2018-08-30T18:57:30.043,1,Equip only to a Machine monster. When that attacking monster destroys your opponent's monster by battle: You can activate this effect; it can make a second attack during this Battle Phase. Your other monsters cannot attack the turn you activate this effect.,0.05,0.21,1.36,0.08,0.1,1st Edition,MP18-EN071,Common,SPELL,,Equip Spell,,,,
174943,Smile Universe,Smile Universe,https://tcgplayer-cdn.tcgplayer.com/product/174943_200w.jpg,2,2317,https://cpt.tcgcsv.com/T-p2,2023-10-20T17:58:35.91,1,"Special Summon as many face-up Pendulum Monsters from your Extra Deck as possible, but they have their effects negated (if any), then your opponent gains LP equal to the total original ATK of those Special Summoned monsters. You cannot Normal or Special Summon other monsters, or attack, during the turn you activate this card.",0.04,0.2,1.35,0.08,0.09,1st Edition,MP18-EN072,Common,SPELL,,Quick-Play Spell,,,,
174944,World Legacy's Heart,World Legacys Heart,https://tcgplayer-cdn.tcgplayer.com/product/174944_200w.jpg,2,2317,https://cpt.tcgcsv.com/V-p2,2018-08-31T14:07:34.85,1,"Target 2 ""World Chalice"" monsters in your GY with different names; add them to your hand. If your linked Link Monster would be destroyed by battle, you can banish this card from your GY instead. You can only activate 1 ""Starrelic's Aegis"" per turn.",0.01,0.2,1.49,0.18,0.1,1st Edition,MP18-EN074,Common,SPELL,,Normal Spell,,,,
174945,Emerging Emergency Rescute Rescue,Emerging Emergency Rescute Rescue,https://tcgplayer-cdn.tcgplayer.com/product/174945_200w.jpg,2,2317,https://cpt.tcgcsv.com/W-p2,2018-09-04T15:04:44.647,1,"If your LP is lower than your opponent's: Reveal 3 Beast monsters with 300 ATK and 100 DEF from your Deck, your opponent chooses 1 for you to add to your hand, and you shuffle the rest back into your Deck. You can only activate 1 ""Emerging Emergency Rescute Rescue"" per turn.",0.05,0.23,0.94,0.11,0.05,1st Edition,MP18-EN075,Common,SPELL,,Normal Spell,,,,
174946,Gravity Lash,Gravity Lash,https://tcgplayer-cdn.tcgplayer.com/product/174946_200w.jpg,2,2317,https://cpt.tcgcsv.com/X-p2,2018-09-04T15:04:49.79,1,Target 1 face-up monster on the field; it loses ATK equal to its DEF until the end of this turn.,0.05,0.22,1.49,0.09,,1st Edition,MP18-EN077,Common,SPELL,,Normal Spell,,,,
174947,Defense Zone,Defense Zone,https://tcgplayer-cdn.tcgplayer.com/product/174947_200w.jpg,2,2317,https://cpt.tcgcsv.com/Z-p2,2023-10-20T17:57:21.403,1,"For each monster a player controls in their Main Monster Zone, their Spells/Traps in the same column as that monster cannot be destroyed by their opponent's card effects, and their opponent cannot target them with card effects.",0.05,0.24,1.49,0.06,0.05,1st Edition,MP18-EN078,Common,SPELL,,Field Spell,,,,
174948,Three Strikes Barrier,Three Strikes Barrier,https://tcgplayer-cdn.tcgplayer.com/product/174948_200w.jpg,2,2317,https://cpt.tcgcsv.com/--p2,2018-08-31T13:37:32.97,1,"If your opponent controls exactly 3 cards: Activate 1 of these effects;
<br>• this turn, your monsters cannot be destroyed by battle.
<br>• this turn, you take no battle damage.
<br>• this turn, each time your monster inflicts battle damage to your opponent, you gain the same amount of LP.",0.05,0.23,6.25,0.11,,1st Edition,MP18-EN079,Common,TRAP,,Normal Trap,,,,
174949,Pulse Mines,Pulse Mines,https://tcgplayer-cdn.tcgplayer.com/product/174949_200w.jpg,2,2317,https://cpt.tcgcsv.com/_-p2,2024-07-26T14:51:58.31,1,"If you control a Machine monster: Change your opponent's Attack Position monsters (if any) to Defense Position, also, until the end of this turn, if a monster(s) is Normal or Special Summoned to your opponent's field, change them to Defense Position.",0.05,0.25,6.2,0.27,,1st Edition,MP18-EN080,Common,TRAP,,Normal Trap,,,,
174950,World Legacy Landmark,World Legacy Landmark,https://tcgplayer-cdn.tcgplayer.com/product/174950_200w.jpg,2,2317,https://cpt.tcgcsv.com/0_p2,2018-09-04T15:05:19.04,1,"Banish 1 ""World Legacy"" monster from your hand or face-up from your field, then target 2 monsters in your GY; Special Summon them, but they cannot attack this turn.",0.04,0.21,1.49,0.16,,1st Edition,MP18-EN081,Common,TRAP,,Normal Trap,,,,
174951,Twilight Cloth,Twilight Cloth,https://tcgplayer-cdn.tcgplayer.com/product/174951_200w.jpg,2,2317,https://cpt.tcgcsv.com/2_p2,2018-09-04T15:05:28.97,1,"Target 1 face-up monster you control; banish any number of ""Lightsworn"" monsters from your GY, and if you do, that monster gains 200 ATK and DEF for each monster banished by this effect, until the end of this turn. If this card is sent from the Deck to the GY by a ""Lightsworn"" monster's effect: You can activate this effect; this turn, ""Lightsworn"" monsters you control cannot be destroyed by battle or card effects.",0.03,0.23,1.49,0.14,,1st Edition,MP18-EN083,Common,TRAP,,Normal Trap,,,,
174952,Dark World Brainwashing,Dark World Brainwashing,https://tcgplayer-cdn.tcgplayer.com/product/174952_200w.jpg,2,2317,https://cpt.tcgcsv.com/3_p2,2018-09-04T15:05:34.533,1,"When an opponent's monster activates its effect, if you have 3 or more cards in your hand (except during the Damage Step): You can target 1 ""Dark World"" monster on the field; return it to the hand, and if you do, the activated effect becomes ""Discard 1 random card from your opponent's hand"".",0.01,0.2,1.49,0.07,0.05,1st Edition,MP18-EN084,Common,TRAP,,Continuous Trap,,,,
174953,Samurai Skull,Samurai Skull,https://tcgplayer-cdn.tcgplayer.com/product/174953_200w.jpg,2,2317,https://cpt.tcgcsv.com/5_p2,2018-09-04T15:06:26.937,1,"When this card is Normal Summoned: You can send 1 Zombie monster from your Deck to the GY. If this face-up card in its owner's control leaves the field because of an opponent's card effect: You can Special Summon 1 Level 4 or lower Zombie monster from your Deck, except ""Samurai Skull"".",0.1,0.29,1.7,0.24,,1st Edition,MP18-EN089,Common,DARK,Zombie,Effect Monster,1700,0,,
174954,F.A. Sonic Meister,FA Sonic Meister,https://tcgplayer-cdn.tcgplayer.com/product/174954_200w.jpg,2,2317,https://cpt.tcgcsv.com/6_p2,2018-09-04T15:06:32.443,1,"Gains ATK equal to its Level x 300. Cannot be destroyed by battle with an opponent's monster whose original Level/Rank is lower than this card's Level. Each time a ""F.A."" Spell/Trap Card or effect is activated: You can increase this card's Level by 1. If this card is Level 7 or higher, it can make up to 2 attacks on monsters during each Battle Phase.",0.05,0.24,1.09,0.25,0.11,1st Edition,MP18-EN091,Common,WIND,Machine,Effect Monster,0,1000,,
174955,F.A. Hang On Mach,FA Hang On Mach,https://tcgplayer-cdn.tcgplayer.com/product/174955_200w.jpg,2,2317,https://cpt.tcgcsv.com/7_p2,2021-11-08T21:12:02.433,1,"Gains ATK equal to its Level x 300. Unaffected by activated effects from an opponent's monster whose original Level/Rank is lower than this card's Level. Each time a ""F.A."" Spell/Trap Card or effect is activated: You can increase this card's Level by 1. If this card is Level 7 or higher, any card sent to your opponent's GY is banished instead.",0.05,0.2,1.49,0.11,0.09,1st Edition,MP18-EN092,Common,WIND,Machine,Effect Monster,0,1800,,
174956,F.A. Circuit Grand Prix,FA Circuit Grand Prix,https://tcgplayer-cdn.tcgplayer.com/product/174956_200w.jpg,2,2317,https://cpt.tcgcsv.com/8_p2,2018-09-04T15:06:46.777,1,"Increase the Levels of all ""F.A."" monsters on the field by 2 during the Battle Phase only. Once per turn, when your ""F.A."" monster destroys an opponent's monster by battle: You can draw 1 card. If this face-up card on the field is destroyed by a card effect: You can add 1 ""F.A."" card from your Deck to your hand, except ""F.A. Circuit Grand Prix"". You can only use this effect of ""F.A. Circuit Grand Prix"" once per turn.",0.05,0.24,1.49,0.13,0.11,1st Edition,MP18-EN093,Common,SPELL,,Field Spell,,,,
174957,F.A. Downforce,FA Downforce,https://tcgplayer-cdn.tcgplayer.com/product/174957_200w.jpg,2,2317,https://cpt.tcgcsv.com/9_p2,2018-09-04T15:06:53.387,1,"Target 1 ""F.A."" monster you control; increase its Level by 2 until the end of this turn. During your Main Phase, except the turn this card was sent to the GY: You can banish this card from your GY, then target 1 ""F.A."" monster you control; increase its Level by 2 until the end of this turn. You can only use each effect of ""F.A. Downforce"" once per turn.",0.04,0.2,1.49,0.2,0.05,1st Edition,MP18-EN094,Common,SPELL,,Quick-Play Spell,,,,
174958,Junk Breaker,Junk Breaker,https://tcgplayer-cdn.tcgplayer.com/product/174958_200w.jpg,2,2317,https://cpt.tcgcsv.com/b_p2,2018-09-04T15:07:10.333,1,"During your Main Phase, if this card was Normal Summoned this turn: You can Tribute this card; all face-up monsters on the field have their effects negated until the end of this turn.",0.05,0.23,1.7,0.2,,1st Edition,MP18-EN095,Common,EARTH,Warrior,Effect Monster,1800,1000,,
174959,Infernity Patriarch,Infernity Patriarch,https://tcgplayer-cdn.tcgplayer.com/product/174959_200w.jpg,2,2317,https://cpt.tcgcsv.com/c_p2,2024-07-26T14:51:58.387,1,"If this is the only card in your hand, you can Special Summon it (from your hand). You can only Special Summon ""Infernity Patriarch"" once per turn this way. While you have no cards in your hand, if an ""Infernity"" monster(s) you control would be destroyed by battle or card effect, you can banish this card from your GY instead.",0.05,0.24,1.49,0.15,0.1,1st Edition,MP18-EN096,Common,DARK,Fiend,Effect Monster,1000,2000,,
174960,Gogogo Aristera & Dexia,Gogogo Aristera and Dexia,https://tcgplayer-cdn.tcgplayer.com/product/174960_200w.jpg,2,2317,https://cpt.tcgcsv.com/d_p2,2024-07-26T14:51:58.433,1,"While another ""Gogogo"" monster is on the field, your opponent's monsters cannot target ""Gogogo"" monsters for attacks, also your opponent cannot target ""Gogogo"" monsters on the field with card effects. An Xyz Monster that was Summoned using only this card and other ""Gogogo"" monsters as material gains this effect.
<br>• When it is Xyz Summoned: You can target 1 face-up Attack Position monster your opponent controls; change it to Defense Position, and if you do, change its DEF to 0.",0.02,0.22,1.49,0.08,0.05,1st Edition,MP18-EN097,Common,EARTH,Rock,Effect Monster,0,2200,,
174961,Wicked Acolyte Chilam Sabak,Wicked Acolyte Chilam Sabak,https://tcgplayer-cdn.tcgplayer.com/product/174961_200w.jpg,2,2317,https://cpt.tcgcsv.com/f_p2,2018-08-31T14:05:05.39,1,"If you have 5 or more cards in your hand, you can Normal Summon this card without Tributing. When this card is destroyed by battle and sent to the GY: You can Special Summon this card in Defense Position, and if you do, it is treated as a Tuner. You can only use this effect of ""Wicked Acolyte Chilam Sabak"" once per turn.",0.03,0.21,1.7,0.12,0.11,1st Edition,MP18-EN098,Common,DARK,Reptile,Effect Monster,2500,0,,
174962,Galaxy Worm,Galaxy Worm,https://tcgplayer-cdn.tcgplayer.com/product/174962_200w.jpg,2,2317,https://cpt.tcgcsv.com/g_p2,2018-09-04T15:07:34.703,1,"When this card is Normal Summoned while you control no other monsters: You can Special Summon 1 Level 3 or lower ""Galaxy"" Effect Monster from your Deck, but it has its effects negated.",0.04,0.22,1.49,0.13,0.05,1st Edition,MP18-EN099,Common,LIGHT,Insect,Effect Monster,1200,1000,,
174963,Destiny HERO - Dangerous,Destiny HERO Dangerous,https://tcgplayer-cdn.tcgplayer.com/product/174963_200w.jpg,2,2317,https://cpt.tcgcsv.com/h_p2,2018-09-04T15:21:37.613,1,"1 ""Destiny HERO"" monster + 1 DARK Effect Monster
<br>(Quick Effect): You can discard 1 card; send 1 ""Destiny HERO"" monster from your hand or Deck to the GY, and if you do, ""Destiny HERO"" monsters you control gain 200 ATK for each ""Destiny HERO"" monster in your GY until the end of this turn. You can only use this effect of ""Destiny HERO - Dangerous"" once per turn.",0.01,0.25,1.7,0.11,0.1,1st Edition,MP18-EN100,Common,DARK,Warrior,Fusion/Effect Monster,2000,2600,,
174964,Abyss Actor - Trendy Understudy,Abyss Actor Trendy Understudy,https://tcgplayer-cdn.tcgplayer.com/product/174964_200w.jpg,2,2317,https://cpt.tcgcsv.com/j_p2,2024-07-26T14:51:58.503,1,"<strong>Pendulum Effect:</strong> When you Pendulum Summon a monster: You can add 1 face-up Level 1 or 8 ""Abyss Actor"" Pendulum Monster from your Extra Deck to your hand.
<br><strong>Monster Effect:</strong> If you have 2 ""Abyss Actor"" cards in your Pendulum Zones: You can Tribute this card; Special Summon 1 Level 1 or 8 ""Abyss Actor"" Pendulum Monster from your hand or face-up from your Extra Deck. You can only use this effect of ""Abyss Actor - Trendy Understudy"" once per turn.",0.05,0.23,1.49,0.09,,1st Edition,MP18-EN101,Common,DARK,Fiend,Pendulum/Effect Monster,700,700,,
174965,Speedroid Passinglider,Speedroid Passinglider,https://tcgplayer-cdn.tcgplayer.com/product/174965_200w.jpg,2,2317,https://cpt.tcgcsv.com/k_p2,2024-07-26T14:51:58.583,1,"<strong>Pendulum Effect:</strong> Once per turn: You can send 1 ""Speedroid"" Tuner from your hand or face-up from your field to the GY; increase or reduce (min. 1) this card's Pendulum Scale by the original Level of the sent monster until the end of this turn.
<br><strong>Monster Effect:</strong> If there are no monsters on the field, you can Special Summon this card (from your hand). You can only Special Summon ""Speedroid Passinglider"" once per turn this way. When this card is Tribute Summoned: You can target 1 Level 4 or lower ""Speedroid"" monster in your GY; Special Summon it. Your opponent's monsters cannot target ""Speedroid"" monsters for attacks, except this one.",0.05,0.25,1.49,0.21,,1st Edition,MP18-EN102,Common,WIND,Machine,Pendulum/Effect Monster,700,700,,
174966,Ancient Gear Golem - Ultimate Pound,Ancient Gear Golem Ultimate Pound,https://tcgplayer-cdn.tcgplayer.com/product/174966_200w.jpg,2,2317,https://cpt.tcgcsv.com/l_p2,2018-09-04T15:21:51.3,1,"Cannot be Special Summoned. If this card attacks a Defense Position monster, inflict piercing battle damage. Up to twice per turn, when this attacking card destroys a monster by battle: You can discard 1 Machine monster; this card can attack again in a row. If this card on the field is destroyed by battle or card effect: You can add 1 ""Polymerization"" from your Deck to your hand, and if you do, add 1 other ""Ancient Gear"" monster from your GY to your hand.",0.08,0.23,1.4,0.14,0.11,1st Edition,MP18-EN103,Common,EARTH,Machine,Effect Monster,3000,3000,,
174967,Defect Compiler,Defect Compiler,https://tcgplayer-cdn.tcgplayer.com/product/174967_200w.jpg,2,2317,https://cpt.tcgcsv.com/m_p2,2018-09-04T15:22:05.81,1,"Once per turn, if you would take damage from an opponent's card effect, place 1 Defect Counter on this card instead (max. 1). Once per turn (Quick Effect): You can remove 1 Defect Counter from this card, then target 1 Cyberse monster you control; it gains 800 ATK until the end of this turn.",0.01,0.2,1.49,0.11,,1st Edition,MP18-EN104,Common,LIGHT,Cyberse,Effect Monster,1000,1000,,
174968,Capacitor Stalker,Capacitor Stalker,https://tcgplayer-cdn.tcgplayer.com/product/174968_200w.jpg,2,2317,https://cpt.tcgcsv.com/n_p2,2024-07-26T14:51:58.647,1,"When this card is Normal Summoned: You can target 1 other Cyberse monster you control; while this face-up monster is on the field, that monster gains 800 ATK. If this card in the Monster Zone is destroyed by a card effect and sent to the GY: Each player takes 800 damage. You can only use this effect of ""Capacitor Stalker"" once per turn.",0.01,0.17,1.34,0.11,,1st Edition,MP18-EN105,Common,LIGHT,Cyberse,Effect Monster,2000,1000,,
174969,Link Infra-Flier,Link Infra Flier,https://tcgplayer-cdn.tcgplayer.com/product/174969_200w.jpg,2,2317,https://cpt.tcgcsv.com/p_p2,2022-08-13T04:47:05.28,1,"You can Special Summon this card (from your hand) to your zone a Link Monster points to. You can only Special Summon ""Link Infra-Flier"" once per turn this way.",0.11,0.25,1.49,0.28,0.12,1st Edition,MP18-EN106,Common,WIND,Cyberse,Effect Monster,0,1800,,
174970,Gouki Headbatt,Gouki Headbatt,https://tcgplayer-cdn.tcgplayer.com/product/174970_200w.jpg,2,2317,https://cpt.tcgcsv.com/q_p2,2024-07-26T14:51:58.74,1,"If this card is in your hand: You can send 1 other ""Gouki"" monster from your hand to the GY, then target 1 ""Gouki"" monster you control; Special Summon this card in Defense Position, and if you do, the targeted monster gains 800 ATK until the end of this turn. If this card is sent from the field to the GY: You can add 1 ""Gouki"" card from your Deck to your hand, except ""Gouki Headbatt"". You can only use each effect of ""Gouki Headbatt"" once per turn.",0.08,0.25,1.49,0.22,,1st Edition,MP18-EN108,Common,EARTH,Warrior,Effect Monster,800,0,,
174971,Sniffer Dragon,Sniffer Dragon,https://tcgplayer-cdn.tcgplayer.com/product/174971_200w.jpg,2,2317,https://cpt.tcgcsv.com/r_p2,2018-08-31T13:31:01.073,1,"If this card is Normal or Special Summoned: You can add 1 ""Sniffer Dragon"" from your Deck to your hand. You can only use this effect of ""Sniffer Dragon"" once per turn.",0.01,0.21,1.7,0.06,,1st Edition,MP18-EN109,Common,DARK,Dragon,Effect Monster,800,400,,
174972,Anesthrokket Dragon,Anesthrokket Dragon,https://tcgplayer-cdn.tcgplayer.com/product/174972_200w.jpg,2,2317,https://cpt.tcgcsv.com/s_p2,2024-07-26T14:51:58.84,1,"When a Link Monster's effect is activated that targets this face-up card on the field (Quick Effect): You can destroy this card, then make 1 face-up monster on the field unable to attack, also it has its effects negated. During the End Phase, if this card is in the GY because it was destroyed on the field by battle or card effect and sent there this turn: You can Special Summon 1 ""Rokket"" monster from your Deck, except ""Anesthrokket Dragon"". You can only use each effect of ""Anesthrokket Dragon"" once per turn.",0.05,0.23,1.49,0.11,,1st Edition,MP18-EN110,Common,DARK,Dragon,Effect Monster,0,2200,,
174973,Altergeist Kunquery,Altergeist Kunquery,https://tcgplayer-cdn.tcgplayer.com/product/174973_200w.jpg,2,2317,https://cpt.tcgcsv.com/t_p2,2018-08-30T18:58:31.34,1,"When an opponent's monster declares an attack, if you control an ""Altergeist"" card: You can Special Summon this card from your hand, and if you do, negate that attack. If this card is Special Summoned: You can target 1 face-up card your opponent controls; negate the effects of that card while it and this monster are face-up on the field.",0.05,0.25,1.7,0.09,0.11,1st Edition,MP18-EN116,Common,EARTH,Spellcaster,Effect Monster,0,2400,,
174974,Mermail Abyssnerei,Mermail Abyssnerei,https://tcgplayer-cdn.tcgplayer.com/product/174974_200w.jpg,2,2317,https://cpt.tcgcsv.com/v_p2,2018-09-04T15:23:26.157,1,"(Quick Effect): You can discard this card, then target 1 WATER monster you control; destroy 1 other WATER monster in your hand or field, and if you do, the targeted monster gains ATK/DEF equal to the destroyed monster's original ATK/DEF, until the end of this turn. If this card is sent from the field to the GY: You can draw 1 card, then discard 1 card. You can only use each effect of ""Mermail Abyssnerei"" once per turn.",0.05,0.24,1.49,0.22,,1st Edition,MP18-EN118,Common,WATER,Aqua,Effect Monster,1200,2000,,
174975,Mecha Phantom Beast Raiten,Mecha Phantom Beast Raiten,https://tcgplayer-cdn.tcgplayer.com/product/174975_200w.jpg,2,2317,https://cpt.tcgcsv.com/w_p2,2018-09-04T15:23:32.737,1,"You can discard 1 card; Special Summon 1 ""Mecha Phantom Beast Token"" (Machine/WIND/Level 3/ATK 0/DEF 0), also you can only use ""Mecha Phantom Beast"" monsters as Fusion, Synchro, Xyz, or Link Material for a Summon, for the rest of this turn. This card's Level is increased by the total Levels of all ""Mecha Phantom Beast Tokens"" you control. While you control a Token, this card cannot be destroyed by battle or card effects.",0.09,0.25,1.49,0.12,,1st Edition,MP18-EN119,Common,WIND,Machine,Effect Monster,1500,1500,,
174976,The Accumulator,The Accumulator,https://tcgplayer-cdn.tcgplayer.com/product/174976_200w.jpg,2,2317,https://cpt.tcgcsv.com/x_p2,2018-08-31T13:36:44.987,1,Gains ATK equal to the combined Link Ratings of all Link Monsters on the field x 300.,0.01,0.2,1.49,0.06,,1st Edition,MP18-EN120,Common,LIGHT,Thunder,Effect Monster,0,0,,
174977,Soldier Dragons,Soldier Dragons,https://tcgplayer-cdn.tcgplayer.com/product/174977_200w.jpg,2,2317,https://cpt.tcgcsv.com/z_p2,2018-09-04T15:23:41.433,1,"Once per turn, when your opponent activates a card or effect (Quick Effect): You can Special Summon 1 Level 2 or lower Dragon monster from your Deck.",0.08,0.3,1.7,0.23,,1st Edition,MP18-EN121,Common,EARTH,Dragon,Effect Monster,700,800,,
174978,Duck Dummy,Duck Dummy,https://tcgplayer-cdn.tcgplayer.com/product/174978_200w.jpg,2,2317,https://cpt.tcgcsv.com/B_p2,2018-09-04T15:23:47.65,1,"This card is treated as a Normal Monster while face-up on the field or in the GY. While this card is a Normal Monster on the field, you can Normal Summon it to have it become an Effect Monster with these effects.
<br>• Cannot be destroyed by card effects. Neither player can target this card with card effects.
<br>• The attacks from your opponent's monsters become direct attacks.",0.03,0.21,1.07,0.11,,1st Edition,MP18-EN122,Common,WATER,Winged Beast,Gemini/Effect Monster,0,0,,
174979,Leng Ling,Leng Ling,https://tcgplayer-cdn.tcgplayer.com/product/174979_200w.jpg,2,2317,https://cpt.tcgcsv.com/C_p2,2018-09-04T15:23:54.457,1,"Once per turn, you can either: Target 1 monster you control; equip this card to that target, OR: Unequip this card and Special Summon it. The original ATK of a monster equipped with this card becomes 1000, it can make a second attack during each Battle Phase, also if the equipped monster would be destroyed by battle or card effect, destroy this card instead.",0.04,0.25,1.7,0.18,,1st Edition,MP18-EN123,Common,DARK,Dragon,Union/Effect Monster,1500,0,,
174980,Self-Destruct Ant,Self Destruct Ant,https://tcgplayer-cdn.tcgplayer.com/product/174980_200w.jpg,2,2317,https://cpt.tcgcsv.com/D_p2,2018-08-31T13:29:00.543,1,"FLIP: Each player takes 1000 damage.
<br>If this card is destroyed by battle or card effect and sent to the GY: Inflict 1000 damage to your opponent. You can only use each effect of ""Self-Destruct Ant"" once per turn.",0.05,0.24,1.7,0.12,,1st Edition,MP18-EN124,Common,EARTH,Insect,Flip/Effect Monster,1500,1000,,
174981,Amano-Iwato,Amano Iwato,https://tcgplayer-cdn.tcgplayer.com/product/174981_200w.jpg,2,2317,https://cpt.tcgcsv.com/F_p2,2024-09-19T12:37:58.92,1,"Cannot be Special Summoned. Monsters cannot activate their effects, except Spirit monsters. Once per turn, during the End Phase, if this card was Normal Summoned or flipped face-up this turn: Return this card to the hand.",0.48,1.0,2.99,1.0,,1st Edition,MP18-EN125,Common,EARTH,Rock,Spirit/Effect Monster,1900,1200,,
174982,Nimble Beaver,Nimble Beaver,https://tcgplayer-cdn.tcgplayer.com/product/174982_200w.jpg,2,2317,https://cpt.tcgcsv.com/G_p2,2023-05-05T17:57:31.863,1,"When this card is Normal Summoned: You can Special Summon 1 Level 3 or lower ""Nimble"" monster from your Deck or GY.",0.19,0.56,3.25,0.48,0.49,1st Edition,MP18-EN129,Common,WATER,,Effect Monster,400,200,,
174983,Muscle Medic,Muscle Medic,https://tcgplayer-cdn.tcgplayer.com/product/174983_200w.jpg,2,2317,https://cpt.tcgcsv.com/H_p2,2018-09-04T17:16:41.993,1,"If a player would take damage from a battle involving this card, they gain that much LP, instead.",0.09,0.23,1.7,0.13,0.09,1st Edition,MP18-EN130,Common,WATER,Warrior,Effect Monster,2200,100,,
174984,World Legacy Clash,World Legacy Clash,https://tcgplayer-cdn.tcgplayer.com/product/174984_200w.jpg,2,2317,https://cpt.tcgcsv.com/J_p2,2018-09-04T17:18:08.103,1,"Banish 1 face-up monster you control (until the End Phase), then target 1 face-up monster your opponent controls; that target loses ATK/DEF equal to the original ATK/DEF or that banished monster.",0.05,0.23,1.49,0.21,,1st Edition,MP18-EN140,Common,SPELL,,Quick-Play Spell,,,,
174985,Temple of the Mind's Eye,Temple of the Minds Eye,https://tcgplayer-cdn.tcgplayer.com/product/174985_200w.jpg,2,2317,https://cpt.tcgcsv.com/K_p2,2024-07-26T14:51:58.903,1,Any battle damage a player takes becomes 1000.,0.01,0.2,1.49,0.11,,1st Edition,MP18-EN144,Common,SPELL,,Field Spell,,,,
174986,Burning Bamboo Sword,Burning Bamboo Sword,https://tcgplayer-cdn.tcgplayer.com/product/174986_200w.jpg,2,2317,https://cpt.tcgcsv.com/L_p2,2023-05-05T17:57:22.72,1,"If you activate a ""Bamboo Sword"" card while this card is already face-up in your Spell & Trap Zone: You can skip your opponent's next Main Phase 1.",0.01,0.23,1.75,0.16,0.11,1st Edition,MP18-EN146,Common,SPELL,,Continuous Spell,,,,
174987,Cyberse Beacon,Cyberse Beacon,https://tcgplayer-cdn.tcgplayer.com/product/174987_200w.jpg,2,2317,https://cpt.tcgcsv.com/M_p2,2024-07-26T14:51:58.98,1,"If you took damage by battle or an opponent's card effect this turn: Add 1 Level 4 or lower Cyberse monster from your Deck to your hand. You can only activate 1 ""Cyberse Beacon"" per turn.",0.04,0.21,1.49,0.16,,1st Edition,MP18-EN147,Common,TRAP,,Normal Trap,,,,
174988,Link Restart,Link Restart,https://tcgplayer-cdn.tcgplayer.com/product/174988_200w.jpg,2,2317,https://cpt.tcgcsv.com/N_p2,2024-07-26T14:51:59.01,1,"When a Spell/Trap Card, or monster effect, is activated that would inflict damage to you: Negate the activation, and if you do, Special Summon 1 Link Monster from your GY.",0.03,0.22,1.49,0.14,,1st Edition,MP18-EN148,Common,TRAP,,Counter Trap,,,,
174989,Remote Rebirth,Remote Rebirth,https://tcgplayer-cdn.tcgplayer.com/product/174989_200w.jpg,2,2317,https://cpt.tcgcsv.com/P_p2,2018-09-04T17:19:22.717,1,Target 1 monster in your opponent's GY; Special Summon it in an opponent's Main Monster Zone your Link Monster points to.,0.04,0.22,1.08,0.15,0.1,1st Edition,MP18-EN149,Common,TRAP,,Normal Trap,,,,
174990,World Legacy Pawns,World Legacy Pawns,https://tcgplayer-cdn.tcgplayer.com/product/174990_200w.jpg,2,2317,https://cpt.tcgcsv.com/Q_p2,2024-07-26T14:51:59.073,1,"You can target 1 face-down monster you control; change it to face-up Attack or Defense Position. You can shuffle 1 ""Krawler"" monster from your GY into the Main Deck, then target 1 face-up monster you control; change it to face-down Defense Position. You can only use 1 ""World Legacy Pawns"" effect per turn, and only once that turn.",0.1,0.25,1.41,0.21,0.1,1st Edition,MP18-EN153,Common,TRAP,,Continuous Trap,,,,
174991,Ojama Duo,Ojama Duo,https://tcgplayer-cdn.tcgplayer.com/product/174991_200w.jpg,2,2317,https://cpt.tcgcsv.com/R_p2,2018-09-04T17:24:29.797,1,"Special Summon 2 ""Ojama Tokens"" (Beast/LIGHT/Level 2/ATK 0/DEF 1000) to your opponent's field in Defense Position. These Tokens cannot be Tributed for a Tribute Summon, and each time 1 is destroyed, its controller takes 300 damage. During either player's turn, except the turn this card was sent to the GY: You can banish this card from your GY; Special Summon 2 ""Ojama"" monsters with different names from your Deck.",0.5,1.04,2.3,0.92,,1st Edition,MP18-EN157,Common,TRAP,,Normal Trap,,,,
174992,F.A. Whip Crosser,FA Whip Crosser,https://tcgplayer-cdn.tcgplayer.com/product/174992_200w.jpg,2,2317,https://cpt.tcgcsv.com/S_p2,2024-07-26T14:51:59.107,1,"Gains ATK equal to its Level x 300. Your opponent must pay 300 LP to activate the effect of a monster whose original Level/Rank is lower than this card's Level. Each time a ""F.A."" Spell/Trap Card or effect is activated: You can increase this card's Level by 1. If this card is Level 7 or higher, your opponent cannot discard or send cards from their hand to the GY to activate a card effect.",0.1,0.25,1.49,0.25,,1st Edition,MP18-EN159,Common,WIND,Machine,Effect Monster,0,1000,,
174993,F.A. Turbo Charger,FA Turbo Charger,https://tcgplayer-cdn.tcgplayer.com/product/174993_200w.jpg,2,2317,https://cpt.tcgcsv.com/T_p2,2018-08-30T19:36:13.29,1,"Gains ATK equal to its Level x 300. Your opponent's monsters whose original Level/Rank is lower than this card's Level cannot target monsters for attacks, except this one. Your opponent cannot target monsters, except this one, with the effects of monsters whose original Level/Rank is lower than this card's Level. Each time a ""F.A."" Spell/Trap Card or effect is activated: You can increase this card's Level by 1. If your ""F.A."" monster battles while you control this Level 7 or higher card, your opponent's monsters cannot activate their effects until the end of the Damage Step.",0.05,0.16,1.49,0.07,,1st Edition,MP18-EN160,Common,WIND,Machine,Effect Monster,0,1500,,
174994,F.A. Off-Road Grand Prix,FA Off Road Grand Prix,https://tcgplayer-cdn.tcgplayer.com/product/174994_200w.jpg,2,2317,https://cpt.tcgcsv.com/V_p2,2024-07-26T14:51:59.167,1,"Increase the Levels of all ""F.A."" monsters on the field by 2 during the Main Phase only. You can only use each of the following effects of ""F.A. Off-Road Grand Prix"" once per turn.
<br>• When a ""F.A."" monster you control is destroyed by battle: You can discard 1 random card from your opponent's hand.
<br>• If this face-up card on the field is destroyed by a card effect: You can add 1 ""F.A."" card from your Deck to your hand, except ""F.A. Off-Road Grand Prix"".",0.05,0.25,1.49,0.14,,1st Edition,MP18-EN161,Common,SPELL,,Field Spell,,,,
174995,F.A. Pit Stop,FA Pit Stop,https://tcgplayer-cdn.tcgplayer.com/product/174995_200w.jpg,2,2317,https://cpt.tcgcsv.com/W_p2,2018-09-04T17:24:59.067,1,"Target 1 ""F.A."" monster you control; reduce its Level by 2, and if you do, draw cards equal to the number of ""F.A. Pit Stop"" in your GY+1. During your Main Phase, except the turn this card was sent to the GY: You can banish this card from your GY, then target 1 ""F.A."" monster in your GY; Special Summon it. You can only use each effect of ""F.A. Pit Stop"" once per turn.",0.05,0.22,1.49,0.1,0.05,1st Edition,MP18-EN162,Common,SPELL,,Quick-Play Spell,,,,
174996,Lunalight Crimson Fox,Lunalight Crimson Fox,https://tcgplayer-cdn.tcgplayer.com/product/174996_200w.jpg,2,2317,https://cpt.tcgcsv.com/X_p2,2024-07-26T14:51:59.2,1,"If this card is sent to the GY by a card effect: You can target 1 face-up monster your opponent controls; change its ATK to 0 until the end of this turn. When a card or effect is activated that targets a ""Lunalight"" monster you control (Quick Effect): You can banish this card from your GY; negate the activation, and if you do, each player gains 1000 LP.",0.1,0.25,2.75,0.25,,1st Edition,MP18-EN163,Common,DARK,Beast-Warrior,Effect Monster,1800,600,,
174997,Lunalight Kaleido Chick,Lunalight Kaleido Chick,https://tcgplayer-cdn.tcgplayer.com/product/174997_200w.jpg,2,2317,https://cpt.tcgcsv.com/Z_p2,2024-07-26T14:51:59.243,1,"Once per turn: You can send 1 ""Lunalight"" monster from your Deck or Extra Deck to the GY; the name of this face-up card on the field can be treated as the sent monster's, if used as Fusion Material this turn. If this card is sent to the GY by a card effect: You can target 1 ""Polymerization"" in your GY; add it to your hand. You can only use this effect of ""Lunalight Kaleido Chick"" once per turn. If this card is banished: You can activate this effect; this turn, your opponent's cards and effects cannot be activated during the Battle Phase.",0.2,0.41,0.94,0.36,,1st Edition,MP18-EN164,Common,DARK,Beast-Warrior,Effect Monster,1400,800,,
174998,Amazoness Spy,Amazoness Spy,https://tcgplayer-cdn.tcgplayer.com/product/174998_200w.jpg,2,2317,https://cpt.tcgcsv.com/-_p2,2018-09-04T17:25:24.913,1,"You can reveal 1 other ""Amazoness"" monster in your hand; Special Summon this card from your hand. You can only use this effect of ""Amazoness Spy"" once per turn. When this card is destroyed by battle and sent to the GY: You can target 1 ""Amazoness"" monster in your GY, except ""Amazoness Spy""; return it to the hand, or shuffle it into the Deck.",0.15,0.36,1.52,0.39,0.24,1st Edition,MP18-EN165,Common,EARTH,Warrior,Effect Monster,800,1200,,
174999,Amazoness Pet Liger,Amazoness Pet Liger,https://tcgplayer-cdn.tcgplayer.com/product/174999_200w.jpg,2,2317,https://cpt.tcgcsv.com/__p2,2024-07-26T14:51:59.273,1,"""Amazoness Tiger"" + 1 ""Amazoness"" monster
<br>Once per battle, if this card attacks, during damage calculation: You can make this card gain 500 ATK during that damage calculation only. If your ""Amazoness"" monster attacked an opponent's monster, after damage calculation: You can target 1 face-up monster your opponent controls; it loses 800 ATK. Monsters your opponent controls cannot attack ""Amazoness"" monsters you control, except this one.",0.16,0.43,1.47,0.47,0.43,1st Edition,MP18-EN166,Common,EARTH,,Fusion/Effect Monster,2500,2400,,
175000,Amazoness Empress,Amazoness Empress,https://tcgplayer-cdn.tcgplayer.com/product/175000_200w.jpg,2,2317,https://cpt.tcgcsv.com/00q2,2018-09-04T17:25:40.51,1,"""Amazoness Queen"" + 1 ""Amazoness"" monster
<Br>Other ""Amazoness"" cards you control cannot be destroyed by battle or card effects. If your ""Amazoness"" monster attacks a Defense Position monster, inflict piercing battle damage to your opponent. If this face-up Fusion Summoned card is destroyed by battle, or leaves the field because of an opponent's card effect while its owner controls it: You can Special Summon 1 ""Amazoness Queen"" from your hand, Deck, or GY.",0.4,0.67,1.86,0.61,0.49,1st Edition,MP18-EN167,Common,EARTH,Warrior,Fusion/Effect Monster,2800,2400,,
175001,Yoko-Zuna Sumo Spirit,Yoko Zuna Sumo Spirit,https://tcgplayer-cdn.tcgplayer.com/product/175001_200w.jpg,2,2317,https://cpt.tcgcsv.com/20q2,2018-09-04T17:25:48.633,1,"<strong>Pendulum Effect:</strong> If a monster(s) is Pendulum Summoned: Return this card from the Pendulum Zone to the hand.
<br><strong>Monster Effect:</strong> When this card is Normal Summoned: You can send to the GY all monsters your opponent controls in the same column as the card(s) in your Pendulum Zones. Once per turn, during the End Phase, if this card was Normal Summoned or flipped face-up this turn: Return this card to the hand.",0.05,0.21,1.39,0.2,,1st Edition,MP18-EN168,Common,WIND,Warrior,Pendulum/Spirit/Effect Monster,2400,1000,,
175002,Zombino,Zombino,https://tcgplayer-cdn.tcgplayer.com/product/175002_200w.jpg,2,2317,https://cpt.tcgcsv.com/30q2,2023-10-01T19:07:40.71,1,"<em>The two are so close
<br>They die and return to life
<br>Inseparable</em>",0.05,0.22,1.09,0.19,,1st Edition,MP18-EN169,Common,EARTH,Zombie,Normal Monster,2000,0,,
175003,Lockout Gardna,Lockout Gardna,https://tcgplayer-cdn.tcgplayer.com/product/175003_200w.jpg,2,2317,https://cpt.tcgcsv.com/50q2,2018-09-04T17:26:02.523,1,"When an opponent's monster declares a direct attack: You can Special Summon this card from your hand in Attack Position, and if you do, it cannot be destroyed by battle this turn. When an effect of a monster your opponent controls is activated that targets 1 Cyberse monster you control (and no other cards) (Quick Effect): You can negate the effects of both that Cyberse monster you control and that opponent's monster until the end of this turn.",0.05,0.25,1.44,0.25,,1st Edition,MP18-EN170,Common,EARTH,Cyberse,Effect Monster,1000,1000,,
175004,Striping Partner,Striping Partner,https://tcgplayer-cdn.tcgplayer.com/product/175004_200w.jpg,2,2317,https://cpt.tcgcsv.com/60q2,2018-09-04T17:26:08.047,1,"Cannot be Normal Summoned/Set. Must be Special Summoned by the following effect. If the effect activation of a monster you control is negated (except during the Damage Step): You can Special Summon this card from your hand. When this card is Special Summoned: You can target 1 Level 4 or lower Cyberse monster in your GY; Special Summon it. You can only use this effect of ""Striping Partner"" once per turn.",0.01,0.21,1.31,0.11,,1st Edition,MP18-EN171,Common,LIGHT,Cyberse,Effect Monster,1200,1600,,
175005,Flick Clown,Flick Clown,https://tcgplayer-cdn.tcgplayer.com/product/175005_200w.jpg,2,2317,https://cpt.tcgcsv.com/70q2,2018-08-30T19:41:32.417,1,"If you control at least 2 other Cyberse monsters and you have no cards in your hand: You can pay 1000 LP; draw 1 card. You can only use this effect of ""Flick Clown"" once per turn.",0.01,0.21,1.36,0.21,,1st Edition,MP18-EN172,Common,DARK,Cyberse,Effect Monster,1000,1400,,
175006,Bitrooper,Bitrooper,https://tcgplayer-cdn.tcgplayer.com/product/175006_200w.jpg,2,2317,https://cpt.tcgcsv.com/80q2,2018-09-04T17:26:16.77,1,"You can send 1 Level 2 or lower monster from your hand to the GY; Special Summon this card from your hand. You can only use this effect of ""Bitrooper"" once per turn.",0.06,0.2,1.1,0.1,,1st Edition,MP18-EN173,Common,EARTH,Cyberse,Effect Monster,1500,2000,,
175007,Linkbelt Wall Dragon,Linkbelt Wall Dragon,https://tcgplayer-cdn.tcgplayer.com/product/175007_200w.jpg,2,2317,https://cpt.tcgcsv.com/90q2,2018-08-30T20:04:06.357,1,"Cannot be Normal Summoned/Set. Must be Special Summoned by its own effect. When you Link Summon: You can Special Summon this card from your hand, and if you do, place 2 counters on it. If a monster is Link Summoned: Remove 2 of these counters from this card (or all, if less than 2). Once per turn, during each Standby Phase: Place 1 of these counters on this card. No monster can be Link Summoned unless this card has at least as many of these counters as that monster's Link rating. Monsters cannot attack, except Link Monsters.",0.01,0.2,5.0,0.09,,1st Edition,MP18-EN174,Common,EARTH,Dragon,Effect Monster,0,2100,,
175008,Mekk-Knight Green Horizon,Mekk Knight Green Horizon,https://tcgplayer-cdn.tcgplayer.com/product/175008_200w.jpg,2,2317,https://cpt.tcgcsv.com/b0q2,2024-07-26T14:51:59.323,1,"If 2 or more cards are in the same column, you can Special Summon this card (from your hand) in that column. You can only Special Summon ""Mekk-Knight Green Horizon"" once per turn this way. When an attack is declared involved this card and an opponent's monster in this card's column: You can target 1 ""Mekk-Knight"" monster in your GY; add it to your hand.",0.01,0.25,1.7,0.17,,1st Edition,MP18-EN178,Common,LIGHT,Psychic,Effect Monster,2100,1600,,
175009,Mekk-Knight Orange Sunset,Mekk Knight Orange Sunset,https://tcgplayer-cdn.tcgplayer.com/product/175009_200w.jpg,2,2317,https://cpt.tcgcsv.com/c0q2,2018-09-05T14:59:27.303,1,"If 2 or more cards are in the same column, you can Special Summon this card (from your hand) in that column. You can only Special Summon ""Mekk-Knight Orange Sunset"" once per turn this way. If an opponent's card in this card's column is destroyed by battle, or leaves the field: You can Special Summon 1 ""Mekk-Knight"" monster from your hand.",0.11,0.25,1.14,0.18,,1st Edition,MP18-EN179,Common,LIGHT,Psychic,Effect Monster,800,3000,,
175010,"World Legacy - ""World Shield""",World Legacy World Shield,https://tcgplayer-cdn.tcgplayer.com/product/175010_200w.jpg,2,2317,https://cpt.tcgcsv.com/d0q2,2018-09-05T15:02:03.52,1,"Unaffected by activated effects from any monster Special Summoned from the Extra Deck. Your opponent cannot target your ""World Legacy"" cards in this card's column with card effects, also they cannot be destroyed by your opponent's card effects. During the Standby Phase, if this card is in your GY: You can pay 1000 LP; Special Summon this card, then your opponent can Special Summon 1 monster from their hand or GY. You can only use this effect of ""World Legacy - ""World Shield"""" once per turn.",0.01,0.2,1.09,0.13,,1st Edition,MP18-EN184,Common,DARK,Machine,Effect Monster,0,3000,,
175011,Artifact Mjollnir,Artifact Mjollnir,https://tcgplayer-cdn.tcgplayer.com/product/175011_200w.jpg,2,2317,https://cpt.tcgcsv.com/f0q2,2018-09-05T15:02:20.03,1,"You can Set this card from your hand to your Spell & Trap Zone as a Spell. During your opponent's turn, if this Set card in the Spell & Trap Zone is destroyed and sent to your GY: Special Summon it. If this card is Special Summoned during your opponent's turn: Target 1 ""Artifact"" monster in your GY; Special Summon it in Defense Position, also you cannot Special Summon monsters until the end of the next turn, except ""Artifact"" monsters. You can only use this effect of ""Artifact Mjolnir"" once per turn.",0.24,0.48,2.49,0.78,,1st Edition,MP18-EN186,Common,LIGHT,Fairy,Effect Monster,1300,1800,,
175012,Grappler Angler,Grappler Angler,https://tcgplayer-cdn.tcgplayer.com/product/175012_200w.jpg,2,2317,https://cpt.tcgcsv.com/g0q2,2018-09-05T15:02:33.853,1,When this card inflicts battle damage to your opponent by a direct attack: You can target 1 monster in your GY; Special Summon it in Defense Position.,0.03,0.2,1.49,0.11,,1st Edition,MP18-EN187,Common,WATER,Warrior,Tuner/Effect Monster,100,100,,
175013,Mahjong Munia Maidens,Mahjong Munia Maidens,https://tcgplayer-cdn.tcgplayer.com/product/175013_200w.jpg,2,2317,https://cpt.tcgcsv.com/h0q2,2018-09-05T15:02:44.197,1,"FLIP: You can draw 1 card, then discard 1 card.
<br>Once per turn: You can change this card to face-down Defense Position.",0.04,0.2,1.49,0.1,0.05,1st Edition,MP18-EN188,Common,WIND,Winged Beast,Flip/Effect Monster,200,2000,,
175014,D.D. Seeker,DD Seeker,https://tcgplayer-cdn.tcgplayer.com/product/175014_200w.jpg,2,2317,https://cpt.tcgcsv.com/j0q2,2018-09-05T15:02:52.32,1,"(Quick Effect): You can target 1 face-up monster you control; banish it until the End Phase of the next turn. You can only use this effect of ""D.D. Seeker"" once per turn.",0.01,0.2,1.07,0.11,0.05,1st Edition,MP18-EN189,Common,DARK,Psychic,Effect Monster,1500,800,,
175015,Wattkinetic Puppeteer,Wattkinetic Puppeteer,https://tcgplayer-cdn.tcgplayer.com/product/175015_200w.jpg,2,2317,https://cpt.tcgcsv.com/k0q2,2024-07-26T14:51:59.423,1,"(Quick Effect): You can send this card from your hand or field to the GY, then target 1 monster your opponent controls; move that target to another of their Main Monster Zones.",0.05,0.23,1.7,0.12,,1st Edition,MP18-EN192,Common,LIGHT,Psychic,Effect Monster,1800,0,,
175016,"Contact ""C""",Contact C,https://tcgplayer-cdn.tcgplayer.com/product/175016_200w.jpg,2,2317,https://cpt.tcgcsv.com/l0q2,2024-07-26T14:51:59.69,1,"When your opponent Normal or Special Summons a monster(s) (except during the Damage Step): You can Special Summon this card from your hand to the opponent's field in Defense Position. This card's controller cannot Fusion, Synchro, Xyz, or Link Summon unless they use this card as material.",0.1,0.56,9.0,0.5,,1st Edition,MP18-EN195,Common,EARTH,Insect,Effect Monster,1500,2200,,
175017,Underclock Taker,Underclock Taker,https://tcgplayer-cdn.tcgplayer.com/product/175017_200w.jpg,2,2317,https://cpt.tcgcsv.com/m0q2,2018-09-05T15:04:43.853,1,"2 Effect Monsters
<br>Once per turn: You can target 1 face-up monster this card points to, and 1 face-up monster your opponent controls; the opponent's target loses ATK equal to the ATK of the target this monster points to, until the end of this turn.",0.09,0.25,1.49,0.11,,1st Edition,MP18-EN196,Common,DARK,Cyberse,Link/Effect Monster,1000,,2,Left;Bottom
175018,Flame Administrator,Flame Administrator,https://tcgplayer-cdn.tcgplayer.com/product/175018_200w.jpg,2,2317,https://cpt.tcgcsv.com/n0q2,2018-09-05T15:04:53.173,1,"2 Cyberse monsters
<br>All Link Monsters you control gain 800 ATK. You can only control 1 ""Flame Administrator"".",0.03,0.22,1.35,0.2,,1st Edition,MP18-EN197,Common,FIRE,Cyberse,Link/Effect Monster,1200,,2,Bottom-Right;Left
175019,Recovery Sorcerer,Recovery Sorcerer,https://tcgplayer-cdn.tcgplayer.com/product/175019_200w.jpg,2,2317,https://cpt.tcgcsv.com/p0q2,2018-09-05T15:04:59.893,1,"2 Cyberse monsters
<br>(Quick Effect): You can target 1 Cyberse Link Monster in your GY that was destroyed this turn; Special Summon it, but it has its effects negated, also destroy it during the End Phase. You can only use this effect of ""Recovery Sorcerer"" once per turn.",0.04,0.25,1.12,0.1,,1st Edition,MP18-EN198,Common,LIGHT,Cyberse,Link/Effect Monster,1500,,2,Left;Bottom
175020,Secure Gardna,Secure Gardna,https://tcgplayer-cdn.tcgplayer.com/product/175020_200w.jpg,2,2317,https://cpt.tcgcsv.com/q0q2,2024-07-26T14:51:59.733,1,"1 Cyberse Link Monster
<br>After this card is Special Summoned, you take no effect damage for the rest of this turn. Once per turn, if you would take battle or effect damage, you take no damage. Cannot be used as Link Material. You can only control 1 ""Secure Gardna"".",0.2,0.49,1.7,0.32,,1st Edition,MP18-EN199,Common,LIGHT,Cyberse,Link/Effect Monster,1000,,1,Right
175021,Link Hole,Link Hole,https://tcgplayer-cdn.tcgplayer.com/product/175021_200w.jpg,2,2317,https://cpt.tcgcsv.com/r0q2,2024-07-26T14:51:59.787,1,"If you control a Link-4 or higher monster: Destroy monsters your opponent controls, up to the number of Link-3 or higher monsters you control. You can only activate 1 ""Link Hole"" per turn.",0.05,0.22,1.7,0.08,,1st Edition,MP18-EN203,Common,SPELL,,Normal Spell,,,,
175022,Fire Prison,Fire Prison,https://tcgplayer-cdn.tcgplayer.com/product/175022_200w.jpg,2,2317,https://cpt.tcgcsv.com/s0q2,2018-08-30T19:40:19.023,1,"All Dragon monsters on the field gain 300 DEF. If any Link Monster is on the field, neither player can Link Summon a monster with a lower Link Rating than the highest Link Rating on the field. Monsters cannot attack, except Link Monsters. Apply the following effects while 2 or more Cyberse Link Monsters are on the field.
<br>• Negate the activated effects of Cyberse monsters.
<br>• Cyberse monsters cannot attack, cannot be targeted for attacks, and cannot be targeted by card effects.",0.04,0.23,1.99,0.22,0.11,1st Edition,MP18-EN204,Common,SPELL,,Field Spell,,,,
175023,Column Switch,Column Switch,https://tcgplayer-cdn.tcgplayer.com/product/175023_200w.jpg,2,2317,https://cpt.tcgcsv.com/t0q2,2018-09-05T16:14:12.053,1,Target 1 monster in your Main Monster Zone; move that target to another of your Main Monster Zones.,0.01,0.18,1.06,0.1,,1st Edition,MP18-EN211,Common,SPELL,,Quick-Play Spell,,,,
175024,Trading Places,Trading Places,https://tcgplayer-cdn.tcgplayer.com/product/175024_200w.jpg,2,2317,https://cpt.tcgcsv.com/v0q2,2018-08-31T13:38:04.877,1,"If your LP is higher than your opponent's, switch your LP with your opponent.",0.01,0.24,1.7,0.07,0.05,1st Edition,MP18-EN212,Common,SPELL,,Quick-Play Spell,,,,
175025,Parallel Port Armor,Parallel Port Armor,https://tcgplayer-cdn.tcgplayer.com/product/175025_200w.jpg,2,2317,https://cpt.tcgcsv.com/w0q2,2018-09-05T16:14:24.633,1,"Target 1 Link Monster you control; equip it with this card. Your opponent cannot target the equipped monster with card effects, also it cannot be destroyed by battle. You can banish this card and 2 Link Monsters from your GY, then target 1 Link Monster you control; it can make a second attack during each Battle Phase this turn.",0.05,0.23,1.41,0.08,,1st Edition,MP18-EN213,Common,TRAP,,Normal Trap,,,,
175026,Cynet Refresh,Cynet Refresh,https://tcgplayer-cdn.tcgplayer.com/product/175026_200w.jpg,2,2317,https://cpt.tcgcsv.com/x0q2,2018-09-05T16:14:30.353,1,"When an opponent's Cyberse monster declares an attack: Destroy all monsters in the Main Monster Zoness. During the End Phase of this turn, Special Summon from the GY as many Cyberse Link Monsters as possible, to their owner's fields, that were destroyed by this effect. When an opponent's monster activates its effect: You can banish this card from your GY; Cyberse Link Monsters you currently control are unaffected by other card effects, until the end of this turn.",0.08,0.22,1.39,0.17,,1st Edition,MP18-EN214,Common,TRAP,,Normal Trap,,,,
175027,Borrel Cooling,Borrel Cooling,https://tcgplayer-cdn.tcgplayer.com/product/175027_200w.jpg,2,2317,https://cpt.tcgcsv.com/z0q2,2018-09-05T16:14:36.237,1,"Tribute 1 ""Rokket"" monster, then target 1 ""Borrel"" Link Monster you control; equip it with this card. If this card is equipped to a monster by this effect, the equipped monster gains this effect.
<br>• Once per turn (Quick Effect): You can target 1 monster you control; it cannot be destroyed by battle or card effects this turn.",0.1,0.21,1.7,0.14,,1st Edition,MP18-EN215,Common,TRAP,,Normal Trap,,,,
175028,Call of the Archfiend,Call of the Archfiend,https://tcgplayer-cdn.tcgplayer.com/product/175028_200w.jpg,2,2317,https://cpt.tcgcsv.com/B0q2,2022-10-22T09:53:58.86,1,"You can target 1 Level 5 or higher Fiend monster in your GY; discard 1 Fiend monster, and if you do, Special Summon the targeted monster. You can only use this effect of ""Call of the Archfiend"" once per turn.",0.1,0.25,1.7,0.19,0.13,1st Edition,MP18-EN219,Common,TRAP,,Continuous Trap,,,,
175029,Dai Dance,Dai Dance,https://tcgplayer-cdn.tcgplayer.com/product/175029_200w.jpg,2,2317,https://cpt.tcgcsv.com/C0q2,2018-09-05T16:15:11.12,1,"Choose 1 opponent's unused Main Monster Zones; if your opponent would Normal or Special Summon a monster to their Main Monster Zone, and the chosen zone can be used, they must use that zone. (They cannot Summon multiple monsters to their Main Monster Zones while this effect is applied.) This effect is applies until the zone is occupied or becomes unusable. You can only apply the effect of ""Dai Dance"" once per Duel.",0.03,0.21,1.7,0.12,,1st Edition,MP18-EN220,Common,TRAP,,Normal Trap,,,,
175030,Showdown of the Secret Sense Scroll Techniques,Showdown of the Secret Sense Scroll Techniques,https://tcgplayer-cdn.tcgplayer.com/product/175030_200w.jpg,2,2317,https://cpt.tcgcsv.com/D0q2,2024-07-26T14:51:59.833,1,"When your opponent activates a Spell/Trap Card, or monster effect, with the same name as a card in their GY: Negate the activation, and if you do, destroy that card.",0.03,0.22,1.34,0.06,0.05,1st Edition,MP18-EN221,Common,TRAP,,Counter Trap,,,,
175031,Parthian Shot,Parthian Shot,https://tcgplayer-cdn.tcgplayer.com/product/175031_200w.jpg,2,2317,https://cpt.tcgcsv.com/F0q2,2018-09-05T16:16:48.61,1,At the end of the Battle Phase: It becomes the End Phase of this turn.,0.05,0.25,1.99,0.15,0.09,1st Edition,MP18-EN222,Common,TRAP,,Counter Trap,,,,
175032,Oops!,Oops,https://tcgplayer-cdn.tcgplayer.com/product/175032_200w.jpg,2,2317,https://cpt.tcgcsv.com/G0q2,2018-09-05T16:16:55.037,1,Target 1 card you control; destroy it.,0.05,0.24,1.49,0.07,,1st Edition,MP18-EN223,Common,TRAP,,Normal Trap,,,,
175033,Kuro-Obi Karate Spirit,Kuro Obi Karate Spirit,https://tcgplayer-cdn.tcgplayer.com/product/175033_200w.jpg,2,2317,https://cpt.tcgcsv.com/H0q2,2018-09-05T16:17:06.733,1,"<strong>Pendulum Effect:</strong> If a monster(s) is Pendulum Summoned: Return this card from the Pendulum Zone to the hand.
<br><strong>Monster Effect:</strong> When this card is Normal Summoned: You can send to the GY all Spells/Traps your opponent controls in the same column as the card(s) in your Pendulum Zones. Once per turn, during the End Phase, if this card was Normal Summoned or flipped face-up this turn: Return this card to the hand.",0.1,0.25,1.49,0.15,,1st Edition,MP18-EN224,Common,WIND,Warrior,Pendulum/Spirit/Effect Monster,2400,1000,,
175034,F.A. Auto Navigator,FA Auto Navigator,https://tcgplayer-cdn.tcgplayer.com/product/175034_200w.jpg,2,2317,https://cpt.tcgcsv.com/J0q2,2024-07-26T14:51:59.863,1,"If this card is in your hand or GY: You can target 1 ""F.A."" monster you control whose current Level is higher than its original Level; Special Summon this card, and if you do, reduce that target's Level by the difference between its current and original Level, and if you do that, this card's Level become equal to the amount reduced. If this card is Normal or Special Summoned: You can add 1 ""F.A."" Field Spell from your Deck to your hand. You can only use each effect of ""F.A. Auto Navigator"" once per turn.",0.05,0.23,1.49,0.14,,1st Edition,MP18-EN225,Common,WIND,Machine,Tuner/Effect Monster,0,0,,
175035,F.A. Motorhome Transport,FA Motorhome Transport,https://tcgplayer-cdn.tcgplayer.com/product/175035_200w.jpg,2,2317,https://cpt.tcgcsv.com/K0q2,2024-07-26T14:51:59.927,1,"1 Tuner + 1+ non-Tuner monsters
<br>Gains ATK equal to its Level x 300. Each time a ""F.A."" Spell/Trap Card or effect is activated: You can increase the Level of this card by 1. This card gains the following effect(s), based on its current Level.
<br>• Level 11 or higher: Cannot be destroyed by battle or card effects.
<br>• Level 13 or higher: Once per turn: You can target 1 ""F.A."" monster in your GY; Special Summon it.",0.07,0.22,1.49,0.15,,1st Edition,MP18-EN226,Common,LIGHT,Machine,Synchro/Effect Monster,0,3000,,
175036,F.A. City Grand Prix,FA City Grand Prix,https://tcgplayer-cdn.tcgplayer.com/product/175036_200w.jpg,2,2317,https://cpt.tcgcsv.com/L0q2,2018-09-05T16:17:40.833,1,"Increase the Levels of all ""F.A."" monsters on the field by 2 during the Main Phase and Battle Phase. Your opponent cannot target ""F.A."" monsters you control with card effects. If this face-up card on the field is destroyed by a card effect: You can add 1 ""F.A."" card from your Deck to your hand, except ""F.A. City Grand Prix"". You can only use this effect of ""F.A. City Grand Prix"" once per turn.",0.05,0.23,1.49,0.12,0.05,1st Edition,MP18-EN227,Common,SPELL,,Field Spell,,,,
175037,F.A. Test Run,FA Test Run,https://tcgplayer-cdn.tcgplayer.com/product/175037_200w.jpg,2,2317,https://cpt.tcgcsv.com/M0q2,2018-09-05T16:17:46.28,1,"Target 1 ""F.A."" monster you control; change its battle position, then, destroy 1 card on the field. During your Main Phase, except the turn this card was sent to the GY: You can banish this card from your GY, then target 1 face-up card you control; destroy it, and if you do, Special Summon 1 ""F.A."" monster from your Deck. You can only use each effect of ""F.A. Test Run"" once per turn.",0.09,0.2,1.49,0.14,,1st Edition,MP18-EN228,Common,SPELL,,Quick-Play Spell,,,,
175038,Scramble Egg,Scramble Egg,https://tcgplayer-cdn.tcgplayer.com/product/175038_200w.jpg,2,2317,https://cpt.tcgcsv.com/N0q2,2018-09-05T16:17:59.067,1,"If a monster you control is destroyed by battle or card effect and sent to the GY: Special Summon 1 ""Sonic Chick"" from your hand, Deck, or GY.",0.05,0.26,1.49,0.46,,1st Edition,MP18-EN230,Common,TRAP,,Normal Trap,,,,
175039,"Ruin, Queen of Oblivion",Ruin Queen of Oblivion,https://tcgplayer-cdn.tcgplayer.com/product/175039_200w.jpg,2,2317,https://cpt.tcgcsv.com/P0q2,2024-07-26T14:51:59.973,1,"Effect: This card can only be Ritual Summoned with the Ritual Spell Card, End of the World. If this card destroys your opponent''s monster as a result of battle, it can attack once again in a row.",0.01,0.43,2.25,0.45,0.2,1st Edition,MP18-EN231,Common,LIGHT,Fairy,Effect Monster,2300,2000,,
175040,"Demise, King of Armageddon",Demise King of Armageddon,https://tcgplayer-cdn.tcgplayer.com/product/175040_200w.jpg,2,2317,https://cpt.tcgcsv.com/Q0q2,2024-07-26T14:52:00.013,1,"Effect: This card can only be Ritual Summoned with the Ritual Spell Card, End of the World. By paying 2000 Life Points, destroy all cards on the field except this card.",0.03,1.25,2.3,1.12,1.97,1st Edition,MP18-EN232,Common,DARK,Fiend,Effect Monster,2400,2000,,
175041,End of the World,End of the World,https://tcgplayer-cdn.tcgplayer.com/product/175041_200w.jpg,2,2317,https://cpt.tcgcsv.com/R0q2,2024-07-26T14:52:00.043,1,"This card can be used to Ritual Summon Ruin, Queen of Oblivion or Demise, King of Armageddon, You must also Tribute monsters from the field or your hand whose total Levels equal the Level of the Ritual Monster you are attempting to Ritual Summon.",0.24,0.51,19.97,0.51,0.26,1st Edition,MP18-EN233,Common,SPELL,,Ritual Spell,0,0,,
