productId,name,cleanName,imageUrl,categoryId,groupId,url,modifiedOn,imageCount,extNumber,extRarity,extAttribute,extMonsterType,extCardType,extAttack,extDefense,extDescription,lowPrice,midPrice,highPrice,marketPrice,directLowPrice,subTypeName,extUPC
33123,XX-Saber Gardestrike,XX Saber Gardestrike,https://tcgplayer-cdn.tcgplayer.com/product/33123_200w.jpg,2,144,https://cpt.tcgcsv.com/tgh,2024-03-28T16:00:51.353,1,ANPR-EN000,Secret Rare,EARTH,Beast-Warrior,Effect Monster,2100,1400,"If you have 2 or more X-Saber monsters in your Graveyard and you control no monsters, you can Special Summon this card from your hand.",7.5,9.47,20.0,5.17,,Unlimited,
33123,XX-Saber Gardestrike,XX Saber Gardestrike,https://tcgplayer-cdn.tcgplayer.com/product/33123_200w.jpg,2,144,https://cpt.tcgcsv.com/tgh,2024-03-28T16:00:51.353,1,ANPR-EN000,Secret Rare,EARTH,Beast-Warrior,Effect Monster,2100,1400,"If you have 2 or more X-Saber monsters in your Graveyard and you control no monsters, you can Special Summon this card from your hand.",44.99,44.99,49.99,16.09,,1st Edition,
33124,Kuribon,Kuribon,https://tcgplayer-cdn.tcgplayer.com/product/33124_200w.jpg,2,144,https://cpt.tcgcsv.com/vgh,2024-03-28T16:00:51.453,1,ANPR-EN001,Rare,LIGHT,Fairy,Effect Monster,300,200,"When an opponent's monster attacks this card, during damage calculation, you can reduce all Battle Damage from that battle to 0, increase your opponent's Life Points by the attacking monster's ATK, and return this card to your hand.",0.58,0.87,1.98,0.97,,Unlimited,
33124,Kuribon,Kuribon,https://tcgplayer-cdn.tcgplayer.com/product/33124_200w.jpg,2,144,https://cpt.tcgcsv.com/vgh,2024-03-28T16:00:51.453,1,ANPR-EN001,Rare,LIGHT,Fairy,Effect Monster,300,200,"When an opponent's monster attacks this card, during damage calculation, you can reduce all Battle Damage from that battle to 0, increase your opponent's Life Points by the attacking monster's ATK, and return this card to your hand.",0.72,1.11,2.26,0.92,,1st Edition,
33125,Sunny Pixie,Sunny Pixie,https://tcgplayer-cdn.tcgplayer.com/product/33125_200w.jpg,2,144,https://cpt.tcgcsv.com/wgh,2024-03-28T16:00:51.533,1,ANPR-EN002,Common,LIGHT,Spellcaster,Tuner Monster,300,400,"If this card is sent to the Graveyard for the Synchro Summon of a LIGHT Synchro Monster, gain 1000 Life Points.",0.11,0.42,1.63,0.42,,Unlimited,
33125,Sunny Pixie,Sunny Pixie,https://tcgplayer-cdn.tcgplayer.com/product/33125_200w.jpg,2,144,https://cpt.tcgcsv.com/wgh,2024-03-28T16:00:51.533,1,ANPR-EN002,Common,LIGHT,Spellcaster,Tuner Monster,300,400,"If this card is sent to the Graveyard for the Synchro Summon of a LIGHT Synchro Monster, gain 1000 Life Points.",0.2,0.45,2.77,0.56,,1st Edition,
33126,Sunlight Unicorn,Sunlight Unicorn,https://tcgplayer-cdn.tcgplayer.com/product/33126_200w.jpg,2,144,https://cpt.tcgcsv.com/xgh,2024-03-28T16:00:51.62,1,ANPR-EN003,Common,LIGHT,Beast,Effect Monster,1800,1000,"Once per turn, you can reveal the top card of your Deck. If that card is an Equip Card, you can add it to your hand. If it is not an Equip Card, return it to the bottom of your Deck.",0.05,0.25,1.49,0.17,,Unlimited,
33126,Sunlight Unicorn,Sunlight Unicorn,https://tcgplayer-cdn.tcgplayer.com/product/33126_200w.jpg,2,144,https://cpt.tcgcsv.com/xgh,2024-03-28T16:00:51.62,1,ANPR-EN003,Common,LIGHT,Beast,Effect Monster,1800,1000,"Once per turn, you can reveal the top card of your Deck. If that card is an Equip Card, you can add it to your hand. If it is not an Equip Card, return it to the bottom of your Deck.",0.1,0.25,1.46,0.1,,1st Edition,
33127,Blackwing - Mistral the Silver Shield,Blackwing Mistral the Silver Shield,https://tcgplayer-cdn.tcgplayer.com/product/33127_200w.jpg,2,144,https://cpt.tcgcsv.com/zgh,2024-03-28T16:00:51.73,1,ANPR-EN004,Common,DARK,Winged Beast,Tuner Monster,100,1800,"If this card on the field is destroyed and sent to the Graveyard, during this turn, reduce the Battle Damage you would take from one attack to 0.",0.08,0.25,1.49,0.24,,Unlimited,
33127,Blackwing - Mistral the Silver Shield,Blackwing Mistral the Silver Shield,https://tcgplayer-cdn.tcgplayer.com/product/33127_200w.jpg,2,144,https://cpt.tcgcsv.com/zgh,2024-03-28T16:00:51.73,1,ANPR-EN004,Common,DARK,Winged Beast,Tuner Monster,100,1800,"If this card on the field is destroyed and sent to the Graveyard, during this turn, reduce the Battle Damage you would take from one attack to 0.",0.1,0.37,1.99,0.28,,1st Edition,
33128,Blackwing - Vayu the Emblem of Honor,Blackwing Vayu the Emblem of Honor,https://tcgplayer-cdn.tcgplayer.com/product/33128_200w.jpg,2,144,https://cpt.tcgcsv.com/Bgh,2024-03-28T16:00:51.887,1,ANPR-EN005,Ultra Rare,DARK,Winged Beast,Tuner Monster,800,0,"While this card is face-up on the field, this card cannot be used as Synchro Material. If this card is in your Graveyard, you can remove from play this card and 1 other Blackwing non-Tuner monster in your Graveyard, and Special Summon 1 Blackwing  Synchro",11.8,14.27,30.0,15.9,,Unlimited,
33128,Blackwing - Vayu the Emblem of Honor,Blackwing Vayu the Emblem of Honor,https://tcgplayer-cdn.tcgplayer.com/product/33128_200w.jpg,2,144,https://cpt.tcgcsv.com/Bgh,2024-03-28T16:00:51.887,1,ANPR-EN005,Ultra Rare,DARK,Winged Beast,Tuner Monster,800,0,"While this card is face-up on the field, this card cannot be used as Synchro Material. If this card is in your Graveyard, you can remove from play this card and 1 other Blackwing non-Tuner monster in your Graveyard, and Special Summon 1 Blackwing  Synchro",30.0,69.69,77.9,21.29,,1st Edition,
33129,Blackwing - Fane the Steel Chain,Blackwing Fane the Steel Chain,https://tcgplayer-cdn.tcgplayer.com/product/33129_200w.jpg,2,144,https://cpt.tcgcsv.com/Cgh,2024-03-28T16:00:51.977,1,ANPR-EN006,Common,DARK,Winged Beast,Effect Monster,500,800,"This card can attack your opponent directly. When this card inflicts Battle Damage to your opponent by attacking directly, switch 1 face-up Attack Position monster your opponent controls to Defense Position.",0.07,0.24,1.49,0.21,,Unlimited,
33129,Blackwing - Fane the Steel Chain,Blackwing Fane the Steel Chain,https://tcgplayer-cdn.tcgplayer.com/product/33129_200w.jpg,2,144,https://cpt.tcgcsv.com/Cgh,2024-03-28T16:00:51.977,1,ANPR-EN006,Common,DARK,Winged Beast,Effect Monster,500,800,"This card can attack your opponent directly. When this card inflicts Battle Damage to your opponent by attacking directly, switch 1 face-up Attack Position monster your opponent controls to Defense Position.",0.09,0.27,1.45,0.4,,1st Edition,
33130,Morphtronic Magnen Bar,Morphtronic Magnen Bar,https://tcgplayer-cdn.tcgplayer.com/product/33130_200w.jpg,2,144,https://cpt.tcgcsv.com/Dgh,2024-03-28T16:00:52.08,1,ANPR-EN007,Common,EARTH,Thunder,Effect Monster,100,100,"While in Attack Position: If you control 2 other face-up Attack Position monsters beside this card, once per turn you can have this card gain ATK equal to the combined ATK of those other monsters until the End Phase of this turn. During the turn in which",0.06,0.2,1.38,0.14,,Unlimited,
33130,Morphtronic Magnen Bar,Morphtronic Magnen Bar,https://tcgplayer-cdn.tcgplayer.com/product/33130_200w.jpg,2,144,https://cpt.tcgcsv.com/Dgh,2024-03-28T16:00:52.08,1,ANPR-EN007,Common,EARTH,Thunder,Effect Monster,100,100,"While in Attack Position: If you control 2 other face-up Attack Position monsters beside this card, once per turn you can have this card gain ATK equal to the combined ATK of those other monsters until the End Phase of this turn. During the turn in which",0.09,0.21,1.45,0.16,,1st Edition,
33131,Jester Lord,Jester Lord,https://tcgplayer-cdn.tcgplayer.com/product/33131_200w.jpg,2,144,https://cpt.tcgcsv.com/Fgh,2024-03-28T16:00:52.173,1,ANPR-EN008,Rare,DARK,Spellcaster,Effect Monster,0,0,"If this is the only monster on the field, this card gains 1000 ATK for every Spell and Trap Card on the field.",0.07,0.31,6.45,0.34,,Unlimited,
33131,Jester Lord,Jester Lord,https://tcgplayer-cdn.tcgplayer.com/product/33131_200w.jpg,2,144,https://cpt.tcgcsv.com/Fgh,2024-03-28T16:00:52.173,1,ANPR-EN008,Rare,DARK,Spellcaster,Effect Monster,0,0,"If this is the only monster on the field, this card gains 1000 ATK for every Spell and Trap Card on the field.",0.13,0.35,1.99,0.33,,1st Edition,
33132,Jester Confit,Jester Confit,https://tcgplayer-cdn.tcgplayer.com/product/33132_200w.jpg,2,144,https://cpt.tcgcsv.com/Ggh,2024-03-28T16:00:52.283,1,ANPR-EN009,Super Rare,DARK,Spellcaster,Effect Monster,0,0,"You can Special Summon this card from your hand in face-up Attack Position. If you do, you can return this card and 1 monster your opponent controls to the owner's hand(s) during the End Phase of your opponent's next turn. You can only control 1 Jester Co",1.9,3.61,8.0,3.59,,Unlimited,
33132,Jester Confit,Jester Confit,https://tcgplayer-cdn.tcgplayer.com/product/33132_200w.jpg,2,144,https://cpt.tcgcsv.com/Ggh,2024-03-28T16:00:52.283,1,ANPR-EN009,Super Rare,DARK,Spellcaster,Effect Monster,0,0,"You can Special Summon this card from your hand in face-up Attack Position. If you do, you can return this card and 1 monster your opponent controls to the owner's hand(s) during the End Phase of your opponent's next turn. You can only control 1 Jester Co",3.75,9.38,25.0,9.64,,1st Edition,
33133,Fortune Lady Light,Fortune Lady Light,https://tcgplayer-cdn.tcgplayer.com/product/33133_200w.jpg,2,144,https://cpt.tcgcsv.com/Hgh,2024-03-28T16:00:52.363,1,ANPR-EN010,Rare,LIGHT,Spellcaster,Effect Monster,0,0,"Each of your Standby Phases, increase the Level of this card by 1 (max 12). This card's ATK and DEF are equal to its Level x 200. When this card is removed from the field by a Card Effect, you can Special Summon 1 Fortune Lady from your Deck.",0.35,0.65,1.98,0.6,,Unlimited,
33133,Fortune Lady Light,Fortune Lady Light,https://tcgplayer-cdn.tcgplayer.com/product/33133_200w.jpg,2,144,https://cpt.tcgcsv.com/Hgh,2024-03-28T16:00:52.363,1,ANPR-EN010,Rare,LIGHT,Spellcaster,Effect Monster,0,0,"Each of your Standby Phases, increase the Level of this card by 1 (max 12). This card's ATK and DEF are equal to its Level x 200. When this card is removed from the field by a Card Effect, you can Special Summon 1 Fortune Lady from your Deck.",0.49,0.77,1.76,0.68,,1st Edition,
33134,Fortune Lady Fire,Fortune Lady Fire,https://tcgplayer-cdn.tcgplayer.com/product/33134_200w.jpg,2,144,https://cpt.tcgcsv.com/Jgh,2024-03-28T16:00:52.443,1,ANPR-EN011,Rare,FIRE,Spellcaster,Effect Monster,0,0,"This card's ATK/DEF become its Level x 200. Once per turn, during your Standby Phase: Increase this card's Level by 1 (max. 12). When this card is Special Summoned in Attack Position by the effect of a ""Fortune Lady"" card: Target 1 face-up monster your opponent controls; destroy that target, and if you do, inflict damage to your opponent equal to the destroyed monster's ATK on the field.",0.23,0.62,4.7,0.59,,Unlimited,
33134,Fortune Lady Fire,Fortune Lady Fire,https://tcgplayer-cdn.tcgplayer.com/product/33134_200w.jpg,2,144,https://cpt.tcgcsv.com/Jgh,2024-03-28T16:00:52.443,1,ANPR-EN011,Rare,FIRE,Spellcaster,Effect Monster,0,0,"This card's ATK/DEF become its Level x 200. Once per turn, during your Standby Phase: Increase this card's Level by 1 (max. 12). When this card is Special Summoned in Attack Position by the effect of a ""Fortune Lady"" card: Target 1 face-up monster your opponent controls; destroy that target, and if you do, inflict damage to your opponent equal to the destroyed monster's ATK on the field.",0.35,0.56,4.97,0.48,,1st Edition,
33135,Infernity Beast,Infernity Beast,https://tcgplayer-cdn.tcgplayer.com/product/33135_200w.jpg,2,144,https://cpt.tcgcsv.com/Kgh,2024-03-28T16:00:52.51,1,ANPR-EN012,Common,DARK,Beast,Effect Monster,1600,1200,"While you have no cards in your hand, this card gains the following effect: When this card attacks, your opponent cannot activate Spell or Trap Cards until the end of the Damage Step.",0.06,0.21,1.99,0.17,,Unlimited,
33135,Infernity Beast,Infernity Beast,https://tcgplayer-cdn.tcgplayer.com/product/33135_200w.jpg,2,144,https://cpt.tcgcsv.com/Kgh,2024-03-28T16:00:52.51,1,ANPR-EN012,Common,DARK,Beast,Effect Monster,1600,1200,"While you have no cards in your hand, this card gains the following effect: When this card attacks, your opponent cannot activate Spell or Trap Cards until the end of the Damage Step.",0.05,0.2,0.99,0.19,,1st Edition,
33136,Darksea Rescue,Darksea Rescue,https://tcgplayer-cdn.tcgplayer.com/product/33136_200w.jpg,2,144,https://cpt.tcgcsv.com/Lgh,2024-03-28T16:00:52.573,1,ANPR-EN013,Rare,DARK,Machine,Effect Monster,0,0,"When this card is sent to the Graveyard for the Synchro Summon of a Synchro Monster, draw 1 card from your Deck.",0.22,0.64,2.02,0.65,,Unlimited,
33136,Darksea Rescue,Darksea Rescue,https://tcgplayer-cdn.tcgplayer.com/product/33136_200w.jpg,2,144,https://cpt.tcgcsv.com/Lgh,2024-03-28T16:00:52.573,1,ANPR-EN013,Rare,DARK,Machine,Effect Monster,0,0,"When this card is sent to the Graveyard for the Synchro Summon of a Synchro Monster, draw 1 card from your Deck.",0.49,1.05,13.17,0.72,,1st Edition,
33137,Darksea Float,Darksea Float,https://tcgplayer-cdn.tcgplayer.com/product/33137_200w.jpg,2,144,https://cpt.tcgcsv.com/Mgh,2024-03-28T16:00:52.633,1,ANPR-EN014,Common,DARK,Machine,Effect Monster,0,300,"When this card on the field is destroyed by a card effect and sent to the Graveyard, draw 1 card.",0.01,0.25,1.99,0.32,,Unlimited,
33137,Darksea Float,Darksea Float,https://tcgplayer-cdn.tcgplayer.com/product/33137_200w.jpg,2,144,https://cpt.tcgcsv.com/Mgh,2024-03-28T16:00:52.633,1,ANPR-EN014,Common,DARK,Machine,Effect Monster,0,300,"When this card on the field is destroyed by a card effect and sent to the Graveyard, draw 1 card.",0.07,0.23,1.46,0.16,,1st Edition,
33138,Turbo Rocket,Turbo Rocket,https://tcgplayer-cdn.tcgplayer.com/product/33138_200w.jpg,2,144,https://cpt.tcgcsv.com/Ngh,2024-03-28T16:00:52.71,1,ANPR-EN015,Rare,WIND,Machine,Tuner Monster,0,0,"If this card attacks, it is not destroyed by battle. After damage calculation, inflict damage to your opponent equal to half the ATK of the target monster's ATK.",0.19,0.83,9.99,0.82,,Unlimited,
33138,Turbo Rocket,Turbo Rocket,https://tcgplayer-cdn.tcgplayer.com/product/33138_200w.jpg,2,144,https://cpt.tcgcsv.com/Ngh,2024-03-28T16:00:52.71,1,ANPR-EN015,Rare,WIND,Machine,Tuner Monster,0,0,"If this card attacks, it is not destroyed by battle. After damage calculation, inflict damage to your opponent equal to half the ATK of the target monster's ATK.",0.84,2.83,9.99,1.54,,1st Edition,
33139,Earthbound Immortal Cusillu,Earthbound Immortal Cusillu,https://tcgplayer-cdn.tcgplayer.com/product/33139_200w.jpg,2,144,https://cpt.tcgcsv.com/Pgh,2024-03-28T16:00:52.773,1,ANPR-EN016,Ultra Rare,DARK,Beast,Effect Monster,2800,2400,"Only 1 Earthbound Immortal monster can be face-up on the field. When there is no Field Spell Card face-up on the field, this card is destroyed. Your opponent cannot select this card as an attack target. This card can attack your opponent directly. If this card would be destroyed by battle, you can Tribute 1 other monster instead, and if you do, halve your opponent's LP.",0.88,1.75,5.93,1.87,,Unlimited,
33139,Earthbound Immortal Cusillu,Earthbound Immortal Cusillu,https://tcgplayer-cdn.tcgplayer.com/product/33139_200w.jpg,2,144,https://cpt.tcgcsv.com/Pgh,2024-03-28T16:00:52.773,1,ANPR-EN016,Ultra Rare,DARK,Beast,Effect Monster,2800,2400,"Only 1 Earthbound Immortal monster can be face-up on the field. When there is no Field Spell Card face-up on the field, this card is destroyed. Your opponent cannot select this card as an attack target. This card can attack your opponent directly. If this card would be destroyed by battle, you can Tribute 1 other monster instead, and if you do, halve your opponent's LP.",2.38,3.93,6.26,2.47,,1st Edition,
33140,Earthbound Immortal Chacu Challhua,Earthbound Immortal Chacu Challhua,https://tcgplayer-cdn.tcgplayer.com/product/33140_200w.jpg,2,144,https://cpt.tcgcsv.com/Qgh,2024-03-28T16:00:52.883,1,ANPR-EN017,Ultra Rare,DARK,Fish,Effect Monster,2900,2400,"There can only be 1 ""Earthbound Immortal"" monster on the field. If there is no face-up Field Spell Card on the field, destroy this card. Your opponent cannot target this card for attacks. This card can attack your opponent directly. Once per turn: You can inflict damage to your opponent equal to half this card's DEF. This card cannot attack during the turn you activate this effect. While this card is in Defense Position, your opponent cannot conduct their Battle Phase.",1.35,2.93,9.99,2.93,,Unlimited,
33140,Earthbound Immortal Chacu Challhua,Earthbound Immortal Chacu Challhua,https://tcgplayer-cdn.tcgplayer.com/product/33140_200w.jpg,2,144,https://cpt.tcgcsv.com/Qgh,2024-03-28T16:00:52.883,1,ANPR-EN017,Ultra Rare,DARK,Fish,Effect Monster,2900,2400,"There can only be 1 ""Earthbound Immortal"" monster on the field. If there is no face-up Field Spell Card on the field, destroy this card. Your opponent cannot target this card for attacks. This card can attack your opponent directly. Once per turn: You can inflict damage to your opponent equal to half this card's DEF. This card cannot attack during the turn you activate this effect. While this card is in Defense Position, your opponent cannot conduct their Battle Phase.",4.0,4.56,9.9,4.0,,1st Edition,
33141,Koa'ki Meiru Boulder,Koaki Meiru Boulder,https://tcgplayer-cdn.tcgplayer.com/product/33141_200w.jpg,2,144,https://cpt.tcgcsv.com/Rgh,2024-03-28T16:00:52.957,1,ANPR-EN018,Common,EARTH,Rock,Effect Monster,1200,1000,"When this card is destroyed by battle and sent to the Graveyard, you can add 1 Iron Core of Koa'ki Meiru or a Level 4 or lower Koa'ki Meiru monster from your Deck to your hand.",0.1,0.23,1.49,0.16,,Unlimited,
33141,Koa'ki Meiru Boulder,Koaki Meiru Boulder,https://tcgplayer-cdn.tcgplayer.com/product/33141_200w.jpg,2,144,https://cpt.tcgcsv.com/Rgh,2024-03-28T16:00:52.957,1,ANPR-EN018,Common,EARTH,Rock,Effect Monster,1200,1000,"When this card is destroyed by battle and sent to the Graveyard, you can add 1 Iron Core of Koa'ki Meiru or a Level 4 or lower Koa'ki Meiru monster from your Deck to your hand.",0.09,0.25,1.43,0.18,,1st Edition,
33142,Koa'ki Meiru Crusader,Koaki Meiru Crusader,https://tcgplayer-cdn.tcgplayer.com/product/33142_200w.jpg,2,144,https://cpt.tcgcsv.com/Sgh,2024-03-28T16:00:53.05,1,ANPR-EN019,Super Rare,EARTH,Beast-Warrior,Effect Monster,1900,1300,"The controller of this card sends 1 Iron Core of Koa'ki Meiru from their hand to the Graveyard, or reveals a Beast-Warrior-Type monster in their hand during each of their End Phases. If you don't do either, this card is destroyed. If this card destroys an",4.19,5.11,9.99,5.01,,Unlimited,
33142,Koa'ki Meiru Crusader,Koaki Meiru Crusader,https://tcgplayer-cdn.tcgplayer.com/product/33142_200w.jpg,2,144,https://cpt.tcgcsv.com/Sgh,2024-03-28T16:00:53.05,1,ANPR-EN019,Super Rare,EARTH,Beast-Warrior,Effect Monster,1900,1300,"The controller of this card sends 1 Iron Core of Koa'ki Meiru from their hand to the Graveyard, or reveals a Beast-Warrior-Type monster in their hand during each of their End Phases. If you don't do either, this card is destroyed. If this card destroys an",8.99,10.0,25.0,12.29,,1st Edition,
33143,Koa'ki Meiru Speeder,Koaki Meiru Speeder,https://tcgplayer-cdn.tcgplayer.com/product/33143_200w.jpg,2,144,https://cpt.tcgcsv.com/Tgh,2024-03-28T16:00:53.127,1,ANPR-EN020,Rare,WIND,Machine,Effect Monster,1200,2200,"During each of your End Phases, destroy this card unless you send 1 ""Iron Core of Koa'ki Meiru"" from your hand to the Graveyard or reveal 1 Machine-Type monster in your hand. If you draw ""Iron Core of Koa'ki Meiru"" during your Draw Phase, you can reveal it to your opponent to draw 1 more card.",0.09,0.25,1.7,0.1,,Unlimited,
33143,Koa'ki Meiru Speeder,Koaki Meiru Speeder,https://tcgplayer-cdn.tcgplayer.com/product/33143_200w.jpg,2,144,https://cpt.tcgcsv.com/Tgh,2024-03-28T16:00:53.127,1,ANPR-EN020,Rare,WIND,Machine,Effect Monster,1200,2200,"During each of your End Phases, destroy this card unless you send 1 ""Iron Core of Koa'ki Meiru"" from your hand to the Graveyard or reveal 1 Machine-Type monster in your hand. If you draw ""Iron Core of Koa'ki Meiru"" during your Draw Phase, you can reveal it to your opponent to draw 1 more card.",0.12,0.25,1.39,0.21,,1st Edition,
33144,Koa'ki Meiru Tornado,Koaki Meiru Tornado,https://tcgplayer-cdn.tcgplayer.com/product/33144_200w.jpg,2,144,https://cpt.tcgcsv.com/Vgh,2024-03-28T16:00:53.253,1,ANPR-EN021,Rare,WIND,Winged Beast,Effect Monster,1500,1200,You can return 1 Iron Core of Koa'ki Meiru from your hand to the top of your deck to destroy all Special Summoned monsters your opponent controls.,0.1,0.26,1.45,0.22,,Unlimited,
33144,Koa'ki Meiru Tornado,Koaki Meiru Tornado,https://tcgplayer-cdn.tcgplayer.com/product/33144_200w.jpg,2,144,https://cpt.tcgcsv.com/Vgh,2024-03-28T16:00:53.253,1,ANPR-EN021,Rare,WIND,Winged Beast,Effect Monster,1500,1200,You can return 1 Iron Core of Koa'ki Meiru from your hand to the top of your deck to destroy all Special Summoned monsters your opponent controls.,0.13,0.3,2.01,0.22,,1st Edition,
33145,Koa'ki Meiru Hydro Barrier,Koaki Meiru Hydro Barrier,https://tcgplayer-cdn.tcgplayer.com/product/33145_200w.jpg,2,144,https://cpt.tcgcsv.com/Wgh,2024-03-28T16:00:53.347,1,ANPR-EN022,Common,WATER,Aqua,Effect Monster,1000,1900,Return 1 Iron Core of Koa'ki Meiru from your hand to the top of your Deck to negate the effects of all face-up Effect Monsters (except Koa'ki Meiru monsters) until your next Standby Phase.,0.04,0.2,1.36,0.16,,Unlimited,
33145,Koa'ki Meiru Hydro Barrier,Koaki Meiru Hydro Barrier,https://tcgplayer-cdn.tcgplayer.com/product/33145_200w.jpg,2,144,https://cpt.tcgcsv.com/Wgh,2024-03-28T16:00:53.347,1,ANPR-EN022,Common,WATER,Aqua,Effect Monster,1000,1900,Return 1 Iron Core of Koa'ki Meiru from your hand to the top of your Deck to negate the effects of all face-up Effect Monsters (except Koa'ki Meiru monsters) until your next Standby Phase.,0.07,0.24,0.74,0.18,,1st Edition,
33146,Scary Moth,Scary Moth,https://tcgplayer-cdn.tcgplayer.com/product/33146_200w.jpg,2,144,https://cpt.tcgcsv.com/Xgh,2024-03-28T16:00:53.48,1,ANPR-EN023,Common,WIND,Insect,Effect Monster,1800,2300,"While this card is face-up on the field, both players can only Special Summon a monster(s) once per turn.",0.3,0.55,5.0,0.48,,Unlimited,
33146,Scary Moth,Scary Moth,https://tcgplayer-cdn.tcgplayer.com/product/33146_200w.jpg,2,144,https://cpt.tcgcsv.com/Xgh,2024-03-28T16:00:53.48,1,ANPR-EN023,Common,WIND,Insect,Effect Monster,1800,2300,"While this card is face-up on the field, both players can only Special Summon a monster(s) once per turn.",0.34,0.62,3.75,0.56,,1st Edition,
33147,"Shiny Black ""C""",Shiny Black C,https://tcgplayer-cdn.tcgplayer.com/product/33147_200w.jpg,2,144,https://cpt.tcgcsv.com/Zgh,2024-03-28T16:00:53.59,1,ANPR-EN024,Common,EARTH,Insect,Effect Monster,200,500,"When 1 Synchro Monster is Special Summoned to your opponent's side of the field, you can remove from play this card from your Graveyard to destroy that 1 Synchro Monster.",0.25,0.48,1.99,0.5,,Unlimited,
33147,"Shiny Black ""C""",Shiny Black C,https://tcgplayer-cdn.tcgplayer.com/product/33147_200w.jpg,2,144,https://cpt.tcgcsv.com/Zgh,2024-03-28T16:00:53.59,1,ANPR-EN024,Common,EARTH,Insect,Effect Monster,200,500,"When 1 Synchro Monster is Special Summoned to your opponent's side of the field, you can remove from play this card from your Graveyard to destroy that 1 Synchro Monster.",0.49,1.0,2.43,0.75,,1st Edition,
33148,Armed Sea Hunter,Armed Sea Hunter,https://tcgplayer-cdn.tcgplayer.com/product/33148_200w.jpg,2,144,https://cpt.tcgcsv.com/-gh,2024-03-28T16:00:53.667,1,ANPR-EN025,Common,WATER,Sea Serpent,Effect Monster,1800,400,"If you control a face-up WATER monster, other than this card, negate the effect(s) of an Effect Monster that battles this card after damage calculation. If this card would be destroyed, you can destroy 1 face-up Level 3 or lower WATER monster you control",0.1,0.3,1.41,0.28,,Unlimited,
33148,Armed Sea Hunter,Armed Sea Hunter,https://tcgplayer-cdn.tcgplayer.com/product/33148_200w.jpg,2,144,https://cpt.tcgcsv.com/-gh,2024-03-28T16:00:53.667,1,ANPR-EN025,Common,WATER,Sea Serpent,Effect Monster,1800,400,"If you control a face-up WATER monster, other than this card, negate the effect(s) of an Effect Monster that battles this card after damage calculation. If this card would be destroyed, you can destroy 1 face-up Level 3 or lower WATER monster you control",0.15,0.5,1.99,0.63,,1st Edition,
33149,Divine Dragon Aquabizarre,Divine Dragon Aquabizarre,https://tcgplayer-cdn.tcgplayer.com/product/33149_200w.jpg,2,144,https://cpt.tcgcsv.com/_gh,2024-03-28T16:00:53.76,1,ANPR-EN026,Common,WATER,Sea Serpent,Effect Monster,2100,1500,"Tribute 1 other face-up WATER monster, and select 1 Continuous Spell Card or 1 Field Spell Card in your Graveyard. Return the selected card from your Graveyard to the top of your Deck. This effect can only be used once per turn.",0.05,0.25,1.0,0.24,,Unlimited,
33149,Divine Dragon Aquabizarre,Divine Dragon Aquabizarre,https://tcgplayer-cdn.tcgplayer.com/product/33149_200w.jpg,2,144,https://cpt.tcgcsv.com/_gh,2024-03-28T16:00:53.76,1,ANPR-EN026,Common,WATER,Sea Serpent,Effect Monster,2100,1500,"Tribute 1 other face-up WATER monster, and select 1 Continuous Spell Card or 1 Field Spell Card in your Graveyard. Return the selected card from your Graveyard to the top of your Deck. This effect can only be used once per turn.",0.12,0.26,1.0,0.25,,1st Edition,
33150,Fishborg Blaster,Fishborg Blaster,https://tcgplayer-cdn.tcgplayer.com/product/33150_200w.jpg,2,144,https://cpt.tcgcsv.com/0hh,2024-03-28T16:00:53.85,1,ANPR-EN027,Common,WATER,Fish,Tuner Monster,100,200,"If you control a face-up level 3 or lower WATER monster, you can discard 1 card to Special Summon this card from your Graveyard. If this card is used as a Synchro Material Monster, the other Synchro Material Monsters must all be WATER monsters.",0.36,0.74,20.0,0.73,,Unlimited,
33150,Fishborg Blaster,Fishborg Blaster,https://tcgplayer-cdn.tcgplayer.com/product/33150_200w.jpg,2,144,https://cpt.tcgcsv.com/0hh,2024-03-28T16:00:53.85,1,ANPR-EN027,Common,WATER,Fish,Tuner Monster,100,200,"If you control a face-up level 3 or lower WATER monster, you can discard 1 card to Special Summon this card from your Graveyard. If this card is used as a Synchro Material Monster, the other Synchro Material Monsters must all be WATER monsters.",0.37,1.28,9.95,1.1,,1st Edition,
33151,Shark Cruiser,Shark Cruiser,https://tcgplayer-cdn.tcgplayer.com/product/33151_200w.jpg,2,144,https://cpt.tcgcsv.com/2hh,2024-03-28T16:00:53.93,1,ANPR-EN028,Common,WATER,Fish,Effect Monster,1800,2200,"If this face-up card is destroyed by your opponent's card effect, you can Special Summon up to 2 level 4 or lower WATER monsters from your Deck.",0.05,0.2,1.49,0.15,,Unlimited,
33151,Shark Cruiser,Shark Cruiser,https://tcgplayer-cdn.tcgplayer.com/product/33151_200w.jpg,2,144,https://cpt.tcgcsv.com/2hh,2024-03-28T16:00:53.93,1,ANPR-EN028,Common,WATER,Fish,Effect Monster,1800,2200,"If this face-up card is destroyed by your opponent's card effect, you can Special Summon up to 2 level 4 or lower WATER monsters from your Deck.",0.05,0.25,1.51,0.21,,1st Edition,
33152,Armored Axon Kicker,Armored Axon Kicker,https://tcgplayer-cdn.tcgplayer.com/product/33152_200w.jpg,2,144,https://cpt.tcgcsv.com/3hh,2024-03-28T16:00:54.033,1,ANPR-EN029,Common,EARTH,Psychic,Effect Monster,2200,1800,"If you control a face-up Psychic-Type monster, you can Normal Summon this card without Tributes. If this card destroys a monster by battle, take damage equal to half the ATK of the destroyed monster, and then you can Special Summon 1 monster from your Gra",0.07,0.21,1.41,0.14,,Unlimited,
33152,Armored Axon Kicker,Armored Axon Kicker,https://tcgplayer-cdn.tcgplayer.com/product/33152_200w.jpg,2,144,https://cpt.tcgcsv.com/3hh,2024-03-28T16:00:54.033,1,ANPR-EN029,Common,EARTH,Psychic,Effect Monster,2200,1800,"If you control a face-up Psychic-Type monster, you can Normal Summon this card without Tributes. If this card destroys a monster by battle, take damage equal to half the ATK of the destroyed monster, and then you can Special Summon 1 monster from your Gra",0.1,0.29,1.99,0.3,,1st Edition,
33153,Genetic Woman,Genetic Woman,https://tcgplayer-cdn.tcgplayer.com/product/33153_200w.jpg,2,144,https://cpt.tcgcsv.com/5hh,2024-03-28T16:00:54.08,1,ANPR-EN030,Common,WIND,Psychic,Effect Monster,1700,1200,"Activate by paying 1000 Life Points, and by selecting 1 of your removed from play Psychic-Type monsters. Add the selected monster to your hand. This effect can only be used once per turn.",0.03,0.22,0.99,0.17,,Unlimited,
33153,Genetic Woman,Genetic Woman,https://tcgplayer-cdn.tcgplayer.com/product/33153_200w.jpg,2,144,https://cpt.tcgcsv.com/5hh,2024-03-28T16:00:54.08,1,ANPR-EN030,Common,WIND,Psychic,Effect Monster,1700,1200,"Activate by paying 1000 Life Points, and by selecting 1 of your removed from play Psychic-Type monsters. Add the selected monster to your hand. This effect can only be used once per turn.",0.1,0.25,1.0,0.2,,1st Edition,
33154,Magicat,Magicat,https://tcgplayer-cdn.tcgplayer.com/product/33154_200w.jpg,2,144,https://cpt.tcgcsv.com/6hh,2024-03-28T16:00:54.16,1,ANPR-EN031,Rare,LIGHT,Spellcaster,Effect Monster,600,500,"If this card is used in the Synchro Summon of a Spellcaster-Type monster and sent to the Graveyard, you can return 1 Spell Card from your Graveyard to the top of your Deck.",0.05,0.3,1.45,0.26,,Unlimited,
33154,Magicat,Magicat,https://tcgplayer-cdn.tcgplayer.com/product/33154_200w.jpg,2,144,https://cpt.tcgcsv.com/6hh,2024-03-28T16:00:54.16,1,ANPR-EN031,Rare,LIGHT,Spellcaster,Effect Monster,600,500,"If this card is used in the Synchro Summon of a Spellcaster-Type monster and sent to the Graveyard, you can return 1 Spell Card from your Graveyard to the top of your Deck.",0.15,0.5,1.5,0.5,,1st Edition,
33155,Cyborg Doctor,Cyborg Doctor,https://tcgplayer-cdn.tcgplayer.com/product/33155_200w.jpg,2,144,https://cpt.tcgcsv.com/7hh,2024-03-28T16:00:54.253,1,ANPR-EN032,Common,EARTH,Spellcaster,Effect Monster,1500,1700,Activate by Tributing 1 Tuner Monster. Special Summon 1 monster from your Graveyard of the same Attribute and Level as the Tributed monster. This effect can only be used once per turn.,0.05,0.21,1.49,0.14,,Unlimited,
33155,Cyborg Doctor,Cyborg Doctor,https://tcgplayer-cdn.tcgplayer.com/product/33155_200w.jpg,2,144,https://cpt.tcgcsv.com/7hh,2024-03-28T16:00:54.253,1,ANPR-EN032,Common,EARTH,Spellcaster,Effect Monster,1500,1700,Activate by Tributing 1 Tuner Monster. Special Summon 1 monster from your Graveyard of the same Attribute and Level as the Tributed monster. This effect can only be used once per turn.,0.05,0.23,1.38,0.11,,1st Edition,
33156,White Potan,White Potan,https://tcgplayer-cdn.tcgplayer.com/product/33156_200w.jpg,2,144,https://cpt.tcgcsv.com/8hh,2024-03-28T16:00:54.387,1,ANPR-EN033,Common,LIGHT,Fairy,Effect Monster,100,200,"If you control a face-up Tuner monster, this card cannot be destroyed by battle. When a face-up Tuner monster you control is destroyed by battle and sent to the Graveyard, inflict 500 damage to your opponent.",0.04,0.21,1.49,0.2,,Unlimited,
33156,White Potan,White Potan,https://tcgplayer-cdn.tcgplayer.com/product/33156_200w.jpg,2,144,https://cpt.tcgcsv.com/8hh,2024-03-28T16:00:54.387,1,ANPR-EN033,Common,LIGHT,Fairy,Effect Monster,100,200,"If you control a face-up Tuner monster, this card cannot be destroyed by battle. When a face-up Tuner monster you control is destroyed by battle and sent to the Graveyard, inflict 500 damage to your opponent.",0.05,0.22,1.43,0.14,,1st Edition,
33157,Minefieldriller,Minefieldriller,https://tcgplayer-cdn.tcgplayer.com/product/33157_200w.jpg,2,144,https://cpt.tcgcsv.com/9hh,2024-03-28T16:00:54.51,1,ANPR-EN034,Super Rare,EARTH,Machine,Effect Monster,1500,1500,"When this face-up card is removed from the field, you can add 1 Field Spell Card from your Graveyard to your hand.",0.05,0.43,1.98,0.31,,Unlimited,
33157,Minefieldriller,Minefieldriller,https://tcgplayer-cdn.tcgplayer.com/product/33157_200w.jpg,2,144,https://cpt.tcgcsv.com/9hh,2024-03-28T16:00:54.51,1,ANPR-EN034,Super Rare,EARTH,Machine,Effect Monster,1500,1500,"When this face-up card is removed from the field, you can add 1 Field Spell Card from your Graveyard to your hand.",0.15,0.49,1.99,0.28,,1st Edition,
33158,XX-Saber Faultroll,XX Saber Faultroll,https://tcgplayer-cdn.tcgplayer.com/product/33158_200w.jpg,2,144,https://cpt.tcgcsv.com/bhh,2024-03-28T16:00:54.573,1,ANPR-EN035,Super Rare,EARTH,Warrior,Effect Monster,2400,1800,"This card cannot be Normal Summoned or Set. This card cannot be Special Summoned except if you control 2 or more face-up X-Saber monsters. Once per turn, you can Special Summon 1 level 4 or lower X-Saber monster from your Graveyard.",16.68,21.96,27.95,16.79,,Unlimited,
33158,XX-Saber Faultroll,XX Saber Faultroll,https://tcgplayer-cdn.tcgplayer.com/product/33158_200w.jpg,2,144,https://cpt.tcgcsv.com/bhh,2024-03-28T16:00:54.573,1,ANPR-EN035,Super Rare,EARTH,Warrior,Effect Monster,2400,1800,"This card cannot be Normal Summoned or Set. This card cannot be Special Summoned except if you control 2 or more face-up X-Saber monsters. Once per turn, you can Special Summon 1 level 4 or lower X-Saber monster from your Graveyard.",17.77,18.52,27.56,20.8,,1st Edition,
33159,XX-Saber Ragigura,XX Saber Ragigura,https://tcgplayer-cdn.tcgplayer.com/product/33159_200w.jpg,2,144,https://cpt.tcgcsv.com/chh,2024-03-28T16:00:54.637,1,ANPR-EN036,Common,EARTH,Beast-Warrior,Effect Monster,200,1000,"When this card is Normal Summoned or Special Summoned, you can add 1 X-Saber monster from your Graveyard to your hand.",0.14,0.36,1.45,0.37,,Unlimited,
33159,XX-Saber Ragigura,XX Saber Ragigura,https://tcgplayer-cdn.tcgplayer.com/product/33159_200w.jpg,2,144,https://cpt.tcgcsv.com/chh,2024-03-28T16:00:54.637,1,ANPR-EN036,Common,EARTH,Beast-Warrior,Effect Monster,200,1000,"When this card is Normal Summoned or Special Summoned, you can add 1 X-Saber monster from your Graveyard to your hand.",0.25,0.58,1.49,0.54,,1st Edition,
33160,Flamvell Firedog,Flamvell Firedog,https://tcgplayer-cdn.tcgplayer.com/product/33160_200w.jpg,2,144,https://cpt.tcgcsv.com/dhh,2024-03-28T16:00:54.713,1,ANPR-EN037,Rare,FIRE,Beast,Effect Monster,1900,200,"When this card destroys a monster of your opponent's by battle and sends it to the Graveyard, you can Special Summon 1 FIRE monster with 200 or less DEF from your Deck other than Flamvell Firedog.",0.15,0.48,2.25,0.43,,Unlimited,
33160,Flamvell Firedog,Flamvell Firedog,https://tcgplayer-cdn.tcgplayer.com/product/33160_200w.jpg,2,144,https://cpt.tcgcsv.com/dhh,2024-03-28T16:00:54.713,1,ANPR-EN037,Rare,FIRE,Beast,Effect Monster,1900,200,"When this card destroys a monster of your opponent's by battle and sends it to the Graveyard, you can Special Summon 1 FIRE monster with 200 or less DEF from your Deck other than Flamvell Firedog.",0.24,0.67,4.95,0.89,,1st Edition,
33161,Ancient Crimson Ape,Ancient Crimson Ape,https://tcgplayer-cdn.tcgplayer.com/product/33161_200w.jpg,2,144,https://cpt.tcgcsv.com/fhh,2024-03-28T16:00:54.793,1,ANPR-EN038,Common,LIGHT,Beast,Effect Monster,2600,1800,"When a monster you control is destroyed and sent to the Graveyard, gain 1000 Life Points.",0.05,0.2,1.49,0.15,,Unlimited,
33161,Ancient Crimson Ape,Ancient Crimson Ape,https://tcgplayer-cdn.tcgplayer.com/product/33161_200w.jpg,2,144,https://cpt.tcgcsv.com/fhh,2024-03-28T16:00:54.793,1,ANPR-EN038,Common,LIGHT,Beast,Effect Monster,2600,1800,"When a monster you control is destroyed and sent to the Graveyard, gain 1000 Life Points.",0.05,0.25,1.0,0.16,,1st Edition,
33162,Falchion Beta,Falchion Beta,https://tcgplayer-cdn.tcgplayer.com/product/33162_200w.jpg,2,144,https://cpt.tcgcsv.com/ghh,2024-03-28T16:00:54.9,1,ANPR-EN039,Rare,LIGHT,Machine,Effect Monster,1200,800,"When this card destroys a monster by battle, select and activate 1 of the following effects. Send 1 LIGHT Machine-Type monster with 1200 or less ATK from your Deck to the Graveyard. Special Summon 1 LIGHT Machine-Type monster with 1200 or less ATK from yo",0.12,0.25,1.15,0.15,,Unlimited,
33162,Falchion Beta,Falchion Beta,https://tcgplayer-cdn.tcgplayer.com/product/33162_200w.jpg,2,144,https://cpt.tcgcsv.com/ghh,2024-03-28T16:00:54.9,1,ANPR-EN039,Rare,LIGHT,Machine,Effect Monster,1200,800,"When this card destroys a monster by battle, select and activate 1 of the following effects. Send 1 LIGHT Machine-Type monster with 1200 or less ATK from your Deck to the Graveyard. Special Summon 1 LIGHT Machine-Type monster with 1200 or less ATK from yo",0.1,0.25,1.41,0.23,,1st Edition,
33163,Ancient Fairy Dragon,Ancient Fairy Dragon,https://tcgplayer-cdn.tcgplayer.com/product/33163_200w.jpg,2,144,https://cpt.tcgcsv.com/hhh,2024-03-28T16:00:55.037,1,ANPR-EN040,Ultra Rare,LIGHT,Dragon,Synchro/Effect Monster,2100,3000,"1 Tuner + 1 or more non-Tuner monsters
<br>Once per turn, you can Special Summon 1 Level 4 or lower monster from your hand. You cannot conduct your Battle Phase the turn you activate this effect. Once per turn, you can destroy a Field Spell Card, if you do, gain 1000 Life Points, and you can add 1 Field Spell Card from your Deck to your hand.",3.0,5.57,16.93,5.53,,Unlimited,
33163,Ancient Fairy Dragon,Ancient Fairy Dragon,https://tcgplayer-cdn.tcgplayer.com/product/33163_200w.jpg,2,144,https://cpt.tcgcsv.com/hhh,2024-03-28T16:00:55.037,1,ANPR-EN040,Ultra Rare,LIGHT,Dragon,Synchro/Effect Monster,2100,3000,"1 Tuner + 1 or more non-Tuner monsters
<br>Once per turn, you can Special Summon 1 Level 4 or lower monster from your hand. You cannot conduct your Battle Phase the turn you activate this effect. Once per turn, you can destroy a Field Spell Card, if you do, gain 1000 Life Points, and you can add 1 Field Spell Card from your Deck to your hand.",18.0,23.75,59.99,31.34,,1st Edition,
33164,Turbo Cannon,Turbo Cannon,https://tcgplayer-cdn.tcgplayer.com/product/33164_200w.jpg,2,144,https://cpt.tcgcsv.com/jhh,2024-03-28T16:00:55.193,1,ANPR-EN041,Super Rare,FIRE,Machine,Synchro/Effect Monster,0,0,"Turbo Rocket + 1 non-Tuner monster // Once per turn, you can destroy 1 face-up monster on the field, and inflict damage to its controller equal to half its ATK.",0.6,3.34,9.99,2.98,,Unlimited,
33164,Turbo Cannon,Turbo Cannon,https://tcgplayer-cdn.tcgplayer.com/product/33164_200w.jpg,2,144,https://cpt.tcgcsv.com/jhh,2024-03-28T16:00:55.193,1,ANPR-EN041,Super Rare,FIRE,Machine,Synchro/Effect Monster,0,0,"Turbo Rocket + 1 non-Tuner monster // Once per turn, you can destroy 1 face-up monster on the field, and inflict damage to its controller equal to half its ATK.",3.96,5.48,19.99,5.26,,1st Edition,
33165,Archfiend Zombie-Skull,Archfiend Zombie Skull,https://tcgplayer-cdn.tcgplayer.com/product/33165_200w.jpg,2,144,https://cpt.tcgcsv.com/khh,2024-03-28T16:00:55.32,1,ANPR-EN042,Super Rare,DARK,Zombie,Synchro/Effect Monster,2500,1200,Plaguespreader Zombie + 2 or more non-Tuner Zombie-Type monsters. // Face-up Zombie-Type monsters you control cannot be destroyed by card effects.,0.52,0.86,2.39,0.74,,Unlimited,
33165,Archfiend Zombie-Skull,Archfiend Zombie Skull,https://tcgplayer-cdn.tcgplayer.com/product/33165_200w.jpg,2,144,https://cpt.tcgcsv.com/khh,2024-03-28T16:00:55.32,1,ANPR-EN042,Super Rare,DARK,Zombie,Synchro/Effect Monster,2500,1200,Plaguespreader Zombie + 2 or more non-Tuner Zombie-Type monsters. // Face-up Zombie-Type monsters you control cannot be destroyed by card effects.,0.6,1.72,3.0,2.23,,1st Edition,
33166,Ancient Sacred Wyvern,Ancient Sacred Wyvern,https://tcgplayer-cdn.tcgplayer.com/product/33166_200w.jpg,2,144,https://cpt.tcgcsv.com/lhh,2024-03-28T16:00:55.46,1,ANPR-EN043,Ultra Rare,LIGHT,Fairy,Synchro/Effect Monster,2100,2000,"1 LIGHT Tuner + 1 or more non-Tuner monsters
<br>While your LP are higher than your opponent's, this card gains ATK equal to the difference. While your LP are lower than your opponent's, this card loses ATK equal to the difference. When this card is destroyed by battle and sent to the Graveyard: You can pay 1000 LP; Special Summon this card.",13.0,17.78,26.11,19.04,,Unlimited,
33166,Ancient Sacred Wyvern,Ancient Sacred Wyvern,https://tcgplayer-cdn.tcgplayer.com/product/33166_200w.jpg,2,144,https://cpt.tcgcsv.com/lhh,2024-03-28T16:00:55.46,1,ANPR-EN043,Ultra Rare,LIGHT,Fairy,Synchro/Effect Monster,2100,2000,"1 LIGHT Tuner + 1 or more non-Tuner monsters
<br>While your LP are higher than your opponent's, this card gains ATK equal to the difference. While your LP are lower than your opponent's, this card loses ATK equal to the difference. When this card is destroyed by battle and sent to the Graveyard: You can pay 1000 LP; Special Summon this card.",25.0,30.98,39.99,21.35,,1st Edition,
33167,XX-Saber Gottoms,XX Saber Gottoms,https://tcgplayer-cdn.tcgplayer.com/product/33167_200w.jpg,2,144,https://cpt.tcgcsv.com/mhh,2024-03-28T16:00:55.523,1,ANPR-EN044,Ultra Rare,EARTH,Beast-Warrior,Synchro/Effect Monster,3100,2600,1 Tuner Monster + 1 or more EARTH Monsters // You can Tribute 1 X-Saber monster to have your opponent discard 1 random card from their hand.,2.72,4.27,13.99,3.62,,Unlimited,
33167,XX-Saber Gottoms,XX Saber Gottoms,https://tcgplayer-cdn.tcgplayer.com/product/33167_200w.jpg,2,144,https://cpt.tcgcsv.com/mhh,2024-03-28T16:00:55.523,1,ANPR-EN044,Ultra Rare,EARTH,Beast-Warrior,Synchro/Effect Monster,3100,2600,1 Tuner Monster + 1 or more EARTH Monsters // You can Tribute 1 X-Saber monster to have your opponent discard 1 random card from their hand.,4.12,7.53,25.0,7.54,,1st Edition,
33168,Release Restraint Wave,Release Restraint Wave,https://tcgplayer-cdn.tcgplayer.com/product/33168_200w.jpg,2,144,https://cpt.tcgcsv.com/nhh,2013-05-09T12:13:41.653,1,ANPR-EN045,Common,SPELL,,Normal Spell,0,0,Select one face-up Equip Spell Card you control. Destroy the selected card and every face-down Spell and Trap your opponent controls.,0.04,0.22,1.49,0.15,,Unlimited,
33168,Release Restraint Wave,Release Restraint Wave,https://tcgplayer-cdn.tcgplayer.com/product/33168_200w.jpg,2,144,https://cpt.tcgcsv.com/nhh,2013-05-09T12:13:41.653,1,ANPR-EN045,Common,SPELL,,Normal Spell,0,0,Select one face-up Equip Spell Card you control. Destroy the selected card and every face-down Spell and Trap your opponent controls.,0.1,0.23,1.41,0.22,,1st Edition,
33169,Silver Wing,Silver Wing,https://tcgplayer-cdn.tcgplayer.com/product/33169_200w.jpg,2,144,https://cpt.tcgcsv.com/phh,2013-05-09T12:13:41.653,1,ANPR-EN046,Common,SPELL,,Normal Spell,0,0,"This card can only be equipped to a Level 8 or higher Dragon-Type Synchro Monster. The equipped monster may not be destroyed as a result of battle twice per turn. If the equipped monster would be destroyed, you may destroy this card instead.",0.04,0.25,1.49,0.23,,Unlimited,
33169,Silver Wing,Silver Wing,https://tcgplayer-cdn.tcgplayer.com/product/33169_200w.jpg,2,144,https://cpt.tcgcsv.com/phh,2013-05-09T12:13:41.653,1,ANPR-EN046,Common,SPELL,,Normal Spell,0,0,"This card can only be equipped to a Level 8 or higher Dragon-Type Synchro Monster. The equipped monster may not be destroyed as a result of battle twice per turn. If the equipped monster would be destroyed, you may destroy this card instead.",0.14,0.25,1.49,0.34,,1st Edition,
33170,Advance Draw,Advance Draw,https://tcgplayer-cdn.tcgplayer.com/product/33170_200w.jpg,2,144,https://cpt.tcgcsv.com/qhh,2013-05-09T12:13:41.653,1,ANPR-EN047,Common,SPELL,,Normal Spell,0,0,Activate by Tributing 1 face-up Level 8 or higher monster you control. Draw 2 cards.,0.04,0.23,1.49,0.1,,Unlimited,
33170,Advance Draw,Advance Draw,https://tcgplayer-cdn.tcgplayer.com/product/33170_200w.jpg,2,144,https://cpt.tcgcsv.com/qhh,2013-05-09T12:13:41.653,1,ANPR-EN047,Common,SPELL,,Normal Spell,0,0,Activate by Tributing 1 face-up Level 8 or higher monster you control. Draw 2 cards.,0.06,0.25,2.01,0.11,,1st Edition,
33171,Ancient Forest,Ancient Forest,https://tcgplayer-cdn.tcgplayer.com/product/33171_200w.jpg,2,144,https://cpt.tcgcsv.com/rhh,2018-11-29T16:31:18.707,1,ANPR-EN048,Super Rare,SPELL,,Normal Spell,,,"When you activate this card, change any Defense Position monster(s) to face-up Attack Position. Flip Effects are not activated at this time. If a monster attacks, destroy it at the end of that turn's Battle Phase.",17.49,21.16,52.22,20.48,,Unlimited,
33171,Ancient Forest,Ancient Forest,https://tcgplayer-cdn.tcgplayer.com/product/33171_200w.jpg,2,144,https://cpt.tcgcsv.com/rhh,2018-11-29T16:31:18.707,1,ANPR-EN048,Super Rare,SPELL,,Normal Spell,,,"When you activate this card, change any Defense Position monster(s) to face-up Attack Position. Flip Effects are not activated at this time. If a monster attacks, destroy it at the end of that turn's Battle Phase.",24.99,35.0,63.21,28.99,,1st Edition,
33172,Emergency Assistance,Emergency Assistance,https://tcgplayer-cdn.tcgplayer.com/product/33172_200w.jpg,2,144,https://cpt.tcgcsv.com/shh,2013-05-09T12:13:41.653,1,ANPR-EN049,Common,SPELL,,Normal Spell,0,0,Activate only during Main Phase 2. Special Summon 1 Level 4 monster that was destroyed and sent to the Graveyard by a card effect during this turn.,0.03,0.25,1.37,0.18,,Unlimited,
33172,Emergency Assistance,Emergency Assistance,https://tcgplayer-cdn.tcgplayer.com/product/33172_200w.jpg,2,144,https://cpt.tcgcsv.com/shh,2013-05-09T12:13:41.653,1,ANPR-EN049,Common,SPELL,,Normal Spell,0,0,Activate only during Main Phase 2. Special Summon 1 Level 4 monster that was destroyed and sent to the Graveyard by a card effect during this turn.,0.01,0.21,1.39,0.11,,1st Edition,
33173,Spirit Burner,Spirit Burner,https://tcgplayer-cdn.tcgplayer.com/product/33173_200w.jpg,2,144,https://cpt.tcgcsv.com/thh,2013-05-09T12:13:41.653,1,ANPR-EN050,Common,SPELL,,Normal Spell,0,0,"Once per turn, you can switch the equipped monster to Defense Position. When this card is sent to the Graveyard because the equipped monster returned from the field to the hand, inflict 600 damage to your opponent. If this card is in your Graveyard during",0.05,0.21,1.49,0.21,,Unlimited,
33173,Spirit Burner,Spirit Burner,https://tcgplayer-cdn.tcgplayer.com/product/33173_200w.jpg,2,144,https://cpt.tcgcsv.com/thh,2013-05-09T12:13:41.653,1,ANPR-EN050,Common,SPELL,,Normal Spell,0,0,"Once per turn, you can switch the equipped monster to Defense Position. When this card is sent to the Graveyard because the equipped monster returned from the field to the hand, inflict 600 damage to your opponent. If this card is in your Graveyard during",0.05,0.23,1.41,0.2,,1st Edition,
33174,Future Visions,Future Visions,https://tcgplayer-cdn.tcgplayer.com/product/33174_200w.jpg,2,144,https://cpt.tcgcsv.com/vhh,2019-01-09T13:05:09.463,1,ANPR-EN051,Super Rare,SPELL,,Normal Spell,0,0,"When a monster is Normal Summoned, it is removed from play. The removed monster is returned to the field in face-up Attack Position during its controller's next Standby Phase.",1.99,5.49,14.78,4.78,,Unlimited,
33174,Future Visions,Future Visions,https://tcgplayer-cdn.tcgplayer.com/product/33174_200w.jpg,2,144,https://cpt.tcgcsv.com/vhh,2019-01-09T13:05:09.463,1,ANPR-EN051,Super Rare,SPELL,,Normal Spell,0,0,"When a monster is Normal Summoned, it is removed from play. The removed monster is returned to the field in face-up Attack Position during its controller's next Standby Phase.",8.18,14.15,45.0,12.03,,1st Edition,
33175,Core Compression,Core Compression,https://tcgplayer-cdn.tcgplayer.com/product/33175_200w.jpg,2,144,https://cpt.tcgcsv.com/whh,2013-05-09T12:13:41.653,1,ANPR-EN052,Super Rare,SPELL,,Normal Spell,0,0,Reveal 1 Iron Core of Koa'ki Meiru from your hand and discard 1 Koa'ki Meiru monster from your hand to draw 2 cards.,0.24,0.79,1.98,0.75,,Unlimited,
33175,Core Compression,Core Compression,https://tcgplayer-cdn.tcgplayer.com/product/33175_200w.jpg,2,144,https://cpt.tcgcsv.com/whh,2013-05-09T12:13:41.653,1,ANPR-EN052,Super Rare,SPELL,,Normal Spell,0,0,Reveal 1 Iron Core of Koa'ki Meiru from your hand and discard 1 Koa'ki Meiru monster from your hand to draw 2 cards.,0.76,1.5,4.22,1.37,,1st Edition,
33176,Core Blaster,Core Blaster,https://tcgplayer-cdn.tcgplayer.com/product/33176_200w.jpg,2,144,https://cpt.tcgcsv.com/xhh,2025-04-28T12:21:08.493,1,ANPR-EN053,Common,SPELL,,Equip Spell,0,0,"Equip only to a Koa'ki Meiru monster. If it battles a LIGHT or DARK monster, destroy that monster without applying damage calculation. When the equipped monster is removed from the field and this card is sent to the Graveyard, you can return this card to your hand.",0.03,0.23,1.49,0.24,,Unlimited,
33176,Core Blaster,Core Blaster,https://tcgplayer-cdn.tcgplayer.com/product/33176_200w.jpg,2,144,https://cpt.tcgcsv.com/xhh,2025-04-28T12:21:08.493,1,ANPR-EN053,Common,SPELL,,Equip Spell,0,0,"Equip only to a Koa'ki Meiru monster. If it battles a LIGHT or DARK monster, destroy that monster without applying damage calculation. When the equipped monster is removed from the field and this card is sent to the Graveyard, you can return this card to your hand.",0.07,0.23,1.4,0.11,,1st Edition,
33177,Solidarity,Solidarity,https://tcgplayer-cdn.tcgplayer.com/product/33177_200w.jpg,2,144,https://cpt.tcgcsv.com/zhh,2013-05-09T12:13:41.653,1,ANPR-EN054,Rare,SPELL,,Normal Spell,0,0,"If all of the monsters in your Graveyard are of only 1 Type, all face-up monsters you control of that Type gain 800 ATK.",2.68,7.85,28.47,6.53,,Unlimited,
33177,Solidarity,Solidarity,https://tcgplayer-cdn.tcgplayer.com/product/33177_200w.jpg,2,144,https://cpt.tcgcsv.com/zhh,2013-05-09T12:13:41.653,1,ANPR-EN054,Rare,SPELL,,Normal Spell,0,0,"If all of the monsters in your Graveyard are of only 1 Type, all face-up monsters you control of that Type gain 800 ATK.",6.53,8.55,29.99,8.53,,1st Edition,
33178,Hydro Pressure Cannon,Hydro Pressure Cannon,https://tcgplayer-cdn.tcgplayer.com/product/33178_200w.jpg,2,144,https://cpt.tcgcsv.com/Bhh,2013-05-09T12:13:41.653,1,ANPR-EN055,Common,SPELL,,Normal Spell,0,0,"Equip only to a Level 3 or lower WATER monster. If it destroys a monster of your opponent's by battle, send 1 random card from your opponent's hand to the Graveyard.",0.01,0.23,1.49,0.23,,Unlimited,
33178,Hydro Pressure Cannon,Hydro Pressure Cannon,https://tcgplayer-cdn.tcgplayer.com/product/33178_200w.jpg,2,144,https://cpt.tcgcsv.com/Bhh,2013-05-09T12:13:41.653,1,ANPR-EN055,Common,SPELL,,Normal Spell,0,0,"Equip only to a Level 3 or lower WATER monster. If it destroys a monster of your opponent's by battle, send 1 random card from your opponent's hand to the Graveyard.",0.05,0.22,1.41,0.18,,1st Edition,
33179,Water Hazard,Water Hazard,https://tcgplayer-cdn.tcgplayer.com/product/33179_200w.jpg,2,144,https://cpt.tcgcsv.com/Chh,2013-05-09T12:13:41.653,1,ANPR-EN056,Common,SPELL,,Normal Spell,0,0,"If you control no monsters, you can Special Summon 1 Level 4 or lower WATER monster from your hand. This effect can only be used once per turn.",0.09,0.22,1.49,0.14,,Unlimited,
33179,Water Hazard,Water Hazard,https://tcgplayer-cdn.tcgplayer.com/product/33179_200w.jpg,2,144,https://cpt.tcgcsv.com/Chh,2013-05-09T12:13:41.653,1,ANPR-EN056,Common,SPELL,,Normal Spell,0,0,"If you control no monsters, you can Special Summon 1 Level 4 or lower WATER monster from your hand. This effect can only be used once per turn.",0.14,0.32,1.49,0.34,,1st Edition,
33180,Brain Research Lab,Brain Research Lab,https://tcgplayer-cdn.tcgplayer.com/product/33180_200w.jpg,2,144,https://cpt.tcgcsv.com/Dhh,2018-02-15T13:13:42.06,1,ANPR-EN057,Common,SPELL,,Field Spell,,,"Once per turn, you can Normal Summon 1 Psychic-Type monster in addition to your Normal Summon or Set. If successful, place 1 Psychic Counter on this card. You can also place 1 Psychic Counter on this card instead of paying Life Points to activate any Psychic-Type monster's effect that you control. When this card is removed from the field, the controller of this card takes 1000 damage for each Psychic Counter on it.",0.11,0.39,10.0,0.39,,Unlimited,
33180,Brain Research Lab,Brain Research Lab,https://tcgplayer-cdn.tcgplayer.com/product/33180_200w.jpg,2,144,https://cpt.tcgcsv.com/Dhh,2018-02-15T13:13:42.06,1,ANPR-EN057,Common,SPELL,,Field Spell,,,"Once per turn, you can Normal Summon 1 Psychic-Type monster in addition to your Normal Summon or Set. If successful, place 1 Psychic Counter on this card. You can also place 1 Psychic Counter on this card instead of paying Life Points to activate any Psychic-Type monster's effect that you control. When this card is removed from the field, the controller of this card takes 1000 damage for each Psychic Counter on it.",0.15,0.57,1.52,0.54,,1st Edition,
33181,Saber Slash,Saber Slash,https://tcgplayer-cdn.tcgplayer.com/product/33181_200w.jpg,2,144,https://cpt.tcgcsv.com/Fhh,2013-05-09T12:13:41.653,1,ANPR-EN058,Super Rare,SPELL,,Normal Spell,0,0,Destroy a number of face-up cards on the field equal to the number of face-up X-Saber monsters you control.,0.89,2.01,6.35,1.91,,Unlimited,
33181,Saber Slash,Saber Slash,https://tcgplayer-cdn.tcgplayer.com/product/33181_200w.jpg,2,144,https://cpt.tcgcsv.com/Fhh,2013-05-09T12:13:41.653,1,ANPR-EN058,Super Rare,SPELL,,Normal Spell,0,0,Destroy a number of face-up cards on the field equal to the number of face-up X-Saber monsters you control.,3.74,5.35,6.04,4.34,,1st Edition,
33182,Sword of Sparkles,Sword of Sparkles,https://tcgplayer-cdn.tcgplayer.com/product/33182_200w.jpg,2,144,https://cpt.tcgcsv.com/Ghh,2013-05-09T12:13:41.653,1,ANPR-EN059,Common,SPELL,,Normal Spell,0,0,"Equip only to a face-up X-Saber monster. If it destroys a monster of your opponent's by battle, you can destroy 1 card your opponent controls. Also, by Tributing 1 monster, return this card in your Graveyard to the top of your Deck.",0.08,0.22,1.49,0.13,,Unlimited,
33182,Sword of Sparkles,Sword of Sparkles,https://tcgplayer-cdn.tcgplayer.com/product/33182_200w.jpg,2,144,https://cpt.tcgcsv.com/Ghh,2013-05-09T12:13:41.653,1,ANPR-EN059,Common,SPELL,,Normal Spell,0,0,"Equip only to a face-up X-Saber monster. If it destroys a monster of your opponent's by battle, you can destroy 1 card your opponent controls. Also, by Tributing 1 monster, return this card in your Graveyard to the top of your Deck.",0.05,0.25,1.45,0.23,,1st Edition,
33183,Rekindling,Rekindling,https://tcgplayer-cdn.tcgplayer.com/product/33183_200w.jpg,2,144,https://cpt.tcgcsv.com/Hhh,2013-05-09T12:13:41.653,1,ANPR-EN060,Common,SPELL,,Normal Spell,0,0,Special Summon as many FIRE monsters with 200 DEF from your Graveyard as possible. The monsters Special Summoned by this effect are removed from play during the End Phase.,0.1,0.5,3.0,0.47,,Unlimited,
33183,Rekindling,Rekindling,https://tcgplayer-cdn.tcgplayer.com/product/33183_200w.jpg,2,144,https://cpt.tcgcsv.com/Hhh,2013-05-09T12:13:41.653,1,ANPR-EN060,Common,SPELL,,Normal Spell,0,0,Special Summon as many FIRE monsters with 200 DEF from your Graveyard as possible. The monsters Special Summoned by this effect are removed from play during the End Phase.,0.25,0.5,2.0,0.48,,1st Edition,
33184,Ancient Leaf,Ancient Leaf,https://tcgplayer-cdn.tcgplayer.com/product/33184_200w.jpg,2,144,https://cpt.tcgcsv.com/Jhh,2013-05-09T12:13:41.653,1,ANPR-EN061,Common,SPELL,,Normal Spell,0,0,"If your Life Points are 9000 or higher, activate by paying 2000 Life Points. Draw 2 cards.",0.25,0.77,6.99,0.76,,Unlimited,
33184,Ancient Leaf,Ancient Leaf,https://tcgplayer-cdn.tcgplayer.com/product/33184_200w.jpg,2,144,https://cpt.tcgcsv.com/Jhh,2013-05-09T12:13:41.653,1,ANPR-EN061,Common,SPELL,,Normal Spell,0,0,"If your Life Points are 9000 or higher, activate by paying 2000 Life Points. Draw 2 cards.",0.3,0.95,5.0,0.79,,1st Edition,
33185,Fossil Dig,Fossil Dig,https://tcgplayer-cdn.tcgplayer.com/product/33185_200w.jpg,2,144,https://cpt.tcgcsv.com/Khh,2013-05-09T12:13:41.653,1,ANPR-EN062,Common,SPELL,,Normal Spell,0,0,Add 1 Level 6 or lower Dinosaur-Type monster from your Deck to your hand.,0.03,0.34,4.75,0.14,,Unlimited,
33185,Fossil Dig,Fossil Dig,https://tcgplayer-cdn.tcgplayer.com/product/33185_200w.jpg,2,144,https://cpt.tcgcsv.com/Khh,2013-05-09T12:13:41.653,1,ANPR-EN062,Common,SPELL,,Normal Spell,0,0,Add 1 Level 6 or lower Dinosaur-Type monster from your Deck to your hand.,0.05,0.47,3.9,0.15,,1st Edition,
33186,Skill Successor,Skill Successor,https://tcgplayer-cdn.tcgplayer.com/product/33186_200w.jpg,2,144,https://cpt.tcgcsv.com/Lhh,2013-05-09T12:13:41.653,1,ANPR-EN063,Super Rare,TRAP,,Normal Trap,0,0,"Increase the ATK of one monster on your side of the field by 400 points for this turn. Also, if this card exists in your Graveyard, you can remove this card from play to increase the ATK of a monster on your side of the Field by 800 points until the End P",0.25,1.0,9.19,0.74,,Unlimited,
33186,Skill Successor,Skill Successor,https://tcgplayer-cdn.tcgplayer.com/product/33186_200w.jpg,2,144,https://cpt.tcgcsv.com/Lhh,2013-05-09T12:13:41.653,1,ANPR-EN063,Super Rare,TRAP,,Normal Trap,0,0,"Increase the ATK of one monster on your side of the field by 400 points for this turn. Also, if this card exists in your Graveyard, you can remove this card from play to increase the ATK of a monster on your side of the Field by 800 points until the End P",2.5,3.44,9.69,2.95,,1st Edition,
33187,Reinforce Truth,Reinforce Truth,https://tcgplayer-cdn.tcgplayer.com/product/33187_200w.jpg,2,144,https://cpt.tcgcsv.com/Mhh,2013-05-09T12:13:41.653,1,ANPR-EN064,Rare,TRAP,,Normal Trap,0,0,"Special Summon 1 Level 2 or lower Warrior-Type monster from your Deck. During the turn this card was activated, you cannot enter your Battle Phase.",0.3,0.9,2.89,0.89,,Unlimited,
33187,Reinforce Truth,Reinforce Truth,https://tcgplayer-cdn.tcgplayer.com/product/33187_200w.jpg,2,144,https://cpt.tcgcsv.com/Mhh,2013-05-09T12:13:41.653,1,ANPR-EN064,Rare,TRAP,,Normal Trap,0,0,"Special Summon 1 Level 2 or lower Warrior-Type monster from your Deck. During the turn this card was activated, you cannot enter your Battle Phase.",0.68,0.99,4.0,1.18,,1st Edition,
33188,Pixie Ring,Pixie Ring,https://tcgplayer-cdn.tcgplayer.com/product/33188_200w.jpg,2,144,https://cpt.tcgcsv.com/Nhh,2013-05-09T12:13:41.653,1,ANPR-EN065,Common,TRAP,,Normal Trap,0,0,"While you control 2 or more face-up monsters, monsters controlled by your opponent cannot attack the monster you control that has the lowest ATK.",0.03,0.2,1.49,0.18,,Unlimited,
33188,Pixie Ring,Pixie Ring,https://tcgplayer-cdn.tcgplayer.com/product/33188_200w.jpg,2,144,https://cpt.tcgcsv.com/Nhh,2013-05-09T12:13:41.653,1,ANPR-EN065,Common,TRAP,,Normal Trap,0,0,"While you control 2 or more face-up monsters, monsters controlled by your opponent cannot attack the monster you control that has the lowest ATK.",0.09,0.23,1.41,0.33,,1st Edition,
33189,Fairy Wind,Fairy Wind,https://tcgplayer-cdn.tcgplayer.com/product/33189_200w.jpg,2,144,https://cpt.tcgcsv.com/Phh,2013-05-09T12:13:41.653,1,ANPR-EN066,Common,TRAP,,Normal Trap,0,0,Destroy all face-up Spell and Traps on the field. Inflict 300 damage to each player for each card destroyed.,0.03,0.25,8.0,0.18,,Unlimited,
33189,Fairy Wind,Fairy Wind,https://tcgplayer-cdn.tcgplayer.com/product/33189_200w.jpg,2,144,https://cpt.tcgcsv.com/Phh,2013-05-09T12:13:41.653,1,ANPR-EN066,Common,TRAP,,Normal Trap,0,0,Destroy all face-up Spell and Traps on the field. Inflict 300 damage to each player for each card destroyed.,0.02,0.3,1.88,0.25,,1st Edition,
33190,Imperial Custom,Imperial Custom,https://tcgplayer-cdn.tcgplayer.com/product/33190_200w.jpg,2,144,https://cpt.tcgcsv.com/Qhh,2013-05-09T12:13:41.653,1,ANPR-EN067,Common,TRAP,,Normal Trap,0,0,Face-up Continuous Trap Cards on the field not named Imperial Custom cannot be destroyed. You can control only 1 face-up Imperial Custom.,0.07,0.3,1.49,0.17,,Unlimited,
33190,Imperial Custom,Imperial Custom,https://tcgplayer-cdn.tcgplayer.com/product/33190_200w.jpg,2,144,https://cpt.tcgcsv.com/Qhh,2013-05-09T12:13:41.653,1,ANPR-EN067,Common,TRAP,,Normal Trap,0,0,Face-up Continuous Trap Cards on the field not named Imperial Custom cannot be destroyed. You can control only 1 face-up Imperial Custom.,0.05,0.39,1.25,0.32,,1st Edition,
33191,Discord,Discord,https://tcgplayer-cdn.tcgplayer.com/product/33191_200w.jpg,2,144,https://cpt.tcgcsv.com/Rhh,2013-05-09T12:13:41.653,1,ANPR-EN068,Super Rare,TRAP,,Normal Trap,0,0,Neither player can Synchro Summon. This card is sent to the Graveyard during your 3rd End Phase after activation.,0.45,0.95,3.99,0.78,,Unlimited,
33191,Discord,Discord,https://tcgplayer-cdn.tcgplayer.com/product/33191_200w.jpg,2,144,https://cpt.tcgcsv.com/Rhh,2013-05-09T12:13:41.653,1,ANPR-EN068,Super Rare,TRAP,,Normal Trap,0,0,Neither player can Synchro Summon. This card is sent to the Graveyard during your 3rd End Phase after activation.,0.6,1.95,5.0,1.95,,1st Edition,
33192,Slip of Fortune,Slip of Fortune,https://tcgplayer-cdn.tcgplayer.com/product/33192_200w.jpg,2,144,https://cpt.tcgcsv.com/Shh,2013-05-09T12:13:41.653,1,ANPR-EN069,Common,TRAP,,Normal Trap,0,0,"Activate only when your opponent declares an attack. Negate that attack, and remove from play the attack target monster until your next Standby Phase.",0.12,0.26,1.49,0.19,,Unlimited,
33192,Slip of Fortune,Slip of Fortune,https://tcgplayer-cdn.tcgplayer.com/product/33192_200w.jpg,2,144,https://cpt.tcgcsv.com/Shh,2013-05-09T12:13:41.653,1,ANPR-EN069,Common,TRAP,,Normal Trap,0,0,"Activate only when your opponent declares an attack. Negate that attack, and remove from play the attack target monster until your next Standby Phase.",0.1,0.46,1.01,0.36,,1st Edition,
33193,Depth Amulet,Depth Amulet,https://tcgplayer-cdn.tcgplayer.com/product/33193_200w.jpg,2,144,https://cpt.tcgcsv.com/Thh,2013-05-09T12:13:41.653,1,ANPR-EN070,Common,TRAP,,Normal Trap,0,0,"When an opponent's monster declares an attack, you can discard 1 card from your hand to the Graveyard and negate the attack. This card is destroyed during your opponent's 3rd End Phase after activation.",0.05,0.2,1.49,0.18,,Unlimited,
33193,Depth Amulet,Depth Amulet,https://tcgplayer-cdn.tcgplayer.com/product/33193_200w.jpg,2,144,https://cpt.tcgcsv.com/Thh,2013-05-09T12:13:41.653,1,ANPR-EN070,Common,TRAP,,Normal Trap,0,0,"When an opponent's monster declares an attack, you can discard 1 card from your hand to the Graveyard and negate the attack. This card is destroyed during your opponent's 3rd End Phase after activation.",0.01,0.25,1.32,0.25,,1st Edition,
33194,Damage Translation,Damage Translation,https://tcgplayer-cdn.tcgplayer.com/product/33194_200w.jpg,2,144,https://cpt.tcgcsv.com/Vhh,2013-05-09T12:13:41.653,1,ANPR-EN071,Common,TRAP,,Normal Trap,0,0,"Damage to you from card effects is halved until the end of this turn. During the End Phase of this turn, Special Summon 1 Ghost Token (Fiend-Type/DARK/Level 1/ATK 0/DEF 0) in Defense Position for each effect that inflicted effect damage to you.",0.03,0.21,1.49,0.2,,Unlimited,
33194,Damage Translation,Damage Translation,https://tcgplayer-cdn.tcgplayer.com/product/33194_200w.jpg,2,144,https://cpt.tcgcsv.com/Vhh,2013-05-09T12:13:41.653,1,ANPR-EN071,Common,TRAP,,Normal Trap,0,0,"Damage to you from card effects is halved until the end of this turn. During the End Phase of this turn, Special Summon 1 Ghost Token (Fiend-Type/DARK/Level 1/ATK 0/DEF 0) in Defense Position for each effect that inflicted effect damage to you.",0.06,0.25,0.99,0.27,,1st Edition,
33195,Battle Teleportation,Battle Teleportation,https://tcgplayer-cdn.tcgplayer.com/product/33195_200w.jpg,2,144,https://cpt.tcgcsv.com/Whh,2013-05-09T12:13:41.653,1,ANPR-EN072,Common,TRAP,,Normal Trap,0,0,"If you control only 1 face-up Psychic-Type monster, activate by selecting that 1 monster. It can attack your opponent directly this turn. At the end of the Battle Phase of this turn, give control of it to your opponent.",0.03,0.22,1.75,0.22,,Unlimited,
33195,Battle Teleportation,Battle Teleportation,https://tcgplayer-cdn.tcgplayer.com/product/33195_200w.jpg,2,144,https://cpt.tcgcsv.com/Whh,2013-05-09T12:13:41.653,1,ANPR-EN072,Common,TRAP,,Normal Trap,0,0,"If you control only 1 face-up Psychic-Type monster, activate by selecting that 1 monster. It can attack your opponent directly this turn. At the end of the Battle Phase of this turn, give control of it to your opponent.",0.01,0.23,1.41,0.15,,1st Edition,
33196,Core Reinforcement,Core Reinforcement,https://tcgplayer-cdn.tcgplayer.com/product/33196_200w.jpg,2,144,https://cpt.tcgcsv.com/Xhh,2013-05-09T12:13:41.653,1,ANPR-EN073,Rare,TRAP,,Normal Trap,0,0,"Special Summon 1 Koa'ki Meiru monster from your Graveyard in Attack Position on your side of the field. When that monster is destroyed during your End Phase, the controller of that monster takes damage equal to that monster's ATK. When this card is remove",0.02,0.24,1.33,0.19,,Unlimited,
33196,Core Reinforcement,Core Reinforcement,https://tcgplayer-cdn.tcgplayer.com/product/33196_200w.jpg,2,144,https://cpt.tcgcsv.com/Xhh,2013-05-09T12:13:41.653,1,ANPR-EN073,Rare,TRAP,,Normal Trap,0,0,"Special Summon 1 Koa'ki Meiru monster from your Graveyard in Attack Position on your side of the field. When that monster is destroyed during your End Phase, the controller of that monster takes damage equal to that monster's ATK. When this card is remove",0.1,0.28,1.0,0.21,,1st Edition,
33197,Iron Core Luster,Iron Core Luster,https://tcgplayer-cdn.tcgplayer.com/product/33197_200w.jpg,2,144,https://cpt.tcgcsv.com/Zhh,2013-05-09T12:13:41.653,1,ANPR-EN074,Common,TRAP,,Normal Trap,0,0,Reveal 1 Iron Core of Koa'ki Meiru from your hand to negate the activation of an opponent's Spell or Trap Card and destroy it.,0.03,0.23,1.34,0.14,,Unlimited,
33197,Iron Core Luster,Iron Core Luster,https://tcgplayer-cdn.tcgplayer.com/product/33197_200w.jpg,2,144,https://cpt.tcgcsv.com/Zhh,2013-05-09T12:13:41.653,1,ANPR-EN074,Common,TRAP,,Normal Trap,0,0,Reveal 1 Iron Core of Koa'ki Meiru from your hand to negate the activation of an opponent's Spell or Trap Card and destroy it.,0.1,0.29,0.99,0.34,,1st Edition,
33198,Battle of the Elements,Battle of the Elements,https://tcgplayer-cdn.tcgplayer.com/product/33198_200w.jpg,2,144,https://cpt.tcgcsv.com/-hh,2013-05-09T12:13:41.653,1,ANPR-EN075,Common,TRAP,,Normal Trap,0,0,Activate if all monsters on the field are face-up. Both players send monsters from their respective sides of the field to the Graveyard until they are each controlling monsters of only 1 Attribute.,0.01,0.25,1.55,0.21,,Unlimited,
33198,Battle of the Elements,Battle of the Elements,https://tcgplayer-cdn.tcgplayer.com/product/33198_200w.jpg,2,144,https://cpt.tcgcsv.com/-hh,2013-05-09T12:13:41.653,1,ANPR-EN075,Common,TRAP,,Normal Trap,0,0,Activate if all monsters on the field are face-up. Both players send monsters from their respective sides of the field to the Graveyard until they are each controlling monsters of only 1 Attribute.,0.1,0.25,1.67,0.14,,1st Edition,
33199,Aegis of the Ocean Dragon Lord,Aegis of the Ocean Dragon Lord,https://tcgplayer-cdn.tcgplayer.com/product/33199_200w.jpg,2,144,https://cpt.tcgcsv.com/_hh,2013-05-09T12:13:41.653,1,ANPR-EN076,Common,TRAP,,Normal Trap,0,0,"Until the End Phase of this turn, all face-up level 3 or lower WATER monsters you control cannot be destroyed by battle or by card effects.",0.1,0.28,1.96,0.18,,Unlimited,
33199,Aegis of the Ocean Dragon Lord,Aegis of the Ocean Dragon Lord,https://tcgplayer-cdn.tcgplayer.com/product/33199_200w.jpg,2,144,https://cpt.tcgcsv.com/_hh,2013-05-09T12:13:41.653,1,ANPR-EN076,Common,TRAP,,Normal Trap,0,0,"Until the End Phase of this turn, all face-up level 3 or lower WATER monsters you control cannot be destroyed by battle or by card effects.",0.14,0.49,1.98,0.47,,1st Edition,
33200,Psychic Soul,Psychic Soul,https://tcgplayer-cdn.tcgplayer.com/product/33200_200w.jpg,2,144,https://cpt.tcgcsv.com/0jh,2013-05-09T12:13:41.653,1,ANPR-EN077,Common,TRAP,,Normal Trap,0,0,Activate by Tributing 1 Psychic-Type monster. Gain Life Points equal to its level × 300.,0.05,0.2,1.49,0.19,,Unlimited,
33200,Psychic Soul,Psychic Soul,https://tcgplayer-cdn.tcgplayer.com/product/33200_200w.jpg,2,144,https://cpt.tcgcsv.com/0jh,2013-05-09T12:13:41.653,1,ANPR-EN077,Common,TRAP,,Normal Trap,0,0,Activate by Tributing 1 Psychic-Type monster. Gain Life Points equal to its level × 300.,0.05,0.23,0.99,0.14,,1st Edition,
33201,Flamvell Counter,Flamvell Counter,https://tcgplayer-cdn.tcgplayer.com/product/33201_200w.jpg,2,144,https://cpt.tcgcsv.com/2jh,2013-05-09T12:13:41.653,1,ANPR-EN078,Common,TRAP,,Normal Trap,0,0,Activate by removing from play 1 FIRE monster with 200 DEF in your Graveyard. Negate the activation of a Spell or Trap card and destroy it.,0.05,0.24,1.75,0.17,,Unlimited,
33201,Flamvell Counter,Flamvell Counter,https://tcgplayer-cdn.tcgplayer.com/product/33201_200w.jpg,2,144,https://cpt.tcgcsv.com/2jh,2013-05-09T12:13:41.653,1,ANPR-EN078,Common,TRAP,,Normal Trap,0,0,Activate by removing from play 1 FIRE monster with 200 DEF in your Graveyard. Negate the activation of a Spell or Trap card and destroy it.,0.1,0.48,2.21,0.48,,1st Edition,
33202,At One With the Sword,At One With the Sword,https://tcgplayer-cdn.tcgplayer.com/product/33202_200w.jpg,2,144,https://cpt.tcgcsv.com/3jh,2023-07-26T14:27:02.833,1,ANPR-EN079,Common,TRAP,,Normal Trap,,,"Activate while the only monster you control is 1 face-up ""X-Saber"" monster. Equip this card to that monster. It gains 800 ATK. If it destroys your opponent's monster by battle, draw 1 card.",0.05,0.25,1.49,0.24,,Unlimited,
33202,At One With the Sword,At One With the Sword,https://tcgplayer-cdn.tcgplayer.com/product/33202_200w.jpg,2,144,https://cpt.tcgcsv.com/3jh,2023-07-26T14:27:02.833,1,ANPR-EN079,Common,TRAP,,Normal Trap,,,"Activate while the only monster you control is 1 face-up ""X-Saber"" monster. Equip this card to that monster. It gains 800 ATK. If it destroys your opponent's monster by battle, draw 1 card.",0.11,0.33,1.45,0.31,,1st Edition,
33203,A Major Upset,A Major Upset,https://tcgplayer-cdn.tcgplayer.com/product/33203_200w.jpg,2,144,https://cpt.tcgcsv.com/5jh,2013-05-09T12:13:41.653,1,ANPR-EN080,Common,TRAP,,Normal Trap,0,0,Activate by Tributing 1 face-up Attack Position level 2 or lower monster you control. Return all face-up level 7 or higher monsters on the field that were Special Summoned to their respective hands.,0.06,0.25,1.41,0.11,,Unlimited,
33203,A Major Upset,A Major Upset,https://tcgplayer-cdn.tcgplayer.com/product/33203_200w.jpg,2,144,https://cpt.tcgcsv.com/5jh,2013-05-09T12:13:41.653,1,ANPR-EN080,Common,TRAP,,Normal Trap,0,0,Activate by Tributing 1 face-up Attack Position level 2 or lower monster you control. Return all face-up level 7 or higher monsters on the field that were Special Summoned to their respective hands.,0.05,0.25,0.74,0.28,,1st Edition,
33204,XX-Saber Fulhelmknight,XX Saber Fulhelmknight,https://tcgplayer-cdn.tcgplayer.com/product/33204_200w.jpg,2,144,https://cpt.tcgcsv.com/6jh,2024-03-28T16:00:55.603,1,ANPR-EN081,Rare,EARTH,Warrior,Tuner Monster,1300,1000,"Once, while this card is face-up on the field, you can negate the attack of 1 of your opponent's monsters. If this card destroys a Defense Position monster your opponent controls by battle, you can Special Summon 1 Level 4 or lower X-Saber monster from yo",0.25,0.5,2.95,0.62,,Unlimited,
33204,XX-Saber Fulhelmknight,XX Saber Fulhelmknight,https://tcgplayer-cdn.tcgplayer.com/product/33204_200w.jpg,2,144,https://cpt.tcgcsv.com/6jh,2024-03-28T16:00:55.603,1,ANPR-EN081,Rare,EARTH,Warrior,Tuner Monster,1300,1000,"Once, while this card is face-up on the field, you can negate the attack of 1 of your opponent's monsters. If this card destroys a Defense Position monster your opponent controls by battle, you can Special Summon 1 Level 4 or lower X-Saber monster from yo",0.31,0.48,0.98,0.48,,1st Edition,
33205,Koa'ki Meiru Ghoulungulate,Koaki Meiru Ghoulungulate,https://tcgplayer-cdn.tcgplayer.com/product/33205_200w.jpg,2,144,https://cpt.tcgcsv.com/7jh,2024-03-28T16:00:55.743,1,ANPR-EN082,Ultra Rare,EARTH,Zombie,Effect Monster,2500,1700,"During each of your End Phases, destroy this card unless you send 1 Iron Core of Koa'ki Meiru from your hand to the Graveyard or reveal 1 Zombie-Type monster in your hand. If a Koa'ki Meiru monster you control would be destroyed by battle or by a card eff",0.31,0.68,1.99,0.57,,Unlimited,
33205,Koa'ki Meiru Ghoulungulate,Koaki Meiru Ghoulungulate,https://tcgplayer-cdn.tcgplayer.com/product/33205_200w.jpg,2,144,https://cpt.tcgcsv.com/7jh,2024-03-28T16:00:55.743,1,ANPR-EN082,Ultra Rare,EARTH,Zombie,Effect Monster,2500,1700,"During each of your End Phases, destroy this card unless you send 1 Iron Core of Koa'ki Meiru from your hand to the Graveyard or reveal 1 Zombie-Type monster in your hand. If a Koa'ki Meiru monster you control would be destroyed by battle or by a card eff",0.45,0.92,4.99,0.49,,1st Edition,
33206,Koa'ki Meiru Gravirose,Koaki Meiru Gravirose,https://tcgplayer-cdn.tcgplayer.com/product/33206_200w.jpg,2,144,https://cpt.tcgcsv.com/8jh,2024-03-28T16:00:55.883,1,ANPR-EN083,Ultra Rare,FIRE,Plant,Effect Monster,1900,1300,"During each of your End Phases, destroy this card unless you send 1 Iron Core of Koa'ki Meiru from your hand to the Graveyard or reveal 1 Plant-Type monster in your hand. During each of your Standby Phases, you can send 1 Level 3 or lower monster from you",15.49,29.0,49.95,15.49,,Unlimited,
33206,Koa'ki Meiru Gravirose,Koaki Meiru Gravirose,https://tcgplayer-cdn.tcgplayer.com/product/33206_200w.jpg,2,144,https://cpt.tcgcsv.com/8jh,2024-03-28T16:00:55.883,1,ANPR-EN083,Ultra Rare,FIRE,Plant,Effect Monster,1900,1300,"During each of your End Phases, destroy this card unless you send 1 Iron Core of Koa'ki Meiru from your hand to the Graveyard or reveal 1 Plant-Type monster in your hand. During each of your Standby Phases, you can send 1 Level 3 or lower monster from you",27.49,34.99,80.0,12.28,,1st Edition,
33207,Psychic Emperor,Psychic Emperor,https://tcgplayer-cdn.tcgplayer.com/product/33207_200w.jpg,2,144,https://cpt.tcgcsv.com/9jh,2024-03-28T16:00:55.973,1,ANPR-EN084,Rare,LIGHT,Psychic,Effect Monster,2400,1000,"When this card is Normal or Special Summoned, gain 500 Life Points for each Psychic-Type monster in your Graveyard.",0.05,0.25,2.66,0.16,,Unlimited,
33207,Psychic Emperor,Psychic Emperor,https://tcgplayer-cdn.tcgplayer.com/product/33207_200w.jpg,2,144,https://cpt.tcgcsv.com/9jh,2024-03-28T16:00:55.973,1,ANPR-EN084,Rare,LIGHT,Psychic,Effect Monster,2400,1000,"When this card is Normal or Special Summoned, gain 500 Life Points for each Psychic-Type monster in your Graveyard.",0.12,0.28,1.0,0.27,,1st Edition,
33208,Card Guard,Card Guard,https://tcgplayer-cdn.tcgplayer.com/product/33208_200w.jpg,2,144,https://cpt.tcgcsv.com/bjh,2024-03-28T16:00:56.053,1,ANPR-EN085,Secret Rare,DARK,Fiend,Effect Monster,1600,500,"When this card is Normal Summoned or Special Summoned, place 1 Guard Counter on it. This card gains 300 ATK for every Guard Counter on it. Once per turn, you can remove 1 Guard Counter from this card and place it on 1 other face-up card you control. If that card would be destroyed, remove the Guard Counter instead.",1.37,3.33,9.99,2.37,,Unlimited,
33208,Card Guard,Card Guard,https://tcgplayer-cdn.tcgplayer.com/product/33208_200w.jpg,2,144,https://cpt.tcgcsv.com/bjh,2024-03-28T16:00:56.053,1,ANPR-EN085,Secret Rare,DARK,Fiend,Effect Monster,1600,500,"When this card is Normal Summoned or Special Summoned, place 1 Guard Counter on it. This card gains 300 ATK for every Guard Counter on it. Once per turn, you can remove 1 Guard Counter from this card and place it on 1 other face-up card you control. If that card would be destroyed, remove the Guard Counter instead.",16.95,18.13,43.99,14.25,,1st Edition,
33209,Flamvell Commando,Flamvell Commando,https://tcgplayer-cdn.tcgplayer.com/product/33209_200w.jpg,2,144,https://cpt.tcgcsv.com/cjh,2024-03-28T16:00:56.147,1,ANPR-EN086,Ultra Rare,FIRE,Pyro,Effect Monster,2200,200,"This card cannot be Special Summoned. This card can only be Normal Summoned by Tributing 1 Flamvell monster you control. Once per turn, you can remove from play 1 monster in your Graveyard with 200 DEF and inflict damage to your opponent equal to that mon",0.28,0.75,2.99,0.56,,Unlimited,
33209,Flamvell Commando,Flamvell Commando,https://tcgplayer-cdn.tcgplayer.com/product/33209_200w.jpg,2,144,https://cpt.tcgcsv.com/cjh,2024-03-28T16:00:56.147,1,ANPR-EN086,Ultra Rare,FIRE,Pyro,Effect Monster,2200,200,"This card cannot be Special Summoned. This card can only be Normal Summoned by Tributing 1 Flamvell monster you control. Once per turn, you can remove from play 1 monster in your Graveyard with 200 DEF and inflict damage to your opponent equal to that mon",0.46,0.81,1.97,0.56,,1st Edition,
33210,Pseudo Space,Pseudo Space,https://tcgplayer-cdn.tcgplayer.com/product/33210_200w.jpg,2,144,https://cpt.tcgcsv.com/djh,2013-05-09T12:13:41.653,1,ANPR-EN087,Rare,SPELL,,Normal Spell,0,0,"Once per turn, you can remove from play 1 Field Spell Card in your Graveyard to have this card be treated as that card, and gain the same effects until the End Phase.",0.23,0.56,4.46,0.52,,Unlimited,
33210,Pseudo Space,Pseudo Space,https://tcgplayer-cdn.tcgplayer.com/product/33210_200w.jpg,2,144,https://cpt.tcgcsv.com/djh,2013-05-09T12:13:41.653,1,ANPR-EN087,Rare,SPELL,,Normal Spell,0,0,"Once per turn, you can remove from play 1 Field Spell Card in your Graveyard to have this card be treated as that card, and gain the same effects until the End Phase.",0.33,0.86,5.96,0.5,,1st Edition,
33211,Greed Grado,Greed Grado,https://tcgplayer-cdn.tcgplayer.com/product/33211_200w.jpg,2,144,https://cpt.tcgcsv.com/fjh,2013-05-09T12:13:41.653,1,ANPR-EN088,Secret Rare,SPELL,,Normal Spell,0,0,Activate only if you destroyed one of your opponents face-up Synchro monster by battle or card effect this turn. Draw 2 cards.,2.0,3.77,13.95,3.18,,Unlimited,
33211,Greed Grado,Greed Grado,https://tcgplayer-cdn.tcgplayer.com/product/33211_200w.jpg,2,144,https://cpt.tcgcsv.com/fjh,2013-05-09T12:13:41.653,1,ANPR-EN088,Secret Rare,SPELL,,Normal Spell,0,0,Activate only if you destroyed one of your opponents face-up Synchro monster by battle or card effect this turn. Draw 2 cards.,3.15,6.25,13.0,5.34,,1st Edition,
33212,Revival of the Immortals,Revival of the Immortals,https://tcgplayer-cdn.tcgplayer.com/product/33212_200w.jpg,2,144,https://cpt.tcgcsv.com/gjh,2013-05-09T12:13:41.653,1,ANPR-EN089,Super Rare,TRAP,,Normal Trap,0,0,"Select 1 Earthbound Immortal monster in your Graveyard. Special Summon that monster. It cannot declare an attack this turn. Whenever it battles, your opponent takes no Battle Damage.",0.1,0.49,1.98,0.35,,Unlimited,
33212,Revival of the Immortals,Revival of the Immortals,https://tcgplayer-cdn.tcgplayer.com/product/33212_200w.jpg,2,144,https://cpt.tcgcsv.com/gjh,2013-05-09T12:13:41.653,1,ANPR-EN089,Super Rare,TRAP,,Normal Trap,0,0,"Select 1 Earthbound Immortal monster in your Graveyard. Special Summon that monster. It cannot declare an attack this turn. Whenever it battles, your opponent takes no Battle Damage.",0.15,0.55,2.27,0.87,,1st Edition,
33213,Arcana Knight Joker,Arcana Knight Joker,https://tcgplayer-cdn.tcgplayer.com/product/33213_200w.jpg,2,144,https://cpt.tcgcsv.com/hjh,2024-03-28T16:00:56.27,1,ANPR-EN090,Rare,LIGHT,Warrior,Fusion/Effect Monster,3800,2500,"""Queen's Knight"" + ""Jack's Knight"" + ""King's Knight"" // A Fusion Summon of this card can only be conducted with the above Fusion Material Monsters. Once per turn, if this face-up card on the field is targeted by a Spell Card, Trap Card, or Effect Monster's effect, you can negate that effect by discarding the same kind of card (Spell, Trap, or Monster Card).",0.09,0.5,2.23,0.36,,Unlimited,
33213,Arcana Knight Joker,Arcana Knight Joker,https://tcgplayer-cdn.tcgplayer.com/product/33213_200w.jpg,2,144,https://cpt.tcgcsv.com/hjh,2024-03-28T16:00:56.27,1,ANPR-EN090,Rare,LIGHT,Warrior,Fusion/Effect Monster,3800,2500,"""Queen's Knight"" + ""Jack's Knight"" + ""King's Knight"" // A Fusion Summon of this card can only be conducted with the above Fusion Material Monsters. Once per turn, if this face-up card on the field is targeted by a Spell Card, Trap Card, or Effect Monster's effect, you can negate that effect by discarding the same kind of card (Spell, Trap, or Monster Card).",0.19,0.96,2.5,1.02,,1st Edition,
33214,Armityle the Chaos Phantom,Armityle the Chaos Phantom,https://tcgplayer-cdn.tcgplayer.com/product/33214_200w.jpg,2,144,https://cpt.tcgcsv.com/jjh,2024-03-28T16:00:56.333,1,ANPR-EN091,Secret Rare,DARK,Fiend,Fusion/Effect Monster,0,0,"Uria, Lord of Searing Flames + Hamon, Lord of Striking Thunder + Raviel, Lord of Phantasms // This card can only be Special Summoned from your Extra Deck by removing from play the above cards you control. (You do not use Polymerization). This card cannot",10.1,20.22,31.07,14.81,,Unlimited,
33214,Armityle the Chaos Phantom,Armityle the Chaos Phantom,https://tcgplayer-cdn.tcgplayer.com/product/33214_200w.jpg,2,144,https://cpt.tcgcsv.com/jjh,2024-03-28T16:00:56.333,1,ANPR-EN091,Secret Rare,DARK,Fiend,Fusion/Effect Monster,0,0,"Uria, Lord of Searing Flames + Hamon, Lord of Striking Thunder + Raviel, Lord of Phantasms // This card can only be Special Summoned from your Extra Deck by removing from play the above cards you control. (You do not use Polymerization). This card cannot",44.89,69.93,95.95,69.94,,1st Edition,
33215,White Night Dragon,White Night Dragon,https://tcgplayer-cdn.tcgplayer.com/product/33215_200w.jpg,2,144,https://cpt.tcgcsv.com/kjh,2024-03-28T16:00:56.42,1,ANPR-EN092,Secret Rare,WATER,Dragon,Effect Monster,3000,2500,"When a Spell or Trap Card that targets this card is activated, negate its activation and destroy it. When a face-up monster you control is selected as an attack target, you can change the attack target to this card by sending one Spell or Trap Card you co",8.5,13.01,30.97,13.01,,Unlimited,
33215,White Night Dragon,White Night Dragon,https://tcgplayer-cdn.tcgplayer.com/product/33215_200w.jpg,2,144,https://cpt.tcgcsv.com/kjh,2024-03-28T16:00:56.42,1,ANPR-EN092,Secret Rare,WATER,Dragon,Effect Monster,3000,2500,"When a Spell or Trap Card that targets this card is activated, negate its activation and destroy it. When a face-up monster you control is selected as an attack target, you can change the attack target to this card by sending one Spell or Trap Card you co",33.72,44.72,147.0,51.19,,1st Edition,
33216,Card Blocker,Card Blocker,https://tcgplayer-cdn.tcgplayer.com/product/33216_200w.jpg,2,144,https://cpt.tcgcsv.com/ljh,2024-03-28T16:00:56.487,1,ANPR-EN093,Secret Rare,EARTH,Warrior,Effect Monster,400,400,"When this card is Summoned it is switched to Defense Position. When a face-up monster you control is selected as an attack target, you can change the attack target to this card. When this card is selected as an attack target, you can send up to 3 cards from the top of your Deck to the Graveyard, to give this card 500 DEF for each of those cards, until the End Phase.",0.99,1.98,4.99,1.81,,Unlimited,
33216,Card Blocker,Card Blocker,https://tcgplayer-cdn.tcgplayer.com/product/33216_200w.jpg,2,144,https://cpt.tcgcsv.com/ljh,2024-03-28T16:00:56.487,1,ANPR-EN093,Secret Rare,EARTH,Warrior,Effect Monster,400,400,"When this card is Summoned it is switched to Defense Position. When a face-up monster you control is selected as an attack target, you can change the attack target to this card. When this card is selected as an attack target, you can send up to 3 cards from the top of your Deck to the Graveyard, to give this card 500 DEF for each of those cards, until the End Phase.",9.36,10.19,18.99,5.65,,1st Edition,
33217,Gaia Plate the Earth Giant,Gaia Plate the Earth Giant,https://tcgplayer-cdn.tcgplayer.com/product/33217_200w.jpg,2,144,https://cpt.tcgcsv.com/mjh,2024-03-28T16:00:56.58,1,ANPR-EN094,Ultra Rare,EARTH,Rock,Effect Monster,2800,1000,"This card can be Special Summoned by removing from play 2 Rock-Type monsters in your Graveyard. The ATK and DEF of an opponent's monster that battles with this card are halved. During your Standby Phase, you must remove from play 1 Rock-Type monster from",3.55,5.95,61.99,5.95,,Unlimited,
33217,Gaia Plate the Earth Giant,Gaia Plate the Earth Giant,https://tcgplayer-cdn.tcgplayer.com/product/33217_200w.jpg,2,144,https://cpt.tcgcsv.com/mjh,2024-03-28T16:00:56.58,1,ANPR-EN094,Ultra Rare,EARTH,Rock,Effect Monster,2800,1000,"This card can be Special Summoned by removing from play 2 Rock-Type monsters in your Graveyard. The ATK and DEF of an opponent's monster that battles with this card are halved. During your Standby Phase, you must remove from play 1 Rock-Type monster from",5.0,19.49,65.0,7.85,,1st Edition,
33218,Sauropod Brachion,Sauropod Brachion,https://tcgplayer-cdn.tcgplayer.com/product/33218_200w.jpg,2,144,https://cpt.tcgcsv.com/njh,2024-03-28T16:00:56.713,1,ANPR-EN095,Rare,EARTH,Dinosaur,Effect Monster,1500,3000,"This card cannot be Special Summoned from the Deck. If a Dinosaur-Type monster you control is Tributed, this card can be Tribute Summoned with 1 Tribute. Once per turn, you can flip this card into face-down Defense Position. When this card is successfully",0.1,0.26,1.93,0.26,,Unlimited,
33218,Sauropod Brachion,Sauropod Brachion,https://tcgplayer-cdn.tcgplayer.com/product/33218_200w.jpg,2,144,https://cpt.tcgcsv.com/njh,2024-03-28T16:00:56.713,1,ANPR-EN095,Rare,EARTH,Dinosaur,Effect Monster,1500,3000,"This card cannot be Special Summoned from the Deck. If a Dinosaur-Type monster you control is Tributed, this card can be Tribute Summoned with 1 Tribute. Once per turn, you can flip this card into face-down Defense Position. When this card is successfully",0.13,0.36,2.89,0.22,,1st Edition,
33219,Gaap the Divine Soldier,Gaap the Divine Soldier,https://tcgplayer-cdn.tcgplayer.com/product/33219_200w.jpg,2,144,https://cpt.tcgcsv.com/pjh,2024-03-28T16:00:56.817,1,ANPR-EN096,Rare,DARK,Fiend,Effect Monster,2200,2000,"All monsters are changed to Attack Position, also their battle positions cannot be changed. (Flip Effects are not activated.) Once per turn: You can reveal any number of Fiend monsters in your hand; this card gains 300 ATK for each, until the end of this turn.",0.09,0.27,1.49,0.21,,Unlimited,
33219,Gaap the Divine Soldier,Gaap the Divine Soldier,https://tcgplayer-cdn.tcgplayer.com/product/33219_200w.jpg,2,144,https://cpt.tcgcsv.com/pjh,2024-03-28T16:00:56.817,1,ANPR-EN096,Rare,DARK,Fiend,Effect Monster,2200,2000,"All monsters are changed to Attack Position, also their battle positions cannot be changed. (Flip Effects are not activated.) Once per turn: You can reveal any number of Fiend monsters in your hand; this card gains 300 ATK for each, until the end of this turn.",0.16,0.46,1.99,0.43,,1st Edition,
33220,Beast Machine King Barbaros Ur,Beast Machine King Barbaros Ur,https://tcgplayer-cdn.tcgplayer.com/product/33220_200w.jpg,2,144,https://cpt.tcgcsv.com/qjh,2024-03-28T16:00:56.87,1,ANPR-EN097,Super Rare,EARTH,Beast-Warrior,Effect Monster,3800,1200,"You can Special Summon this card from your hand by removing from play 1 Machine-Type monster and 1 Beast-Warrior-Type monster from your hand, your side of the field, or your Graveyard. When this card battles, Battle Damage to your opponent becomes 0.",0.47,1.0,19.99,1.0,,Unlimited,
33220,Beast Machine King Barbaros Ur,Beast Machine King Barbaros Ur,https://tcgplayer-cdn.tcgplayer.com/product/33220_200w.jpg,2,144,https://cpt.tcgcsv.com/qjh,2024-03-28T16:00:56.87,1,ANPR-EN097,Super Rare,EARTH,Beast-Warrior,Effect Monster,3800,1200,"You can Special Summon this card from your hand by removing from play 1 Machine-Type monster and 1 Beast-Warrior-Type monster from your hand, your side of the field, or your Graveyard. When this card battles, Battle Damage to your opponent becomes 0.",3.31,4.37,49.99,1.86,,1st Edition,
33221,Kasha,Kasha,https://tcgplayer-cdn.tcgplayer.com/product/33221_200w.jpg,2,144,https://cpt.tcgcsv.com/rjh,2024-03-28T16:00:56.95,1,ANPR-EN098,Secret Rare,EARTH,Zombie,Effect Monster,0,1000,"This card cannot be Normal Summoned or Set. This card cannot be Special Summoned except from your hand when you control 2 or more face-up Zombie-Type monsters. When this card is Special Summoned, return all other monsters on the field to their respective",1.55,2.96,14.95,2.6,,Unlimited,
33221,Kasha,Kasha,https://tcgplayer-cdn.tcgplayer.com/product/33221_200w.jpg,2,144,https://cpt.tcgcsv.com/rjh,2024-03-28T16:00:56.95,1,ANPR-EN098,Secret Rare,EARTH,Zombie,Effect Monster,0,1000,"This card cannot be Normal Summoned or Set. This card cannot be Special Summoned except from your hand when you control 2 or more face-up Zombie-Type monsters. When this card is Special Summoned, return all other monsters on the field to their respective",6.69,12.99,29.99,10.91,,1st Edition,
33222,Elemental Hero Gaia,Elemental Hero Gaia,https://tcgplayer-cdn.tcgplayer.com/product/33222_200w.jpg,2,144,https://cpt.tcgcsv.com/sjh,2024-03-28T16:00:57.22,1,ANPR-EN099,Secret Rare,EARTH,Warrior,Fusion/Effect Monster,2200,2600,"1 Elemental Hero monster + 1 EARTH monster // This card cannot be Special Summoned except by Fusion Summon. When this card is successfully Fusion Summoned, select 1 face-up monster your opponent controls. Until the End Phase, the selected monster's ATK is",47.49,47.73,70.0,46.45,,Unlimited,
33222,Elemental Hero Gaia,Elemental Hero Gaia,https://tcgplayer-cdn.tcgplayer.com/product/33222_200w.jpg,2,144,https://cpt.tcgcsv.com/sjh,2024-03-28T16:00:57.22,1,ANPR-EN099,Secret Rare,EARTH,Warrior,Fusion/Effect Monster,2200,2600,"1 Elemental Hero monster + 1 EARTH monster // This card cannot be Special Summoned except by Fusion Summon. When this card is successfully Fusion Summoned, select 1 face-up monster your opponent controls. Until the End Phase, the selected monster's ATK is",199.99,399.99,499.99,164.13,,1st Edition,
33223,Ancient Fairy Dragon (Ghost Rare),Ancient Fairy Dragon Ghost Rare,https://tcgplayer-cdn.tcgplayer.com/product/33223_200w.jpg,2,144,https://cpt.tcgcsv.com/tjh,2024-03-28T16:00:57.35,1,ANPR-EN040,Ghost Rare,LIGHT,Dragon,Synchro/Effect Monster,2100,3000,"1 Tuner + 1+ non-Tuner monsters
<br>Once per turn: You can Special Summon 1 Level 4 or lower monster from your hand. You cannot conduct your Battle Phase the turn you activate this effect. Once per turn: You can destroy as many Field Spells on the field as possible, and if you do, gain 1000 LP, then you can add 1 Field Spell from your Deck to your hand.",58.79,80.98,250.0,96.25,,Unlimited,
33223,Ancient Fairy Dragon (Ghost Rare),Ancient Fairy Dragon Ghost Rare,https://tcgplayer-cdn.tcgplayer.com/product/33223_200w.jpg,2,144,https://cpt.tcgcsv.com/tjh,2024-03-28T16:00:57.35,1,ANPR-EN040,Ghost Rare,LIGHT,Dragon,Synchro/Effect Monster,2100,3000,"1 Tuner + 1+ non-Tuner monsters
<br>Once per turn: You can Special Summon 1 Level 4 or lower monster from your hand. You cannot conduct your Battle Phase the turn you activate this effect. Once per turn: You can destroy as many Field Spells on the field as possible, and if you do, gain 1000 LP, then you can add 1 Field Spell from your Deck to your hand.",228.59,275.26,1299.99,399.99,,1st Edition,
33245,Ancient Prophecy - Booster Pack [1st Edition],Ancient Prophecy Booster Pack 1st Edition,https://tcgplayer-cdn.tcgplayer.com/product/33245_200w.jpg,2,144,https://cpt.tcgcsv.com/Wjh,2019-05-07T20:15:00.633,1,,,,,,,,,,,,,,,
33246,Ancient Prophecy - Booster Box [1st Edition],Ancient Prophecy Booster Box 1st Edition,https://tcgplayer-cdn.tcgplayer.com/product/33246_200w.jpg,2,144,https://cpt.tcgcsv.com/Xjh,2019-05-07T20:25:16.52,0,,,,,,,,,,,,,,,
57179,Ancient Prophecy - Booster Box [Unlimited Edition],Ancient Prophecy Booster Box Unlimited Edition,https://tcgplayer-cdn.tcgplayer.com/product/57179_200w.jpg,2,144,https://cpt.tcgcsv.com/CTs,2019-05-07T20:24:44.957,1,,,,,,,,,444.99,449.94,449.94,399.99,,Normal,83717881087
57204,Ancient Prophecy: Special Edition,Ancient Prophecy Special Edition,https://tcgplayer-cdn.tcgplayer.com/product/57204_200w.jpg,2,144,https://cpt.tcgcsv.com/6Vs,2020-12-21T13:56:29.74,1,,,,,,,,,46.99,55.99,87.97,46.99,,Normal,83717881476
58474,Blackwing - Vayu the Emblem of Honor (UTR),Blackwing Vayu the Emblem of Honor UTR,https://tcgplayer-cdn.tcgplayer.com/product/58474_200w.jpg,2,144,https://cpt.tcgcsv.com/vpt,2024-03-28T16:00:57.557,1,ANPR-EN005,Ultimate Rare,DARK,Winged Beast,Tuner Monster,800,0,"While this card is face-up on the field, this card cannot be used as Synchro Material. If this card is in your Graveyard, you can remove from play this card and 1 other Blackwing non-Tuner monster in your Graveyard, and Special Summon 1 Blackwing  Synchro",79.49,89.99,299.99,88.79,,Unlimited,
58474,Blackwing - Vayu the Emblem of Honor (UTR),Blackwing Vayu the Emblem of Honor UTR,https://tcgplayer-cdn.tcgplayer.com/product/58474_200w.jpg,2,144,https://cpt.tcgcsv.com/vpt,2024-03-28T16:00:57.557,1,ANPR-EN005,Ultimate Rare,DARK,Winged Beast,Tuner Monster,800,0,"While this card is face-up on the field, this card cannot be used as Synchro Material. If this card is in your Graveyard, you can remove from play this card and 1 other Blackwing non-Tuner monster in your Graveyard, and Special Summon 1 Blackwing  Synchro",173.97,262.5,360.0,268.3,,1st Edition,
58475,Earthbound Immortal Cusillu (UTR),Earthbound Immortal Cusillu UTR,https://tcgplayer-cdn.tcgplayer.com/product/58475_200w.jpg,2,144,https://cpt.tcgcsv.com/wpt,2024-03-28T16:00:57.65,1,ANPR-EN016,Ultimate Rare,DARK,Beast,Effect Monster,2800,2400,"Only 1 Earthbound Immortal monster can be face-up on the field. When there is no Field Spell Card face-up on the field, this card is destroyed. Your opponent cannot select this card as an attack target. This card can attack your opponent directly. If this",5.54,6.36,10.62,7.36,,Unlimited,
58475,Earthbound Immortal Cusillu (UTR),Earthbound Immortal Cusillu UTR,https://tcgplayer-cdn.tcgplayer.com/product/58475_200w.jpg,2,144,https://cpt.tcgcsv.com/wpt,2024-03-28T16:00:57.65,1,ANPR-EN016,Ultimate Rare,DARK,Beast,Effect Monster,2800,2400,"Only 1 Earthbound Immortal monster can be face-up on the field. When there is no Field Spell Card face-up on the field, this card is destroyed. Your opponent cannot select this card as an attack target. This card can attack your opponent directly. If this",18.25,38.39,98.99,52.07,,1st Edition,
58476,Earthbound Immortal Chacu Challhua (UTR),Earthbound Immortal Chacu Challhua UTR,https://tcgplayer-cdn.tcgplayer.com/product/58476_200w.jpg,2,144,https://cpt.tcgcsv.com/xpt,2024-03-28T16:00:57.743,1,ANPR-EN017,Ultimate Rare,DARK,Fish,Effect Monster,2900,2400,"There can only be 1 ""Earthbound Immortal"" monster on the field. If there is no face-up Field Spell Card on the field, destroy this card. Your opponent cannot target this card for attacks. This card can attack your opponent directly. Once per turn: You can inflict damage to your opponent equal to half this card's DEF. This card cannot attack during the turn you activate this effect. While this card is in Defense Position, your opponent cannot conduct their Battle Phase.",6.17,11.9,40.0,12.56,,Unlimited,
58476,Earthbound Immortal Chacu Challhua (UTR),Earthbound Immortal Chacu Challhua UTR,https://tcgplayer-cdn.tcgplayer.com/product/58476_200w.jpg,2,144,https://cpt.tcgcsv.com/xpt,2024-03-28T16:00:57.743,1,ANPR-EN017,Ultimate Rare,DARK,Fish,Effect Monster,2900,2400,"There can only be 1 ""Earthbound Immortal"" monster on the field. If there is no face-up Field Spell Card on the field, destroy this card. Your opponent cannot target this card for attacks. This card can attack your opponent directly. Once per turn: You can inflict damage to your opponent equal to half this card's DEF. This card cannot attack during the turn you activate this effect. While this card is in Defense Position, your opponent cannot conduct their Battle Phase.",66.99,70.89,89.96,73.99,,1st Edition,
58477,Ancient Fairy Dragon (UTR),Ancient Fairy Dragon UTR,https://tcgplayer-cdn.tcgplayer.com/product/58477_200w.jpg,2,144,https://cpt.tcgcsv.com/zpt,2024-03-28T16:00:57.837,1,ANPR-EN040,Ultimate Rare,LIGHT,Dragon,Synchro/Effect Monster,2100,3000,"1 Tuner + 1 or more non-Tuner monsters // Once per turn, you can Special Summon 1 Level 4 or lower monster from your hand. If you activated this effect, you cannot enter your Battle Phase this turn. Also once per turn, you can destroy a Field Spell Card a",33.97,42.53,250.0,42.76,,Unlimited,
58477,Ancient Fairy Dragon (UTR),Ancient Fairy Dragon UTR,https://tcgplayer-cdn.tcgplayer.com/product/58477_200w.jpg,2,144,https://cpt.tcgcsv.com/zpt,2024-03-28T16:00:57.837,1,ANPR-EN040,Ultimate Rare,LIGHT,Dragon,Synchro/Effect Monster,2100,3000,"1 Tuner + 1 or more non-Tuner monsters // Once per turn, you can Special Summon 1 Level 4 or lower monster from your hand. If you activated this effect, you cannot enter your Battle Phase this turn. Also once per turn, you can destroy a Field Spell Card a",74.89,89.9,197.97,166.03,,1st Edition,
58478,Ancient Sacred Wyvern (UTR),Ancient Sacred Wyvern UTR,https://tcgplayer-cdn.tcgplayer.com/product/58478_200w.jpg,2,144,https://cpt.tcgcsv.com/Bpt,2024-03-28T16:00:57.927,1,ANPR-EN043,Ultimate Rare,LIGHT,Fairy,Synchro/Effect Monster,2100,2000,"1 LIGHT Tuner + 1 or more non-Tuner monsters
<br>While your LP are higher than your opponent's, this card gains ATK equal to the difference. While your LP are lower than your opponent's, this card loses ATK equal to the difference. When this card is destroyed by battle and sent to the Graveyard: You can pay 1000 LP; Special Summon this card.",26.0,30.45,49.79,29.0,,Unlimited,
58478,Ancient Sacred Wyvern (UTR),Ancient Sacred Wyvern UTR,https://tcgplayer-cdn.tcgplayer.com/product/58478_200w.jpg,2,144,https://cpt.tcgcsv.com/Bpt,2024-03-28T16:00:57.927,1,ANPR-EN043,Ultimate Rare,LIGHT,Fairy,Synchro/Effect Monster,2100,2000,"1 LIGHT Tuner + 1 or more non-Tuner monsters
<br>While your LP are higher than your opponent's, this card gains ATK equal to the difference. While your LP are lower than your opponent's, this card loses ATK equal to the difference. When this card is destroyed by battle and sent to the Graveyard: You can pay 1000 LP; Special Summon this card.",54.11,59.94,69.96,45.32,,1st Edition,
58479,XX-Saber Gottoms (UTR),XX Saber Gottoms UTR,https://tcgplayer-cdn.tcgplayer.com/product/58479_200w.jpg,2,144,https://cpt.tcgcsv.com/Cpt,2024-03-28T16:00:58.03,1,ANPR-EN044,Ultimate Rare,EARTH,Beast-Warrior,Synchro/Effect Monster,3100,2600,"1 Tuner Monster + 1 or more EARTH Monsters 
<Br>You can Tribute 1 X-Saber monster to have your opponent discard 1 random card from their hand.",15.49,31.35,69.95,25.23,,Unlimited,
58479,XX-Saber Gottoms (UTR),XX Saber Gottoms UTR,https://tcgplayer-cdn.tcgplayer.com/product/58479_200w.jpg,2,144,https://cpt.tcgcsv.com/Cpt,2024-03-28T16:00:58.03,1,ANPR-EN044,Ultimate Rare,EARTH,Beast-Warrior,Synchro/Effect Monster,3100,2600,"1 Tuner Monster + 1 or more EARTH Monsters 
<Br>You can Tribute 1 X-Saber monster to have your opponent discard 1 random card from their hand.",79.0,82.49,91.99,82.47,,1st Edition,
58480,Koa'ki Meiru Ghoulungulate (UTR),Koaki Meiru Ghoulungulate UTR,https://tcgplayer-cdn.tcgplayer.com/product/58480_200w.jpg,2,144,https://cpt.tcgcsv.com/Dpt,2024-03-28T16:00:58.11,1,ANPR-EN082,Ultimate Rare,EARTH,Zombie,Effect Monster,2500,1700,"During each of your End Phases, destroy this card unless you send 1 ""Iron Core of Koa'ki Meiru"" from your hand to the GY or reveal 1 Zombie-Type monster in your hand. If a ""Koa'ki Meiru"" monster you control would be destroyed by battle or by a card effect, you can remove from play 1 ""Koa'ki Meiru"" monster in your GY instead.",1.65,2.82,9.93,2.82,,Unlimited,
58480,Koa'ki Meiru Ghoulungulate (UTR),Koaki Meiru Ghoulungulate UTR,https://tcgplayer-cdn.tcgplayer.com/product/58480_200w.jpg,2,144,https://cpt.tcgcsv.com/Dpt,2024-03-28T16:00:58.11,1,ANPR-EN082,Ultimate Rare,EARTH,Zombie,Effect Monster,2500,1700,"During each of your End Phases, destroy this card unless you send 1 ""Iron Core of Koa'ki Meiru"" from your hand to the GY or reveal 1 Zombie-Type monster in your hand. If a ""Koa'ki Meiru"" monster you control would be destroyed by battle or by a card effect, you can remove from play 1 ""Koa'ki Meiru"" monster in your GY instead.",2.47,8.95,19.54,8.95,,1st Edition,
58481,Koa'ki Meiru Gravirose (UTR),Koaki Meiru Gravirose UTR,https://tcgplayer-cdn.tcgplayer.com/product/58481_200w.jpg,2,144,https://cpt.tcgcsv.com/Fpt,2024-03-28T16:00:58.327,1,ANPR-EN083,Ultimate Rare,FIRE,Plant,Effect Monster,1900,1300,"During each of your End Phases, destroy this card unless you send 1 Iron Core of Koa'ki Meiru from your hand to the Graveyard or reveal 1 Plant-Type monster in your hand. During each of your Standby Phases, you can send 1 Level 3 or lower monster from you",43.69,60.0,245.99,22.47,,Unlimited,
58481,Koa'ki Meiru Gravirose (UTR),Koaki Meiru Gravirose UTR,https://tcgplayer-cdn.tcgplayer.com/product/58481_200w.jpg,2,144,https://cpt.tcgcsv.com/Fpt,2024-03-28T16:00:58.327,1,ANPR-EN083,Ultimate Rare,FIRE,Plant,Effect Monster,1900,1300,"During each of your End Phases, destroy this card unless you send 1 Iron Core of Koa'ki Meiru from your hand to the Graveyard or reveal 1 Plant-Type monster in your hand. During each of your Standby Phases, you can send 1 Level 3 or lower monster from you",78.97,150.0,199.99,53.34,,1st Edition,
58482,Flamvell Commando (UTR),Flamvell Commando UTR,https://tcgplayer-cdn.tcgplayer.com/product/58482_200w.jpg,2,144,https://cpt.tcgcsv.com/Gpt,2025-03-28T20:00:53.843,1,ANPR-EN086,Ultimate Rare,FIRE,Pyro,Effect Monster,2200,200,"This card cannot be Special Summoned. This card can only be Normal Summoned by Tributing 1 Flamvell monster you control. Once per turn, you can remove from play 1 monster in your Graveyard with 200 DEF and inflict damage to your opponent equal to that monster's ATK.",1.68,2.49,8.99,1.84,,Unlimited,
58482,Flamvell Commando (UTR),Flamvell Commando UTR,https://tcgplayer-cdn.tcgplayer.com/product/58482_200w.jpg,2,144,https://cpt.tcgcsv.com/Gpt,2025-03-28T20:00:53.843,1,ANPR-EN086,Ultimate Rare,FIRE,Pyro,Effect Monster,2200,200,"This card cannot be Special Summoned. This card can only be Normal Summoned by Tributing 1 Flamvell monster you control. Once per turn, you can remove from play 1 monster in your Graveyard with 200 DEF and inflict damage to your opponent equal to that monster's ATK.",4.99,10.48,15.0,10.74,,1st Edition,
58483,Gaia Plate the Earth Giant (UTR),Gaia Plate the Earth Giant UTR,https://tcgplayer-cdn.tcgplayer.com/product/58483_200w.jpg,2,144,https://cpt.tcgcsv.com/Hpt,2024-03-28T16:00:58.48,1,ANPR-EN094,Ultimate Rare,EARTH,Rock,Effect Monster,2800,1000,"This card can be Special Summoned by removing from play 2 Rock-Type monsters in your Graveyard. The ATK and DEF of an opponent's monster that battles with this card are halved. During your Standby Phase, you must remove from play 1 Rock-Type monster from",9.99,24.0,69.5,14.53,,Unlimited,
58483,Gaia Plate the Earth Giant (UTR),Gaia Plate the Earth Giant UTR,https://tcgplayer-cdn.tcgplayer.com/product/58483_200w.jpg,2,144,https://cpt.tcgcsv.com/Hpt,2024-03-28T16:00:58.48,1,ANPR-EN094,Ultimate Rare,EARTH,Rock,Effect Monster,2800,1000,"This card can be Special Summoned by removing from play 2 Rock-Type monsters in your Graveyard. The ATK and DEF of an opponent's monster that battles with this card are halved. During your Standby Phase, you must remove from play 1 Rock-Type monster from",39.67,52.91,100.0,55.0,,1st Edition,
80051,XX-Saber Gardestrike (ANPR-ENSP1),XX Saber Gardestrike ANPR ENSP1,https://tcgplayer-cdn.tcgplayer.com/product/80051_200w.jpg,2,144,https://cpt.tcgcsv.com/22G,2024-03-28T16:00:58.583,1,ANPR-ENSP1,Ultra Rare,EARTH,Beast-Warrior,Effect Monster,2100,1400,"If you have 2 or more X-Saber monsters in your Graveyard and you control no monsters, you can Special Summon this card from your hand.",0.48,1.0,60.0,1.03,,Limited,
81317,Token: Ghost,Token Ghost,https://tcgplayer-cdn.tcgplayer.com/product/81317_200w.jpg,2,144,https://cpt.tcgcsv.com/mxG,2022-12-13T13:19:11.42,1,ANPR-ENTK1,Common,,,Token,,,This card can be used as any token.,1.99,9.93,15.99,3.99,,Unlimited,
189798,Ancient Prophecy - Booster Pack [Unlimited Edition],Ancient Prophecy Booster Pack Unlimited Edition,https://tcgplayer-cdn.tcgplayer.com/product/189798_200w.jpg,2,144,https://cpt.tcgcsv.com/-Ww2,2019-05-07T20:15:26.557,1,,,,,,,,,7.99,11.85,39.99,10.38,,Normal,
