productId,name,cleanName,imageUrl,categoryId,groupId,url,modifiedOn,imageCount,extDescription,extUPC,lowPrice,midPrice,highPrice,marketPrice,directLowPrice,subTypeName,extNumber,extRarity,extAttribute,extMonsterType,extCardType,extAttack,extDefense,extLinkRating,extLinkArrows
628482,Battles of Legend: Monster Mayhem Booster Box [1st Edition],Battles of Legend Monster Mayhem Booster Box 1st Edition,https://tcgplayer-cdn.tcgplayer.com/product/628482_200w.jpg,2,24263,https://cpt.tcgcsv.com/Gp27,2025-06-13T04:12:25.543,1,"This year’s Battles of Legend set, Battles of Legend: Monster Mayhem, comes with three new surprises!
<br>Surprise #1: It’s Time to Chibi!
<br>Get your hands on 10 cute-as-a-button “chibi” variant arts of popular monsters. We’ve used the chibi art style on accessories before, but this is the first time it’s been used on actual cards. And just to be clear, these aren’t tokens, they’re fully-playable cards with game text!
<br>(Expect more chibi variant art cards in the future!)
<br>Surprise #2: Bling Out with Style!
<br>Also new in this set – emblazoned Ultra Rares! Each pack of Battles of Legend: Monster Mayhem comes with a Dragonmaid, P.U.N.K., or Orcust-themed Ultra Rare card with a custom emblem for that theme, emblazoned right on the card’s text box.
<br>Here’s your chance to bling out these Decks with unprecedented style! There are 51 emblazoned cards total, including 6 brand-new cards (2 for each theme).
<br>Surprise #3: Starlights Return!
<br>Okay, some people saw this one coming! But the surprise isn’t that Starlight Rares are back – which they are – but that they’re a lot easier to get! Last seen in 2023 as extremely hard to find cards, Starlight Rares will be in Battles of Legend: Monster Mayhem at about the same rate that you could find Quarter Century Secret Rares the last couple years.
<br>Not a Surprise: Lots of New Cards!
One thing you can always expect from a Battles of Legend set is new cards for your Decks, and always all foil. Battles of Legend: Monster Mayhem has new cards for Nekroz, Gem-Knight, Jurrac, Fabled, D/D, and Magistus Decks, plus a lot more.
<br>Also not a surprise, this massive 177-card set has plenty of old – and new! – favorites you might still be looking for (Primite Lordly Lode, anyone?), or wanting to grab as a foil upgrade (King of the Feral Imps has been most displeased by his apparent lack of sparkle).
<br>Each 5-card pack of Battles of Legend: Monster Mayhem contains:
<br>1 Secret Rare
<br>1 emblazoned Ultra Rare (always a Dragonmaid, P.U.N.K., or Orcust-themed card)
<br>3 other Ultra Rares
<br>Overall set size is 177 (52 Secret Rares, 51 emblazoned Ultra Rares, and 74 other Ultra Rares). 25 of these cards are also available as Starlight Rares.
<br>CONFIGURATION:
<br>5 Cards per Pack
<br>24 Packs per Display box
<br>12 Display Boxes per Case",083717867852,44.33,60.84,124.89,45.26,,Normal,,,,,,,,,
628483,Battles of Legend: Monster Mayhem Booster Pack [1st Edition],Battles of Legend Monster Mayhem Booster Pack 1st Edition,https://tcgplayer-cdn.tcgplayer.com/product/628483_200w.jpg,2,24263,https://cpt.tcgcsv.com/Hp27,2025-06-13T04:12:25.543,1,"This year’s Battles of Legend set, Battles of Legend: Monster Mayhem, comes with three new surprises!
<br>Surprise #1: It’s Time to Chibi!
<br>Get your hands on 10 cute-as-a-button “chibi” variant arts of popular monsters. We’ve used the chibi art style on accessories before, but this is the first time it’s been used on actual cards. And just to be clear, these aren’t tokens, they’re fully-playable cards with game text!
<br>(Expect more chibi variant art cards in the future!)
<br>Surprise #2: Bling Out with Style!
<br>Also new in this set – emblazoned Ultra Rares! Each pack of Battles of Legend: Monster Mayhem comes with a Dragonmaid, P.U.N.K., or Orcust-themed Ultra Rare card with a custom emblem for that theme, emblazoned right on the card’s text box.
<br>Here’s your chance to bling out these Decks with unprecedented style! There are 51 emblazoned cards total, including 6 brand-new cards (2 for each theme).
<br>Surprise #3: Starlights Return!
<br>Okay, some people saw this one coming! But the surprise isn’t that Starlight Rares are back – which they are – but that they’re a lot easier to get! Last seen in 2023 as extremely hard to find cards, Starlight Rares will be in Battles of Legend: Monster Mayhem at about the same rate that you could find Quarter Century Secret Rares the last couple years.
<br>Not a Surprise: Lots of New Cards!
One thing you can always expect from a Battles of Legend set is new cards for your Decks, and always all foil. Battles of Legend: Monster Mayhem has new cards for Nekroz, Gem-Knight, Jurrac, Fabled, D/D, and Magistus Decks, plus a lot more.
<br>Also not a surprise, this massive 177-card set has plenty of old – and new! – favorites you might still be looking for (Primite Lordly Lode, anyone?), or wanting to grab as a foil upgrade (King of the Feral Imps has been most displeased by his apparent lack of sparkle).
<br>Each 5-card pack of Battles of Legend: Monster Mayhem contains:
<br>1 Secret Rare
<br>1 emblazoned Ultra Rare (always a Dragonmaid, P.U.N.K., or Orcust-themed card)
<br>3 other Ultra Rares
<br>Overall set size is 177 (52 Secret Rares, 51 emblazoned Ultra Rares, and 74 other Ultra Rares). 25 of these cards are also available as Starlight Rares.
<br>CONFIGURATION:
<br>5 Cards per Pack
<br>24 Packs per Display box
<br>12 Display Boxes per Case",083717867852,1.99,3.98,6.75,2.87,,Normal,,,,,,,,,
635874,Blue-Eyes White Dragon,Blue Eyes White Dragon,https://tcgplayer-cdn.tcgplayer.com/product/635874_200w.jpg,2,24263,https://cpt.tcgcsv.com/vm67,2025-07-17T11:55:27.013,1,"<em>This legendary dragon is a powerful engine of destruction. Virtually invincible, very few have faced this awesome creature and lived to tell the tale.</em>",,3.95,6.38,30.0,5.84,5.8,1st Edition,BLMM-EN001,Secret Rare,LIGHT,Dragon,Normal Monster,3000,2500,,
635875,Blue-Eyes White Dragon (Starlight Rare),Blue Eyes White Dragon Starlight Rare,https://tcgplayer-cdn.tcgplayer.com/product/635875_200w.jpg,2,24263,https://cpt.tcgcsv.com/wm67,2025-07-17T11:55:27.06,1,"<em>This legendary dragon is a powerful engine of destruction. Virtually invincible, very few have faced this awesome creature and lived to tell the tale.</em>",,119.0,144.57,296.0,135.38,135.38,1st Edition,BLMM-EN001,Starlight Rare,LIGHT,Dragon,Normal Monster,3000,2500,,
635876,Skull Servant,Skull Servant,https://tcgplayer-cdn.tcgplayer.com/product/635876_200w.jpg,2,24263,https://cpt.tcgcsv.com/xm67,2025-07-17T11:55:38.233,1,<em>A skeletal ghost that isn't strong but can mean trouble in large numbers.</em>,,0.98,1.99,23.69,1.47,1.66,1st Edition,BLMM-EN002,Secret Rare,DARK,Zombie,Normal Monster,300,200,,
635877,Skull Servant (Starlight Rare),Skull Servant Starlight Rare,https://tcgplayer-cdn.tcgplayer.com/product/635877_200w.jpg,2,24263,https://cpt.tcgcsv.com/zm67,2025-07-17T11:55:38.31,1,<em>A skeletal ghost that isn't strong but can mean trouble in large numbers.</em>,,15.0,21.05,63.84,21.12,18.8,1st Edition,BLMM-EN002,Starlight Rare,DARK,Zombie,Normal Monster,300,200,,
635878,Elemental HERO Neos,Elemental HERO Neos,https://tcgplayer-cdn.tcgplayer.com/product/635878_200w.jpg,2,24263,https://cpt.tcgcsv.com/Bm67,2025-07-17T11:55:28.383,1,<em>A new Elemental HERO has arrived from Neo-Space! When he initiates a Contact Fusion with a Neo-Spacian his unknown powers are unleashed.</em>,,0.45,1.52,13.08,1.19,1.52,1st Edition,BLMM-EN003,Secret Rare,LIGHT,Warrior,Normal Monster,2500,2000,,
635879,Elemental HERO Neos (Starlight Rare),Elemental HERO Neos Starlight Rare,https://tcgplayer-cdn.tcgplayer.com/product/635879_200w.jpg,2,24263,https://cpt.tcgcsv.com/Cm67,2025-07-17T11:55:28.43,1,<em>A new Elemental HERO has arrived from Neo-Space! When he initiates a Contact Fusion with a Neo-Spacian his unknown powers are unleashed.</em>,,19.0,24.0,113.99,21.64,20.81,1st Edition,BLMM-EN003,Starlight Rare,LIGHT,Warrior,Normal Monster,2500,2000,,
635880,Gearfried the Iron Knight,Gearfried the Iron Knight,https://tcgplayer-cdn.tcgplayer.com/product/635880_200w.jpg,2,24263,https://cpt.tcgcsv.com/Dm67,2025-07-17T11:55:29.55,1,If either player equips an Equip Card(s) to this card: Destroy that Equip Card(s).,,0.2,0.93,9.99,0.55,0.52,1st Edition,BLMM-EN004,Secret Rare,EARTH,Warrior,Effect Monster,1800,1600,,
635881,Gearfried the Iron Knight (Starlight Rare),Gearfried the Iron Knight Starlight Rare,https://tcgplayer-cdn.tcgplayer.com/product/635881_200w.jpg,2,24263,https://cpt.tcgcsv.com/Fm67,2025-07-17T11:55:29.6,1,If either player equips an Equip Card(s) to this card: Destroy that Equip Card(s).,,6.57,11.45,38.95,9.15,,1st Edition,BLMM-EN004,Starlight Rare,EARTH,Warrior,Effect Monster,1800,1600,,
635882,Gorz the Emissary of Darkness,Gorz the Emissary of Darkness,https://tcgplayer-cdn.tcgplayer.com/product/635882_200w.jpg,2,24263,https://cpt.tcgcsv.com/Gm67,2025-07-17T11:55:31.28,1,"When you take damage from a card in your opponent's possession: You can Special Summon this card from your hand. You must control no cards to activate and to resolve this effect. When this card is Special Summoned by its effect: Activate the appropriate effect, based on the type of damage.<br>• Battle damage: Special Summon 1 ""Emissary of Darkness Token"" (Fairy/LIGHT/Level 7/ATK ?/DEF ?). Its ATK and DEF are each equal to the amount of battle damage you took.<br>• Effect damage: Inflict damage to your opponent equal to the damage you took.",,1.0,2.0,8.99,1.75,1.77,1st Edition,BLMM-EN005,Secret Rare,DARK,Fiend,Effect Monster,2700,2500,,
635883,Gorz the Emissary of Darkness (Starlight Rare),Gorz the Emissary of Darkness Starlight Rare,https://tcgplayer-cdn.tcgplayer.com/product/635883_200w.jpg,2,24263,https://cpt.tcgcsv.com/Hm67,2025-07-17T11:55:31.343,1,"When you take damage from a card in your opponent's possession: You can Special Summon this card from your hand. You must control no cards to activate and to resolve this effect. When this card is Special Summoned by its effect: Activate the appropriate effect, based on the type of damage.<br>• Battle damage: Special Summon 1 ""Emissary of Darkness Token"" (Fairy/LIGHT/Level 7/ATK ?/DEF ?). Its ATK and DEF are each equal to the amount of battle damage you took.<br>• Effect damage: Inflict damage to your opponent equal to the damage you took.",,17.73,22.66,109.99,19.34,19.92,1st Edition,BLMM-EN005,Starlight Rare,DARK,Fiend,Effect Monster,2700,2500,,
635884,Honest,Honest,https://tcgplayer-cdn.tcgplayer.com/product/635884_200w.jpg,2,24263,https://cpt.tcgcsv.com/Jm67,2025-07-17T11:55:32.013,1,"During your Main Phase: You can return this face-up card from the field to the hand. During the Damage Step, when a LIGHT monster you control battles (Quick Effect): You can send this card from your hand to the GY; that monster gains ATK equal to the ATK of the opponent's monster it is battling, until the end of this turn.",,0.35,0.92,9.99,0.68,0.73,1st Edition,BLMM-EN006,Secret Rare,LIGHT,Fairy,Effect Monster,1100,1900,,
635885,Honest (Starlight Rare),Honest Starlight Rare,https://tcgplayer-cdn.tcgplayer.com/product/635885_200w.jpg,2,24263,https://cpt.tcgcsv.com/Km67,2025-07-17T11:55:32.087,1,"During your Main Phase: You can return this face-up card from the field to the hand. During the Damage Step, when a LIGHT monster you control battles (Quick Effect): You can send this card from your hand to the GY; that monster gains ATK equal to the ATK of the opponent's monster it is battling, until the end of this turn.",,12.92,15.54,88.98,15.55,15.54,1st Edition,BLMM-EN006,Starlight Rare,LIGHT,Fairy,Effect Monster,1100,1900,,
635886,Galaxy-Eyes Photon Dragon,Galaxy Eyes Photon Dragon,https://tcgplayer-cdn.tcgplayer.com/product/635886_200w.jpg,2,24263,https://cpt.tcgcsv.com/Lm67,2025-07-22T12:51:29.69,1,"You can Special Summon this card (from your hand) by Tributing 2 monsters with 2000 or more ATK. During the Battle Step, if this card battles an opponent's monster (Quick Effect): You can target that opponent's monster; banish both this card from the field and that target. Return those banished monsters to the field at the end of the Battle Phase, and if you banished an Xyz Monster, this card gains 500 ATK for each material it had when it was banished.",,0.5,1.12,4.99,0.9,0.9,1st Edition,BLMM-EN007,Secret Rare,LIGHT,Dragon,Effect Monster,3000,2500,,
635887,Galaxy-Eyes Photon Dragon (Starlight Rare),Galaxy Eyes Photon Dragon Starlight Rare,https://tcgplayer-cdn.tcgplayer.com/product/635887_200w.jpg,2,24263,https://cpt.tcgcsv.com/Mm67,2025-07-17T11:55:29.503,1,"You can Special Summon this card (from your hand) by Tributing 2 monsters with 2000 or more ATK. During the Battle Step, if this card battles an opponent's monster (Quick Effect): You can target that opponent's monster; banish both this card from the field and that target. Return those banished monsters to the field at the end of the Battle Phase, and if you banished an Xyz Monster, this card gains 500 ATK for each material it had when it was banished.",,12.75,14.89,89.99,14.42,14.89,1st Edition,BLMM-EN007,Starlight Rare,LIGHT,Dragon,Effect Monster,3000,2500,,
635888,Dark Paladin,Dark Paladin,https://tcgplayer-cdn.tcgplayer.com/product/635888_200w.jpg,2,24263,https://cpt.tcgcsv.com/Nm67,2025-07-17T11:55:27.453,1,"""Dark Magician"" + ""Buster Blader""<br>Must be Fusion Summoned. When a Spell Card is activated (Quick Effect): You can discard 1 card; negate the activation, and if you do, destroy it. This card must be face-up on the field to activate and to resolve this effect. Gains 500 ATK for each Dragon monster on the field and in the GY.",,0.79,1.93,15.0,1.47,2.93,1st Edition,BLMM-EN008,Secret Rare,DARK,Spellcaster,Fusion/Effect Monster,2900,2400,,
635889,Dark Paladin (Starlight Rare),Dark Paladin Starlight Rare,https://tcgplayer-cdn.tcgplayer.com/product/635889_200w.jpg,2,24263,https://cpt.tcgcsv.com/Pm67,2025-07-17T11:55:27.507,1,"""Dark Magician"" + ""Buster Blader""<br>Must be Fusion Summoned. When a Spell Card is activated (Quick Effect): You can discard 1 card; negate the activation, and if you do, destroy it. This card must be face-up on the field to activate and to resolve this effect. Gains 500 ATK for each Dragon monster on the field and in the GY.",,30.77,37.35,119.99,36.41,41.99,1st Edition,BLMM-EN008,Starlight Rare,DARK,Spellcaster,Fusion/Effect Monster,2900,2400,,
635890,Junk Warrior,Junk Warrior,https://tcgplayer-cdn.tcgplayer.com/product/635890_200w.jpg,2,24263,https://cpt.tcgcsv.com/Qm67,2025-07-17T11:55:32.557,1,"""Junk Synchron"" + 1+ non-Tuner monsters<br>If this card is Synchro Summoned: It gains ATK equal to the total ATK of all Level 2 or lower monsters you currently control.",,0.3,1.0,9.99,0.79,0.82,1st Edition,BLMM-EN009,Secret Rare,DARK,Warrior,Synchro/Effect Monster,2300,1300,,
635891,Junk Warrior (Starlight Rare),Junk Warrior Starlight Rare,https://tcgplayer-cdn.tcgplayer.com/product/635891_200w.jpg,2,24263,https://cpt.tcgcsv.com/Rm67,2025-07-17T11:55:32.607,1,"""Junk Synchron"" + 1+ non-Tuner monsters<br>If this card is Synchro Summoned: It gains ATK equal to the total ATK of all Level 2 or lower monsters you currently control.",,13.06,16.6,69.99,13.98,13.06,1st Edition,BLMM-EN009,Starlight Rare,DARK,Warrior,Synchro/Effect Monster,2300,1300,,
635892,Ojama Trio,Ojama Trio,https://tcgplayer-cdn.tcgplayer.com/product/635892_200w.jpg,2,24263,https://cpt.tcgcsv.com/Sm67,2025-07-17T11:55:36.357,1,"Special Summon 3 ""Ojama Tokens"" (Beast-Type/LIGHT/Level 2/ATK 0/DEF 1000) to your opponent's field in Defense Position. They cannot be Tributed for a Tribute Summon, and each time 1 is destroyed, its controller takes 300 damage.",,0.34,0.75,10.73,0.67,0.69,1st Edition,BLMM-EN010,Secret Rare,TRAP,,Normal Trap,,,,
635893,Ojama Trio (Starlight Rare),Ojama Trio Starlight Rare,https://tcgplayer-cdn.tcgplayer.com/product/635893_200w.jpg,2,24263,https://cpt.tcgcsv.com/Tm67,2025-07-17T11:55:36.433,1,"Special Summon 3 ""Ojama Tokens"" (Beast-Type/LIGHT/Level 2/ATK 0/DEF 1000) to your opponent's field in Defense Position. They cannot be Tributed for a Tribute Summon, and each time 1 is destroyed, its controller takes 300 damage.",,7.45,11.97,79.99,9.92,9.12,1st Edition,BLMM-EN010,Starlight Rare,TRAP,,Normal Trap,,,,
635894,Alba System Dogmatikalamity,Alba System Dogmatikalamity,https://tcgplayer-cdn.tcgplayer.com/product/635894_200w.jpg,2,24263,https://cpt.tcgcsv.com/Vm67,2025-07-17T11:55:26.607,1,"""Fallen of Albaz"" + 6 monsters in your GY with different names<br>Must first be Fusion Summoned. Can attack all your opponent's monsters, once each. Cannot declare an attack unless you send 1 card from your Extra Deck to the GY. Once per turn, if you control this Fusion Summoned card and have 6 or more Fusion Monsters in your GY with different names that mention ""Fallen of Albaz"" as material: You can send all cards in each player's Extra Deck to the GY.",,0.4,1.14,29.99,1.09,,1st Edition,BLMM-EN011,Secret Rare,DARK,Dragon,Fusion/Effect Monster,4500,2500,,
635895,Alba System Dogmatikalamity (Starlight Rare),Alba System Dogmatikalamity Starlight Rare,https://tcgplayer-cdn.tcgplayer.com/product/635895_200w.jpg,2,24263,https://cpt.tcgcsv.com/Wm67,2025-07-17T11:55:26.653,1,"""Fallen of Albaz"" + 6 monsters in your GY with different names<br>Must first be Fusion Summoned. Can attack all your opponent's monsters, once each. Cannot declare an attack unless you send 1 card from your Extra Deck to the GY. Once per turn, if you control this Fusion Summoned card and have 6 or more Fusion Monsters in your GY with different names that mention ""Fallen of Albaz"" as material: You can send all cards in each player's Extra Deck to the GY.",,22.5,25.13,78.97,24.37,,1st Edition,BLMM-EN011,Starlight Rare,DARK,Dragon,Fusion/Effect Monster,4500,2500,,
635896,The Fabled Behilmoth,The Fabled Behilmoth,https://tcgplayer-cdn.tcgplayer.com/product/635896_200w.jpg,2,24263,https://cpt.tcgcsv.com/Xm67,2025-08-14T22:21:59.47,1,"If this card is in your hand: You can discard 2 or more ""Fabled"" monsters, including this card, and if you do, Special Summon 1 ""Fabled"" Synchro Monster from your Extra Deck whose Level equals the discarded monsters' total original Levels (this is treated as a Synchro Summon). If a card(s) is sent from your hand to the GY, while this card is in your GY (except during the Damage Step): You can banish this card; Special Summon 1 ""Fabled"" monster from your hand. You can only use each effect of ""The Fabled Behilmoth"" once per turn.",,0.01,0.19,4.99,0.14,0.07,1st Edition,BLMM-EN012,Ultra Rare,LIGHT,Beast,Tuner/Effect Monster,1000,600,,
635897,Fabled Gammajin,Fabled Gammajin,https://tcgplayer-cdn.tcgplayer.com/product/635897_200w.jpg,2,24263,https://cpt.tcgcsv.com/Zm67,2025-07-17T11:55:28.74,1,"1 ""Fabled"" Tuner + 1+ non-Tuner monsters<br>Your opponent cannot target other ""Fabled"" Synchro Monsters you control with card effects. You can only use each of the following effects of ""Fabled Gammajin"" once per turn. If this card is Synchro Summoned: You can Special Summon 1 ""Fabled"" monster from your hand or Deck. If this card is sent to the GY: You can draw cards equal to the number of ""Fabled"" Synchro Monsters you control, then discard 1 card.",,0.01,0.15,4.99,0.11,0.05,1st Edition,BLMM-EN013,Ultra Rare,LIGHT,Fiend,Synchro/Tuner/Effect Monster,2000,0,,
635898,Fabled Levilazebul,Fabled Levilazebul,https://tcgplayer-cdn.tcgplayer.com/product/635898_200w.jpg,2,24263,https://cpt.tcgcsv.com/-m67,2025-07-17T11:55:28.79,1,"1 Tuner + 1+ non-Tuner monsters<br>Once per turn, during the Main Phase (Quick Effect): You can Tribute any number of ""Fabled"" monsters, and if you do, take control of that many face-up monsters your opponent controls, but their effects are negated. If this card is in your GY: You can target 1 other ""Fabled"" card in your GY; return this card to the Extra Deck, and if you do, add that target to your hand. You can only use this effect of ""Fabled Levilazebul"" once per turn.",,0.24,0.76,9.99,0.73,0.95,1st Edition,BLMM-EN014,Secret Rare,LIGHT,Fiend,Synchro/Effect Monster,3050,1950,,
635899,Fabled Realm's Revival,Fabled Realms Revival,https://tcgplayer-cdn.tcgplayer.com/product/635899_200w.jpg,2,24263,https://cpt.tcgcsv.com/_m67,2025-07-17T11:55:28.977,1,"When this card is activated: You can Set 1 ""Fabled"" Spell/Trap from your Deck, except ""Fabled Realm's Revival"". Your opponent cannot activate cards or effects when you Synchro Summon a ""Fabled"" Synchro Monster. Once per turn: You can discard 1 ""Fabled"" card, then activate 1 of these effects;<br>• Draw 1 card.<br>• Special Summon 1 ""Fabled"" monster from your GY or banishment.<br>You can only activate 1 ""Fabled Realm's Revival"" per turn.",,0.01,0.16,4.99,0.12,0.07,1st Edition,BLMM-EN015,Ultra Rare,,,Continuous Spell,,,,
635900,Jurrac Megalo,Jurrac Megalo,https://tcgplayer-cdn.tcgplayer.com/product/635900_200w.jpg,2,24263,https://cpt.tcgcsv.com/0n67,2025-07-17T11:55:32.95,1,"If you control a Dinosaur monster: You can Special Summon this card from your hand. During your Main Phase: You can discard 2 cards, including a ""Jurrac"" card, then draw 2 cards. If this card is destroyed by battle or card effect: You can send 1 ""Jurrac"" monster from your Deck/Extra Deck to the GY, except ""Jurrac Megalo"". You can only use each effect of ""Jurrac Megalo"" once per turn.",,0.01,0.25,4.99,0.26,0.42,1st Edition,BLMM-EN016,Ultra Rare,FIRE,Dinosaur,Tuner/Effect Monster,500,1300,,
635901,Jurrac Stego,Jurrac Stego,https://tcgplayer-cdn.tcgplayer.com/product/635901_200w.jpg,2,24263,https://cpt.tcgcsv.com/2n67,2025-07-17T11:55:33.143,1,"During your Main Phase: You can destroy 1 card you control, and if you do, send 1 Dinosaur monster from your Deck to the GY, then you can Special Summon ""Jurrac"" monster(s) from your hand and/or Deck, except ""Jurrac Stego"", whose total Levels equal the sent monster's Level, ignoring their Summoning conditions, also for the rest of this turn, you cannot Special Summon, except Dinosaur monsters. You can only use this effect of ""Jurrac Stego"" once per turn. When this card is destroyed by battle: You can return 1 face-up card on the field to the hand.",,0.01,0.2,4.99,0.16,0.13,1st Edition,BLMM-EN017,Ultra Rare,FIRE,Dinosaur,Effect Monster,1700,900,,
635902,Jurrac Astero,Jurrac Astero,https://tcgplayer-cdn.tcgplayer.com/product/635902_200w.jpg,2,24263,https://cpt.tcgcsv.com/3n67,2025-07-17T11:55:32.747,1,"1 Tuner + 1+ non-Tuner Dinosaur monsters<br>If this card is Synchro Summoned: You can Set 1 ""Jurrac"" Spell/Trap from your Deck or GY. Once per turn, when your opponent would Special Summon a monster(s) (Quick Effect): You can banish 2 Dinosaur monsters from your GY; negate the Summon, and if you do, destroy that monster(s). During your opponent's turn (Quick Effect): You can banish 2 ""Jurrac"" monsters from your GY, including this card; Special Summon 1 ""Jurrac Meteor"" from your Extra Deck (this is treated as a Synchro Summon).",,0.15,1.34,9.99,1.44,,1st Edition,BLMM-EN018,Secret Rare,FIRE,Dinosaur,Synchro/Effect Monster,2500,2300,,
635903,Jurrac Volcano,Jurrac Volcano,https://tcgplayer-cdn.tcgplayer.com/product/635903_200w.jpg,2,24263,https://cpt.tcgcsv.com/5n67,2025-07-17T11:55:33.363,1,"During your Main Phase: You can destroy 1 Dinosaur monster you control, and if you do, Special Summon 1 ""Jurrac"" monster from your Deck. If your opponent Special Summons a monster(s) and they have activated 4 or more monster effects this turn (except during the Damage Step): You can Special Summon 1 ""Jurrac Meteor"" from your Extra Deck (this is treated as a Synchro Summon). If a ""Jurrac"" monster(s) you control would be destroyed by card effect, you can banish 1 Dinosaur monster from your GY instead. You can only use each effect of ""Jurrac Volcano"" once per turn.",,2.0,3.51,20.0,3.13,3.08,1st Edition,BLMM-EN019,Secret Rare,SPELL,,Field Spell,,,,
635904,Gem-Knight Master Diamond Dispersion,Gem Knight Master Diamond Dispersion,https://tcgplayer-cdn.tcgplayer.com/product/635904_200w.jpg,2,24263,https://cpt.tcgcsv.com/6n67,2025-07-17T11:55:30.57,1,"3 ""Gem-"" monsters<br>During the Main Phase (Quick Effect): You can send this card from the field to the GY; Special Summon up to 3 non-Rock ""Gem-"" monsters with different names from your Extra Deck and/or GY, ignoring their Summoning conditions, also for the rest of this turn, you cannot Special Summon from the Extra Deck, except Fusion Monsters. When your ""Gem-Knight"" Fusion Monster is destroyed by battle, while this card is in your GY: You can Special Summon this card. You can only use each effect of ""Gem-Knight Master Diamond Dispersion"" once per turn.",,0.05,0.25,5.99,0.13,0.09,1st Edition,BLMM-EN020,Secret Rare,EARTH,Rock,Fusion/Effect Monster,3000,2600,,
635905,Gem-Knight Nepyrim,Gem Knight Nepyrim,https://tcgplayer-cdn.tcgplayer.com/product/635905_200w.jpg,2,24263,https://cpt.tcgcsv.com/7n67,2025-07-17T11:55:30.633,1,"If this card is Normal or Special Summoned: You can add 1 ""Gem-Knight"" card from your Deck to your hand, except ""Gem-Knight Nepyrim"", also any effect damage your opponent takes during the Main Phase this turn is halved. During your Main Phase, you can: Immediately after this effect resolves, Normal Summon 1 ""Gem-"" monster. If this card is sent from the hand or Deck to the GY: You can send 1 card from your hand to the GY, and if you do, Special Summon this card. You can only use each effect of ""Gem-Knight Nepyrim"" once per turn.",,5.0,9.0,29.95,7.34,9.95,1st Edition,BLMM-EN021,Secret Rare,LIGHT,Fairy,Effect Monster,1550,1600,,
635906,Gem-Knight Nepyrim (Starlight Rare),Gem Knight Nepyrim Starlight Rare,https://tcgplayer-cdn.tcgplayer.com/product/635906_200w.jpg,2,24263,https://cpt.tcgcsv.com/8n67,2025-07-17T11:55:30.727,1,"If this card is Normal or Special Summoned: You can add 1 ""Gem-Knight"" card from your Deck to your hand, except ""Gem-Knight Nepyrim"", also any effect damage your opponent takes during the Main Phase this turn is halved. During your Main Phase, you can: Immediately after this effect resolves, Normal Summon 1 ""Gem-"" monster. If this card is sent from the hand or Deck to the GY: You can send 1 card from your hand to the GY, and if you do, Special Summon this card. You can only use each effect of ""Gem-Knight Nepyrim"" once per turn.",,35.06,44.38,113.75,34.23,39.95,1st Edition,BLMM-EN021,Starlight Rare,LIGHT,Fairy,Effect Monster,1550,1600,,
635907,Gem-Knight Hollowcore,Gem Knight Hollowcore,https://tcgplayer-cdn.tcgplayer.com/product/635907_200w.jpg,2,24263,https://cpt.tcgcsv.com/9n67,2025-07-17T11:55:30.287,1,"You can send 1 ""Gem-Knight"" Normal Monster or 1 ""Gem-Knight Fusion"" from your Deck to the GY; Special Summon this card from your hand in Defense Position. When your opponent activates a card or effect, while you control a ""Gem-Knight"" Fusion Monster (Quick Effect): You can banish 3 ""Gem-Knight"" cards from your GY, including this card; negate that effect, then all ""Gem-Knight"" monsters you currently control gain 1000 ATK. You can only use each effect of ""Gem-Knight Hollowcore"" once per turn.",,0.03,0.25,12.0,0.21,0.2,1st Edition,BLMM-EN022,Secret Rare,DARK,Fiend,Effect Monster,1950,2450,,
635908,Gem-Knight Dispersion,Gem Knight Dispersion,https://tcgplayer-cdn.tcgplayer.com/product/635908_200w.jpg,2,24263,https://cpt.tcgcsv.com/bn67,2025-07-17T11:55:30.1,1,"Activate 1 of these effects (but you can only use each effect of ""Gem-Knight Dispersion"" once per turn);<br>• Fusion Summon 1 ""Gem-Knight"" Fusion Monster from your Extra Deck, using monsters from your hand or field. Up to 2 monsters from your Deck/Extra Deck can be used, if they are non-Rock ""Gem-Knight"" monsters and you have ""Gem-Knight Fusion"" in your GY.<br>• Add 1 ""Gem-"" monster from your Deck or banishment to your hand, also any effect damage your opponent takes during the Main Phase this turn is halved.",,0.01,0.25,19.99,0.21,0.22,1st Edition,BLMM-EN023,Secret Rare,SPELL,,Normal Spell,,,,
635909,"Avance, Swordsman of the Nekroz",Avance Swordsman of the Nekroz,https://tcgplayer-cdn.tcgplayer.com/product/635909_200w.jpg,2,24263,https://cpt.tcgcsv.com/cn67,2025-08-13T18:09:43.997,1,"If you Ritual Summon exactly 1 ""Nekroz"" Ritual Monster with a card effect that requires use of monsters, this card you control can be used as the entire Tribute. When this card is Normal Summoned: You can Special Summon 1 ""Nekroz"" monster from your Deck, except ""Avance, Swordsman of the Nekroz"". If this card is Tributed by card effect: You can add any number of your banished ""Nekroz"" cards with different names to your hand. You can only use this effect of ""Avance, Swordsman of the Nekroz"" once per Duel.",,0.01,0.3,4.99,0.21,0.14,1st Edition,BLMM-EN024,Secret Rare,WATER,Spellcaster,Effect Monster,1500,800,,
635910,"Emilia, Dance Priestess of the Nekroz",Emilia Dance Priestess of the Nekroz,https://tcgplayer-cdn.tcgplayer.com/product/635910_200w.jpg,2,24263,https://cpt.tcgcsv.com/dn67,2025-07-17T11:55:28.497,1,"If you Ritual Summon exactly 1 ""Nekroz"" Ritual Monster with a card effect that requires use of monsters, this card you control can be used as the entire Tribute. You can only use each of the following effects of ""Emilia, Dance Priestess of the Nekroz"" once per turn. If you have a Warrior ""Nekroz"" monster in your field or GY: You can Special Summon this card from your hand. If this card is Normal or Special Summoned: You can add 1 ""Nekroz"" Ritual Monster or 1 ""Nekroz"" Spell from your Deck to your hand.",,0.95,5.8,29.99,5.21,29.97,1st Edition,BLMM-EN025,Secret Rare,WATER,Spellcaster,Effect Monster,1600,800,,
635911,"Emilia, Dance Priestess of the Nekroz (Starlight Rare)",Emilia Dance Priestess of the Nekroz Starlight Rare,https://tcgplayer-cdn.tcgplayer.com/product/635911_200w.jpg,2,24263,https://cpt.tcgcsv.com/fn67,2025-07-17T11:55:28.55,1,"If you Ritual Summon exactly 1 ""Nekroz"" Ritual Monster with a card effect that requires use of monsters, this card you control can be used as the entire Tribute. You can only use each of the following effects of ""Emilia, Dance Priestess of the Nekroz"" once per turn. If you have a Warrior ""Nekroz"" monster in your field or GY: You can Special Summon this card from your hand. If this card is Normal or Special Summoned: You can add 1 ""Nekroz"" Ritual Monster or 1 ""Nekroz"" Spell from your Deck to your hand.",,18.99,28.94,56.99,20.62,23.41,1st Edition,BLMM-EN025,Starlight Rare,WATER,Spellcaster,Effect Monster,1600,800,,
635912,Nekroz of Metaltron,Nekroz of Metaltron,https://tcgplayer-cdn.tcgplayer.com/product/635912_200w.jpg,2,24263,https://cpt.tcgcsv.com/gn67,2025-07-17T11:55:35.247,1,"<strong>Pendulum Effect</strong><br>
<br>If your ""Nekroz"" card(s) is banished face-up (except during the Damage Step): You can target 1 Spell/Trap on the field; banish it. You can only use this effect of ""Nekroz of Metaltron"" once per turn.<br>
<br><br>
<br><strong>Monster Effect</strong><br>
<br>You can Ritual Summon this card with any ""Nekroz"" Ritual Spell. Must be Ritual Summoned, using monsters, and you cannot use Level 9 monsters. During the Main Phase (Quick Effect): You can target 1 face-up monster your opponent controls; banish this card (until the End Phase), and if you do, banish that monster. You can only use this effect of ""Nekroz of Metaltron"" once per turn. Any monster destroyed by battle with your ""Nekroz"" monster is banished.",,0.01,0.25,4.99,0.16,0.14,1st Edition,BLMM-EN026,Secret Rare,LIGHT,Wyrm,Ritual/Pendulum/Effect Monster,2500,3000,,
635913,Nekroz Divinemirror,Nekroz Divinemirror,https://tcgplayer-cdn.tcgplayer.com/product/635913_200w.jpg,2,24263,https://cpt.tcgcsv.com/hn67,2025-07-17T11:55:34.837,1,"During the Main Phase: Ritual Summon 1 ""Nekroz"" Ritual Monster from your hand or banishment, by Tributing monsters from your hand/field, and/or sending ""Nekroz"" monsters from your Extra Deck to the GY, whose total Levels equal or exceed its Level. During your Main Phase: You can banish this card and 1 ""Nekroz"" monster from your GY; add 1 ""Nekroz"" Spell from your Deck to your hand. You can only use each effect of ""Nekroz Divinemirror"" once per turn.",,0.01,0.17,4.99,0.08,0.05,1st Edition,BLMM-EN027,Ultra Rare,SPELL,,Quick-Play Spell,,,,
635914,Motor Kaiser,Motor Kaiser,https://tcgplayer-cdn.tcgplayer.com/product/635914_200w.jpg,2,24263,https://cpt.tcgcsv.com/jn67,2025-07-17T11:55:34.55,1,"You can reveal this card in your hand; immediately after this effect resolves, Normal Summon 1 DARK Machine monster. You can target 1 monster you control; destroy it, then you can Special Summon 1 ""Engine Token"" (Machine/EARTH/Level 1/ATK 200/DEF 200) in Attack Position. You can only use each effect of ""Motor Kaiser"" once per turn.",,0.01,0.15,4.99,0.06,0.03,1st Edition,BLMM-EN028,Ultra Rare,DARK,Machine,Effect Monster,2000,1400,,
635915,Two-for-One Repair Job,Two for One Repair Job,https://tcgplayer-cdn.tcgplayer.com/product/635915_200w.jpg,2,24263,https://cpt.tcgcsv.com/kn67,2025-07-17T11:55:39.2,1,"Banish 1 DARK Machine monster from your GY; Special Summon 1 monster from your hand, Deck, or GY that mentions ""Engine Token"". If a face-up DARK Machine monster(s) you control is sent to the GY, except by battle, while this card is in your GY (except during the Damage Step): You can banish this card; Special Summon 1 ""Engine Token"" (Machine/EARTH/Level 1/ATK 200/DEF 200) in Attack Position. You can only use 1 ""Two-for-One Repair Job"" effect per turn, and only once that turn.",,0.01,0.15,4.99,0.08,0.05,1st Edition,BLMM-EN029,Ultra Rare,SPELL,,Normal Spell,,,,
635916,Scrap Garage,Scrap Garage,https://tcgplayer-cdn.tcgplayer.com/product/635916_200w.jpg,2,24263,https://cpt.tcgcsv.com/ln67,2025-07-17T11:55:38.153,1,"If a face-up Machine monster(s) you control is destroyed by battle or card effect: Target up to 3 DARK Machine monsters in your GY; Special Summon them, but their ATK/DEF become 0. You can banish this card from your GY, then target 1 Machine monster you control; destroy it. You can only use each effect of ""Scrap Garage"" once per turn.",,0.01,0.15,4.99,0.09,0.04,1st Edition,BLMM-EN030,Ultra Rare,TRAP,,Normal Trap,,,,
635917,Ice Doll,Ice Doll,https://tcgplayer-cdn.tcgplayer.com/product/635917_200w.jpg,2,24263,https://cpt.tcgcsv.com/mn67,2025-07-17T11:55:32.27,1,"You can discard 1 other WATER monster; Special Summon this card from your hand. If this card is Normal or Special Summoned: You can add 1 WATER Spellcaster monster from your Deck to your hand. If this card is sent from the field to the GY: You can add 1 ""Ice Doll Mirror"" from your Deck to your hand. You can only use each effect of ""Ice Doll"" once per turn, also you cannot Special Summon the turn you activate any of this card's effects, except WATER monsters.",,0.01,0.19,4.99,0.09,0.06,1st Edition,BLMM-EN031,Ultra Rare,WATER,Spellcaster,Effect Monster,800,1000,,
635918,Twin Pillars of Ice,Twin Pillars of Ice,https://tcgplayer-cdn.tcgplayer.com/product/635918_200w.jpg,2,24263,https://cpt.tcgcsv.com/nn67,2025-07-17T11:55:39.137,1,"Special Summon 2 ""Ice Pillar Tokens"" (Aqua/WATER/Level 4/ATK 1900/DEF 1200) in Defense Position, also you cannot Special Summon from the Extra Deck for the rest of this turn after this card resolves. During your Main Phase: You can banish this card from your GY; immediately after this effect resolves, Normal Summon 1 WATER monster. You can only use each effect of ""Twin Pillars of Ice"" once per turn.",,0.01,0.15,4.99,0.11,0.07,1st Edition,BLMM-EN032,Ultra Rare,SPELL,,Quick-Play Spell,,,,
635919,Ice Doll Mirror,Ice Doll Mirror,https://tcgplayer-cdn.tcgplayer.com/product/635919_200w.jpg,2,24263,https://cpt.tcgcsv.com/pn67,2025-07-17T11:55:32.333,1,"Send 1 WATER monster from your hand or face-up field to the GY; Special Summon 1 monster from your hand or Deck with the same name as 1 WATER monster you control, also you cannot Special Summon for the rest of this turn after this card resolves, except WATER monsters. You can banish this card from your GY; add 1 ""Ice Doll"" from your Deck or GY to your hand. You can only use each effect of ""Ice Doll Mirror"" once per turn.",,0.01,0.15,4.99,0.07,0.06,1st Edition,BLMM-EN033,Ultra Rare,SPELL,,Normal Spell,,,,
635920,"Bat, the Forest Ninja",Bat the Forest Ninja,https://tcgplayer-cdn.tcgplayer.com/product/635920_200w.jpg,2,24263,https://cpt.tcgcsv.com/qn67,2025-07-17T11:55:26.87,1,"If a face-up card is in a Field Zone, you can Special Summon this card (from your hand). You can only Special Summon ""Bat, the Forest Ninja"" once per turn this way. If this card is Normal or Special Summoned and ""Fairy Tale Prologue: Journey's Dawn"" is in your field or GY: You can add 1 LIGHT Beast monster from your Deck to your hand. You can only use this effect of ""Bat, the Forest Ninja"" once per turn.",,0.01,0.15,4.99,0.05,0.03,1st Edition,BLMM-EN034,Ultra Rare,LIGHT,Beast,Tuner/Effect Monster,800,800,,
635921,"Wonko, Noble Knight of the Forest",Wonko Noble Knight of the Forest,https://tcgplayer-cdn.tcgplayer.com/product/635921_200w.jpg,2,24263,https://cpt.tcgcsv.com/rn67,2025-07-17T11:55:39.66,1,"If this card is Normal or Special Summoned: You can add 1 ""Fairy Tale Prologue: Journey's Dawn"" from your Deck to your hand, or, if ""Fairy Tale Prologue: Journey's Dawn"" is in your field or GY, you can draw 1 card instead. You can only use this effect of ""Wonko, Noble Knight of the Forest"" once per turn. While a card is in a Field Zone, your opponent's monsters cannot target monsters for attacks, except this one. When this card is destroyed by battle: You can make the monster that destroyed it lose 500 ATK.",,0.01,0.15,4.99,0.07,0.06,1st Edition,BLMM-EN035,Ultra Rare,LIGHT,Beast,Effect Monster,1100,1600,,
635922,Fairy Tale Prologue: Journey's Dawn,Fairy Tale Prologue Journeys Dawn,https://tcgplayer-cdn.tcgplayer.com/product/635922_200w.jpg,2,24263,https://cpt.tcgcsv.com/sn67,2025-07-17T11:55:29.04,1,"Any battle damage a player takes is halved. If you control a LIGHT Beast monster or a Level 7 or 8 Dragon Synchro Monster: You can draw 1 card. You can only use this effect of ""Fairy Tale Prologue: Journey's Dawn"" once per turn. During your Standby Phase: You can send this card from the Field Zone to the GY; place 1 Field Spell from your hand or Deck face-up in your Field Zone, except ""Fairy Tale Prologue: Journey's Dawn"".",,0.01,0.17,4.99,0.1,0.07,1st Edition,BLMM-EN036,Ultra Rare,SPELL,,Field Spell,,,,
635923,Number S37: Spider Shark,Number S37 Spider Shark,https://tcgplayer-cdn.tcgplayer.com/product/635923_200w.jpg,2,24263,https://cpt.tcgcsv.com/tn67,2025-07-17T11:55:36.137,1,"3 Level 5 WATER monsters<br>You can also Xyz Summon this card by using ""Number 37: Hope Woven Dragon Spider Shark"" you control (transfer its materials to this card). Once per turn: You can detach 1 material from this card, then target 1 monster your opponent controls; banish it (until their next Standby Phase), and if you do, any monsters they currently control lose 1000 ATK until the end of this turn. Once per turn, during the End Phase, if this card is in your GY because this Xyz Summoned card was destroyed and sent there this turn: You can Special Summon it.",,0.01,0.2,4.99,0.09,0.05,1st Edition,BLMM-EN037,Ultra Rare,WATER,Sea Serpent,Xyz/Effect Monster,2600,2100,,
635924,Number S38: Titanic Galaxy,Number S38 Titanic Galaxy,https://tcgplayer-cdn.tcgplayer.com/product/635924_200w.jpg,2,24263,https://cpt.tcgcsv.com/vn67,2025-07-17T11:55:36.2,1,"3 Level 9 LIGHT monsters<br>You can also Xyz Summon this card by using ""Number 38: Hope Harbinger Dragon Titanic Galaxy"" you control (transfer its materials to this card). Gains 200 ATK for each material attached to it. Once per turn: You can target up to 2 Spells/Traps your opponent controls; attach them to this card as material. Neither player can activate those cards or their effects in response to this effect's activation. You can detach 1 material from this card; until the end of this turn, this card's original ATK becomes 1500, also it can attack directly.",,0.01,0.23,4.99,0.11,0.12,1st Edition,BLMM-EN038,Ultra Rare,LIGHT,Dragon,Xyz/Effect Monster,3000,2500,,
635925,Revelation of Hope,Revelation of Hope,https://tcgplayer-cdn.tcgplayer.com/product/635925_200w.jpg,2,24263,https://cpt.tcgcsv.com/wn67,2025-07-17T11:55:38.09,1,"Send 1 face-up Level 8 Dragon monster you control to the GY; Special Summon 1 Rank 8 Dragon Xyz Monster from your Extra Deck (this is treated as an Xyz Summon). You can only activate 1 ""Revelation of Hope"" per turn.",,0.01,0.15,4.99,0.08,0.07,1st Edition,BLMM-EN039,Ultra Rare,SPELL,,Normal Spell,,,,
635926,Galaxy Journey,Galaxy Journey,https://tcgplayer-cdn.tcgplayer.com/product/635926_200w.jpg,2,24263,https://cpt.tcgcsv.com/xn67,2025-07-17T11:55:29.387,1,"Special Summon 1 of your banished LIGHT or DARK monsters. If a face-up Xyz Monster(s) you control is banished, while this card is in your GY (except during the Damage Step): You can banish this card, then target 1 of those monsters; Special Summon it. You can only use each effect of ""Galaxy Journey"" once per turn.",,0.01,0.25,9.99,0.16,0.18,1st Edition,BLMM-EN040,Secret Rare,SPELL,,Quick-Play Spell,,,,
635927,D/D Count Surveyor,D D Count Surveyor,https://tcgplayer-cdn.tcgplayer.com/product/635927_200w.jpg,2,24263,https://cpt.tcgcsv.com/zn67,2025-07-17T11:55:27.3,1,"<strong>Pendulum Effect</strong><br>
<br>Once per turn, if you Pendulum Summon a ""D/D/D"" monster(s): You can target 3 monsters your opponent controls with the same Type or Attribute as each other; Tribute 2 of those 3 face-up monsters, and if you do, the third gains ATK/DEF equal to the total ATK/DEF the Tributed monsters had on the field.<br>
<br><br>
<br><strong>Monster Effect</strong><br>
<br>You can discard 1 other ""D/D"" monster; Special Summon this card from your hand. If this card is Normal or Special Summoned: You can add 1 ""D/D"" monster with 0 ATK or DEF from your Deck to your hand. You can only use each effect of ""D/D Count Surveyor"" once per turn.",,15.0,16.68,39.99,15.89,,1st Edition,BLMM-EN041,Secret Rare,DARK,Fiend,Pendulum/Effect Monster,2000,2000,,
635928,D/D Scale Surveyor,D D Scale Surveyor,https://tcgplayer-cdn.tcgplayer.com/product/635928_200w.jpg,2,24263,https://cpt.tcgcsv.com/Bn67,2025-07-17T11:55:27.407,1,"<strong>Pendulum Effect</strong><br>
<br>During the Standby Phase: You can target up to 2 cards in the Pendulum Zones; their Pendulum Scales become 0 until the end of this turn. You can only use this effect of ""D/D Scale Surveyor"" once per turn.<br>
<br><br>
<br><strong>Monster Effect</strong><br>
<br>If you control a ""D/D"" Pendulum Monster Card: You can Special Summon this card from your hand. If this card is Normal or Special Summoned: You can make this card Level 4. If this card is sent to the GY, or added to the Extra Deck face-up: You can target 1 ""D/D"" Pendulum Monster Card you control; return it to the hand. You can only use each effect of ""D/D Scale Surveyor"" once per turn.",,0.05,0.25,4.99,0.19,0.18,1st Edition,BLMM-EN042,Ultra Rare,DARK,Fiend,Pendulum/Effect Monster,0,1000,,
635929,D/D Extra Surveyor,D D Extra Surveyor,https://tcgplayer-cdn.tcgplayer.com/product/635929_200w.jpg,2,24263,https://cpt.tcgcsv.com/Cn67,2025-07-17T11:55:27.36,1,"<strong>Pendulum Effect</strong><br>
<br>If a face-up Monster Card(s) your opponent controls is destroyed by battle or card effect: You can target 1 ""D/D/D"" monster you control; banish 2 cards from your Pendulum Zones, and if you do, that monster can make a second attack during each Battle Phase this turn. You can only use this effect of ""D/D Extra Surveyor"" once per turn.<br>
<br><br>
<br><strong>Monster Effect</strong><br>
<br>You can discard this card; add 1 face-up ""D/D"" Pendulum Monster from your Extra Deck to your hand, except ""D/D Extra Surveyor"". If this card is banished: You can banish the top cards of your opponent's Deck equal to the number of face-up Pendulum Monsters in their Extra Deck, then you can make 1 ""D/D"" monster you control gain 200 ATK for each card banished. You can only use each effect of ""D/D Extra Surveyor"" once per turn.",,0.01,0.18,4.99,0.1,0.04,1st Edition,BLMM-EN043,Ultra Rare,DARK,Fiend,Pendulum/Effect Monster,1000,0,,
635930,"Crowley, the Gifted Magistus",Crowley the Gifted Magistus,https://tcgplayer-cdn.tcgplayer.com/product/635930_200w.jpg,2,24263,https://cpt.tcgcsv.com/Dn67,2025-07-17T11:55:27.25,1,"If this face-up card is used as Fusion Material, its name can be treated as ""Aleister the Invoker"". You can only use each of the following effects of ""Crowley, the Gifted Magistus"" once per turn. If this card is added to your hand, except by drawing it: You can Special Summon it. If this card is Normal or Special Summoned (except during the Damage Step): You can Fusion Summon 1 ""Magistus"" or ""Invoked"" Fusion Monster from your Extra Deck, using monsters from your hand or field.",,12.0,15.0,34.99,13.38,21.17,1st Edition,BLMM-EN044,Secret Rare,DARK,Spellcaster,Effect Monster,1800,1000,,
635931,"Zoroa, the Magistus Verethragna",Zoroa the Magistus Verethragna,https://tcgplayer-cdn.tcgplayer.com/product/635931_200w.jpg,2,24263,https://cpt.tcgcsv.com/Fn67,2025-07-17T11:55:39.893,1,"1 ""Magistus"" monster + 1 Fusion, Synchro, Xyz, or Link Monster<br>You can target 1 Effect Monster in your GY or your opponent controls; equip that Effect Monster to this card. When a monster effect is activated (Quick Effect): You can send 1 face-up ""Magistus"" Monster Card you control to the GY; negate that effect, then you can destroy 1 card your opponent controls. You can only use each effect of ""Zoroa, the Magistus Verethragna"" once per turn.",,0.01,0.25,4.99,0.17,0.13,1st Edition,BLMM-EN045,Secret Rare,FIRE,Spellcaster,Fusion/Effect Monster,2900,2900,,
635932,Verre Magic - Lacrima of Light,Verre Magic Lacrima of Light,https://tcgplayer-cdn.tcgplayer.com/product/635932_200w.jpg,2,24263,https://cpt.tcgcsv.com/Gn67,2025-07-17T11:55:39.583,1,"(This card is always treated as a ""Magistus"" and ""Witchcrafter"" card.)<br>Activate 1 of these effects (but you can only use each effect of ""Verre Magic - Lacrima of Light"" once per turn);<br>• If you control a ""Magistus"" or ""Witchcrafter"" monster: Send 1 Spellcaster monster or 1 Spell from your Deck to the GY.<br>• When your opponent activates a card or effect: Special Summon 1 ""Magistus"" or ""Witchcrafter"" monster from your hand or Deck.",,0.01,0.25,5.49,0.13,0.12,1st Edition,BLMM-EN046,Secret Rare,SPELL,,Quick-Play Spell,,,,
635933,Magia Magic - Thunder of Judgment,Magia Magic Thunder of Judgment,https://tcgplayer-cdn.tcgplayer.com/product/635933_200w.jpg,2,24263,https://cpt.tcgcsv.com/Hn67,2025-07-17T11:55:34.27,1,"(This card is always treated as a ""Magistus"" and ""Endymion"" card.)<br>Send 1 other face-up ""Magistus"" card you control to the GY, or remove 2 Spell Counters from your field, then activate 1 of these effects (but you can only use each effect of ""Magia Magic - Thunder of Judgment"" once per turn);<br>• Special Summon 1 Spellcaster monster from your hand, face-up Extra Deck, or GY.<br>• Banish 1 other card on the field.",,0.01,0.15,4.99,0.09,0.04,1st Edition,BLMM-EN047,Ultra Rare,SPELL,,Normal Spell,,,,
635934,Dragonmaid Cehrmba,Dragonmaid Cehrmba,https://tcgplayer-cdn.tcgplayer.com/product/635934_200w.jpg,2,24263,https://cpt.tcgcsv.com/Jn67,2025-07-17T11:55:27.763,1,"Dragon Fusion Monsters you control cannot be destroyed by your opponent's card effects. You can only use each of the following effects of ""Dragonmaid Cehrmba"" once per turn. You can discard this card; Special Summon 1 ""Dragonmaid"" monster from your GY or banishment, except ""Dragonmaid Cehrmba"". At the end of the Battle Phase: You can return this card to the hand, and if you do, Special Summon 1 Level 4 or lower ""Dragonmaid"" monster from your hand.",,0.72,1.8,14.99,1.71,3.97,1st Edition,BLMM-EN048,Ultra Rare,DARK,Dragon,Effect Monster,2800,1800,,
635935,Lady's Dragonmaid (Starlight Rare),Ladys Dragonmaid Starlight Rare,https://tcgplayer-cdn.tcgplayer.com/product/635935_200w.jpg,2,24263,https://cpt.tcgcsv.com/Kn67,2025-07-17T11:55:33.917,1,"2 ""Dragonmaid"" monsters with the same Attribute but different Levels<br>Must first be Special Summoned (from your Extra Deck) by banishing the above monsters, 1 each from your field and GY. If this card is Special Summoned: You can Special Summon 1 Level 4 or lower ""Dragonmaid"" monster from your Deck. During the Standby Phase: You can Fusion Summon 1 Dragon Fusion Monster from your Extra Deck, by shuffling its materials from your field and/or banishment into the Deck. You can only use each effect of ""Lady's Dragonmaid"" once per turn.",,70.0,79.63,224.98,75.58,83.2,1st Edition,BLMM-EN049,Starlight Rare,LIGHT,Dragon,Fusion/Effect Monster,2000,3000,,
635936,Lady's Dragonmaid,Ladys Dragonmaid,https://tcgplayer-cdn.tcgplayer.com/product/635936_200w.jpg,2,24263,https://cpt.tcgcsv.com/Ln67,2025-07-17T11:55:33.837,1,"2 ""Dragonmaid"" monsters with the same Attribute but different Levels<br>Must first be Special Summoned (from your Extra Deck) by banishing the above monsters, 1 each from your field and GY. If this card is Special Summoned: You can Special Summon 1 Level 4 or lower ""Dragonmaid"" monster from your Deck. During the Standby Phase: You can Fusion Summon 1 Dragon Fusion Monster from your Extra Deck, by shuffling its materials from your field and/or banishment into the Deck. You can only use each effect of ""Lady's Dragonmaid"" once per turn.",,1.5,3.33,29.99,3.04,3.23,1st Edition,BLMM-EN049,Ultra Rare,LIGHT,Dragon,Fusion/Effect Monster,2000,3000,,
635937,Noh-P.U.N.K. Rising Scale (Starlight Rare),Noh PUNK Rising Scale Starlight Rare,https://tcgplayer-cdn.tcgplayer.com/product/635937_200w.jpg,2,24263,https://cpt.tcgcsv.com/Mn67,2025-07-17T11:55:35.837,1,"You can banish 1 other ""P.U.N.K."" card from your hand or GY; Special Summon this card from your hand. If this card is Special Summoned: You can pay 600 LP; add to your hand, or Special Summon, 1 ""P.U.N.K."" monster from your Deck or GY, except a Level 8 monster. When a monster your opponent controls with 2500 or more ATK activates its effect (Quick Effect): You can change it to face-down Defense Position. You can only use each effect of ""Noh-P.U.N.K. Rising Scale"" once per turn.",,43.0,45.72,99.99,45.1,,1st Edition,BLMM-EN050,Starlight Rare,WATER,Sea Serpent,Effect Monster,2400,2400,,
635938,Noh-P.U.N.K. Rising Scale,Noh PUNK Rising Scale,https://tcgplayer-cdn.tcgplayer.com/product/635938_200w.jpg,2,24263,https://cpt.tcgcsv.com/Nn67,2025-07-17T11:55:35.757,1,"You can banish 1 other ""P.U.N.K."" card from your hand or GY; Special Summon this card from your hand. If this card is Special Summoned: You can pay 600 LP; add to your hand, or Special Summon, 1 ""P.U.N.K."" monster from your Deck or GY, except a Level 8 monster. When a monster your opponent controls with 2500 or more ATK activates its effect (Quick Effect): You can change it to face-down Defense Position. You can only use each effect of ""Noh-P.U.N.K. Rising Scale"" once per turn.",,9.99,13.46,29.99,11.14,,1st Edition,BLMM-EN050,Ultra Rare,WATER,Sea Serpent,Effect Monster,2400,2400,,
635939,P.U.N.K. JAM FEVER! (Starlight Rare),PUNK JAM FEVER Starlight Rare,https://tcgplayer-cdn.tcgplayer.com/product/635939_200w.jpg,2,24263,https://cpt.tcgcsv.com/Pn67,2025-07-17T11:55:37.353,1,"2 Level 8 monsters<br>Once per turn, you can also Xyz Summon ""P.U.N.K. JAM FEVER!"" by using a ""P.U.N.K."" Fusion or Synchro Monster you control. You can pay 600 LP, then detach 1 material from this card; draw 1 card. When another monster's effect is activated and you have a Level 3 Psychic monster in your GY (Quick Effect): You can detach 1 material from this card; negate the activation, and if you do, destroy that monster. You can only use each effect of ""P.U.N.K. JAM FEVER!"" once per turn.",,18.56,21.6,49.99,19.54,,1st Edition,BLMM-EN051,Starlight Rare,LIGHT,Psychic,Xyz/Effect Monster,2800,600,,
635940,P.U.N.K. JAM FEVER!,PUNK JAM FEVER,https://tcgplayer-cdn.tcgplayer.com/product/635940_200w.jpg,2,24263,https://cpt.tcgcsv.com/Qn67,2025-07-17T11:55:37.277,1,"2 Level 8 monsters<br>Once per turn, you can also Xyz Summon ""P.U.N.K. JAM FEVER!"" by using a ""P.U.N.K."" Fusion or Synchro Monster you control. You can pay 600 LP, then detach 1 material from this card; draw 1 card. When another monster's effect is activated and you have a Level 3 Psychic monster in your GY (Quick Effect): You can detach 1 material from this card; negate the activation, and if you do, destroy that monster. You can only use each effect of ""P.U.N.K. JAM FEVER!"" once per turn.",,1.75,2.56,14.99,2.41,,1st Edition,BLMM-EN051,Ultra Rare,LIGHT,Psychic,Xyz/Effect Monster,2800,600,,
635941,"Enlilgirsu, the Orcust Mekk-Knight (Starlight Rare)",Enlilgirsu the Orcust Mekk Knight Starlight Rare,https://tcgplayer-cdn.tcgplayer.com/product/635941_200w.jpg,2,24263,https://cpt.tcgcsv.com/Rn67,2025-07-17T11:55:28.663,1,"2+ monsters, including an ""Orcust"" Link Monster<br>You can target 1 of your banished ""Orcust"" or ""World Legacy"" cards; add it to your hand, then you can shuffle 1 card from your hand into the Deck and take control of 1 face-up monster your opponent controls. During your Main Phase, if this card is in the GY because it was sent there from the Extra Monster Zone this turn: You can banish this card; send 1 card on the field to the GY. You can only use each effect of ""Enlilgirsu, the Orcust Mekk-Knight"" once per turn.",,34.98,38.47,89.99,39.37,,1st Edition,BLMM-EN053,Starlight Rare,DARK,Machine,Link/Effect Monster,2600,,4,Left;Bottom-Left;Top-Right;Right
635942,"Enlilgirsu, the Orcust Mekk-Knight",Enlilgirsu the Orcust Mekk Knight,https://tcgplayer-cdn.tcgplayer.com/product/635942_200w.jpg,2,24263,https://cpt.tcgcsv.com/Sn67,2025-07-17T11:55:28.6,1,"2+ monsters, including an ""Orcust"" Link Monster<br>You can target 1 of your banished ""Orcust"" or ""World Legacy"" cards; add it to your hand, then you can shuffle 1 card from your hand into the Deck and take control of 1 face-up monster your opponent controls. During your Main Phase, if this card is in the GY because it was sent there from the Extra Monster Zone this turn: You can banish this card; send 1 card on the field to the GY. You can only use each effect of ""Enlilgirsu, the Orcust Mekk-Knight"" once per turn.",,0.99,2.5,19.99,2.4,2.99,1st Edition,BLMM-EN053,Ultra Rare,DARK,Machine,Link/Effect Monster,2600,,4,Left;Bottom-Left;Top-Right;Right
635943,"Galatea-i, the Orcust Automaton (Starlight Rare)",Galatea i the Orcust Automaton Starlight Rare,https://tcgplayer-cdn.tcgplayer.com/product/635943_200w.jpg,2,24263,https://cpt.tcgcsv.com/Tn67,2025-07-17T11:55:29.327,1,"1 ""Orcust"" or ""World Legacy"" monster<br>You can only Link Summon ""Galatea-i, the Orcust Automaton(s)"" once per turn. Cannot be used as material for an Xyz Summon. You can send 1 card from your hand to the GY; add 1 ""World Legacy"" monster or ""Orcustrated Babel"" from your Deck or GY to your hand. If this card is in your GY: You can banish 1 other ""Orcust"" card from your GY; Special Summon this card. You can only use each effect of ""Galatea-i, the Orcust Automaton"" once per turn.",,69.3,89.99,300.0,92.75,,1st Edition,BLMM-EN052,Starlight Rare,DARK,Machine,Link/Effect Monster,0,,1,Bottom-Left
635944,"Galatea-i, the Orcust Automaton",Galatea i the Orcust Automaton,https://tcgplayer-cdn.tcgplayer.com/product/635944_200w.jpg,2,24263,https://cpt.tcgcsv.com/Vn67,2025-07-17T11:55:29.263,1,"1 ""Orcust"" or ""World Legacy"" monster<br>You can only Link Summon ""Galatea-i, the Orcust Automaton(s)"" once per turn. Cannot be used as material for an Xyz Summon. You can send 1 card from your hand to the GY; add 1 ""World Legacy"" monster or ""Orcustrated Babel"" from your Deck or GY to your hand. If this card is in your GY: You can banish 1 other ""Orcust"" card from your GY; Special Summon this card. You can only use each effect of ""Galatea-i, the Orcust Automaton"" once per turn.",,6.0,8.7,30.0,7.65,11.64,1st Edition,BLMM-EN052,Ultra Rare,DARK,Machine,Link/Effect Monster,0,,1,Bottom-Left
635945,Nurse Dragonmaid,Nurse Dragonmaid,https://tcgplayer-cdn.tcgplayer.com/product/635945_200w.jpg,2,24263,https://cpt.tcgcsv.com/Wn67,2025-07-17T11:55:36.277,1,"If this card is Normal or Special Summoned: You can target 1 Level 4 or lower ""Dragonmaid"" monster in your GY, except ""Nurse Dragonmaid""; Special Summon it. At the start of the Battle Phase: You can return this card to the hand, and if you do, Special Summon 1 Level 7 ""Dragonmaid"" monster from your hand or GY. You can only use each effect of ""Nurse Dragonmaid"" once per turn.",,0.09,0.36,4.99,0.34,0.34,1st Edition,BLMM-EN054,Ultra Rare,EARTH,Dragon,Effect Monster,500,1600,,
635946,Dragonmaid Ernus,Dragonmaid Ernus,https://tcgplayer-cdn.tcgplayer.com/product/635946_200w.jpg,2,24263,https://cpt.tcgcsv.com/Xn67,2025-07-17T11:55:27.903,1,"Cannot be destroyed by card effects while you control a Fusion Monster. You can only use each of the following effects of ""Dragonmaid Ernus"" once per turn.<br>• (Quick Effect): You can discard this card; Special Summon 1 Level 4 or lower ""Dragonmaid"" monster from your hand.<br>• At the end of the Battle Phase: You can return this card to the hand, and if you do, Special Summon 1 Level 2 ""Dragonmaid"" monster from your hand.",,0.09,0.25,4.99,0.25,0.29,1st Edition,BLMM-EN055,Ultra Rare,EARTH,Dragon,Effect Monster,2600,1600,,
635947,Laundry Dragonmaid,Laundry Dragonmaid,https://tcgplayer-cdn.tcgplayer.com/product/635947_200w.jpg,2,24263,https://cpt.tcgcsv.com/Zn67,2025-07-17T11:55:33.977,1,"If this card is Normal or Special Summoned: You can send the top 3 cards of your Deck to the GY. At the start of the Battle Phase: You can return this card to the hand, and if you do, Special Summon 1 Level 7 ""Dragonmaid"" monster from your hand or GY. You can only use each effect of ""Laundry Dragonmaid"" once per turn.",,0.01,0.25,6.98,0.21,0.16,1st Edition,BLMM-EN056,Ultra Rare,WATER,Dragon,Effect Monster,500,1600,,
635948,Dragonmaid Nudyarl,Dragonmaid Nudyarl,https://tcgplayer-cdn.tcgplayer.com/product/635948_200w.jpg,2,24263,https://cpt.tcgcsv.com/-n67,2025-07-17T11:55:28.097,1,"Cannot be destroyed by card effects while you control a Fusion Monster. You can only use each of the following effects of ""Dragonmaid Nudyarl"" once per turn.<br>• You can discard this card, then target 1 monster in either GY; shuffle it into the Deck.<br>• At the end of the Battle Phase: You can return this card to the hand, and if you do, Special Summon 1 Level 2 ""Dragonmaid"" monster from your hand.",,0.04,0.25,4.99,0.26,0.23,1st Edition,BLMM-EN057,Ultra Rare,WATER,Dragon,Effect Monster,2600,1600,,
635949,Kitchen Dragonmaid,Kitchen Dragonmaid,https://tcgplayer-cdn.tcgplayer.com/product/635949_200w.jpg,2,24263,https://cpt.tcgcsv.com/_n67,2025-07-17T11:55:33.57,1,"If this card is Normal or Special Summoned: You can add 1 ""Dragonmaid"" monster from your Deck to your hand, except ""Kitchen Dragonmaid"", then send 1 ""Dragonmaid"" monster from your hand to the GY. At the start of the Battle Phase: You can return this card to the hand, and if you do, Special Summon 1 Level 8 ""Dragonmaid"" monster from your hand or GY. You can only use each effect of ""Kitchen Dragonmaid"" once per turn.",,0.4,1.52,19.99,1.36,1.62,1st Edition,BLMM-EN058,Ultra Rare,FIRE,Dragon,Effect Monster,500,1700,,
635950,Dragonmaid Tinkhec,Dragonmaid Tinkhec,https://tcgplayer-cdn.tcgplayer.com/product/635950_200w.jpg,2,24263,https://cpt.tcgcsv.com/0p67,2025-08-11T13:34:31.59,1,"Cannot be destroyed by card effects while you control a Fusion Monster. You can only use each of the following effects of ""Dragonmaid Tinkhec"" once per turn.<br>• (Quick Effect): You can discard this card, then target 1 ""Dragonmaid"" monster you control; it gains 2000 ATK until the end of this turn.<br>• At the end of the Battle Phase: You can return this card to the hand, and if you do, Special Summon 1 Level 3 ""Dragonmaid"" monster from your hand.",,0.1,0.29,4.99,0.3,0.25,1st Edition,BLMM-EN059,Ultra Rare,FIRE,Dragon,Effect Monster,2700,1700,,
635951,Parlor Dragonmaid,Parlor Dragonmaid,https://tcgplayer-cdn.tcgplayer.com/product/635951_200w.jpg,2,24263,https://cpt.tcgcsv.com/2p67,2025-07-17T11:55:37.43,1,"If this card is Normal or Special Summoned: You can send 1 ""Dragonmaid"" card from your Deck to the GY, except ""Parlor Dragonmaid"". At the start of the Battle Phase: You can return this card to the hand, and if you do, Special Summon 1 Level 8 ""Dragonmaid"" monster from your hand or GY. You can only use each effect of ""Parlor Dragonmaid"" once per turn.",,1.0,2.43,10.99,2.0,2.11,1st Edition,BLMM-EN060,Ultra Rare,WIND,Dragon,Effect Monster,500,1700,,
635952,Dragonmaid Lorpar,Dragonmaid Lorpar,https://tcgplayer-cdn.tcgplayer.com/product/635952_200w.jpg,2,24263,https://cpt.tcgcsv.com/3p67,2025-07-17T11:55:28.043,1,"Cannot be destroyed by card effects while you control a Fusion Monster. You can only use each of the following effects of ""Dragonmaid Lorpar"" once per turn.<br>• You can discard this card, then target 1 face-up monster on the field; players cannot activate that target's effects on the field this turn.<br>• At the end of the Battle Phase: You can return this card to the hand, and if you do, Special Summon 1 Level 3 ""Dragonmaid"" monster from your hand.",,0.03,0.25,5.0,0.21,0.24,1st Edition,BLMM-EN061,Ultra Rare,WIND,Dragon,Effect Monster,2700,1700,,
635953,Chamber Dragonmaid,Chamber Dragonmaid,https://tcgplayer-cdn.tcgplayer.com/product/635953_200w.jpg,2,24263,https://cpt.tcgcsv.com/5p67,2025-07-17T11:55:27.203,1,"If this card is Normal or Special Summoned: You can add 1 ""Dragonmaid"" Spell/Trap from your Deck to your hand. At the start of the Battle Phase: You can return this card to the hand, and if you do, Special Summon 1 Level 7 or higher ""Dragonmaid"" monster from your hand or GY. You can only use each effect of ""Chamber Dragonmaid"" once per turn.",,0.04,0.3,4.99,0.3,0.37,1st Edition,BLMM-EN062,Ultra Rare,DARK,Dragon,Effect Monster,500,1800,,
635954,House Dragonmaid,House Dragonmaid,https://tcgplayer-cdn.tcgplayer.com/product/635954_200w.jpg,2,24263,https://cpt.tcgcsv.com/6p67,2025-07-17T11:55:32.143,1,"1 ""Dragonmaid"" monster + 1 Dragon monster<br>Once per turn, during the Standby Phase: You can target 1 other ""Dragonmaid"" monster you control; Special Summon 1 ""Dragonmaid"" monster from your hand or GY in Defense Position, whose Level is 1 higher or 1 lower than it. When another face-up Dragon monster(s) you control returns to your hand (except during the Damage Step): You can target 1 monster your opponent controls; destroy it.",,0.05,0.25,4.99,0.19,0.21,1st Edition,BLMM-EN063,Ultra Rare,LIGHT,Dragon,Fusion/Effect Monster,3000,2000,,
635955,Dragonmaid Sheou,Dragonmaid Sheou,https://tcgplayer-cdn.tcgplayer.com/product/635955_200w.jpg,2,24263,https://cpt.tcgcsv.com/7p67,2025-07-17T11:55:28.16,1,"1 ""Dragonmaid"" monster + 1 Level 5 or higher Dragon monster<br>During each Standby Phase: You can Special Summon 1 Level 9 or lower ""Dragonmaid"" monster from your hand or GY. When your opponent activates a card or effect (Quick Effect): You can negate the activation, and if you do, destroy that card, also, after that, return this card to the Extra Deck, and if you do, Special Summon 1 ""House Dragonmaid"" from your Extra Deck. You can only use each effect of ""Dragonmaid Sheou"" once per turn.",,0.1,0.47,4.99,0.48,0.67,1st Edition,BLMM-EN064,Ultra Rare,LIGHT,Dragon,Fusion/Effect Monster,3500,2000,,
635956,Dragonmaid Hospitality,Dragonmaid Hospitality,https://tcgplayer-cdn.tcgplayer.com/product/635956_200w.jpg,2,24263,https://cpt.tcgcsv.com/8p67,2025-07-17T11:55:27.967,1,"Special Summon 1 ""Dragonmaid"" monster from your hand or GY in Defense Position, then, you can send 1 ""Dragonmaid"" monster with the same Attribute, but a different Level, from your Deck to the GY. You can only activate 1 ""Dragonmaid Hospitality"" per turn.",,0.04,0.25,4.99,0.25,0.49,1st Edition,BLMM-EN065,Ultra Rare,SPELL,,Normal Spell,,,,
635957,Dragonmaid Welcome,Dragonmaid Welcome,https://tcgplayer-cdn.tcgplayer.com/product/635957_200w.jpg,2,24263,https://cpt.tcgcsv.com/9p67,2025-07-17T11:55:28.317,1,"All monsters you control gain 100 ATK/DEF for each ""Dragonmaid"" monster you control. If you control 2 or more ""Dragonmaid"" monsters: You can target 1 ""Dragonmaid"" card in your GY, except ""Dragonmaid Welcome""; add it to your hand. You can only use this effect of ""Dragonmaid Welcome"" once per turn. If this card is sent to the GY: Your opponent cannot target ""Dragonmaid"" monsters you control with card effects this turn.",,0.05,0.25,4.99,0.26,0.19,1st Edition,BLMM-EN066,Ultra Rare,SPELL,,Continuous Spell,,,,
635958,Dragonmaid Changeover,Dragonmaid Changeover,https://tcgplayer-cdn.tcgplayer.com/product/635958_200w.jpg,2,24263,https://cpt.tcgcsv.com/bp67,2025-07-17T11:55:27.81,1,"Fusion Summon 1 Dragon Fusion Monster from your Extra Deck, using monsters from your hand or field as Fusion Material. While this card is in your GY: You can target 1 ""Dragonmaid"" monster you control; add this card to your hand, and if you do, return that monster to the hand. You can only use this effect of ""Dragonmaid Changeover"" once per turn.",,0.13,0.34,4.99,0.36,0.67,1st Edition,BLMM-EN067,Ultra Rare,SPELL,,Normal Spell,,,,
635959,Dragonmaid Downtime,Dragonmaid Downtime,https://tcgplayer-cdn.tcgplayer.com/product/635959_200w.jpg,2,24263,https://cpt.tcgcsv.com/cp67,2025-07-17T11:55:27.857,1,"You can target 1 ""Dragonmaid"" monster you control, then activate 1 of these effects;<br>• Return it to the hand, and if you do, add 1 ""Dragonmaid"" card from your Deck to your hand, except ""Dragonmaid Downtime"".<br>• Return it to the hand, and if you do, return 1 Spell/Trap your opponent controls to the hand.<br>You can only use this effect of ""Dragonmaid Downtime"" once per turn.",,0.02,0.25,4.99,0.22,0.18,1st Edition,BLMM-EN068,Ultra Rare,TRAP,,Continuous Trap,,,,
635960,Dragonmaid Tidying,Dragonmaid Tidying,https://tcgplayer-cdn.tcgplayer.com/product/635960_200w.jpg,2,24263,https://cpt.tcgcsv.com/dp67,2025-07-17T11:55:28.22,1,"Target 1 Dragon monster you control and 1 card your opponent controls or in their GY; return them to the hand. You can banish this card from your GY; Special Summon 1 ""Dragonmaid"" monster from your hand or GY in Defense Position, but return it to the hand during the End Phase. You can only use 1 ""Dragonmaid Tidying"" effect per turn, and only once that turn.",,0.01,0.25,4.99,0.18,0.15,1st Edition,BLMM-EN069,Ultra Rare,TRAP,,Normal Trap,,,,
635961,Ukiyoe-P.U.N.K. Sharakusai,Ukiyoe PUNK Sharakusai,https://tcgplayer-cdn.tcgplayer.com/product/635961_200w.jpg,2,24263,https://cpt.tcgcsv.com/fp67,2025-07-17T11:55:39.42,1,"You can pay 600 LP; Fusion Summon 1 ""P.U.N.K."" Fusion Monster from your Extra Deck, using monsters from your hand or field as material. During your opponent's turn (Quick Effect): You can pay 600 LP; immediately after this effect resolves, Synchro Summon 1 ""P.U.N.K."" Synchro Monster using monsters you control as material. You can only use each effect of ""Ukiyoe-P.U.N.K. Sharakusai"" once per turn.",,0.01,0.2,4.99,0.15,0.1,1st Edition,BLMM-EN070,Ultra Rare,EARTH,Psychic,Tuner/Effect Monster,1200,600,,
635962,Gagaku-P.U.N.K. Wa Gon,Gagaku PUNK Wa Gon,https://tcgplayer-cdn.tcgplayer.com/product/635962_200w.jpg,2,24263,https://cpt.tcgcsv.com/gp67,2025-07-17T11:55:29.153,1,"You can pay 600 LP; add 1 ""P.U.N.K."" Spell from your Deck to your hand. When your opponent activates a card or effect that targets a ""P.U.N.K."" monster(s) you control, or when your opponent's monster targets one for an attack (Quick Effect): You can draw 1 card. You can only use each effect of ""Gagaku-P.U.N.K. Wa Gon"" once per turn.",,0.01,0.25,4.99,0.14,0.17,1st Edition,BLMM-EN071,Ultra Rare,EARTH,Psychic,Tuner/Effect Monster,900,600,,
635963,Joruri-P.U.N.K. Madame Spider,Joruri PUNK Madame Spider,https://tcgplayer-cdn.tcgplayer.com/product/635963_200w.jpg,2,24263,https://cpt.tcgcsv.com/hp67,2025-07-17T11:55:32.487,1,"You can pay 600 LP; add 1 ""P.U.N.K."" Trap from your Deck to your hand. When you activate a ""P.U.N.K."" card or effect that targets a card your opponent controls (except during the Damage Step) (Quick Effect): You can target 1 face-up monster your opponent controls; its ATK becomes halved until the end of this turn. You can only use each effect of ""Joruri-P.U.N.K. Madame Spider"" once per turn.",,0.01,0.23,4.99,0.15,0.15,1st Edition,BLMM-EN072,Ultra Rare,EARTH,Psychic,Tuner/Effect Monster,900,600,,
635964,Noh-P.U.N.K. Ze Amin,Noh PUNK Ze Amin,https://tcgplayer-cdn.tcgplayer.com/product/635964_200w.jpg,2,24263,https://cpt.tcgcsv.com/jp67,2025-07-17T11:55:35.897,1,"You can pay 600 LP; add 1 ""P.U.N.K."" monster from your Deck to your hand, except ""Noh-P.U.N.K. Ze Amin"". If this card is sent to the GY: You can target 1 ""P.U.N.K."" monster you control; it gains 600 ATK. You can only use each effect of ""Noh-P.U.N.K. Ze Amin"" once per turn.",,0.01,0.17,4.99,0.11,0.06,1st Edition,BLMM-EN073,Ultra Rare,EARTH,Psychic,Tuner/Effect Monster,600,600,,
635965,Noh-P.U.N.K. Foxy Tune,Noh PUNK Foxy Tune,https://tcgplayer-cdn.tcgplayer.com/product/635965_200w.jpg,2,24263,https://cpt.tcgcsv.com/kp67,2025-07-17T11:55:35.617,1,"Once per turn, when this card destroys an opponent's monster by battle: You can gain LP equal to that monster's original ATK. You can only use each of the following effects of ""Noh-P.U.N.K. Foxy Tune"" once per turn. You can Tribute 1 ""P.U.N.K."" monster; Special Summon this card from your hand. You can send this card from your hand or field to the GY; send 1 card from your hand to the GY, and if you do, Special Summon 1 ""P.U.N.K."" monster from your Deck, except a Level 8 monster.",,0.03,0.22,4.99,0.18,0.19,1st Edition,BLMM-EN074,Ultra Rare,LIGHT,Beast,Effect Monster,2300,2600,,
635966,Noh-P.U.N.K. Ogre Dance,Noh PUNK Ogre Dance,https://tcgplayer-cdn.tcgplayer.com/product/635966_200w.jpg,2,24263,https://cpt.tcgcsv.com/lp67,2025-07-17T11:55:35.68,1,"Once per turn, when your opponent activates a monster effect (Quick Effect): You can make this card gain ATK equal to that opponent's monster's original ATK until the end of this turn. You can only use each of the following effects of ""Noh-P.U.N.K. Ogre Dance"" once per turn. You can Tribute 1 ""P.U.N.K."" monster; Special Summon this card from your hand. You can send this card from your hand or field to the GY; add 1 ""P.U.N.K."" monster from your Deck to your hand, except a Level 8 monster.",,0.04,0.2,4.99,0.14,0.18,1st Edition,BLMM-EN075,Ultra Rare,DARK,Fiend,Effect Monster,2500,2000,,
635967,Noh-P.U.N.K. Deer Note,Noh PUNK Deer Note,https://tcgplayer-cdn.tcgplayer.com/product/635967_200w.jpg,2,24263,https://cpt.tcgcsv.com/mp67,2025-07-17T11:55:35.533,1,"You can reveal 1 other ""P.U.N.K."" monster in your hand; Special Summon either the revealed monster or this card, and send the other to the GY. If this card is sent from the field to your GY: You can target 1 ""P.U.N.K."" monster in your GY, except a Level 5 monster; Special Summon it, but you cannot Special Summon ""Noh-P.U.N.K. Deer Note"" for the rest of this turn. You can only use each effect of ""Noh-P.U.N.K. Deer Note"" once per turn.",,0.02,0.23,4.99,0.17,0.18,1st Edition,BLMM-EN076,Ultra Rare,EARTH,Warrior,Effect Monster,2100,1800,,
635968,Ukiyoe-P.U.N.K. Amazing Dragon,Ukiyoe PUNK Amazing Dragon,https://tcgplayer-cdn.tcgplayer.com/product/635968_200w.jpg,2,24263,https://cpt.tcgcsv.com/np67,2025-07-17T11:55:39.28,1,"1 Tuner + 1+ non-Tuner monsters<br>If this card is Synchro Summoned: You can target cards your opponent controls, up to the number of Level 3 Psychic monsters with different names you control and in your GY; return them to the hand. You can target 1 ""P.U.N.K."" monster in your GY, except ""Ukiyoe-P.U.N.K. Amazing Dragon""; Special Summon it. You can only use 1 ""Ukiyoe-P.U.N.K. Amazing Dragon"" effect per turn, and only once that turn.",,0.02,0.2,4.99,0.12,0.08,1st Edition,BLMM-EN077,Ultra Rare,WIND,Sea Serpent,Synchro/Effect Monster,3000,2800,,
635969,P.U.N.K. JAM Dragon Drive,PUNK JAM Dragon Drive,https://tcgplayer-cdn.tcgplayer.com/product/635969_200w.jpg,2,24263,https://cpt.tcgcsv.com/pp67,2025-07-17T11:55:37.117,1,"1 Psychic Tuner + 1+ non-Tuner monsters<br>If this card is Special Summoned by the effect of a ""P.U.N.K."" card, or Synchro Summoned: You can pay 600 LP; take 1 Level 3 Psychic monster from your Deck and either add it to your hand or send it to the GY. If your opponent activates a card or effect in response to your ""P.U.N.K."" card or effect activation, while this card is in your GY: You can Special Summon this card. You can only use each effect of ""P.U.N.K. JAM Dragon Drive"" once per turn.",,0.05,0.25,4.99,0.15,0.17,1st Edition,BLMM-EN078,Ultra Rare,EARTH,Psychic,Synchro/Effect Monster,2700,2400,,
635970,Ukiyoe-P.U.N.K. Rising Carp,Ukiyoe PUNK Rising Carp,https://tcgplayer-cdn.tcgplayer.com/product/635970_200w.jpg,2,24263,https://cpt.tcgcsv.com/qp67,2025-07-17T11:55:39.357,1,"2 ""P.U.N.K."" monsters<br>You can Tribute this Fusion Summoned card; Special Summon up to 2 ""P.U.N.K."" monsters with different names from each other from your hand and/or Deck, except Level 8 monsters, in Defense Position. If you Synchro Summoned using this card as material: You can target 1 ""P.U.N.K."" monster you control; it can make a second attack during each Battle Phase this turn. You can only use each effect of ""Ukiyoe-P.U.N.K. Rising Carp"" once per turn.",,0.01,0.2,4.99,0.1,0.06,1st Edition,BLMM-EN079,Ultra Rare,WATER,Fish,Fusion/Effect Monster,1000,2600,,
635971,P.U.N.K. JAM Extreme Session,PUNK JAM Extreme Session,https://tcgplayer-cdn.tcgplayer.com/product/635971_200w.jpg,2,24263,https://cpt.tcgcsv.com/rp67,2025-07-17T11:55:37.197,1,"Once per turn: You can banish 1 ""P.U.N.K."" card from your GY; Special Summon 1 ""P.U.N.K."" monster from your hand. If a Psychic monster you control paid LP to activate its effect: You can draw 1 card. You can use this effect of ""P.U.N.K. JAM Extreme Session"" up to twice per turn.",,0.01,0.24,4.99,0.13,0.13,1st Edition,BLMM-EN080,Ultra Rare,SPELL,,Field Spell,,,,
635972,Joruri-P.U.N.K. Dangerous Gabu,Joruri PUNK Dangerous Gabu,https://tcgplayer-cdn.tcgplayer.com/product/635972_200w.jpg,2,24263,https://cpt.tcgcsv.com/sp67,2025-07-17T11:55:32.393,1,"You can target 1 Effect Monster your opponent controls; negate its effects (until the end of this turn), then, if you control a ""P.U.N.K."" monster, gain LP equal to that targeted monster's original ATK. You can only activate 1 ""Joruri-P.U.N.K. Dangerous Gabu"" per turn.",,0.01,0.2,4.99,0.12,0.07,1st Edition,BLMM-EN081,Ultra Rare,TRAP,,Normal Trap,,,,
635973,"World Legacy - ""World Crown""",World Legacy World Crown,https://tcgplayer-cdn.tcgplayer.com/product/635973_200w.jpg,2,24263,https://cpt.tcgcsv.com/tp67,2025-07-17T11:55:39.737,1,"You can Special Summon this card (from your hand) in Defense Position to your zone a Link Monster points to. You can only Special Summon ""World Legacy - ""World Crown"""" once per turn this way. When a monster on the field that was Special Summoned from the Extra Deck activates its effect (Quick Effect): You can Tribute this card; negate the activation, and if you do, destroy it. If this Normal Summoned/Set card is Tributed: You can add 1 ""World Legacy"" Spell/Trap from your Deck to your hand. You can only use this effect of ""World Legacy - ""World Crown"""" once per turn.",,0.03,0.25,4.99,0.18,0.09,1st Edition,BLMM-EN082,Ultra Rare,DARK,Machine,Effect Monster,2000,2000,,
635974,Orcust Brass Bombard,Orcust Brass Bombard,https://tcgplayer-cdn.tcgplayer.com/product/635974_200w.jpg,2,24263,https://cpt.tcgcsv.com/vp67,2025-07-17T11:55:36.58,1,"You can banish this card from your GY; Special Summon 1 ""Orcust"" monster from your hand, except ""Orcust Brass Bombard"", also you cannot Special Summon monsters for the rest of this turn, except DARK monsters. You can only use this effect of ""Orcust Brass Bombard"" once per turn.",,0.01,0.2,4.99,0.13,0.11,1st Edition,BLMM-EN083,Ultra Rare,DARK,Machine,Tuner/Effect Monster,500,1900,,
635975,Orcust Cymbal Skeleton,Orcust Cymbal Skeleton,https://tcgplayer-cdn.tcgplayer.com/product/635975_200w.jpg,2,24263,https://cpt.tcgcsv.com/wp67,2025-07-17T11:55:36.72,1,"You can banish this card from your GY, then target 1 ""Orcust"" monster in your GY, except ""Orcust Cymbal Skeleton""; Special Summon it, also you cannot Special Summon monsters for the rest of this turn, except DARK monsters. You can only use this effect of ""Orcust Cymbal Skeleton"" once per turn.",,0.08,0.49,4.99,0.48,0.46,1st Edition,BLMM-EN084,Ultra Rare,DARK,Machine,Effect Monster,1200,1500,,
635976,Orcust Harp Horror,Orcust Harp Horror,https://tcgplayer-cdn.tcgplayer.com/product/635976_200w.jpg,2,24263,https://cpt.tcgcsv.com/xp67,2025-07-17T11:55:36.797,1,"You can banish this card from your GY; Special Summon 1 ""Orcust"" monster from your Deck, except ""Orcust Harp Horror"", also you cannot Special Summon for the rest of this turn, except DARK monsters. You can only use this effect of ""Orcust Harp Horror"" once per turn.",,0.05,0.35,4.99,0.31,0.36,1st Edition,BLMM-EN085,Ultra Rare,DARK,Machine,Effect Monster,1700,1400,,
635977,"World Legacy - ""World Wand""",World Legacy World Wand,https://tcgplayer-cdn.tcgplayer.com/product/635977_200w.jpg,2,24263,https://cpt.tcgcsv.com/zp67,2025-07-17T11:55:39.817,1,"This Normal Summoned/Set card cannot be destroyed by battle with a monster Special Summoned from the Extra Deck. You can only use each of the following effects of ""World Legacy - ""World Wand"""" once per turn.<br>• If this card is sent to the GY: You can Special Summon 1 ""World Legacy"" monster from your hand.<br>• You can banish this card from your GY, then target 1 of your banished ""Orcust"" monsters; Special Summon it, also you cannot Special Summon monsters for the rest of this turn, except DARK monsters.",,0.09,0.25,4.99,0.2,0.16,1st Edition,BLMM-EN086,Ultra Rare,DARK,Machine,Effect Monster,500,2500,,
635978,Orcust Knightmare,Orcust Knightmare,https://tcgplayer-cdn.tcgplayer.com/product/635978_200w.jpg,2,24263,https://cpt.tcgcsv.com/Bp67,2025-07-17T11:55:36.887,1,"Cannot be destroyed by battle with a Link Monster. You can banish this card from your GY, then target 1 face-up monster on the field; you cannot Special Summon monsters, except DARK monsters, for the rest of this turn, also send 1 DARK Machine monster from your Deck to the GY, except ""Orcust Knightmare"", and if you do, the targeted monster gains ATK equal to the Level of the monster sent to the GY x 100, until the end of this turn. You can only use this effect of ""Orcust Knightmare"" once per turn.",,0.08,0.37,4.99,0.38,0.36,1st Edition,BLMM-EN087,Ultra Rare,DARK,Machine,Effect Monster,100,2000,,
635979,"Girsu, the Orcust Mekk-Knight",Girsu the Orcust Mekk Knight,https://tcgplayer-cdn.tcgplayer.com/product/635979_200w.jpg,2,24263,https://cpt.tcgcsv.com/Cp67,2025-07-17T11:55:31.217,1,"If this card is Normal or Special Summoned: You can send 1 ""Orcust"" or ""World Legacy"" card from your Deck to the GY, then, if there are 2 or more other cards in this card's column, treat this card as a Tuner this turn. If you control no other monsters: You can Special Summon 1 ""World Legacy Token"" (Machine/DARK/Level 1/ATK 0/DEF 0) to both players' fields in Defense Position. You can only use each effect of ""Girsu, the Orcust Mekk-Knight"" once per turn.",,0.04,0.25,4.99,0.19,0.18,1st Edition,BLMM-EN088,Ultra Rare,DARK,Machine,Effect Monster,1800,0,,
635980,Ib the World Chalice Justiciar,Ib the World Chalice Justiciar,https://tcgplayer-cdn.tcgplayer.com/product/635980_200w.jpg,2,24263,https://cpt.tcgcsv.com/Dp67,2025-07-17T11:55:32.207,1,"1 Tuner + 1+ non-Tuner monsters<br>For this card's Synchro Summon, you can treat 1 ""World Chalice"" Normal Monster you control as a Tuner. You can only use each of the following effects of ""Ib the World Chalice Justiciar"" once per turn.<br>• If this card is Synchro Summoned: You can add 1 ""World Legacy"" card from your Deck to your hand.<br>• If this Synchro Summoned card is sent from the field to the GY: You can Special Summon 1 ""World Chalice"" monster from your Deck or GY, except ""Ib the World Chalice Justiciar"".",,0.01,0.2,4.99,0.08,0.06,1st Edition,BLMM-EN089,Ultra Rare,WATER,Spellcaster,Synchro/Tuner/Effect Monster,1800,2100,,
635981,"Dingirsu, the Orcust of the Evening Star",Dingirsu the Orcust of the Evening Star,https://tcgplayer-cdn.tcgplayer.com/product/635981_200w.jpg,2,24263,https://cpt.tcgcsv.com/Fp67,2025-09-30T22:45:27.71,1,"2 Level 8 monsters<br>You can only Special Summon ""Dingirsu, the Orcust of the Evening Star(s)"" once per turn. You can also Xyz Summon this card by using an ""Orcust"" Link Monster you control as material. If a card(s) you control would be destroyed by battle or card effect, you can detach 1 material from this card instead. If this card is Special Summoned: You can activate 1 of these effects;<br>• Send 1 card your opponent controls to the GY.<br>• Attach 1 of your banished Machine monsters to this card as material.",,0.04,0.25,4.99,0.14,0.11,1st Edition,BLMM-EN090,Ultra Rare,DARK,Machine,Xyz/Effect Monster,2600,2100,,
635982,Knightmare Phoenix,Knightmare Phoenix,https://tcgplayer-cdn.tcgplayer.com/product/635982_200w.jpg,2,24263,https://cpt.tcgcsv.com/Gp67,2025-07-17T11:55:33.633,1,"2 monsters with different names<br>If this card is Link Summoned: You can discard 1 card, then target 1 Spell/Trap your opponent controls; destroy it, then, if this card was co-linked when this effect was activated, you can draw 1 card. You can only use this effect of ""Knightmare Phoenix"" once per turn. Co-linked monsters you control cannot be destroyed by battle.",,0.05,0.22,4.99,0.1,,1st Edition,BLMM-EN091,Ultra Rare,FIRE,Fiend,Link/Effect Monster,1900,,2,Top;Right
635983,Knightmare Unicorn,Knightmare Unicorn,https://tcgplayer-cdn.tcgplayer.com/product/635983_200w.jpg,2,24263,https://cpt.tcgcsv.com/Hp67,2025-07-17T11:55:33.697,1,"2+ monsters with different names<br>If this card is Link Summoned: You can discard 1 card, then target 1 card on the field; shuffle it into the Deck, then, if this card was co-linked when this effect was activated, you can draw 1 card. You can only use this effect of ""Knightmare Unicorn"" once per turn. While any co-linked ""Knightmare"" monsters are on the field, for your normal draw in your Draw Phase, draw 1 card for each different card name among those co-linked ""Knightmare"" monsters, instead of drawing just 1 card.",,0.03,0.2,4.99,0.09,,1st Edition,BLMM-EN092,Ultra Rare,DARK,Fiend,Link/Effect Monster,2200,,3,Left;Bottom;Right
635984,"Galatea, the Orcust Automaton",Galatea the Orcust Automaton,https://tcgplayer-cdn.tcgplayer.com/product/635984_200w.jpg,2,24263,https://cpt.tcgcsv.com/Jp67,2025-07-17T11:55:29.217,1,"2 Effect Monsters, including an ""Orcust"" monster<br>This linked card cannot be destroyed by battle. You can target 1 of your banished Machine monsters; shuffle it into the Deck, then you can Set 1 ""Orcust"" Spell/Trap directly from your Deck. You can only use this effect of ""Galatea, the Orcust Automaton"" once per turn.",,0.04,0.21,10.0,0.15,0.13,1st Edition,BLMM-EN093,Ultra Rare,DARK,Machine,Link/Effect Monster,1800,,2,Bottom-Left;Top-Right
635985,"Longirsu, the Orcust Orchestrator",Longirsu the Orcust Orchestrator,https://tcgplayer-cdn.tcgplayer.com/product/635985_200w.jpg,2,24263,https://cpt.tcgcsv.com/Kp67,2025-07-17T11:55:34.2,1,"2+ Effect Monsters, including an ""Orcust"" monster<br>This linked card cannot be destroyed by card effects. You can target 2 of your banished Machine monsters; shuffle them into the Deck, then you can send 1 linked monster your opponent controls to the GY. This card cannot attack the turn you activate this effect. You can only use this effect of ""Longirsu, the Orcust Orchestrator"" once per turn.",,0.05,0.21,4.99,0.13,0.11,1st Edition,BLMM-EN094,Ultra Rare,DARK,Machine,Link/Effect Monster,2500,,3,Bottom-Right;Top-Left;Top
635986,Mekk-Knight Crusadia Avramax,Mekk Knight Crusadia Avramax,https://tcgplayer-cdn.tcgplayer.com/product/635986_200w.jpg,2,24263,https://cpt.tcgcsv.com/Lp67,2025-08-22T13:08:27.34,1,"2+ monsters Special Summoned from the Extra Deck<br>While this Link Summoned card is on the field, your opponent cannot target this card with card effects, also their monsters cannot target monsters for attacks, except this one. Once per battle, during damage calculation, if this card battles a Special Summoned monster (Quick Effect): You can make this card gain ATK equal to that opponent's monster's ATK during that damage calculation only. If this Link Summoned card you control is sent to your GY by an opponent's card: You can shuffle 1 card on the field into the Deck.",,0.01,0.2,4.99,0.1,0.07,1st Edition,BLMM-EN095,Ultra Rare,LIGHT,Cyberse,Link/Effect Monster,3000,,4,Bottom-Right;Left;Bottom-Left;Right
635987,Orcustrated Return,Orcustrated Return,https://tcgplayer-cdn.tcgplayer.com/product/635987_200w.jpg,2,24263,https://cpt.tcgcsv.com/Mp67,2025-07-17T11:55:37.043,1,"Send 1 ""Orcust"" or ""World Legacy"" monster from your hand or face-up field to the GY; draw 2 cards. You can only activate 1 ""Orcustrated Return"" per turn.",,0.07,0.25,4.99,0.22,0.14,1st Edition,BLMM-EN096,Ultra Rare,SPELL,,Normal Spell,,,,
635988,Orcustrated Babel,Orcustrated Babel,https://tcgplayer-cdn.tcgplayer.com/product/635988_200w.jpg,2,24263,https://cpt.tcgcsv.com/Np67,2025-07-17T11:55:36.95,1,"You can activate the effects of ""Orcust"" monsters in your GY, or of Link Monsters you control with ""Orcust"" in their original names, as Quick Effects. During your Main Phase, if this card is in your GY, except the turn it was sent to the GY: You can send 1 card from your hand to the GY; add this card to your hand.",,0.01,0.25,4.99,0.22,0.18,1st Edition,BLMM-EN097,Ultra Rare,SPELL,,Field Spell,,,,
635989,Orcust Crescendo,Orcust Crescendo,https://tcgplayer-cdn.tcgplayer.com/product/635989_200w.jpg,2,24263,https://cpt.tcgcsv.com/Pp67,2025-07-17T11:55:36.657,1,"When a Spell/Trap Card, or monster effect, is activated while you control an ""Orcust"" Link Monster: Negate the activation, and if you do, banish that card. You can banish this card from your GY; add to your hand 1 of your DARK Machine monsters that is banished or in your Deck. You cannot Special Summon monsters the turn you activate this effect, except DARK Machine monsters. You can only use 1 ""Orcust Crescendo"" effect per turn, and only once that turn.",,0.02,0.25,4.99,0.2,0.2,1st Edition,BLMM-EN098,Ultra Rare,TRAP,,Counter Trap,,,,
635990,Labyrinth Wall,Labyrinth Wall,https://tcgplayer-cdn.tcgplayer.com/product/635990_200w.jpg,2,24263,https://cpt.tcgcsv.com/Qp67,2025-07-17T11:55:33.773,1,<em>These walls form a labyrinth with no exit for enemies.</em>,,0.01,0.23,4.99,0.19,0.16,1st Edition,BLMM-EN099,Ultra Rare,EARTH,Rock,Normal Monster,0,3000,,
635991,Gem-Knight Crystal,Gem Knight Crystal,https://tcgplayer-cdn.tcgplayer.com/product/635991_200w.jpg,2,24263,https://cpt.tcgcsv.com/Rp67,2025-07-17T11:55:30.033,1,"<em>A Gem-Knight officer of high rank, who has optimized the use of the crystal powers. Despite his ability to overwhelm most opponents, he's wary of stretching himself too thin, and opts for solidarity with his comrades.</em>",,0.01,0.19,4.99,0.09,0.08,1st Edition,BLMM-EN100,Ultra Rare,EARTH,Rock,Monster,2450,1950,,
635992,Herald of Purple Light,Herald of Purple Light,https://tcgplayer-cdn.tcgplayer.com/product/635992_200w.jpg,2,24263,https://cpt.tcgcsv.com/Sp67,2025-07-17T11:55:31.673,1,"When your opponent activates a Trap Card (Quick Effect): You can send this card and 1 other Fairy monster from your hand to the GY; negate the activation, and if you do, destroy it.",,0.01,0.2,4.99,0.12,0.06,1st Edition,BLMM-EN101,Ultra Rare,LIGHT,Fairy,Effect Monster,300,500,,
635993,Herald of Green Light,Herald of Green Light,https://tcgplayer-cdn.tcgplayer.com/product/635993_200w.jpg,2,24263,https://cpt.tcgcsv.com/Tp67,2025-07-17T11:55:31.483,1,"When your opponent activates a Spell Card (Quick Effect): You can send this card and 1 other Fairy monster from your hand to the GY; negate the activation, and if you do, destroy it.",,0.01,0.2,4.99,0.12,0.1,1st Edition,BLMM-EN102,Ultra Rare,LIGHT,Fairy,Effect Monster,300,500,,
635994,Herald of Orange Light (Starlight Rare),Herald of Orange Light Starlight Rare,https://tcgplayer-cdn.tcgplayer.com/product/635994_200w.jpg,2,24263,https://cpt.tcgcsv.com/Vp67,2025-07-17T11:55:31.593,1,"When your opponent activates a monster effect (Quick Effect): You can send this card and 1 other Fairy monster from your hand to the GY; negate the activation, and if you do, destroy it.",,32.32,42.54,99.99,32.24,42.08,1st Edition,BLMM-EN103,Starlight Rare,LIGHT,Fairy,Tuner/Effect Monster,300,500,,
635995,Herald of Orange Light,Herald of Orange Light,https://tcgplayer-cdn.tcgplayer.com/product/635995_200w.jpg,2,24263,https://cpt.tcgcsv.com/Wp67,2025-07-17T11:55:31.547,1,"When your opponent activates a monster effect (Quick Effect): You can send this card and 1 other Fairy monster from your hand to the GY; negate the activation, and if you do, destroy it.",,0.01,0.25,4.99,0.25,0.28,1st Edition,BLMM-EN103,Ultra Rare,LIGHT,Fairy,Tuner/Effect Monster,300,500,,
635996,Fabled Lurrie,Fabled Lurrie,https://tcgplayer-cdn.tcgplayer.com/product/635996_200w.jpg,2,24263,https://cpt.tcgcsv.com/Xp67,2025-07-17T11:55:28.85,1,If this card is discarded to the GY: Special Summon it.,,0.09,0.48,4.99,0.24,0.17,1st Edition,BLMM-EN104,Secret Rare,LIGHT,Fiend,Effect Monster,200,400,,
635997,Fabled Lurrie (Starlight Rare),Fabled Lurrie Starlight Rare,https://tcgplayer-cdn.tcgplayer.com/product/635997_200w.jpg,2,24263,https://cpt.tcgcsv.com/Zp67,2025-07-17T11:55:28.897,1,If this card is discarded to the GY: Special Summon it.,,13.5,17.55,44.43,15.06,,1st Edition,BLMM-EN104,Starlight Rare,LIGHT,Fiend,Effect Monster,200,400,,
635998,Jurrac Velo,Jurrac Velo,https://tcgplayer-cdn.tcgplayer.com/product/635998_200w.jpg,2,24263,https://cpt.tcgcsv.com/-p67,2025-07-17T11:55:33.207,1,"When this face-up Attack Position card attacks or is attacked, and it is destroyed by battle and sent to the Graveyard, you can Special Summon 1 ""Jurrac"" monster with 1700 or less ATK from your Deck.",,0.01,0.17,10.0,0.08,0.03,1st Edition,BLMM-EN105,Ultra Rare,FIRE,Dinosaur,Effect Monster,1700,1000,,
635999,Jurrac Aeolo,Jurrac Aeolo,https://tcgplayer-cdn.tcgplayer.com/product/635999_200w.jpg,2,24263,https://cpt.tcgcsv.com/_p67,2025-07-17T11:55:32.67,1,"You can Tribute this card to select 1 Level 4 or lower ""Jurrac"" monster in your Graveyard, except ""Jurrac Aeolo"". Special Summon that monster from the Graveyard.",,0.03,0.25,4.99,0.26,0.19,1st Edition,BLMM-EN106,Ultra Rare,FIRE,Dinosaur,Tuner Monster,200,200,,
636000,Gem-Knight Alexandrite,Gem Knight Alexandrite,https://tcgplayer-cdn.tcgplayer.com/product/636000_200w.jpg,2,24263,https://cpt.tcgcsv.com/0q67,2025-07-17T11:55:29.783,1,"You can Tribute this card; Special Summon 1 ""Gem-Knight"" Normal Monster from your Deck.",,0.01,0.17,4.99,0.07,0.06,1st Edition,BLMM-EN107,Ultra Rare,EARTH,Rock,Effect Monster,1800,1200,,
636001,Gem-Armadillo,Gem Armadillo,https://tcgplayer-cdn.tcgplayer.com/product/636001_200w.jpg,2,24263,https://cpt.tcgcsv.com/2q67,2025-07-17T11:55:29.663,1,"When this card is Normal Summoned: You can add 1 ""Gem-Knight"" monster from your Deck to your hand.",,0.01,0.25,4.99,0.17,0.18,1st Edition,BLMM-EN108,Ultra Rare,EARTH,Rock,Effect Monster,1700,500,,
636002,Gem-Merchant,Gem Merchant,https://tcgplayer-cdn.tcgplayer.com/product/636002_200w.jpg,2,24263,https://cpt.tcgcsv.com/3q67,2025-07-17T11:55:31.107,1,"During the Damage Step, in either player's turn, when a face-up EARTH Normal Monster you control attacks or is attacked: You can send this card from your hand to the Graveyard; that monster gains 1000 ATK and DEF until the End Phase.",,0.01,0.15,4.99,0.09,0.05,1st Edition,BLMM-EN109,Ultra Rare,EARTH,Spellcaster,Effect Monster,1000,1000,,
636003,Gravekeeper's Recruiter,Gravekeepers Recruiter,https://tcgplayer-cdn.tcgplayer.com/product/636003_200w.jpg,2,24263,https://cpt.tcgcsv.com/5q67,2025-07-17T11:55:31.407,1,"If this card you control is sent to your GY: Add 1 ""Gravekeeper's"" monster with 1500 or less DEF from your Deck to your hand.",,0.01,0.29,4.99,0.26,0.26,1st Edition,BLMM-EN110,Secret Rare,DARK,Spellcaster,Effect Monster,1200,1500,,
636004,Gem-Turtle,Gem Turtle,https://tcgplayer-cdn.tcgplayer.com/product/636004_200w.jpg,2,24263,https://cpt.tcgcsv.com/6q67,2025-07-17T11:55:31.157,1,"FLIP: You can add 1 ""Gem-Knight Fusion"" from your Deck to your hand.",,0.01,0.15,4.99,0.08,0.07,1st Edition,BLMM-EN111,Ultra Rare,EARTH,Rock,Effect Monster,0,2000,,
636005,Gem-Elephant,Gem Elephant,https://tcgplayer-cdn.tcgplayer.com/product/636005_200w.jpg,2,24263,https://cpt.tcgcsv.com/7q67,2025-07-17T11:55:29.73,1,"During your Main Phase: You can return this face-up card on the field to the hand. During damage calculation, if this card attacked or was attacked: You can send 1 Normal Monster from your hand to the Graveyard; this card gains 1000 DEF.",,0.01,0.14,4.99,0.08,0.04,1st Edition,BLMM-EN112,Ultra Rare,EARTH,Rock,Effect Monster,400,1900,,
636006,Gem-Knight Lazuli,Gem Knight Lazuli,https://tcgplayer-cdn.tcgplayer.com/product/636006_200w.jpg,2,24263,https://cpt.tcgcsv.com/8q67,2025-07-17T11:55:30.46,1,If this card is sent to the Graveyard by a card effect: You can target 1 Normal Monster in your Graveyard; add that target to your hand.,,0.01,0.19,4.99,0.12,0.08,1st Edition,BLMM-EN113,Ultra Rare,EARTH,Rock,Effect Monster,600,100,,
636007,Heraldic Beast Aberconway,Heraldic Beast Aberconway,https://tcgplayer-cdn.tcgplayer.com/product/636007_200w.jpg,2,24263,https://cpt.tcgcsv.com/9q67,2025-07-17T11:55:31.737,1,"If this card is in the Graveyard: You can banish another ""Heraldic Beast Aberconway"" from your Graveyard to target 1 ""Heraldic Beast"" monster in your Graveyard; add that target to your hand. You can only use the effect of ""Heraldic Beast Aberconway"" once per turn.",,0.01,0.15,4.99,0.09,0.07,1st Edition,BLMM-EN114,Ultra Rare,WIND,Dragon,Effect Monster,1800,900,,
636008,Heraldic Beast Berners Falcon,Heraldic Beast Berners Falcon,https://tcgplayer-cdn.tcgplayer.com/product/636008_200w.jpg,2,24263,https://cpt.tcgcsv.com/bq67,2025-07-17T11:55:31.797,1,When this card is Summoned: You can make all face-up Level 5 or higher monsters you currently control become Level 4.,,0.01,0.15,4.99,0.07,0.07,1st Edition,BLMM-EN115,Ultra Rare,WIND,Winged Beast,Effect Monster,1000,1600,,
636009,Heraldic Beast Unicorn,Heraldic Beast Unicorn,https://tcgplayer-cdn.tcgplayer.com/product/636009_200w.jpg,2,24263,https://cpt.tcgcsv.com/cq67,2025-07-17T11:55:31.87,1,"You can banish this card from your Graveyard to target 1 Psychic-Type Xyz Monster in your Graveyard; Special Summon it. Its effects are negated. You can only use the effect of ""Heraldic Beast Unicorn"" once per turn.",,0.01,0.15,4.99,0.07,0.07,1st Edition,BLMM-EN116,Ultra Rare,LIGHT,Beast,Effect Monster,1100,1600,,
636010,"Redox, Dragon Ruler of Boulders",Redox Dragon Ruler of Boulders,https://tcgplayer-cdn.tcgplayer.com/product/636010_200w.jpg,2,24263,https://cpt.tcgcsv.com/dq67,2025-07-17T11:55:38.007,1,"If this card is in your hand or GY: You can banish a total of 2 EARTH and/or Dragon monsters from your hand and/or GY, except this card; Special Summon this card. During your opponent's End Phase, if you control this Special Summoned card: Return it to the hand. You can discard this card and 1 EARTH monster to the GY, then target 1 monster in your GY; Special Summon that target. If this card is banished: You can add 1 EARTH Dragon monster from your Deck to your hand. You can only use 1 ""Redox, Dragon Ruler of Boulders"" effect per turn, and only once that turn.",,0.01,0.2,4.99,0.13,0.13,1st Edition,BLMM-EN117,Ultra Rare,EARTH,Dragon,Effect Monster,1600,3000,,
636011,"Tidal, Dragon Ruler of Waterfalls",Tidal Dragon Ruler of Waterfalls,https://tcgplayer-cdn.tcgplayer.com/product/636011_200w.jpg,2,24263,https://cpt.tcgcsv.com/fq67,2025-07-17T11:55:38.753,1,"If this card is in your hand or GY: You can banish a total of 2 WATER and/or Dragon monsters from your hand and/or GY, except this card; Special Summon this card. During your opponent's End Phase, if this card was Special Summoned: Return it to the hand. You can discard this card and 1 WATER monster to the GY; send 1 monster from your Deck to the GY. If this card is banished: You can add 1 WATER Dragon monster from your Deck to your hand. You can only use 1 ""Tidal, Dragon Ruler of Waterfalls"" effect per turn, and only once that turn.",,0.01,0.2,4.99,0.14,0.09,1st Edition,BLMM-EN118,Ultra Rare,WATER,Dragon,Effect Monster,2600,2000,,
636012,"Blaster, Dragon Ruler of Infernos",Blaster Dragon Ruler of Infernos,https://tcgplayer-cdn.tcgplayer.com/product/636012_200w.jpg,2,24263,https://cpt.tcgcsv.com/gq67,2025-07-17T11:55:26.92,1,"If this card is in your hand or GY: You can banish a total of 2 FIRE and/or Dragon monsters from your hand and/or GY, except this card; Special Summon this card. During your opponent's End Phase, if you control this Special Summoned card: Return it to the hand. You can discard this card and 1 FIRE monster to the GY, then target 1 card on the field; destroy that target. If this card is banished: You can add 1 FIRE Dragon monster from your Deck to your hand. You can only use 1 ""Blaster, Dragon Ruler of Infernos"" effect per turn, and only once that turn.",,0.01,0.2,4.99,0.1,0.1,1st Edition,BLMM-EN119,Ultra Rare,FIRE,Dragon,Effect Monster,2800,1800,,
636013,"Tempest, Dragon Ruler of Storms",Tempest Dragon Ruler of Storms,https://tcgplayer-cdn.tcgplayer.com/product/636013_200w.jpg,2,24263,https://cpt.tcgcsv.com/hq67,2025-07-17T11:55:38.613,1,"You can discard this card and 1 WIND monster to the GY; add 1 Dragon monster from your Deck to your hand. You can banish a total of 2 WIND and/or Dragon monsters from your hand and/or GY; Special Summon this card from your hand or GY. During your opponent's End Phase, if you control this Special Summoned card: Return it to the hand. If this card is banished: You can add 1 WIND Dragon monster from your Deck to your hand. You can only use 1 ""Tempest, Dragon Ruler of Storms"" effect per turn, and only once that turn.",,0.01,0.2,4.99,0.12,0.1,1st Edition,BLMM-EN120,Ultra Rare,WIND,Dragon,Effect Monster,2400,2200,,
636014,"Reactan, Dragon Ruler of Pebbles",Reactan Dragon Ruler of Pebbles,https://tcgplayer-cdn.tcgplayer.com/product/636014_200w.jpg,2,24263,https://cpt.tcgcsv.com/jq67,2025-07-17T11:55:37.947,1,"You can discard this card and 1 Dragon or EARTH monster; Special Summon 1 ""Redox, Dragon Ruler of Boulders"" from your Deck, but it cannot attack this turn. You can only use this effect of ""Reactan, Dragon Ruler of Pebbles"" once per turn.",,0.05,0.33,4.99,0.31,0.32,1st Edition,BLMM-EN121,Secret Rare,EARTH,Dragon,Effect Monster,1800,1200,,
636015,"Stream, Dragon Ruler of Droplets",Stream Dragon Ruler of Droplets,https://tcgplayer-cdn.tcgplayer.com/product/636015_200w.jpg,2,24263,https://cpt.tcgcsv.com/kq67,2025-07-17T11:55:38.467,1,"You can discard this card and 1 Dragon or WATER monster; Special Summon 1 ""Tidal, Dragon Ruler of Waterfalls"" from your Deck, but it cannot attack this turn. You can only use this effect of ""Stream, Dragon Ruler of Droplets"" once per turn.",,0.01,0.38,4.99,0.33,0.54,1st Edition,BLMM-EN122,Secret Rare,WATER,Dragon,Effect Monster,1600,2000,,
636016,"Burner, Dragon Ruler of Sparks",Burner Dragon Ruler of Sparks,https://tcgplayer-cdn.tcgplayer.com/product/636016_200w.jpg,2,24263,https://cpt.tcgcsv.com/lq67,2025-07-17T11:55:27.11,1,"You can discard this card and 1 Dragon or FIRE monster; Special Summon 1 ""Blaster, Dragon Ruler of Infernos"" from your Deck, but it cannot attack this turn. You can only use this effect of ""Burner, Dragon Ruler of Sparks"" once per turn.",,0.03,0.3,4.99,0.29,0.25,1st Edition,BLMM-EN123,Secret Rare,FIRE,Dragon,Effect Monster,1000,200,,
636017,"Lightning, Dragon Ruler of Drafts",Lightning Dragon Ruler of Drafts,https://tcgplayer-cdn.tcgplayer.com/product/636017_200w.jpg,2,24263,https://cpt.tcgcsv.com/mq67,2025-07-17T11:55:34.123,1,"You can discard this card and 1 Dragon or WIND monster; Special Summon 1 ""Tempest, Dragon Ruler of Storms"" from your Deck, but it cannot attack this turn. You can only use this effect of ""Lightning, Dragon Ruler of Drafts"" once per turn.",,0.01,0.32,4.99,0.26,0.29,1st Edition,BLMM-EN124,Secret Rare,WIND,Dragon,Effect Monster,500,1800,,
636018,Artifact Lancea,Artifact Lancea,https://tcgplayer-cdn.tcgplayer.com/product/636018_200w.jpg,2,24263,https://cpt.tcgcsv.com/nq67,2025-07-17T11:55:26.763,1,"You can Set this card from your hand to your Spell & Trap Zone as a Spell. During your opponent's turn, if this Set card in the Spell & Trap Zone is destroyed and sent to your GY: Special Summon it. During your opponent's turn (Quick Effect): You can Tribute this card from your hand or face-up field; neither player can banish cards for the rest of this turn.",,0.25,1.0,9.99,1.33,3.94,1st Edition,BLMM-EN125,Secret Rare,LIGHT,Fairy,Effect Monster,1700,2300,,
636019,"Dinomight Knight, the True Dracofighter",Dinomight Knight the True Dracofighter,https://tcgplayer-cdn.tcgplayer.com/product/636019_200w.jpg,2,24263,https://cpt.tcgcsv.com/pq67,2025-07-17T11:55:27.607,1,"To Tribute Summon this card face-up, you can Tribute a Continuous Spell/Trap you control, instead of a monster. Once per turn, when your opponent activates a card or effect while you control this Tribute Summoned monster (Quick Effect): You can take 1 ""True Draco"" or ""True King"" Continuous Trap from your Deck, and either activate it or add it to your hand.",,0.01,0.21,4.99,0.17,0.13,1st Edition,BLMM-EN126,Secret Rare,WATER,Wyrm,Effect Monster,2500,1200,,
636020,"Master Peace, the True Dracoslaying King",Master Peace the True Dracoslaying King,https://tcgplayer-cdn.tcgplayer.com/product/636020_200w.jpg,2,24263,https://cpt.tcgcsv.com/qq67,2025-07-17T11:55:34.41,1,"To Tribute Summon this card face-up, you can Tribute Continuous Spells/Traps you control, as well as monsters. Unaffected by the effects of cards with the same card type (Monster, Spell, and/or Trap) as the original card type of the cards Tributed for its Tribute Summon. Once per turn, if you control this Tribute Summoned monster (Quick Effect): You can banish 1 Continuous Spell/Trap from your GY, then target 1 other card on the field; destroy it.",,0.14,0.43,4.99,0.42,0.35,1st Edition,BLMM-EN127,Secret Rare,LIGHT,Wyrm,Effect Monster,2950,2950,,
636021,"Ariel, Priestess of the Nekroz",Ariel Priestess of the Nekroz,https://tcgplayer-cdn.tcgplayer.com/product/636021_200w.jpg,2,24263,https://cpt.tcgcsv.com/rq67,2025-07-17T11:55:26.717,1,"Once per turn: You can reveal any number of ""Nekroz"" cards in your hand; increase or reduce this card's Level by the number of revealed cards until the end of this turn. If this card is Tributed by a card effect: You can add 1 ""Nekroz"" monster from your Deck to your hand, except a Ritual Monster. You can only use this effect of ""Ariel, Priestess of the Nekroz"" once per turn.",,0.01,0.2,4.99,0.09,0.08,1st Edition,BLMM-EN128,Ultra Rare,WATER,Psychic,Effect Monster,1000,1800,,
636022,Dogmatika Maximus,Dogmatika Maximus,https://tcgplayer-cdn.tcgplayer.com/product/636022_200w.jpg,2,24263,https://cpt.tcgcsv.com/sq67,2025-07-17T11:55:27.7,1,"You can banish 1 Fusion, Synchro, Xyz, or Link Monster from your GY; Special Summon this card from your hand. During your Main Phase: You can activate this effect; send 2 monsters with different names from your Extra Deck to the GY, also your opponent sends 2 monsters from their Extra Deck to the GY, also you cannot Special Summon from the Extra Deck for the rest of this turn. You can only use each effect of ""Dogmatika Maximus"" once per turn.",,0.05,0.25,4.99,0.2,0.17,1st Edition,BLMM-EN129,Ultra Rare,LIGHT,Spellcaster,Effect Monster,1500,3000,,
636023,Primite Dragon Ether Beryl,Primite Dragon Ether Beryl,https://tcgplayer-cdn.tcgplayer.com/product/636023_200w.jpg,2,24263,https://cpt.tcgcsv.com/tq67,2025-07-17T11:55:37.493,1,"If this card is Normal Summoned: You can Set 1 ""Primite"" Spell/Trap from your Deck. You can only use each of the following effects of ""Primite Dragon Ether Beryl"" once per turn. You can Tribute this card; send 1 Normal Monster from your Deck to the GY. During the Standby Phase, if you have a Normal Monster in your field or GY: You can add this card from the GY to your hand.",,12.0,14.38,34.99,13.93,23.97,1st Edition,BLMM-EN130,Secret Rare,EARTH,Dragon,Effect Monster,1600,0,,
636024,Nekroz of Clausolas,Nekroz of Clausolas,https://tcgplayer-cdn.tcgplayer.com/product/636024_200w.jpg,2,24263,https://cpt.tcgcsv.com/vq67,2025-07-17T11:55:35.107,1,"You can Ritual Summon this card with any ""Nekroz"" Ritual Spell. Must be Ritual Summoned. You can only use each of these effects of ""Nekroz of Clausolas"" once per turn.<br>• You can discard this card; add 1 ""Nekroz"" Spell/Trap from your Deck to your hand.<br>• (Quick Effect): You can target 1 face-up monster on the field that was Special Summoned from the Extra Deck; until the end of this turn, that target's ATK becomes 0, also that target's effects are negated.",,0.01,0.18,4.99,0.08,0.04,1st Edition,BLMM-EN131,Ultra Rare,WATER,Warrior,Ritual/Effect Monster,1200,2300,,
636025,Nekroz of Trishula,Nekroz of Trishula,https://tcgplayer-cdn.tcgplayer.com/product/636025_200w.jpg,2,24263,https://cpt.tcgcsv.com/wq67,2025-07-17T11:55:35.393,1,"You can Ritual Summon this card with any ""Nekroz"" Ritual Spell. Must be Ritual Summoned, without using any Level 9 monsters. You can only use each of these effects of ""Nekroz of Trishula"" once per turn.<br>• When a card or effect is activated that targets a ""Nekroz"" monster(s) you control (Quick Effect): You can discard this card; negate the activation.<br>• When this card is Ritual Summoned, you can: Banish exactly 3 of your opponent's cards, 1 each from their hand, field, and GY. (The card in the hand is chosen at random.)",,0.01,0.25,4.99,0.26,0.18,1st Edition,BLMM-EN132,Secret Rare,WATER,Warrior,Ritual/Effect Monster,2700,2000,,
636026,Nekroz of Trishula (Starlight Rare),Nekroz of Trishula Starlight Rare,https://tcgplayer-cdn.tcgplayer.com/product/636026_200w.jpg,2,24263,https://cpt.tcgcsv.com/xq67,2025-07-17T11:55:35.47,1,"You can Ritual Summon this card with any ""Nekroz"" Ritual Spell. Must be Ritual Summoned, without using any Level 9 monsters. You can only use each of these effects of ""Nekroz of Trishula"" once per turn.<br>• When a card or effect is activated that targets a ""Nekroz"" monster(s) you control (Quick Effect): You can discard this card; negate the activation.<br>• When this card is Ritual Summoned, you can: Banish exactly 3 of your opponent's cards, 1 each from their hand, field, and GY. (The card in the hand is chosen at random.)",,12.05,14.74,89.99,13.84,13.41,1st Edition,BLMM-EN132,Starlight Rare,WATER,Warrior,Ritual/Effect Monster,2700,2000,,
636027,Nekroz of Decisive Armor,Nekroz of Decisive Armor,https://tcgplayer-cdn.tcgplayer.com/product/636027_200w.jpg,2,24263,https://cpt.tcgcsv.com/zq67,2025-07-17T11:55:35.183,1,"You can Ritual Summon this card with any ""Nekroz"" Ritual Spell Card. Must be Ritual Summoned without using any Level 10 monsters, and cannot be Special Summoned by other ways. You can only use each of these effects of ""Nekroz of Decisive Armor"" once per turn.<br>• During either player's turn: You can discard this card, then target 1 ""Nekroz"" monster you control; it gains 1000 ATK and DEF until the end of this turn.<br>• You can target 1 Set card your opponent controls; destroy it, and if you do, banish it.",,0.01,0.19,4.99,0.07,0.06,1st Edition,BLMM-EN133,Ultra Rare,WATER,Dragon,Ritual/Effect Monster,3300,2300,,
636028,Nekroz of Sophia,Nekroz of Sophia,https://tcgplayer-cdn.tcgplayer.com/product/636028_200w.jpg,2,24263,https://cpt.tcgcsv.com/Bq67,2025-07-17T11:55:35.327,1,"You can Ritual Summon this card with any ""Nekroz"" Ritual Spell Card. Must be Ritual Summoned from your hand by using 3 monsters you control with different Types, and cannot be Special Summoned by other ways. During either player's Main Phase 1: You can discard this card and 1 ""Nekroz"" Spell Card; your opponent cannot Special Summon monsters from the Extra Deck during this phase. When this card is Ritual Summoned: You can banish all other cards on the field and in the Graveyards. You cannot Normal Summon/Set or Special Summon other monsters the turn you activate this effect.",,0.01,0.23,4.99,0.1,0.1,1st Edition,BLMM-EN134,Secret Rare,LIGHT,Spellcaster,Ritual/Effect Monster,3600,3400,,
636029,Nekroz of Areadbhair,Nekroz of Areadbhair,https://tcgplayer-cdn.tcgplayer.com/product/636029_200w.jpg,2,24263,https://cpt.tcgcsv.com/Cq67,2025-07-17T11:55:35.04,1,"You can Ritual Summon this card with any ""Nekroz"" Ritual Spell. Must be Ritual Summoned, without using any Level 10 monsters. You can only use each of these effects of ""Nekroz of Areadbhair"" once per turn.<br>• You can discard this card; Tribute up to 2 ""Nekroz"" monsters from your hand and/or field, and if you do, send that many ""Nekroz"" cards from your Deck to the GY.<br>• When a monster effect is activated (Quick Effect): You can Tribute 1 monster from your hand or field; negate the activation, and if you do, banish that card.",,0.01,0.25,4.99,0.21,0.13,1st Edition,BLMM-EN135,Secret Rare,WATER,Warrior,Ritual/Effect Monster,3300,3200,,
636030,Gem-Knight Ruby,Gem Knight Ruby,https://tcgplayer-cdn.tcgplayer.com/product/636030_200w.jpg,2,24263,https://cpt.tcgcsv.com/Dq67,2025-07-17T11:55:30.913,1,"""Gem-Knight Garnet"" + 1 ""Gem-Knight"" monster<br>Must first be Fusion Summoned with the above Fusion Material Monsters. Once per turn: You can Tribute 1 face-up ""Gem-"" monster; this card gains ATK equal to the Tributed monster's ATK on the field, until the End Phase. If this card attacks a Defense Position monster, inflict piercing Battle Damage to your opponent.",,0.01,0.2,4.99,0.13,0.08,1st Edition,BLMM-EN136,Ultra Rare,EARTH,Pyro,Fusion/Effect Monster,2500,1300,,
636031,Gem-Knight Aquamarine,Gem Knight Aquamarine,https://tcgplayer-cdn.tcgplayer.com/product/636031_200w.jpg,2,24263,https://cpt.tcgcsv.com/Fq67,2025-07-17T11:55:29.907,1,"""Gem-Knight Sapphire"" + 1 ""Gem-Knight"" monster<br>Must first be Fusion Summoned with the above Fusion Material Monsters. If this card attacks, it is changed to Defense Position at the end of the Battle Phase. When this card is sent from the field to the Graveyard: Target 1 card your opponent controls; return that target to the hand.",,0.02,0.2,4.99,0.12,0.07,1st Edition,BLMM-EN137,Ultra Rare,EARTH,Aqua,Fusion/Effect Monster,1400,2600,,
636032,Gem-Knight Topaz,Gem Knight Topaz,https://tcgplayer-cdn.tcgplayer.com/product/636032_200w.jpg,2,24263,https://cpt.tcgcsv.com/Gq67,2025-07-17T11:55:30.977,1,"""Gem-Knight Tourmaline"" + 1 ""Gem-Knight"" monster<br>Must first be Fusion Summoned with the above Fusion Material Monsters. This card can attack twice during each Battle Phase. When this card destroys a monster by battle and sends it to the Graveyard: Inflict damage to your opponent equal to the ATK of the destroyed monster in the Graveyard.",,0.01,0.2,4.99,0.12,0.05,1st Edition,BLMM-EN138,Ultra Rare,EARTH,Thunder,Fusion/Effect Monster,1800,1800,,
636033,Gem-Knight Citrine,Gem Knight Citrine,https://tcgplayer-cdn.tcgplayer.com/product/636033_200w.jpg,2,24263,https://cpt.tcgcsv.com/Hq67,2025-07-17T11:55:29.97,1,"1 ""Gem-Knight"" monster + 1 Pyro-Type monster<br>Must first be Fusion Summoned. If this card attacks or is attacked, your opponent cannot activate cards or effects until the end of the Damage Step.",,0.01,0.2,4.99,0.09,0.07,1st Edition,BLMM-EN139,Ultra Rare,EARTH,Pyro,Fusion/Effect Monster,2200,1950,,
636034,Gem-Knight Prismaura,Gem Knight Prismaura,https://tcgplayer-cdn.tcgplayer.com/product/636034_200w.jpg,2,24263,https://cpt.tcgcsv.com/Jq67,2025-07-17T11:55:30.85,1,"1 ""Gem-Knight"" monster + 1 Thunder-Type monster<br>Must first be Fusion Summoned. Once per turn: You can send 1 ""Gem-Knight"" card from your hand to the Graveyard to target 1 face-up card on the field; destroy that target.",,0.01,0.2,4.99,0.1,0.08,1st Edition,BLMM-EN140,Ultra Rare,EARTH,Thunder,Fusion/Effect Monster,2450,1400,,
636035,Gem-Knight Amethyst,Gem Knight Amethyst,https://tcgplayer-cdn.tcgplayer.com/product/636035_200w.jpg,2,24263,https://cpt.tcgcsv.com/Kq67,2025-07-17T11:55:29.847,1,"1 ""Gem-Knight"" monster + 1 Aqua-Type monster<br>Must first be Fusion Summoned. When this card is sent from the field to the Graveyard: Return all Set Spell and Trap Cards on the field to the hand.",,0.01,0.2,4.99,0.09,0.05,1st Edition,BLMM-EN141,Ultra Rare,EARTH,Aqua,Fusion/Effect Monster,1950,2450,,
636036,Gem-Knight Zirconia,Gem Knight Zirconia,https://tcgplayer-cdn.tcgplayer.com/product/636036_200w.jpg,2,24263,https://cpt.tcgcsv.com/Lq67,2025-07-17T11:55:31.04,1,"1 ""Gem-Knight"" monster + 1 Rock-Type monster",,0.01,0.18,4.99,0.1,0.06,1st Edition,BLMM-EN142,Ultra Rare,EARTH,Rock,Fusion Monster,2900,2500,,
636037,Gem-Knight Master Diamond,Gem Knight Master Diamond,https://tcgplayer-cdn.tcgplayer.com/product/636037_200w.jpg,2,24263,https://cpt.tcgcsv.com/Mq67,2025-07-17T11:55:30.523,1,"3 ""Gem-Knight"" monsters<br>Must first be Fusion Summoned. Gains 100 ATK for each ""Gem-"" monster in your GY. Once per turn: You can banish 1 Level 7 or lower ""Gem-Knight"" Fusion Monster from your GY; until the End Phase, this card's name becomes that monster's original name, also replace this effect with that monster's original effects.",,0.01,0.2,4.99,0.09,0.08,1st Edition,BLMM-EN143,Ultra Rare,EARTH,Rock,Fusion/Effect Monster,2900,2500,,
636038,Gem-Knight Lady Lapis Lazuli,Gem Knight Lady Lapis Lazuli,https://tcgplayer-cdn.tcgplayer.com/product/636038_200w.jpg,2,24263,https://cpt.tcgcsv.com/Nq67,2025-07-17T11:55:30.397,1,"""Gem-Knight Lapis"" + 1 ""Gem-Knight"" monster<br>Must first be Fusion Summoned with the above Fusion Materials. You can only Special Summon ""Gem-Knight Lady Lapis Lazuli(s)"" once per turn. Once per turn: You can send 1 ""Gem-Knight"" monster from your Main Deck or Extra Deck to the Graveyard, and if you do, inflict 500 damage to your opponent for each Special Summoned monster on the field.",,0.01,0.2,4.99,0.11,0.06,1st Edition,BLMM-EN144,Ultra Rare,EARTH,Rock,Fusion/Effect Monster,2400,1000,,
636039,Gem-Knight Lady Brilliant Diamond,Gem Knight Lady Brilliant Diamond,https://tcgplayer-cdn.tcgplayer.com/product/636039_200w.jpg,2,24263,https://cpt.tcgcsv.com/Pq67,2025-07-17T11:55:30.35,1,"3 ""Gem-Knight"" monsters<br>Must first be Fusion Summoned with the above Fusion Materials. You can only Special Summon ""Gem-Knight Lady Brilliant Diamond(s)"" once per turn. Once per turn: You can send 1 face-up ""Gem-Knight"" monster you control to the Graveyard, and if you do, Special Summon 1 ""Gem-Knight"" Fusion Monster from your Extra Deck, ignoring its Summoning conditions.",,0.01,0.2,4.99,0.15,0.08,1st Edition,BLMM-EN145,Secret Rare,EARTH,Rock,Fusion/Effect Monster,3400,2000,,
636040,Necroquip Princess (Starlight Rare),Necroquip Princess Starlight Rare,https://tcgplayer-cdn.tcgplayer.com/product/636040_200w.jpg,2,24263,https://cpt.tcgcsv.com/Qq67,2025-07-17T11:55:34.697,1,"1 monster equipped with a Monster Card + 1 Fiend Monster Card<br>Must be Special Summoned (from your Extra Deck) by sending the above cards from your hand and/or field to the GY. You can only control 1 ""Necroquip Princess"". If a monster(s) is sent from the hand to the GY to activate a card or effect: You can activate 1 of these effects;<br>• Equip 1 of those monsters to this card as an Equip Spell that gives it 500 ATK.<br>• Draw 1 card.<br>You can only use this effect of ""Necroquip Princess"" once per turn.",,59.44,64.98,129.99,61.89,65.39,1st Edition,BLMM-EN146,Starlight Rare,DARK,Fiend,Fusion/Effect Monster,2000,2000,,
636041,Necroquip Princess,Necroquip Princess,https://tcgplayer-cdn.tcgplayer.com/product/636041_200w.jpg,2,24263,https://cpt.tcgcsv.com/Rq67,2025-07-17T11:55:34.617,1,"1 monster equipped with a Monster Card + 1 Fiend Monster Card<br>Must be Special Summoned (from your Extra Deck) by sending the above cards from your hand and/or field to the GY. You can only control 1 ""Necroquip Princess"". If a monster(s) is sent from the hand to the GY to activate a card or effect: You can activate 1 of these effects;<br>• Equip 1 of those monsters to this card as an Equip Spell that gives it 500 ATK.<br>• Draw 1 card.<br>You can only use this effect of ""Necroquip Princess"" once per turn.",,0.05,0.25,4.99,0.12,0.11,1st Edition,BLMM-EN146,Ultra Rare,DARK,Fiend,Fusion/Effect Monster,2000,2000,,
636042,Magical Android,Magical Android,https://tcgplayer-cdn.tcgplayer.com/product/636042_200w.jpg,2,24263,https://cpt.tcgcsv.com/Sq67,2025-07-17T11:55:34.347,1,1 Tuner + 1 or more non-Tuner monsters<br>During each of your End Phases: Gain 600 LP for each Psychic-Type monster you currently control.,,0.25,1.12,90.0,1.16,1.11,1st Edition,BLMM-EN147,Secret Rare,LIGHT,Psychic,Synchro/Effect Monster,2400,1700,,
636043,Jurrac Giganoto,Jurrac Giganoto,https://tcgplayer-cdn.tcgplayer.com/product/636043_200w.jpg,2,24263,https://cpt.tcgcsv.com/Tq67,2025-07-17T11:55:32.81,1,"1 Tuner + 1 or more non-Tuner Dinosaur-Type monsters<br>All face-up ""Jurrac"" monsters you control gain 200 ATK for each ""Jurrac"" monster in your Graveyard.",,0.01,0.2,4.99,0.1,0.05,1st Edition,BLMM-EN148,Ultra Rare,FIRE,Dinosaur,Synchro/Effect Monster,2100,1800,,
636044,Jurrac Velphito,Jurrac Velphito,https://tcgplayer-cdn.tcgplayer.com/product/636044_200w.jpg,2,24263,https://cpt.tcgcsv.com/Vq67,2025-07-17T11:55:33.283,1,"1 Tuner + 1 or more non-Tuner Dinosaur-Type monsters<br>This card's ATK and DEF are equal to the total original ATK of the Synchro Material Monsters used for its Synchro Summon. If this card attacks a face-down Defense Position monster, you can destroy the monster immediately with this card's effect without flipping it face-up or applying damage calculation.",,0.01,0.2,4.99,0.15,0.11,1st Edition,BLMM-EN149,Ultra Rare,FIRE,Dinosaur,Synchro/Effect Monster,,,,
636045,Jurrac Meteor,Jurrac Meteor,https://tcgplayer-cdn.tcgplayer.com/product/636045_200w.jpg,2,24263,https://cpt.tcgcsv.com/Wq67,2025-07-17T11:55:33.013,1,"1 ""Jurrac"" Tuner + 2+ non-Tuner Dinosaur monsters<br>If this card is Synchro Summoned: Destroy all cards on the field, then you can Special Summon 1 Tuner from your GY.",,0.05,0.5,4.99,0.39,,1st Edition,BLMM-EN150,Secret Rare,FIRE,Dinosaur,Synchro/Effect Monster,2800,2000,,
636046,Jurrac Meteor (Starlight Rare),Jurrac Meteor Starlight Rare,https://tcgplayer-cdn.tcgplayer.com/product/636046_200w.jpg,2,24263,https://cpt.tcgcsv.com/Xq67,2025-07-17T11:55:33.077,1,"1 ""Jurrac"" Tuner + 2+ non-Tuner Dinosaur monsters<br>If this card is Synchro Summoned: Destroy all cards on the field, then you can Special Summon 1 Tuner from your GY.",,20.0,27.61,62.9,14.6,,1st Edition,BLMM-EN150,Starlight Rare,FIRE,Dinosaur,Synchro/Effect Monster,2800,2000,,
636047,Stardust Sifr Divine Dragon,Stardust Sifr Divine Dragon,https://tcgplayer-cdn.tcgplayer.com/product/636047_200w.jpg,2,24263,https://cpt.tcgcsv.com/Zq67,2025-07-17T11:55:38.373,1,"1 Tuner Synchro Monster + 2 or more non-Tuner Synchro Monsters<br>Must be Synchro Summoned and cannot be Special Summoned by other ways. The first time each card you control would be destroyed each turn, by battle or card effect, it is not destroyed. Once per turn, during either player's turn, when your opponent activates a monster effect: You can negate that effect, and if you do, destroy 1 card on the field. You can banish this card from your Graveyard, then target 1 Level 8 or lower ""Stardust"" monster in your Graveyard; Special Summon it.",,0.4,0.93,7.5,0.71,,1st Edition,BLMM-EN151,Secret Rare,LIGHT,Dragon,Synchro/Effect Monster,4000,4000,,
636048,Number 8: Heraldic King Genom-Heritage,Number 8 Heraldic King Genom Heritage,https://tcgplayer-cdn.tcgplayer.com/product/636048_200w.jpg,2,24263,https://cpt.tcgcsv.com/-q67,2025-07-17T11:55:36.063,1,"2 Level 4 ""Heraldic Beast"" monsters<br>Once per turn: You can target 1 face-up Xyz Monster your opponent controls; this card's name and original ATK become that monster's name and current ATK, and this card's effect becomes that monster's original effect, then that monster's ATK becomes 0 and its effects are negated. These changes last until the End Phase.",,0.01,0.18,4.99,0.08,0.08,1st Edition,BLMM-EN152,Ultra Rare,LIGHT,Psychic,Xyz/Effect Monster,2400,1800,,
636049,Number 69: Heraldry Crest,Number 69 Heraldry Crest,https://tcgplayer-cdn.tcgplayer.com/product/636049_200w.jpg,2,24263,https://cpt.tcgcsv.com/_q67,2025-07-17T11:55:35.977,1,"3 Level 4 monsters<br>When this card is Special Summoned: Negate the effects of all other face-up Xyz Monsters currently on the field. You can target 1 other face-up Xyz Monster on the field; until the End Phase, this card's name and original effect become the same as that monster. You can only use this effect of ""Number 69: Heraldry Crest"" once per turn.",,0.01,0.16,4.99,0.09,0.04,1st Edition,BLMM-EN153,Ultra Rare,LIGHT,Psychic,Xyz/Effect Monster,2600,1400,,
636050,King of the Feral Imps (Starlight Rare),King of the Feral Imps Starlight Rare,https://tcgplayer-cdn.tcgplayer.com/product/636050_200w.jpg,2,24263,https://cpt.tcgcsv.com/0r67,2025-07-17T11:55:33.503,1,2 Level 4 monsters<br>Once per turn: You can detach 1 material from this card; add 1 Reptile monster from your Deck to your hand.,,13.89,23.52,59.9,21.4,,1st Edition,BLMM-EN154,Starlight Rare,DARK,Reptile,Xyz/Effect Monster,2300,2000,,
636051,King of the Feral Imps,King of the Feral Imps,https://tcgplayer-cdn.tcgplayer.com/product/636051_200w.jpg,2,24263,https://cpt.tcgcsv.com/2r67,2025-07-17T11:55:33.423,1,2 Level 4 monsters<br>Once per turn: You can detach 1 material from this card; add 1 Reptile monster from your Deck to your hand.,,0.01,0.2,4.99,0.13,0.08,1st Edition,BLMM-EN154,Ultra Rare,DARK,Reptile,Xyz/Effect Monster,2300,2000,,
636052,"Blaze, Supreme Ruler of all Dragons",Blaze Supreme Ruler of all Dragons,https://tcgplayer-cdn.tcgplayer.com/product/636052_200w.jpg,2,24263,https://cpt.tcgcsv.com/3r67,2025-07-17T11:55:26.967,1,"2 Level 7 monsters<br>Once per turn: You can detach 1 material from this card; destroy 2 cards (1 from your hand or field, and 1 your opponent controls). You can banish a total of 2 FIRE and/or Dragon monsters from your hand and/or GY; Special Summon this card from your GY, but return it to the Extra Deck when it leaves the field. You can only use this effect of ""Blaze, Supreme Ruler of all Dragons"" once per turn.",,0.1,0.4,4.99,0.34,0.29,1st Edition,BLMM-EN155,Ultra Rare,FIRE,Dragon,Xyz/Effect Monster,2800,1800,,
636053,Gem-Knight Phantom Quartz,Gem Knight Phantom Quartz,https://tcgplayer-cdn.tcgplayer.com/product/636053_200w.jpg,2,24263,https://cpt.tcgcsv.com/5r67,2025-07-17T11:55:30.79,1,"2 ""Gem-"" monsters<br>If this card is Link Summoned: You can add 1 ""Gem-Knight"" card from your Deck to your hand. You can pay 1000 LP; Fusion Summon 1 ""Gem-Knight"" Fusion Monster from your Extra Deck, by shuffling Fusion Materials in your possession listed on it into your Deck, that are banished or in the GY, but it cannot attack directly this turn. You can only use each effect of ""Gem-Knight Phantom Quartz"" once per turn.",,0.02,0.2,4.99,0.1,0.09,1st Edition,BLMM-EN156,Ultra Rare,EARTH,Rock,Link/Effect Monster,1450,,2,Bottom-Left;Bottom-Right
636054,Summon Sorceress,Summon Sorceress,https://tcgplayer-cdn.tcgplayer.com/product/636054_200w.jpg,2,24263,https://cpt.tcgcsv.com/6r67,2025-07-17T11:55:38.543,1,"2+ monsters with the same Type, except Tokens<br>If this card is Link Summoned: You can Special Summon 1 monster from your hand in Defense Position, to your opponent's zone this card points to. You can target 1 face-up monster this card points to; Special Summon 1 monster from your Deck in Defense Position, with the same Type as that monster, to a zone this card points to, but negate its effects. You can only use this effect of ""Summon Sorceress"" once per turn.",,0.12,0.44,5.99,0.39,,1st Edition,BLMM-EN157,Secret Rare,DARK,Spellcaster,Link/Effect Monster,2400,,3,Bottom-Left;Top;Bottom-Right
636055,Unchained Soul of Anguish,Unchained Soul of Anguish,https://tcgplayer-cdn.tcgplayer.com/product/636055_200w.jpg,2,24263,https://cpt.tcgcsv.com/7r67,2025-07-17T11:55:39.497,1,"2+ monsters including an ""Unchained Soul"" monster<br>You can target 1 face-up monster your opponent controls; immediately after this effect resolves, Link Summon 1 DARK Link Monster, except ""Unchained Soul of Anguish"", by using only that opponent's monster and this card you control as material. If this card on the field is destroyed by battle or card effect: You can target 1 Fiend monster in your GY, except ""Unchained Soul of Anguish""; add it to your hand. You can only use each effect of ""Unchained Soul of Anguish"" once per turn.",,0.01,0.2,4.99,0.09,0.06,1st Edition,BLMM-EN158,Ultra Rare,DARK,Fiend,Link/Effect Monster,2400,,3,Bottom-Left;Bottom-Right;Top
636056,Lib the World Key Blademaster,Lib the World Key Blademaster,https://tcgplayer-cdn.tcgplayer.com/product/636056_200w.jpg,2,24263,https://cpt.tcgcsv.com/8r67,2025-07-17T11:55:34.04,1,"2 monsters<br>Can only be Link Summoned while you have a ""World Legacy"" card in your GY. You can only use each of the following effects of ""Lib the World Key Blademaster"" once per turn.<br>• During your Main Phase: You can Set 1 ""World Legacy"" Spell/Trap directly from your Deck, but it cannot be activated this turn while you have no ""World Legacy"" monster in your GY.<br>• If this Link Summoned card is sent to the GY as Link Material: You can shuffle 1 card on the field into the Deck.",,0.01,0.25,4.99,0.14,0.13,1st Edition,BLMM-EN159,Secret Rare,LIGHT,Cyberse,Link/Effect Monster,2000,,2,Left;Bottom-Left
636057,Gem-Knight Fusion,Gem Knight Fusion,https://tcgplayer-cdn.tcgplayer.com/product/636057_200w.jpg,2,24263,https://cpt.tcgcsv.com/9r67,2025-07-17T11:55:30.147,1,"Fusion Summon 1 ""Gem-Knight"" Fusion Monster from your Extra Deck, using monsters from your hand or your side of the field as Fusion Materials. If this card is in your Graveyard: You can banish 1 ""Gem-Knight"" monster from your Graveyard; add this card to your hand.",,0.01,0.25,9.99,0.15,0.14,1st Edition,BLMM-EN160,Secret Rare,SPELL,,Normal Spell,,,,
636058,Gem-Knight Fusion (Starlight Rare),Gem Knight Fusion Starlight Rare,https://tcgplayer-cdn.tcgplayer.com/product/636058_200w.jpg,2,24263,https://cpt.tcgcsv.com/br67,2025-07-17T11:55:30.24,1,"Fusion Summon 1 ""Gem-Knight"" Fusion Monster from your Extra Deck, using monsters from your hand or your side of the field as Fusion Materials. If this card is in your Graveyard: You can banish 1 ""Gem-Knight"" monster from your Graveyard; add this card to your hand.",,10.02,12.38,34.99,11.61,,1st Edition,BLMM-EN160,Starlight Rare,SPELL,,Normal Spell,,,,
636059,Advanced Heraldry Art,Advanced Heraldry Art,https://tcgplayer-cdn.tcgplayer.com/product/636059_200w.jpg,2,24263,https://cpt.tcgcsv.com/cr67,2025-07-17T11:55:26.57,1,"Target 2 ""Heraldic Beast"" monsters in your Graveyard; Special Summon both those targets. Immediately after this card resolves, Xyz Summon 1 Xyz Monster using those 2 monsters only.",,0.01,0.15,4.99,0.09,0.07,1st Edition,BLMM-EN161,Ultra Rare,SPELL,,Normal Spell,,,,
636060,Heraldry Reborn,Heraldry Reborn,https://tcgplayer-cdn.tcgplayer.com/product/636060_200w.jpg,2,24263,https://cpt.tcgcsv.com/dr67,2025-07-17T11:55:31.933,1,"Target 1 ""Heraldic Beast"" monster in your Graveyard; Special Summon it.",,0.01,0.15,4.99,0.1,0.05,1st Edition,BLMM-EN162,Ultra Rare,SPELL,,Normal Spell,,,,
636061,Onomatopia,Onomatopia,https://tcgplayer-cdn.tcgplayer.com/product/636061_200w.jpg,2,24263,https://cpt.tcgcsv.com/fr67,2025-07-17T11:55:36.497,1,"Each time a ""Utopia"" monster(s) is Special Summoned to your side of the field, place 1 Hi-Five the Sky Counter on this card. All monsters you control gain 200 ATK and DEF for each Hi-Five the Sky Counter on this card. Once per turn: You can remove 2 Hi-Five the Sky Counters from this card; Special Summon 1 ""Zubaba"", ""Gagaga"", ""Gogogo"", or ""Dododo"" monster from your Deck.",,0.01,0.15,4.99,0.1,0.04,1st Edition,BLMM-EN163,Ultra Rare,SPELL,,Field Spell,,,,
636062,Absorb Fusion,Absorb Fusion,https://tcgplayer-cdn.tcgplayer.com/product/636062_200w.jpg,2,24263,https://cpt.tcgcsv.com/gr67,2025-07-17T11:55:26.523,1,"Add 1 ""Gem-Knight"" card from your Deck to your hand, then you can apply this effect.<br>• Fusion Summon 1 ""Gem-Knight"" Fusion Monster from your Extra Deck, by banishing Fusion Materials listed on it from your hand or your side of the field.<br>You can only activate 1 ""Absorb Fusion"" per turn. You cannot Special Summon monsters the turn you activate this card, except ""Gem-Knight"" monsters.",,0.01,0.2,4.99,0.11,0.09,1st Edition,BLMM-EN164,Secret Rare,SPELL,,Normal Spell,,,,
636063,Nekroz Mirror,Nekroz Mirror,https://tcgplayer-cdn.tcgplayer.com/product/636063_200w.jpg,2,24263,https://cpt.tcgcsv.com/hr67,2025-07-17T11:55:34.96,1,"This card can be used to Ritual Summon any ""Nekroz"" Ritual Monster. Tribute monsters from your hand or field, and/or banish ""Nekroz"" monsters from your GY, then Ritual Summon 1 ""Nekroz"" Ritual Monster from your hand whose Level exactly equals the total Levels of those monsters. You can only use this effect of ""Nekroz Mirror"" once per turn. If you control no monsters: You can banish this card and 1 ""Nekroz"" monster from your GY; add 1 ""Nekroz"" Spell from your Deck to your hand.",,0.01,0.15,4.99,0.08,0.04,1st Edition,BLMM-EN165,Ultra Rare,SPELL,,Ritual Spell,,,,
636064,Nekroz Kaleidoscope,Nekroz Kaleidoscope,https://tcgplayer-cdn.tcgplayer.com/product/636064_200w.jpg,2,24263,https://cpt.tcgcsv.com/jr67,2025-07-17T11:55:34.9,1,"This card can be used to Ritual Summon any number of ""Nekroz"" Ritual Monsters. Tribute 1 monster from your hand or field, or send 1 monster from your Extra Deck to the GY, also after that, Ritual Summon any number of ""Nekroz"" monsters whose total Levels exactly equal the Level of that monster. You can only use this effect of ""Nekroz Kaleidoscope"" once per turn. If you control no monsters: You can banish this card and 1 ""Nekroz"" monster from your GY; add 1 ""Nekroz"" Spell from your Deck to your hand.",,0.01,0.15,4.99,0.06,0.04,1st Edition,BLMM-EN166,Ultra Rare,SPELL,,Ritual Spell,,,,
636065,Nekroz Cycle,Nekroz Cycle,https://tcgplayer-cdn.tcgplayer.com/product/636065_200w.jpg,2,24263,https://cpt.tcgcsv.com/kr67,2025-07-17T11:55:34.757,1,"This card can be used to Ritual Summon any ""Nekroz"" Ritual Monster. Tribute monsters from your hand or field, then Ritual Summon 1 ""Nekroz"" Ritual Monster from your hand or GY whose Level exactly equals the total Levels of those monsters. You can only use this effect of ""Nekroz Cycle"" once per turn. If you control no monsters: You can banish this card and 1 ""Nekroz"" monster from your GY; add 1 ""Nekroz"" Spell from your Deck to your hand.",,0.01,0.16,4.99,0.06,0.03,1st Edition,BLMM-EN167,Ultra Rare,SPELL,,Ritual Spell,,,,
636066,True Draco Heritage,True Draco Heritage,https://tcgplayer-cdn.tcgplayer.com/product/636066_200w.jpg,2,24263,https://cpt.tcgcsv.com/lr67,2025-07-17T11:55:38.993,1,"During your Main Phase: You can draw cards equal to the number of ""True Draco"" and ""True King"" card types (Monster, Spell, and Trap) sent from the field to the GY this turn. During your Main Phase, you can: Immediately after this effect resolves, Tribute Summon 1 ""True Draco"" or ""True King"" monster face-up. If this card is sent from the Spell & Trap Zone to the GY: You can target 1 Spell/Trap on the field; destroy it. You can only use each effect of ""True Draco Heritage"" once per turn.",,0.01,0.25,4.99,0.19,0.27,1st Edition,BLMM-EN168,Secret Rare,SPELL,,Continuous Spell,,,,
636067,Disciples of the True Dracophoenix,Disciples of the True Dracophoenix,https://tcgplayer-cdn.tcgplayer.com/product/636067_200w.jpg,2,24263,https://cpt.tcgcsv.com/mr67,2025-07-17T11:55:27.653,1,"You can target 3 ""True Draco"" and/or ""True King"" cards in your GY; shuffle them into the Deck, then draw 1 card. During your Main Phase, you can: Immediately after this effect resolves, Tribute Summon 1 ""True Draco"" or ""True King"" monster face-up. If this card is sent from the Spell & Trap Zone to the GY: You can target 1 Spell/Trap on the field; destroy it. You can only use each effect of ""Disciples of the True Dracophoenix"" once per turn.",,0.01,0.21,4.99,0.2,0.14,1st Edition,BLMM-EN169,Ultra Rare,SPELL,,Continuous Spell,,,,
636068,Triple Tactics Talent,Triple Tactics Talent,https://tcgplayer-cdn.tcgplayer.com/product/636068_200w.jpg,2,24263,https://cpt.tcgcsv.com/nr67,2025-07-17T11:55:38.83,1,"If your opponent has activated a monster effect during your Main Phase this turn: Activate 1 of these effects;<br>• Draw 2 cards.<br>• Take control of 1 monster your opponent controls until the End Phase.<br>• Look at your opponent's hand, and choose 1 card from it to shuffle into the Deck.<br>You can only activate 1 ""Triple Tactics Talent"" per turn.",,1.75,2.74,10.99,2.81,3.89,1st Edition,BLMM-EN170,Ultra Rare,SPELL,,Normal Spell,,,,
636069,Forbidden Droplet,Forbidden Droplet,https://tcgplayer-cdn.tcgplayer.com/product/636069_200w.jpg,2,24263,https://cpt.tcgcsv.com/pr67,2025-07-17T11:55:29.09,1,"Send any number of other cards from your hand and/or field to the GY; choose that many Effect Monsters your opponent controls, and until the end of this turn, their ATK is halved, also their effects are negated. In response to this card's activation, your opponent cannot activate cards, or the effects of cards, with the same original type (Monster/Spell/Trap) as the cards sent to the GY to activate this card. You can only activate 1 ""Forbidden Droplet"" per turn.",,3.39,6.28,19.99,6.32,19.9,1st Edition,BLMM-EN171,Ultra Rare,SPELL,,Quick-Play Spell,,,,
636070,Primite Lordly Lode,Primite Lordly Lode,https://tcgplayer-cdn.tcgplayer.com/product/636070_200w.jpg,2,24263,https://cpt.tcgcsv.com/qr67,2025-07-17T11:55:37.65,1,"When this card is activated: Add 1 ""Primite"" card from your Deck to your hand, except ""Primite Lordly Lode"". You can declare 1 Normal Monster Card name; Special Summon 1 declared Normal Monster from your hand, Deck, or GY in Defense Position, also you cannot activate the effects of Special Summoned monsters on the field this turn. You can only use each effect of ""Primite Lordly Lode"" once per turn. Normal Monsters and ""Primite"" monsters you control gain 300 ATK for each Normal Monster with different names in your GY.",,10.72,17.33,118.63,12.09,16.16,1st Edition,BLMM-EN172,Secret Rare,SPELL,,Continuous Spell,,,,
636071,Primite Drillbeam,Primite Drillbeam,https://tcgplayer-cdn.tcgplayer.com/product/636071_200w.jpg,2,24263,https://cpt.tcgcsv.com/rr67,2025-07-17T11:55:37.58,1,"Reveal 1 ""Primite"" card, or 1 Normal Monster, in your hand, except ""Primite Drillbeam"" (or if you control a Normal Monster or a Level 5 or higher ""Primite"" monster, except a Token, you can activate this effect without revealing a card), then target 1 face-up card on the field; negate its effects, and if you do, banish it. During your Main Phase, if you control a ""Primite"" monster: You can Set this card from your GY. You can only use each effect of ""Primite Drillbeam"" once per turn.",,0.25,0.99,7.75,0.7,1.28,1st Edition,BLMM-EN173,Secret Rare,SPELL,,Quick-Play Spell,,,,
636072,Call of the Earthbound,Call of the Earthbound,https://tcgplayer-cdn.tcgplayer.com/product/636072_200w.jpg,2,24263,https://cpt.tcgcsv.com/sr67,2025-07-17T11:55:27.157,1,When an opponent's monster declares an attack: You choose the target of the attack.,,0.01,0.15,4.99,0.08,0.04,1st Edition,BLMM-EN174,Ultra Rare,TRAP,,Normal Trap,,,,
636073,Jurrac Impact,Jurrac Impact,https://tcgplayer-cdn.tcgplayer.com/product/636073_200w.jpg,2,24263,https://cpt.tcgcsv.com/tr67,2025-07-17T11:55:32.87,1,If you control a Dinosaur-Type monster with 2500 or more ATK: Destroy all cards on the field.,,0.01,0.2,4.99,0.2,0.06,1st Edition,BLMM-EN175,Ultra Rare,TRAP,,Normal Trap,,,,
636074,True King's Return,True Kings Return,https://tcgplayer-cdn.tcgplayer.com/product/636074_200w.jpg,2,24263,https://cpt.tcgcsv.com/vr67,2025-09-15T18:23:26.053,1,"If this card is sent from the Spell & Trap Zone to the GY: You can target 1 monster on the field; destroy it. You cannot activate the following effects of ""True King's Return"" in the same Chain.<br>• You can target 1 ""True Draco"" or ""True King"" monster in your GY; Special Summon it in Defense Position, also for the rest of this turn, you cannot Special Summon.<br>• During your opponent's Main Phase, you can: Immediately after this effect resolves, Tribute Summon 1 ""True Draco"" or ""True King"" monster face-up.<br>You can only use each effect of ""True King's Return"" once per turn.",,0.05,0.25,4.99,0.13,0.15,1st Edition,BLMM-EN176,Secret Rare,TRAP,,Continuous Trap,,,,
636075,True Draco Apocalypse,True Draco Apocalypse,https://tcgplayer-cdn.tcgplayer.com/product/636075_200w.jpg,2,24263,https://cpt.tcgcsv.com/wr67,2025-07-17T11:55:38.91,1,"If this card is sent from the Spell & Trap Zone to the GY: You can target 1 monster on the field; destroy it. You cannot activate the following effects of ""True Draco Apocalypse"" in the same Chain.<br>• You can target 1 other ""True Draco"" or ""True King"" card you control; destroy it, and if you do, the ATK/DEF of all face-up monsters your opponent controls become half their current ATK/DEF (even if this card leaves the field).<br>• During your opponent's Main Phase, you can: Immediately after this effect resolves, Tribute Summon 1 ""True Draco"" or ""True King"" monster face-up.<br>You can only use each effect of ""True Draco Apocalypse"" once per turn.",,0.01,0.25,4.99,0.22,0.29,1st Edition,BLMM-EN177,Secret Rare,TRAP,,Continuous Trap,,,,
637995,Battles of Legend: Monster Mayhem Tuck Box (Retail Exclusive),Battles of Legend Monster Mayhem Tuck Box Retail Exclusive,https://tcgplayer-cdn.tcgplayer.com/product/637995_200w.jpg,2,24263,https://cpt.tcgcsv.com/Wc77,2025-06-16T19:06:22.06,1,"This year’s Battles of Legend set, Battles of Legend: Monster Mayhem, comes with three new surprises!
<br>Surprise #1: It’s Time to Chibi!
<br>Get your hands on 10 cute-as-a-button “chibi” variant arts of popular monsters. We’ve used the chibi art style on accessories before, but this is the first time it’s been used on actual cards. And just to be clear, these aren’t tokens, they’re fully-playable cards with game text!
<br>(Expect more chibi variant art cards in the future!)
<br>Surprise #2: Bling Out with Style!
<br>Also new in this set – emblazoned Ultra Rares! Each pack of Battles of Legend: Monster Mayhem comes with a Dragonmaid, P.U.N.K., or Orcust-themed Ultra Rare card with a custom emblem for that theme, emblazoned right on the card’s text box.
<br>Here’s your chance to bling out these Decks with unprecedented style! There are 51 emblazoned cards total, including 6 brand-new cards (2 for each theme).
<br>Surprise #3: Starlights Return!
<br>Okay, some people saw this one coming! But the surprise isn’t that Starlight Rares are back – which they are – but that they’re a lot easier to get! Last seen in 2023 as extremely hard to find cards, Starlight Rares will be in Battles of Legend: Monster Mayhem at about the same rate that you could find Quarter Century Secret Rares the last couple years.
<br>Not a Surprise: Lots of New Cards!
One thing you can always expect from a Battles of Legend set is new cards for your Decks, and always all foil. Battles of Legend: Monster Mayhem has new cards for Nekroz, Gem-Knight, Jurrac, Fabled, D/D, and Magistus Decks, plus a lot more.
<br>Also not a surprise, this massive 177-card set has plenty of old – and new! – favorites you might still be looking for (Primite Lordly Lode, anyone?), or wanting to grab as a foil upgrade (King of the Feral Imps has been most displeased by his apparent lack of sparkle).
<br>Each 5-card pack of Battles of Legend: Monster Mayhem contains:
<br>1 Secret Rare
<br>1 emblazoned Ultra Rare (always a Dragonmaid, P.U.N.K., or Orcust-themed card)
<br>Product contains:
<br>4 Packs
<br>1 Field Center Token",083717868316,15.0,35.49,40.5,20.41,,Normal,,,,,,,,,
