productId,name,cleanName,imageUrl,categoryId,groupId,url,modifiedOn,imageCount,extDescription,extUPC,lowPrice,midPrice,highPrice,marketPrice,directLowPrice,subTypeName,extNumber,extRarity,extAttribute,extCardType,extMonsterType,extAttack,extDefense,extLinkRating,extLinkArrows
169438,Cybernetic Horizon Booster Box,Cybernetic Horizon Booster Box,https://tcgplayer-cdn.tcgplayer.com/product/169438_200w.jpg,2,2267,https://cpt.tcgcsv.com/NNm2,2018-06-25T19:37:44.277,1,"Past and present collide in Cybernetic Horizon, the first 100-card booster set of the 2018-2019 Dueling season! This set modernizes popular themes from the Yu-Gi-Oh! GX, 5D’s, and ZEXAL eras, provides brand-new Link Monsters, and new cards to bolster strategies introduced in Code of the Duelist, Circuit Break, Extreme Force, Flames of Destruction, Dark Saviors, and more!
<br><br>
Here’s just some of what you have to look forward to! 
<br>• Upgrade your Cyber Dragon Deck for the new era of Dueling! Cyber Dragon returned in last year’s Legendary Dragon Decks, and Cybernetic Horizon includes brand-new cards for Cyber Dragon Decks, including a Link Monster that grafts its 2100 ATK on to other Machines! 
<br>• Famous Ritual Monsters return! Demise, King of Armageddon was once the king of competition. Now, new forms of Demise as well as Ruin, Queen of Oblivion tell the tale of these memorable monsters. You’ll also find Cyberse Ritual Monsters, and new cards to help assemble the required components of a Ritual Summon without spending your all-important Normal Summon for the turn! 
<br>• A speck of dust on a camera lens, or a monster hiding in plain sight? Monsters have allegedly walked, swam, and flown among us since the beginning of recorded history, but no one has been able to produce solid evidence of their existence - until now! These monsters lurk in your hand and force your opponent to try and discover them. If they fail, the monster is Summoned to your field and you draw a card!
<br><br>
You can also find new cards for strategies like Mekk-Knight, Neo-Spacian, Dragunity, Noble Knight, and more!
<br><br>
The Cybernetic Horizon booster set contains 100 cards: 
<br>• 48 Commons 
<br>• 20 Rares 
<br>• 14 Super Rares 
<br>• 10 Ultra Rares 
<br>• 8 Secret Rares
<br><br>
24 packs per booster box and 9 cards per pack",083717838537,58.88,61.36,109.79,59.0,,Normal,,,,,,,,,
169440,Cybernetic Horizon Booster Pack,Cybernetic Horizon Booster Pack,https://tcgplayer-cdn.tcgplayer.com/product/169440_200w.jpg,2,2267,https://cpt.tcgcsv.com/QNm2,2018-06-25T19:37:31.087,1,"Past and present collide in Cybernetic Horizon, the first 100-card booster set of the 2018-2019 Dueling season! This set modernizes popular themes from the Yu-Gi-Oh! GX, 5D’s, and ZEXAL eras, provides brand-new Link Monsters, and new cards to bolster strategies introduced in Code of the Duelist, Circuit Break, Extreme Force, Flames of Destruction, Dark Saviors, and more!
<br><br>
Here’s just some of what you have to look forward to! 
<br>• Upgrade your Cyber Dragon Deck for the new era of Dueling! Cyber Dragon returned in last year’s Legendary Dragon Decks, and Cybernetic Horizon includes brand-new cards for Cyber Dragon Decks, including a Link Monster that grafts its 2100 ATK on to other Machines! 
<br>• Famous Ritual Monsters return! Demise, King of Armageddon was once the king of competition. Now, new forms of Demise as well as Ruin, Queen of Oblivion tell the tale of these memorable monsters. You’ll also find Cyberse Ritual Monsters, and new cards to help assemble the required components of a Ritual Summon without spending your all-important Normal Summon for the turn! 
<br>• A speck of dust on a camera lens, or a monster hiding in plain sight? Monsters have allegedly walked, swam, and flown among us since the beginning of recorded history, but no one has been able to produce solid evidence of their existence - until now! These monsters lurk in your hand and force your opponent to try and discover them. If they fail, the monster is Summoned to your field and you draw a card!
<br><br>
You can also find new cards for strategies like Mekk-Knight, Neo-Spacian, Dragunity, Noble Knight, and more!
<br><br>
The Cybernetic Horizon booster set contains 100 cards: 
<br>• 48 Commons 
<br>• 20 Rares 
<br>• 14 Super Rares 
<br>• 10 Ultra Rares 
<br>• 8 Secret Rares
<br><br>
9 cards per pack",,3.0,3.04,6.25,3.04,,Normal,,,,,,,,,
170575,Contact Gate,Contact Gate,https://tcgplayer-cdn.tcgplayer.com/product/170575_200w.jpg,2,2267,https://cpt.tcgcsv.com/wfn2,2024-07-26T17:14:27.45,1,"Banish 2 ""Neo-Spacian"" monsters with different names from your GY; Special Summon 2 ""Neo-Spacian"" monsters with different names from your hand, Deck, and/or GY, also, for the rest of this turn you cannot Special Summon monsters from the Extra Deck, except Fusion Monsters. If a face-up Fusion Monster that lists ""Elemental HERO Neos"" as material returns from your field to the Extra Deck: You can banish this card from your GY; Special Summon 1 of your banished ""Neo-Spacian"" monsters. You can only activate 1 ""Contact Gate"" per turn.",,0.05,0.22,1.49,0.15,,1st Edition,CYHO-EN000,Common,SPELL,Normal Spell,,,,,
170575,Contact Gate,Contact Gate,https://tcgplayer-cdn.tcgplayer.com/product/170575_200w.jpg,2,2267,https://cpt.tcgcsv.com/wfn2,2024-07-26T17:14:27.45,1,"Banish 2 ""Neo-Spacian"" monsters with different names from your GY; Special Summon 2 ""Neo-Spacian"" monsters with different names from your hand, Deck, and/or GY, also, for the rest of this turn you cannot Special Summon monsters from the Extra Deck, except Fusion Monsters. If a face-up Fusion Monster that lists ""Elemental HERO Neos"" as material returns from your field to the Extra Deck: You can banish this card from your GY; Special Summon 1 of your banished ""Neo-Spacian"" monsters. You can only activate 1 ""Contact Gate"" per turn.",,0.04,0.2,1.49,0.12,0.1,Unlimited,CYHO-EN000,Common,SPELL,Normal Spell,,,,,
170576,Contact Gate (CYHO-ENSP1),Contact Gate CYHO ENSP1,https://tcgplayer-cdn.tcgplayer.com/product/170576_200w.jpg,2,2267,https://cpt.tcgcsv.com/xfn2,2022-08-30T20:28:19.837,1,"Banish 2 ""Neo-Spacian"" monsters with different names from your GY; Special Summon 2 ""Neo-Spacian"" monsters with different names from your hand, Deck, and/or GY, also, for the rest of this turn you cannot Special Summon monsters from the Extra Deck, except Fusion Monsters. If a face-up Fusion Monster that lists ""Elemental HERO Neos"" as material returns from your field to the Extra Deck: You can banish this card from your GY; Special Summon 1 of your banished ""Neo-Spacian"" monsters. You can only activate 1 ""Contact Gate"" per turn.",,0.15,0.36,1.99,0.3,,Limited,CYHO-ENSP1,Ultra Rare,SPELL,Normal Spell,,,,,
170577,SIMM Tablir,SIMM Tablir,https://tcgplayer-cdn.tcgplayer.com/product/170577_200w.jpg,2,2267,https://cpt.tcgcsv.com/zfn2,2018-09-14T19:19:05.463,1,"You can reveal this card in your hand, then target 1 Level 4 Cyberse monster in your GY; Special Summon this card from your hand to your zone a linked Link Monster you control points to, and if you do, return the targeted monster to the hand. You can only use this effect of ""SIMM Tablir"" once per turn.",,0.01,0.25,2.5,0.19,0.11,1st Edition,CYHO-EN001,Rare,DARK,Effect Monster,Cyberse,0,1800,,
170577,SIMM Tablir,SIMM Tablir,https://tcgplayer-cdn.tcgplayer.com/product/170577_200w.jpg,2,2267,https://cpt.tcgcsv.com/zfn2,2018-09-14T19:19:05.463,1,"You can reveal this card in your hand, then target 1 Level 4 Cyberse monster in your GY; Special Summon this card from your hand to your zone a linked Link Monster you control points to, and if you do, return the targeted monster to the hand. You can only use this effect of ""SIMM Tablir"" once per turn.",,0.07,0.25,1.39,0.1,0.11,Unlimited,CYHO-EN001,Rare,DARK,Effect Monster,Cyberse,0,1800,,
170578,Cluster Congester,Cluster Congester,https://tcgplayer-cdn.tcgplayer.com/product/170578_200w.jpg,2,2267,https://cpt.tcgcsv.com/Bfn2,2018-09-14T19:19:17.183,1,"If this card is Normal or Special Summoned and you control no Link Monsters: You can Special Summon 1 ""Congester Token"" (Cyberse/DARK/Level 1/ATK 0/DEF 0). You can only use this effect of ""Cluster Congester"" once per turn. Once per Battle Step, if a Link Monster you control is attacked (Quick Effect): You can banish this card from your GY and that Link Monster; Special Summon ""Congester Tokens"" up to the number of Link Monsters your opponent controls.",,0.01,0.19,1.49,0.11,,Unlimited,CYHO-EN002,Common,LIGHT,Effect Monster,Cyberse,1000,2200,,
170578,Cluster Congester,Cluster Congester,https://tcgplayer-cdn.tcgplayer.com/product/170578_200w.jpg,2,2267,https://cpt.tcgcsv.com/Bfn2,2018-09-14T19:19:17.183,1,"If this card is Normal or Special Summoned and you control no Link Monsters: You can Special Summon 1 ""Congester Token"" (Cyberse/DARK/Level 1/ATK 0/DEF 0). You can only use this effect of ""Cluster Congester"" once per turn. Once per Battle Step, if a Link Monster you control is attacked (Quick Effect): You can banish this card from your GY and that Link Monster; Special Summon ""Congester Tokens"" up to the number of Link Monsters your opponent controls.",,0.03,0.19,1.34,0.07,,1st Edition,CYHO-EN002,Common,LIGHT,Effect Monster,Cyberse,1000,2200,,
170579,Gouki Moonsault,Gouki Moonsault,https://tcgplayer-cdn.tcgplayer.com/product/170579_200w.jpg,2,2267,https://cpt.tcgcsv.com/Cfn2,2024-07-26T17:14:27.56,1,"You can reveal this card in your hand, then target 1 ""Gouki"" monster you control, except ""Gouki Moonsault""; Special Summon this card from your hand, and if you do, return that monster to the hand. You can target 1 ""Gouki"" Link Monster in your GY; return it to the Extra Deck, then you can add 1 ""Gouki"" monster from your GY to your hand. You can only use each effect of ""Gouki Moonsault"" once per turn.",,0.04,0.21,1.49,0.21,,1st Edition,CYHO-EN003,Common,EARTH,Effect Monster,Warrior,1900,0,,
170579,Gouki Moonsault,Gouki Moonsault,https://tcgplayer-cdn.tcgplayer.com/product/170579_200w.jpg,2,2267,https://cpt.tcgcsv.com/Cfn2,2024-07-26T17:14:27.56,1,"You can reveal this card in your hand, then target 1 ""Gouki"" monster you control, except ""Gouki Moonsault""; Special Summon this card from your hand, and if you do, return that monster to the hand. You can target 1 ""Gouki"" Link Monster in your GY; return it to the Extra Deck, then you can add 1 ""Gouki"" monster from your GY to your hand. You can only use each effect of ""Gouki Moonsault"" once per turn.",,0.01,0.15,1.49,0.15,,Unlimited,CYHO-EN003,Common,EARTH,Effect Monster,Warrior,1900,0,,
170580,Gouki Tagpartner,Gouki Tagpartner,https://tcgplayer-cdn.tcgplayer.com/product/170580_200w.jpg,2,2267,https://cpt.tcgcsv.com/Dfn2,2024-07-26T17:14:27.657,1,"If this card is sent to the GY as Link Material for the Link Summon of a ""Gouki"" monster: You can have that ""Gouki"" Link Monster gain 1000 ATK until the end of this turn. During your Main Phase, except the turn this card was sent to the GY: You can banish this card from your GY, then target 1 ""Gouki"" Spell in your GY; shuffle it into the Deck.",,0.03,0.2,1.49,0.14,,Unlimited,CYHO-EN004,Common,EARTH,Effect Monster,Warrior,1700,0,,
170580,Gouki Tagpartner,Gouki Tagpartner,https://tcgplayer-cdn.tcgplayer.com/product/170580_200w.jpg,2,2267,https://cpt.tcgcsv.com/Dfn2,2024-07-26T17:14:27.657,1,"If this card is sent to the GY as Link Material for the Link Summon of a ""Gouki"" monster: You can have that ""Gouki"" Link Monster gain 1000 ATK until the end of this turn. During your Main Phase, except the turn this card was sent to the GY: You can banish this card from your GY, then target 1 ""Gouki"" Spell in your GY; shuffle it into the Deck.",,0.05,0.2,1.49,0.14,0.06,1st Edition,CYHO-EN004,Common,EARTH,Effect Monster,Warrior,1700,0,,
170581,Gouki Ringtrainer,Gouki Ringtrainer,https://tcgplayer-cdn.tcgplayer.com/product/170581_200w.jpg,2,2267,https://cpt.tcgcsv.com/Ffn2,2024-07-26T17:14:27.717,1,"If you control no monsters: You can reveal this card in your hand, then target 1 ""Gouki"" Link Monster in your GY; Special Summon this card from your hand, then Special Summon the target, but it loses 500 ATK. You can only use this effect of ""Gouki Ringtrainer"" once per turn. While you control a ""Gouki"" Link Monster, this card cannot be destroyed by battle.",,0.02,0.2,1.49,0.11,,Unlimited,CYHO-EN005,Common,EARTH,Effect Monster,Warrior,0,0,,
170581,Gouki Ringtrainer,Gouki Ringtrainer,https://tcgplayer-cdn.tcgplayer.com/product/170581_200w.jpg,2,2267,https://cpt.tcgcsv.com/Ffn2,2024-07-26T17:14:27.717,1,"If you control no monsters: You can reveal this card in your hand, then target 1 ""Gouki"" Link Monster in your GY; Special Summon this card from your hand, then Special Summon the target, but it loses 500 ATK. You can only use this effect of ""Gouki Ringtrainer"" once per turn. While you control a ""Gouki"" Link Monster, this card cannot be destroyed by battle.",,0.03,0.2,1.49,0.19,0.06,1st Edition,CYHO-EN005,Common,EARTH,Effect Monster,Warrior,0,0,,
170582,Crusadia Reclusia,Crusadia Reclusia,https://tcgplayer-cdn.tcgplayer.com/product/170582_200w.jpg,2,2267,https://cpt.tcgcsv.com/Gfn2,2024-07-26T17:14:27.873,1,"You can Special Summon this card (from your hand) in Defense Position to your zone a Link Monster points to. You can only Special Summon ""Crusadia Reclusia"" once per turn this way. If this card is Normal or Special Summoned to a zone a Link Monster points to: You can target 1 ""Crusadia"" card you control and 1 card your opponent controls; destroy them. You can only use this effect of “Crusadia Reclusia” once per turn.",,0.02,0.2,2.0,0.18,0.11,Unlimited,CYHO-EN006,Common,FIRE,Effect Monster,Spellcaster,400,2000,,
170582,Crusadia Reclusia,Crusadia Reclusia,https://tcgplayer-cdn.tcgplayer.com/product/170582_200w.jpg,2,2267,https://cpt.tcgcsv.com/Gfn2,2024-07-26T17:14:27.873,1,"You can Special Summon this card (from your hand) in Defense Position to your zone a Link Monster points to. You can only Special Summon ""Crusadia Reclusia"" once per turn this way. If this card is Normal or Special Summoned to a zone a Link Monster points to: You can target 1 ""Crusadia"" card you control and 1 card your opponent controls; destroy them. You can only use this effect of “Crusadia Reclusia” once per turn.",,0.06,0.25,2.0,0.12,0.25,1st Edition,CYHO-EN006,Common,FIRE,Effect Monster,Spellcaster,400,2000,,
170585,Crusadia Arboria,Crusadia Arboria,https://tcgplayer-cdn.tcgplayer.com/product/170585_200w.jpg,2,2267,https://cpt.tcgcsv.com/Kfn2,2024-07-26T17:14:27.937,1,"You can Special Summon this card (from your hand) in Defense Position to your zone a Link Monster points to. You can only Special Summon “Crusadia Arboria” once per turn this way. If a ""Crusadia"" monster(s) you control would be destroyed by battle or card effect, you can banish this card from your field or GY instead. You can only use this effect of “Crusadia Arboria” once per turn.",,0.03,0.24,1.99,0.18,,Unlimited,CYHO-EN007,Common,WATER,Tuner/Effect Monster,Warrior,800,1800,,
170585,Crusadia Arboria,Crusadia Arboria,https://tcgplayer-cdn.tcgplayer.com/product/170585_200w.jpg,2,2267,https://cpt.tcgcsv.com/Kfn2,2024-07-26T17:14:27.937,1,"You can Special Summon this card (from your hand) in Defense Position to your zone a Link Monster points to. You can only Special Summon “Crusadia Arboria” once per turn this way. If a ""Crusadia"" monster(s) you control would be destroyed by battle or card effect, you can banish this card from your field or GY instead. You can only use this effect of “Crusadia Arboria” once per turn.",,0.05,0.25,2.0,0.13,0.11,1st Edition,CYHO-EN007,Common,WATER,Tuner/Effect Monster,Warrior,800,1800,,
170586,Crusadia Leonis,Crusadia Leonis,https://tcgplayer-cdn.tcgplayer.com/product/170586_200w.jpg,2,2267,https://cpt.tcgcsv.com/Lfn2,2024-07-26T17:14:27.98,1,"You can Special Summon this card (from your hand) in Defense Position to your zone a Link Monster points to. You can only Special Summon ""Crusadia Leonis"" once per turn this way. You can target 1 ""Crusadia"" Link Monster you control; if it attacks a Defense Position monster this turn, inflict piercing battle damage to your opponent. You can only use this effect of “Crusadia Leonis” once per turn.",,0.02,0.23,2.0,0.13,0.08,1st Edition,CYHO-EN008,Common,EARTH,Effect Monster,,1200,1600,,
170586,Crusadia Leonis,Crusadia Leonis,https://tcgplayer-cdn.tcgplayer.com/product/170586_200w.jpg,2,2267,https://cpt.tcgcsv.com/Lfn2,2024-07-26T17:14:27.98,1,"You can Special Summon this card (from your hand) in Defense Position to your zone a Link Monster points to. You can only Special Summon ""Crusadia Leonis"" once per turn this way. You can target 1 ""Crusadia"" Link Monster you control; if it attacks a Defense Position monster this turn, inflict piercing battle damage to your opponent. You can only use this effect of “Crusadia Leonis” once per turn.",,0.02,0.2,2.0,0.14,0.11,Unlimited,CYHO-EN008,Common,EARTH,Effect Monster,,1200,1600,,
170587,Crusadia Draco,Crusadia Draco,https://tcgplayer-cdn.tcgplayer.com/product/170587_200w.jpg,2,2267,https://cpt.tcgcsv.com/Mfn2,2024-08-08T16:19:06.223,1,"You can Special Summon this card (from your hand) in Defense Position to your zone a Link Monster points to. You can only Special Summon ""Crusadia Draco"" once per turn this way. If this card is Normal or Special Summoned to a zone a Link Monster points to: You can target 1 ""Crusadia"" card in your GY, except “Crusadia Draco”; add it to your hand. You can only use this effect of “Crusadia Draco” once per turn.",,0.05,0.25,2.0,0.12,0.07,1st Edition,CYHO-EN009,Common,WIND,Effect Monster,Dragon,600,2000,,
170587,Crusadia Draco,Crusadia Draco,https://tcgplayer-cdn.tcgplayer.com/product/170587_200w.jpg,2,2267,https://cpt.tcgcsv.com/Mfn2,2024-08-08T16:19:06.223,1,"You can Special Summon this card (from your hand) in Defense Position to your zone a Link Monster points to. You can only Special Summon ""Crusadia Draco"" once per turn this way. If this card is Normal or Special Summoned to a zone a Link Monster points to: You can target 1 ""Crusadia"" card in your GY, except “Crusadia Draco”; add it to your hand. You can only use this effect of “Crusadia Draco” once per turn.",,0.05,0.2,1.49,0.18,0.22,Unlimited,CYHO-EN009,Common,WIND,Effect Monster,Dragon,600,2000,,
170588,Crusadia Maximus,Crusadia Maximus,https://tcgplayer-cdn.tcgplayer.com/product/170588_200w.jpg,2,2267,https://cpt.tcgcsv.com/Nfn2,2018-09-14T19:21:10.753,1,"You can Special Summon this card (from your hand) in Defense Position to your zone a Link Monster points to. You can only Special Summon “Crusadia Maximus” once per turn this way. You can target 1 ""Crusadia"" Link Monster you control; this turn, if it battles an opponent's monster, any battle damage it inflicts to your opponent is doubled, also other monsters you control cannot attack. You can only use this effect of “Crusadia Maximus” once per turn.",,0.09,0.35,2.0,0.19,,1st Edition,CYHO-EN010,Super Rare,LIGHT,Effect Monster,Psychic,1600,1000,,
170588,Crusadia Maximus,Crusadia Maximus,https://tcgplayer-cdn.tcgplayer.com/product/170588_200w.jpg,2,2267,https://cpt.tcgcsv.com/Nfn2,2018-09-14T19:21:10.753,1,"You can Special Summon this card (from your hand) in Defense Position to your zone a Link Monster points to. You can only Special Summon “Crusadia Maximus” once per turn this way. You can target 1 ""Crusadia"" Link Monster you control; this turn, if it battles an opponent's monster, any battle damage it inflicts to your opponent is doubled, also other monsters you control cannot attack. You can only use this effect of “Crusadia Maximus” once per turn.",,0.09,0.34,25.0,0.21,0.25,Unlimited,CYHO-EN010,Super Rare,LIGHT,Effect Monster,Psychic,1600,1000,,
170589,"World Legacy - ""World Crown""",World Legacy World Crown,https://tcgplayer-cdn.tcgplayer.com/product/170589_200w.jpg,2,2267,https://cpt.tcgcsv.com/Pfn2,2024-07-26T17:14:28.087,1,"You can Special Summon this card (from your hand) in Defense Position to your zone a Link Monster points to. You can only Special Summon ""World Legacy - ""World Crown"""" once per turn this way. When a monster on the field that was Special Summoned from the Extra Deck activates its effect (Quick Effect): You can Tribute this card; negate the activation, and if you do, destroy it. If this Normal Summoned/Set card is Tributed: You can add 1 “World Legacy” Spell/Trap Card from your Deck to your hand. You can only use this effect of ""World Legacy - ""World Crown"""" once per turn.",,0.2,0.43,3.03,0.4,,1st Edition,CYHO-EN011,Rare,DARK,Effect Monster,Machine,2000,2000,,
170589,"World Legacy - ""World Crown""",World Legacy World Crown,https://tcgplayer-cdn.tcgplayer.com/product/170589_200w.jpg,2,2267,https://cpt.tcgcsv.com/Pfn2,2024-07-26T17:14:28.087,1,"You can Special Summon this card (from your hand) in Defense Position to your zone a Link Monster points to. You can only Special Summon ""World Legacy - ""World Crown"""" once per turn this way. When a monster on the field that was Special Summoned from the Extra Deck activates its effect (Quick Effect): You can Tribute this card; negate the activation, and if you do, destroy it. If this Normal Summoned/Set card is Tributed: You can add 1 “World Legacy” Spell/Trap Card from your Deck to your hand. You can only use this effect of ""World Legacy - ""World Crown"""" once per turn.",,0.18,0.45,1.89,0.46,0.47,Unlimited,CYHO-EN011,Rare,DARK,Effect Monster,Machine,2000,2000,,
170590,Impcantation Candoll,Impcantation Candoll,https://tcgplayer-cdn.tcgplayer.com/product/170590_200w.jpg,2,2267,https://cpt.tcgcsv.com/Qfn2,2022-05-20T09:56:29.67,1,"You can reveal 1 Ritual Spell in your hand; Special Summon both this card from your hand and 1 ""Impcantation"" monster from your Deck, except ""Impcantation Candoll"". If this card is Special Summoned from the Deck: You can add 1 Ritual Spell from your Deck to your hand. You can only use 1 ""Impcantation Candoll"" effect per turn, and only once that turn. You cannot Special Summon monsters from the Extra Deck.",,0.02,0.41,2.25,0.34,,Unlimited,CYHO-EN012,Rare,LIGHT,Effect Monster,Pyro,0,0,,
170590,Impcantation Candoll,Impcantation Candoll,https://tcgplayer-cdn.tcgplayer.com/product/170590_200w.jpg,2,2267,https://cpt.tcgcsv.com/Qfn2,2022-05-20T09:56:29.67,1,"You can reveal 1 Ritual Spell in your hand; Special Summon both this card from your hand and 1 ""Impcantation"" monster from your Deck, except ""Impcantation Candoll"". If this card is Special Summoned from the Deck: You can add 1 Ritual Spell from your Deck to your hand. You can only use 1 ""Impcantation Candoll"" effect per turn, and only once that turn. You cannot Special Summon monsters from the Extra Deck.",,0.09,0.4,5.0,0.39,1.1,1st Edition,CYHO-EN012,Rare,LIGHT,Effect Monster,Pyro,0,0,,
170591,Impcantation Talismandra,Impcantation Talismandra,https://tcgplayer-cdn.tcgplayer.com/product/170591_200w.jpg,2,2267,https://cpt.tcgcsv.com/Rfn2,2024-07-26T17:14:28.133,1,"You can reveal 1 Ritual Monster in your hand; Special Summon both this card from your hand and 1 ""Impcantation"" monster from your Deck, except ""Impcantation Talismandra"". If this card is Special Summoned from the Deck: You can add 1 Ritual Monster from your Deck to your hand. You can only use 1 ""Impcantation Talismandra"" effect per turn, and only once that turn. You cannot Special Summon monsters from the Extra Deck.",,0.08,0.42,3.49,0.35,,1st Edition,CYHO-EN013,Rare,DARK,Effect Monster,Plant,0,0,,
170591,Impcantation Talismandra,Impcantation Talismandra,https://tcgplayer-cdn.tcgplayer.com/product/170591_200w.jpg,2,2267,https://cpt.tcgcsv.com/Rfn2,2024-07-26T17:14:28.133,1,"You can reveal 1 Ritual Monster in your hand; Special Summon both this card from your hand and 1 ""Impcantation"" monster from your Deck, except ""Impcantation Talismandra"". If this card is Special Summoned from the Deck: You can add 1 Ritual Monster from your Deck to your hand. You can only use 1 ""Impcantation Talismandra"" effect per turn, and only once that turn. You cannot Special Summon monsters from the Extra Deck.",,0.05,0.49,2.99,0.38,,Unlimited,CYHO-EN013,Rare,DARK,Effect Monster,Plant,0,0,,
170604,Cyber Dragon Vier,Cyber Dragon Vier,https://tcgplayer-cdn.tcgplayer.com/product/170604_200w.jpg,2,2267,https://cpt.tcgcsv.com/6gn2,2024-07-26T17:14:28.167,1,"This card's name becomes ""Cyber Dragon"" while on the field or in the GY. If you Normal or Special Summon ""Cyber Dragon"", except during the Damage Step: You can Special Summon this card from your hand in Defense Position. You can only use this effect of ""Cyber Dragon Vier"" once per turn. Every ""Cyber Dragon"" you control gains 500 ATK/DEF.",,0.09,0.25,1.89,0.16,0.11,1st Edition,CYHO-EN014,Common,LIGHT,Effect Monster,Machine,1100,1600,,
170604,Cyber Dragon Vier,Cyber Dragon Vier,https://tcgplayer-cdn.tcgplayer.com/product/170604_200w.jpg,2,2267,https://cpt.tcgcsv.com/6gn2,2024-07-26T17:14:28.167,1,"This card's name becomes ""Cyber Dragon"" while on the field or in the GY. If you Normal or Special Summon ""Cyber Dragon"", except during the Damage Step: You can Special Summon this card from your hand in Defense Position. You can only use this effect of ""Cyber Dragon Vier"" once per turn. Every ""Cyber Dragon"" you control gains 500 ATK/DEF.",,0.1,0.24,1.88,0.24,,Unlimited,CYHO-EN014,Common,LIGHT,Effect Monster,Machine,1100,1600,,
170608,Cyber Dragon Herz,Cyber Dragon Herz,https://tcgplayer-cdn.tcgplayer.com/product/170608_200w.jpg,2,2267,https://cpt.tcgcsv.com/bgn2,2018-09-14T19:22:14.167,1,"This card's name becomes ""Cyber Dragon"" while on the field or in the GY. You can only use 1 of the following effects of ""Cyber Dragon Herz"" per turn, and only once that turn.
<br>• If this card is Special Summoned: You can make this card's Level become 5 until the end of turn, also, you cannot Special Summon monsters for the rest of the turn, except Machine monsters.
<br>• If this card is sent to the GY: You can add 1 other ""Cyber Dragon"" from your Deck or GY to your hand.",,2.42,2.95,4.0,2.55,,Unlimited,CYHO-EN015,Ultra Rare,LIGHT,Effect Monster,Machine,100,100,,
170608,Cyber Dragon Herz,Cyber Dragon Herz,https://tcgplayer-cdn.tcgplayer.com/product/170608_200w.jpg,2,2267,https://cpt.tcgcsv.com/bgn2,2018-09-14T19:22:14.167,1,"This card's name becomes ""Cyber Dragon"" while on the field or in the GY. You can only use 1 of the following effects of ""Cyber Dragon Herz"" per turn, and only once that turn.
<br>• If this card is Special Summoned: You can make this card's Level become 5 until the end of turn, also, you cannot Special Summon monsters for the rest of the turn, except Machine monsters.
<br>• If this card is sent to the GY: You can add 1 other ""Cyber Dragon"" from your Deck or GY to your hand.",,2.43,3.76,14.0,3.85,,1st Edition,CYHO-EN015,Ultra Rare,LIGHT,Effect Monster,Machine,100,100,,
170609,Dragunity Senatus,Dragunity Senatus,https://tcgplayer-cdn.tcgplayer.com/product/170609_200w.jpg,2,2267,https://cpt.tcgcsv.com/cgn2,2024-07-26T17:14:28.213,1,"You can discard 1 ""Dragunity"" card; equip 1 Dragon ""Dragunity"" Tuner from your Deck to this card, also, you cannot Special Summon monsters from the Extra Deck for the rest of this turn, except Dragon monsters. You can only use this effect of ""Dragunity Senatus"" once per turn. If a ""Dragunity"" card(s) you control would be destroyed by battle or card effect, you can destroy 1 ""Dragunity"" card equipped to this card, instead.",,0.01,0.3,1.59,0.18,,1st Edition,CYHO-EN016,Super Rare,WIND,Effect Monster,Winged Beast,1800,1800,,
170609,Dragunity Senatus,Dragunity Senatus,https://tcgplayer-cdn.tcgplayer.com/product/170609_200w.jpg,2,2267,https://cpt.tcgcsv.com/cgn2,2024-07-26T17:14:28.213,1,"You can discard 1 ""Dragunity"" card; equip 1 Dragon ""Dragunity"" Tuner from your Deck to this card, also, you cannot Special Summon monsters from the Extra Deck for the rest of this turn, except Dragon monsters. You can only use this effect of ""Dragunity Senatus"" once per turn. If a ""Dragunity"" card(s) you control would be destroyed by battle or card effect, you can destroy 1 ""Dragunity"" card equipped to this card, instead.",,0.06,0.25,20.24,0.21,,Unlimited,CYHO-EN016,Super Rare,WIND,Effect Monster,Winged Beast,1800,1800,,
170610,Dragunity Couse,Dragunity Couse,https://tcgplayer-cdn.tcgplayer.com/product/170610_200w.jpg,2,2267,https://cpt.tcgcsv.com/dgn2,2025-01-11T04:33:07.797,1,"Cannot be used as Synchro Material, except for the Synchro Summon of a ""Dragunity"" monster. This card on the field can be treated as Level as 4 when used for a Synchro Summon. If this card is currently equipped to a monster: You can Special Summon this equipped card.",,0.04,0.2,1.49,0.15,0.21,Unlimited,CYHO-EN017,Common,WIND,Tuner/Effect Monster,Dragon,1000,200,,
170610,Dragunity Couse,Dragunity Couse,https://tcgplayer-cdn.tcgplayer.com/product/170610_200w.jpg,2,2267,https://cpt.tcgcsv.com/dgn2,2025-01-11T04:33:07.797,1,"Cannot be used as Synchro Material, except for the Synchro Summon of a ""Dragunity"" monster. This card on the field can be treated as Level as 4 when used for a Synchro Summon. If this card is currently equipped to a monster: You can Special Summon this equipped card.",,0.05,0.22,1.36,0.12,0.16,1st Edition,CYHO-EN017,Common,WIND,Tuner/Effect Monster,Dragon,1000,200,,
170611,Metaphys Decoy Dragon,Metaphys Decoy Dragon,https://tcgplayer-cdn.tcgplayer.com/product/170611_200w.jpg,2,2267,https://cpt.tcgcsv.com/fgn2,2024-07-26T17:14:28.357,1,"<strong>Pendulum Effect:</strong> When your monster is targeted for an attack: You can target 1 of your ""Metaphys"" monsters that is banished or in your GY; banish this card, and if you do, Special Summon that monster in Attack Position. You can only use this effect of ""Metaphys Decoy Dragon"" once per turn.
<br><strong>Monster Effect:</strong> When your monster is targeted for an attack: You can target 1 of your ""Metaphys"" monsters that is banished or in your GY; banish this card, and if you do, Special Summon that monster in Attack Position. During the Standby Phase of the next turn after this card was banished: You can Special Summon this banished card. You can only use each effect of ""Metaphys Decoy Dragon"" once per turn.",,0.04,0.21,1.49,0.16,,1st Edition,CYHO-EN018,Common,LIGHT,Pendulum/Effect Monster,Wyrm,300,200,,
170611,Metaphys Decoy Dragon,Metaphys Decoy Dragon,https://tcgplayer-cdn.tcgplayer.com/product/170611_200w.jpg,2,2267,https://cpt.tcgcsv.com/fgn2,2024-07-26T17:14:28.357,1,"<strong>Pendulum Effect:</strong> When your monster is targeted for an attack: You can target 1 of your ""Metaphys"" monsters that is banished or in your GY; banish this card, and if you do, Special Summon that monster in Attack Position. You can only use this effect of ""Metaphys Decoy Dragon"" once per turn.
<br><strong>Monster Effect:</strong> When your monster is targeted for an attack: You can target 1 of your ""Metaphys"" monsters that is banished or in your GY; banish this card, and if you do, Special Summon that monster in Attack Position. During the Standby Phase of the next turn after this card was banished: You can Special Summon this banished card. You can only use each effect of ""Metaphys Decoy Dragon"" once per turn.",,0.05,0.2,1.49,0.15,,Unlimited,CYHO-EN018,Common,LIGHT,Pendulum/Effect Monster,Wyrm,300,200,,
170612,Umbramirage the Elemental Lord,Umbramirage the Elemental Lord,https://tcgplayer-cdn.tcgplayer.com/product/170612_200w.jpg,2,2267,https://cpt.tcgcsv.com/ggn2,2024-07-26T17:14:28.387,1,"Cannot be Normal Summoned/Set. Must be Special Summoned (from your hand) by having exactly 5 DARK monsters in your GY. If this card is Special Summoned: Add 1 monster with 1500 or less ATK from your Deck to your hand. You can only use this effect of ""Umbramirage the Elemental Lord"" once per turn. If this face-up card leaves the field, skip the Battle Phase of your next turn.",,0.03,0.25,1.49,0.14,0.11,Unlimited,CYHO-EN019,Super Rare,DARK,Effect Monster,Fiend,2800,2200,,
170612,Umbramirage the Elemental Lord,Umbramirage the Elemental Lord,https://tcgplayer-cdn.tcgplayer.com/product/170612_200w.jpg,2,2267,https://cpt.tcgcsv.com/ggn2,2024-07-26T17:14:28.387,1,"Cannot be Normal Summoned/Set. Must be Special Summoned (from your hand) by having exactly 5 DARK monsters in your GY. If this card is Special Summoned: Add 1 monster with 1500 or less ATK from your Deck to your hand. You can only use this effect of ""Umbramirage the Elemental Lord"" once per turn. If this face-up card leaves the field, skip the Battle Phase of your next turn.",,0.05,0.25,4.59,0.15,,1st Edition,CYHO-EN019,Super Rare,DARK,Effect Monster,Fiend,2800,2200,,
170613,Cosmo Brain,Cosmo Brain,https://tcgplayer-cdn.tcgplayer.com/product/170613_200w.jpg,2,2267,https://cpt.tcgcsv.com/hgn2,2024-07-26T17:14:28.433,1,"Cannot be Normal Summoned/Set. Must first be Special Summoned by sending 1 non-Effect Monster from your hand or face-up field to the GY. This card gains ATK equal to the Level of the monster sent to the GY this way x 200. You can Tribute 1 Effect Monster; Special Summon 1 Normal Monster from your hand or Deck. You can only use this effect of ""Cosmo Brain"" once per turn.",,0.04,0.23,1.35,0.12,,1st Edition,CYHO-EN020,Common,DARK,Effect Monster,Spellcaster,1500,2450,,
170613,Cosmo Brain,Cosmo Brain,https://tcgplayer-cdn.tcgplayer.com/product/170613_200w.jpg,2,2267,https://cpt.tcgcsv.com/hgn2,2024-07-26T17:14:28.433,1,"Cannot be Normal Summoned/Set. Must first be Special Summoned by sending 1 non-Effect Monster from your hand or face-up field to the GY. This card gains ATK equal to the Level of the monster sent to the GY this way x 200. You can Tribute 1 Effect Monster; Special Summon 1 Normal Monster from your hand or Deck. You can only use this effect of ""Cosmo Brain"" once per turn.",,0.06,0.2,1.42,0.14,,Unlimited,CYHO-EN020,Common,DARK,Effect Monster,Spellcaster,1500,2450,,
170614,Mana Dragon Zirnitron,Mana Dragon Zirnitron,https://tcgplayer-cdn.tcgplayer.com/product/170614_200w.jpg,2,2267,https://cpt.tcgcsv.com/jgn2,2023-01-09T16:03:11.917,1,"If a Spell/Trap you control leaves the field because of an opponent's effect, and is now in the GY or banished (except during the Damage Step: You can Special Summon this card from the GY (if it was there when that Spell/Trap left) or hand (even if not), then you can Set 1 Spell/Trap that is banished or in your GY to your Spell & Trap Zone. You can only use this effect of “Mana Dragon Zirnitron” once per turn. If Summoned this way, banish this card when it leaves the field.",,0.07,0.27,1.49,0.15,,Unlimited,CYHO-EN021,Super Rare,DARK,Effect Monster,Dragon,2200,1200,,
170614,Mana Dragon Zirnitron,Mana Dragon Zirnitron,https://tcgplayer-cdn.tcgplayer.com/product/170614_200w.jpg,2,2267,https://cpt.tcgcsv.com/jgn2,2023-01-09T16:03:11.917,1,"If a Spell/Trap you control leaves the field because of an opponent's effect, and is now in the GY or banished (except during the Damage Step: You can Special Summon this card from the GY (if it was there when that Spell/Trap left) or hand (even if not), then you can Set 1 Spell/Trap that is banished or in your GY to your Spell & Trap Zone. You can only use this effect of “Mana Dragon Zirnitron” once per turn. If Summoned this way, banish this card when it leaves the field.",,0.03,0.29,25.0,0.18,,1st Edition,CYHO-EN021,Super Rare,DARK,Effect Monster,Dragon,2200,1200,,
170615,Terrifying Toddler of Torment,Terrifying Toddler of Torment,https://tcgplayer-cdn.tcgplayer.com/product/170615_200w.jpg,2,2267,https://cpt.tcgcsv.com/kgn2,2018-09-14T19:26:55.76,1,"FLIP: You can send 1 Fiend monster from your Deck to the GY.
<br>If this card is sent from the hand or Deck to the GY: You can Special Summon this card in face-down Defense Position. You can only use each effect of ""Terrifying Toddler of Torment"" once per turn.",,0.03,0.2,3.22,0.16,,Unlimited,CYHO-EN022,Common,DARK,Flip/Effect Monster,Fiend,0,2000,,
170615,Terrifying Toddler of Torment,Terrifying Toddler of Torment,https://tcgplayer-cdn.tcgplayer.com/product/170615_200w.jpg,2,2267,https://cpt.tcgcsv.com/kgn2,2018-09-14T19:26:55.76,1,"FLIP: You can send 1 Fiend monster from your Deck to the GY.
<br>If this card is sent from the hand or Deck to the GY: You can Special Summon this card in face-down Defense Position. You can only use each effect of ""Terrifying Toddler of Torment"" once per turn.",,0.01,0.2,1.32,0.11,0.09,1st Edition,CYHO-EN022,Common,DARK,Flip/Effect Monster,Fiend,0,2000,,
170616,Psychic Ace,Psychic Ace,https://tcgplayer-cdn.tcgplayer.com/product/170616_200w.jpg,2,2267,https://cpt.tcgcsv.com/lgn2,2018-09-14T19:27:05.953,1,If this card in the Monster Zone is Tributed: You can target 1 card on the field; destroy it.,,0.01,0.15,1.49,0.09,0.05,Unlimited,CYHO-EN023,Common,DARK,Effect Monster,Psychic,1000,0,,
170616,Psychic Ace,Psychic Ace,https://tcgplayer-cdn.tcgplayer.com/product/170616_200w.jpg,2,2267,https://cpt.tcgcsv.com/lgn2,2018-09-14T19:27:05.953,1,If this card in the Monster Zone is Tributed: You can target 1 card on the field; destroy it.,,0.01,0.25,1.49,0.28,,1st Edition,CYHO-EN023,Common,DARK,Effect Monster,Psychic,1000,0,,
170617,Cupid Volley,Cupid Volley,https://tcgplayer-cdn.tcgplayer.com/product/170617_200w.jpg,2,2267,https://cpt.tcgcsv.com/mgn2,2018-09-14T19:27:16.503,1,"You can choose a number from 1 to 3 cards, then send that many cards from the top of your Deck to the GY; increase this card's Level by the number of cards sent to the GY this way, until the end of this turn. If this card you control is destroyed by an opponent's card and sent to your GY: Gain 1500 LP. You can only use each effect of “Cupid Volley” once per turn.",,0.03,0.2,1.49,0.1,,Unlimited,CYHO-EN024,Common,LIGHT,Effect Monster,Fairy,600,600,,
170617,Cupid Volley,Cupid Volley,https://tcgplayer-cdn.tcgplayer.com/product/170617_200w.jpg,2,2267,https://cpt.tcgcsv.com/mgn2,2018-09-14T19:27:16.503,1,"You can choose a number from 1 to 3 cards, then send that many cards from the top of your Deck to the GY; increase this card's Level by the number of cards sent to the GY this way, until the end of this turn. If this card you control is destroyed by an opponent's card and sent to your GY: Gain 1500 LP. You can only use each effect of “Cupid Volley” once per turn.",,0.05,0.22,1.49,0.13,0.11,1st Edition,CYHO-EN024,Common,LIGHT,Effect Monster,Fairy,600,600,,
170618,Centerfrog,Centerfrog,https://tcgplayer-cdn.tcgplayer.com/product/170618_200w.jpg,2,2267,https://cpt.tcgcsv.com/ngn2,2024-07-26T17:14:28.467,1,"Cannot be used as material for a Fusion, Synchro, Xyz, or Link Summon. If this card is Normal or Flip Summoned: Change it to Defense Position. Once per turn: You can target 1 monster in your opponent's Main Monster Zone; give your opponent control of this Defense Position card by moving it to their zone adjacent to the target, then if your opponent controls exactly 2 “Centerfrog” in the Main Monster Zone, gain control of all monsters in between those 2 cards.",,0.06,0.25,1.37,0.2,,1st Edition,CYHO-EN025,Common,WATER,Effect Monster,Aqua,100,2000,,
170618,Centerfrog,Centerfrog,https://tcgplayer-cdn.tcgplayer.com/product/170618_200w.jpg,2,2267,https://cpt.tcgcsv.com/ngn2,2024-07-26T17:14:28.467,1,"Cannot be used as material for a Fusion, Synchro, Xyz, or Link Summon. If this card is Normal or Flip Summoned: Change it to Defense Position. Once per turn: You can target 1 monster in your opponent's Main Monster Zone; give your opponent control of this Defense Position card by moving it to their zone adjacent to the target, then if your opponent controls exactly 2 “Centerfrog” in the Main Monster Zone, gain control of all monsters in between those 2 cards.",,0.05,0.23,1.49,0.12,,Unlimited,CYHO-EN025,Common,WATER,Effect Monster,Aqua,100,2000,,
170624,Cyberse Magician,Cyberse Magician,https://tcgplayer-cdn.tcgplayer.com/product/170624_200w.jpg,2,2267,https://cpt.tcgcsv.com/vgn2,2018-09-14T19:27:43.78,1,"You can Ritual Summon this card with ""Cynet Ritual"". Any damage you take is halved. (You cannot halve the same damage twice this way.) While you control a Link Monster, monsters your opponent controls cannot target monsters you control for attacks, except this one, also your opponent cannot target monsters you control with card effects, except this one. If this card battles a Link Monster, it gains 1000 ATK during that damage calculation only. If this card in your possession is destroyed by an opponent’s card effect: You can add 1 Cyberse monster from your Deck to your hand.",,0.25,0.65,20.0,0.32,,Unlimited,CYHO-EN026,Ultra Rare,DARK,Ritual/Effect Monster,Cyberse,2500,2000,,
170624,Cyberse Magician,Cyberse Magician,https://tcgplayer-cdn.tcgplayer.com/product/170624_200w.jpg,2,2267,https://cpt.tcgcsv.com/vgn2,2018-09-14T19:27:43.78,1,"You can Ritual Summon this card with ""Cynet Ritual"". Any damage you take is halved. (You cannot halve the same damage twice this way.) While you control a Link Monster, monsters your opponent controls cannot target monsters you control for attacks, except this one, also your opponent cannot target monsters you control with card effects, except this one. If this card battles a Link Monster, it gains 1000 ATK during that damage calculation only. If this card in your possession is destroyed by an opponent’s card effect: You can add 1 Cyberse monster from your Deck to your hand.",,0.19,0.5,2.23,0.36,,1st Edition,CYHO-EN026,Ultra Rare,DARK,Ritual/Effect Monster,Cyberse,2500,2000,,
170638,"Ruin, Angel of Oblivion",Ruin Angel of Oblivion,https://tcgplayer-cdn.tcgplayer.com/product/170638_200w.jpg,2,2267,https://cpt.tcgcsv.com/Ngn2,2024-07-26T17:14:28.513,1,"You can Ritual Summon this card with ""Cycle of the World"". This card’s name becomes ""Ruin, Queen of Oblivion"" while in the hand or on the field. If this card is Ritual Summoned: It can make up to 2 attacks on monsters during each Battle Phase this turn. If this card is sent to the GY: You can target 1 Ritual Monster you control; while it is face-up on your field, your opponent cannot activate cards or effects when your Ritual Monsters declare an attack.",,0.1,0.25,1.49,0.2,0.1,1st Edition,CYHO-EN027,Common,LIGHT,Ritual/Effect Monster,Fairy,1700,1000,,
170638,"Ruin, Angel of Oblivion",Ruin Angel of Oblivion,https://tcgplayer-cdn.tcgplayer.com/product/170638_200w.jpg,2,2267,https://cpt.tcgcsv.com/Ngn2,2024-07-26T17:14:28.513,1,"You can Ritual Summon this card with ""Cycle of the World"". This card’s name becomes ""Ruin, Queen of Oblivion"" while in the hand or on the field. If this card is Ritual Summoned: It can make up to 2 attacks on monsters during each Battle Phase this turn. If this card is sent to the GY: You can target 1 Ritual Monster you control; while it is face-up on your field, your opponent cannot activate cards or effects when your Ritual Monsters declare an attack.",,0.07,0.21,1.49,0.15,0.16,Unlimited,CYHO-EN027,Common,LIGHT,Ritual/Effect Monster,Fairy,1700,1000,,
170642,"Demise, Agent of Armageddon",Demise Agent of Armageddon,https://tcgplayer-cdn.tcgplayer.com/product/170642_200w.jpg,2,2267,https://cpt.tcgcsv.com/Sgn2,2024-07-26T17:14:28.577,1,"You can Ritual Summon this card with ""Cycle of the World"". This card’s name becomes ""Demise, King of Armageddon"" while in the hand or on the field. If this card is Ritual Summoned: Destroy 1 face-up monster on the field. If this card is sent to the GY: You can target 1 face-up Ritual Monster you control; while it is face-up on your field, your opponent cannot activate cards or effects in response to the activation of your Ritual Monsters' effects.",,0.08,0.2,1.49,0.18,0.23,Unlimited,CYHO-EN028,Common,DARK,Ritual/Effect Monster,Fiend,1800,1000,,
170642,"Demise, Agent of Armageddon",Demise Agent of Armageddon,https://tcgplayer-cdn.tcgplayer.com/product/170642_200w.jpg,2,2267,https://cpt.tcgcsv.com/Sgn2,2024-07-26T17:14:28.577,1,"You can Ritual Summon this card with ""Cycle of the World"". This card’s name becomes ""Demise, King of Armageddon"" while in the hand or on the field. If this card is Ritual Summoned: Destroy 1 face-up monster on the field. If this card is sent to the GY: You can target 1 face-up Ritual Monster you control; while it is face-up on your field, your opponent cannot activate cards or effects in response to the activation of your Ritual Monsters' effects.",,0.1,0.23,4.99,0.2,,1st Edition,CYHO-EN028,Common,DARK,Ritual/Effect Monster,Fiend,1800,1000,,
170649,"Ruin, Supreme Queen of Oblivion",Ruin Supreme Queen of Oblivion,https://tcgplayer-cdn.tcgplayer.com/product/170649_200w.jpg,2,2267,https://cpt.tcgcsv.com/_gn2,2024-09-04T08:42:10.447,1,"You can Ritual Summon this card with ""Cycle of the World"". This card’s name becomes ""Ruin, Queen of Oblivion"" while in the hand or on the field. While this Ritual Summoned card is on the field, Ritual Monsters you control cannot be destroyed by card effects. If all monsters used to Ritual Summon this card were Ritual Monsters, it can make a second attack during each Battle Phase. If this card destroys a monster by battle: You can inflict damage to your opponent equal to that destroyed monster's original ATK.",,0.12,0.25,1.99,0.23,0.23,Unlimited,CYHO-EN029,Rare,LIGHT,Ritual/Effect Monster,Fairy,2900,3000,,
170649,"Ruin, Supreme Queen of Oblivion",Ruin Supreme Queen of Oblivion,https://tcgplayer-cdn.tcgplayer.com/product/170649_200w.jpg,2,2267,https://cpt.tcgcsv.com/_gn2,2024-09-04T08:42:10.447,1,"You can Ritual Summon this card with ""Cycle of the World"". This card’s name becomes ""Ruin, Queen of Oblivion"" while in the hand or on the field. While this Ritual Summoned card is on the field, Ritual Monsters you control cannot be destroyed by card effects. If all monsters used to Ritual Summon this card were Ritual Monsters, it can make a second attack during each Battle Phase. If this card destroys a monster by battle: You can inflict damage to your opponent equal to that destroyed monster's original ATK.",,0.15,0.33,1.14,0.29,0.25,1st Edition,CYHO-EN029,Rare,LIGHT,Ritual/Effect Monster,Fairy,2900,3000,,
170653,"Demise, Supreme King of Armageddon",Demise Supreme King of Armageddon,https://tcgplayer-cdn.tcgplayer.com/product/170653_200w.jpg,2,2267,https://cpt.tcgcsv.com/5hn2,2024-07-26T17:14:28.64,1,"You can Ritual Summon this card with ""Cycle of the World"". This card’s name becomes ""Demise, King of Armageddon"" while in the hand or on the field. Ritual Monsters you control cannot be destroyed by battle. If this card was Ritual Summoned using only Ritual Monsters, you do not pay LP to activate this card’s effects. Once per turn: You can pay 2000 LP; destroy as many other cards on the field as possible, and if you do, inflict 200 damage to your opponent for each of their cards destroyed by this effect.",,0.14,0.29,1.46,0.26,0.14,1st Edition,CYHO-EN030,Rare,DARK,Ritual/Effect Monster,Fiend,3000,3000,,
170653,"Demise, Supreme King of Armageddon",Demise Supreme King of Armageddon,https://tcgplayer-cdn.tcgplayer.com/product/170653_200w.jpg,2,2267,https://cpt.tcgcsv.com/5hn2,2024-07-26T17:14:28.64,1,"You can Ritual Summon this card with ""Cycle of the World"". This card’s name becomes ""Demise, King of Armageddon"" while in the hand or on the field. Ritual Monsters you control cannot be destroyed by battle. If this card was Ritual Summoned using only Ritual Monsters, you do not pay LP to activate this card’s effects. Once per turn: You can pay 2000 LP; destroy as many other cards on the field as possible, and if you do, inflict 200 damage to your opponent for each of their cards destroyed by this effect.",,0.04,0.3,1.45,0.19,0.19,Unlimited,CYHO-EN030,Rare,DARK,Ritual/Effect Monster,Fiend,3000,3000,,
170657,Paladin of Storm Dragon,Paladin of Storm Dragon,https://tcgplayer-cdn.tcgplayer.com/product/170657_200w.jpg,2,2267,https://cpt.tcgcsv.com/9hn2,2018-09-14T19:29:10.783,1,"You can Ritual Summon this card with ""Cynet Ritual"". At the start of the Damage Step, if this card attacks a monster: You can return that monster to the hand. You can Tribute this card; Special Summon 1 Level 5 or higher Cyberse monster from your hand or Deck, but that monster cannot activate its effects this turn. You can only use each effect of ""Paladin of Storm Dragon"" once per turn.",,0.07,0.25,1.38,0.16,0.11,1st Edition,CYHO-EN031,Rare,LIGHT,Ritual/Effect Monster,Cyberse,1900,900,,
170657,Paladin of Storm Dragon,Paladin of Storm Dragon,https://tcgplayer-cdn.tcgplayer.com/product/170657_200w.jpg,2,2267,https://cpt.tcgcsv.com/9hn2,2018-09-14T19:29:10.783,1,"You can Ritual Summon this card with ""Cynet Ritual"". At the start of the Damage Step, if this card attacks a monster: You can return that monster to the hand. You can Tribute this card; Special Summon 1 Level 5 or higher Cyberse monster from your hand or Deck, but that monster cannot activate its effects this turn. You can only use each effect of ""Paladin of Storm Dragon"" once per turn.",,0.05,0.23,1.49,0.15,0.11,Unlimited,CYHO-EN031,Rare,LIGHT,Ritual/Effect Monster,Cyberse,1900,900,,
170658,Dragunity Knight - Luin,Dragunity Knight Luin,https://tcgplayer-cdn.tcgplayer.com/product/170658_200w.jpg,2,2267,https://cpt.tcgcsv.com/bhn2,2024-07-26T17:14:28.67,1,"1 ""Dragunity"" Tuner + 1+ non-Tuner monsters
<br>If this card is Special Summoned: You can target 1 ""Dragunity"" monster in your GY; equip it to this card. If this card is sent to the GY: You can target 1 ""Dragunity"" monster you control; equip this card to that target. It gains 1000 ATK/DEF. You can only use each effect of “Dragunity Knight - Luin” once per turn.",,0.18,0.32,1.49,0.24,,Unlimited,CYHO-EN032,Rare,WIND,Synchro/Tuner/Effect Monster,Dragon,1200,1900,,
170658,Dragunity Knight - Luin,Dragunity Knight Luin,https://tcgplayer-cdn.tcgplayer.com/product/170658_200w.jpg,2,2267,https://cpt.tcgcsv.com/bhn2,2024-07-26T17:14:28.67,1,"1 ""Dragunity"" Tuner + 1+ non-Tuner monsters
<br>If this card is Special Summoned: You can target 1 ""Dragunity"" monster in your GY; equip it to this card. If this card is sent to the GY: You can target 1 ""Dragunity"" monster you control; equip this card to that target. It gains 1000 ATK/DEF. You can only use each effect of “Dragunity Knight - Luin” once per turn.",,0.13,0.3,2.0,0.22,,1st Edition,CYHO-EN032,Rare,WIND,Synchro/Tuner/Effect Monster,Dragon,1200,1900,,
170659,Dragunity Knight - Ascalon,Dragunity Knight Ascalon,https://tcgplayer-cdn.tcgplayer.com/product/170659_200w.jpg,2,2267,https://cpt.tcgcsv.com/chn2,2023-07-18T14:46:43.033,1,"1 ""Dragunity"" Tuner + 1+ non-Tuner monsters
<br>You can banish 1 ""Dragunity"" monster from your GY, then target 1 monster your opponent controls; banish it. If this Synchro Summoned monster in its owner's control is destroyed by an opponent's card (by battle or card effect): You can Special Summon 1 ""Dragunity"" Synchro Monster with 3000 or less ATK from your Extra Deck. (This is treated as a Synchro Summon.) You can only use this effect of “Dragunity Knight - Ascalon” once per turn.",,1.0,1.35,4.85,1.22,,1st Edition,CYHO-EN033,Ultra Rare,WIND,Synchro/Effect Monster,Dragon,3300,3200,,
170659,Dragunity Knight - Ascalon,Dragunity Knight Ascalon,https://tcgplayer-cdn.tcgplayer.com/product/170659_200w.jpg,2,2267,https://cpt.tcgcsv.com/chn2,2023-07-18T14:46:43.033,1,"1 ""Dragunity"" Tuner + 1+ non-Tuner monsters
<br>You can banish 1 ""Dragunity"" monster from your GY, then target 1 monster your opponent controls; banish it. If this Synchro Summoned monster in its owner's control is destroyed by an opponent's card (by battle or card effect): You can Special Summon 1 ""Dragunity"" Synchro Monster with 3000 or less ATK from your Extra Deck. (This is treated as a Synchro Summon.) You can only use this effect of “Dragunity Knight - Ascalon” once per turn.",,0.98,1.59,4.99,1.03,,Unlimited,CYHO-EN033,Ultra Rare,WIND,Synchro/Effect Monster,Dragon,3300,3200,,
170660,Borrelsword Dragon,Borrelsword Dragon,https://tcgplayer-cdn.tcgplayer.com/product/170660_200w.jpg,2,2267,https://cpt.tcgcsv.com/dhn2,2025-03-18T05:11:47.027,1,"3+ Effect Monsters
<br>Cannot be destroyed by battle. Once per turn (Quick Effect): You can target 1 Attack Position monster; change it to Defense Position, also, this card can make a second attack during each Battle Phase this turn. Your opponent cannot activate cards or effects in response to this effect's activation. Once per turn, when this card declares an attack on a face-up monster: You can activate this effect; until the end of this turn, this card gains ATK equal to half that monster's current ATK, and if it does, that monster's current ATK is halved.",,4.0,9.81,22.79,4.83,17.56,Unlimited,CYHO-EN034,Secret Rare,DARK,Link/Effect Monster,Dragon,3000,,4,Left;Bottom;Bottom-Left;Top
170660,Borrelsword Dragon,Borrelsword Dragon,https://tcgplayer-cdn.tcgplayer.com/product/170660_200w.jpg,2,2267,https://cpt.tcgcsv.com/dhn2,2025-03-18T05:11:47.027,1,"3+ Effect Monsters
<br>Cannot be destroyed by battle. Once per turn (Quick Effect): You can target 1 Attack Position monster; change it to Defense Position, also, this card can make a second attack during each Battle Phase this turn. Your opponent cannot activate cards or effects in response to this effect's activation. Once per turn, when this card declares an attack on a face-up monster: You can activate this effect; until the end of this turn, this card gains ATK equal to half that monster's current ATK, and if it does, that monster's current ATK is halved.",,5.0,9.64,29.99,5.78,,1st Edition,CYHO-EN034,Secret Rare,DARK,Link/Effect Monster,Dragon,3000,,4,Left;Bottom;Bottom-Left;Top
170661,Cyberse Witch,Cyberse Witch,https://tcgplayer-cdn.tcgplayer.com/product/170661_200w.jpg,2,2267,https://cpt.tcgcsv.com/fhn2,2018-09-14T19:29:57.333,1,"2 Cyberse monsters
<br>If a monster(s) is Special Summoned to your zone this card points to: You can banish 1 Spell from your GY; add 1 Cyberse Ritual Monster and 1 ""Cynet Ritual"" from your Deck to your hand. During your Main Phase, if you activated this card's effect this turn: You can target 1 Level 4 or lower Cyberse monster in your GY; Special Summon it. You can only use each effect of ""Cyberse Witch"" one per turn.",,0.1,0.25,1.49,0.15,,Unlimited,CYHO-EN035,Rare,DARK,Link/Effect Monster,Cyberse,800,,2,Bottom;Bottom-Left
170661,Cyberse Witch,Cyberse Witch,https://tcgplayer-cdn.tcgplayer.com/product/170661_200w.jpg,2,2267,https://cpt.tcgcsv.com/fhn2,2018-09-14T19:29:57.333,1,"2 Cyberse monsters
<br>If a monster(s) is Special Summoned to your zone this card points to: You can banish 1 Spell from your GY; add 1 Cyberse Ritual Monster and 1 ""Cynet Ritual"" from your Deck to your hand. During your Main Phase, if you activated this card's effect this turn: You can target 1 Level 4 or lower Cyberse monster in your GY; Special Summon it. You can only use each effect of ""Cyberse Witch"" one per turn.",,0.03,0.25,1.49,0.13,,1st Edition,CYHO-EN035,Rare,DARK,Link/Effect Monster,Cyberse,800,,2,Bottom;Bottom-Left
170662,Link Devotee,Link Devotee,https://tcgplayer-cdn.tcgplayer.com/product/170662_200w.jpg,2,2267,https://cpt.tcgcsv.com/ghn2,2024-07-26T17:14:28.717,1,"1 Level 4 or lower Cyberse monster
<br>If this card is Special Summoned: You cannot Link Summon Link-3 or higher Link Monster during this turn. If this co-linked card is Tributed: You can Special Summon 2 “Link Tokens” (Cyberse/LIGHT/Level 1/ATK 0/DEF 0). You can only use this effect of ""Link Devotee"" once per turn.",,0.1,0.24,1.98,0.23,,Unlimited,CYHO-EN036,Common,EARTH,Link/Effect Monster,Cyberse,500,,1,Top
170662,Link Devotee,Link Devotee,https://tcgplayer-cdn.tcgplayer.com/product/170662_200w.jpg,2,2267,https://cpt.tcgcsv.com/ghn2,2024-07-26T17:14:28.717,1,"1 Level 4 or lower Cyberse monster
<br>If this card is Special Summoned: You cannot Link Summon Link-3 or higher Link Monster during this turn. If this co-linked card is Tributed: You can Special Summon 2 “Link Tokens” (Cyberse/LIGHT/Level 1/ATK 0/DEF 0). You can only use this effect of ""Link Devotee"" once per turn.",,0.09,0.25,4.99,0.18,0.11,1st Edition,CYHO-EN036,Common,EARTH,Link/Effect Monster,Cyberse,500,,1,Top
170663,Restoration Point Guard,Restoration Point Guard,https://tcgplayer-cdn.tcgplayer.com/product/170663_200w.jpg,2,2267,https://cpt.tcgcsv.com/hhn2,2018-09-14T19:30:19.093,1,"2 Cyberse monsters
<br>Once per turn, if another Link Monster is Link Summoned: You can activate this effect; this card cannot be destroyed by battle or card effect during this turn. If a Link Monster that was Link Summoned using this card as material is destroyed by an opponent’s card effect while this card is in your GY: You can Special Summon this card. You can only use this effect of “Restoration Point Guard” once per turn.",,0.01,0.2,1.49,0.09,,Unlimited,CYHO-EN037,Common,DARK,Link/Effect Monster,Cyberse,1000,,2,Left;Bottom-Left
170663,Restoration Point Guard,Restoration Point Guard,https://tcgplayer-cdn.tcgplayer.com/product/170663_200w.jpg,2,2267,https://cpt.tcgcsv.com/hhn2,2018-09-14T19:30:19.093,1,"2 Cyberse monsters
<br>Once per turn, if another Link Monster is Link Summoned: You can activate this effect; this card cannot be destroyed by battle or card effect during this turn. If a Link Monster that was Link Summoned using this card as material is destroyed by an opponent’s card effect while this card is in your GY: You can Special Summon this card. You can only use this effect of “Restoration Point Guard” once per turn.",,0.01,0.19,25.0,0.11,,1st Edition,CYHO-EN037,Common,DARK,Link/Effect Monster,Cyberse,1000,,2,Left;Bottom-Left
170665,Gouki Heel Ogre,Gouki Heel Ogre,https://tcgplayer-cdn.tcgplayer.com/product/170665_200w.jpg,2,2267,https://cpt.tcgcsv.com/khn2,2024-07-26T17:14:28.75,1,"2 ""Gouki"" monsters
<br>Once per turn, when a monster this card points to activates its effect (Quick Effect): You can negate the activation, and if you do, destroy that card, then you can Special Summon 1 ""Gouki"" monster from your GY, except ""Gouki Shadow Ogre"".",,0.04,0.21,1.36,0.17,,1st Edition,CYHO-EN038,Common,EARTH,Link/Effect Monster,Warrior,1000,,2,Bottom;Top
170665,Gouki Heel Ogre,Gouki Heel Ogre,https://tcgplayer-cdn.tcgplayer.com/product/170665_200w.jpg,2,2267,https://cpt.tcgcsv.com/khn2,2024-07-26T17:14:28.75,1,"2 ""Gouki"" monsters
<br>Once per turn, when a monster this card points to activates its effect (Quick Effect): You can negate the activation, and if you do, destroy that card, then you can Special Summon 1 ""Gouki"" monster from your GY, except ""Gouki Shadow Ogre"".",,0.01,0.2,3.99,0.13,,Unlimited,CYHO-EN038,Common,EARTH,Link/Effect Monster,Warrior,1000,,2,Bottom;Top
170668,Gouki The Giant Ogre,Gouki The Giant Ogre,https://tcgplayer-cdn.tcgplayer.com/product/170668_200w.jpg,2,2267,https://cpt.tcgcsv.com/nhn2,2025-05-03T15:29:25.45,1,"3+ ""Gouki"" monsters
<br>Cannot be destroyed by battle. Unaffected by activated effects from an opponent's monster whose ATK is equal to or lower than this card's ATK. When your opponent activates a card or effect that targets this card and/or a monster(s) it points to (Quick Effect): You can make this card lose exactly 500 ATK, and if you do, negate the activation. Once per turn, if this card's current ATK is different from its original ATK (Quick Effect): You can make this card gain 1000 ATK until the end of this turn.",,0.08,0.25,1.49,0.18,,Unlimited,CYHO-EN039,Rare,EARTH,Link/Effect Monster,Warrior,3000,,4,Bottom-Right;Left;Bottom-Left;Right
170668,Gouki The Giant Ogre,Gouki The Giant Ogre,https://tcgplayer-cdn.tcgplayer.com/product/170668_200w.jpg,2,2267,https://cpt.tcgcsv.com/nhn2,2025-05-03T15:29:25.45,1,"3+ ""Gouki"" monsters
<br>Cannot be destroyed by battle. Unaffected by activated effects from an opponent's monster whose ATK is equal to or lower than this card's ATK. When your opponent activates a card or effect that targets this card and/or a monster(s) it points to (Quick Effect): You can make this card lose exactly 500 ATK, and if you do, negate the activation. Once per turn, if this card's current ATK is different from its original ATK (Quick Effect): You can make this card gain 1000 ATK until the end of this turn.",,0.07,0.25,1.49,0.2,,1st Edition,CYHO-EN039,Rare,EARTH,Link/Effect Monster,Warrior,3000,,4,Bottom-Right;Left;Bottom-Left;Right
170670,Miniborrel Dragon,Miniborrel Dragon,https://tcgplayer-cdn.tcgplayer.com/product/170670_200w.jpg,2,2267,https://cpt.tcgcsv.com/qhn2,2018-09-14T19:31:04.67,1,"2 ""Rokket"" monsters
<br>If you control a ""Borrel"" Link Monster and this card is in your GY: You can Tribute 1 Link-3 or lower monster; Special Summon this card, but it cannot be used as material for the Link Summon of a monster with the same Link Rating as the Tributed monster. You can only use this effect of ""Miniborrel Dragon"" once per turn.",,0.02,0.2,1.49,0.1,,Unlimited,CYHO-EN040,Common,DARK,Link/Effect Monster,Dragon,800,,2,Left;Right
170670,Miniborrel Dragon,Miniborrel Dragon,https://tcgplayer-cdn.tcgplayer.com/product/170670_200w.jpg,2,2267,https://cpt.tcgcsv.com/qhn2,2018-09-14T19:31:04.67,1,"2 ""Rokket"" monsters
<br>If you control a ""Borrel"" Link Monster and this card is in your GY: You can Tribute 1 Link-3 or lower monster; Special Summon this card, but it cannot be used as material for the Link Summon of a monster with the same Link Rating as the Tributed monster. You can only use this effect of ""Miniborrel Dragon"" once per turn.",,0.02,0.19,1.49,0.11,0.11,1st Edition,CYHO-EN040,Common,DARK,Link/Effect Monster,Dragon,800,,2,Left;Right
170675,Vorticular Drumgon,Vorticular Drumgon,https://tcgplayer-cdn.tcgplayer.com/product/170675_200w.jpg,2,2267,https://cpt.tcgcsv.com/whn2,2024-07-26T17:14:28.83,1,"3 DARK Dragon monsters
<br>If this card is Special Summoned: You can draw 1 card. You can only use this effect of “Vorticular Drumgon” once per turn. During the turn you applied this effect, unused Monster Zones this card points to cannot be used.",,0.05,0.25,5.0,0.14,0.11,1st Edition,CYHO-EN041,Super Rare,DARK,Link/Effect Monster,Dragon,1000,,3,Left;Bottom;Right
170675,Vorticular Drumgon,Vorticular Drumgon,https://tcgplayer-cdn.tcgplayer.com/product/170675_200w.jpg,2,2267,https://cpt.tcgcsv.com/whn2,2024-07-26T17:14:28.83,1,"3 DARK Dragon monsters
<br>If this card is Special Summoned: You can draw 1 card. You can only use this effect of “Vorticular Drumgon” once per turn. During the turn you applied this effect, unused Monster Zones this card points to cannot be used.",,0.02,0.25,1.49,0.18,0.11,Unlimited,CYHO-EN041,Super Rare,DARK,Link/Effect Monster,Dragon,1000,,3,Left;Bottom;Right
170676,Crusadia Magius,Crusadia Magius,https://tcgplayer-cdn.tcgplayer.com/product/170676_200w.jpg,2,2267,https://cpt.tcgcsv.com/xhn2,2024-07-26T17:14:28.86,1,"1 ""Crusadia"" monster, except “Crusadia Magius”
<br>Gains ATK equal to the original ATK of the monster it points to. Monsters this card points to cannot attack. If an Effect Monster is Special Summoned to a zone this card points to: You can add 1 ""Crusadia"" monster from your Deck to your hand. You can only use this effect of “Crusadia Magius” once per turn.",,0.05,0.3,2.0,0.19,0.14,1st Edition,CYHO-EN042,Super Rare,LIGHT,Link/Effect Monster,Spellcaster,100,,1,Bottom
170676,Crusadia Magius,Crusadia Magius,https://tcgplayer-cdn.tcgplayer.com/product/170676_200w.jpg,2,2267,https://cpt.tcgcsv.com/xhn2,2024-07-26T17:14:28.86,1,"1 ""Crusadia"" monster, except “Crusadia Magius”
<br>Gains ATK equal to the original ATK of the monster it points to. Monsters this card points to cannot attack. If an Effect Monster is Special Summoned to a zone this card points to: You can add 1 ""Crusadia"" monster from your Deck to your hand. You can only use this effect of “Crusadia Magius” once per turn.",,0.05,0.35,2.0,0.16,,Unlimited,CYHO-EN042,Super Rare,LIGHT,Link/Effect Monster,Spellcaster,100,,1,Bottom
170677,Crusadia Regulex,Crusadia Regulex,https://tcgplayer-cdn.tcgplayer.com/product/170677_200w.jpg,2,2267,https://cpt.tcgcsv.com/zhn2,2024-07-26T17:14:28.89,1,"2 Effect Monsters, including at least 1 ""Crusadia"" monster
<br>Gains ATK equal to the original ATK of all monsters it points to. Monsters this card points to cannot attack. If an Effect Monster(s) is Special Summoned to a zone this card points to: You can add 1 ""Crusadia"" Spell/Trap from your Deck to your hand. You can only use this effect of “Crusadia Regulex” once per turn.",,0.07,0.2,1.49,0.15,0.08,Unlimited,CYHO-EN043,Common,LIGHT,Link/Effect Monster,,1000,,2,Bottom;Top
170677,Crusadia Regulex,Crusadia Regulex,https://tcgplayer-cdn.tcgplayer.com/product/170677_200w.jpg,2,2267,https://cpt.tcgcsv.com/zhn2,2024-07-26T17:14:28.89,1,"2 Effect Monsters, including at least 1 ""Crusadia"" monster
<br>Gains ATK equal to the original ATK of all monsters it points to. Monsters this card points to cannot attack. If an Effect Monster(s) is Special Summoned to a zone this card points to: You can add 1 ""Crusadia"" Spell/Trap from your Deck to your hand. You can only use this effect of “Crusadia Regulex” once per turn.",,0.05,0.24,2.0,0.12,0.07,1st Edition,CYHO-EN043,Common,LIGHT,Link/Effect Monster,,1000,,2,Bottom;Top
170685,Crusadia Equimax,Crusadia Equimax,https://tcgplayer-cdn.tcgplayer.com/product/170685_200w.jpg,2,2267,https://cpt.tcgcsv.com/Khn2,2018-09-14T19:31:55.723,1,"2+ Effect Monsters, including at least 1 Link Monster
<br>Gains ATK equal to the original ATK of all monsters it points to. Monsters this card points to cannot attack. Once per turn (Quick Effect): You can Tribute 1 ""Crusadia"" or ""World Legacy"" monster this card points to, then target 1 face-up card your opponent controls; it has its effects negated until the end of this turn.",,0.1,0.69,5.0,0.35,,1st Edition,CYHO-EN044,Ultra Rare,LIGHT,Link/Effect Monster,Cyberse,2000,,3,Bottom-Right;Bottom-Left;Top
170685,Crusadia Equimax,Crusadia Equimax,https://tcgplayer-cdn.tcgplayer.com/product/170685_200w.jpg,2,2267,https://cpt.tcgcsv.com/Khn2,2018-09-14T19:31:55.723,1,"2+ Effect Monsters, including at least 1 Link Monster
<br>Gains ATK equal to the original ATK of all monsters it points to. Monsters this card points to cannot attack. Once per turn (Quick Effect): You can Tribute 1 ""Crusadia"" or ""World Legacy"" monster this card points to, then target 1 face-up card your opponent controls; it has its effects negated until the end of this turn.",,0.15,0.75,2.98,0.18,,Unlimited,CYHO-EN044,Ultra Rare,LIGHT,Link/Effect Monster,Cyberse,2000,,3,Bottom-Right;Bottom-Left;Top
170688,Mekk-Knight of the Morning Star,Mekk Knight of the Morning Star,https://tcgplayer-cdn.tcgplayer.com/product/170688_200w.jpg,2,2267,https://cpt.tcgcsv.com/Nhn2,2023-10-30T05:21:29.14,1,"2 monsters, including at least 1 ""Mekk-Knight"" monster
<br>If this card is Link Summoned: You can discard 1 ""Mekk-Knight"" monster or ""World Legacy"" card; add 1 ""World Legacy"" card from your Deck to your hand. You can only use this effect of ""Mekk-Knight Morning Star"" once per turn. Your ""Mekk-Knight"" monsters cannot be destroyed by battle with monsters in a different column from them, also you take no battle damage from those battles.",,0.68,1.05,19.99,0.97,,Unlimited,CYHO-EN045,Secret Rare,LIGHT,Link/Effect Monster,Machine,2000,,2,Bottom-Right;Bottom-Left
170688,Mekk-Knight of the Morning Star,Mekk Knight of the Morning Star,https://tcgplayer-cdn.tcgplayer.com/product/170688_200w.jpg,2,2267,https://cpt.tcgcsv.com/Nhn2,2023-10-30T05:21:29.14,1,"2 monsters, including at least 1 ""Mekk-Knight"" monster
<br>If this card is Link Summoned: You can discard 1 ""Mekk-Knight"" monster or ""World Legacy"" card; add 1 ""World Legacy"" card from your Deck to your hand. You can only use this effect of ""Mekk-Knight Morning Star"" once per turn. Your ""Mekk-Knight"" monsters cannot be destroyed by battle with monsters in a different column from them, also you take no battle damage from those battles.",,0.59,1.68,20.0,1.49,1.9,1st Edition,CYHO-EN045,Secret Rare,LIGHT,Link/Effect Monster,Machine,2000,,2,Bottom-Right;Bottom-Left
170689,Cyber Dragon Sieger,Cyber Dragon Sieger,https://tcgplayer-cdn.tcgplayer.com/product/170689_200w.jpg,2,2267,https://cpt.tcgcsv.com/Phn2,2018-12-24T00:58:45.69,1,"2 Machine monsters, including at least 1 ""Cyber Dragon""
<br>This card’s name becomes “Cyber Dragon” while on the field or in the GY. During the Battle Phase, if this card did not declare an attack (Quick Effect): You can target 1 Machine monster you control with 2100 or more ATK; that monster gains 2100 ATK/DEF, also neither player takes battle damage from battles involving this card. (These changes last until the end of this turn.) You can only use this effect of ""Cyber Dragon Sieger"" once per turn.",,3.9,5.49,10.0,4.78,,Unlimited,CYHO-EN046,Ultra Rare,LIGHT,Link/Effect Monster,Machine,2100,,2,Left;Bottom
170689,Cyber Dragon Sieger,Cyber Dragon Sieger,https://tcgplayer-cdn.tcgplayer.com/product/170689_200w.jpg,2,2267,https://cpt.tcgcsv.com/Phn2,2018-12-24T00:58:45.69,1,"2 Machine monsters, including at least 1 ""Cyber Dragon""
<br>This card’s name becomes “Cyber Dragon” while on the field or in the GY. During the Battle Phase, if this card did not declare an attack (Quick Effect): You can target 1 Machine monster you control with 2100 or more ATK; that monster gains 2100 ATK/DEF, also neither player takes battle damage from battles involving this card. (These changes last until the end of this turn.) You can only use this effect of ""Cyber Dragon Sieger"" once per turn.",,4.51,5.94,15.32,5.32,6.38,1st Edition,CYHO-EN046,Ultra Rare,LIGHT,Link/Effect Monster,Machine,2100,,2,Left;Bottom
170710,Sky Striker Ace - Hayate,Sky Striker Ace Hayate,https://tcgplayer-cdn.tcgplayer.com/product/170710_200w.jpg,2,2267,https://cpt.tcgcsv.com/djn2,2025-04-01T09:43:03.41,1,"1 non-WIND ""Sky Striker Ace"" monster
<br>This card can attack directly. After damage calculation, if this card battled: You can send 1 ""Sky Striker"" card from your Deck to the GY. You can only Special Summon ""Sky Striker Ace - Hayate(s)"" once per turn.",,0.41,0.75,2.47,0.56,,1st Edition,CYHO-EN047,Super Rare,WIND,Link/Effect Monster,Machine,1500,,1,Bottom-Left
170710,Sky Striker Ace - Hayate,Sky Striker Ace Hayate,https://tcgplayer-cdn.tcgplayer.com/product/170710_200w.jpg,2,2267,https://cpt.tcgcsv.com/djn2,2025-04-01T09:43:03.41,1,"1 non-WIND ""Sky Striker Ace"" monster
<br>This card can attack directly. After damage calculation, if this card battled: You can send 1 ""Sky Striker"" card from your Deck to the GY. You can only Special Summon ""Sky Striker Ace - Hayate(s)"" once per turn.",,0.4,0.98,4.99,0.53,,Unlimited,CYHO-EN047,Super Rare,WIND,Link/Effect Monster,Machine,1500,,1,Bottom-Left
170725,Reprodocus,Reprodocus,https://tcgplayer-cdn.tcgplayer.com/product/170725_200w.jpg,2,2267,https://cpt.tcgcsv.com/wjn2,2018-09-14T19:33:14.34,1,"2 monsters
<br>You can activate 1 of these effects. You can only use this effect of ""Reprodocus"" once per turn.
<br>• Declare 1 Monster Type; all face-up monsters this card points to become that Type until the end of this turn.
<br>• Declare 1 Attribute; all face-up monsters this card points to become that Attribute until the end of this turn.",,0.2,0.44,2.0,0.27,0.3,1st Edition,CYHO-EN048,Rare,EARTH,Link/Effect Monster,Dinosaur,800,,2,Bottom;Top
170725,Reprodocus,Reprodocus,https://tcgplayer-cdn.tcgplayer.com/product/170725_200w.jpg,2,2267,https://cpt.tcgcsv.com/wjn2,2018-09-14T19:33:14.34,1,"2 monsters
<br>You can activate 1 of these effects. You can only use this effect of ""Reprodocus"" once per turn.
<br>• Declare 1 Monster Type; all face-up monsters this card points to become that Type until the end of this turn.
<br>• Declare 1 Attribute; all face-up monsters this card points to become that Attribute until the end of this turn.",,0.2,0.43,1.51,0.25,0.44,Unlimited,CYHO-EN048,Rare,EARTH,Link/Effect Monster,Dinosaur,800,,2,Bottom;Top
170726,Wee Witch's Apprentice,Wee Witchs Apprentice,https://tcgplayer-cdn.tcgplayer.com/product/170726_200w.jpg,2,2267,https://cpt.tcgcsv.com/xjn2,2018-09-14T19:33:23.943,1,"2 DARK monsters
<br>All DARK monsters on the field gain 500 ATK/DEF, also all LIGHT monsters on the field lose 400 ATK/DEF. If this card is destroyed by battle or card effect: You can target 1 DARK monster in your GY; add it to your hand. You can only use this effect of ""Wee Witch's Apprentice"" once per turn.",,0.2,0.74,2.5,0.53,0.67,1st Edition,CYHO-EN049,Super Rare,DARK,Link/Effect Monster,Spellcaster,1400,,2,Bottom-Right;Bottom-Left
170726,Wee Witch's Apprentice,Wee Witchs Apprentice,https://tcgplayer-cdn.tcgplayer.com/product/170726_200w.jpg,2,2267,https://cpt.tcgcsv.com/xjn2,2018-09-14T19:33:23.943,1,"2 DARK monsters
<br>All DARK monsters on the field gain 500 ATK/DEF, also all LIGHT monsters on the field lose 400 ATK/DEF. If this card is destroyed by battle or card effect: You can target 1 DARK monster in your GY; add it to your hand. You can only use this effect of ""Wee Witch's Apprentice"" once per turn.",,0.25,0.61,2.46,0.5,,Unlimited,CYHO-EN049,Super Rare,DARK,Link/Effect Monster,Spellcaster,1400,,2,Bottom-Right;Bottom-Left
170727,Hip Hoshiningen,Hip Hoshiningen,https://tcgplayer-cdn.tcgplayer.com/product/170727_200w.jpg,2,2267,https://cpt.tcgcsv.com/zjn2,2018-09-14T19:33:34.523,1,"2 LIGHT monsters
<br>All LIGHT monsters on the field gain 500 ATK/DEF, also all DARK monsters on the field lose 400 ATK/DEF. If this card is destroyed by battle or card effect: You can target 1 LIGHT monster in your GY; add it to your hand. You can only use this effect of ""Hip Hoshiningen"" once per turn.",,0.1,0.4,1.99,0.21,0.27,Unlimited,CYHO-EN050,Super Rare,LIGHT,Link/Effect Monster,Fairy,1400,,2,Bottom-Right;Bottom-Left
170727,Hip Hoshiningen,Hip Hoshiningen,https://tcgplayer-cdn.tcgplayer.com/product/170727_200w.jpg,2,2267,https://cpt.tcgcsv.com/zjn2,2018-09-14T19:33:34.523,1,"2 LIGHT monsters
<br>All LIGHT monsters on the field gain 500 ATK/DEF, also all DARK monsters on the field lose 400 ATK/DEF. If this card is destroyed by battle or card effect: You can target 1 LIGHT monster in your GY; add it to your hand. You can only use this effect of ""Hip Hoshiningen"" once per turn.",,0.1,0.45,5.0,0.25,,1st Edition,CYHO-EN050,Super Rare,LIGHT,Link/Effect Monster,Fairy,1400,,2,Bottom-Right;Bottom-Left
170728,Cynet Ritual,Cynet Ritual,https://tcgplayer-cdn.tcgplayer.com/product/170728_200w.jpg,2,2267,https://cpt.tcgcsv.com/Bjn2,2022-10-04T11:06:52.21,1,"This card can be used to Ritual Summon any Cyberse Ritual Monsters. Ritual Summon 1 Cyberse Ritual Monster from your hand, by Tributing monsters from your hand or field whose total Levels equal or exceed the Level of that Ritual Monster. During your Main Phase if you control no monsters, except during the turn this card was sent to the GY: You can banish this card and 1 Ritual Monster from your GY; Special Summon 2 ""Cynet Tokens"" (Cyberse/LIGHT/Level 4/ATK 0/DEF 0) in Defense Position.",,0.01,0.32,1.49,0.27,0.33,Unlimited,CYHO-EN051,Rare,SPELL,Ritual Spell,,,,,
170728,Cynet Ritual,Cynet Ritual,https://tcgplayer-cdn.tcgplayer.com/product/170728_200w.jpg,2,2267,https://cpt.tcgcsv.com/Bjn2,2022-10-04T11:06:52.21,1,"This card can be used to Ritual Summon any Cyberse Ritual Monsters. Ritual Summon 1 Cyberse Ritual Monster from your hand, by Tributing monsters from your hand or field whose total Levels equal or exceed the Level of that Ritual Monster. During your Main Phase if you control no monsters, except during the turn this card was sent to the GY: You can banish this card and 1 Ritual Monster from your GY; Special Summon 2 ""Cynet Tokens"" (Cyberse/LIGHT/Level 4/ATK 0/DEF 0) in Defense Position.",,0.2,0.3,1.55,0.28,0.21,1st Edition,CYHO-EN051,Rare,SPELL,Ritual Spell,,,,,
170729,Zero Extra Link,Zero Extra Link,https://tcgplayer-cdn.tcgplayer.com/product/170729_200w.jpg,2,2267,https://cpt.tcgcsv.com/Cjn2,2018-09-14T19:34:00.1,1,"Activate this card by targeting 1 Link Monster you control co-linked to a Link Monster in the Extra Monster Zone. The targeted monster gains 800 ATK for each Link Monster on the field. If a Link Monster is Link Summoned using the targeted monster as material: That Link Monster gains ATK equal to the ATK gained by the above effect, until the end of this turn. After damage calculation, if the targeted monster attacked: Destroy this card.",,0.01,0.2,1.49,0.11,,Unlimited,CYHO-EN052,Common,SPELL,Continuous Spell,,,,,
170729,Zero Extra Link,Zero Extra Link,https://tcgplayer-cdn.tcgplayer.com/product/170729_200w.jpg,2,2267,https://cpt.tcgcsv.com/Cjn2,2018-09-14T19:34:00.1,1,"Activate this card by targeting 1 Link Monster you control co-linked to a Link Monster in the Extra Monster Zone. The targeted monster gains 800 ATK for each Link Monster on the field. If a Link Monster is Link Summoned using the targeted monster as material: That Link Monster gains ATK equal to the ATK gained by the above effect, until the end of this turn. After damage calculation, if the targeted monster attacked: Destroy this card.",,0.02,0.2,1.33,0.18,0.08,1st Edition,CYHO-EN052,Common,SPELL,Continuous Spell,,,,,
170730,Borrel Regenerator,Borrel Regenerator,https://tcgplayer-cdn.tcgplayer.com/product/170730_200w.jpg,2,2267,https://cpt.tcgcsv.com/Djn2,2021-12-05T09:15:47.66,1,"Activate this card by targeting 1 ""Rokket"" monster in your GY; Special Summon it and equip it with this card. When this card leaves the field, banish that monster. If this card is sent to the GY because the equipped monster was destroyed: You can draw 1 card. You can only use each effect of ""Borrel Regenerator"" once per turn.",,0.01,0.18,5.14,0.11,,Unlimited,CYHO-EN053,Common,SPELL,Equip Spell,,,,,
170730,Borrel Regenerator,Borrel Regenerator,https://tcgplayer-cdn.tcgplayer.com/product/170730_200w.jpg,2,2267,https://cpt.tcgcsv.com/Djn2,2021-12-05T09:15:47.66,1,"Activate this card by targeting 1 ""Rokket"" monster in your GY; Special Summon it and equip it with this card. When this card leaves the field, banish that monster. If this card is sent to the GY because the equipped monster was destroyed: You can draw 1 card. You can only use each effect of ""Borrel Regenerator"" once per turn.",,0.01,0.22,1.7,0.13,0.06,1st Edition,CYHO-EN053,Common,SPELL,Equip Spell,,,,,
170731,Crusadia Revival,Crusadia Revival,https://tcgplayer-cdn.tcgplayer.com/product/170731_200w.jpg,2,2267,https://cpt.tcgcsv.com/Fjn2,2024-07-26T17:14:28.937,1,"All ""Crusadia"" Link Monsters on the field gain 500 ATK. Once per turn: You can target 1 ""Crusadia"" Link Monster you control; this turn, that monster can attack all monsters your opponent controls, once each, also other monsters cannot attack.",,0.1,0.25,2.0,0.15,0.15,1st Edition,CYHO-EN054,Super Rare,SPELL,Field Spell,,,,,
170731,Crusadia Revival,Crusadia Revival,https://tcgplayer-cdn.tcgplayer.com/product/170731_200w.jpg,2,2267,https://cpt.tcgcsv.com/Fjn2,2024-07-26T17:14:28.937,1,"All ""Crusadia"" Link Monsters on the field gain 500 ATK. Once per turn: You can target 1 ""Crusadia"" Link Monster you control; this turn, that monster can attack all monsters your opponent controls, once each, also other monsters cannot attack.",,0.06,0.25,2.0,0.15,,Unlimited,CYHO-EN054,Super Rare,SPELL,Field Spell,,,,,
170732,Crusadia Power,Crusadia Power,https://tcgplayer-cdn.tcgplayer.com/product/170732_200w.jpg,2,2267,https://cpt.tcgcsv.com/Gjn2,2024-07-26T17:14:28.97,1,"Target 1 ""Crusadia"" monster you control; this turn, that target is unaffected by card effects, except for its own effects. ""You can only activate 1 ""Crusadia Power"" per turn.""",,0.09,0.25,2.0,0.15,,1st Edition,CYHO-EN055,Common,SPELL,Quick-Play Spell,,,,,
170732,Crusadia Power,Crusadia Power,https://tcgplayer-cdn.tcgplayer.com/product/170732_200w.jpg,2,2267,https://cpt.tcgcsv.com/Gjn2,2024-07-26T17:14:28.97,1,"Target 1 ""Crusadia"" monster you control; this turn, that target is unaffected by card effects, except for its own effects. ""You can only activate 1 ""Crusadia Power"" per turn.""",,0.05,0.2,10.0,0.14,,Unlimited,CYHO-EN055,Common,SPELL,Quick-Play Spell,,,,,
170733,Cycle of the World,Cycle of the World,https://tcgplayer-cdn.tcgplayer.com/product/170733_200w.jpg,2,2267,https://cpt.tcgcsv.com/Hjn2,2024-07-26T17:14:29.017,1,"This card is used to Ritual Summon ""Ruin, Queen of Oblivion"" or ""Demise, King of Armageddon"". You must also Tribute monsters you control whose total Levels equal or exceed the Level of the monster you Ritual Summon. During your Main Phase, except the turn this card was sent to the GY: You can shuffle this card from your GY into the Deck; add 1 ""End of the World"" from your Deck to your hand, then you can add 1 ""Ruin, Queen of Oblivion"" or ""Demise, King of Armageddon"" from your GY to your hand.",,0.1,0.25,1.41,0.21,0.16,1st Edition,CYHO-EN056,Common,SPELL,Ritual Spell,,,,,
170733,Cycle of the World,Cycle of the World,https://tcgplayer-cdn.tcgplayer.com/product/170733_200w.jpg,2,2267,https://cpt.tcgcsv.com/Hjn2,2024-07-26T17:14:29.017,1,"This card is used to Ritual Summon ""Ruin, Queen of Oblivion"" or ""Demise, King of Armageddon"". You must also Tribute monsters you control whose total Levels equal or exceed the Level of the monster you Ritual Summon. During your Main Phase, except the turn this card was sent to the GY: You can shuffle this card from your GY into the Deck; add 1 ""End of the World"" from your Deck to your hand, then you can add 1 ""Ruin, Queen of Oblivion"" or ""Demise, King of Armageddon"" from your GY to your hand.",,0.1,0.28,1.49,0.3,0.3,Unlimited,CYHO-EN056,Common,SPELL,Ritual Spell,,,,,
170734,Breaking of the World,Breaking of the World,https://tcgplayer-cdn.tcgplayer.com/product/170734_200w.jpg,2,2267,https://cpt.tcgcsv.com/Jjn2,2024-07-26T17:14:29.047,1,"Once per turn: You can target 1 Ritual Monster you control; reveal 1 Ritual Monster in your hand (keep it revealed until the end of this turn), and if you do, for the rest of the turn, the Level of that monster in your hand becomes the targeted monster's. Once per turn, if ""Ruin, Queen of Oblivion"" and/or ""Demise, King of Armageddon"" is Ritual Summoned to your field: You can activate 1 of these effects.
<br>• Draw 1 card.
<br>• Destroy 1 card on the field.",,0.07,0.22,1.49,0.15,0.13,1st Edition,CYHO-EN057,Common,SPELL,Field Spell,,,,,
170734,Breaking of the World,Breaking of the World,https://tcgplayer-cdn.tcgplayer.com/product/170734_200w.jpg,2,2267,https://cpt.tcgcsv.com/Jjn2,2024-07-26T17:14:29.047,1,"Once per turn: You can target 1 Ritual Monster you control; reveal 1 Ritual Monster in your hand (keep it revealed until the end of this turn), and if you do, for the rest of the turn, the Level of that monster in your hand becomes the targeted monster's. Once per turn, if ""Ruin, Queen of Oblivion"" and/or ""Demise, King of Armageddon"" is Ritual Summoned to your field: You can activate 1 of these effects.
<br>• Draw 1 card.
<br>• Destroy 1 card on the field.",,0.1,0.21,1.49,0.21,0.18,Unlimited,CYHO-EN057,Common,SPELL,Field Spell,,,,,
170735,Turning of the World,Turning of the World,https://tcgplayer-cdn.tcgplayer.com/product/170735_200w.jpg,2,2267,https://cpt.tcgcsv.com/Kjn2,2024-07-26T17:14:29.11,1,"Ritual Summon 1 ""Ruin, Queen of Oblivion"" or ""Demise, King of Armageddon"" from your hand or Deck. You must also Tribute Ritual Monsters from your hand whose total Levels equal or exceed the Level of the Ritual Monster you Ritual Summon. You can only activate 1 “Turning of the World” per turn.",,0.05,0.25,1.49,0.21,,1st Edition,CYHO-EN058,Common,SPELL,Quick-Play Spell,,,,,
170735,Turning of the World,Turning of the World,https://tcgplayer-cdn.tcgplayer.com/product/170735_200w.jpg,2,2267,https://cpt.tcgcsv.com/Kjn2,2024-07-26T17:14:29.11,1,"Ritual Summon 1 ""Ruin, Queen of Oblivion"" or ""Demise, King of Armageddon"" from your hand or Deck. You must also Tribute Ritual Monsters from your hand whose total Levels equal or exceed the Level of the Ritual Monster you Ritual Summon. You can only activate 1 “Turning of the World” per turn.",,0.05,0.22,1.49,0.16,,Unlimited,CYHO-EN058,Common,SPELL,Quick-Play Spell,,,,,
170736,Cyber Revsystem,Cyber Revsystem,https://tcgplayer-cdn.tcgplayer.com/product/170736_200w.jpg,2,2267,https://cpt.tcgcsv.com/Ljn2,2023-11-24T08:52:42.157,1,"Special Summon 1 ""Cyber Dragon"" from your hand or GY, and if you do, it cannot be destroyed by card effects.",,1.67,2.0,4.23,2.05,3.19,Unlimited,CYHO-EN059,Secret Rare,SPELL,Normal Spell,,,,,
170736,Cyber Revsystem,Cyber Revsystem,https://tcgplayer-cdn.tcgplayer.com/product/170736_200w.jpg,2,2267,https://cpt.tcgcsv.com/Ljn2,2023-11-24T08:52:42.157,1,"Special Summon 1 ""Cyber Dragon"" from your hand or GY, and if you do, it cannot be destroyed by card effects.",,1.6,2.77,19.98,2.32,1.99,1st Edition,CYHO-EN059,Secret Rare,SPELL,Normal Spell,,,,,
170737,World Legacy Survivor,World Legacy Survivor,https://tcgplayer-cdn.tcgplayer.com/product/170737_200w.jpg,2,2267,https://cpt.tcgcsv.com/Mjn2,2024-07-26T17:14:29.157,1,"Excavate the top 5 cards of your Deck, then if you excavated a ""Krawler"" monster or a ""World Legacy"" card, add 1 of them to your hand, also send the remaining cards to the GY. Otherwise, shuffle all excavated cards into the Deck. For the rest of this turn after this card resolves, you cannot Special Summon monsters from the Extra Deck, except Link Monsters. You can only activate 1 ""World Legacy Survivor"" per turn.",,0.1,0.25,5.19,0.13,0.14,Unlimited,CYHO-EN060,Super Rare,SPELL,Normal Spell,,,,,
170737,World Legacy Survivor,World Legacy Survivor,https://tcgplayer-cdn.tcgplayer.com/product/170737_200w.jpg,2,2267,https://cpt.tcgcsv.com/Mjn2,2024-07-26T17:14:29.157,1,"Excavate the top 5 cards of your Deck, then if you excavated a ""Krawler"" monster or a ""World Legacy"" card, add 1 of them to your hand, also send the remaining cards to the GY. Otherwise, shuffle all excavated cards into the Deck. For the rest of this turn after this card resolves, you cannot Special Summon monsters from the Extra Deck, except Link Monsters. You can only activate 1 ""World Legacy Survivor"" per turn.",,0.01,0.27,1.62,0.16,,1st Edition,CYHO-EN060,Super Rare,SPELL,Normal Spell,,,,,
170738,World Legacy's Memory,World Legacys Memory,https://tcgplayer-cdn.tcgplayer.com/product/170738_200w.jpg,2,2267,https://cpt.tcgcsv.com/Njn2,2024-07-26T17:14:29.203,1,"Special Summon 1 ""Mekk-Knight"" monster from your hand or Deck in face-up Defense Position, but return it to the hand during the End Phase. For the rest of this turn after this card resolves, you cannot Special Summon monsters, except ""Mekk-Knight"" monsters. You can only activate 1 ""World Legacy's Memory"" per turn.",,0.01,0.25,1.49,0.21,0.12,Unlimited,CYHO-EN061,Common,SPELL,Quick-Play Spell,,,,,
170738,World Legacy's Memory,World Legacys Memory,https://tcgplayer-cdn.tcgplayer.com/product/170738_200w.jpg,2,2267,https://cpt.tcgcsv.com/Njn2,2024-07-26T17:14:29.203,1,"Special Summon 1 ""Mekk-Knight"" monster from your hand or Deck in face-up Defense Position, but return it to the hand during the End Phase. For the rest of this turn after this card resolves, you cannot Special Summon monsters, except ""Mekk-Knight"" monsters. You can only activate 1 ""World Legacy's Memory"" per turn.",,0.05,0.25,1.39,0.17,0.11,1st Edition,CYHO-EN061,Common,SPELL,Quick-Play Spell,,,,,
170739,Mythical Institution,Mythical Institution,https://tcgplayer-cdn.tcgplayer.com/product/170739_200w.jpg,2,2267,https://cpt.tcgcsv.com/Pjn2,2024-07-26T17:14:29.233,1,"Each time a face-up ""Mythical Beast"" Pendulum Monster Card(s) you control is destroyed by battle or card effect, place 2 Spell Counters on this card. Once per turn: You can remove any number of Spell Counters from your field; add 1 monster from your Deck or 1 face-up Pendulum Monster from your Extra Deck to your hand that you can place a Spell Counter on, whose Level is equal to the number of Spell Counters you removed. If this card on the field would be destroyed by a card effect, you can remove 1 Spell Counter from this card instead.",,0.08,0.22,1.49,0.17,0.25,Unlimited,CYHO-EN062,Common,SPELL,Continuous Spell,,,,,
170739,Mythical Institution,Mythical Institution,https://tcgplayer-cdn.tcgplayer.com/product/170739_200w.jpg,2,2267,https://cpt.tcgcsv.com/Pjn2,2024-07-26T17:14:29.233,1,"Each time a face-up ""Mythical Beast"" Pendulum Monster Card(s) you control is destroyed by battle or card effect, place 2 Spell Counters on this card. Once per turn: You can remove any number of Spell Counters from your field; add 1 monster from your Deck or 1 face-up Pendulum Monster from your Extra Deck to your hand that you can place a Spell Counter on, whose Level is equal to the number of Spell Counters you removed. If this card on the field would be destroyed by a card effect, you can remove 1 Spell Counter from this card instead.",,0.07,0.23,1.41,0.23,,1st Edition,CYHO-EN062,Common,SPELL,Continuous Spell,,,,,
170740,Beast Magic Attack,Beast Magic Attack,https://tcgplayer-cdn.tcgplayer.com/product/170740_200w.jpg,2,2267,https://cpt.tcgcsv.com/Qjn2,2024-07-26T17:14:29.297,1,"Remove Spell Counters from your field to activate 1 of these effects;
<br>• 2 Counters: Return 1 ""Mythical Beast"" Pendulum Monster you control to the hand.
<br>• 4 Counters: Special Summon 1 face-up ""Mythical Beast"" Pendulum Monster from your Extra Deck, then you can place 2 Spell Counters on it.
<br>• 6 Counters: Special Summon 1 face-up Pendulum Monster from your Extra Deck.
You can only activate 1 ""Beast Magic Attack"" per turn.",,0.01,0.2,1.49,0.09,0.05,1st Edition,CYHO-EN063,Common,SPELL,Quick-Play Spell,,,,,
170740,Beast Magic Attack,Beast Magic Attack,https://tcgplayer-cdn.tcgplayer.com/product/170740_200w.jpg,2,2267,https://cpt.tcgcsv.com/Qjn2,2024-07-26T17:14:29.297,1,"Remove Spell Counters from your field to activate 1 of these effects;
<br>• 2 Counters: Return 1 ""Mythical Beast"" Pendulum Monster you control to the hand.
<br>• 4 Counters: Special Summon 1 face-up ""Mythical Beast"" Pendulum Monster from your Extra Deck, then you can place 2 Spell Counters on it.
<br>• 6 Counters: Special Summon 1 face-up Pendulum Monster from your Extra Deck.
You can only activate 1 ""Beast Magic Attack"" per turn.",,0.01,0.15,1.49,0.13,0.06,Unlimited,CYHO-EN063,Common,SPELL,Quick-Play Spell,,,,,
170741,Celestial Observatory,Celestial Observatory,https://tcgplayer-cdn.tcgplayer.com/product/170741_200w.jpg,2,2267,https://cpt.tcgcsv.com/Rjn2,2024-02-25T05:38:33.753,1,"Place 1 Level 6 monster from your hand or face-up from your field on the bottom of the Deck; draw 2 cards. You can only activate 1 ""Celestial Observatory"" per turn.",,0.25,1.0,15.99,0.59,0.5,1st Edition,CYHO-EN064,Secret Rare,SPELL,Normal Spell,,,,,
170741,Celestial Observatory,Celestial Observatory,https://tcgplayer-cdn.tcgplayer.com/product/170741_200w.jpg,2,2267,https://cpt.tcgcsv.com/Rjn2,2024-02-25T05:38:33.753,1,"Place 1 Level 6 monster from your hand or face-up from your field on the bottom of the Deck; draw 2 cards. You can only activate 1 ""Celestial Observatory"" per turn.",,0.38,0.72,5.0,0.49,0.5,Unlimited,CYHO-EN064,Secret Rare,SPELL,Normal Spell,,,,,
170742,Solitary Sword of Poison,Solitary Sword of Poison,https://tcgplayer-cdn.tcgplayer.com/product/170742_200w.jpg,2,2267,https://cpt.tcgcsv.com/Sjn2,2024-07-26T17:14:29.353,1,"Equip only to a monster you control. If the equipped monster battles an opponent's monster, double its original ATK/DEF during that damage calculation only. If you control a monster other than the equipped monster, send this card to the GY. You can only control 1 ""Solitary Sword of Poison"".",,0.01,0.2,1.49,0.12,0.11,1st Edition,CYHO-EN065,Common,SPELL,Equip Spell,,,,,
170742,Solitary Sword of Poison,Solitary Sword of Poison,https://tcgplayer-cdn.tcgplayer.com/product/170742_200w.jpg,2,2267,https://cpt.tcgcsv.com/Sjn2,2024-07-26T17:14:29.353,1,"Equip only to a monster you control. If the equipped monster battles an opponent's monster, double its original ATK/DEF during that damage calculation only. If you control a monster other than the equipped monster, send this card to the GY. You can only control 1 ""Solitary Sword of Poison"".",,0.04,0.2,1.49,0.14,0.1,Unlimited,CYHO-EN065,Common,SPELL,Equip Spell,,,,,
170743,Cross Breed,Cross Breed,https://tcgplayer-cdn.tcgplayer.com/product/170743_200w.jpg,2,2267,https://cpt.tcgcsv.com/Tjn2,2021-11-10T19:43:54.7,1,"Banish 2 monsters from your hand and/or face-up from your field with the same original Type and Attribute but different names; add 1 monster from your Deck to your hand with the same original Type and Attribute as those monsters, but with a different name. You can only activate 1 ""Cross Breed"" per turn.",,0.03,0.24,2.0,0.15,0.11,1st Edition,CYHO-EN066,Rare,SPELL,Normal Spell,,,,,
170743,Cross Breed,Cross Breed,https://tcgplayer-cdn.tcgplayer.com/product/170743_200w.jpg,2,2267,https://cpt.tcgcsv.com/Tjn2,2021-11-10T19:43:54.7,1,"Banish 2 monsters from your hand and/or face-up from your field with the same original Type and Attribute but different names; add 1 monster from your Deck to your hand with the same original Type and Attribute as those monsters, but with a different name. You can only activate 1 ""Cross Breed"" per turn.",,0.02,0.22,1.59,0.08,0.05,Unlimited,CYHO-EN066,Rare,SPELL,Normal Spell,,,,,
170744,Ledger of Legerdemain,Ledger of Legerdemain,https://tcgplayer-cdn.tcgplayer.com/product/170744_200w.jpg,2,2267,https://cpt.tcgcsv.com/Vjn2,2023-01-08T10:56:39.877,1,"Banish 3 cards from the top of your Deck, face-down; during your 3rd Standby Phase after this card's activation, add those 3 banished cards to your hand. You can only activate 1 ""Ledger of Legerdemain"" per turn.",,0.33,0.8,11.89,0.58,0.69,1st Edition,CYHO-EN067,Secret Rare,SPELL,Normal Spell,,,,,
170744,Ledger of Legerdemain,Ledger of Legerdemain,https://tcgplayer-cdn.tcgplayer.com/product/170744_200w.jpg,2,2267,https://cpt.tcgcsv.com/Vjn2,2023-01-08T10:56:39.877,1,"Banish 3 cards from the top of your Deck, face-down; during your 3rd Standby Phase after this card's activation, add those 3 banished cards to your hand. You can only activate 1 ""Ledger of Legerdemain"" per turn.",,0.19,0.72,32.05,0.69,,Unlimited,CYHO-EN067,Secret Rare,SPELL,Normal Spell,,,,,
170745,Shield Handler,Shield Handler,https://tcgplayer-cdn.tcgplayer.com/product/170745_200w.jpg,2,2267,https://cpt.tcgcsv.com/Wjn2,2018-09-14T19:37:16.87,1,"When a card or effect is activated that would destroy a monster(s) on the field: Target 1 Link Monster on each player's field; that opponent's monster has its effects negated, and if it does, equip this card to that monster you control. The equipped monster cannot be destroyed by card effects.",,0.02,0.2,1.99,0.13,,Unlimited,CYHO-EN068,Common,TRAP,Normal Trap,,,,,
170745,Shield Handler,Shield Handler,https://tcgplayer-cdn.tcgplayer.com/product/170745_200w.jpg,2,2267,https://cpt.tcgcsv.com/Wjn2,2018-09-14T19:37:16.87,1,"When a card or effect is activated that would destroy a monster(s) on the field: Target 1 Link Monster on each player's field; that opponent's monster has its effects negated, and if it does, equip this card to that monster you control. The equipped monster cannot be destroyed by card effects.",,0.01,0.2,1.34,0.12,,1st Edition,CYHO-EN068,Common,TRAP,Normal Trap,,,,,
170746,Mirror Force Launcher,Mirror Force Launcher,https://tcgplayer-cdn.tcgplayer.com/product/170746_200w.jpg,2,2267,https://cpt.tcgcsv.com/Xjn2,2025-05-18T09:57:42.197,1,"Once per turn, during your Main Phase: You can discard 1 monster; add 1 ""Mirror Force"" from your Deck or GY to your hand. If this Set card is destroyed by your opponent's card effect and sent to the GY: You can Set this card from your GY and 1 ""Mirror Force"" from your hand, Deck, or GY to your field, also they can be activated this turn.",,0.09,0.33,1.49,0.22,0.2,Unlimited,CYHO-EN069,Super Rare,TRAP,Continuous Trap,,,,,
170746,Mirror Force Launcher,Mirror Force Launcher,https://tcgplayer-cdn.tcgplayer.com/product/170746_200w.jpg,2,2267,https://cpt.tcgcsv.com/Xjn2,2025-05-18T09:57:42.197,1,"Once per turn, during your Main Phase: You can discard 1 monster; add 1 ""Mirror Force"" from your Deck or GY to your hand. If this Set card is destroyed by your opponent's card effect and sent to the GY: You can Set this card from your GY and 1 ""Mirror Force"" from your hand, Deck, or GY to your field, also they can be activated this turn.",,0.01,0.35,1.39,0.18,0.2,1st Edition,CYHO-EN069,Super Rare,TRAP,Continuous Trap,,,,,
170747,Link Turret,Link Turret,https://tcgplayer-cdn.tcgplayer.com/product/170747_200w.jpg,2,2267,https://cpt.tcgcsv.com/Zjn2,2018-09-14T19:37:50.737,1,"If this card is activated: Place 4 counters on it. Each time you take battle damage, place 1 of these counters on this card. During your Main Phase 2: You can remove 1 of these counters from this card, then target 1 ""Rokket"" monster in your GY; Special Summon it, but it has its effects negated, also banish it when it leaves the field. You cannot Special Summon monsters from the Extra Deck the turn you activate this effect, except DARK Link Monsters.",,0.04,0.2,1.99,0.11,,Unlimited,CYHO-EN070,Common,TRAP,Continuous Trap,,,,,
170747,Link Turret,Link Turret,https://tcgplayer-cdn.tcgplayer.com/product/170747_200w.jpg,2,2267,https://cpt.tcgcsv.com/Zjn2,2018-09-14T19:37:50.737,1,"If this card is activated: Place 4 counters on it. Each time you take battle damage, place 1 of these counters on this card. During your Main Phase 2: You can remove 1 of these counters from this card, then target 1 ""Rokket"" monster in your GY; Special Summon it, but it has its effects negated, also banish it when it leaves the field. You cannot Special Summon monsters from the Extra Deck the turn you activate this effect, except DARK Link Monsters.",,0.04,0.21,1.36,0.1,,1st Edition,CYHO-EN070,Common,TRAP,Continuous Trap,,,,,
170748,Crusadia Vanguard,Crusadia Vanguard,https://tcgplayer-cdn.tcgplayer.com/product/170748_200w.jpg,2,2267,https://cpt.tcgcsv.com/-jn2,2018-09-14T19:39:56.58,1,"When this card is activated: You can Tribute 1 ""Crusadia"" or ""World Legacy"" monster; Special Summon 1 ""Crusadia"" or ""World Legacy"" monster with a different original name from your Deck or GY. If you control a ""Crusadia"" Link Monster, your opponent's monsters cannot target monsters for attacks, except Link Monsters. You can only activate 1 ""Crusadia Vanguard"" per turn.",,0.05,0.22,1.36,0.16,0.11,1st Edition,CYHO-EN071,Common,TRAP,Continuous Trap,,,,,
170748,Crusadia Vanguard,Crusadia Vanguard,https://tcgplayer-cdn.tcgplayer.com/product/170748_200w.jpg,2,2267,https://cpt.tcgcsv.com/-jn2,2018-09-14T19:39:56.58,1,"When this card is activated: You can Tribute 1 ""Crusadia"" or ""World Legacy"" monster; Special Summon 1 ""Crusadia"" or ""World Legacy"" monster with a different original name from your Deck or GY. If you control a ""Crusadia"" Link Monster, your opponent's monsters cannot target monsters for attacks, except Link Monsters. You can only activate 1 ""Crusadia Vanguard"" per turn.",,0.02,0.2,1.49,0.1,0.1,Unlimited,CYHO-EN071,Common,TRAP,Continuous Trap,,,,,
170749,Renewal of the World,Renewal of the World,https://tcgplayer-cdn.tcgplayer.com/product/170749_200w.jpg,2,2267,https://cpt.tcgcsv.com/_jn2,2024-07-26T17:14:29.48,1,"When this card is activated: Banish 1 Ritual Monster from your Deck. You can only use the following effect of “Renewal of the World” once per turn. You can send this card to the GY, then activate 1 of these effects;
<br>• Ritual Summon the Ritual Monster banished by this card's effect, by Tributing 1 monster from your hand whose Level equals or exceeds that banished monster's OR by shuffling into the Deck, 1 Ritual Monster from your GY whose Level equals or exceeds that banished monster's.
<br>• Add the monster banished by this card’s effect to your hand.",,0.15,0.55,1.9,0.54,,1st Edition,CYHO-EN072,Rare,TRAP,Continuous Trap,,,,,
170749,Renewal of the World,Renewal of the World,https://tcgplayer-cdn.tcgplayer.com/product/170749_200w.jpg,2,2267,https://cpt.tcgcsv.com/_jn2,2024-07-26T17:14:29.48,1,"When this card is activated: Banish 1 Ritual Monster from your Deck. You can only use the following effect of “Renewal of the World” once per turn. You can send this card to the GY, then activate 1 of these effects;
<br>• Ritual Summon the Ritual Monster banished by this card's effect, by Tributing 1 monster from your hand whose Level equals or exceeds that banished monster's OR by shuffling into the Deck, 1 Ritual Monster from your GY whose Level equals or exceeds that banished monster's.
<br>• Add the monster banished by this card’s effect to your hand.",,0.23,0.47,1.53,0.49,,Unlimited,CYHO-EN072,Rare,TRAP,Continuous Trap,,,,,
170750,Cybernetic Overflow,Cybernetic Overflow,https://tcgplayer-cdn.tcgplayer.com/product/170750_200w.jpg,2,2267,https://cpt.tcgcsv.com/0kn2,2024-07-26T17:14:29.51,1,"Banish any number of ""Cyber Dragon"" that have different Levels from each other from your hand, GY, and/or face-up from your field, then destroy the same number of cards your opponent controls. If this card on the field is destroyed by a card effect: You can add 1 ""Cyber"" Spell/Trap from your Deck to your hand. You can only use each effect of ""Cybernetic Overflow"" once per turn.",,0.05,0.22,1.89,0.18,,1st Edition,CYHO-EN073,Common,TRAP,Normal Trap,,,,,
170750,Cybernetic Overflow,Cybernetic Overflow,https://tcgplayer-cdn.tcgplayer.com/product/170750_200w.jpg,2,2267,https://cpt.tcgcsv.com/0kn2,2024-07-26T17:14:29.51,1,"Banish any number of ""Cyber Dragon"" that have different Levels from each other from your hand, GY, and/or face-up from your field, then destroy the same number of cards your opponent controls. If this card on the field is destroyed by a card effect: You can add 1 ""Cyber"" Spell/Trap from your Deck to your hand. You can only use each effect of ""Cybernetic Overflow"" once per turn.",,0.06,0.22,1.88,0.11,,Unlimited,CYHO-EN073,Common,TRAP,Normal Trap,,,,,
170751,Dragunity Legion,Dragunity Legion,https://tcgplayer-cdn.tcgplayer.com/product/170751_200w.jpg,2,2267,https://cpt.tcgcsv.com/2kn2,2018-09-14T19:40:31.117,1,"You can activate 1 of these effects, also you cannot Special Summon monsters for the rest of this turn, except ""Dragunity"" monsters.
<br>• Target 1 ""Dragunity"" Monster Card in your Spell & Trap Zone; Special Summon it in Defense Position.
<br>• Target 1 ""Dragunity"" monster you control; equip 1 ""Dragunity"" monster from your GY to that target as an Equip Card.
<br>You can only use this effect of “Dragunity Legion (card)” once per turn.",,0.05,0.25,1.49,0.17,0.11,1st Edition,CYHO-EN074,Common,TRAP,Continuous Trap,,,,,
170751,Dragunity Legion,Dragunity Legion,https://tcgplayer-cdn.tcgplayer.com/product/170751_200w.jpg,2,2267,https://cpt.tcgcsv.com/2kn2,2018-09-14T19:40:31.117,1,"You can activate 1 of these effects, also you cannot Special Summon monsters for the rest of this turn, except ""Dragunity"" monsters.
<br>• Target 1 ""Dragunity"" Monster Card in your Spell & Trap Zone; Special Summon it in Defense Position.
<br>• Target 1 ""Dragunity"" monster you control; equip 1 ""Dragunity"" monster from your GY to that target as an Equip Card.
<br>You can only use this effect of “Dragunity Legion (card)” once per turn.",,0.05,0.21,1.49,0.14,0.11,Unlimited,CYHO-EN074,Common,TRAP,Continuous Trap,,,,,
170752,World Legacy's Mind Meld,World Legacys Mind Meld,https://tcgplayer-cdn.tcgplayer.com/product/170752_200w.jpg,2,2267,https://cpt.tcgcsv.com/3kn2,2024-07-26T17:14:29.557,1,"When your opponent activates a monster effect while you control a ""Krawler"" monster: The activated effect becomes ""Return 1 face-up monster your opponent controls to the hand"". You can banish this card from your GY, then target 1 Link Monster on the field; Special Summon 1 “Krawler” monster from your hand, Deck, or GY in face-down Defense Position to your zone the targeted monster points to. You can only use 1 “World Legacy's Mind Meld” effect per turn, and only once that turn.",,0.04,0.19,1.49,0.08,,Unlimited,CYHO-EN075,Common,TRAP,Normal Trap,,,,,
170752,World Legacy's Mind Meld,World Legacys Mind Meld,https://tcgplayer-cdn.tcgplayer.com/product/170752_200w.jpg,2,2267,https://cpt.tcgcsv.com/3kn2,2024-07-26T17:14:29.557,1,"When your opponent activates a monster effect while you control a ""Krawler"" monster: The activated effect becomes ""Return 1 face-up monster your opponent controls to the hand"". You can banish this card from your GY, then target 1 Link Monster on the field; Special Summon 1 “Krawler” monster from your hand, Deck, or GY in face-down Defense Position to your zone the targeted monster points to. You can only use 1 “World Legacy's Mind Meld” effect per turn, and only once that turn.",,0.05,0.23,1.38,0.1,0.06,1st Edition,CYHO-EN075,Common,TRAP,Normal Trap,,,,,
170753,Metaphys Ascension,Metaphys Ascension,https://tcgplayer-cdn.tcgplayer.com/product/170753_200w.jpg,2,2267,https://cpt.tcgcsv.com/5kn2,2024-07-26T17:14:29.593,1,"Discard 1 ""Metaphys"" card; draw 1 card, then you can banish 1 ""Metaphys"" monster from your Deck. If this card is banished: You can add 1 ""Metaphys"" card from your Deck to your hand, except ""Metaphys Ascension"". You can only use 1 ""Metaphys Ascension"" effect per turn, and only once that turn.",,0.04,0.2,1.49,0.16,0.21,Unlimited,CYHO-EN076,Common,TRAP,Normal Trap,,,,,
170753,Metaphys Ascension,Metaphys Ascension,https://tcgplayer-cdn.tcgplayer.com/product/170753_200w.jpg,2,2267,https://cpt.tcgcsv.com/5kn2,2024-07-26T17:14:29.593,1,"Discard 1 ""Metaphys"" card; draw 1 card, then you can banish 1 ""Metaphys"" monster from your Deck. If this card is banished: You can add 1 ""Metaphys"" card from your Deck to your hand, except ""Metaphys Ascension"". You can only use 1 ""Metaphys Ascension"" effect per turn, and only once that turn.",,0.05,0.23,1.36,0.18,0.25,1st Edition,CYHO-EN076,Common,TRAP,Normal Trap,,,,,
170754,Ballista Squad,Ballista Squad,https://tcgplayer-cdn.tcgplayer.com/product/170754_200w.jpg,2,2267,https://cpt.tcgcsv.com/6kn2,2024-07-26T17:14:29.67,1,"Tribute 1 monster, then target 1 card your opponent controls; destroy that card.",,0.05,0.21,1.99,0.15,0.14,Unlimited,CYHO-EN077,Common,TRAP,Normal Trap,,,,,
170754,Ballista Squad,Ballista Squad,https://tcgplayer-cdn.tcgplayer.com/product/170754_200w.jpg,2,2267,https://cpt.tcgcsv.com/6kn2,2024-07-26T17:14:29.67,1,"Tribute 1 monster, then target 1 card your opponent controls; destroy that card.",,0.08,0.22,1.41,0.14,0.2,1st Edition,CYHO-EN077,Common,TRAP,Normal Trap,,,,,
170755,The Deep Grave,The Deep Grave,https://tcgplayer-cdn.tcgplayer.com/product/170755_200w.jpg,2,2267,https://cpt.tcgcsv.com/7kn2,2018-09-14T19:41:15.67,1,"Target 1 monster in either player's GY; during your next Standby Phase, Special Summon it.",,0.01,0.25,1.49,0.11,,Unlimited,CYHO-EN078,Rare,TRAP,Normal Trap,,,,,
170755,The Deep Grave,The Deep Grave,https://tcgplayer-cdn.tcgplayer.com/product/170755_200w.jpg,2,2267,https://cpt.tcgcsv.com/7kn2,2018-09-14T19:41:15.67,1,"Target 1 monster in either player's GY; during your next Standby Phase, Special Summon it.",,0.08,0.25,1.4,0.2,0.22,1st Edition,CYHO-EN078,Rare,TRAP,Normal Trap,,,,,
170756,Universal Adapter,Universal Adapter,https://tcgplayer-cdn.tcgplayer.com/product/170756_200w.jpg,2,2267,https://cpt.tcgcsv.com/8kn2,2018-09-14T19:41:33.52,1,"Target 1 face-up monster your opponent controls; the ATK of all other monsters currently on the field become equal to that monster's ATK, until the end of this turn.",,0.01,0.2,1.49,0.2,,Unlimited,CYHO-EN079,Common,TRAP,Normal Trap,,,,,
170756,Universal Adapter,Universal Adapter,https://tcgplayer-cdn.tcgplayer.com/product/170756_200w.jpg,2,2267,https://cpt.tcgcsv.com/8kn2,2018-09-14T19:41:33.52,1,"Target 1 face-up monster your opponent controls; the ATK of all other monsters currently on the field become equal to that monster's ATK, until the end of this turn.",,0.03,0.23,1.35,0.32,,1st Edition,CYHO-EN079,Common,TRAP,Normal Trap,,,,,
170757,Dealer's Choice,Dealers Choice,https://tcgplayer-cdn.tcgplayer.com/product/170757_200w.jpg,2,2267,https://cpt.tcgcsv.com/9kn2,2018-09-14T19:46:04.733,1,"Both players shuffle their Decks, and if they do, they each draw 1 card, then each player discards 1 card.",,0.04,0.22,1.35,0.14,,1st Edition,CYHO-EN080,Common,TRAP,Normal Trap,,,,,
170757,Dealer's Choice,Dealers Choice,https://tcgplayer-cdn.tcgplayer.com/product/170757_200w.jpg,2,2267,https://cpt.tcgcsv.com/9kn2,2018-09-14T19:46:04.733,1,"Both players shuffle their Decks, and if they do, they each draw 1 card, then each player discards 1 card.",,0.01,0.2,1.49,0.1,,Unlimited,CYHO-EN080,Common,TRAP,Normal Trap,,,,,
170758,Pinpoint Landing,Pinpoint Landing,https://tcgplayer-cdn.tcgplayer.com/product/170758_200w.jpg,2,2267,https://cpt.tcgcsv.com/bkn2,2018-09-14T19:41:58.783,1,"If exactly 1 monster is Special Summoned, from the hand to your field: You can draw 1 card. You can only use this effect of ""Pinpoint Landing"" once per turn. During your End Phase, if you have not drawn a card by this effect this turn, send this card to the GY.",,0.5,1.78,20.0,0.87,5.99,1st Edition,CYHO-EN081,Secret Rare,SPELL,Continuous Spell,,,,,
170758,Pinpoint Landing,Pinpoint Landing,https://tcgplayer-cdn.tcgplayer.com/product/170758_200w.jpg,2,2267,https://cpt.tcgcsv.com/bkn2,2018-09-14T19:41:58.783,1,"If exactly 1 monster is Special Summoned, from the hand to your field: You can draw 1 card. You can only use this effect of ""Pinpoint Landing"" once per turn. During your End Phase, if you have not drawn a card by this effect this turn, send this card to the GY.",,0.41,1.67,8.0,0.58,,Unlimited,CYHO-EN081,Secret Rare,SPELL,Continuous Spell,,,,,
170759,Danger! Bigfoot!,Danger Bigfoot,https://tcgplayer-cdn.tcgplayer.com/product/170759_200w.jpg,2,2267,https://cpt.tcgcsv.com/ckn2,2022-04-11T04:55:39.197,1,"You can reveal this card in your hand; your opponent randomly chooses 1 card from your entire hand, then you discard the chosen card. Then, if the discarded card was not “Danger! Bigfoot!”, Special Summon 1 “Danger! Bigfoot!” from your hand, and if you do, draw 1 card. If this card is discarded: You can target 1 face-up card on the field; destroy it. You can only use this effect of ""Danger! Bigfoot!"" once per turn.",,0.8,1.99,59.98,1.24,0.99,1st Edition,CYHO-EN082,Secret Rare,DARK,Effect Monster,,3000,0,,
170759,Danger! Bigfoot!,Danger Bigfoot,https://tcgplayer-cdn.tcgplayer.com/product/170759_200w.jpg,2,2267,https://cpt.tcgcsv.com/ckn2,2022-04-11T04:55:39.197,1,"You can reveal this card in your hand; your opponent randomly chooses 1 card from your entire hand, then you discard the chosen card. Then, if the discarded card was not “Danger! Bigfoot!”, Special Summon 1 “Danger! Bigfoot!” from your hand, and if you do, draw 1 card. If this card is discarded: You can target 1 face-up card on the field; destroy it. You can only use this effect of ""Danger! Bigfoot!"" once per turn.",,0.69,1.9,7.82,1.42,0.97,Unlimited,CYHO-EN082,Secret Rare,DARK,Effect Monster,,3000,0,,
170760,Danger! Nessie!,Danger Nessie,https://tcgplayer-cdn.tcgplayer.com/product/170760_200w.jpg,2,2267,https://cpt.tcgcsv.com/dkn2,2018-09-14T19:42:21.807,1,"You can reveal this card in your hand; your opponent randomly chooses 1 card from your entire hand, then you discard the chosen card. Then, if the discarded card was not “Danger! Nessie!”, Special Summon 1 “Danger! Nessie!” from your hand, and if you do, draw 1 card. If this card is discarded: You can add 1 ""Danger!"" card from your Deck to your hand, except ""Danger! Nessie!"" You can only use this effect of ""Danger! Nessie!"" once per turn.",,1.9,3.21,23.99,2.79,2.0,1st Edition,CYHO-EN083,Secret Rare,DARK,Effect Monster,Aqua,1600,2800,,
170760,Danger! Nessie!,Danger Nessie,https://tcgplayer-cdn.tcgplayer.com/product/170760_200w.jpg,2,2267,https://cpt.tcgcsv.com/dkn2,2018-09-14T19:42:21.807,1,"You can reveal this card in your hand; your opponent randomly chooses 1 card from your entire hand, then you discard the chosen card. Then, if the discarded card was not “Danger! Nessie!”, Special Summon 1 “Danger! Nessie!” from your hand, and if you do, draw 1 card. If this card is discarded: You can add 1 ""Danger!"" card from your Deck to your hand, except ""Danger! Nessie!"" You can only use this effect of ""Danger! Nessie!"" once per turn.",,1.32,2.4,41.98,1.75,2.97,Unlimited,CYHO-EN083,Secret Rare,DARK,Effect Monster,Aqua,1600,2800,,
170761,Danger! Chupacabra!,Danger Chupacabra,https://tcgplayer-cdn.tcgplayer.com/product/170761_200w.jpg,2,2267,https://cpt.tcgcsv.com/fkn2,2018-09-14T19:42:31.863,1,"You can reveal this card in your hand; your opponent randomly chooses 1 card from your entire hand, then you discard the chosen card. Then, if the discarded card was not “Danger! Chupacabra!”, Special Summon 1 “Danger! Chupacabra!” from your hand, and if you do, draw 1 card. If this card is discarded: You can target 1 ""Danger!"" monster in your GY, except ""Danger! Chupacabra!""; Special Summon it. You can only use this effect of ""Danger! Chupacabra!"" once per turn.",,0.75,1.49,8.5,1.07,2.96,Unlimited,CYHO-EN084,Ultra Rare,DARK,Effect Monster,Fiend,1500,400,,
170761,Danger! Chupacabra!,Danger Chupacabra,https://tcgplayer-cdn.tcgplayer.com/product/170761_200w.jpg,2,2267,https://cpt.tcgcsv.com/fkn2,2018-09-14T19:42:31.863,1,"You can reveal this card in your hand; your opponent randomly chooses 1 card from your entire hand, then you discard the chosen card. Then, if the discarded card was not “Danger! Chupacabra!”, Special Summon 1 “Danger! Chupacabra!” from your hand, and if you do, draw 1 card. If this card is discarded: You can target 1 ""Danger!"" monster in your GY, except ""Danger! Chupacabra!""; Special Summon it. You can only use this effect of ""Danger! Chupacabra!"" once per turn.",,0.82,1.45,10.0,1.2,2.44,1st Edition,CYHO-EN084,Ultra Rare,DARK,Effect Monster,Fiend,1500,400,,
170762,Danger!? Jackalope?,Danger Jackalope,https://tcgplayer-cdn.tcgplayer.com/product/170762_200w.jpg,2,2267,https://cpt.tcgcsv.com/gkn2,2022-11-28T18:00:57.883,1,"You can reveal this card in your hand; your opponent randomly chooses 1 card from your entire hand, then you discard the chosen card. Then, if the discarded card was not “Danger?! Jackalope?”, Special Summon 1 “Danger!? Jackalope?” from your hand, and if you do, draw 1 card. If this card is discarded: You can Special Summon 1 ""Danger!"" monster from your Deck in Defense Position, except ""Danger?! Jackalope?"". You can only use this effect of ""Danger!? Jackalope?"" once per turn.",,0.46,0.99,9.99,0.55,,Unlimited,CYHO-EN085,Ultra Rare,DARK,Effect Monster,,500,2000,,
170762,Danger!? Jackalope?,Danger Jackalope,https://tcgplayer-cdn.tcgplayer.com/product/170762_200w.jpg,2,2267,https://cpt.tcgcsv.com/gkn2,2022-11-28T18:00:57.883,1,"You can reveal this card in your hand; your opponent randomly chooses 1 card from your entire hand, then you discard the chosen card. Then, if the discarded card was not “Danger?! Jackalope?”, Special Summon 1 “Danger!? Jackalope?” from your hand, and if you do, draw 1 card. If this card is discarded: You can Special Summon 1 ""Danger!"" monster from your Deck in Defense Position, except ""Danger?! Jackalope?"". You can only use this effect of ""Danger!? Jackalope?"" once per turn.",,0.4,0.85,13.0,0.74,,1st Edition,CYHO-EN085,Ultra Rare,DARK,Effect Monster,,500,2000,,
170763,Realm of Danger!,Realm of Danger,https://tcgplayer-cdn.tcgplayer.com/product/170763_200w.jpg,2,2267,https://cpt.tcgcsv.com/hkn2,2024-07-26T17:14:29.747,1,"Your opponent cannot target ""Danger!"" monsters you control with card effects during the turn they are Special Summoned. Once per turn: You can target 1 ""Danger!"" monster you control; while you control that face-up monster and this face-up card, that monster can attack directly, also your opponent's monsters cannot target that monster for attacks, but it does not prevent your opponent from attacking you directly.",,0.03,0.35,1.9,0.19,,Unlimited,CYHO-EN086,Ultra Rare,SPELL,Field Spell,,,,,
170763,Realm of Danger!,Realm of Danger,https://tcgplayer-cdn.tcgplayer.com/product/170763_200w.jpg,2,2267,https://cpt.tcgcsv.com/hkn2,2024-07-26T17:14:29.747,1,"Your opponent cannot target ""Danger!"" monsters you control with card effects during the turn they are Special Summoned. Once per turn: You can target 1 ""Danger!"" monster you control; while you control that face-up monster and this face-up card, that monster can attack directly, also your opponent's monsters cannot target that monster for attacks, but it does not prevent your opponent from attacking you directly.",,0.01,0.4,2.9,0.22,,1st Edition,CYHO-EN086,Ultra Rare,SPELL,Field Spell,,,,,
170764,Danger! Zone,Danger Zone,https://tcgplayer-cdn.tcgplayer.com/product/170764_200w.jpg,2,2267,https://cpt.tcgcsv.com/jkn2,2018-09-14T19:43:05.307,1,"Draw 3 cards, then discard 2 cards, including at least 1 ""Danger!"" card, or if you have no ""Danger!"" cards in your hand, show your opponent your entire hand and shuffle it into the Deck. You can only activate 1 ""Danger! Zone"" per turn.",,0.7,1.1,3.99,1.05,1.24,1st Edition,CYHO-EN087,Ultra Rare,TRAP,Normal Trap,,,,,
170764,Danger! Zone,Danger Zone,https://tcgplayer-cdn.tcgplayer.com/product/170764_200w.jpg,2,2267,https://cpt.tcgcsv.com/jkn2,2018-09-14T19:43:05.307,1,"Draw 3 cards, then discard 2 cards, including at least 1 ""Danger!"" card, or if you have no ""Danger!"" cards in your hand, show your opponent your entire hand and shuffle it into the Deck. You can only activate 1 ""Danger! Zone"" per turn.",,0.48,0.88,5.0,0.82,,Unlimited,CYHO-EN087,Ultra Rare,TRAP,Normal Trap,,,,,
170765,Noble Knight Custennin,Noble Knight Custennin,https://tcgplayer-cdn.tcgplayer.com/product/170765_200w.jpg,2,2267,https://cpt.tcgcsv.com/kkn2,2018-09-14T19:43:16.277,1,"If you control a ""Noble Arms"" Equip Spell, you can Special Summon this card (from your hand). You can only Special Summon ""Noble Knight Custennin"" once per turn this way. A ""Noble Knight"" monster that was Synchro, Xyz or Link Summoned using this card on the field as material gains this effect.
<br>• If this card is Special Summoned: You can Normal Summon 1 ""Noble Knight"" monster during your Main Phase this turn, in addition to your Normal Summon/Set (you can only gain this effect once per turn), also, you cannot Special Summon monsters from the Extra Deck for the rest of this turn, except ""Noble Knight"" monsters.",,0.01,0.34,1.4,0.21,0.1,1st Edition,CYHO-EN088,Super Rare,LIGHT,Effect Monster,Warrior,1000,2000,,
170765,Noble Knight Custennin,Noble Knight Custennin,https://tcgplayer-cdn.tcgplayer.com/product/170765_200w.jpg,2,2267,https://cpt.tcgcsv.com/kkn2,2018-09-14T19:43:16.277,1,"If you control a ""Noble Arms"" Equip Spell, you can Special Summon this card (from your hand). You can only Special Summon ""Noble Knight Custennin"" once per turn this way. A ""Noble Knight"" monster that was Synchro, Xyz or Link Summoned using this card on the field as material gains this effect.
<br>• If this card is Special Summoned: You can Normal Summon 1 ""Noble Knight"" monster during your Main Phase this turn, in addition to your Normal Summon/Set (you can only gain this effect once per turn), also, you cannot Special Summon monsters from the Extra Deck for the rest of this turn, except ""Noble Knight"" monsters.",,0.09,0.28,1.4,0.22,0.2,Unlimited,CYHO-EN088,Super Rare,LIGHT,Effect Monster,Warrior,1000,2000,,
170766,Sacred Noble Knight of King Custennin,Sacred Noble Knight of King Custennin,https://tcgplayer-cdn.tcgplayer.com/product/170766_200w.jpg,2,2267,https://cpt.tcgcsv.com/lkn2,2018-09-14T19:43:26.753,1,"2+ Level 4 ""Noble Knight"" monsters
<Br>You can detach any number of materials from this card, then target that many cards your opponent controls; return them to the hand. If this card is destroyed by battle or card effect and sent to the GY: You can Special Summon 1 ""Noble Knight"" Xyz Monster from your Extra Deck, except ""Sacred Noble Knight of King Custennin"", and if you do, attach this card from the GY to that monster as material. (This is treated as an Xyz Summon.) You can only use each effect of ""Sacred Noble Knight of King Custennin"" once per turn.",,0.2,0.75,3.5,0.56,,1st Edition,CYHO-EN089,Ultra Rare,LIGHT,Xyz/Effect Monster,Warior,1500,2500,,
170766,Sacred Noble Knight of King Custennin,Sacred Noble Knight of King Custennin,https://tcgplayer-cdn.tcgplayer.com/product/170766_200w.jpg,2,2267,https://cpt.tcgcsv.com/lkn2,2018-09-14T19:43:26.753,1,"2+ Level 4 ""Noble Knight"" monsters
<Br>You can detach any number of materials from this card, then target that many cards your opponent controls; return them to the hand. If this card is destroyed by battle or card effect and sent to the GY: You can Special Summon 1 ""Noble Knight"" Xyz Monster from your Extra Deck, except ""Sacred Noble Knight of King Custennin"", and if you do, attach this card from the GY to that monster as material. (This is treated as an Xyz Summon.) You can only use each effect of ""Sacred Noble Knight of King Custennin"" once per turn.",,0.29,0.55,3.3,0.55,,Unlimited,CYHO-EN089,Ultra Rare,LIGHT,Xyz/Effect Monster,Warior,1500,2500,,
170767,Noble Knight Pellinore,Noble Knight Pellinore,https://tcgplayer-cdn.tcgplayer.com/product/170767_200w.jpg,2,2267,https://cpt.tcgcsv.com/mkn2,2018-09-14T19:43:49.47,1,"You can target 1 ""Noble Arms"" Equip Spell equipped to this card and 1 face-up monster your opponent controls; destroy them, then draw 1 card, also, this card cannot attack for the rest of this turn. You can only use this effect of ""Noble Knight Pellinore"" once per turn.",,0.05,0.3,1.59,0.18,,1st Edition,CYHO-EN090,Super Rare,LIGHT,Effect Monster,Warrior,1900,500,,
170767,Noble Knight Pellinore,Noble Knight Pellinore,https://tcgplayer-cdn.tcgplayer.com/product/170767_200w.jpg,2,2267,https://cpt.tcgcsv.com/mkn2,2018-09-14T19:43:49.47,1,"You can target 1 ""Noble Arms"" Equip Spell equipped to this card and 1 face-up monster your opponent controls; destroy them, then draw 1 card, also, this card cannot attack for the rest of this turn. You can only use this effect of ""Noble Knight Pellinore"" once per turn.",,0.05,0.25,1.37,0.13,,Unlimited,CYHO-EN090,Super Rare,LIGHT,Effect Monster,Warrior,1900,500,,
170768,Noble Arms - Clarent,Noble Arms Clarent,https://tcgplayer-cdn.tcgplayer.com/product/170768_200w.jpg,2,2267,https://cpt.tcgcsv.com/nkn2,2024-07-26T17:14:29.81,1,"Equip only to a Warrior monster. You can only control 1 ""Noble Arms - Clarent"". Once per turn: You can pay 500 LP; the equipped monster can attack directly this turn. If this face-up card on the field is destroyed and sent to the GY: You can target 1 Warrior ""Noble Knight"" monster you control; equip this card to that target. You can only use this effect of ""Noble Arms - Clarent"" once per turn.",,0.12,0.24,1.43,0.16,,1st Edition,CYHO-EN091,Common,SPELL,Equip Spell,,,,,
170768,Noble Arms - Clarent,Noble Arms Clarent,https://tcgplayer-cdn.tcgplayer.com/product/170768_200w.jpg,2,2267,https://cpt.tcgcsv.com/nkn2,2024-07-26T17:14:29.81,1,"Equip only to a Warrior monster. You can only control 1 ""Noble Arms - Clarent"". Once per turn: You can pay 500 LP; the equipped monster can attack directly this turn. If this face-up card on the field is destroyed and sent to the GY: You can target 1 Warrior ""Noble Knight"" monster you control; equip this card to that target. You can only use this effect of ""Noble Arms - Clarent"" once per turn.",,0.16,0.25,1.49,0.19,,Unlimited,CYHO-EN091,Common,SPELL,Equip Spell,,,,,
170769,Divine Serpent Geh,Divine Serpent Geh,https://tcgplayer-cdn.tcgplayer.com/product/170769_200w.jpg,2,2267,https://cpt.tcgcsv.com/pkn2,2018-09-14T19:44:10.247,1,"Cannot be Normal Summoned/Set. Must be Special Summoned by its own effect. If a monster you control is destroyed by your opponent's attack or card effect: You can pay half your LP; Special Summon this card from your hand. Cannot be targeted by card effects. If this card attacks an opponent's monster, that monster has its effects negated, also its ATK becomes half its original ATK, during the Damage Step only. Once per battle, if this card battles, during damage calculation (Quick Effect): You can make this card's ATK become equal to the original ATK of the monster on the field with the highest original ATK (your choice, if tied).",,0.01,0.22,1.4,0.07,,1st Edition,CYHO-EN092,Common,DARK,Effect Monster,Reptile,,0,,
170769,Divine Serpent Geh,Divine Serpent Geh,https://tcgplayer-cdn.tcgplayer.com/product/170769_200w.jpg,2,2267,https://cpt.tcgcsv.com/pkn2,2018-09-14T19:44:10.247,1,"Cannot be Normal Summoned/Set. Must be Special Summoned by its own effect. If a monster you control is destroyed by your opponent's attack or card effect: You can pay half your LP; Special Summon this card from your hand. Cannot be targeted by card effects. If this card attacks an opponent's monster, that monster has its effects negated, also its ATK becomes half its original ATK, during the Damage Step only. Once per battle, if this card battles, during damage calculation (Quick Effect): You can make this card's ATK become equal to the original ATK of the monster on the field with the highest original ATK (your choice, if tied).",,0.03,0.18,1.49,0.11,,Unlimited,CYHO-EN092,Common,DARK,Effect Monster,Reptile,,0,,
170770,Performapal Handsamuraiger,Performapal Handsamuraiger,https://tcgplayer-cdn.tcgplayer.com/product/170770_200w.jpg,2,2267,https://cpt.tcgcsv.com/qkn2,2018-09-14T19:44:21.717,1,"When this card destroys an opponent's monster by battle and sends it to the GY: You can add 1 Level 5 or higher Pendulum Monster from your Deck to your hand. You can only use this effect of ""Performapal Handsamuraiger"" once per turn.",,0.01,0.15,1.49,0.05,,Unlimited,CYHO-EN093,Common,EARTH,Effect Monster,Beast-Warrior,1800,400,,
170770,Performapal Handsamuraiger,Performapal Handsamuraiger,https://tcgplayer-cdn.tcgplayer.com/product/170770_200w.jpg,2,2267,https://cpt.tcgcsv.com/qkn2,2018-09-14T19:44:21.717,1,"When this card destroys an opponent's monster by battle and sends it to the GY: You can add 1 Level 5 or higher Pendulum Monster from your Deck to your hand. You can only use this effect of ""Performapal Handsamuraiger"" once per turn.",,0.03,0.2,1.49,0.12,0.11,1st Edition,CYHO-EN093,Common,EARTH,Effect Monster,Beast-Warrior,1800,400,,
170771,Performapal Lebellman,Performapal Lebellman,https://tcgplayer-cdn.tcgplayer.com/product/170771_200w.jpg,2,2267,https://cpt.tcgcsv.com/rkn2,2018-09-14T19:44:31.737,1,"<br><strong>Pendulum Effect:</strong> Once per turn: You can increase the Levels of all Pendulum Summoned monsters you control by 1 (even if this card leaves the field).
<br><strong>Monster Effect:</strong> Once per turn: You can target 1 other ""Performapal"" monster you control, and declare a Level from 1 to 5; reduce this card's Level by the declared Level, and if you do, increase the targeted monster's Level by the declared Level. These changes last until the end of this turn.",,0.01,0.18,1.36,0.05,0.05,Unlimited,CYHO-EN094,Common,LIGHT,Pendulum/Effect Monster,Fairy,100,2600,,
170771,Performapal Lebellman,Performapal Lebellman,https://tcgplayer-cdn.tcgplayer.com/product/170771_200w.jpg,2,2267,https://cpt.tcgcsv.com/rkn2,2018-09-14T19:44:31.737,1,"<br><strong>Pendulum Effect:</strong> Once per turn: You can increase the Levels of all Pendulum Summoned monsters you control by 1 (even if this card leaves the field).
<br><strong>Monster Effect:</strong> Once per turn: You can target 1 other ""Performapal"" monster you control, and declare a Level from 1 to 5; reduce this card's Level by the declared Level, and if you do, increase the targeted monster's Level by the declared Level. These changes last until the end of this turn.",,0.02,0.2,1.34,0.09,0.07,1st Edition,CYHO-EN094,Common,LIGHT,Pendulum/Effect Monster,Fairy,100,2600,,
170772,Performapal Gold Fang,Performapal Gold Fang,https://tcgplayer-cdn.tcgplayer.com/product/170772_200w.jpg,2,2267,https://cpt.tcgcsv.com/skn2,2018-09-14T19:44:43.107,1,"<br><strong>Pendulum Effect:</strong> Once per turn, if a ""Performapal"" monster you control destroys an opponent's monster by battle: Inflict 1000 damage to your opponent.
<br><strong>Monster Effect:</strong> If this card is Normal or Special Summoned: All ""Performapal"" monsters you currently control gain 200 ATK until the end of this turn.",,0.04,0.22,1.49,0.1,0.11,Unlimited,CYHO-EN095,Rare,LIGHT,Pendulum/Effect Monster,,1800,700,,
170772,Performapal Gold Fang,Performapal Gold Fang,https://tcgplayer-cdn.tcgplayer.com/product/170772_200w.jpg,2,2267,https://cpt.tcgcsv.com/skn2,2018-09-14T19:44:43.107,1,"<br><strong>Pendulum Effect:</strong> Once per turn, if a ""Performapal"" monster you control destroys an opponent's monster by battle: Inflict 1000 damage to your opponent.
<br><strong>Monster Effect:</strong> If this card is Normal or Special Summoned: All ""Performapal"" monsters you currently control gain 200 ATK until the end of this turn.",,0.04,0.25,1.49,0.15,,1st Edition,CYHO-EN095,Rare,LIGHT,Pendulum/Effect Monster,,1800,700,,
170773,White Stingray,White Stingray,https://tcgplayer-cdn.tcgplayer.com/product/170773_200w.jpg,2,2267,https://cpt.tcgcsv.com/tkn2,2024-07-26T17:14:29.857,1,"You can Special Summon this card (from your hand) by discarding 1 WATER monster. You can only Special Summon ""White Stingray"" once per turn this way. If this card is Special Summoned from the GY: You can treat it as a Tuner this turn. You can only use this effect of ""White Stingray"" once per turn.",,0.14,0.38,1.49,0.4,0.16,Unlimited,CYHO-EN096,Rare,WATER,Effect Monster,Fish,1400,1000,,
170773,White Stingray,White Stingray,https://tcgplayer-cdn.tcgplayer.com/product/170773_200w.jpg,2,2267,https://cpt.tcgcsv.com/tkn2,2024-07-26T17:14:29.857,1,"You can Special Summon this card (from your hand) by discarding 1 WATER monster. You can only Special Summon ""White Stingray"" once per turn this way. If this card is Special Summoned from the GY: You can treat it as a Tuner this turn. You can only use this effect of ""White Stingray"" once per turn.",,0.16,0.44,4.99,0.43,0.25,1st Edition,CYHO-EN096,Rare,WATER,Effect Monster,Fish,1400,1000,,
170774,Interrupt Resistor,Interrupt Resistor,https://tcgplayer-cdn.tcgplayer.com/product/170774_200w.jpg,2,2267,https://cpt.tcgcsv.com/vkn2,2018-09-14T19:45:16.783,1,"When you take battle damage: You can Special Summon this card from your hand, and if you do, it gains ATK equal to the damage you took. Once per turn, when your other Defense Position monster is attacked by an opponent's monster, during damage calculation: You can make your monster's DEF become equal to this card's during damage calculation only, also it cannot be destroyed by that battle.",,0.03,0.25,1.36,0.23,,1st Edition,CYHO-EN097,Rare,LIGHT,Effect Monster,Cyberse,0,2100,,
170774,Interrupt Resistor,Interrupt Resistor,https://tcgplayer-cdn.tcgplayer.com/product/170774_200w.jpg,2,2267,https://cpt.tcgcsv.com/vkn2,2018-09-14T19:45:16.783,1,"When you take battle damage: You can Special Summon this card from your hand, and if you do, it gains ATK equal to the damage you took. Once per turn, when your other Defense Position monster is attacked by an opponent's monster, during damage calculation: You can make your monster's DEF become equal to this card's during damage calculation only, also it cannot be destroyed by that battle.",,0.01,0.21,1.49,0.08,,Unlimited,CYHO-EN097,Rare,LIGHT,Effect Monster,Cyberse,0,2100,,
170775,Link Disciple,Link Disciple,https://tcgplayer-cdn.tcgplayer.com/product/170775_200w.jpg,2,2267,https://cpt.tcgcsv.com/wkn2,2024-07-26T17:14:29.937,1,"1 Level 4 or lower Cyberse monster
<br>You can Tribute 1 monster this card points to; draw 1 card, then place 1 card from your hand on the bottom of your Deck. You can only use this effect of ""Link Disciple"" once per turn.",,0.1,0.37,1.43,0.26,,1st Edition,CYHO-EN098,Rare,LIGHT,Link/Effect Monster,Cyberse,500,,1,Bottom
170775,Link Disciple,Link Disciple,https://tcgplayer-cdn.tcgplayer.com/product/170775_200w.jpg,2,2267,https://cpt.tcgcsv.com/wkn2,2024-07-26T17:14:29.937,1,"1 Level 4 or lower Cyberse monster
<br>You can Tribute 1 monster this card points to; draw 1 card, then place 1 card from your hand on the bottom of your Deck. You can only use this effect of ""Link Disciple"" once per turn.",,0.12,0.32,1.43,0.34,,Unlimited,CYHO-EN098,Rare,LIGHT,Link/Effect Monster,Cyberse,500,,1,Bottom
170776,Gladiator Beast Dragases,Gladiator Beast Dragases,https://tcgplayer-cdn.tcgplayer.com/product/170776_200w.jpg,2,2267,https://cpt.tcgcsv.com/xkn2,2018-09-14T19:45:41.663,1,"2 ""Gladiator Beast"" monsters
<Br>If your ""Gladiator Beast"" monster attacks, it cannot be destroyed by that battle, also your opponent's cards and effects cannot be activated until the end of the Damage Step. At the end of the Battle Phase, if this card battled: You can return it to the Extra Deck; Special Summon 2 ""Gladiator Beast"" monsters with different names from your Deck. You can only use this effect of ""Gladiator Beast Dragacius"" once per turn.",,0.05,0.33,1.46,0.3,0.16,1st Edition,CYHO-EN099,Rare,WIND,Link/Effect Monster,Winged Beast,2000,,2,Bottom-Right;Bottom-Left
170776,Gladiator Beast Dragases,Gladiator Beast Dragases,https://tcgplayer-cdn.tcgplayer.com/product/170776_200w.jpg,2,2267,https://cpt.tcgcsv.com/xkn2,2018-09-14T19:45:41.663,1,"2 ""Gladiator Beast"" monsters
<Br>If your ""Gladiator Beast"" monster attacks, it cannot be destroyed by that battle, also your opponent's cards and effects cannot be activated until the end of the Damage Step. At the end of the Battle Phase, if this card battled: You can return it to the Extra Deck; Special Summon 2 ""Gladiator Beast"" monsters with different names from your Deck. You can only use this effect of ""Gladiator Beast Dragacius"" once per turn.",,0.1,0.26,1.49,0.25,0.21,Unlimited,CYHO-EN099,Rare,WIND,Link/Effect Monster,Winged Beast,2000,,2,Bottom-Right;Bottom-Left
175059,Cybernetic Horizon: Special Edition Display,Cybernetic Horizon Special Edition Display,https://tcgplayer-cdn.tcgplayer.com/product/175059_200w.jpg,2,2267,https://cpt.tcgcsv.com/c2q2,2018-08-31T20:34:48.493,0,Each Cybernetic Horizon: Special Edition Display comes with 10 Cybernetic Horizon: Special Edition mini boxes.,,84.95,91.93,94.99,,,Normal,,,,,,,,,
175060,Cybernetic Horizon: Special Edition Box,Cybernetic Horizon Special Edition Box,https://tcgplayer-cdn.tcgplayer.com/product/175060_200w.jpg,2,2267,https://cpt.tcgcsv.com/d2q2,2020-04-08T20:19:08.023,1,"The box include 3 Cybernetic Horizon Booster Packs, one of two Super Rare variants, and one of two Super Rare variant preview cards from an upcoming set.",,11.5,13.0,14.99,11.5,,Normal,,,,,,,,,
175578,Number 38: Hope Harbinger Dragon Titanic Galaxy,Number 38 Hope Harbinger Dragon Titanic Galaxy,https://tcgplayer-cdn.tcgplayer.com/product/175578_200w.jpg,2,2267,https://cpt.tcgcsv.com/Bfq2,2023-12-30T20:38:13.283,1,"2 Level 8 monsters
<br>Once per turn, during either player's turn, when a Spell Card or effect is activated on the field: You can negate that effect, and if you do, attach that card to this card as Xyz Material. When an opponent's monster declares an attack: You can detach 1 Xyz Material from this card; change the attack target to this card and perform damage calculation. If a face-up Xyz Monster(s) you control is destroyed by battle or card effect: You can target 1 face-up Xyz Monster you control; it gains ATK equal to 1 of those destroyed monster's original ATK.",,0.2,0.74,8.13,0.56,0.58,Limited,CYHO-ENSE2,Super Rare,LIGHT,Xyz/Effect Monster,Dragon,3000,2500,,
175579,SPYRAL Super Agent,SPYRAL Super Agent,https://tcgplayer-cdn.tcgplayer.com/product/175579_200w.jpg,2,2267,https://cpt.tcgcsv.com/Cfq2,2025-02-10T02:59:17.403,1,"If this card is in your hand: You can declare 1 card type (Monster, Spell, or Trap); reveal the top card of your opponent's Deck, and if you do, Special Summon this card if it is a card of that type. If this card is Special Summoned by the effect of a ""SPYRAL"" card: You can target 1 Spell/Trap Card your opponent controls; destroy it. You can only use each effect of ""SPYRAL Super Agent"" once per turn.",,0.01,0.37,3.45,0.18,0.14,Limited,CYHO-ENSE1,Super Rare,EARTH,Effect Monster,Warrior,1900,1200,,
175580,Eternal Galaxy,Eternal Galaxy,https://tcgplayer-cdn.tcgplayer.com/product/175580_200w.jpg,2,2267,https://cpt.tcgcsv.com/Dfq2,2018-09-13T13:50:52.963,1,"If you control a “Photon” or “Galaxy” monster: Target 1 Xyz Monster you control; Special Summon from your Extra Deck, 1 “Photon” or “Galaxy” Xyz Monster that is 4 Ranks higher than that target, by using it as the material. (This is treated as an Xyz Summon. Transfer its materials to the Summoned monster.) You can only activate 1 “Eternal Galaxy” per turn.",,0.1,0.3,1.69,0.21,,Limited,CYHO-ENSE3,Super Rare,TRAP,Normal Trap,,,,,
175581,Necro Fusion,Necro Fusion,https://tcgplayer-cdn.tcgplayer.com/product/175581_200w.jpg,2,2267,https://cpt.tcgcsv.com/Ffq2,2021-12-05T20:11:27.453,1,"Fusion Summon 1 Fusion Monster from your Extra Deck, by banishing Fusion Material from your GY face-down. That monster cannot attack this turn.",,0.01,0.39,4.3,0.31,,Limited,CYHO-ENSE4,Super Rare,TRAP,Normal Trap,,,,,
