productId,name,cleanName,imageUrl,categoryId,groupId,url,modifiedOn,imageCount,extNumber,extRarity,extAttribute,extMonsterType,extCardType,extAttack,extDefense,extDescription,lowPrice,midPrice,highPrice,marketPrice,directLowPrice,subTypeName,extUPC
24201,Mucus Yolk,Mucus Yolk,https://tcgplayer-cdn.tcgplayer.com/product/24201_200w.jpg,2,164,https://cpt.tcgcsv.com/2Jc,2024-03-28T16:15:49.227,1,DB2-EN213,Common,DARK,Aqua,Effect Monster,0,100,"This card may attack your opponent's Life Points directly. Each time this card inflicts battle damage to your opponent's Life Points, increase the ATK of this card by 1000 points during your next Standby Phase. The ATK increase lasts as long as this card",0.18,0.31,1.56,0.26,,Unlimited,
24202,Maryokutai,Maryokutai,https://tcgplayer-cdn.tcgplayer.com/product/24202_200w.jpg,2,164,https://cpt.tcgcsv.com/3Jc,2024-03-28T16:15:49.363,1,DB2-EN011,Common,WATER,Aqua,Effect Monster,900,900,"The effect of this card can only be applied during your opponent's turn. When your opponent activates a Spell Card, offer this face-up card as a Tribute to negate the activation of the Spell Card and destroy it.",0.1,0.35,1.48,0.36,,Unlimited,
24203,Catapult Turtle,Catapult Turtle,https://tcgplayer-cdn.tcgplayer.com/product/24203_200w.jpg,2,164,https://cpt.tcgcsv.com/5Jc,2024-03-28T16:15:49.533,1,DB2-EN047,Super Rare,WATER,Aqua,Effect Monster,1000,2000,Offer 1 monster on your side of the Field as a Tribute in order to inflict Direct Damage equal to half of the Tribute monster's ATK to your opponent's Life Points. Monsters used for a Tribute Summon or that are offered as Tributes due to other cards' effe,1.49,3.0,10.98,3.62,,Unlimited,
24204,Star Boy,Star Boy,https://tcgplayer-cdn.tcgplayer.com/product/24204_200w.jpg,2,164,https://cpt.tcgcsv.com/6Jc,2024-03-28T16:15:49.81,1,DB2-EN064,Common,WATER,Aqua,Effect Monster,550,500,"As long as this card remains face-up on the Field, increase the ATK of all WATER monsters by 500 points and decrease the ATK of all FIRE monsters by 400 points.",0.14,0.4,1.0,0.34,,Unlimited,
24205,Penguin Soldier,Penguin Soldier,https://tcgplayer-cdn.tcgplayer.com/product/24205_200w.jpg,2,164,https://cpt.tcgcsv.com/7Jc,2024-03-28T16:15:49.873,1,DB2-EN105,Rare,WATER,Aqua,Flip/Effect Monster,750,500,FLIP: You can return up to 2 Monster Cards from the field to the owner's hand.,0.5,0.83,1.99,0.66,,Unlimited,
24206,Maiden of the Aqua,Maiden of the Aqua,https://tcgplayer-cdn.tcgplayer.com/product/24206_200w.jpg,2,164,https://cpt.tcgcsv.com/8Jc,2024-03-28T16:15:49.933,1,DB2-EN211,Common,WATER,Aqua,Effect Monster,700,2000,"As long as this card remains face-up on the field, the field is treated as Umi. (However, there is no increasing or decreasing of ATK/DEF due to Umi's effect.) If there is an active field card on the field, this effect is not applied.",0.5,1.02,9.5,0.85,,Unlimited,
24207,Gora Turtle,Gora Turtle,https://tcgplayer-cdn.tcgplayer.com/product/24207_200w.jpg,2,164,https://cpt.tcgcsv.com/9Jc,2024-03-28T16:15:49.967,1,DB2-EN215,Common,WATER,Aqua,Effect Monster,1100,1100,"As long as this card remains face-up on the field, monsters with an ATK equal to 1900 or more cannot attack.",0.2,0.33,0.99,0.34,,Unlimited,
24208,Mystic Horseman,Mystic Horseman,https://tcgplayer-cdn.tcgplayer.com/product/24208_200w.jpg,2,164,https://cpt.tcgcsv.com/bJc,2024-03-28T16:15:50.02,1,DB2-EN048,Common,EARTH,Beast,Normal Monster,1300,1550,"Half man and half horse, this monster is known for its extreme speed.",0.1,0.25,1.98,0.11,,Unlimited,
24209,Gazelle the King of Mythical Beasts,Gazelle the King of Mythical Beasts,https://tcgplayer-cdn.tcgplayer.com/product/24209_200w.jpg,2,164,https://cpt.tcgcsv.com/cJc,2024-03-28T16:15:50.067,1,DB2-EN071,Common,EARTH,Beast,Normal Monster,1500,1200,This monster moves so fast that it looks like an illusion to mortal eyes.,0.1,0.25,1.41,0.14,,Unlimited,
24211,Milus Radiant,Milus Radiant,https://tcgplayer-cdn.tcgplayer.com/product/24211_200w.jpg,2,164,https://cpt.tcgcsv.com/fJc,2024-03-28T16:15:50.177,1,DB2-EN065,Common,EARTH,Beast,Effect Monster,300,250,"As long as this card remains face-up on the field, increase the ATK of all EARTH monsters by 500 points and decrease the ATK of all WIND monsters by 400 points.",0.24,0.49,1.61,0.56,,Unlimited,
24212,The Wicked Worm Beast,The Wicked Worm Beast,https://tcgplayer-cdn.tcgplayer.com/product/24212_200w.jpg,2,164,https://cpt.tcgcsv.com/gJc,2024-03-28T16:15:50.24,1,DB2-EN090,Common,EARTH,Beast,Effect Monster,1400,700,This card is returned to your hand at the end of your turn.,0.25,0.48,1.98,0.46,,Unlimited,
24213,King Tiger Wanghu,King Tiger Wanghu,https://tcgplayer-cdn.tcgplayer.com/product/24213_200w.jpg,2,164,https://cpt.tcgcsv.com/hJc,2024-03-28T16:15:50.297,1,DB2-EN207,Common,EARTH,Beast,Effect Monster,1700,1000,"As long as this card remains face-up on the field, all monsters with an ATK equal to 1400 or less that are Normal Summoned or Special Summoned (excluding Flip Summon) are automatically destroyed.",0.95,2.75,9.99,1.14,,Unlimited,
24214,Little Chimera,Little Chimera,https://tcgplayer-cdn.tcgplayer.com/product/24214_200w.jpg,2,164,https://cpt.tcgcsv.com/jJc,2024-03-28T16:15:50.363,1,DB2-EN067,Common,FIRE,Beast,Effect Monster,600,550,"As long as this card remains face-up on the Field, increase the ATK of all FIRE monsters by 500 points and decrease the ATK of all WATER monsters by 400 points.",0.05,0.24,0.98,0.11,,Unlimited,
24215,Inaba White Rabbit,Inaba White Rabbit,https://tcgplayer-cdn.tcgplayer.com/product/24215_200w.jpg,2,164,https://cpt.tcgcsv.com/kJc,2024-03-28T16:15:50.433,1,DB2-EN176,Common,EARTH,Beast,Spirit Monster,700,500,"This card cannot be Special Summoned. This card returns to the owner's hand during the End Phase of the turn that this card is Normal Summoned, Flip Summoned or flipped face-up. This monster attacks your opponent's Life Points directly.",0.59,0.9,2.99,0.89,,Unlimited,
24216,Battle Steer,Battle Steer,https://tcgplayer-cdn.tcgplayer.com/product/24216_200w.jpg,2,164,https://cpt.tcgcsv.com/lJc,2024-03-28T16:15:50.587,1,DB2-EN037,Common,EARTH,Beast-Warrior,Normal Monster,1800,1300,"A bull monster often found in the woods, it charges enemy monsters with a pair of deadly horns.",0.14,0.35,1.99,0.35,,Unlimited,
24217,Tiger Axe,Tiger Axe,https://tcgplayer-cdn.tcgplayer.com/product/24217_200w.jpg,2,164,https://cpt.tcgcsv.com/mJc,2024-03-28T16:15:50.743,1,DB2-EN091,Common,EARTH,Beast-Warrior,Normal Monster,1300,1100,A fast and powerful axe-wielding beast-warrior.,0.5,0.86,1.09,0.91,,Unlimited,
24218,Rabid Horseman,Rabid Horseman,https://tcgplayer-cdn.tcgplayer.com/product/24218_200w.jpg,2,164,https://cpt.tcgcsv.com/nJc,2024-03-28T16:15:50.947,1,DB2-EN049,Common,EARTH,Beast-Warrior,Fusion Monster,2000,1700,Battle Ox + Mystic Horseman,0.2,0.37,1.0,0.37,,Unlimited,
24219,Great Long Nose,Great Long Nose,https://tcgplayer-cdn.tcgplayer.com/product/24219_200w.jpg,2,164,https://cpt.tcgcsv.com/pJc,2024-03-28T16:15:51.113,1,DB2-EN180,Common,DARK,Beast-Warrior,Spirit Monster,1900,1700,"This card cannot be Special Summoned. This card returns to the owner's hand during the End Phase of the turn that this card is Normal Summoned, Flip Summoned or flipped face-up. If this card inflicts Battle Damage to your opponent's Life Points, your oppo",0.23,0.5,1.75,0.67,,Unlimited,
24220,Two-Headed King Rex,Two Headed King Rex,https://tcgplayer-cdn.tcgplayer.com/product/24220_200w.jpg,2,164,https://cpt.tcgcsv.com/qJc,2024-03-28T16:15:51.24,1,DB2-EN096,Common,EARTH,Dinosaur,Normal Monster,1600,1200,A powerful monster whose two heads attack as one.,0.7,1.42,4.98,1.45,,Unlimited,
24222,Blackland Fire Dragon,Blackland Fire Dragon,https://tcgplayer-cdn.tcgplayer.com/product/24222_200w.jpg,2,164,https://cpt.tcgcsv.com/sJc,2024-03-28T16:15:51.717,1,DB2-EN036,Common,DARK,Dragon,Normal Monster,1500,800,"A dragon that dwells in the depths of darkness, its vulnerability lies in its poor eyesight.",0.12,0.43,1.98,0.42,,Unlimited,
24223,Baby Dragon,Baby Dragon,https://tcgplayer-cdn.tcgplayer.com/product/24223_200w.jpg,2,164,https://cpt.tcgcsv.com/tJc,2024-03-28T16:15:51.793,1,DB2-EN035,Common,WIND,Dragon,Normal Monster,1200,700,"Much more than just a child, this dragon is gifted with untapped power.",0.12,0.53,1.58,0.54,,Unlimited,
24224,Luster Dragon #2,Luster Dragon 2,https://tcgplayer-cdn.tcgplayer.com/product/24224_200w.jpg,2,164,https://cpt.tcgcsv.com/vJc,2024-03-28T16:15:51.887,1,DB2-EN165,Common,WIND,Dragon,Normal Monster,1900,1600,"A very beautiful dragon covered with sapphire. It does not like fights, but has incredibly high attack power.",0.08,0.37,1.39,0.34,,Unlimited,
24225,Tyrant Dragon,Tyrant Dragon,https://tcgplayer-cdn.tcgplayer.com/product/24225_200w.jpg,2,164,https://cpt.tcgcsv.com/wJc,2024-03-28T16:15:51.953,1,DB2-EN151,Ultra Rare,FIRE,Dragon,Effect Monster,2900,2500,"When there is a monster on your opponent's side of the field after this monster's first attack of your Battle Phase, this monster can attack once again during the same Battle Phase. In addition, negate the effect of a Trap Card that designates this card a",5.91,9.99,15.99,12.59,,Unlimited,
24226,Spear Dragon,Spear Dragon,https://tcgplayer-cdn.tcgplayer.com/product/24226_200w.jpg,2,164,https://cpt.tcgcsv.com/xJc,2024-03-28T16:15:52,1,DB2-EN152,Super Rare,WIND,Dragon,Effect Monster,1900,0,"If this card attacks with an ATK that is higher than the DEF of your opponent's Defense Position monster, inflict the difference as Battle Damage to your opponent's Life Points. When this card attacks, it is changed to Defense Position at the end of the D",2.12,3.0,3.43,3.18,,Unlimited,
24227,Spirit Ryu,Spirit Ryu,https://tcgplayer-cdn.tcgplayer.com/product/24227_200w.jpg,2,164,https://cpt.tcgcsv.com/zJc,2024-03-28T16:15:52.047,1,DB2-EN153,Common,WIND,Dragon,Effect Monster,1000,1000,"Each time you discard 1 Dragon-Type monster from your hand to the Graveyard during your Battle Step, increase the ATK and DEF of this monster by 1000 points until the End Step of that turn.",0.1,0.25,0.89,0.16,,Unlimited,
24228,Cave Dragon,Cave Dragon,https://tcgplayer-cdn.tcgplayer.com/product/24228_200w.jpg,2,164,https://cpt.tcgcsv.com/BJc,2024-03-28T16:15:52.11,1,DB2-EN155,Common,WIND,Dragon,Effect Monster,2000,100,"If there is a monster on your side of the field, you cannot Normal Summon this monster. In addition, if there are no Dragon-Type monsters except this card on your side of the field, this monster cannot attack.",0.4,0.67,1.98,0.64,,Unlimited,
24229,Gray Wing,Gray Wing,https://tcgplayer-cdn.tcgplayer.com/product/24229_200w.jpg,2,164,https://cpt.tcgcsv.com/CJc,2024-03-28T16:15:52.17,1,DB2-EN156,Common,WIND,Dragon,Effect Monster,1300,700,Discard 1 card from your hand during Main Phase 1. This monster can attack twice during the Battle Phase of any turn this effect is used.,0.1,0.25,0.99,0.16,,Unlimited,
24230,Troop Dragon,Troop Dragon,https://tcgplayer-cdn.tcgplayer.com/product/24230_200w.jpg,2,164,https://cpt.tcgcsv.com/DJc,2024-03-28T16:15:52.233,1,DB2-EN157,Common,WIND,Dragon,Effect Monster,700,800,"When this card is destroyed and sent to the Graveyard, take 1 Troop Dragon from your Deck and Special Summon it to the field in face-up Attack or Defense Position. The Deck is then shuffled.",0.22,0.5,1.53,0.54,,Unlimited,
24231,Twin-Headed Behemoth,Twin Headed Behemoth,https://tcgplayer-cdn.tcgplayer.com/product/24231_200w.jpg,2,164,https://cpt.tcgcsv.com/FJc,2024-03-28T16:15:52.283,1,DB2-EN174,Common,WIND,Dragon,Effect Monster,1500,1200,"If this monster is destroyed and sent to the Graveyard, this monster is Special Summoned with an ATK and DEF of 1000 during the End Phase of the turn. This effect can be used only once during the current Duel.",0.11,0.25,1.98,0.14,,Unlimited,
24232,Thousand Dragon,Thousand Dragon,https://tcgplayer-cdn.tcgplayer.com/product/24232_200w.jpg,2,164,https://cpt.tcgcsv.com/GJc,2024-03-28T16:15:52.347,1,DB2-EN045,Common,WIND,Dragon,Fusion Monster,2400,2000,Time Wizard + Baby Dragon,0.25,0.62,1.98,0.65,,Unlimited,
24233,Fiend Skull Dragon,Fiend Skull Dragon,https://tcgplayer-cdn.tcgplayer.com/product/24233_200w.jpg,2,164,https://cpt.tcgcsv.com/HJc,2024-03-28T16:15:52.41,1,DB2-EN154,Rare,WIND,Dragon,Fusion Monster,2000,1200,"Cave Dragon + Lesser Fiend
This monster can only be Fusion Summoned by the above Fusion Material Monsters. As long as this card remains face-up on the field, negate all Flip Effect Monsters' effects. In addition, negate the effects of a Trap Card that de",0.62,0.99,2.38,0.83,,Unlimited,
24234,Yamata Dragon,Yamata Dragon,https://tcgplayer-cdn.tcgplayer.com/product/24234_200w.jpg,2,164,https://cpt.tcgcsv.com/JJc,2024-03-28T16:15:52.66,1,DB2-EN179,Super Rare,FIRE,Dragon,Spirit Monster,2600,3100,"This card cannot be Special Summoned. This card returns to the owner's hand during the End Phase of the turn that this card is Normal Summoned, Flip Summoned or flipped face-up. When this card inflicts Battle Damage to your opponent's Life Points, draw ca",6.0,9.89,14.75,8.26,,Unlimited,
24235,Cyclon Laser,Cyclon Laser,https://tcgplayer-cdn.tcgplayer.com/product/24235_200w.jpg,2,164,https://cpt.tcgcsv.com/KJc,2013-05-09T12:13:41.653,1,DB2-EN028,Common,SPELL,,Normal Spell,0,0,"This card can only be used to equip Gradius. Increases the ATK of Gradius by 300 points. When Gradius attacks with an ATK that is higher than the DEF of your opponent's Defense Position monster, inflict the difference as Battle Damage to your opponent's L",0.19,0.3,0.98,0.33,,Unlimited,
24236,Ekibyo Drakmord,Ekibyo Drakmord,https://tcgplayer-cdn.tcgplayer.com/product/24236_200w.jpg,2,164,https://cpt.tcgcsv.com/LJc,2013-05-09T12:13:41.653,1,DB2-EN031,Common,SPELL,,Normal Spell,0,0,"A monster equipped with this card cannot attack. Destroys the equipped monster at the end of the 2nd turn of the player controlling the monster. At that time, this card is returned to the owner's hand.",0.12,0.32,6.45,0.34,,Unlimited,
24237,Ring of Magnetism,Ring of Magnetism,https://tcgplayer-cdn.tcgplayer.com/product/24237_200w.jpg,2,164,https://cpt.tcgcsv.com/MJc,2013-05-09T12:13:41.653,1,DB2-EN082,Rare,SPELL,,Normal Spell,0,0,"This card can only be equipped to a monster on your side of the field. The monster equipped with this card decreases its ATK and DEF by 500 points. In addition, all the monsters on your opponent's side of the field must attack the monster equipped with th",0.09,0.36,1.47,0.48,,Unlimited,
24238,Heart of Clear Water,Heart of Clear Water,https://tcgplayer-cdn.tcgplayer.com/product/24238_200w.jpg,2,164,https://cpt.tcgcsv.com/NJc,2013-05-09T12:13:41.653,1,DB2-EN186,Common,SPELL,,Normal Spell,0,0,"If the equipped monster's ATK is 1300 or higher, this card is automatically destroyed. The monster equipped with this card is not destroyed in battle or by the effect of a card that specifically designates a target. Battle Damage is calculated normally.",0.15,0.5,1.2,0.62,,Unlimited,
24239,Fusion Sword Murasame Blade,Fusion Sword Murasame Blade,https://tcgplayer-cdn.tcgplayer.com/product/24239_200w.jpg,2,164,https://cpt.tcgcsv.com/PJc,2013-05-09T12:13:41.653,1,DB2-EN188,Common,SPELL,,Normal Spell,0,0,This card can only be equipped to Warrior-Type monsters. A monster equipped with this card increases its ATK by 800 points. This card cannot be destroyed by effects that destroy Magic Cards.,0.25,0.57,1.64,0.57,,Unlimited,
24240,Smoke Grenade of the Thief,Smoke Grenade of the Thief,https://tcgplayer-cdn.tcgplayer.com/product/24240_200w.jpg,2,164,https://cpt.tcgcsv.com/QJc,2013-05-09T12:13:41.653,1,DB2-EN189,Common,SPELL,,Normal Spell,0,0,"When this Equip Magic Card is active and is destroyed due to a card effect, look at your opponent's hand. Select 1 card from his/her hand and discard it to the Graveyard.",0.5,0.82,8.99,0.87,,Unlimited,
24241,Shining Friendship,Shining Friendship,https://tcgplayer-cdn.tcgplayer.com/product/24241_200w.jpg,2,164,https://cpt.tcgcsv.com/RJc,2024-03-28T16:15:52.757,1,DB2-EN089,Common,LIGHT,Fairy,Normal Monster,1300,1100,The peacemaker among monsters.,1.44,1.89,2.95,2.0,,Unlimited,
24243,Hoshiningen,Hoshiningen,https://tcgplayer-cdn.tcgplayer.com/product/24243_200w.jpg,2,164,https://cpt.tcgcsv.com/TJc,2024-03-28T16:15:53.18,1,DB2-EN060,Common,LIGHT,Fairy,Effect Monster,500,700,"As long as this card remains face-up on the Field, increase the ATK of all LIGHT monsters by 500 points and decrease the ATK of all DARK monsters by 400 points.",0.15,0.26,0.89,0.25,,Unlimited,
24244,Airknight Parshath,Airknight Parshath,https://tcgplayer-cdn.tcgplayer.com/product/24244_200w.jpg,2,164,https://cpt.tcgcsv.com/VJc,2024-03-28T16:15:53.29,1,DB2-EN173,Super Rare,LIGHT,Fairy,Effect Monster,1900,1400,"When this card attacks with an ATK higher than the DEF of your opponent's Defense Position monster, inflict the difference as Battle Damage to your opponent's Life Points. When this card inflicts Battle Damage to your opponent's Life Points, draw 1 card f",4.31,8.07,30.23,8.74,,Unlimited,
24245,Moisture Creature,Moisture Creature,https://tcgplayer-cdn.tcgplayer.com/product/24245_200w.jpg,2,164,https://cpt.tcgcsv.com/WJc,2024-03-28T16:15:53.473,1,DB2-EN214,Common,LIGHT,Fairy,Effect Monster,2800,2900,"If you Tribute Summon this monster by offering 3 monsters on the field as a Tribute, destroy all Spell and Trap Cards on your opponent's side of the field.",0.11,0.28,1.43,0.32,,Unlimited,
24246,Asura Priest,Asura Priest,https://tcgplayer-cdn.tcgplayer.com/product/24246_200w.jpg,2,164,https://cpt.tcgcsv.com/XJc,2024-03-28T16:15:54.087,1,DB2-EN183,Common,LIGHT,Fairy,Spirit Monster,1700,1200,"This card cannot be Special Summoned. This card returns to the owner's hand during the End Phase of the turn that this card is Normal Summoned, Flip Summoned or flipped face-up. This card can attack all monsters on your opponent's side of the field. You c",1.24,2.05,6.2,2.18,,Unlimited,
24247,Lord of the Lamp,Lord of the Lamp,https://tcgplayer-cdn.tcgplayer.com/product/24247_200w.jpg,2,164,https://cpt.tcgcsv.com/ZJc,2024-03-28T16:15:54.247,1,DB2-EN098,Common,DARK,Fiend,Normal Monster,1400,1200,This spirit emerges from the mystic lamp and obeys the wishes of its summoner.,0.1,0.42,1.42,0.34,,Unlimited,
24248,Opticlops,Opticlops,https://tcgplayer-cdn.tcgplayer.com/product/24248_200w.jpg,2,164,https://cpt.tcgcsv.com/-Jc,2024-03-28T16:15:54.43,1,DB2-EN131,Common,DARK,Fiend,Normal Monster,1800,1700,"A one-eyed giant that serves the Dark Ruler Ha Des, it skewers its enemies with its sharp horn, shattering them to pieces.",0.1,0.25,1.0,0.23,,Unlimited,
24249,Ryu-Kishin Powered,Ryu Kishin Powered,https://tcgplayer-cdn.tcgplayer.com/product/24249_200w.jpg,2,164,https://cpt.tcgcsv.com/_Jc,2024-03-28T16:15:54.527,1,DB2-EN056,Common,LIGHT,Fiend,Normal Monster,1600,1200,A gargoyle enhanced by the power of darkness. Very sharp talons make it a worthy opponent.,0.14,0.32,1.45,0.17,,Unlimited,
24251,Sangan,Sangan,https://tcgplayer-cdn.tcgplayer.com/product/24251_200w.jpg,2,164,https://cpt.tcgcsv.com/2Kc,2024-03-28T16:15:54.733,1,DB2-EN042,Rare,DARK,Fiend,Effect Monster,1000,600,"When this card is sent from the field to the Graveyard, move 1 monster with an ATK of 1500 or less from your Deck to your hand. Your Deck is then shuffled.",1.21,2.44,3.95,2.36,,Unlimited,
24252,Kuriboh,Kuriboh,https://tcgplayer-cdn.tcgplayer.com/product/24252_200w.jpg,2,164,https://cpt.tcgcsv.com/3Kc,2024-03-28T16:15:54.82,1,DB2-EN044,Rare,DARK,Fiend,Effect Monster,300,200,Discard this card from your hand to the Graveyard to make the damage inflicted to your Life Points by 1 opponent's monster 0. This effect must be activated during your opponent's Battle Phase.,0.33,0.94,1.63,1.0,,Unlimited,
24253,King of Yamimakai,King of Yamimakai,https://tcgplayer-cdn.tcgplayer.com/product/24253_200w.jpg,2,164,https://cpt.tcgcsv.com/5Kc,2024-03-28T16:15:55,1,DB2-EN046,Common,DARK,Fiend,Normal Monster,2000,1530,,0.17,0.25,1.53,0.23,,Unlimited,
24254,Crass Clown,Crass Clown,https://tcgplayer-cdn.tcgplayer.com/product/24254_200w.jpg,2,164,https://cpt.tcgcsv.com/6Kc,2024-03-28T16:15:55.11,1,DB2-EN050,Common,DARK,Fiend,Effect Monster,1350,1400,"When this card is changed from Defense Position to Attack Position, return 1 monster on your opponent's side of the Field to the owner's hand.",0.25,0.43,2.23,0.39,,Unlimited,
24255,The Bistro Butcher,The Bistro Butcher,https://tcgplayer-cdn.tcgplayer.com/product/24255_200w.jpg,2,164,https://cpt.tcgcsv.com/7Kc,2024-03-28T16:15:55.267,1,DB2-EN063,Common,DARK,Fiend,Effect Monster,1800,1000,"When this card inflicts damage to your opponent, your opponent must draw 2 cards from his/her Deck.",0.14,0.22,0.99,0.15,,Unlimited,
24256,Dragon Seeker,Dragon Seeker,https://tcgplayer-cdn.tcgplayer.com/product/24256_200w.jpg,2,164,https://cpt.tcgcsv.com/8Kc,2024-03-28T16:15:55.44,1,DB2-EN101,Common,DARK,Fiend,Effect Monster,2000,2100,"When this card is Summoned (excluding Special Summon), destroy 1 face-up Dragon-Type monster on the field.",0.33,0.52,1.0,0.5,,Unlimited,
24257,Dark Ruler Ha Des,Dark Ruler Ha Des,https://tcgplayer-cdn.tcgplayer.com/product/24257_200w.jpg,2,164,https://cpt.tcgcsv.com/9Kc,2024-03-28T16:15:55.543,1,DB2-EN124,Ultra Rare,DARK,Fiend,Effect Monster,2450,1600,"As long as this card remains face-up on the field, negate the effects of Effect Monsters destroyed by Fiend-Type monsters on your side of the field in battle. This card cannot be Special Summoned from the Graveyard.",1.17,1.54,11.18,1.4,,Unlimited,
24258,Lesser Fiend,Lesser Fiend,https://tcgplayer-cdn.tcgplayer.com/product/24258_200w.jpg,2,164,https://cpt.tcgcsv.com/bKc,2024-03-28T16:15:56.2,1,DB2-EN126,Common,DARK,Fiend,Effect Monster,2100,1000,"As long as this monster remains face-up on the field, monsters destroyed by this monster in battle are removed from play instead of being sent to the Graveyard.",0.07,0.25,1.42,0.15,,Unlimited,
24259,Possessed Dark Soul,Possessed Dark Soul,https://tcgplayer-cdn.tcgplayer.com/product/24259_200w.jpg,2,164,https://cpt.tcgcsv.com/cKc,2024-03-28T16:15:56.48,1,DB2-EN127,Common,DARK,Fiend,Effect Monster,1200,800,Offer this face-up card as a Tribute to take control of all face-up Level 3 or lower monsters on your opponent's side of the field until they are destroyed or removed from the field.,0.12,0.3,1.52,0.38,,Unlimited,
24260,Winged Minion,Winged Minion,https://tcgplayer-cdn.tcgplayer.com/product/24260_200w.jpg,2,164,https://cpt.tcgcsv.com/dKc,2024-03-28T16:15:56.663,1,DB2-EN128,Common,DARK,Fiend,Effect Monster,700,700,Offer this face-up card as a Tribute to select 1 Fiend-Type monster and increase its ATK and DEF by 700 points as long as it remains face-up on the field.,0.1,0.25,1.42,0.18,,Unlimited,
24261,Skull Knight #2,Skull Knight 2,https://tcgplayer-cdn.tcgplayer.com/product/24261_200w.jpg,2,164,https://cpt.tcgcsv.com/fKc,2024-03-28T16:15:56.77,1,DB2-EN129,Common,DARK,Fiend,Effect Monster,1000,1200,"If you Tribute Summon a monster by offering this monster as a Tribute, Special Summon 1 Skull Knight #2 from your Deck in face-up Attack or Defense Position. Your Deck is then shuffled.",0.08,0.27,1.39,0.29,,Unlimited,
24262,Twin-Headed Wolf,Twin Headed Wolf,https://tcgplayer-cdn.tcgplayer.com/product/24262_200w.jpg,2,164,https://cpt.tcgcsv.com/gKc,2024-03-28T16:15:56.923,1,DB2-EN130,Common,DARK,Fiend,Effect Monster,1500,1000,"When there is another face-up Fiend-Type monster on your side of the field, negate the effect of Flip Effect Monsters destroyed by this card in battle.",0.1,0.25,1.42,0.2,,Unlimited,
24263,Kryuel,Kryuel,https://tcgplayer-cdn.tcgplayer.com/product/24263_200w.jpg,2,164,https://cpt.tcgcsv.com/hKc,2024-03-28T16:15:57.007,1,DB2-EN209,Common,DARK,Fiend,Effect Monster,1000,1700,"When this card is sent to the Graveyard as a result of battle, toss a coin and call it. If you call it right, destroy 1 monster on your opponent's side of the field.",0.1,0.25,1.51,0.24,,Unlimited,
24264,Jowls of Dark Demise,Jowls of Dark Demise,https://tcgplayer-cdn.tcgplayer.com/product/24264_200w.jpg,2,164,https://cpt.tcgcsv.com/jKc,2024-03-28T16:15:57.1,1,DB2-EN212,Common,WATER,Fiend,Effect Monster,200,100,"FLIP: Take control of 1 monster on your opponent's side of the field until the end of the turn that this card's effect is activated. When the controlled monster attacks, it may attack your opponent's Life Points directly.",0.23,0.48,1.63,0.37,,Unlimited,
24265,Dark Balter the Terrible,Dark Balter the Terrible,https://tcgplayer-cdn.tcgplayer.com/product/24265_200w.jpg,2,164,https://cpt.tcgcsv.com/kKc,2024-03-28T16:15:57.21,1,DB2-EN125,Rare,DARK,Fiend,Fusion Monster,2000,1200,"Possessed Dark Soul + Frontier Wiseman
This monster can only be Fusion Summoned by the above Fusion Material Monsters. When a Normal Spell Card is activated, negate the effect by paying 1000 Life Points. Also negate the effect of an Effect Monster that i",3.91,5.74,15.97,5.43,,Unlimited,
24266,Yata-Garasu,Yata Garasu,https://tcgplayer-cdn.tcgplayer.com/product/24266_200w.jpg,2,164,https://cpt.tcgcsv.com/lKc,2024-03-28T16:15:57.333,1,DB2-EN177,Common,WIND,Fiend,Spirit Monster,200,100,"This card cannot be Special Summoned. This card returns to the owner's hand during the End Phase of the turn that it is Normal Summoned, Flip Summoned or flipped face-up. When this card inflicts Battle Damage to your opponent's Life Points, your opponent skips their next Draw Phase.",0.25,0.75,12.0,0.27,,Unlimited,
24267,Swarm of Scarabs,Swarm of Scarabs,https://tcgplayer-cdn.tcgplayer.com/product/24267_200w.jpg,2,164,https://cpt.tcgcsv.com/mKc,2024-03-28T16:15:57.413,1,DB2-EN221,Common,DARK,Insect,Effect Monster,500,1000,"You can flip this card into face-down Defense Position once per turn during your Main Phase. When this card is Flip Summoned, destroy 1 monster on your opponent's side of the field.",0.2,0.5,2.99,0.41,,Unlimited,
24268,Swarm of Locusts,Swarm of Locusts,https://tcgplayer-cdn.tcgplayer.com/product/24268_200w.jpg,2,164,https://cpt.tcgcsv.com/nKc,2024-03-28T16:15:57.573,1,DB2-EN222,Common,DARK,Insect,Effect Monster,1000,500,"You can flip this card into face-down Defense Position once per turn during your Main Phase. When this card is Flip Summoned, destroy 1 Spell or Trap Card on your opponent's side of the field.",0.18,0.32,0.99,0.23,,Unlimited,
24269,Great Moth,Great Moth,https://tcgplayer-cdn.tcgplayer.com/product/24269_200w.jpg,2,164,https://cpt.tcgcsv.com/pKc,2024-03-28T16:15:57.713,1,DB2-EN043,Common,EARTH,Insect,Effect Monster,2600,2500,This monster can only be Special Summoned by offering Petit Moth as a Tribute on the 4th of your turns after Petit Moth is equipped with Cocoon of Evolution.,0.29,0.74,4.99,0.65,,Unlimited,
24270,Jirai Gumo,Jirai Gumo,https://tcgplayer-cdn.tcgplayer.com/product/24270_200w.jpg,2,164,https://cpt.tcgcsv.com/qKc,2024-03-28T16:15:57.807,1,DB2-EN054,Common,EARTH,Insect,Effect Monster,2200,100,"When you attack with this card, toss a coin and call it. If you call it right, attack normally. If you call it wrong, reduce your Life Points by half before attacking.",0.09,0.3,1.51,0.29,,Unlimited,
24271,Needle Worm,Needle Worm,https://tcgplayer-cdn.tcgplayer.com/product/24271_200w.jpg,2,164,https://cpt.tcgcsv.com/rKc,2024-03-28T16:15:57.883,1,DB2-EN102,Common,EARTH,Insect,Effect Monster,750,600,FLIP: Discard 5 cards from the top of your opponent's Deck to his/her Graveyard.,1.52,3.63,5.8,4.22,,Unlimited,
24272,Insect Queen,Insect Queen,https://tcgplayer-cdn.tcgplayer.com/product/24272_200w.jpg,2,164,https://cpt.tcgcsv.com/sKc,2024-03-28T16:15:58.06,1,DB2-EN123,Ultra Rare,EARTH,Insect,Effect Monster,2200,2400,"You can declare an attack without offering 1 monster on your side of the field as a Tribute. Increase the ATK of this card by 200 point for each face-up Insect-Type monster on the field. Special Summon 1 ""Insect Monster Token"" (Insect-Type/Earth/1 Star//A",3.0,5.05,33.99,5.15,,Unlimited,
24273,Arsenal Bug,Arsenal Bug,https://tcgplayer-cdn.tcgplayer.com/product/24273_200w.jpg,2,164,https://cpt.tcgcsv.com/tKc,2024-03-28T16:15:58.193,1,DB2-EN210,Common,EARTH,Insect,Effect Monster,2000,2000,"If there are no face-up Insect-Type monsters (except this monster) on your side of the field, both the ATK and DEF of this monster become 1000 points.",0.14,0.3,1.55,0.25,,Unlimited,
24274,Perfectly Ultimate Great Moth,Perfectly Ultimate Great Moth,https://tcgplayer-cdn.tcgplayer.com/product/24274_200w.jpg,2,164,https://cpt.tcgcsv.com/vKc,2024-03-28T16:15:58.29,1,DB2-EN249,Ultra Rare,EARTH,Insect,Effect Monster,3500,3000,This monster can only be Special Summoned by offering Petit Moth as a Tribute on the 6th turns after Petit Moth has been equipped with Cocoon of Evolution.,7.0,16.0,24.97,17.85,,Unlimited,
24275,Bladefly,Bladefly,https://tcgplayer-cdn.tcgplayer.com/product/24275_200w.jpg,2,164,https://cpt.tcgcsv.com/wKc,2024-03-28T16:15:58.397,1,DB2-EN068,Common,WIND,Insect,Effect Monster,600,700,"As long as this card remains face-up on the Field, increase the ATK of all WIND monsters by 500 points and decrease the ATK of all EARTH monsters by 400 points.",0.08,0.25,1.49,0.21,,Unlimited,
24276,Mechanicalchaser,Mechanicalchaser,https://tcgplayer-cdn.tcgplayer.com/product/24276_200w.jpg,2,164,https://cpt.tcgcsv.com/xKc,2024-03-28T16:15:58.497,1,DB2-EN093,Common,DARK,Machine,Normal Monster,1850,800,A hunter that relentlessly pursues its target by order of the Machine King.,0.32,0.5,3.05,0.53,,Unlimited,
24277,Launcher Spider,Launcher Spider,https://tcgplayer-cdn.tcgplayer.com/product/24277_200w.jpg,2,164,https://cpt.tcgcsv.com/zKc,2024-03-28T16:15:58.617,1,DB2-EN057,Common,FIRE,Machine,Normal Monster,2200,2500,A mechanical spider with rocket launchers capable of random fire.,0.15,0.3,1.54,0.32,,Unlimited,
24278,Cannon Soldier,Cannon Soldier,https://tcgplayer-cdn.tcgplayer.com/product/24278_200w.jpg,2,164,https://cpt.tcgcsv.com/BKc,2024-03-28T16:15:58.893,1,DB2-EN061,Super Rare,DARK,Machine,Effect Monster,1400,1300,Offer 1 monster on your side of the Field as a Tribute to inflict 500 points of Direct Damage to your opponent's Life Points. Monsters used for a Tribute Summon or that are offered as Tributes due to other card's effects are excluded.,9.85,14.33,41.23,15.52,12.73,Unlimited,
24279,Barrel Dragon,Barrel Dragon,https://tcgplayer-cdn.tcgplayer.com/product/24279_200w.jpg,2,164,https://cpt.tcgcsv.com/CKc,2024-03-28T16:15:59.14,1,DB2-EN072,Ultra Rare,DARK,Machine,Effect Monster,2600,2200,"Toss a coin 3 times. If 2 out of 3 results are Heads, destroy 1 monster on your opponent's side of the Field. This card can only be used during your turn, once per turn.",4.25,8.83,40.97,8.62,,Unlimited,
24280,Cyber-Stein,Cyber Stein,https://tcgplayer-cdn.tcgplayer.com/product/24280_200w.jpg,2,164,https://cpt.tcgcsv.com/DKc,2024-03-28T16:15:59.273,1,DB2-EN100,Rare,DARK,Machine,Effect Monster,700,500,Pay 5000 Life Points. Special Summon 1 Fusion Monster from your Fusion Deck to the field in Attack Position.,5.0,8.0,18.55,7.58,,Unlimited,
24281,Machine King,Machine King,https://tcgplayer-cdn.tcgplayer.com/product/24281_200w.jpg,2,164,https://cpt.tcgcsv.com/FKc,2024-03-28T16:15:59.403,1,DB2-EN099,Common,EARTH,Machine,Effect Monster,2200,2000,Increase the ATK of this card by 100 points for each face-up Machine-Type monster on the field.,0.5,0.76,1.98,0.81,,Unlimited,
24282,Gradius' Option,Gradius Option,https://tcgplayer-cdn.tcgplayer.com/product/24282_200w.jpg,2,164,https://cpt.tcgcsv.com/GKc,2024-03-28T16:15:59.497,1,DB2-EN170,Common,LIGHT,Machine,Effect Monster,0,0,This card cannot be Normal Summoned or Set. This monster can only be Special Summoned by selecting 1 Gradius on your side of the field. The ATK and DEF of this monster is always the same as the ATK and DEF of the selected Gradius. If the selected Gradius,0.25,0.46,1.56,0.36,,Unlimited,
24283,Toon Cannon Soldier,Toon Cannon Soldier,https://tcgplayer-cdn.tcgplayer.com/product/24283_200w.jpg,2,164,https://cpt.tcgcsv.com/HKc,2024-03-28T16:15:59.61,1,DB2-EN118,Common,DARK,Machine,Toon Monster,1400,1300,"This card cannot attack during the turn that it is Normal Summoned, Flip Summoned, or Special Summoned. When Toon World on the field is destroyed, this card is also destroyed. If Toon World is on your side of the field and your opponent does not control a Toon Monster, this card can attack your opponent's Life Points directly. Tribute 1 monster on your side of the field to inflict 500 points of damage to your opponent's Life Points.",2.31,2.37,3.63,1.47,,Unlimited,
24284,Fiber Jar,Fiber Jar,https://tcgplayer-cdn.tcgplayer.com/product/24284_200w.jpg,2,164,https://cpt.tcgcsv.com/JKc,2024-03-28T16:15:59.72,1,DB2-EN166,Rare,EARTH,Plant,Effect Monster,500,500,"FLIP: Both players unite all their respective cards on the field, in their hands, and in their Graveyards with their respective Decks and shuffle them. Then both players draw 5 cards from their shuffled Decks.",4.55,5.95,9.99,5.83,,Unlimited,
24285,Woodland Sprite,Woodland Sprite,https://tcgplayer-cdn.tcgplayer.com/product/24285_200w.jpg,2,164,https://cpt.tcgcsv.com/KKc,2024-03-28T16:15:59.863,1,DB2-EN172,Common,EARTH,Plant,Effect Monster,900,400,Send an Equip Magic Card equipped to this monster to the Graveyard to inflict 500 points of Direct Damage per Equip Magic Card to your opponent's Life Points.,0.05,0.25,1.42,0.21,,Unlimited,
24287,Dragon Piper,Dragon Piper,https://tcgplayer-cdn.tcgplayer.com/product/24287_200w.jpg,2,164,https://cpt.tcgcsv.com/MKc,2024-03-28T16:16:00.227,1,DB2-EN040,Common,FIRE,Pyro,Effect Monster,200,1800,"FLIP: Destroys Dragon Capture Jar, and turns all face-up Dragon-type monsters to attack position.",0.1,0.44,1.98,0.26,,Unlimited,
24288,Hino-Kagu-Tsuchi,Hino Kagu Tsuchi,https://tcgplayer-cdn.tcgplayer.com/product/24288_200w.jpg,2,164,https://cpt.tcgcsv.com/NKc,2024-03-28T16:16:00.337,1,DB2-EN182,Ultra Rare,FIRE,Pyro,Spirit Monster,2800,2900,"This card cannot be Special Summoned. This card returns to its owner's hand during the End Phase of the turn it is Normal Summoned or flipped face-up. If this card inflicts Battle Damage to your opponent, they discard all cards in their hand during the next Draw Phase, before they draw.",5.75,6.99,14.45,6.13,,Unlimited,
24289,Serpentine Princess,Serpentine Princess,https://tcgplayer-cdn.tcgplayer.com/product/24289_200w.jpg,2,164,https://cpt.tcgcsv.com/PKc,2024-03-28T16:16:00.43,1,DB2-EN167,Common,WATER,Reptile,Effect Monster,1400,2000,"If this face-up card is sent directly from the field to your Deck, Special Summon 1 Level 3 or lower monster from your Deck.",0.2,0.9,6.66,0.54,,Unlimited,
24290,The Statue of Easter Island,The Statue of Easter Island,https://tcgplayer-cdn.tcgplayer.com/product/24290_200w.jpg,2,164,https://cpt.tcgcsv.com/QKc,2024-03-28T16:16:00.74,1,DB2-EN088,Common,EARTH,Rock,Normal Monster,1100,1400,A stone monument from Easter Island that launches laser blasts from its rock-hewn lips.,0.32,0.52,1.2,0.44,,Unlimited,
24291,Muka Muka,Muka Muka,https://tcgplayer-cdn.tcgplayer.com/product/24291_200w.jpg,2,164,https://cpt.tcgcsv.com/RKc,2024-03-28T16:16:00.887,1,DB2-EN062,Common,EARTH,Rock,Effect Monster,600,300,Increase the ATK and DEF of this card by 300 points for every card in your hand.,0.05,0.25,1.41,0.13,,Unlimited,
24292,Morphing Jar,Morphing Jar,https://tcgplayer-cdn.tcgplayer.com/product/24292_200w.jpg,2,164,https://cpt.tcgcsv.com/SKc,2024-03-28T16:16:01.07,1,DB2-EN104,Rare,EARTH,Rock,Effect Monster,700,600,FLIP: Both you and your opponent discard all cards in your hands and draw 5 cards from your respective Decks.,5.29,7.65,17.87,7.87,,Unlimited,
24293,Guardian Sphinx,Guardian Sphinx,https://tcgplayer-cdn.tcgplayer.com/product/24293_200w.jpg,2,164,https://cpt.tcgcsv.com/TKc,2024-03-28T16:16:01.227,1,DB2-EN224,Ultra Rare,EARTH,Rock,Effect Monster,1700,2400,"You can flip this card into face-down Defense Position once per turn during your Main Phase. When this card is Flip-Summoned, return all monsters on your opponent's side of the field to the owner's hand.",2.68,4.35,12.37,2.55,,Unlimited,
24294,Dice Jar,Dice Jar,https://tcgplayer-cdn.tcgplayer.com/product/24294_200w.jpg,2,164,https://cpt.tcgcsv.com/VKc,2024-03-28T16:16:01.447,1,DB2-EN226,Common,LIGHT,Rock,Effect Monster,200,300,"FLIP: Both players roll a six-sided die once. The player with the lowest result takes Direct Damage equal to his/her opponent's result X 500 Life Points. However, if a winner's result is 6, the loser takes 6000 points of Direct Damage. If the results are",3.09,3.73,5.5,3.55,,Unlimited,
24295,Maharaghi,Maharaghi,https://tcgplayer-cdn.tcgplayer.com/product/24295_200w.jpg,2,164,https://cpt.tcgcsv.com/WKc,2024-03-28T16:16:01.557,1,DB2-EN175,Common,EARTH,Rock,Spirit Monster,1200,1700,"This card cannot be Special Summoned. This card returns to the owner's hand during the End Phase of the turn that this card is Normal Summoned, Flip Summoned or flipped face-up. If this card is Normal Summoned, Flip Summoned or flipped face-up, see 1 card",0.1,0.26,1.51,0.23,,Unlimited,
24296,Kaiser Sea Horse,Kaiser Sea Horse,https://tcgplayer-cdn.tcgplayer.com/product/24296_200w.jpg,2,164,https://cpt.tcgcsv.com/XKc,2024-03-28T16:16:01.667,1,DB2-EN115,Common,WATER,Sea Serpent,Effect Monster,1700,1650,"If you Tribute Summon a LIGHT monster, you can treat this 1 monster as 2 Tribute Monsters for the Tribute Summon.",0.1,0.3,0.99,0.13,,Unlimited,
24297,"Spirit Message ""I""",Spirit Message I,https://tcgplayer-cdn.tcgplayer.com/product/24297_200w.jpg,2,164,https://cpt.tcgcsv.com/ZKc,2014-03-17T19:35:27.403,1,DB2-EN022,Common,SPELL,,Continuous Spell,0,0,This card can only be placed on the field when Destiny Board is active.,0.17,0.42,1.75,0.38,,Unlimited,
24298,"Spirit Message ""N""",Spirit Message N,https://tcgplayer-cdn.tcgplayer.com/product/24298_200w.jpg,2,164,https://cpt.tcgcsv.com/-Kc,2014-03-17T19:35:47.81,1,DB2-EN023,Common,SPELL,,Continuous Spell,0,0,This card can only be placed on the field when Destiny Board is active.,0.15,0.37,2.99,0.3,,Unlimited,
24299,"Spirit Message ""A""",Spirit Message A,https://tcgplayer-cdn.tcgplayer.com/product/24299_200w.jpg,2,164,https://cpt.tcgcsv.com/_Kc,2014-03-17T19:35:16.74,1,DB2-EN024,Common,SPELL,,Continuous Spell,0,0,This card can only be placed on the field when Destiny Board is active.,0.15,0.45,1.47,0.43,,Unlimited,
24300,"Spirit Message ""L""",Spirit Message L,https://tcgplayer-cdn.tcgplayer.com/product/24300_200w.jpg,2,164,https://cpt.tcgcsv.com/0Lc,2014-03-17T19:35:37.923,1,DB2-EN025,Common,SPELL,,Continuous Spell,0,0,This card can only be placed on the field when Destiny Board is active.,0.18,0.49,2.99,0.46,,Unlimited,
24301,The Dark Door,The Dark Door,https://tcgplayer-cdn.tcgplayer.com/product/24301_200w.jpg,2,164,https://cpt.tcgcsv.com/2Lc,2013-05-09T12:13:41.653,1,DB2-EN026,Common,SPELL,,Continuous Spell,0,0,Both players can only attack with 1 monster during their respective Battle Phases.,0.42,0.71,1.49,0.78,,Unlimited,
24302,Vengeful Bog Spirit,Vengeful Bog Spirit,https://tcgplayer-cdn.tcgplayer.com/product/24302_200w.jpg,2,164,https://cpt.tcgcsv.com/3Lc,2013-05-09T12:13:41.653,1,DB2-EN033,Common,SPELL,,Continuous Spell,0,0,All monsters on the field cannot attack in the same turn that they are summoned (includes Flip Summon and Special Summon).,0.49,0.92,2.5,0.83,,Unlimited,
24303,The A. Forces,The A Forces,https://tcgplayer-cdn.tcgplayer.com/product/24303_200w.jpg,2,164,https://cpt.tcgcsv.com/5Lc,2013-05-09T12:13:41.653,1,DB2-EN146,Common,SPELL,,Continuous Spell,0,0,"For every face-up Warrior-Type and Spellcaster-Type monster on your side of the field, increase the ATK of all Warrior-Type monsters on your side of the field by 200 points.",0.2,0.3,1.51,0.35,,Unlimited,
24304,Spring of Rebirth,Spring of Rebirth,https://tcgplayer-cdn.tcgplayer.com/product/24304_200w.jpg,2,164,https://cpt.tcgcsv.com/6Lc,2013-05-09T12:13:41.653,1,DB2-EN185,Common,SPELL,,Continuous Spell,0,0,Increase your Life Points by 500 points every time monsters return from the field to the owner's hand.,0.15,0.35,1.51,0.35,,Unlimited,
24305,Spiritual Energy Settle Machine,Spiritual Energy Settle Machine,https://tcgplayer-cdn.tcgplayer.com/product/24305_200w.jpg,2,164,https://cpt.tcgcsv.com/7Lc,2013-05-09T12:13:41.653,1,DB2-EN191,Common,SPELL,,Continuous Spell,0,0,"As long as this card remains face-up on the field, all Spirit monsters remain face-up on the field and do not return to their owners' hands during the End Phase even if they are Summoned or flipped face-up. Discard 1 card from your hand during each of you",0.11,0.25,1.42,0.47,,Unlimited,
24306,Second Coin Toss,Second Coin Toss,https://tcgplayer-cdn.tcgplayer.com/product/24306_200w.jpg,2,164,https://cpt.tcgcsv.com/8Lc,2013-05-09T12:13:41.653,1,DB2-EN192,Common,SPELL,,Continuous Spell,0,0,"As long as this card remains face-up on the field, you can negate the effects of a card requiring a coin toss once per turn and redo the coin toss.",1.2,3.0,5.99,3.37,,Unlimited,
24307,Convulsion of Nature,Convulsion of Nature,https://tcgplayer-cdn.tcgplayer.com/product/24307_200w.jpg,2,164,https://cpt.tcgcsv.com/9Lc,2013-05-09T12:13:41.653,1,DB2-EN193,Common,SPELL,,Continuous Spell,0,0,"As long as this card remains face-up on the field, both players must turn their respective Decks upside down and continue the current Duel.",0.72,1.52,2.85,1.64,,Unlimited,
24308,Mirage of Nightmare,Mirage of Nightmare,https://tcgplayer-cdn.tcgplayer.com/product/24308_200w.jpg,2,164,https://cpt.tcgcsv.com/bLc,2013-05-09T12:13:41.653,1,DB2-EN233,Common,SPELL,,Continuous Spell,0,0,"During your opponent's Standby Phase, draw cards until your hand has 4 cards. During your Standby Phase, randomly discard the same number of cards you drew with this card's effect to the Graveyard.",0.69,1.28,5.99,1.4,,Unlimited,
24309,Call of the Mummy,Call of the Mummy,https://tcgplayer-cdn.tcgplayer.com/product/24309_200w.jpg,2,164,https://cpt.tcgcsv.com/cLc,2013-05-09T12:13:41.653,1,DB2-EN235,Common,SPELL,,Continuous Spell,0,0,"If there is no monster on your side of the field, you can Special Summon 1 Zombie-Type monster from your hand. You can use this card's effect once per turn.",0.08,0.25,0.99,0.14,,Unlimited,
24310,Fusion Gate,Fusion Gate,https://tcgplayer-cdn.tcgplayer.com/product/24310_200w.jpg,2,164,https://cpt.tcgcsv.com/dLc,2013-05-09T12:13:41.653,1,DB2-EN030,Rare,SPELL,,Normal Spell,0,0,"As long as this card remains face-up on the field, a Fusion Monster can be Special Summoned without using Polymerization. The Fusion-Material monsters used in the Fusion are not sent to the Graveyard, but are removed from play.",0.29,0.75,2.99,0.77,,Unlimited,
24311,Spiritualism,Spiritualism,https://tcgplayer-cdn.tcgplayer.com/product/24311_200w.jpg,2,164,https://cpt.tcgcsv.com/fLc,2013-05-09T12:13:41.653,1,DB2-EN027,Rare,SPELL,,Normal Spell,0,0,Return 1 Spell or Trap Card on your opponent's side of the field to his/her hand. This card's activation and effect cannot be negated by any other card.,0.29,0.98,9.99,0.88,,Unlimited,
24313,Tremendous Fire,Tremendous Fire,https://tcgplayer-cdn.tcgplayer.com/product/24313_200w.jpg,2,164,https://cpt.tcgcsv.com/hLc,2013-05-09T12:13:41.653,1,DB2-EN053,Common,SPELL,,Normal Spell,0,0,Inflicts 1000 points of Direct Damage to your opponent's Life Points and 500 points of Direct Damage to your Life Points.,0.24,0.49,1.69,0.48,,Unlimited,
24314,Shield & Sword,Shield and Sword,https://tcgplayer-cdn.tcgplayer.com/product/24314_200w.jpg,2,164,https://cpt.tcgcsv.com/jLc,2013-05-09T12:13:41.653,1,DB2-EN077,Common,SPELL,,Normal Spell,0,0,"For 1 turn, each face-up monster's ATK becomes their DEF and vice-versa.",0.17,0.36,1.99,0.44,,Unlimited,
24315,Block Attack,Block Attack,https://tcgplayer-cdn.tcgplayer.com/product/24315_200w.jpg,2,164,https://cpt.tcgcsv.com/kLc,2013-05-09T12:13:41.653,1,DB2-EN078,Common,SPELL,,Normal Spell,0,0,Select 1 of your opponent's monsters and shift it to Defense Position.,0.15,0.29,0.99,0.29,,Unlimited,
24316,Share the Pain,Share the Pain,https://tcgplayer-cdn.tcgplayer.com/product/24316_200w.jpg,2,164,https://cpt.tcgcsv.com/lLc,2013-05-09T12:13:41.653,1,DB2-EN083,Common,SPELL,,Normal Spell,0,0,Offer 1 monster on your side of the field as a Tribute. Your opponent must select 1 monster on his/her side of the field and offer it as a Tribute.,0.1,0.3,1.46,0.48,,Unlimited,
24317,Heavy Storm,Heavy Storm,https://tcgplayer-cdn.tcgplayer.com/product/24317_200w.jpg,2,164,https://cpt.tcgcsv.com/mLc,2013-05-09T12:13:41.653,1,DB2-EN084,Super Rare,SPELL,,Normal Spell,0,0,Destroys all Spell and Trap Cards on the field.,8.28,9.75,50.0,8.42,,Unlimited,
24318,Soul of the Pure,Soul of the Pure,https://tcgplayer-cdn.tcgplayer.com/product/24318_200w.jpg,2,164,https://cpt.tcgcsv.com/nLc,2013-05-09T12:13:41.653,1,DB2-EN086,Common,SPELL,,Normal Spell,0,0,Increases your Life Points by 800 points.,0.15,0.32,1.98,0.3,,Unlimited,
24319,Dark-Piercing Light,Dark Piercing Light,https://tcgplayer-cdn.tcgplayer.com/product/24319_200w.jpg,2,164,https://cpt.tcgcsv.com/pLc,2013-05-09T12:13:41.653,1,DB2-EN087,Common,SPELL,,Normal Spell,0,0,Flip all of your opponent's face-down Monster Cards on the field face-up. The effect of the monsters will activate at this time.,0.22,0.56,2.99,0.56,,Unlimited,
24320,Graceful Charity,Graceful Charity,https://tcgplayer-cdn.tcgplayer.com/product/24320_200w.jpg,2,164,https://cpt.tcgcsv.com/qLc,2013-05-09T12:13:41.653,1,DB2-EN095,Rare,SPELL,,Normal Spell,0,0,"Draw 3 crads from your Deck, then discard any 2 cards from your hand.",3.98,6.0,19.99,5.79,,Unlimited,
24321,Restructer Revolution,Restructer Revolution,https://tcgplayer-cdn.tcgplayer.com/product/24321_200w.jpg,2,164,https://cpt.tcgcsv.com/rLc,2013-05-09T12:13:41.653,1,DB2-EN108,Common,SPELL,,Normal Spell,0,0,Inflict 200 points damage to your opponent's Life Points for each card in your opponent's hand.,0.14,0.48,1.99,0.35,,Unlimited,
24322,Fusion Sage,Fusion Sage,https://tcgplayer-cdn.tcgplayer.com/product/24322_200w.jpg,2,164,https://cpt.tcgcsv.com/sLc,2013-05-09T12:13:41.653,1,DB2-EN109,Common,SPELL,,Normal Spell,0,0,Take 1 Polymerization card from your Deck and add it to your hand. The Deck is then shuffled.,0.15,0.5,2.38,0.48,,Unlimited,
24323,Toon Table of Contents,Toon Table of Contents,https://tcgplayer-cdn.tcgplayer.com/product/24323_200w.jpg,2,164,https://cpt.tcgcsv.com/tLc,2013-05-09T12:13:41.653,1,DB2-EN121,Common,SPELL,,Normal Spell,0,0,"Add 1 card from your Deck to your hand that includes ""Toon"" in its card name, or is named ""Manga Ryu-Ran"".",2.97,4.26,5.92,4.76,,Unlimited,
24324,The Puppet Magic of Dark Ruler,The Puppet Magic of Dark Ruler,https://tcgplayer-cdn.tcgplayer.com/product/24324_200w.jpg,2,164,https://cpt.tcgcsv.com/vLc,2013-05-09T12:13:41.653,1,DB2-EN134,Common,SPELL,,Normal Spell,0,0,Select 1 Fiend-Type monster from your Graveyard. Remove monsters on your side of the field from play whose total Level Stars exactly equal the Level of the selected Fiend-Type monster. Then Special Summon the selected monster from your Graveyard.,0.1,0.25,1.46,0.15,,Unlimited,
24325,Double Snare,Double Snare,https://tcgplayer-cdn.tcgplayer.com/product/24325_200w.jpg,2,164,https://cpt.tcgcsv.com/wLc,2013-05-09T12:13:41.653,1,DB2-EN136,Common,SPELL,,Normal Spell,0,0,Select 1 face-up card on the field that has the effect that negates Trap Cards' effects and destroy it.,0.1,0.49,0.99,0.56,,Unlimited,
24326,Reinforcement of the Army,Reinforcement of the Army,https://tcgplayer-cdn.tcgplayer.com/product/24326_200w.jpg,2,164,https://cpt.tcgcsv.com/xLc,2013-05-09T12:13:41.653,1,DB2-EN147,Rare,SPELL,,Normal Spell,0,0,Move one Level 4 or lower Warrior-Type monster from your Deck to your hand. Your Deck is then shuffled.,0.45,0.88,2.99,0.85,,Unlimited,
24327,Array of Revealing Light,Array of Revealing Light,https://tcgplayer-cdn.tcgplayer.com/product/24327_200w.jpg,2,164,https://cpt.tcgcsv.com/zLc,2013-05-09T12:13:41.653,1,DB2-EN148,Common,SPELL,,Normal Spell,0,0,Declare 1 Type of monster. Any monster of the selected Type cannot attack during the turn it is Summoned (including Flip Summon and Special Summon).,0.12,0.32,6.8,0.34,,Unlimited,
24328,The Warrior Returning Alive,The Warrior Returning Alive,https://tcgplayer-cdn.tcgplayer.com/product/24328_200w.jpg,2,164,https://cpt.tcgcsv.com/BLc,2013-05-09T12:13:41.653,1,DB2-EN149,Common,SPELL,,Normal Spell,0,0,Select 1 Warrior-Type monster in your Graveyard and return it to your hand.,0.1,0.27,0.99,0.25,,Unlimited,
24329,A Wingbeat of Giant Dragon,A Wingbeat of Giant Dragon,https://tcgplayer-cdn.tcgplayer.com/product/24329_200w.jpg,2,164,https://cpt.tcgcsv.com/CLc,2013-05-09T12:13:41.653,1,DB2-EN159,Common,SPELL,,Normal Spell,0,0,Return 1 face-up Level 5 or higher Dragon-Type monster on your side of the field to the owner's hand and destroy all Magic and Trap Cards on the field.,0.14,0.37,1.29,0.48,,Unlimited,
24330,Dragon's Gunfire,Dragons Gunfire,https://tcgplayer-cdn.tcgplayer.com/product/24330_200w.jpg,2,164,https://cpt.tcgcsv.com/DLc,2013-05-09T12:13:41.653,1,DB2-EN160,Common,SPELL,,Normal Spell,0,0,"You can activate this card only when you have a face-up Dragon-Type monster on your side of the field. Select and activate 1 of the following effects:
Inflict 800 points of damage to your opponent's Life Points.
Destroy 1 face-up monster with a DEF of 8",0.08,0.34,1.0,0.33,,Unlimited,
24331,Stamping Destruction,Stamping Destruction,https://tcgplayer-cdn.tcgplayer.com/product/24331_200w.jpg,2,164,https://cpt.tcgcsv.com/FLc,2013-05-09T12:13:41.653,1,DB2-EN161,Common,SPELL,,Normal Spell,0,0,You can activate this card only when you have a face-up Dragon-Type monster on your side of the field. Destroy 1 Magic or Trap Card on the field to inflict 500 points of Direct Damage to the destroyed card's controller.,0.15,0.25,1.0,0.15,,Unlimited,
24332,A Legendary Ocean,A Legendary Ocean,https://tcgplayer-cdn.tcgplayer.com/product/24332_200w.jpg,2,164,https://cpt.tcgcsv.com/GLc,2013-05-09T12:13:41.653,1,DB2-EN187,Common,SPELL,,Normal Spell,0,0,This card's name is treated as Umi. Downgrade all WATER monsters in both player's hands and on the field by 1 Level. Increases the ATK and DEF of all WATER monsters by 200 points.,0.15,0.44,1.7,0.41,,Unlimited,
24333,Creature Swap,Creature Swap,https://tcgplayer-cdn.tcgplayer.com/product/24333_200w.jpg,2,164,https://cpt.tcgcsv.com/HLc,2013-05-09T12:13:41.653,1,DB2-EN190,Super Rare,SPELL,,Normal Spell,0,0,Both players select 1 monster on their respective fields and switch control of them to each other. The battle positions of these cards cannot change during the turn this card is activated.,1.96,3.27,9.99,2.43,3.59,Unlimited,
24334,The Secret of the Bandit,The Secret of the Bandit,https://tcgplayer-cdn.tcgplayer.com/product/24334_200w.jpg,2,164,https://cpt.tcgcsv.com/JLc,2013-05-09T12:13:41.653,1,DB2-EN194,Common,SPELL,,Normal Spell,0,0,"This card can only be activated during Main Phase 1. Select 1 monster on the field. Each time the selected monster inflicts Battle Damage this turn, your opponent randomly discards 1 card.",0.07,0.25,1.0,0.16,,Unlimited,
24335,After the Struggle,After the Struggle,https://tcgplayer-cdn.tcgplayer.com/product/24335_200w.jpg,2,164,https://cpt.tcgcsv.com/KLc,2013-05-09T12:13:41.653,1,DB2-EN195,Common,SPELL,,Normal Spell,0,0,This card can only be activated during Main Phase 1. All monsters on both sides of the field that have been involved in damage calculation are destroyed during the End Step of the turn.,0.1,0.25,1.99,0.14,,Unlimited,
24336,Magic Reflector,Magic Reflector,https://tcgplayer-cdn.tcgplayer.com/product/24336_200w.jpg,2,164,https://cpt.tcgcsv.com/LLc,2013-05-09T12:13:41.653,1,DB2-EN196,Common,SPELL,,Normal Spell,0,0,"Select 1 Magic Card that remains face-up on the field and put 1 counter on it. If the selected card is destroyed, the counter is removed instead of the card being destroyed.",0.23,0.65,1.75,0.39,,Unlimited,
24338,Book of Life,Book of Life,https://tcgplayer-cdn.tcgplayer.com/product/24338_200w.jpg,2,164,https://cpt.tcgcsv.com/NLc,2013-05-09T12:13:41.653,1,DB2-EN230,Super Rare,SPELL,,Normal Spell,0,0,Special Summon 1 Zombie-Type monster from your Graveyard in face-up Attack and Defense Position and remove 1 monster in your opponent's Graveyard from play.,2.83,4.99,9.99,5.2,,Unlimited,
24339,Book of Taiyou,Book of Taiyou,https://tcgplayer-cdn.tcgplayer.com/product/24339_200w.jpg,2,164,https://cpt.tcgcsv.com/PLc,2013-05-09T12:13:41.653,1,DB2-EN231,Common,SPELL,,Normal Spell,0,0,Flip 1 face-down monster on the field into face-up Attack Position.,0.6,1.06,5.19,0.84,,Unlimited,
24340,Secret Pass to the Treasures,Secret Pass to the Treasures,https://tcgplayer-cdn.tcgplayer.com/product/24340_200w.jpg,2,164,https://cpt.tcgcsv.com/QLc,2013-05-09T12:13:41.653,1,DB2-EN234,Common,SPELL,,Normal Spell,0,0,"Select 1 face-up monster with an ATK equal to 1000 points or less on your side of the field. During the turn this card is activated, the selected monster can attack your opponent's Life Points directly.",0.09,0.21,1.4,0.14,,Unlimited,
24341,Timidity,Timidity,https://tcgplayer-cdn.tcgplayer.com/product/24341_200w.jpg,2,164,https://cpt.tcgcsv.com/RLc,2013-05-09T12:13:41.653,1,DB2-EN236,Common,SPELL,,Normal Spell,0,0,Both players cannot destroy Set Spell and/or Trap Cards on the field until your opponent's next End Phase.,0.1,0.3,1.49,0.37,,Unlimited,
24342,De-Fusion,De Fusion,https://tcgplayer-cdn.tcgplayer.com/product/24342_200w.jpg,2,164,https://cpt.tcgcsv.com/SLc,2013-05-09T12:13:41.653,1,DB2-EN029,Common,SPELL,,Quick-Play Spell,0,0,"Return 1 Fusion Monster Card on the field to the Fusion Deck. In addition, if all the Fusion-Material monsters for the returned Fusion Monster Card are in your Graveyard, you can Special Summon them all to the field in face-up Attack or Defense Position.",0.25,0.7,1.99,0.73,,Unlimited,
24343,Emergency Provisions,Emergency Provisions,https://tcgplayer-cdn.tcgplayer.com/product/24343_200w.jpg,2,164,https://cpt.tcgcsv.com/TLc,2016-05-09T12:45:48.72,1,DB2-EN150,Rare,SPELL,,Quick-Play Spell,0,0,Send Magic or Trap Cards on your side of the field to the Graveyard to increase your Life Points by 1000 points per card. This card is excluded.,1.28,2.85,17.99,2.84,,Unlimited,
24344,Super Rejuvenation,Super Rejuvenation,https://tcgplayer-cdn.tcgplayer.com/product/24344_200w.jpg,2,164,https://cpt.tcgcsv.com/VLc,2013-05-09T12:13:41.653,1,DB2-EN162,Common,SPELL,,Quick-Play Spell,0,0,"During the End Phase of the turn this card is activated, draw 1 card for each Dragon-Type monster discarded from your hand and/or offered as a Tribute during this turn.",0.3,0.71,3.14,0.67,,Unlimited,
24345,Book of Moon,Book of Moon,https://tcgplayer-cdn.tcgplayer.com/product/24345_200w.jpg,2,164,https://cpt.tcgcsv.com/WLc,2013-05-09T12:13:41.653,1,DB2-EN232,Common,SPELL,,Quick-Play Spell,0,0,Flip 1 face-up monster on the field into face-down Defense Position,0.4,0.76,3.95,0.77,,Unlimited,
24346,Pyramid Energy,Pyramid Energy,https://tcgplayer-cdn.tcgplayer.com/product/24346_200w.jpg,2,164,https://cpt.tcgcsv.com/XLc,2013-05-09T12:13:41.653,1,DB2-EN237,Common,SPELL,,Quick-Play Spell,0,0,"You can select and activate 1 of the following effects.
-Increase the ATK of all face-up monsters on your side of the field by 200 points until the End Phase of the turn this card is activated.
-Increase the DEF of all face-up monsters on your side of t",0.08,0.25,1.43,0.13,,Unlimited,
24347,Black Illusion Ritual,Black Illusion Ritual,https://tcgplayer-cdn.tcgplayer.com/product/24347_200w.jpg,2,164,https://cpt.tcgcsv.com/ZLc,2013-05-09T12:13:41.653,1,DB2-EN250,Common,SPELL,,Ritual Spell,0,0,This card is used to Ritual Summon Relinquished. You must also offer monsters whose total Level Stars equal 1 or more from the field or your hand as a Tribute.,0.2,0.49,2.94,0.49,,Unlimited,
24348,Tutan Mask,Tutan Mask,https://tcgplayer-cdn.tcgplayer.com/product/24348_200w.jpg,2,164,https://cpt.tcgcsv.com/-Lc,2013-05-09T12:13:41.653,1,DB2-EN238,Common,TRAP,,Counter Trap,0,0,Negate the activation and the effect of a Spell or Trap Card that specifically designates 1 face-up Zombie-Type monster as a target and destroy it.,0.1,0.22,1.0,0.1,,Unlimited,
24349,Saggi the Dark Clown,Saggi the Dark Clown,https://tcgplayer-cdn.tcgplayer.com/product/24349_200w.jpg,2,164,https://cpt.tcgcsv.com/_Lc,2024-03-28T16:16:02.013,1,DB2-EN039,Common,DARK,Spellcaster,Normal Monster,600,1500,This clown appears from nowhere and executes very strange moves to avoid enemy attacks.,0.17,0.39,1.98,0.34,,Unlimited,
24350,Illusionist Faceless Mage,Illusionist Faceless Mage,https://tcgplayer-cdn.tcgplayer.com/product/24350_200w.jpg,2,164,https://cpt.tcgcsv.com/0Mc,2024-03-28T16:16:02.153,1,DB2-EN041,Common,DARK,Spellcaster,Normal Monster,1200,2200,Manipulates enemy attacks with the power of illusion.,0.1,0.25,0.99,0.17,,Unlimited,
24351,Gemini Elf,Gemini Elf,https://tcgplayer-cdn.tcgplayer.com/product/24351_200w.jpg,2,164,https://cpt.tcgcsv.com/2Mc,2024-03-28T16:16:02.327,1,DB2-EN094,Common,EARTH,Spellcaster,Normal Monster,1900,900,Elf twins that alternate their attacks.,0.4,0.69,1.98,0.7,,Unlimited,
24352,Goddess with the Third Eye,Goddess with the Third Eye,https://tcgplayer-cdn.tcgplayer.com/product/24352_200w.jpg,2,164,https://cpt.tcgcsv.com/3Mc,2024-03-28T16:16:02.667,1,DB2-EN097,Common,LIGHT,Spellcaster,Normal Monster,1500,1300,A sorcerer blessed by lunar light with powers far beyond mortal comprehension.,0.34,0.87,4.99,0.93,,Unlimited,
24353,Kycoo the Ghost Destroyer,Kycoo the Ghost Destroyer,https://tcgplayer-cdn.tcgplayer.com/product/24353_200w.jpg,2,164,https://cpt.tcgcsv.com/5Mc,2024-03-28T16:16:02.827,1,DB2-EN002,Rare,DARK,Spellcaster,Effect Monster,1800,700,"Each time this card inflicts battle damage to your opponent's Life Points, you can remove up to 2 monster cards in your opponent's Graveyard from play. In addition, as long as this card remains face-up on the field, your opponent cannot remove any cards i",3.35,4.11,9.99,4.95,,Unlimited,
24354,Witch of the Black Forest,Witch of the Black Forest,https://tcgplayer-cdn.tcgplayer.com/product/24354_200w.jpg,2,164,https://cpt.tcgcsv.com/6Mc,2024-03-28T16:16:03.257,1,DB2-EN066,Rare,DARK,Spellcaster,Effect Monster,1100,1200,"When this card is sent from the field to the Graveyard, move 1 monster with a DEF of 1500 or less from your Deck to your hand. Your Deck is then shuffled.",0.2,0.89,2.99,0.91,,Unlimited,
24355,Witch's Apprentice,Witchs Apprentice,https://tcgplayer-cdn.tcgplayer.com/product/24355_200w.jpg,2,164,https://cpt.tcgcsv.com/7Mc,2024-03-28T16:16:03.55,1,DB2-EN070,Common,DARK,Spellcaster,Effect Monster,550,500,"As long as this card remains face-up on the Field, increase the ATK of all DARK monsters by 500 points and decrease the ATK of all LIGHT monsters by 400 points.",0.18,0.4,1.14,0.41,,Unlimited,
24356,Great Dezard,Great Dezard,https://tcgplayer-cdn.tcgplayer.com/product/24356_200w.jpg,2,164,https://cpt.tcgcsv.com/8Mc,2024-03-28T16:16:03.703,1,DB2-EN220,Super Rare,DARK,Spellcaster,Effect Monster,1900,2300,"When this monster destroys the following number of monster in battle, the following effects are activated in order: One: As long as this card remains face-up on the field, negate the activation and effects of all Spell and Traps that specifically designat",0.42,1.3,4.99,1.65,,Unlimited,
24357,Mysterious Guard,Mysterious Guard,https://tcgplayer-cdn.tcgplayer.com/product/24357_200w.jpg,2,164,https://cpt.tcgcsv.com/9Mc,2024-03-28T16:16:04.193,1,DB2-EN141,Common,EARTH,Spellcaster,Effect Monster,800,1200,"FLIP: Return 1 face-up monster on the field to the top of its owner's Deck. At the same time, if there is a face-up Warrior-Type monster on your side of the field, you can return another face-up monster to its owner's hand.",0.1,0.25,1.41,0.24,,Unlimited,
24358,Frontier Wiseman,Frontier Wiseman,https://tcgplayer-cdn.tcgplayer.com/product/24358_200w.jpg,2,164,https://cpt.tcgcsv.com/bMc,2024-03-28T16:16:04.333,1,DB2-EN142,Common,EARTH,Spellcaster,Effect Monster,1600,800,"As long as this card remains face-up on your side of the field, it negates the effects of Magic Cards that designate Warrior-Type monsters on your side of the field as targets and destroys the Magic Card.",0.1,0.31,6.3,0.32,,Unlimited,
24359,Injection Fairy Lily,Injection Fairy Lily,https://tcgplayer-cdn.tcgplayer.com/product/24359_200w.jpg,2,164,https://cpt.tcgcsv.com/cMc,2024-03-28T16:16:04.807,1,DB2-EN171,Ultra Rare,EARTH,Spellcaster,Effect Monster,400,1500,This card's effect can be activated only during the Damage Step of either player's turn. Pay 2000 Life Points to increase the ATK of this monster by 3000 points only during the Damage Step.,8.25,17.48,29.99,18.74,,Unlimited,
24360,Jowgen the Spiritualist,Jowgen the Spiritualist,https://tcgplayer-cdn.tcgplayer.com/product/24360_200w.jpg,2,164,https://cpt.tcgcsv.com/dMc,2024-03-28T16:16:04.917,1,DB2-EN001,Rare,LIGHT,Spellcaster,Effect Monster,200,1300,"Randomly discard 1 card from your hand to the Graveyard to destroy all Special Summoned monsters on the field. In addition, as long as this card remains face-up on the field, no monsters can be Special Summoned.",0.95,2.25,7.0,2.55,,Unlimited,
24362,Time Wizard,Time Wizard,https://tcgplayer-cdn.tcgplayer.com/product/24362_200w.jpg,2,164,https://cpt.tcgcsv.com/gMc,2024-03-28T16:16:05.153,1,DB2-EN038,Super Rare,LIGHT,Spellcaster,Effect Monster,500,400,"Toss a coin and call Heads or Tails. If you call it right, your opponent's monsters on the field are destroyed. If you call it wrong, your own monsters on the field are destroyed and you lose Life Points equal to half the total ATK of the destroyed monste",4.35,8.66,22.99,6.71,,Unlimited,
24363,The Unhappy Maiden,The Unhappy Maiden,https://tcgplayer-cdn.tcgplayer.com/product/24363_200w.jpg,2,164,https://cpt.tcgcsv.com/hMc,2024-03-28T16:16:05.287,1,DB2-EN079,Common,LIGHT,Spellcaster,Effect Monster,0,100,"When this card is sent to the Graveyard as a result of battle, the Battle Phase for that turn ends immediately.",0.11,0.49,1.0,0.45,,Unlimited,
24364,Otohime,Otohime,https://tcgplayer-cdn.tcgplayer.com/product/24364_200w.jpg,2,164,https://cpt.tcgcsv.com/jMc,2024-03-28T16:16:05.397,1,DB2-EN181,Common,LIGHT,Spellcaster,Spirit Monster,0,100,"This card cannot be Special Summoned. This card returns to the owner's hand during the End Phase of the turn that this card is Normal Summoned, Flip Summoned or flipped face-up. If this card is Normal Summoned, Flip Summoned or flipped face-up, you can ch",0.15,0.46,1.54,0.42,,Unlimited,
24365,Toon Masked Sorcerer,Toon Masked Sorcerer,https://tcgplayer-cdn.tcgplayer.com/product/24365_200w.jpg,2,164,https://cpt.tcgcsv.com/kMc,2024-03-28T16:16:05.53,1,DB2-EN120,Common,DARK,Spellcaster,Toon Monster,900,1400,"This card cannot attack the turn that it is Normal Summoned, Flip Summoned, or Special Summoned. When Toon World on the field is destroyed, this card is also destroyed. If Toon World is on your side of the field and your opponent does not control a Toon M",0.3,0.75,1.78,0.83,,Unlimited,
24366,Toon Gemini Elf,Toon Gemini Elf,https://tcgplayer-cdn.tcgplayer.com/product/24366_200w.jpg,2,164,https://cpt.tcgcsv.com/lMc,2024-03-28T16:16:05.67,1,DB2-EN119,Common,EARTH,Spellcaster,Toon Monster,1900,900,"This card cannot attack during the turn that it is normal summoned, flip summoned, or special summoned. When ""Toon World"" on the field is destroyed this card is also destroyed. If ""Toon World"" is on your side of the field and your opponent does not contro",0.4,0.65,1.94,0.51,,Unlimited,
24367,Oscillo Hero #2,Oscillo Hero 2,https://tcgplayer-cdn.tcgplayer.com/product/24367_200w.jpg,2,164,https://cpt.tcgcsv.com/mMc,2024-03-28T16:16:05.797,1,DB2-EN085,Common,LIGHT,Thunder,Normal Monster,1000,500,A creature that electrocutes opponents with bolts of lightning.,0.12,0.34,1.43,0.25,,Unlimited,
24368,Thunder Dragon,Thunder Dragon,https://tcgplayer-cdn.tcgplayer.com/product/24368_200w.jpg,2,164,https://cpt.tcgcsv.com/nMc,2024-03-28T16:16:05.923,1,DB2-EN058,Common,LIGHT,Thunder,Effect Monster,1600,1500,Discard this card from your hand to the Graveyard to add up to 2 Thunder Dragon cards from your Deck to your hand. Your Deck is then shuffled. This card can only be used during a Main Phase.,2.99,4.0,12.85,2.85,,Unlimited,
24369,The Immortal of Thunder,The Immortal of Thunder,https://tcgplayer-cdn.tcgplayer.com/product/24369_200w.jpg,2,164,https://cpt.tcgcsv.com/pMc,2024-03-28T16:16:06.1,1,DB2-EN059,Common,LIGHT,Thunder,Effect Monster,1500,1300,"FLIP: You gain 3000 Life Points. After this card is flipped, you lose 5000 Life Points when it is sent from the Field to the Graveyard.",0.1,0.25,1.41,0.14,,Unlimited,
24370,Thunder Nyan Nyan,Thunder Nyan Nyan,https://tcgplayer-cdn.tcgplayer.com/product/24370_200w.jpg,2,164,https://cpt.tcgcsv.com/qMc,2024-03-28T16:16:06.273,1,DB2-EN169,Rare,LIGHT,Thunder,Effect Monster,1900,800,"If there is a non-LIGHT monster on your side of the field, this face-up card is immediately destroyed.",0.32,0.72,2.99,0.7,,Unlimited,
24371,Twin-Headed Thunder Dragon,Twin Headed Thunder Dragon,https://tcgplayer-cdn.tcgplayer.com/product/24371_200w.jpg,2,164,https://cpt.tcgcsv.com/rMc,2024-03-28T16:16:06.563,1,DB2-EN069,Common,LIGHT,Thunder,Fusion Monster,2800,2100,Thunder Dragon + Thunder Dragon,0.8,1.33,17.5,1.33,,Unlimited,
24372,Susa Soldier,Susa Soldier,https://tcgplayer-cdn.tcgplayer.com/product/24372_200w.jpg,2,164,https://cpt.tcgcsv.com/sMc,2024-03-28T16:16:06.917,1,DB2-EN178,Super Rare,EARTH,Thunder,Spirit Monster,2000,1600,"This card cannot be Special Summoned. This card returns to the owner's hand during the End Phase of the turn that this card is Normal Summoned, Flip Summoned or flipped face-up. The Battle Damage this card inflicts to your opponent's Life Points is halved",1.88,3.77,10.0,3.58,,Unlimited,
24373,Royal Command,Royal Command,https://tcgplayer-cdn.tcgplayer.com/product/24373_200w.jpg,2,164,https://cpt.tcgcsv.com/tMc,2013-05-09T12:13:41.653,1,DB2-EN014,Rare,TRAP,,Continuous Trap,0,0,Negates the activation and effects of all Flip Effect monsters.,0.21,0.51,3.0,0.46,,Unlimited,
24374,Skull Lair,Skull Lair,https://tcgplayer-cdn.tcgplayer.com/product/24374_200w.jpg,2,164,https://cpt.tcgcsv.com/vMc,2013-05-09T12:13:41.653,1,DB2-EN016,Common,TRAP,,Continuous Trap,0,0,Remove any number of monster cards in your Graveyard from play. Destroy 1 face-up monster on the field whose Level Stars are equal to the number of the cards you removed from play.,0.29,0.45,2.14,0.55,,Unlimited,
24375,Graverobber's Retribution,Graverobbers Retribution,https://tcgplayer-cdn.tcgplayer.com/product/24375_200w.jpg,2,164,https://cpt.tcgcsv.com/wMc,2013-05-09T12:13:41.653,1,DB2-EN017,Common,TRAP,,Continuous Trap,0,0,"During each of your Standby Phases, inflict 100 points of Direct Damage to your opponent's Life Points for each of your opponent's Monster Cards that have been removed from play.",0.11,0.34,1.46,0.32,,Unlimited,
24376,Blind Destruction,Blind Destruction,https://tcgplayer-cdn.tcgplayer.com/product/24376_200w.jpg,2,164,https://cpt.tcgcsv.com/xMc,2013-05-09T12:13:41.653,1,DB2-EN019,Common,TRAP,,Continuous Trap,0,0,"During your Standby Phase, roll 1 six-sided die once. Destroy any monster whose Level Stars are equal to the number rolled. If the number is 6, destroy all face-up Level 6 or higher monsters on the field.",0.08,0.23,1.42,0.16,,Unlimited,
24377,The Emperor's Holiday,The Emperors Holiday,https://tcgplayer-cdn.tcgplayer.com/product/24377_200w.jpg,2,164,https://cpt.tcgcsv.com/zMc,2013-05-09T12:13:41.653,1,DB2-EN020,Common,TRAP,,Continuous Trap,0,0,Negate the effects of all Equip Spell Cards.,0.05,0.22,0.99,0.17,,Unlimited,
24378,Destiny Board,Destiny Board,https://tcgplayer-cdn.tcgplayer.com/product/24378_200w.jpg,2,164,https://cpt.tcgcsv.com/BMc,2013-05-09T12:13:41.653,1,DB2-EN021,Common,TRAP,,Continuous Trap,0,0,"At the end of each of your opponent's turns, place 1 Spirit Message card from your hand or your Deck face-up to the field. If it is from your Deck, then shuffle your Deck. If Spirit Message cards I, N, A and L are all on the field in their proper order, y",0.14,0.5,2.38,0.55,,Unlimited,
24379,Robbin' Goblin,Robbin Goblin,https://tcgplayer-cdn.tcgplayer.com/product/24379_200w.jpg,2,164,https://cpt.tcgcsv.com/CMc,2013-05-09T12:13:41.653,1,DB2-EN080,Common,TRAP,,Continuous Trap,0,0,"Each time 1 of your monsters inflicts damage to your opponent's Life Points, 1 card is randomly selected from your opponent's hand and discarded to the Graveyard.",0.15,0.49,1.58,0.68,,Unlimited,
24380,Magical Thorn,Magical Thorn,https://tcgplayer-cdn.tcgplayer.com/product/24380_200w.jpg,2,164,https://cpt.tcgcsv.com/DMc,2013-05-09T12:13:41.653,1,DB2-EN107,Common,TRAP,,Continuous Trap,0,0,"When your opponent\'s card(s) are discarded to the Graveyard, inflict 500 points of damage to his/her Life Points for each card that was discarded.",0.25,0.56,1.98,0.56,,Unlimited,
24381,Toon Defense,Toon Defense,https://tcgplayer-cdn.tcgplayer.com/product/24381_200w.jpg,2,164,https://cpt.tcgcsv.com/FMc,2013-05-09T12:13:41.653,1,DB2-EN122,Common,TRAP,,Continuous Trap,0,0,"Whenever a Toon Monster whose total Level Stars equal 4 or less is attacked, that Toon's controller may choose to receive the attack directly instead.",0.32,0.56,2.27,0.61,,Unlimited,
24382,Fatal Abacus,Fatal Abacus,https://tcgplayer-cdn.tcgplayer.com/product/24382_200w.jpg,2,164,https://cpt.tcgcsv.com/GMc,2013-05-09T12:13:41.653,1,DB2-EN133,Common,TRAP,,Continuous Trap,0,0,"As long as this card remains face-up on the field, each time 1 Monster Card is sent from the field to the Graveyard, inflict 500 points of Direct Damage per card to the respective card owners' Life Points.",0.01,0.25,1.41,0.19,,Unlimited,
24383,Soul Demolition,Soul Demolition,https://tcgplayer-cdn.tcgplayer.com/product/24383_200w.jpg,2,164,https://cpt.tcgcsv.com/HMc,2013-05-09T12:13:41.653,1,DB2-EN135,Common,TRAP,,Continuous Trap,0,0,You can activate this card's effect only when you have a Fiend-Type monster on your side of the field. You must pay 500 Life Points to use this effect. Both players select 1 Monster Card from their opponent's Graveyard and remove them from play.,0.1,0.25,1.41,0.13,,Unlimited,
24384,The Dragon's Bead,The Dragons Bead,https://tcgplayer-cdn.tcgplayer.com/product/24384_200w.jpg,2,164,https://cpt.tcgcsv.com/JMc,2013-05-09T12:13:41.653,1,DB2-EN158,Common,TRAP,,Continuous Trap,0,0,Discard 1 card from your hand. Negate the effect of a Trap Card that targets 1 face-up Dragon-Type monster and destroy the Trap Card.,0.1,0.25,1.0,0.19,,Unlimited,
24385,Dragon's Rage,Dragons Rage,https://tcgplayer-cdn.tcgplayer.com/product/24385_200w.jpg,2,164,https://cpt.tcgcsv.com/KMc,2013-05-09T12:13:41.653,1,DB2-EN163,Common,TRAP,,Continuous Trap,0,0,"When a Dragon-Type monster on your side of the field attacks with an ATK that is higher than the DEF of a Defense Position monster, inflict the difference as Battle Damage to your opponent's Life Points.",0.12,0.35,1.43,0.41,,Unlimited,
24386,Royal Oppression,Royal Oppression,https://tcgplayer-cdn.tcgplayer.com/product/24386_200w.jpg,2,164,https://cpt.tcgcsv.com/LMc,2013-05-09T12:13:41.653,1,DB2-EN200,Rare,TRAP,,Continuous Trap,0,0,Pay 800 Life Points to negate a Special Summon of a monster and the effect of a card that Special Summons a monster and destroy it. Both you and your opponent can use this effect as long as this card remains face-up on the field.,6.25,9.57,26.95,9.88,,Unlimited,
24387,Bad Reaction to Simochi,Bad Reaction to Simochi,https://tcgplayer-cdn.tcgplayer.com/product/24387_200w.jpg,2,164,https://cpt.tcgcsv.com/MMc,2013-05-09T12:13:41.653,1,DB2-EN202,Common,TRAP,,Continuous Trap,0,0,"As long as this card remains face-up on the field, the effect of increasing your opponent's Life Points is negated and changed to inflict the same amount of points in Direct Damage to your opponent's Life Points.",0.6,0.9,3.09,0.95,,Unlimited,
24388,Ominous Fortunetelling,Ominous Fortunetelling,https://tcgplayer-cdn.tcgplayer.com/product/24388_200w.jpg,2,164,https://cpt.tcgcsv.com/NMc,2013-05-09T12:13:41.653,1,DB2-EN203,Common,TRAP,,Continuous Trap,0,0,"During your Standby Phase, select 1 card randomly from your opponent's hand and call the Type of card (Monster, Spell, or Trap). If you call it right, inflict 700 points of damage to your opponent's Life Points. You can use this effect only once per turn.",0.09,0.25,1.41,0.16,,Unlimited,
24389,Spirit's Invitation,Spirits Invitation,https://tcgplayer-cdn.tcgplayer.com/product/24389_200w.jpg,2,164,https://cpt.tcgcsv.com/PMc,2013-05-09T12:13:41.653,1,DB2-EN204,Common,TRAP,,Continuous Trap,0,0,"Each time your Spirit monster returns to your hand, select 1 monster on your opponent's side of the field and return it to its owner's hand. Pay 500 Life Points during each of your Standby Phases. If you cannot, this card is destroyed.",0.15,0.38,1.46,0.38,,Unlimited,
24390,Ordeal of a Traveler,Ordeal of a Traveler,https://tcgplayer-cdn.tcgplayer.com/product/24390_200w.jpg,2,164,https://cpt.tcgcsv.com/QMc,2013-05-09T12:13:41.653,1,DB2-EN239,Common,TRAP,,Continuous Trap,0,0,"You can activate this card's effect when your opponent attacks. Your opponent randomly selects 1 card in your hand and calls the Type of the card (Monster, Spell, or Trap). If your opponent calls it wrong, the attacking monster is returned to its owner's",0.31,0.66,1.66,0.77,,Unlimited,
24391,Bottomless Shifting Sand,Bottomless Shifting Sand,https://tcgplayer-cdn.tcgplayer.com/product/24391_200w.jpg,2,164,https://cpt.tcgcsv.com/RMc,2013-05-09T12:13:41.653,1,DB2-EN240,Common,TRAP,,Continuous Trap,0,0,"At the end of your opponent's turn, destroy the face-up monster(s) with the highest ATK on the field. During your own Standby Phase, if you have 4 or less cards in your hand, this card is destroyed.",0.1,0.25,0.99,0.19,,Unlimited,
24392,Needle Wall,Needle Wall,https://tcgplayer-cdn.tcgplayer.com/product/24392_200w.jpg,2,164,https://cpt.tcgcsv.com/SMc,2013-05-09T12:13:41.653,1,DB2-EN245,Common,TRAP,,Continuous Trap,0,0,"During your Standby Phase, roll a six-sided die once. Treat your opponent's Monster Card Zone as #'s 1-5, counting from your right. Destroy the monster that is in the same Monster Card Zone as the die result. If the result is 6, roll again.",0.16,0.26,0.99,0.25,,Unlimited,
24393,Riryoku Field,Riryoku Field,https://tcgplayer-cdn.tcgplayer.com/product/24393_200w.jpg,2,164,https://cpt.tcgcsv.com/TMc,2013-05-09T12:13:41.653,1,DB2-EN015,Rare,TRAP,,Counter Trap,0,0,Negates the activation of a Spell Card that designates 1 monster as a target and destroys the Spell Card.,0.1,0.25,1.42,0.18,,Unlimited,
24394,Solemn Judgment,Solemn Judgment,https://tcgplayer-cdn.tcgplayer.com/product/24394_200w.jpg,2,164,https://cpt.tcgcsv.com/VMc,2013-05-09T12:13:41.653,1,DB2-EN073,Super Rare,TRAP,,Counter Trap,0,0,Pay half of your Life Points when your opponent either activates a Spell or Trap or summons a monster (including Special Summon) to negate the action and destroy all the cards involved.,6.66,12.85,39.99,19.65,7.99,Unlimited,
24395,Magic Jammer,Magic Jammer,https://tcgplayer-cdn.tcgplayer.com/product/24395_200w.jpg,2,164,https://cpt.tcgcsv.com/WMc,2013-05-09T12:13:41.653,1,DB2-EN074,Super Rare,TRAP,,Counter Trap,0,0,Discard 1 card from your hand to the Graveyard to negate the activation of a Spell Card and destroy it.,1.85,4.44,10.38,4.83,,Unlimited,
24396,Seven Tools of the Bandit,Seven Tools of the Bandit,https://tcgplayer-cdn.tcgplayer.com/product/24396_200w.jpg,2,164,https://cpt.tcgcsv.com/XMc,2013-05-09T12:13:41.653,1,DB2-EN075,Super Rare,TRAP,,Counter Trap,0,0,Pay 1000 of your Life Points to negate the activation of a Trap Card and destroy it.,1.67,3.19,14.99,2.52,,Unlimited,
24397,Horn of Heaven,Horn of Heaven,https://tcgplayer-cdn.tcgplayer.com/product/24397_200w.jpg,2,164,https://cpt.tcgcsv.com/ZMc,2013-05-09T12:13:41.653,1,DB2-EN076,Rare,TRAP,,Counter Trap,0,0,Offer 1 of your own monsters on the field as a Tribute to negate the summon (including Special Summon) of a monster and destroy it.,0.3,2.99,4.3,1.59,,Unlimited,
24398,Curse of Royal,Curse of Royal,https://tcgplayer-cdn.tcgplayer.com/product/24398_200w.jpg,2,164,https://cpt.tcgcsv.com/-Mc,2013-05-09T12:13:41.653,1,DB2-EN241,Common,TRAP,,Counter Trap,0,0,Negate the activation of a card that includes the effect of destroying 1 Spell or Trap Card and destroy it.,0.15,0.46,1.75,0.41,,Unlimited,
24399,Dark Spirit of the Silent,Dark Spirit of the Silent,https://tcgplayer-cdn.tcgplayer.com/product/24399_200w.jpg,2,164,https://cpt.tcgcsv.com/_Mc,2013-05-09T12:13:41.653,1,DB2-EN013,Common,TRAP,,Normal Trap,0,0,"This card can only be activated during your opponent's Battle Step. Negate the attack of 1 monster and select another 1 of your opponent's face-up monster and have it attack. If the new targeted attacking monster is in face-up Defense Position, change it",0.33,0.58,1.98,0.64,,Unlimited,
24400,Destruction Punch,Destruction Punch,https://tcgplayer-cdn.tcgplayer.com/product/24400_200w.jpg,2,164,https://cpt.tcgcsv.com/0Nc,2013-05-09T12:13:41.653,1,DB2-EN018,Common,TRAP,,Normal Trap,0,0,"When the ATK of an attacking monster on your opponent's side of the field is lower than the DEF of the attacked Defense Position monster on your side of the field, destroy the attacking monster. Damage calculation is applied normally.",0.11,0.25,1.7,0.24,,Unlimited,
24401,Mirror Force,Mirror Force,https://tcgplayer-cdn.tcgplayer.com/product/24401_200w.jpg,2,164,https://cpt.tcgcsv.com/2Nc,2013-05-09T12:13:41.653,1,DB2-EN081,Super Rare,TRAP,,Normal Trap,0,0,"When an opponent's monster attacks, negate the attack and destroy all opponent's monsters in Attack position.",10.99,13.02,19.95,13.65,,Unlimited,
24402,Royal Decree,Royal Decree,https://tcgplayer-cdn.tcgplayer.com/product/24402_200w.jpg,2,164,https://cpt.tcgcsv.com/3Nc,2023-02-04T21:31:47.353,1,DB2-EN106,Super Rare,TRAP,,Normal Trap,0,0,"As long as this card remains face-up on the field, negate the effects of all Trap Cards except this card on the field",18.4,22.42,29.99,22.15,23.74,Unlimited,
24403,Bark of Dark Ruler,Bark of Dark Ruler,https://tcgplayer-cdn.tcgplayer.com/product/24403_200w.jpg,2,164,https://cpt.tcgcsv.com/5Nc,2013-05-09T12:13:41.653,1,DB2-EN132,Common,TRAP,,Normal Trap,0,0,You can only activate this card during the Damage Step of the Battle Phase that a Fiend-Type monster on your side of the field attacks or is attacked. Pay Life Points (in multiples of 100 points) to decrease 1 of your opponent's monster's ATK and DEF by t,0.09,0.25,1.41,0.25,,Unlimited,
24404,Burst Breath,Burst Breath,https://tcgplayer-cdn.tcgplayer.com/product/24404_200w.jpg,2,164,https://cpt.tcgcsv.com/6Nc,2013-05-09T12:13:41.653,1,DB2-EN164,Common,TRAP,,Normal Trap,0,0,Offer 1 Dragon-Type monster on your side of the field as a Tribute to destroy all face-up monsters on the field whose DEF is equal to or lower than the ATK of the Tribute monster.,0.08,0.25,1.42,0.24,,Unlimited,
24405,Blast with Chain,Blast with Chain,https://tcgplayer-cdn.tcgplayer.com/product/24405_200w.jpg,2,164,https://cpt.tcgcsv.com/7Nc,2013-05-09T12:13:41.653,1,DB2-EN197,Rare,TRAP,,Normal Trap,0,0,"After activation, this card is treated as an Equip Spell Card. Select 1 monster you control and equip it with this card to increase the ATK of the selected monster by 500 points. When this card is destroyed by the effect of another card, select 1 card on",0.3,0.57,1.98,0.57,,Unlimited,
24406,Disappear,Disappear,https://tcgplayer-cdn.tcgplayer.com/product/24406_200w.jpg,2,164,https://cpt.tcgcsv.com/8Nc,2013-05-09T12:13:41.653,1,DB2-EN198,Common,TRAP,,Normal Trap,0,0,Select 1 card from your opponent's Graveyard and remove it from play.,0.1,0.3,0.99,0.28,,Unlimited,
24407,Bubble Crash,Bubble Crash,https://tcgplayer-cdn.tcgplayer.com/product/24407_200w.jpg,2,164,https://cpt.tcgcsv.com/9Nc,2013-05-09T12:13:41.653,1,DB2-EN199,Common,TRAP,,Normal Trap,0,0,This card can only be activated when any player has more than 6 cards on the field and/or in their hand. The player(s) must then select and send cards to their respective Graveyards until the amount remaining on the field and their hand is 5.,0.1,0.28,6.4,0.31,,Unlimited,
24408,Bottomless Trap Hole,Bottomless Trap Hole,https://tcgplayer-cdn.tcgplayer.com/product/24408_200w.jpg,2,164,https://cpt.tcgcsv.com/bNc,2013-05-09T12:13:41.653,1,DB2-EN201,Common,TRAP,,Normal Trap,0,0,"When your opponent Normal Summons, Flip Summons, or Special Summons a monster with an ATK of 1500 or more, the monster is destroyed and removed from play.",0.25,0.66,1.81,0.71,,Unlimited,
24409,Drop Off,Drop Off,https://tcgplayer-cdn.tcgplayer.com/product/24409_200w.jpg,2,164,https://cpt.tcgcsv.com/cNc,2013-05-09T12:13:41.653,1,DB2-EN205,Common,TRAP,,Normal Trap,0,0,This card can only be activated during your opponent's Draw Phase. Your opponent must discard the card he/she draws to the Graveyard from their hand immediately.,0.59,0.95,2.99,0.96,,Unlimited,
24410,Last Turn,Last Turn,https://tcgplayer-cdn.tcgplayer.com/product/24410_200w.jpg,2,164,https://cpt.tcgcsv.com/dNc,2021-08-09T13:25:49.477,1,DB2-EN206,Rare,TRAP,,Normal Trap,0,0,"This card can only be activated during your opponent's turn when your Life Points are 1000 or less. Select 1 monster on your side of the field and send all other cards on the field and in their respective owners' hands to their respective Graveyards. After that, your opponent selects and Special Summons 1 monster from their Deck in face-up Attack Position and attacks your selected monster. (Any Battle Damage from this battle is treated as 0.) The player whose monster remains alone on the field at the End Phase of this turn wins the Duel. Any other case results in a DRAW.",1.0,2.59,9.99,2.2,,Unlimited,
24411,Needle Ceiling,Needle Ceiling,https://tcgplayer-cdn.tcgplayer.com/product/24411_200w.jpg,2,164,https://cpt.tcgcsv.com/fNc,2023-12-08T16:22:52.423,1,DB2-EN242,Common,TRAP,,Normal Trap,0,0,You can activate this card only when there are 4 or more monsters on the field. Destroy all face-up monsters on the field.,0.25,0.93,5.9,0.75,,Unlimited,
24412,Statue of the Wicked,Statue of the Wicked,https://tcgplayer-cdn.tcgplayer.com/product/24412_200w.jpg,2,164,https://cpt.tcgcsv.com/gNc,2013-05-09T12:13:41.653,1,DB2-EN243,Rare,TRAP,,Normal Trap,0,0,"When this face-down card is destroyed and sent to the Graveyard, Special Summon 1 Wicked Token (Fiend-Type/DARK/4 Stars/ATK 1000/DEF 1000) in Attack or Defense Position on your side of the field.",0.2,0.7,1.99,0.85,,Unlimited,
24413,Dark Coffin,Dark Coffin,https://tcgplayer-cdn.tcgplayer.com/product/24413_200w.jpg,2,164,https://cpt.tcgcsv.com/hNc,2013-05-09T12:13:41.653,1,DB2-EN244,Common,TRAP,,Normal Trap,0,0,"When this face-down card is destroyed and sent to the Graveyard, your opponent must select and execute 1 of the following effects: -Discard 1 card in his/her hand at random. -Select 1 monster on his/her side of the field and destroy it.",0.15,0.34,0.99,0.34,,Unlimited,
24414,Trap Dustshoot,Trap Dustshoot,https://tcgplayer-cdn.tcgplayer.com/product/24414_200w.jpg,2,164,https://cpt.tcgcsv.com/jNc,2023-03-28T14:48:39.18,1,DB2-EN246,Common,TRAP,,Normal Trap,0,0,"You can activate this card only when your opponent has 4 or more cards in his/her hand. Look at your opponent's hand, then select 1 Monster Card and return it to its owner's Deck. The Deck is then shuffled.",7.62,10.15,19.99,9.5,,Unlimited,
24415,Reckless Greed,Reckless Greed,https://tcgplayer-cdn.tcgplayer.com/product/24415_200w.jpg,2,164,https://cpt.tcgcsv.com/kNc,2013-05-09T12:13:41.653,1,DB2-EN247,Common,TRAP,,Normal Trap,0,0,Draw 2 cards from your Deck and skip your next 2 Draw Phases.,0.15,0.4,1.3,0.38,,Unlimited,
24416,Pharaoh's Treasure,Pharaohs Treasure,https://tcgplayer-cdn.tcgplayer.com/product/24416_200w.jpg,2,164,https://cpt.tcgcsv.com/lNc,2013-05-09T12:13:41.653,1,DB2-EN248,Common,TRAP,,Normal Trap,0,0,"After activation, put this card face-up in your Deck and shuffle it. When you draw this card, it is immediately sent to the Graveyard. Then add 1 card in your Graveyard (expect this card) to your hand.",0.1,0.25,1.49,0.12,,Unlimited,
24417,Axe Raider,Axe Raider,https://tcgplayer-cdn.tcgplayer.com/product/24417_200w.jpg,2,164,https://cpt.tcgcsv.com/mNc,2024-03-28T16:16:07.157,1,DB2-EN092,Common,EARTH,Warrior,Normal Monster,1700,1150,An axe-wielding monster of tremendous strength and agility.,0.19,0.45,1.98,0.43,,Unlimited,
24418,Warrior Dai Grepher,Warrior Dai Grepher,https://tcgplayer-cdn.tcgplayer.com/product/24418_200w.jpg,2,164,https://cpt.tcgcsv.com/nNc,2024-03-28T16:16:07.647,1,DB2-EN140,Common,EARTH,Warrior,Normal Monster,1700,1600,The warrior who can manipulate dragons. Nobody knows his mysterious past.,0.08,0.25,1.4,0.15,,Unlimited,
24419,Zombyra the Dark,Zombyra the Dark,https://tcgplayer-cdn.tcgplayer.com/product/24419_200w.jpg,2,164,https://cpt.tcgcsv.com/pNc,2024-03-28T16:16:08.037,1,DB2-EN010,Common,DARK,Warrior,Effect Monster,2100,500,"This card cannot attack a player directly. Each time this card destroys a monster in battle, decrease the ATK of this card by 200 points.",0.99,1.1,1.95,1.16,,Unlimited,
24420,Greenkappa,Greenkappa,https://tcgplayer-cdn.tcgplayer.com/product/24420_200w.jpg,2,164,https://cpt.tcgcsv.com/qNc,2024-03-28T16:16:08.2,1,DB2-EN103,Common,DARK,Warrior,Effect Monster,650,900,FLIP: Select 2 face-down Spell or Trap cards on the field and destroy them.,0.23,0.54,1.61,0.56,,Unlimited,
24421,Total Defense Shogun,Total Defense Shogun,https://tcgplayer-cdn.tcgplayer.com/product/24421_200w.jpg,2,164,https://cpt.tcgcsv.com/rNc,2024-03-28T16:16:08.4,1,DB2-EN110,Super Rare,DARK,Warrior,Effect Monster,1550,2500,"This card is changed to Defense Position when it is Normal Summoned or Flip Summoned successfully. This card can attack while it is in Defense Position. If this card attacks while in Defense Position, apply the ATK of the card for damage calculation.",1.13,3.45,8.0,3.45,,Unlimited,
24422,Swift Gaia the Fierce Knight,Swift Gaia the Fierce Knight,https://tcgplayer-cdn.tcgplayer.com/product/24422_200w.jpg,2,164,https://cpt.tcgcsv.com/sNc,2024-03-28T16:16:08.74,1,DB2-EN111,Ultra Rare,DARK,Warrior,Effect Monster,2300,2100,"If this card is the only card in your hand, you can Summon this card in face-up Attack Position without offering monsters as Tributes. This is treated as a Normal Summon.",6.95,8.84,11.0,7.09,,Unlimited,
24423,Dark Scorpion Burglars,Dark Scorpion Burglars,https://tcgplayer-cdn.tcgplayer.com/product/24423_200w.jpg,2,164,https://cpt.tcgcsv.com/tNc,2024-03-28T16:16:08.927,1,DB2-EN227,Common,DARK,Warrior,Effect Monster,1000,1000,"When this card inflicts Battle Damage to your opponent's Life Points, your opponent selects 1 Spell Card from his/her Deck and sends it to the Graveyard. The Deck is the shuffled.",0.01,0.57,1.49,0.57,,Unlimited,
24424,Don Zaloog,Don Zaloog,https://tcgplayer-cdn.tcgplayer.com/product/24424_200w.jpg,2,164,https://cpt.tcgcsv.com/vNc,2024-03-28T16:16:09.15,1,DB2-EN228,Super Rare,DARK,Warrior,Effect Monster,1400,1500,"When this card inflicts Battle Damage to your opponent's Life Points, you can select and activate 1 of the following effects:
-Select 1 card from your opponent's hand randomly and discard it to the Graveyard.
-Send 2 cards from the top of your opponent'",2.29,5.0,37.99,5.28,,Unlimited,
24425,Dream Clown,Dream Clown,https://tcgplayer-cdn.tcgplayer.com/product/24425_200w.jpg,2,164,https://cpt.tcgcsv.com/wNc,2024-03-28T16:16:09.353,1,DB2-EN051,Common,EARTH,Warrior,Effect Monster,1200,900,"When this card is changed from Attack Position to Defense Position, select and destroy 1 monster on your opponent's side of the field.",0.08,0.31,1.2,0.31,,Unlimited,
24426,Obnoxious Celtic Guard,Obnoxious Celtic Guard,https://tcgplayer-cdn.tcgplayer.com/product/24426_200w.jpg,2,164,https://cpt.tcgcsv.com/xNc,2024-03-28T16:16:09.537,1,DB2-EN112,Ultra Rare,EARTH,Warrior,Effect Monster,1400,1200,This card is not destroyed as a result of battle when this card battles with a monster with an ATK of 1900 or more. (Damage calculation is applied normally.),3.64,9.58,21.98,10.63,,Unlimited,
24427,Freed the Matchless General,Freed the Matchless General,https://tcgplayer-cdn.tcgplayer.com/product/24427_200w.jpg,2,164,https://cpt.tcgcsv.com/zNc,2024-03-28T16:16:09.74,1,DB2-EN137,Ultra Rare,EARTH,Warrior,Effect Monster,2300,1700,"Negate the effect of any Spell Card that designates this card as a target and destroy it. As long as this card remains face-up on the field, you can add 1 Level 4 or lower Warrior-Type monster from your Deck to your hand per turn instead of drawing 1 card",1.0,2.22,9.95,2.06,,Unlimited,
24428,Marauding Captain,Marauding Captain,https://tcgplayer-cdn.tcgplayer.com/product/24428_200w.jpg,2,164,https://cpt.tcgcsv.com/BNc,2024-03-28T16:16:09.917,1,DB2-EN138,Rare,EARTH,Warrior,Effect Monster,1200,400,"As long as this monster remains face-up on the field, your opponent cannot select another Warrior-Type monster on your side of the field as an attack target. When this monster is Normal Summoned successfully, you can Special Summon 1 Level 4 or lower mons",0.24,0.96,2.99,0.84,,Unlimited,
24429,Exiled Force,Exiled Force,https://tcgplayer-cdn.tcgplayer.com/product/24429_200w.jpg,2,164,https://cpt.tcgcsv.com/CNc,2024-03-28T16:16:10.057,1,DB2-EN143,Common,EARTH,Warrior,Effect Monster,1000,1000,"Offer this face-up card on your side of the field as a Tribute to destroy 1 monster on the field. If this card is used for a Tribute Summon or this card is offered as a Tribute due to other cards' effects, this card's effect is not activated.",0.44,0.59,1.98,0.59,,Unlimited,
24430,Shadow Tamer,Shadow Tamer,https://tcgplayer-cdn.tcgplayer.com/product/24430_200w.jpg,2,164,https://cpt.tcgcsv.com/DNc,2024-03-28T16:16:10.183,1,DB2-EN144,Common,EARTH,Warrior,Effect Monster,800,700,FLIP: Take control of 1 face-up Fiend-Type monster on your opponent's side of the field until the end of the turn.,0.11,0.25,0.99,0.15,,Unlimited,
24431,Dragon Manipulator,Dragon Manipulator,https://tcgplayer-cdn.tcgplayer.com/product/24431_200w.jpg,2,164,https://cpt.tcgcsv.com/FNc,2024-03-28T16:16:10.323,1,DB2-EN145,Common,EARTH,Warrior,Effect Monster,700,800,FLIP: Take control of 1 face-up Dragon-Type monster on your opponent's side of the field until the end of the turn.,0.1,0.25,1.41,0.12,,Unlimited,
24432,Command Knight,Command Knight,https://tcgplayer-cdn.tcgplayer.com/product/24432_200w.jpg,2,164,https://cpt.tcgcsv.com/GNc,2024-03-28T16:16:10.563,1,DB2-EN114,Super Rare,FIRE,Warrior,Effect Monster,1200,1900,"As long as there is other monster on your field, this card cannot be attacked. Also, as long as this card is on the field, your Warrior type monsters strenght increases by 400 points.",1.5,1.79,4.93,3.24,,Unlimited,
24433,Blade Knight,Blade Knight,https://tcgplayer-cdn.tcgplayer.com/product/24433_200w.jpg,2,164,https://cpt.tcgcsv.com/HNc,2024-03-28T16:16:10.74,1,DB2-EN034,Ultra Rare,LIGHT,Warrior,Effect Monster,1600,1000,"If you have 1 or less cards in your hand. The ATK of this card on the field is increased by 400 points.Also, if this card is the only monster on your side of the field, negate the effects of Flip Effect Monsters destroyed by this card as a result of battl",15.66,27.0,99.95,34.71,,Unlimited,
24434,Luminous Soldier,Luminous Soldier,https://tcgplayer-cdn.tcgplayer.com/product/24434_200w.jpg,2,164,https://cpt.tcgcsv.com/JNc,2024-03-28T16:16:10.993,1,DB2-EN113,Common,LIGHT,Warrior,Effect Monster,2100,1400,"If this card battles with a DARK monster, increase the ATK of this card by 500 points during the Damage Step.",0.25,0.68,1.6,0.65,,Unlimited,
24435,Princess of Tsurugi,Princess of Tsurugi,https://tcgplayer-cdn.tcgplayer.com/product/24435_200w.jpg,2,164,https://cpt.tcgcsv.com/KNc,2024-03-28T16:16:11.137,1,DB2-EN052,Common,WIND,Warrior,Effect Monster,900,700,FLIP: Inflicts 500 points of Direct Damage to your opponent's Life Points for each Spell and Trap card your opponent has on the field.,0.09,0.27,0.99,0.27,,Unlimited,
24436,Sasuke Samurai,Sasuke Samurai,https://tcgplayer-cdn.tcgplayer.com/product/24436_200w.jpg,2,164,https://cpt.tcgcsv.com/LNc,2024-03-28T16:16:11.297,1,DB2-EN216,Rare,WIND,Warrior,Effect Monster,500,800,"When this monster attacks a face-down Defense Position monster, destroy the face-down monster immediately with this card's effect without flipping it face-up or damage calculation.",0.21,0.51,1.64,0.74,,Unlimited,
24437,Ryu Senshi,Ryu Senshi,https://tcgplayer-cdn.tcgplayer.com/product/24437_200w.jpg,2,164,https://cpt.tcgcsv.com/MNc,2024-03-28T16:16:11.42,1,DB2-EN139,Rare,EARTH,Warrior,Fusion Monster,2000,1200,"Warrior Dai Grepher + Spirit Ryu
This monster can only be Fusion Summoned by the above Fusion Material Monsters. Negate the effect of a Normal Trap Card by paying 1000 Life Points. Also negate the effect of a Spell Card that designates this card as a tar",2.27,2.73,4.78,2.76,,Unlimited,
24438,The Last Warrior from Another Planet,The Last Warrior from Another Planet,https://tcgplayer-cdn.tcgplayer.com/product/24438_200w.jpg,2,164,https://cpt.tcgcsv.com/NNc,2024-03-28T16:16:11.627,1,DB2-EN012,Super Rare,EARTH,Warrior,Fusion/Effect Monster,2350,2300,"Zombyra the Dark + Maryokutai
When this card is Special Summoned, destroy all monsters on your side of the field except this card. As long as this card remains face-up on the field, both players cannot Summon (including Flip Summon or Special Summon) any monster",3.75,7.18,18.99,8.64,,Unlimited,
24439,Toon Goblin Attack Force,Toon Goblin Attack Force,https://tcgplayer-cdn.tcgplayer.com/product/24439_200w.jpg,2,164,https://cpt.tcgcsv.com/PNc,2024-03-28T16:16:11.797,1,DB2-EN117,Common,EARTH,Warrior,Toon Monster,2300,0,"This card cannot attack during the turn that it is Normal Summoned, Flip Summoned, or Special Summoned. When ""Toon World"" on the field is destroyed, this card is also destroyed. If ""Toon World"" is on your side of the field and your opponent does not contr",0.53,1.19,3.99,1.55,,Unlimited,
24441,Birdface,Birdface,https://tcgplayer-cdn.tcgplayer.com/product/24441_200w.jpg,2,164,https://cpt.tcgcsv.com/RNc,2024-03-28T16:16:12.11,1,DB2-EN208,Common,WIND,Winged Beast,Effect Monster,1600,1600,"When this card is sent to the Graveyard as a result of battle, you can add 1 Harpie Lady from your deck to your hand.",0.25,0.64,7.65,0.64,,Unlimited,
24442,Fushi No Tori,Fushi No Tori,https://tcgplayer-cdn.tcgplayer.com/product/24442_200w.jpg,2,164,https://cpt.tcgcsv.com/SNc,2024-03-28T16:16:12.253,1,DB2-EN184,Common,FIRE,Winged Beast,Spirit Monster,1200,0,"This card cannot be Special Summoned. This card returns to the owner's hand during the End Phase of the turn that this card is Normal Summoned or flipped face-up. When this card inflicts Battle Damage to your opponent's Life Points, increase your Life Points by an amount equal to the Battle Damage.",0.19,0.32,1.53,0.22,,Unlimited,
24443,Shadow Ghoul,Shadow Ghoul,https://tcgplayer-cdn.tcgplayer.com/product/24443_200w.jpg,2,164,https://cpt.tcgcsv.com/TNc,2024-03-28T16:16:12.407,1,DB2-EN055,Common,DARK,Zombie,Effect Monster,1600,1300,Increase the ATK of this monster by 100 for each monster in your own Graveyard.,0.25,0.74,1.72,0.67,,Unlimited,
24444,Vampire Lord,Vampire Lord,https://tcgplayer-cdn.tcgplayer.com/product/24444_200w.jpg,2,164,https://cpt.tcgcsv.com/VNc,2024-03-28T16:16:12.65,1,DB2-EN116,Ultra Rare,DARK,Zombie,Effect Monster,2000,1500,"Each time this card inflicts Battle Damage to your opponent, declare 1 card type (Monster, Spell, or Trap). Your opponent selects 1 card of that type from his/her Deck and sends it to the Graveyard. Also, when this card is destroyed by your opponent's car",2.09,4.2,24.99,4.12,,Unlimited,
24445,Patrician of Darkness,Patrician of Darkness,https://tcgplayer-cdn.tcgplayer.com/product/24445_200w.jpg,2,164,https://cpt.tcgcsv.com/WNc,2024-03-28T16:16:12.877,1,DB2-EN168,Common,DARK,Zombie,Effect Monster,2000,1400,"As long as this monster remains face-up on the field, the controller of this card selects the targets of his/her opponent's attacks.",0.09,0.25,0.99,0.43,,Unlimited,
24446,Fushioh Richie,Fushioh Richie,https://tcgplayer-cdn.tcgplayer.com/product/24446_200w.jpg,2,164,https://cpt.tcgcsv.com/XNc,2024-03-28T16:16:13.063,1,DB2-EN229,Ultra Rare,DARK,Zombie,Effect Monster,2600,2900,This card only be Special Summoned from your hand or your Deck by offering 1 Great Dezard that has fulfilled the condition as a Tribute. You can flip this card into face-down Defense Position once per turn during your Main Phase. As long as this monster r,2.13,2.97,4.99,2.36,,Unlimited,
24447,Royal Keeper,Royal Keeper,https://tcgplayer-cdn.tcgplayer.com/product/24447_200w.jpg,2,164,https://cpt.tcgcsv.com/ZNc,2024-03-28T16:16:13.267,1,DB2-EN218,Common,EARTH,Zombie,Effect Monster,1600,1700,"You can flip this card into face-down Defense Position once per turn during your Main Phase. When this card is flipped face-up, increase the ATK and DEF of this card by 300 points until the end of the turn that this card is flipped face-up.",0.1,0.25,1.0,0.18,,Unlimited,
24448,Giant Axe Mummy,Giant Axe Mummy,https://tcgplayer-cdn.tcgplayer.com/product/24448_200w.jpg,2,164,https://cpt.tcgcsv.com/-Nc,2024-03-28T16:16:13.567,1,DB2-EN223,Common,EARTH,Zombie,Effect Monster,1700,2000,"You can flip this card into face-down Defense Position once per turn during your Main Phase. When the ATK of a monster on your opponent's side of the field that attacks this card in face-down Defense Position is lower than the DEF of this monster, the att",0.11,0.27,1.46,0.25,,Unlimited,
24449,Pyramid Turtle,Pyramid Turtle,https://tcgplayer-cdn.tcgplayer.com/product/24449_200w.jpg,2,164,https://cpt.tcgcsv.com/_Nc,2024-03-28T16:16:13.76,1,DB2-EN225,Rare,EARTH,Zombie,Effect Monster,1200,1400,"When this card is sent to the Graveyard as a result of battle, you may select 1 Zombie-Type monster with a DEF of 2000 or less from your Deck and Special Summon it to the field in face-up Attack or Defense Position (no Tribute is required for monsters of",0.54,1.41,4.99,1.38,,Unlimited,
24450,Dark Dust Spirit,Dark Dust Spirit,https://tcgplayer-cdn.tcgplayer.com/product/24450_200w.jpg,2,164,https://cpt.tcgcsv.com/0Pc,2024-03-28T16:16:13.95,1,DB2-EN217,Common,EARTH,Zombie,Spirit Monster,2200,1800,"This card cannot be Special Summoned. This card returns to the owner's hand during the end phase of the turn that this card is Normal Summoned, Flip Summoned, or flipped face-up. If this card is Normal Summoned, Flip Summoned, or flipped face-up, destroy",0.98,1.74,2.97,2.16,,Unlimited,
39385,Dark Necrofear,Dark Necrofear DB2 EN004,https://tcgplayer-cdn.tcgplayer.com/product/39385_200w.jpg,2,164,https://cpt.tcgcsv.com/KMk,2024-03-28T16:15:50.13,1,DB2-EN004,Ultra Rare,DARK,Fiend,Effect Monster,2200,2800,"This card can only be Special Summoned by removing 3 Fiend-Type monsters in your Graveyard from play. When this card is destroyed in battle or by your opponent's card effect, it is treated as an Equip Spell Card at the end of the turn. Equip 1 of your opp",0.84,4.64,8.95,4.95,,Unlimited,
39386,The Rock Spirit,The Rock Spirit,https://tcgplayer-cdn.tcgplayer.com/product/39386_200w.jpg,2,164,https://cpt.tcgcsv.com/LMk,2024-03-28T16:15:51.477,1,DB2-EN007,Common,EARTH,Rock,Effect Monster,1700,1000,This card cannot be Normal Summoned or Set. This card can only be Special Summoned by removing 1 EARTH monster in your Graveyard from play. Increase the ATK of this monster by 300 points during your opponent's Battle Phase.,0.14,0.56,3.99,0.56,,Unlimited,
39387,Aqua Spirit,Aqua Spirit,https://tcgplayer-cdn.tcgplayer.com/product/39387_200w.jpg,2,164,https://cpt.tcgcsv.com/MMk,2024-03-28T16:15:53.087,1,DB2-EN006,Common,WATER,Aqua,Effect Monster,1600,1200,"This card cannot be Normal Summoned or Set. This card can only be Special Summoned by removing 1 WATER monster in your Graveyard from play. During each of your opponent's Standby Phases, you can change the battle position of 1 of your opponent's face-up Monster Cards. Once changed, the monster must remain in this position for the rest of the turn.",0.1,0.53,6.7,0.5,,Unlimited,
39388,Soul of Purity and Light,Soul of Purity and Light,https://tcgplayer-cdn.tcgplayer.com/product/39388_200w.jpg,2,164,https://cpt.tcgcsv.com/NMk,2024-03-28T16:15:54.62,1,DB2-EN005,Common,LIGHT,Fairy,Effect Monster,2000,1800,"This card can only be Special Summoned by removing 2 LIGHT monsters in your Graveyard from play. As long as this card remains face-up on the field, decrease the ATK of all monsters on your opponent's side of the field by 300 points during his/her Battle P",0.4,0.86,4.95,0.84,,Unlimited,
39389,Tornado Bird,Tornado Bird,https://tcgplayer-cdn.tcgplayer.com/product/39389_200w.jpg,2,164,https://cpt.tcgcsv.com/PMk,2024-03-28T16:16:00.04,1,DB2-EN009,Common,WIND,Winged Beast,Effect Monster,1100,1000,FLIP: Return 2 Spell or Trap Cards on the field to the hands of their owner.,0.15,0.25,1.0,0.17,,Unlimited,
39390,Miracle Dig,Miracle Dig,https://tcgplayer-cdn.tcgplayer.com/product/39390_200w.jpg,2,164,https://cpt.tcgcsv.com/QMk,2013-05-09T12:13:41.653,1,DB2-EN032,Common,SPELL,,Normal Spell,0,0,"If 5 or more of your monsters are currently removed from play, return 3 of them to the Graveyard.",0.1,0.3,9.99,0.33,,Unlimited,
39391,Wandering Mummy,Wandering Mummy,https://tcgplayer-cdn.tcgplayer.com/product/39391_200w.jpg,2,164,https://cpt.tcgcsv.com/RMk,2024-03-28T16:16:01.847,1,DB2-EN219,Common,EARTH,Zombie,Effect Monster,1500,1500,"You can flip this card into face-down Defense Position once per turn during your Main Phase. After you use this effect, rearrange the face-down Defense Position monsters on your side of the field, then return them in face-down Defense Position.",0.15,0.35,1.53,0.3,,Unlimited,
39392,Bazoo the Soul-Eater,Bazoo the Soul Eater DB2 EN003,https://tcgplayer-cdn.tcgplayer.com/product/39392_200w.jpg,2,164,https://cpt.tcgcsv.com/SMk,2024-03-28T16:16:05.047,1,DB2-EN003,Rare,EARTH,Beast,Effect Monster,1600,900,You can remove up to 3 monster cards in your Graveyard from play to increase the ATK of this monster by 300 points for each card removed from play until the end of your opponent's next turn. This effect can only be used once during your turn.,0.25,0.75,3.4,0.81,,Unlimited,
39393,Gilasaurus,Gilasaurus DB2 EN008,https://tcgplayer-cdn.tcgplayer.com/product/39393_200w.jpg,2,164,https://cpt.tcgcsv.com/TMk,2024-03-28T16:16:11.97,1,DB2-EN008,Common,EARTH,Dinosaur,Effect Monster,1400,400,"You may treat the Normal Summon of this card as a Special Summon. If you select Special Summon, your opponent may select a Monster Card from his/her Graveyard and Special Summon the monster to the field.",0.15,0.34,1.56,0.15,,Unlimited,
57184,Dark Beginning 2 - Booster Box,Dark Beginning 2 Booster Box,https://tcgplayer-cdn.tcgplayer.com/product/57184_200w.jpg,2,164,https://cpt.tcgcsv.com/JTs,2015-10-22T18:08:12.98,1,,,,,,,,,3999.5,3999.5,3999.5,,,Normal,53334419253
194469,Dark Beginning 2 Booster Pack,Dark Beginning 2 Booster Pack,https://tcgplayer-cdn.tcgplayer.com/product/194469_200w.jpg,2,164,https://cpt.tcgcsv.com/pPz2,2019-07-12T14:15:13.957,1,,,,,,,,"Dark Beginning 2 is a reprint set of cards from Metal Raiders, Labyrinth of Nightmare and Legacy of Darkness, designed to help duelists collect hard to get and out of print cards. Included in each pack is a Player Tip Card that will help duelists expand their Yu-Gi-Oh! TCG knowledge.",15.82,16.94,30.0,,,Normal,053334419260
194470,Dark Beginning 2 Blister Pack,Dark Beginning 2 Blister Pack,https://tcgplayer-cdn.tcgplayer.com/product/194470_200w.jpg,2,164,https://cpt.tcgcsv.com/qPz2,2019-07-12T14:15:50.15,1,,,,,,,,"Dark Beginning 2 is a reprint set of cards from Metal Raiders, Labyrinth of Nightmare and Legacy of Darkness, designed to help duelists collect hard to get and out of print cards. Included in each pack is a Player Tip Card that will help duelists expand their Yu-Gi-Oh! TCG knowledge.",69.99,69.99,69.99,69.28,,Normal,053334419291
