productId,name,cleanName,imageUrl,categoryId,groupId,url,modifiedOn,imageCount,extDescription,extUPC,lowPrice,midPrice,highPrice,marketPrice,directLowPrice,subTypeName,extNumber,extRarity,extAttribute,extMonsterType,extCardType,extAttack,extDefense
220341,Dragons of Legend: The Complete Series Booster Pack [1st Edition],Dragons of Legend The Complete Series Booster Pack 1st Edition,https://tcgplayer-cdn.tcgplayer.com/product/220341_200w.jpg,2,2689,https://cpt.tcgcsv.com/R8N2,2020-09-11T04:03:03.127,0,Each pack contains 18 random cards.,083717850656,7.2,7.2,7.2,,,Normal,,,,,,,
220342,Dragons of Legend: The Complete Series Box [1st Edition],Dragons of Legend The Complete Series Box 1st Edition,https://tcgplayer-cdn.tcgplayer.com/product/220342_200w.jpg,2,2689,https://cpt.tcgcsv.com/S8N2,2020-09-11T04:03:03.127,1,"Each Booster Box contains the following:
<br>• 1 of 3 collectible dice
<br>• 1 of 7 Secret Rare variant cards
<br>• 2 Dragons of Legend: The Complete Series Booster Packs",083717850663,19.0,29.0,40.0,27.87,,Normal,,,,,,,
221520,Legendary Knight Timaeus,Legendary Knight Timaeus,https://tcgplayer-cdn.tcgplayer.com/product/221520_200w.jpg,2,2689,https://cpt.tcgcsv.com/qDN2,2020-09-11T14:10:34.417,1,"Cannot be Normal Summoned/Set. Must be Special Summoned with ""Legend of Heart"". When this card is Special Summoned: You can target 1 face-up Spell/Trap on the field; banish that target. When this card is targeted for an attack: You can target 1 Spell in your GY; Set that target.",,0.5,1.83,7.87,1.93,1.83,1st Edition,DLCS-EN001,Ultra Rare,LIGHT,Warrior,Effect Monster,2800,1800
221522,Legendary Knight Critias,Legendary Knight Critias,https://tcgplayer-cdn.tcgplayer.com/product/221522_200w.jpg,2,2689,https://cpt.tcgcsv.com/sDN2,2020-09-11T14:10:49.223,1,"Cannot be Normal Summoned/Set. Must be Special Summoned with ""Legend of Heart"". When this card is Special Summoned: You can target 1 face-up Spell/Trap on the field; banish that target. When this card is targeted for an attack: You can target 1 Trap in your GY; Set that target. It can be activated this turn.",,0.1,0.49,2.99,0.27,,1st Edition,DLCS-EN002,Ultra Rare,LIGHT,Warrior,Effect Monster,2800,1800
221524,Legendary Knight Hermos,Legendary Knight Hermos,https://tcgplayer-cdn.tcgplayer.com/product/221524_200w.jpg,2,2689,https://cpt.tcgcsv.com/vDN2,2024-07-26T17:30:30.187,1,"Cannot be Normal Summoned/Set. Must be Special Summoned with ""Legend of Heart"". When this card is Special Summoned: You can target 1 face-up Spell/Trap on the field; banish that target. Once per turn, when this card is targeted for an attack: You can target 1 Effect Monster in your GY; until the End Phase of your next turn, this card's name becomes that target's original name, and replace this effect with that target's original effects.",,0.1,0.5,2.99,0.42,0.44,1st Edition,DLCS-EN003,Ultra Rare,LIGHT,Warrior,Effect Monster,2800,1800
221525,Kuribandit,Kuribandit,https://tcgplayer-cdn.tcgplayer.com/product/221525_200w.jpg,2,2689,https://cpt.tcgcsv.com/wDN2,2024-07-11T04:34:58.983,1,"During the End Phase, if this card was Normal Summoned this turn: You can Tribute this card; excavate the top 5 cards of your Deck, you can add 1 excavated Spell/Trap to your hand, also send the remaining cards to the GY",,0.15,0.48,1.5,0.34,0.47,1st Edition,DLCS-EN004,Ultra Rare,DARK,Fiend,Effect Monster,1000,700
221526,Amulet Dragon,Amulet Dragon,https://tcgplayer-cdn.tcgplayer.com/product/221526_200w.jpg,2,2689,https://cpt.tcgcsv.com/xDN2,2022-02-18T10:54:44.193,1,"""Dark Magician"" + 1 Dragon monster
<br>Must be Fusion Summoned with the above Fusion Materials or with ""The Eye of Timaeus"". If this card is Special Summoned: Target any number of Spells in any GY(s) (min.1); banish those targets, and if you do, this card gains 100 ATK for each card banished by this effect. If this card is destroyed: You can target 1 Spellcaster monster in your GY; Special Summon that target.",,0.78,1.0,9.99,0.92,,1st Edition,DLCS-EN005,Ultra Rare,DARK,Dragon,Fusion/Effect Monster,2900,2500
221528,Dark Magician Girl the Dragon Knight,Dark Magician Girl the Dragon Knight,https://tcgplayer-cdn.tcgplayer.com/product/221528_200w.jpg,2,2689,https://cpt.tcgcsv.com/BDN2,2023-05-17T15:53:00.947,1,"""Dark Magician Girl"" + 1 Dragon monster
<br>Must be Fusion Summoned with the above Fusion Materials or with ""The Eye of Timaeus"". Once per turn (Quick Effect): You can send 1 card from your hand to the GY, then target 1 face-up card on the field; destroy that target.",,3.0,4.16,49.99,3.63,13.5,1st Edition,DLCS-EN006,Ultra Rare,DARK,Dragon,Fusion/Effect Monster,2600,1700
221529,The Eye of Timaeus,The Eye of Timaeus,https://tcgplayer-cdn.tcgplayer.com/product/221529_200w.jpg,2,2689,https://cpt.tcgcsv.com/CDN2,2024-03-24T05:18:40.14,1,"(This card is also always treated as ""Legendary Dragon Timaeus"".)
<br>Target 1 ""Dark Magician"" monster you control; Fusion Summon 1 Fusion Monster from your Extra Deck that lists that monster on the field as Fusion Material, using it as the Fusion Material. You can only activate 1 ""The Eye of Timaeus"" per turn.",,3.84,5.97,17.98,6.03,16.02,1st Edition,DLCS-EN007,Ultra Rare,SPELL,,Normal Spell,,
221533,Legend of Heart,Legend of Heart,https://tcgplayer-cdn.tcgplayer.com/product/221533_200w.jpg,2,2689,https://cpt.tcgcsv.com/HDN2,2024-07-26T17:30:30.243,1,"Pay 2000 LP and Tribute 1 Warrior monster; banish up to 3 ""Legendary Dragon"" Spells with different names from your hand and/or GY, and if you do, Special Summon that many ""Legendary Knight"" monsters with different names from your hand, Deck, and/or GY. You can only activate 1 ""Legend of Heart"" per turn.",,0.05,0.28,1.64,0.28,0.27,1st Edition,DLCS-EN008,Common,SPELL,,Normal Spell,,
221534,Berserker Soul,Berserker Soul,https://tcgplayer-cdn.tcgplayer.com/product/221534_200w.jpg,2,2689,https://cpt.tcgcsv.com/JDN2,2020-09-11T14:12:56.717,1,"When a monster you control inflicts 1500 or less damage to your opponent by a direct attack: Discard your entire hand (min. 1); excavate the top card of your Deck, and if it is a Monster Card, send it to the Graveyard, and if you do that, inflict 500 damage to your opponent, then repeat this effect up to 7 more times or until you excavate a non-Monster Card. If a non-Monster Card is excavated, place it on the top of your Deck. You can only activate 1 ""Berserker Soul"" per turn.",,0.05,0.25,1.1,0.13,0.14,1st Edition,DLCS-EN009,Common,SPELL,,Quick-Play Spell,,
221535,Relay Soul,Relay Soul,https://tcgplayer-cdn.tcgplayer.com/product/221535_200w.jpg,2,2689,https://cpt.tcgcsv.com/KDN2,2024-07-26T17:30:30.287,1,"Special Summon 1 monster from your hand. While it is face-up on your side of the field, you take no damage. When it leaves the field, your opponent wins the Duel.",,0.01,0.21,1.06,0.12,,1st Edition,DLCS-EN010,Common,TRAP,,Normal Trap,,
221537,Guardian Eatos,Guardian Eatos,https://tcgplayer-cdn.tcgplayer.com/product/221537_200w.jpg,2,2689,https://cpt.tcgcsv.com/MDN2,2020-09-11T14:14:16.62,1,"If you have no monsters in your Graveyard, you can Special Summon this card (from your hand). You can send 1 of your Equip Spell Cards equipped to this card to the Graveyard, then target up to 3 monsters in your opponent's Graveyard; banish those targets, and if you do, this card gains 500 ATK for each monster banished by this effect, until the end of this turn.",,0.1,0.37,1.19,0.31,0.29,1st Edition,DLCS-EN011,Common,WIND,Fairy,Effect Monster,2500,2000
221538,Guardian Dreadscythe,Guardian Dreadscythe,https://tcgplayer-cdn.tcgplayer.com/product/221538_200w.jpg,2,2689,https://cpt.tcgcsv.com/NDN2,2020-09-11T14:14:31.237,1,"Cannot be Normal Summoned/Set. Must be Special Summoned by its own effect, and cannot be Special Summoned by other ways. If a ""Guardian Eatos"" is destroyed by battle or card effect and sent to your Graveyard: You can Special Summon this card from your hand. When this card is Special Summoned: You can equip 1 ""Reaper Scythe - Dreadscythe"" from your Deck to this card. You cannot Normal or Special Summon monsters (but you can Normal Set). If this card is sent from the field to the Graveyard: Send 1 card from your hand to the Graveyard, and if you do, Special Summon this card from the Graveyard.",,0.09,0.25,1.49,0.16,,1st Edition,DLCS-EN012,Common,DARK,Fiend,Effect Monster,2500,2000
221539,Celestial Sword - Eatos,Celestial Sword Eatos,https://tcgplayer-cdn.tcgplayer.com/product/221539_200w.jpg,2,2689,https://cpt.tcgcsv.com/PDN2,2024-07-26T17:30:30.317,1,"(This card is always treated as a ""Noble Arms"" card.)
<br>The equipped monster gains 500 ATK. When this card is sent from the field to the Graveyard: You can target 1 ""Guardian Eatos"" you control; it gains 500 ATK for each banished monster.",,0.1,0.25,1.18,0.24,,1st Edition,DLCS-EN013,Common,SPELL,,Equip Spell,,
221541,Reaper Scythe - Dreadscythe,Reaper Scythe Dreadscythe,https://tcgplayer-cdn.tcgplayer.com/product/221541_200w.jpg,2,2689,https://cpt.tcgcsv.com/RDN2,2020-09-11T14:15:05.7,1,"Equip only to ""Guardian Dreadscythe"". It gains 500 ATK for each monster in the Graveyards.",,0.05,0.25,1.1,0.19,0.11,1st Edition,DLCS-EN014,Common,SPELL,,Equip Spell,,
221542,Guarded Treasure,Guarded Treasure,https://tcgplayer-cdn.tcgplayer.com/product/221542_200w.jpg,2,2689,https://cpt.tcgcsv.com/SDN2,2020-09-11T14:15:24.4,1,"Activate this card by discarding 5 cards; draw 2 cards. While this card is on the field, draw 2 cards instead of 1 for your normal draw during your Draw Phase.",,0.09,0.25,1.49,0.22,0.2,1st Edition,DLCS-EN015,Common,SPELL,,Continuous Spell,,
221543,Soul Charge,Soul Charge,https://tcgplayer-cdn.tcgplayer.com/product/221543_200w.jpg,2,2689,https://cpt.tcgcsv.com/TDN2,2024-07-26T17:30:30.353,1,"Target any number of monsters in your GY; Special Summon them, and if you do, you lose 1000 LP for each monster Special Summoned by this effect. You cannot conduct your Battle Phase the turn you activate this card. You can only activate 1 ""Soul Charge"" per turn.",,0.39,0.49,1.36,0.42,,1st Edition,DLCS-EN016,Common,SPELL,,Normal Spell,,
221547,Sabatiel - The Philosopher's Stone,Sabatiel The Philosophers Stone,https://tcgplayer-cdn.tcgplayer.com/product/221547_200w.jpg,2,2689,https://cpt.tcgcsv.com/ZDN2,2020-09-11T14:15:59.9,1,"If you have a ""Winged Kuriboh"" monster in your GY: Pay half your LP; add 1 ""Polymerization"" Spell or ""Fusion"" Spell from your Deck to your hand. If this card is in your GY: You can banish 3 copies of ""Sabatiel - The Philosopher's Stone"" from your GY, then target 1 monster on the field; it gains ATK equal to the ATK of the monster on the field with the highest ATK (your choice, if tied), until the end of this turn.",,0.05,0.25,1.49,0.16,,1st Edition,DLCS-EN017,Common,SPELL,,Normal Spell,,
221548,Flash Fusion,Flash Fusion,https://tcgplayer-cdn.tcgplayer.com/product/221548_200w.jpg,2,2689,https://cpt.tcgcsv.com/-DN2,2020-09-11T14:16:19.563,1,"Fusion Summon 1 Fusion Monster from your Extra Deck, using monsters you control as Fusion Material. Destroy it during the End Phase.",,0.05,0.25,1.62,0.17,,1st Edition,DLCS-EN018,Common,SPELL,,Quick-Play Spell,,
221549,Battle Fusion,Battle Fusion,https://tcgplayer-cdn.tcgplayer.com/product/221549_200w.jpg,2,2689,https://cpt.tcgcsv.com/_DN2,2020-09-11T14:16:38.213,1,"When an attack is declared involving a Fusion Monster you control and an opponent's monster: That monster you control gains ATK equal to the ATK of the opponent's monster, until the end of the Damage Step. You can only activate 1 ""Battle Fusion"" per turn.",,0.04,0.25,1.55,0.22,,1st Edition,DLCS-EN019,Common,SPELL,,Quick-Play Spell,,
221550,Final Fusion,Final Fusion,https://tcgplayer-cdn.tcgplayer.com/product/221550_200w.jpg,2,2689,https://cpt.tcgcsv.com/0FN2,2024-07-26T17:30:30.387,1,"During either player's Battle Step, when a Fusion Monster you control battles an opponent's Fusion Monster: Target both those Fusion Monsters; negate the attack, and if you do, each player takes damage equal to the combined ATK of both those Fusion Monsters.",,0.05,0.25,1.49,0.18,0.14,1st Edition,DLCS-EN020,Common,TRAP,,Normal Trap,,
221551,Pair Cycroid,Pair Cycroid,https://tcgplayer-cdn.tcgplayer.com/product/221551_200w.jpg,2,2689,https://cpt.tcgcsv.com/2FN2,2020-09-11T14:21:58.63,1,"2 Machine-Type monsters with the same name
<br>This card can attack your opponent directly.",,0.1,0.25,1.49,0.25,0.25,1st Edition,DLCS-EN021,Common,EARTH,,Fusion/Effect Monster,1600,1200
221552,Ayers Rock Sunrise,Ayers Rock Sunrise,https://tcgplayer-cdn.tcgplayer.com/product/221552_200w.jpg,2,2689,https://cpt.tcgcsv.com/3FN2,2024-07-26T17:30:30.48,1,"Target 1 Beast-Type monster in your Graveyard; Special Summon that target, and if you do, all face-up monsters your opponent currently controls lose 200 ATK for each Beast, Plant, and Winged Beast-Type monster currently in your Graveyard, until the end of this turn. You can only activate 1 ""Ayers Rock Sunrise"" per turn.",,0.04,0.25,0.99,0.17,,1st Edition,DLCS-EN022,Common,SPELL,,Normal Spell,,
221553,Doble Passe,Doble Passe,https://tcgplayer-cdn.tcgplayer.com/product/221553_200w.jpg,2,2689,https://cpt.tcgcsv.com/5FN2,2020-09-11T14:22:40.567,1,"When an opponent's monster declares an attack on a face-up Attack Position monster you control: Make your opponent's attack a direct attack instead and inflict damage to your opponent equal to the ATK of the attack target you control. Also, that monster you control can attack your opponent directly during your next turn.",,0.1,0.25,1.49,0.14,,1st Edition,DLCS-EN023,Common,TRAP,,Normal Trap,,
221554,Carboneddon,Carboneddon,https://tcgplayer-cdn.tcgplayer.com/product/221554_200w.jpg,2,2689,https://cpt.tcgcsv.com/6FN2,2024-07-26T17:30:30.557,1,"If this card battles a FIRE monster, during damage calculation: This card gains 1000 ATK during damage calculation only. You can banish this card from your Graveyard; Special Summon, from your hand or Deck, 1 Level 7 or lower Dragon-Type Normal Monster in face-up Defense Position. You can only use this effect of ""Carboneddon"" once per turn.",,0.08,0.25,1.49,0.21,0.1,1st Edition,DLCS-EN024,Common,EARTH,Dinosaur,Effect Monster,800,600
221555,Mathematician,Mathematician,https://tcgplayer-cdn.tcgplayer.com/product/221555_200w.jpg,2,2689,https://cpt.tcgcsv.com/7FN2,2020-09-11T14:23:11.84,1,When this card is Normal Summoned: You can send 1 Level 4 or lower monster from your Deck to the GY. When this card is destroyed by battle and sent to the GY: You can draw 1 card.,,0.25,0.61,4.99,0.6,,1st Edition,DLCS-EN025,Ultra Rare,EARTH,Spellcaster,Effect Monster,1500,500
221556,Ra's Disciple,Ras Disciple,https://tcgplayer-cdn.tcgplayer.com/product/221556_200w.jpg,2,2689,https://cpt.tcgcsv.com/8FN2,2022-10-29T17:15:16.3,1,"When this card is Summoned: You can Special Summon up to 2 ""Ra's Disciple"" from your hand and/or Deck. Cannot be Tributed, except for the Tribute Summon of ""Slifer the Sky Dragon"", ""Obelisk the Tormentor"", or ""The Winged Dragon of Ra"". You cannot Special Summon monsters, except by the effect of ""Ra's Disciple"".",,0.18,0.7,3.0,0.43,,1st Edition,DLCS-EN026,Ultra Rare,LIGHT,Fairy,Effect Monster,1100,600
221557,Mound of the Bound Creator,Mound of the Bound Creator,https://tcgplayer-cdn.tcgplayer.com/product/221557_200w.jpg,2,2689,https://cpt.tcgcsv.com/9FN2,2020-09-11T14:23:43.407,1,Level 10 or higher monsters on the field cannot be targeted or destroyed by card effects. If a Level 10 or higher monster destroys a monster by battle and sends it to the GY: The player who controlled the destroyed monster takes 1000 damage. When this card on the field is destroyed by card effect and sent to the GY: You can add 1 DIVINE monster from your Deck to your hand.,,0.2,0.35,1.25,0.31,0.29,1st Edition,DLCS-EN027,Common,SPELL,,Field Spell,,
221558,Shooting Star,Shooting Star,https://tcgplayer-cdn.tcgplayer.com/product/221558_200w.jpg,2,2689,https://cpt.tcgcsv.com/bFN2,2024-07-26T17:30:30.667,1,"If a ""Stardust"" monster is on the field: Target 1 card on the field; destroy that target.",,0.09,0.25,1.49,0.22,0.11,1st Edition,DLCS-EN028,Common,TRAP,,Normal Trap,,
221559,Blackwing - Oroshi the Squall,Blackwing Oroshi the Squall,https://tcgplayer-cdn.tcgplayer.com/product/221559_200w.jpg,2,2689,https://cpt.tcgcsv.com/cFN2,2024-07-26T17:30:30.743,1,"If you control a ""Blackwing"" monster other than ""Blackwing - Oroshi the Squall"", you can Special Summon this card (from your hand). You can only Special Summon ""Blackwing - Oroshi the Squall"" once per turn this way. If this card is sent to the GY as a Synchro Material: You can target 1 monster on the field; change that target's battle position.",,0.11,0.4,1.98,0.4,0.59,1st Edition,DLCS-EN029,Common,DARK,Winged Beast,Tuner/Effect Monster,400,600
221560,Blackwing - Steam the Cloak,Blackwing Steam the Cloak,https://tcgplayer-cdn.tcgplayer.com/product/221560_200w.jpg,2,2689,https://cpt.tcgcsv.com/dFN2,2024-07-26T17:30:30.823,1,"If this face-up card leaves the field: Special Summon 1 ""Steam Token"" (Aqua-Type/WIND/Level 1/ATK 100/DEF 100). If this card is in your Graveyard: You can Tribute 1 monster; Special Summon this card from the Graveyard. You can only use this effect of ""Blackwing - Steam the Cloak"" once per Duel. If this card Summoned this way is used as a Synchro Material Monster, all other Synchro Material Monsters must be ""Blackwing"" monsters.",,0.32,0.6,4.99,0.44,0.48,1st Edition,DLCS-EN030,Common,DARK,Winged Beast,Tuner/Effect Monster,800,1200
221561,Blackwing - Hurricane the Tornado,Blackwing Hurricane the Tornado,https://tcgplayer-cdn.tcgplayer.com/product/221561_200w.jpg,2,2689,https://cpt.tcgcsv.com/fFN2,2024-07-26T17:30:30.94,1,"Once per turn: You can target 1 Synchro Monster on the field; this card's ATK becomes that monster's current ATK, until the end of this turn.",,0.05,0.25,1.5,0.18,0.12,1st Edition,DLCS-EN031,Common,DARK,Winged Beast,Tuner/Effect Monster,0,0
221562,Black Sonic,Black Sonic,https://tcgplayer-cdn.tcgplayer.com/product/221562_200w.jpg,2,2689,https://cpt.tcgcsv.com/gFN2,2022-12-31T10:16:29.417,1,"When an opponent's monster declares an attack on a ""Blackwing"" monster you control: Banish all face-up Attack Position monsters your opponent controls. If you control exactly 3 ""Blackwing"" monsters (and no other monsters), you can activate this card from your hand.",,0.48,0.74,5.99,0.71,,1st Edition,DLCS-EN032,Ultra Rare,TRAP,,Normal Trap,,
221563,Black Wing Revenge,Black Wing Revenge,https://tcgplayer-cdn.tcgplayer.com/product/221563_200w.jpg,2,2689,https://cpt.tcgcsv.com/hFN2,2020-09-11T14:25:22.94,1,"When a Winged Beast-Type monster you control is destroyed by battle and sent to the Graveyard: Special Summon 2 ""Blackwing - Black Crest Tokens"" (Winged Beast-Type/DARK/Level 2/ATK 0/DEF 800).",,0.06,0.23,1.1,0.12,0.15,1st Edition,DLCS-EN033,Common,TRAP,,Normal Trap,,
221564,Shadow Impulse,Shadow Impulse,https://tcgplayer-cdn.tcgplayer.com/product/221564_200w.jpg,2,2689,https://cpt.tcgcsv.com/jFN2,2020-09-11T14:25:36,1,"When a Synchro Monster(s) you control is destroyed by battle or by card effect and sent to the Graveyard: Target 1 of those Synchro Monsters; Special Summon from your Extra Deck, 1 Synchro Monster with the same Level and Type as that monster, but with a different name. You can only activate 1 ""Shadow Impulse"" per turn.",,0.04,0.22,1.49,0.19,,1st Edition,DLCS-EN034,Common,TRAP,,Normal Trap,,
221565,Assault Dog,Assault Dog,https://tcgplayer-cdn.tcgplayer.com/product/221565_200w.jpg,2,2689,https://cpt.tcgcsv.com/kFN2,2024-07-26T17:30:31.033,1,"When this card is destroyed by battle and sent to the Graveyard: You can Special Summon any number of ""Assault Dog"" from your Deck.",,0.05,0.25,1.09,0.12,0.12,1st Edition,DLCS-EN035,Common,EARTH,,Effect Monster,1200,800
221566,Gate Blocker,Gate Blocker,https://tcgplayer-cdn.tcgplayer.com/product/221566_200w.jpg,2,2689,https://cpt.tcgcsv.com/lFN2,2020-09-11T14:26:09.297,1,Negate the effects of your opponent's Field Spells. Your opponent cannot place counters on cards on the field. Your opponent cannot target other monsters you control with card effects.,,0.03,0.23,1.12,0.14,0.11,1st Edition,DLCS-EN036,Common,EARTH,Rock,Effect Monster,100,2000
221567,Wiretap,Wiretap,https://tcgplayer-cdn.tcgplayer.com/product/221567_200w.jpg,2,2689,https://cpt.tcgcsv.com/mFN2,2024-07-26T17:30:31.097,1,"When a Trap Card is activated: Negate the activation, and if you do, shuffle that card into the Deck.",,0.14,0.27,1.99,0.24,,1st Edition,DLCS-EN037,Common,TRAP,,Counter Trap,,
221568,Lionhearted Locomotive,Lionhearted Locomotive,https://tcgplayer-cdn.tcgplayer.com/product/221568_200w.jpg,2,2689,https://cpt.tcgcsv.com/nFN2,2020-09-11T14:26:39.19,1,When this card declares an attack: Its ATK becomes half its original ATK until the end of the Damage Step.,,0.05,0.24,1.99,0.15,0.14,1st Edition,DLCS-EN038,Common,EARTH,Machine,Effect Monster,2400,2100
221569,Express Train Trolley Olley,Express Train Trolley Olley,https://tcgplayer-cdn.tcgplayer.com/product/221569_200w.jpg,2,2689,https://cpt.tcgcsv.com/pFN2,2024-07-26T17:30:31.163,1,"An Xyz Monster that was Summoned using this card on the field as Xyz Material gains this effect.
<br>• If it is Xyz Summoned: It gains 800 ATK.",,0.1,0.3,1.49,0.31,0.41,1st Edition,DLCS-EN039,Common,EARTH,Machine,Effect Monster,1800,1000
221570,Construction Train Signal Red,Construction Train Signal Red,https://tcgplayer-cdn.tcgplayer.com/product/221570_200w.jpg,2,2689,https://cpt.tcgcsv.com/qFN2,2020-09-11T14:31:54.927,1,"When an opponent's monster declares an attack: You can Special Summon this card from your hand, and if you do, change the attack target to this card and proceed to damage calculation. This card cannot be destroyed by that battle.",,0.05,0.25,1.1,0.11,0.1,1st Edition,DLCS-EN040,Common,EARTH,Machine,Effect Monster,1000,1300
221571,Train Connection,Train Connection,https://tcgplayer-cdn.tcgplayer.com/product/221571_200w.jpg,2,2689,https://cpt.tcgcsv.com/rFN2,2024-07-26T17:30:31.227,1,"Must be equipped to an EARTH Machine-Type monster, by banishing 2 Level 10 or higher Machine-Type monsters from your Graveyard, and cannot be equipped by other ways. The equipped monster's ATK becomes double its original ATK, also if it attacks a Defense Position monster, inflict piercing battle damage to your opponent. Other monsters you control cannot attack.",,0.05,0.25,1.09,0.19,0.28,1st Edition,DLCS-EN041,Common,SPELL,,Equip Spell,,
221572,Number 73: Abyss Splash,Number 73 Abyss Splash,https://tcgplayer-cdn.tcgplayer.com/product/221572_200w.jpg,2,2689,https://cpt.tcgcsv.com/sFN2,2024-07-26T17:30:31.353,1,"2 Level 5 WATER monsters
<br>Once per turn, during either player's turn: You can detach 1 Xyz Material from this card; double this card's ATK until the end of your opponent's turn, also, any battle damage it inflicts to your opponent this turn is halved.",,0.15,0.31,1.18,0.28,0.28,1st Edition,DLCS-EN042,Common,WATER,Warior,Xyz/Effect Monster,2400,1400
221573,Number C73: Abyss Supra Splash,Number C73 Abyss Supra Splash,https://tcgplayer-cdn.tcgplayer.com/product/221573_200w.jpg,2,2689,https://cpt.tcgcsv.com/tFN2,2020-09-11T14:32:44.39,1,"3 Level 6 monsters
<br>If a monster you control battles an opponent's monster, during damage calculation (in either player's turn): You can detach 1 Xyz Material from this card once per battle; your battling monster gains ATK equal to the ATK of the opponent's monster it is battling, during that damage calculation only. If this card has ""Number 73: Abyss Splash"" as Xyz Material, it gains this effect.
<br>• This card cannot be destroyed by card effects.",,0.05,0.25,1.49,0.22,0.25,1st Edition,DLCS-EN043,Common,WATER,Warior,Xyz/Effect Monster,3000,2000
221574,Rank-Up-Magic Quick Chaos,Rank Up Magic Quick Chaos,https://tcgplayer-cdn.tcgplayer.com/product/221574_200w.jpg,2,2689,https://cpt.tcgcsv.com/vFN2,2020-09-11T14:33:00.193,1,"Target 1 ""Number"" Xyz Monster you control, except a ""Number C"" monster; Special Summon from your Extra Deck, 1 ""Number C"" monster with the same number in its name as that target, but 1 Rank higher, by using it as the Xyz Material. (This Special Summon is treated as an Xyz Summon. Xyz Materials attached to that target also become Xyz Materials on the Summoned monster.)",,0.25,0.75,6.77,0.68,0.82,1st Edition,DLCS-EN044,Ultra Rare,SPELL,,Quick-Play Spell,,
221575,Rank-Up-Magic Admiration of the Thousands,Rank Up Magic Admiration of the Thousands,https://tcgplayer-cdn.tcgplayer.com/product/221575_200w.jpg,2,2689,https://cpt.tcgcsv.com/wFN2,2024-07-26T17:30:31.47,1,"Target 1 or more Xyz Monsters in each Graveyard, all of the same Rank; Special Summon from your Extra Deck, 1 ""Number C"" or ""CXyz"" monster that is 1 Rank higher than those monsters, and attach those monsters to it as Xyz Materials. You cannot Special Summon other monsters during the turn you activate this card. You can only activate 1 ""Rank-Up-Magic Admiration of the Thousands"" per turn.",,0.07,0.25,1.59,0.15,,1st Edition,DLCS-EN046,Common,SPELL,,Normal Spell,,
221576,Number C5: Chaos Chimera Dragon,Number C5 Chaos Chimera Dragon,https://tcgplayer-cdn.tcgplayer.com/product/221576_200w.jpg,2,2689,https://cpt.tcgcsv.com/xFN2,2020-09-11T14:33:17.087,1,"3 or more Level 6 monsters
<br>This card gains 1000 ATK for each Xyz Material attached to it. If this card attacks, at the end of the Damage Step: You can detach 1 Xyz Material from this card; this card can attack an opponent's monster again in a row. At the end of the Battle Phase: You can pay half your Life Points, then target 2 cards in any Graveyard(s); place 1 of them on the top of the Deck, and if you do, attach the other to this card as an Xyz Material.",,0.04,0.25,1.49,0.2,0.2,1st Edition,DLCS-EN045,Common,DARK,Dragon,Xyz/Effect Monster,0,0
221579,Magic Hand,Magic Hand,https://tcgplayer-cdn.tcgplayer.com/product/221579_200w.jpg,2,2689,https://cpt.tcgcsv.com/CFN2,2020-09-11T14:33:50.22,1,"When your opponent adds a card(s) from their Deck to their hand, except by drawing them (except during the Damage Step): You can send that card(s) to the Graveyard, and if you do, inflict 800 damage to your opponent. This effect can only be used once while this card is face-up on the field.",,0.07,0.23,1.4,0.11,0.1,1st Edition,DLCS-EN047,Common,DARK,Spellcaster,Effect Monster,800,1600
221580,Fire Hand,Fire Hand,https://tcgplayer-cdn.tcgplayer.com/product/221580_200w.jpg,2,2689,https://cpt.tcgcsv.com/DFN2,2024-07-26T17:30:31.517,1,"When this card in your possession is destroyed by your opponent's card (by battle or card effect) and sent to your Graveyard: You can target 1 monster they control; destroy that target, then you can Special Summon 1 ""Ice Hand"" from your Deck.",,0.07,0.35,2.95,0.24,0.33,1st Edition,DLCS-EN048,Common,FIRE,Pyro,Effect Monster,1600,1000
221581,Ice Hand,Ice Hand,https://tcgplayer-cdn.tcgplayer.com/product/221581_200w.jpg,2,2689,https://cpt.tcgcsv.com/FFN2,2024-07-26T17:30:31.563,1,"When this card in your possession is destroyed by your opponent's card (by battle or card effect) and sent to your Graveyard: You can target 1 Spell/Trap Card they control; destroy that target, then you can Special Summon 1 ""Fire Hand"" from your Deck.",,0.19,0.3,2.01,0.27,,1st Edition,DLCS-EN049,Common,WATER,Aqua,Effect Monster,1400,1600
221582,Prominence Hand,Prominence Hand,https://tcgplayer-cdn.tcgplayer.com/product/221582_200w.jpg,2,2689,https://cpt.tcgcsv.com/GFN2,2024-07-26T17:30:31.627,1,"If you control a ""Magic Hand"", ""Fire Hand"", or ""Ice Hand"", you can Special Summon this card (from your hand).",,0.05,0.21,1.1,0.13,,1st Edition,DLCS-EN050,Common,FIRE,Pyro,Effect Monster,600,2000
221584,Number C106: Giant Red Hand,Number C106 Giant Red Hand,https://tcgplayer-cdn.tcgplayer.com/product/221584_200w.jpg,2,2689,https://cpt.tcgcsv.com/JFN2,2020-09-11T14:34:51.623,1,"3 Level 5 monsters
<br>If this card has a ""Number"" monster as an Xyz Material, it gains this effect.
<br>• Once per turn, during either player's turn, when a card or effect is activated on the field: Detach 1 Xyz Material from this card, and if you do, negate the effects of all other face-up cards currently on the field until the end of this turn.",,0.25,0.5,1.49,0.52,,1st Edition,DLCS-EN051,Common,EARTH,Rock,Xyz/Effect Monster,2600,2000
221586,Lillybot,Lillybot,https://tcgplayer-cdn.tcgplayer.com/product/221586_200w.jpg,2,2689,https://cpt.tcgcsv.com/LFN2,2024-07-26T17:30:31.69,1,"When this card is Normal Summoned or flipped face-up: You can target 1 ""Orbital 7"" in your Graveyard; Special Summon that target in face-up Attack Position or face-down Defense Position. Once per turn: You can Tribute any number of Machine-Type monsters; Special Summon an equal number of ""Photon"" and/or ""Galaxy"" monsters from your hand.",,0.03,0.21,1.49,0.09,,1st Edition,DLCS-EN052,Common,LIGHT,Machine,Effect Monster,500,2000
221587,Rising Sun Slash,Rising Sun Slash,https://tcgplayer-cdn.tcgplayer.com/product/221587_200w.jpg,2,2689,https://cpt.tcgcsv.com/MFN2,2020-09-11T14:35:27.027,1,"Equip only to a ""Utopia"" monster. It cannot be destroyed by card effects. Each time an attack is negated, place 1 Rising Sun Counter on this card. The equipped monster gains 500 ATK for each Rising Sun Counter on this card. If the equipped monster you control would detach its Xyz Material to activate its effect, you can treat this card as 1 of the Xyz Materials.",,0.04,0.23,1.08,0.14,0.1,1st Edition,DLCS-EN053,Common,SPELL,,Equip Spell,,
221589,Timaeus the Knight of Destiny,Timaeus the Knight of Destiny,https://tcgplayer-cdn.tcgplayer.com/product/221589_200w.jpg,2,2689,https://cpt.tcgcsv.com/PFN2,2020-09-11T14:35:42.757,1,"""Legendary Knight Timaeus"" + ""Legendary Knight Critias"" + ""Legendary Knight Hermos""
<br>Must be Special Summoned (from your Extra Deck) by sending the above cards you control to the Graveyard, and cannot be Special Summoned by other ways. (You do not use ""Polymerization"".) Unaffected by other cards' effects. Once per battle, if this card battles, during damage calculation (in either player's turn): You can make this card's ATK and DEF become equal to the ATK of the monster on the field with the highest ATK (your choice, if tied). When this card is destroyed by battle: You can Special Summon 3 ""Legendary Knight"" monsters from your hand, Deck, and/or Graveyard, ignoring their Summoning conditions.",,0.26,0.95,4.69,1.0,,1st Edition,DLCS-EN054,Ultra Rare,LIGHT,Warrior,Fusion/Effect Monster,,
221590,Doom Virus Dragon,Doom Virus Dragon,https://tcgplayer-cdn.tcgplayer.com/product/221590_200w.jpg,2,2689,https://cpt.tcgcsv.com/QFN2,2024-07-26T17:30:31.767,1,"Must be Special Summoned with ""The Fang of Critias"", using ""Crush Card Virus"". If this card is Special Summoned: Look at your opponent's hand, all monsters they control, and all cards they draw until the end of their 3rd turn after this effect's activation, and destroy all those monsters with 1500 or more ATK.",,0.17,0.43,2.99,0.37,,1st Edition,DLCS-EN055,Ultra Rare,DARK,Dragon,Fusion/Effect Monster,1900,1500
221592,Tyrant Burst Dragon,Tyrant Burst Dragon,https://tcgplayer-cdn.tcgplayer.com/product/221592_200w.jpg,2,2689,https://cpt.tcgcsv.com/SFN2,2020-09-11T14:36:20.603,1,"Must be Special Summoned with ""The Fang of Critias"", using ""Tyrant Wing"". This card can attack all your opponent's monsters, once each. You can target 1 face-up monster you control; equip this monster to that target. It gains 400 ATK/DEF, also it can make 3 attacks during each Battle Phase.",,0.09,0.25,1.13,0.19,0.25,1st Edition,DLCS-EN056,Common,LIGHT,Dragon,Fusion/Effect Monster,2900,2500
221593,Mirror Force Dragon,Mirror Force Dragon,https://tcgplayer-cdn.tcgplayer.com/product/221593_200w.jpg,2,2689,https://cpt.tcgcsv.com/TFN2,2020-09-11T14:36:37.177,1,"Must be Special Summoned with ""The Fang of Critias"", using ""Mirror Force"". When a monster(s) you control is targeted for an attack or by an opponent's card effect (except during the Damage Step): You can destroy all cards your opponent controls.",,0.19,0.4,1.99,0.34,,1st Edition,DLCS-EN057,Common,LIGHT,Dragon,Fusion/Effect Monster,2800,1200
221594,The Fang of Critias,The Fang of Critias,https://tcgplayer-cdn.tcgplayer.com/product/221594_200w.jpg,2,2689,https://cpt.tcgcsv.com/VFN2,2020-09-11T14:36:54.303,1,"(This card is also always treated as ""Legendary Dragon Critias"".)
<br>Send 1 Trap from your hand or field to the GY, that is listed on a Fusion Monster that can only be Special Summoned with ""The Fang of Critias"" (if that card is Set, reveal it), then Special Summon that Fusion Monster from your Extra Deck. You can only activate 1 ""The Fang of Critias"" per turn.",,0.35,0.86,9.98,0.77,0.88,1st Edition,DLCS-EN058,Ultra Rare,SPELL,,Normal Spell,,
221595,Tyrant Wing,Tyrant Wing,https://tcgplayer-cdn.tcgplayer.com/product/221595_200w.jpg,2,2689,https://cpt.tcgcsv.com/WFN2,2024-07-26T17:30:31.957,1,"Target 1 Dragon monster on the field; equip this card to it. It gains 400 ATK/DEF, also it can make up to 2 attacks on monsters during each Battle Phase. Once per turn, during the End Phase, if the monster equipped with this card by this effect attacked an opponent's monster this turn: Destroy this card.",,0.12,0.26,1.14,0.23,,1st Edition,DLCS-EN059,Common,TRAP,,Normal Trap,,
221597,Time Magic Hammer,Time Magic Hammer,https://tcgplayer-cdn.tcgplayer.com/product/221597_200w.jpg,2,2689,https://cpt.tcgcsv.com/ZFN2,2023-06-08T11:58:36.923,1,"Must be Special Summoned with ""The Claw of Hermos"", using a Spellcaster monster. If this card is Special Summoned: Target 1 other face-up monster on the field; equip this card to it. At the start of the Damage Step, if it battles an opponent's monster: You can roll a six-sided die, and banish that opponent's monster until the Standby Phase of the Nth turn after this effect's activation (N = the result).",,0.1,0.25,1.13,0.15,0.13,1st Edition,DLCS-EN060,Common,LIGHT,Spellcaster,Fusion/Effect Monster,500,400
221598,Rocket Hermos Cannon,Rocket Hermos Cannon,https://tcgplayer-cdn.tcgplayer.com/product/221598_200w.jpg,2,2689,https://cpt.tcgcsv.com/-FN2,2020-09-11T14:40:06.94,1,"Must be Special Summoned with ""The Claw of Hermos"", using a Warrior monster. If this card is Special Summoned: Target 1 other face-up monster on the field; equip this card to it. It can make a second attack during each Battle Phase, also, if it attacks a Defense Position monster, inflict piercing battle damage to your opponent.",,0.01,0.25,1.49,0.18,0.11,1st Edition,DLCS-EN061,Common,LIGHT,Warrior,Fusion/Effect Monster,1500,1300
221600,Goddess Bow,Goddess Bow,https://tcgplayer-cdn.tcgplayer.com/product/221600_200w.jpg,2,2689,https://cpt.tcgcsv.com/0GN2,2020-09-11T14:40:25.763,1,"Must be Special Summoned with ""The Claw of Hermos"", using a Warrior monster. If this card is Special Summoned: Target 1 other face-up monster on the field; equip this card to it. While this card is equipped to a monster by this effect, negate the first effect activated by your opponent during each Battle Phase, also, after that, the equipped monster can make a second attack during this Battle Phase.",,0.03,0.25,1.49,0.12,0.11,1st Edition,DLCS-EN062,Common,LIGHT,Warrior,Fusion/Effect Monster,1500,1600
221601,Red-Eyes Black Dragon Sword,Red Eyes Black Dragon Sword,https://tcgplayer-cdn.tcgplayer.com/product/221601_200w.jpg,2,2689,https://cpt.tcgcsv.com/2GN2,2024-07-26T17:30:32.067,1,"Must be Special Summoned with ""The Claw of Hermos"", using a Dragon monster. If this card is Special Summoned: Target 1 other face-up monster on the field; equip this card to it. It gains 1000 ATK, and 500 ATK/DEF for each Dragon monster on the field and in the GYs.",,0.1,0.41,1.31,0.39,0.59,1st Edition,DLCS-EN063,Common,DARK,Dragon,Fusion/Effect Monster,2400,2000
221603,The Claw of Hermos,The Claw of Hermos,https://tcgplayer-cdn.tcgplayer.com/product/221603_200w.jpg,2,2689,https://cpt.tcgcsv.com/5GN2,2020-09-11T14:42:16.377,1,"(This card is also always treated as ""Legendary Dragon Hermos"".)
<br>Send 1 monster from your hand or field to the GY, of the Type that is listed on a Fusion Monster that can only be Special Summoned with ""The Claw of Hermos"" (if that card is Set, reveal it), then Special Summon that Fusion Monster from your Extra Deck. You can only activate 1 ""The Claw of Hermos"" per turn.",,1.1,2.74,9.99,2.7,2.04,1st Edition,DLCS-EN064,Ultra Rare,SPELL,,Normal Spell,,
221604,Roulette Spider,Roulette Spider,https://tcgplayer-cdn.tcgplayer.com/product/221604_200w.jpg,2,2689,https://cpt.tcgcsv.com/6GN2,2020-09-11T14:43:33.667,1,"When an opponent's monster declares an attack: Roll a six-sided die and apply the result.
<br>1: Halve your LP.
<br>2: Make that attack a direct attack.
<br>3: Choose 1 monster you control, change the attack target to it, and perform damage calculation.
<br>4: Choose 1 other monster your opponent controls, change the attack target to it, and perform damage calculation.
<br>5: Negate the attack, and if you do, inflict damage to your opponent equal to that monster's ATK.
<br>6: Destroy that opponent's monster.",,0.01,0.25,1.49,0.25,,1st Edition,DLCS-EN065,Common,SPELL,,Quick-Play Spell,,
221605,Double Magical Arm Bind,Double Magical Arm Bind,https://tcgplayer-cdn.tcgplayer.com/product/221605_200w.jpg,2,2689,https://cpt.tcgcsv.com/7GN2,2020-09-11T14:43:54.113,1,"Tribute 2 monsters, then target 2 face-up monsters your opponent controls; take control of both targets until your End Phase.",,0.1,0.25,1.49,0.14,,1st Edition,DLCS-EN066,Common,TRAP,,Normal Trap,,
221606,Lord of the Red,Lord of the Red,https://tcgplayer-cdn.tcgplayer.com/product/221606_200w.jpg,2,2689,https://cpt.tcgcsv.com/8GN2,2024-07-26T17:30:32.147,1,"You can Ritual Summon this card with ""Red-Eyes Transmigration"". Once per turn, during either player's turn, when a card or effect is activated, except ""Lord of the Red"": You can target 1 monster on the field; destroy it. Once per turn, during either player's turn, when a card or effect is activated, except ""Lord of the Red"": You can target 1 Spell/Trap Card on the field; destroy it.",,0.35,0.72,5.99,0.68,0.65,1st Edition,DLCS-EN067,Common,FIRE,Dragon,Ritual/Effect Monster,2400,2100
221607,Red-Eyes Transmigration,Red Eyes Transmigration,https://tcgplayer-cdn.tcgplayer.com/product/221607_200w.jpg,2,2689,https://cpt.tcgcsv.com/9GN2,2024-07-26T17:30:32.193,1,"This card is used to Ritual Summon ""Lord of the Red"". You must also Tribute monsters from your hand or field, and/or banish ""Red-Eyes"" monsters from your Graveyard, except ""Red-Eyes B. Chick"", whose total Levels equal 8 or more.",,0.1,0.25,1.23,0.22,0.25,1st Edition,DLCS-EN068,Common,SPELL,,Ritual Spell,,
221609,Paladin of Dark Dragon,Paladin of Dark Dragon,https://tcgplayer-cdn.tcgplayer.com/product/221609_200w.jpg,2,2689,https://cpt.tcgcsv.com/cGN2,2024-07-26T17:30:32.27,1,"You can Ritual Summon this card with ""Dark Dragon Ritual"". At the start of the Damage Step, if this card attacks a Defense Position monster: Destroy that monster. You can Tribute this card; Special Summon 1 ""Red-Eyes"" monster from your hand or Deck, except ""Red-Eyes B. Chick"". You can only use this effect of ""Paladin of Dark Dragon"" once per turn.",,0.35,0.69,5.99,0.55,,1st Edition,DLCS-EN069,Ultra Rare,DARK,Dragon,Ritual/Effect Monster,1900,1200
221610,Dark Dragon Ritual,Dark Dragon Ritual,https://tcgplayer-cdn.tcgplayer.com/product/221610_200w.jpg,2,2689,https://cpt.tcgcsv.com/dGN2,2024-07-26T17:30:32.353,1,"This card is used to Ritual Summon ""Paladin of Dark Dragon"". You must also Tribute monsters from your hand or field whose total Levels equal 4 or more. During your Main Phase, except the turn this card was sent to the Graveyard: You can banish this card from your Graveyard; add 1 ""Red-Eyes"" Spell/Trap Card from your Deck to your hand.",,0.21,0.4,4.99,0.39,0.41,1st Edition,DLCS-EN070,Common,SPELL,,Ritual Spell,,
221612,Red-Eyes Spirit,Red Eyes Spirit,https://tcgplayer-cdn.tcgplayer.com/product/221612_200w.jpg,2,2689,https://cpt.tcgcsv.com/gGN2,2024-07-26T17:30:32.433,1,"Target 1 ""Red-Eyes"" monster in your GY; Special Summon it.",,0.2,0.6,4.95,0.56,2.99,1st Edition,DLCS-EN071,Common,TRAP,,Normal Trap,,
221613,Red-Eyes Burn,Red Eyes Burn,https://tcgplayer-cdn.tcgplayer.com/product/221613_200w.jpg,2,2689,https://cpt.tcgcsv.com/hGN2,2024-07-26T17:30:32.557,1,"If a face-up ""Red-Eyes"" monster(s) you control, except ""Red-Eyes B. Chick"", is destroyed by battle or card effect: Target 1 of those monsters; both players take damage equal to its original ATK. You can only activate 1 ""Red-Eyes Burn"" per turn.",,0.25,0.36,1.25,0.35,,1st Edition,DLCS-EN072,Common,TRAP,,Normal Trap,,
221615,Toon Ancient Gear Golem,Toon Ancient Gear Golem,https://tcgplayer-cdn.tcgplayer.com/product/221615_200w.jpg,2,2689,https://cpt.tcgcsv.com/kGN2,2024-07-26T17:30:32.62,1,"Cannot attack the turn it is Summoned. While you control ""Toon World"" and your opponent controls no Toon monsters, this card can attack your opponent directly. If this card attacks a Defense Position monster, inflict piercing battle damage to your opponent. If this card attacks, your opponent cannot activate any Spell/Trap until the end of the Damage Step.",,0.01,0.26,1.23,0.22,0.25,1st Edition,DLCS-EN073,Common,EARTH,Machine,Toon/Effect Monster,3000,3000
221617,Toon Kingdom,Toon Kingdom,https://tcgplayer-cdn.tcgplayer.com/product/221617_200w.jpg,2,2689,https://cpt.tcgcsv.com/mGN2,2023-08-01T10:01:19.933,1,"When this card is activated: Banish 3 cards from the top of your Deck, face-down. This card's name becomes ""Toon World"" while in the Field Zone. Your opponent cannot target Toon monsters you control with card effects. If a Toon monster(s) you control would be destroyed by battle or card effect, you can banish 1 card from the top of your Deck, face-down, for each of those monster(s) instead.",,4.99,9.4,54.99,6.7,49.98,1st Edition,DLCS-EN074,Ultra Rare,SPELL,,Field Spell,,
221618,Toon Rollback,Toon Rollback,https://tcgplayer-cdn.tcgplayer.com/product/221618_200w.jpg,2,2689,https://cpt.tcgcsv.com/nGN2,2020-09-11T14:46:34.47,1,Target 1 Toon monster you control; it can make a second attack during each Battle Phase this turn.,,0.1,0.99,238.0,0.72,1.17,1st Edition,DLCS-EN075,Common,SPELL,,Normal Spell,,
221619,Shadow Toon,Shadow Toon,https://tcgplayer-cdn.tcgplayer.com/product/221619_200w.jpg,2,2689,https://cpt.tcgcsv.com/pGN2,2020-09-11T14:47:01.097,1,"If you control ""Toon World"": Target 1 face-up monster your opponent controls; inflict damage to your opponent equal to the ATK of that face-up monster. You can only activate 1 ""Shadow Toon"" per turn.",,0.8,1.08,2.99,1.08,,1st Edition,DLCS-EN076,Ultra Rare,SPELL,,Normal Spell,,
221620,Comic Hand,Comic Hand,https://tcgplayer-cdn.tcgplayer.com/product/221620_200w.jpg,2,2689,https://cpt.tcgcsv.com/qGN2,2023-05-20T19:01:05.303,1,"If you control ""Toon World"", equip to an opponent's monster. Take control of it. It is treated as a Toon monster. If your opponent controls no Toon monsters, it can attack your opponent directly. If ""Toon World"" is not on the field, destroy this card.",,2.46,4.99,19.99,6.0,19.98,1st Edition,DLCS-EN077,Ultra Rare,SPELL,,Equip Spell,,
221622,Mimicat,Mimicat,https://tcgplayer-cdn.tcgplayer.com/product/221622_200w.jpg,2,2689,https://cpt.tcgcsv.com/sGN2,2020-09-11T14:47:31.92,1,"If you control ""Toon World"" and a Toon monster: Target 1 card in your opponent's GY; if it is a monster, Special Summon it to your field, or if it is a Spell/Trap, Set it to your field. You can only activate 1 ""Mimicat"" per turn.",,1.91,2.84,8.88,2.84,6.79,1st Edition,DLCS-EN078,Ultra Rare,SPELL,,Normal Spell,,
221623,Toon Mask,Toon Mask,https://tcgplayer-cdn.tcgplayer.com/product/221623_200w.jpg,2,2689,https://cpt.tcgcsv.com/tGN2,2020-09-11T14:47:46.84,1,"If you control ""Toon World"": Target 1 face-up monster your opponent controls; Special Summon 1 Toon monster from your hand or Deck, whose Level is less than or equal to the Level/Rank of that monster, ignoring its Summoning conditions.",,0.89,1.31,2.67,1.38,,1st Edition,DLCS-EN079,Ultra Rare,TRAP,,Normal Trap,,
221624,Toon Briefcase,Toon Briefcase,https://tcgplayer-cdn.tcgplayer.com/product/221624_200w.jpg,2,2689,https://cpt.tcgcsv.com/vGN2,2020-09-11T14:48:01.34,1,When your opponent Summons a monster(s) while you control a Toon monster: Shuffle that monster(s) into the Deck.,,1.24,1.75,9.99,1.61,,1st Edition,DLCS-EN080,Ultra Rare,TRAP,,Normal Trap,,
221626,Prediction Princess Coinorma,Prediction Princess Coinorma,https://tcgplayer-cdn.tcgplayer.com/product/221626_200w.jpg,2,2689,https://cpt.tcgcsv.com/xGN2,2020-09-11T15:11:13.207,1,"FLIP: You can Special Summon 1 Level 3 or higher Flip monster from your hand or Deck in face-down Defense Position, also you cannot activate monster effects for the rest of this turn, except ""Prediction Princess"" monsters'.",,0.1,0.25,1.13,0.13,0.11,1st Edition,DLCS-EN081,Common,EARTH,Fairy,Flip/Effect Monster,800,1400
221627,Prediction Princess Petalelf,Prediction Princess Petalelf,https://tcgplayer-cdn.tcgplayer.com/product/221627_200w.jpg,2,2689,https://cpt.tcgcsv.com/zGN2,2020-09-11T15:11:34.307,1,FLIP: You can change all face-up Attack Position monsters your opponent controls to face-up Defense Position. Monsters changed to Defense Position by this effect cannot change their battle positions.,,0.05,0.22,1.1,0.12,,1st Edition,DLCS-EN082,Common,EARTH,Fairy,Flip/Effect Monster,800,700
221628,Prediction Princess Astromorrigan,Prediction Princess Astromorrigan,https://tcgplayer-cdn.tcgplayer.com/product/221628_200w.jpg,2,2689,https://cpt.tcgcsv.com/BGN2,2020-09-11T15:12:28.337,1,"FLIP: During the End Phase of this turn, destroy as many Defense Position monsters your opponent controls as possible, and if you do, inflict 500 damage to your opponent for each monster destroyed.",,0.05,0.25,1.09,0.15,0.14,1st Edition,DLCS-EN083,Common,DARK,Fairy,Flip/Effect Monster,1300,0
221630,Prediction Princess Arrowsylph,Prediction Princess Arrowsylph,https://tcgplayer-cdn.tcgplayer.com/product/221630_200w.jpg,2,2689,https://cpt.tcgcsv.com/DGN2,2020-09-11T15:13:20.787,1,FLIP: You can add 1 Ritual Spell Card from your Deck or Graveyard to your hand.,,0.03,0.25,1.07,0.14,0.11,1st Edition,DLCS-EN084,Common,WIND,Fairy,Flip/Effect Monster,1000,1400
221631,Prediction Princess Crystaldine,Prediction Princess Crystaldine,https://tcgplayer-cdn.tcgplayer.com/product/221631_200w.jpg,2,2689,https://cpt.tcgcsv.com/FGN2,2020-09-11T15:13:41.687,1,FLIP: You can add 1 Ritual Monster from your Deck or Graveyard to your hand.,,0.02,0.23,1.06,0.05,,1st Edition,DLCS-EN085,Common,WATER,Fairy,Flip/Effect Monster,1400,2200
221633,Prediction Princess Tarotrei,Prediction Princess Tarotrei,https://tcgplayer-cdn.tcgplayer.com/product/221633_200w.jpg,2,2689,https://cpt.tcgcsv.com/HGN2,2024-07-26T17:30:32.673,1,"You can Ritual Summon this card with ""Prediction Ritual"". Once per turn, during your End Phase: You can Special Summon 1 Flip monster from your hand or Graveyard in face-down Defense Position. You can only use 1 of the following effects of ""Prediction Princess Tarotrei"" per turn, and only once that turn.
<br>• During either player's turn: You can target 1 face-down monster on the field; change it to face-up Attack Position.
<br>• During either player's turn: You can target 1 face-up monster on the field; change it to face-down Defense Position.",,0.17,0.25,1.49,0.2,,1st Edition,DLCS-EN086,Common,LIGHT,Fairy,Ritual/Effect Monster,2700,1200
221634,Prediction Ritual,Prediction Ritual,https://tcgplayer-cdn.tcgplayer.com/product/221634_200w.jpg,2,2689,https://cpt.tcgcsv.com/JGN2,2021-11-21T15:14:44.713,1,"This card is used to Ritual Summon ""Prediction Princess Tarotrei"". You must also Tribute monsters from your hand or field whose total Levels equal 9 or more. During your Main Phase, except the turn this card was sent to the Graveyard: You can banish this card from your Graveyard; add 1 ""Prediction Princess"" monster from your Deck to your hand.",,0.05,0.25,1.49,0.16,0.15,1st Edition,DLCS-EN087,Common,SPELL,,Ritual Spell,,
221635,Black Cat-astrophe,Black Cat astrophe,https://tcgplayer-cdn.tcgplayer.com/product/221635_200w.jpg,2,2689,https://cpt.tcgcsv.com/KGN2,2020-09-11T15:14:28.073,1,"During your opponent's Battle Phase, if you control 2 or more face-down Defense Position monsters: End the Battle Phase. You can banish this card from your Graveyard, then target 2 face-up monsters on the field, including at least 1 ""Prediction Princess"" monster; change them to face-down Defense Position.",,0.05,0.25,1.13,0.13,,1st Edition,DLCS-EN088,Common,TRAP,,Normal Trap,,
221636,Reverse Reuse,Reverse Reuse,https://tcgplayer-cdn.tcgplayer.com/product/221636_200w.jpg,2,2689,https://cpt.tcgcsv.com/LGN2,2020-09-11T15:14:43.637,1,"Target up to 2 Flip monsters in your Graveyard; Special Summon them to your opponent's side of the field, in face-up or face-down Defense Position.",,0.15,0.3,1.49,0.21,,1st Edition,DLCS-EN089,Common,TRAP,,Normal Trap,,
221638,Aquaactress Tetra,Aquaactress Tetra,https://tcgplayer-cdn.tcgplayer.com/product/221638_200w.jpg,2,2689,https://cpt.tcgcsv.com/NGN2,2020-09-11T15:14:59.04,1,"Once per turn: You can add 1 ""Aquarium"" card from your Deck to your hand.",,0.05,0.25,1.49,0.12,,1st Edition,DLCS-EN090,Common,WATER,Aqua,Effect Monster,300,300
221639,Aquaactress Guppy,Aquaactress Guppy,https://tcgplayer-cdn.tcgplayer.com/product/221639_200w.jpg,2,2689,https://cpt.tcgcsv.com/PGN2,2020-09-11T15:15:13.813,1,"Once per turn: You can Special Summon 1 ""Aquaactress"" monster from your hand.",,0.02,0.21,1.49,0.11,0.1,1st Edition,DLCS-EN091,Common,WATER,Aqua,Effect Monster,600,600
221640,Aquaactress Arowana,Aquaactress Arowana,https://tcgplayer-cdn.tcgplayer.com/product/221640_200w.jpg,2,2689,https://cpt.tcgcsv.com/QGN2,2020-09-11T15:15:30.563,1,"Once per turn: You can add 1 ""Aquaactress"" monster from your Deck to your hand.",,0.03,0.2,1.49,0.09,,1st Edition,DLCS-EN092,Common,WATER,Aqua,Effect Monster,2000,2000
221648,Aquarium Stage,Aquarium Stage,https://tcgplayer-cdn.tcgplayer.com/product/221648_200w.jpg,2,2689,https://cpt.tcgcsv.com/-GN2,2024-12-01T10:52:32.507,1,"WATER monsters you control cannot be destroyed by battle with a non-WATER monster. ""Aquaactress"" monsters you control are unaffected by your opponent's monster effects. If this card is sent from the field to the Graveyard: You can target 1 Aqua-Type monster in your Graveyard; Special Summon it, also you cannot Special Summon monsters for the rest of this turn, except Aqua-Type monsters.",,0.12,0.25,1.49,0.22,0.17,1st Edition,DLCS-EN093,Common,SPELL,,Continuous Spell,,
221649,Aquarium Set,Aquarium Set,https://tcgplayer-cdn.tcgplayer.com/product/221649_200w.jpg,2,2689,https://cpt.tcgcsv.com/_GN2,2024-07-26T17:30:32.783,1,"All WATER monsters you control gain 300 ATK and DEF. All ""Aquaactress"" monsters you control gain 300 ATK and DEF. If this card is sent from the field to the Graveyard: You can target 1 Aqua-Type monster in your Graveyard; Special Summon it, also you cannot Special Summon monsters for the rest of this turn, except Aqua-Type monsters.",,0.09,0.25,1.49,0.15,,1st Edition,DLCS-EN094,Common,SPELL,,Continuous Spell,,
221650,Aquarium Lighting,Aquarium Lighting,https://tcgplayer-cdn.tcgplayer.com/product/221650_200w.jpg,2,2689,https://cpt.tcgcsv.com/0HN2,2020-09-11T15:16:17.777,1,"If an ""Aquaactress"" monster you control battles an opponent's monster, during damage calculation: Your battling monster's ATK and DEF each become double its current ATK and DEF during that damage calculation only. If this card is sent from the field to the Graveyard: You can target 1 Aqua-Type monster in your Graveyard; Special Summon it, also you cannot Special Summon monsters for the rest of this turn, except Aqua-Type monsters. You can only control 1 ""Aquarium Lighting"".",,0.02,0.21,1.49,0.07,,1st Edition,DLCS-EN095,Common,SPELL,,Continuous Spell,,
221651,Aqua Story - Urashima,Aqua Story Urashima,https://tcgplayer-cdn.tcgplayer.com/product/221651_200w.jpg,2,2689,https://cpt.tcgcsv.com/2HN2,2020-09-11T15:16:34.677,1,"If you have an ""Aquaactress"" monster in your Graveyard: Target 1 monster on the field; until the end of this turn, its effects are negated, its ATK and DEF become 100, also it is unaffected by your opponent's card effects.",,0.01,0.22,1.07,0.07,0.05,1st Edition,DLCS-EN096,Common,TRAP,,Normal Trap,,
221653,Odd-Eyes Mirage Dragon,Odd Eyes Mirage Dragon,https://tcgplayer-cdn.tcgplayer.com/product/221653_200w.jpg,2,2689,https://cpt.tcgcsv.com/5HN2,2024-07-26T17:30:32.83,1,"<strong>Pendulum Effect :</strong> Once per turn, if a face-up ""Odd-Eyes"" Pendulum Monster(s) you control is destroyed by battle or card effect: You can destroy 1 card in your Pendulum Zone, and if you do, place 1 face-up ""Odd-Eyes"" Pendulum Monster in your Extra Deck in your Pendulum Zone, except ""Odd-Eyes Mirage Dragon"".
<br><strong>Monster Effect : </strong> While an ""Odd-Eyes"" card is in your Pendulum Zone (Quick Effect): You can target 1 ""Odd-Eyes"" monster you control; the first time it would be destroyed by battle or card effect this turn, it is not destroyed. You can only use this effect of ""Odd-Eyes Mirage Dragon"" once per turn.",,0.1,0.25,1.13,0.2,0.19,1st Edition,DLCS-EN097,Common,DARK,Dragon,Pendulum/Effect Monster,1200,600
221654,Performapal Uni,Performapal Uni,https://tcgplayer-cdn.tcgplayer.com/product/221654_200w.jpg,2,2689,https://cpt.tcgcsv.com/6HN2,2020-09-11T15:17:02.007,1,"Once per turn, during your Main Phase, if this card was Normal or Special Summoned this turn: You can Special Summon 1 Level 3 or lower ""Performapal"" monster from your hand in Attack Position. During your opponent's turn: You can banish 1 ""Performapal"" monster, except ""Performapal Uni"", and this card from your Graveyard; the next time you would take battle damage this turn, you do not (this is a Quick Effect).",,0.02,0.25,1.49,0.2,0.05,1st Edition,DLCS-EN098,Common,LIGHT,Beast-Warrior,Effect Monster,800,1500
221655,Performapal Corn,Performapal Corn,https://tcgplayer-cdn.tcgplayer.com/product/221655_200w.jpg,2,2689,https://cpt.tcgcsv.com/7HN2,2020-09-11T15:17:15.687,1,"Once per turn, during your Main Phase, if this card was Normal or Special Summoned this turn: You can target 1 other ""Performapal"" monster you control with 1000 or less ATK; change both it and this card, that you control, from face-up Attack Position to Defense Position, and if you do, add 1 ""Odd-Eyes"" monster from your Deck to your hand. During your opponent's turn: You can banish 1 ""Performapal"" monster, except ""Performapal Corn"", and this card from your Graveyard; gain 500 LP (this is a Quick Effect).",,0.09,0.25,1.49,0.19,,1st Edition,DLCS-EN099,Common,LIGHT,Beast-Warrior,Effect Monster,600,1000
221656,Raidraptor - Napalm Dragonius,Raidraptor Napalm Dragonius,https://tcgplayer-cdn.tcgplayer.com/product/221656_200w.jpg,2,2689,https://cpt.tcgcsv.com/8HN2,2020-09-11T15:17:28.963,1,"Once per turn: You can inflict 600 damage to your opponent, also monsters in your possession cannot activate their effects for the rest of this turn, except ""Raidraptor"" monsters. When this card is destroyed by battle and sent to the Graveyard: You can Special Summon 1 ""Raidraptor"" monster from your Deck, but it has its effects negated.",,0.1,0.25,1.13,0.14,,1st Edition,DLCS-EN100,Common,DARK,Winged Beast,Effect Monster,1000,1000
221658,Raidraptor - Blade Burner Falcon,Raidraptor Blade Burner Falcon,https://tcgplayer-cdn.tcgplayer.com/product/221658_200w.jpg,2,2689,https://cpt.tcgcsv.com/bHN2,2020-09-11T15:17:48.74,1,"2 Level 4 Winged Beast-Type monsters
<br>If this card is Xyz Summoned, and your opponent's LP is at least 3000 higher than yours: You can make this card gain 3000 ATK. When this card destroys an opponent's monster by battle: You can detach any number of Xyz Materials from this card; destroy exactly that number of monsters your opponent controls.",,0.05,0.25,1.49,0.21,0.25,1st Edition,DLCS-EN101,Common,DARK,Winged Beast,Xyz/Effect Monster,1000,1000
221659,The Tripper Mercury,The Tripper Mercury,https://tcgplayer-cdn.tcgplayer.com/product/221659_200w.jpg,2,2689,https://cpt.tcgcsv.com/cHN2,2024-07-26T17:30:32.867,1,"When this card is Tribute Summoned: You can change all monsters on the field to face-up Attack Position. You can Tribute 3 monsters to Tribute Summon (but not Set) this card. If Summoned this way, while this card is on the field all monsters your opponent controls lose ATK equal to their original ATK. This card can make a second attack during each Battle Phase.",,0.05,0.25,1.09,0.15,,1st Edition,DLCS-EN102,Common,WATER,Aqua,Effect Monster,2000,2000
221660,The Blazing Mars,The Blazing Mars,https://tcgplayer-cdn.tcgplayer.com/product/221660_200w.jpg,2,2689,https://cpt.tcgcsv.com/dHN2,2020-09-11T15:20:33.947,1,"While this card is in your hand or Graveyard: You can banish 3 other monsters from your Graveyard; Special Summon this card, also you cannot Special Summon other monsters for the rest of this turn. During your Main Phase 1: You can send all other monsters you control to the Graveyard; inflict 500 damage to your opponent for each monster sent to the Graveyard. You can only use each effect of ""The Blazing Mars"" once per turn.",,0.09,0.29,1.49,0.14,,1st Edition,DLCS-EN103,Common,FIRE,Pyro,Effect Monster,2600,2200
221661,The Grand Jupiter,The Grand Jupiter,https://tcgplayer-cdn.tcgplayer.com/product/221661_200w.jpg,2,2689,https://cpt.tcgcsv.com/fHN2,2020-09-11T15:21:09.78,1,"Once per turn: You can discard 2 cards, then target 1 face-up monster your opponent controls; equip that face-up monster to this card. This card gains ATK equal to the combined original ATK of the monsters equipped to it by this effect. Once per turn, during the End Phase: You can target 1 Monster Card equipped to this card by this card's effect; Special Summon it to your field.",,0.04,0.25,1.08,0.13,,1st Edition,DLCS-EN104,Common,DARK,Warrior,Effect Monster,2500,2000
221662,The Despair Uranus,The Despair Uranus,https://tcgplayer-cdn.tcgplayer.com/product/221662_200w.jpg,2,2689,https://cpt.tcgcsv.com/gHN2,2020-09-11T15:21:32.617,1,"When this card is Tribute Summoned while you control no Spell/Trap Cards: You can activate this effect; your opponent declares either Continuous Spell or Continuous Trap, then you Set 1 card of that type directly from your Deck. This card gains 300 ATK for each face-up Spell/Trap Card you control. Face-up cards in your Spell & Trap Zone cannot be destroyed by card effects.",,0.03,0.25,1.49,0.13,0.11,1st Edition,DLCS-EN105,Common,LIGHT,Rock,Effect Monster,2900,2300
221663,The Suppression Pluto,The Suppression Pluto,https://tcgplayer-cdn.tcgplayer.com/product/221663_200w.jpg,2,2689,https://cpt.tcgcsv.com/hHN2,2024-07-26T17:30:32.913,1,"Once per turn: You can declare 1 card name; look at your opponent's hand, then if they have the declared card in their hand, apply 1 of these effects.
<br>• Take control of 1 monster your opponent controls.
<br>• Destroy 1 Spell/Trap Card your opponent controls, then you can Set the destroyed Spell/Trap Card on your field.",,0.07,0.24,1.1,0.17,,1st Edition,DLCS-EN106,Common,DARK,Fiend,Effect Monster,2600,2000
221664,Cyber Petit Angel,Cyber Petit Angel,https://tcgplayer-cdn.tcgplayer.com/product/221664_200w.jpg,2,2689,https://cpt.tcgcsv.com/jHN2,2024-07-26T17:30:33.007,1,"If this card is Summoned: You can add 1 ""Cyber Angel"" monster or ""Machine Angel Ritual"" from your Deck to your hand. You can only use this effect of ""Cyber Petit Angel"" once per turn.",,0.1,0.27,1.13,0.18,,1st Edition,DLCS-EN107,Common,LIGHT,Fairy,Effect Monster,300,200
221665,Cyber Angel Benten,Cyber Angel Benten,https://tcgplayer-cdn.tcgplayer.com/product/221665_200w.jpg,2,2689,https://cpt.tcgcsv.com/kHN2,2020-09-11T15:22:51.927,1,"You can Ritual Summon this card with ""Machine Angel Ritual"". If this card destroys a monster by battle and sends it to the GY: Inflict damage to your opponent equal to that monster's original DEF in the GY. If this card is Tributed: You can add 1 LIGHT Fairy monster from your Deck to your hand.",,0.06,0.25,1.99,0.18,0.15,1st Edition,DLCS-EN108,Common,LIGHT,Fairy,Ritual/Effect Monster,1800,1500
221671,Cyber Angel Idaten,Cyber Angel Idaten,https://tcgplayer-cdn.tcgplayer.com/product/221671_200w.jpg,2,2689,https://cpt.tcgcsv.com/rHN2,2024-07-26T17:30:33.057,1,"You can Ritual Summon this card with ""Machine Angel Ritual"". If this card is Ritual Summoned: You can add 1 Ritual Spell from your Deck or GY to your hand. If this card is Tributed: You can make all Ritual Monsters you control gain 1000 ATK/DEF.",,0.08,0.29,1.49,0.16,,1st Edition,DLCS-EN109,Common,LIGHT,Fairy,Ritual/Effect Monster,1600,2000
221672,Cyber Angel Dakini,Cyber Angel Dakini,https://tcgplayer-cdn.tcgplayer.com/product/221672_200w.jpg,2,2689,https://cpt.tcgcsv.com/sHN2,2020-09-11T15:23:26.687,1,"You can Ritual Summon this card with ""Machine Angel Ritual"". If this card is Ritual Summoned: You can make your opponent send 1 monster they control to the GY (their choice). If a Ritual Monster you control attacks a Defense Position monster, inflict piercing battle damage to your opponent. Once per turn, during your End Phase: You can target 1 Ritual Monster or 1 ""Machine Angel Ritual"" in your GY; add it to your hand.",,0.1,0.25,1.2,0.18,,1st Edition,DLCS-EN110,Common,LIGHT,Fairy,Ritual/Effect Monster,2700,2400
221675,Machine Angel Ritual,Machine Angel Ritual,https://tcgplayer-cdn.tcgplayer.com/product/221675_200w.jpg,2,2689,https://cpt.tcgcsv.com/wHN2,2024-07-26T17:30:33.127,1,"This card can be used to Ritual Summon any ""Cyber Angel"" Ritual Monster. You must also Tribute monsters from your hand or field whose total Levels equal or exceed the Level of the Ritual Monster you Ritual Summon. If a LIGHT monster(s) you control would be destroyed by battle or card effect while this card is in your GY, you can banish this card instead.",,0.1,0.25,1.49,0.17,,1st Edition,DLCS-EN111,Common,SPELL,,Ritual Spell,,
221676,Ritual Sanctuary,Ritual Sanctuary,https://tcgplayer-cdn.tcgplayer.com/product/221676_200w.jpg,2,2689,https://cpt.tcgcsv.com/xHN2,2024-07-26T17:30:33.19,1,"You can discard 1 Spell; add 1 LIGHT Ritual Monster or 1 Ritual Spell from your Deck to your hand. You can shuffle any number of Spells from your GY into the Deck, then target 1 LIGHT Fairy monster in your GY whose Level equals the number of cards you shuffled into the Deck; Special Summon it. You can only use each effect of ""Ritual Sanctuary"" once per turn.",,0.19,0.3,1.23,0.27,0.26,1st Edition,DLCS-EN112,Common,SPELL,,Field Spell,,
221678,Red Nova,Red Nova,https://tcgplayer-cdn.tcgplayer.com/product/221678_200w.jpg,2,2689,https://cpt.tcgcsv.com/BHN2,2024-07-26T17:30:33.267,1,"If a Level 8 or higher Dragon-Type Synchro Monster is on the field, you can Special Summon this card (from your hand). You can only Special Summon ""Red Nova"" once per turn this way. If this card is sent to the Graveyard for a Synchro Summon that uses 2 or more Tuner monsters as Materials: You can Special Summon 1 FIRE Fiend-Type monster from your Deck in Defense Position.",,1.29,2.97,19.79,2.27,1.49,1st Edition,DLCS-EN113,Common,FIRE,Fairy,Tuner/Effect Monster,0,0
221679,Zushin the Sleeping Giant,Zushin the Sleeping Giant,https://tcgplayer-cdn.tcgplayer.com/product/221679_200w.jpg,2,2689,https://cpt.tcgcsv.com/CHN2,2020-09-11T15:24:48.327,1,"Cannot be Normal Summoned/Set. Must be Special Summoned (from your hand) by Tributing a monster you control with 10 Zushin Counters, and cannot be Special Summoned by other ways. Once per turn: You can reveal this card in your hand, then target 1 Level 1 Normal Monster you control (keep this card revealed until the end of this turn); place 1 Zushin Counter on it. Unaffected by other cards' effects. If this card battles a monster, during damage calculation: ATK and DEF of this card become equal to the current ATK of the monster it is battling +1000, during that damage calculation only.",,0.03,0.25,1.09,0.13,,1st Edition,DLCS-EN114,Common,EARTH,Warrior,Effect Monster,0,0
221681,Hand-Holding Genie,Hand Holding Genie,https://tcgplayer-cdn.tcgplayer.com/product/221681_200w.jpg,2,2689,https://cpt.tcgcsv.com/FHN2,2020-09-11T15:25:04.193,1,"Monsters your opponent controls cannot target monsters for attacks, except this one. This card gains DEF equal to the combined original DEF of all other face-up Defense Position monsters you control.",,0.04,0.25,1.08,0.15,,1st Edition,DLCS-EN115,Common,DARK,Fiend,Effect Monster,1000,1600
221683,Scrum Force,Scrum Force,https://tcgplayer-cdn.tcgplayer.com/product/221683_200w.jpg,2,2689,https://cpt.tcgcsv.com/HHN2,2023-03-28T15:34:10.73,1,"While you control 2 or more face-up Defense Position monsters, your opponent cannot target Defense Position monsters you control with card effects, and they cannot be destroyed by your opponent's card effects. If this card would be destroyed by card effect, you can destroy 1 card in your Spell & Trap Zone instead.",,0.05,0.25,1.09,0.09,0.09,1st Edition,DLCS-EN116,Common,TRAP,,Continuous Trap,,
221685,Number 100: Numeron Dragon,Number 100 Numeron Dragon,https://tcgplayer-cdn.tcgplayer.com/product/221685_200w.jpg,2,2689,https://cpt.tcgcsv.com/KHN2,2022-05-28T10:11:12.04,1,"2 ""Number"" Xyz Monsters with the same name and Rank
<br>Once per turn: You can detach 1 Xyz Material from this card; this card gains ATK equal to the combined Ranks of all Xyz Monsters currently on the field x 1000, until the end of your opponent's turn. When this card is destroyed by card effect: You can destroy as many monsters on the field as possible (min. 1), then each player Sets 1 Spell/Trap Card from their Graveyard to their field. When an opponent's monster declares an attack while this card is in your Graveyard and you have no cards in your hand or field: You can Special Summon this card.",,0.3,0.71,14.0,0.58,0.55,1st Edition,DLCS-EN117,Ultra Rare,LIGHT,Dragon,Xyz/Effect Monster,0,0
221687,Number 24: Dragulas the Vampiric Dragon,Number 24 Dragulas the Vampiric Dragon,https://tcgplayer-cdn.tcgplayer.com/product/221687_200w.jpg,2,2689,https://cpt.tcgcsv.com/MHN2,2022-01-09T13:08:17.513,1,"2 Level 6 monsters
<br>Once per turn, during either player's turn: You can detach 1 Xyz Material from this card, then target 1 face-up monster on the field that was Special Summoned from the Extra Deck; change it to face-down Defense Position. If this face-up card in its owner's control is sent to your Graveyard or banished by your opponent's card effect: You can Special Summon this card in face-down Defense Position. If this card is flipped face-up: Send 1 card on the field to the Graveyard.",,0.97,1.55,19.99,1.31,5.29,1st Edition,DLCS-EN118,Ultra Rare,DARK,Wyrm,Xyz/Effect Monster,2400,2800
221688,Number 45: Crumble Logos the Prophet of Demolition,Number 45 Crumble Logos the Prophet of Demolition,https://tcgplayer-cdn.tcgplayer.com/product/221688_200w.jpg,2,2689,https://cpt.tcgcsv.com/NHN2,2020-09-11T15:26:14.92,1,"2 or more Level 2 monsters
<br>Once per turn: You can detach 1 Xyz Material from this card, then target 1 other face-up card on the field; while this monster is face-up on the field, that target has its effects negated. While that target is on the field, cards with the same name as that target, and their effects, cannot be activated.",,0.45,0.9,6.99,0.7,6.99,1st Edition,DLCS-EN119,Ultra Rare,EARTH,Zombie,Xyz/Effect Monster,2200,0
221690,Number 51: Finisher the Strong Arm,Number 51 Finisher the Strong Arm,https://tcgplayer-cdn.tcgplayer.com/product/221690_200w.jpg,2,2689,https://cpt.tcgcsv.com/QHN2,2024-07-26T17:30:33.317,1,"3 Level 3 monsters
<br>Cannot be destroyed by battle. At the end of the Damage Step, if this card battled: You can detach 1 Xyz Material from this card; place 1 Counter on this card (max. 3). At the end of the Battle Phase, if this card battled, and has 3 of these Counters: You can destroy all cards your opponent controls.",,0.1,0.28,1.49,0.27,,1st Edition,DLCS-EN120,Common,EARTH,Rock,Xyz/Effect Monster,2600,0
221691,Number 59: Crooked Cook,Number 59 Crooked Cook,https://tcgplayer-cdn.tcgplayer.com/product/221691_200w.jpg,2,2689,https://cpt.tcgcsv.com/RHN2,2024-10-28T15:29:30.973,1,"2 Level 4 monsters
<br>While you control no other cards on the field, this card is unaffected by other cards' effects. Once per turn, during either player's turn: You can detach 1 Xyz Material from this card; destroy as many other cards you control as possible, then this card gains 300 ATK until the end of this turn for each monster destroyed by this effect and sent to the Graveyard.",,0.7,1.08,7.65,0.92,0.97,1st Edition,DLCS-EN121,Common,FIRE,Warior,Xyz/Effect Monster,2300,200
221693,Number 78: Number Archive,Number 78 Number Archive,https://tcgplayer-cdn.tcgplayer.com/product/221693_200w.jpg,2,2689,https://cpt.tcgcsv.com/THN2,2020-09-11T15:27:28.747,1,"2 Level 1 monsters
<br>Once per turn, during either player's turn: You can detach 1 Xyz Material from this card; your opponent randomly chooses 1 card in your Extra Deck, and if it is a ""Number"" monster that has a number between ""1"" and ""99"" in its name, Special Summon it by using this face-up card you control as the Xyz Material, but banish that monster during the End Phase, also you cannot Special Summon for the rest of this turn. (This is treated as an Xyz Summon. Xyz Materials attached to this card also become Xyz Materials on the Summoned monster.)",,0.13,0.4,1.16,0.26,0.3,1st Edition,DLCS-EN122,Common,LIGHT,Spellcaster,Xyz/Effect Monster,0,0
221694,Number 98: Antitopian,Number 98 Antitopian,https://tcgplayer-cdn.tcgplayer.com/product/221694_200w.jpg,2,2689,https://cpt.tcgcsv.com/VHN2,2020-09-11T15:27:44.85,1,"2 Level 4 monsters
<br>When any player's monster declares an attack: You can detach 1 Xyz Material from this card; change that monster to Defense Position. During either player's turn, while this card is in your Graveyard: You can target 1 ""Utopia"" monster on the field; Special Summon this card in Defense Position, and if you do, attach that monster to this card as an Xyz Material. You can only use this effect of ""Number 98: Antitopian"" once per turn.",,0.05,0.35,1.49,0.25,0.25,1st Edition,DLCS-EN123,Common,DARK,Warior,Xyz/Effect Monster,2000,2500
221698,Cipher Wing,Cipher Wing,https://tcgplayer-cdn.tcgplayer.com/product/221698_200w.jpg,2,2689,https://cpt.tcgcsv.com/-HN2,2020-09-11T15:28:00.083,1,"If you control a ""Cipher"" monster, you can Special Summon this card (from your hand). You can Tribute this card; increase the Levels of all ""Cipher"" monsters you control by 4 until the end of this turn.",,0.05,0.24,1.09,0.17,0.14,1st Edition,DLCS-EN124,Common,LIGHT,Machine,Effect Monster,1400,1200
221700,Galaxy-Eyes Cipher Dragon,Galaxy Eyes Cipher Dragon,https://tcgplayer-cdn.tcgplayer.com/product/221700_200w.jpg,2,2689,https://cpt.tcgcsv.com/0JN2,2020-09-11T15:28:15.503,1,"2 Level 8 monsters
<br>Once per turn: You can detach 1 Xyz Material from this card, then target 1 face-up monster your opponent controls; monsters you control cannot attack your opponent directly for the rest of this turn, except this card, also take control of the targeted monster until the End Phase, but while this effect is applied, it has its effects negated, its ATK becomes 3000, also its name becomes ""Galaxy-Eyes Cipher Dragon"".",,2.97,4.6,8.39,4.72,,1st Edition,DLCS-EN125,Ultra Rare,LIGHT,Dragon,Xyz/Effect Monster,3000,2500
221701,Galaxy Stealth Dragon,Galaxy Stealth Dragon,https://tcgplayer-cdn.tcgplayer.com/product/221701_200w.jpg,2,2689,https://cpt.tcgcsv.com/2JN2,2020-09-11T15:28:32.767,1,"2 Level 4 Dragon-Type monsters
<br>Once per turn: You can detach 1 Xyz Material from this card; Special Summon 1 Dragon-Type monster from your hand. Your opponent cannot target other ""Galaxy"" cards you control with card effects, also those cards cannot be destroyed by your opponent's card effects.",,0.3,0.74,3.99,0.62,2.29,1st Edition,DLCS-EN126,Ultra Rare,DARK,Dragon,Xyz/Effect Monster,2000,1600
221702,Flower Cardian Pine,Flower Cardian Pine,https://tcgplayer-cdn.tcgplayer.com/product/221702_200w.jpg,2,2689,https://cpt.tcgcsv.com/3JN2,2024-07-26T17:30:33.387,1,"If this card is Normal Summoned: Draw 1 card, show it, then send it to the Graveyard unless it is a ""Flower Cardian"" monster. You can only use this effect of ""Flower Cardian Pine"" once per turn. If this card is destroyed by battle and sent to the Graveyard, or if this card in your possession is destroyed by an opponent's card effect and sent to your Graveyard: You can draw 1 card.",,0.18,0.35,1.49,0.32,0.5,1st Edition,DLCS-EN127,Common,DARK,Warrior,Effect Monster,100,100
221704,Flower Cardian Zebra Grass,Flower Cardian Zebra Grass,https://tcgplayer-cdn.tcgplayer.com/product/221704_200w.jpg,2,2689,https://cpt.tcgcsv.com/6JN2,2024-07-26T17:30:33.433,1,"While you control a Level 7 or lower ""Flower Cardian"" monster: You can Special Summon this card from your hand, also you cannot Normal or Special Summon monsters for the rest of this turn, except ""Flower Cardian"" monsters. If this card is Normal or Special Summoned: You can reveal any number of ""Flower Cardian"" monsters in your hand, shuffle them into the Deck, then draw the same number of cards.",,0.1,0.27,1.14,0.25,,1st Edition,DLCS-EN128,Common,DARK,Warrior,Effect Monster,100,100
221705,Flower Cardian Willow,Flower Cardian Willow,https://tcgplayer-cdn.tcgplayer.com/product/221705_200w.jpg,2,2689,https://cpt.tcgcsv.com/7JN2,2024-07-26T17:30:33.463,1,"While you control a Level 10 or lower ""Flower Cardian"" monster: You can Special Summon this card from your hand, also you cannot Normal or Special Summon monsters for the rest of this turn, except ""Flower Cardian"" monsters. Once per turn: You can target 1 ""Flower Cardian"" monster in your Graveyard; shuffle it into your Deck, then draw 1 card.",,0.12,0.3,1.14,0.24,0.28,1st Edition,DLCS-EN129,Common,DARK,Warrior,Effect Monster,100,100
221706,Flower Cardian Paulownia,Flower Cardian Paulownia,https://tcgplayer-cdn.tcgplayer.com/product/221706_200w.jpg,2,2689,https://cpt.tcgcsv.com/8JN2,2024-07-26T17:30:33.527,1,"While you control a Level 11 or lower ""Flower Cardian"" monster: You can Special Summon this card from your hand, also you cannot Normal or Special Summon monsters for the rest of this turn, except ""Flower Cardian"" monsters. When this card is targeted for an attack: You can negate the attack, end the Battle Phase, then draw 1 card.",,0.1,0.25,1.49,0.21,0.2,1st Edition,DLCS-EN130,Common,DARK,Warrior,Effect Monster,100,100
221707,Flower Cardian Pine with Crane,Flower Cardian Pine with Crane,https://tcgplayer-cdn.tcgplayer.com/product/221707_200w.jpg,2,2689,https://cpt.tcgcsv.com/9JN2,2024-07-26T17:30:33.603,1,"Cannot be Normal Summoned/Set. Must first be Special Summoned (from your hand) by Tributing 1 Level 1 ""Flower Cardian"" monster, except ""Flower Cardian Pine with Crane"". If this card is Special Summoned: Draw 1 card, and if you do, show it, then you can Special Summon it if it is a ""Flower Cardian"" monster. Otherwise, send it to the Graveyard. At the end of the Battle Phase, if this card battled: Draw 1 card.",,0.1,0.25,1.13,0.18,0.15,1st Edition,DLCS-EN131,Common,DARK,Warrior,Effect Monster,2000,2000
221709,Flower Cardian Zebra Grass with Moon,Flower Cardian Zebra Grass with Moon,https://tcgplayer-cdn.tcgplayer.com/product/221709_200w.jpg,2,2689,https://cpt.tcgcsv.com/cJN2,2020-09-11T15:30:23.873,1,"Cannot be Normal Summoned/Set. Must first be Special Summoned (from your hand) by Tributing 1 Level 8 ""Flower Cardian"" monster, except ""Flower Cardian Zebra Grass with Moon"". If this card is Special Summoned: Draw 1 card, and if you do, show it, then you can Special Summon it if it is a ""Flower Cardian"" monster. Otherwise, send it to the Graveyard. Once per turn, if this card destroys an opponent's monster by battle: You can draw 1 card.",,0.05,0.25,1.49,0.18,0.06,1st Edition,DLCS-EN132,Common,DARK,Warrior,Effect Monster,2000,2000
221710,Flower Cardian Willow with Calligrapher,Flower Cardian Willow with Calligrapher,https://tcgplayer-cdn.tcgplayer.com/product/221710_200w.jpg,2,2689,https://cpt.tcgcsv.com/dJN2,2024-07-26T17:30:33.65,1,"Cannot be Normal Summoned/Set. Must first be Special Summoned (from your hand) by Tributing 1 Level 11 ""Flower Cardian"" monster, except ""Flower Cardian Willow with Calligrapher"". If this card is Special Summoned: Draw 1 card, and if you do, show it, then you can Special Summon it if it is a ""Flower Cardian"" monster. Otherwise, send it to the Graveyard. When this card is used as Synchro Material, you can treat it and all other Synchro Materials (that have a Level) as Level 2 monsters.",,0.14,0.29,1.49,0.23,0.24,1st Edition,DLCS-EN133,Common,DARK,Warrior,Tuner/Effect Monster,2000,2000
221711,Flower Cardian Paulownia with Phoenix,Flower Cardian Paulownia with Phoenix,https://tcgplayer-cdn.tcgplayer.com/product/221711_200w.jpg,2,2689,https://cpt.tcgcsv.com/fJN2,2020-09-11T15:31:01.087,1,"Cannot be Normal Summoned/Set. Must first be Special Summoned (from your hand) by Tributing 1 Level 12 ""Flower Cardian"" monster, except ""Flower Cardian Paulownia with Phoenix"". If this card is Special Summoned: Draw 1 card, and if you do, show it, then you can Special Summon it if it is a ""Flower Cardian"" monster. Otherwise, send it to the Graveyard. Once per turn, when this card inflicts battle damage to your opponent: You can draw 1 card.",,0.07,0.25,1.44,0.17,,1st Edition,DLCS-EN134,Common,DARK,Warrior,Effect Monster,2000,2000
221713,Flower Cardian Lightshower,Flower Cardian Lightshower,https://tcgplayer-cdn.tcgplayer.com/product/221713_200w.jpg,2,2689,https://cpt.tcgcsv.com/hJN2,2024-06-07T19:57:24.883,1,"1 Tuner + 3 non-Tuner monsters
<br>Your opponent cannot target ""Flower Cardian"" monsters you control with card effects, also those monsters cannot be destroyed by card effects. During your opponent's Draw Phase, if they draw a card(s) for their normal draw: Inflict 1500 damage to your opponent. Once per turn, during your opponent's End Phase: Activate 1 of these effects;
<br>• Skip the Draw Phase of your next turn.
<br>• This card has its other effects negated until your opponent's next Standby Phase.",,0.31,1.08,9.89,1.04,,1st Edition,DLCS-EN135,Ultra Rare,DARK,Warrior,Synchro/Effect Monster,3000,3000
221714,Flower Gathering,Flower Gathering,https://tcgplayer-cdn.tcgplayer.com/product/221714_200w.jpg,2,2689,https://cpt.tcgcsv.com/jJN2,2024-07-26T17:30:33.697,1,"Special Summon 4 ""Flower Cardian"" monsters with 100 ATK and different names from your Deck in Attack Position, but they have their effects negated, also they cannot be Tributed for a Tribute Summon. You can only activate 1 ""Flower Gathering"" per turn. You cannot Normal or Special Summon other monsters during the turn you activate this card, except ""Flower Cardian"" monsters.",,0.11,0.25,1.14,0.23,0.19,1st Edition,DLCS-EN136,Common,SPELL,,Normal Spell,,
221715,The Seal of Orichalcos,The Seal of Orichalcos,https://tcgplayer-cdn.tcgplayer.com/product/221715_200w.jpg,2,2689,https://cpt.tcgcsv.com/kJN2,2020-09-11T15:33:44.127,1,"All monsters you control gain 500 ATK. Once per turn, this card cannot be destroyed by card effects. While you control 2 or more face-up Attack Position monsters, your opponent cannot target your monster(s) with the lowest ATK for an attack. If this card is activated: Destroy all Special Summoned monsters you control. You cannot Special Summon monsters from the Extra Deck. You can only activate ""The Seal of Orichalcos"" once per Duel.",,0.8,1.43,5.99,1.38,1.7,1st Edition,DLCS-EN137,Ultra Rare,SPELL,,Field Spell,,
221716,Snow Plow Hustle Rustle,Snow Plow Hustle Rustle,https://tcgplayer-cdn.tcgplayer.com/product/221716_200w.jpg,2,2689,https://cpt.tcgcsv.com/lJN2,2024-07-26T17:30:33.743,1,"When your opponent's monster declares a direct attack, while you control a card(s) in your Spell & Trap Zone: You can Special Summon this card from your hand, then destroy as many cards in your Spell & Trap Zone as possible, and if you do, inflict 200 damage to your opponent for each destroyed card. You cannot Special Summon any monsters, except Machine monsters.",,0.04,0.25,1.21,0.1,0.1,1st Edition,DLCS-EN138,Common,EARTH,Machine,Effect Monster,2500,3000
221717,Night Express Knight,Night Express Knight,https://tcgplayer-cdn.tcgplayer.com/product/221717_200w.jpg,2,2689,https://cpt.tcgcsv.com/mJN2,2024-07-26T17:30:33.79,1,"Cannot be Special Summoned from the Deck. You can Normal Summon this card without Tributing, but its original ATK becomes 0.",,0.24,0.47,3.93,0.32,,1st Edition,DLCS-EN139,Common,EARTH,Machine,Effect Monster,3000,3000
221718,Special Schedule,Special Schedule,https://tcgplayer-cdn.tcgplayer.com/product/221718_200w.jpg,2,2689,https://cpt.tcgcsv.com/nJN2,2024-07-26T17:30:33.86,1,"Target 1 Machine monster in your GY with 3000 or more ATK; Special Summon that target in Defense Position. If this Set card is sent from the field to the GY: You can target 1 Level 10 Machine monster in your GY; add that target to your hand. You can only activate 1 ""Special Schedule"" per turn.",,0.09,0.25,1.49,0.21,0.23,1st Edition,DLCS-EN140,Common,SPELL,,Normal Spell,,
221720,Orichalcos Shunoros,Orichalcos Shunoros,https://tcgplayer-cdn.tcgplayer.com/product/221720_200w.jpg,2,2689,https://cpt.tcgcsv.com/qJN2,2024-07-26T17:30:33.96,1,"This card cannot be Normal Summoned or Set. If a Normal Monster you control is destroyed by battle, you can Special Summon this card from your hand. This card gains 1000 ATK for each monster your opponent controls. Face-up Level 4 Normal Monsters on the field cannot be destroyed by card effects.",,0.12,0.35,1.14,0.4,0.5,1st Edition,DLCS-EN141,Common,DARK,Machine,Effect Monster,,0
221727,Divine Serpent Geh,Divine Serpent Geh,https://tcgplayer-cdn.tcgplayer.com/product/221727_200w.jpg,2,2689,https://cpt.tcgcsv.com/zJN2,2024-07-26T17:30:34.07,1,"Cannot be Normal Summoned/Set. Must be Special Summoned by its own effect. If a monster(s) you control is destroyed by an opponent's attack or card effect: You can pay half your LP; Special Summon this card from your hand. Cannot be targeted by card effects. If this card attacks an opponent's monster, during the Damage Step only, negate the effects of that monster while it is face-up on the field (but its effects can still be activated), also its ATK becomes half its original ATK. Once per battle, if this card battles, during damage calculation (Quick Effect): You can make this card's ATK become equal to the highest original ATK on the field (your choice, if tied).",,0.09,0.26,1.49,0.29,,1st Edition,DLCS-EN142,Common,DARK,Reptile,Effect Monster,,0
221729,Awakening of the Possessed - Gagigobyte,Awakening of the Possessed Gagigobyte,https://tcgplayer-cdn.tcgplayer.com/product/221729_200w.jpg,2,2689,https://cpt.tcgcsv.com/CJN2,2024-07-26T17:30:34.217,1,"You can Special Summon this card (from your hand or Deck) by sending 1 face-up Spellcaster monster and 1 face-up Level 4 or lower WATER monster you control to the GY. You can only use each of the following effects of ""Awakening of the Possessed - Gagigobyte"" once per turn.
<br>• When this card is Special Summoned by its effect: You can send 1 random card from your opponent's hand to the GY, then each player draws 1 card.
<br>• If this card is sent from the field to the GY: You can add 1 ""Spiritual Water Art"" card or 1 ""Possessed"" Spell/Trap from your Deck to your hand.",,0.2,0.51,9.0,0.42,0.3,Limited,DLCS-EN143,Secret Rare,WATER,Reptile,Effect Monster,2000,200
221731,Awakening of the Possessed - Rasenryu,Awakening of the Possessed Rasenryu,https://tcgplayer-cdn.tcgplayer.com/product/221731_200w.jpg,2,2689,https://cpt.tcgcsv.com/FJN2,2024-07-26T17:30:34.343,1,"You can Special Summon this card (from your hand or Deck) by sending 1 face-up Spellcaster monster and 1 face-up Level 4 or lower WIND monster you control to the GY. You can only use each of the following effects of ""Awakening of the Possessed - Rasenryu"" once per turn.
<br>• When this card is Special Summoned by its effect: You can return 1 card your opponent controls to the hand.
<br>• If this card is sent from the field to the GY: You can add 1 ""Spiritual Wind Art"" card or 1 ""Possessed"" Spell/Trap from your Deck to your hand.",,0.2,0.69,7.99,0.48,0.39,Limited,DLCS-EN144,Secret Rare,WIND,Dragon,Effect Monster,2000,200
221732,Xyz Import,Xyz Import,https://tcgplayer-cdn.tcgplayer.com/product/221732_200w.jpg,2,2689,https://cpt.tcgcsv.com/GJN2,2022-12-19T10:16:21.15,1,"Target 1 Xyz Monster you control and 1 monster your opponent controls with ATK less than or equal to it; attach that opponent's monster to your monster as material. You can only activate 1 ""Xyz Import"" per turn.",,0.24,1.07,8.86,1.02,1.2,Limited,DLCS-EN145,Secret Rare,SPELL,,Quick-Play Spell,,
221733,Hundred Dragon,Hundred Dragon,https://tcgplayer-cdn.tcgplayer.com/product/221733_200w.jpg,2,2689,https://cpt.tcgcsv.com/HJN2,2020-09-11T15:36:02.113,1,"Once per turn: You can have this card gain Levels equal to the number of cards you control, and if you do, it gains 100 ATK for each Level gained. These changes last until the end of this turn. If this card is sent to the GY: You can target 1 face-up monster you control that was Special Summoned from the Extra Deck; the first time that face-up monster would be destroyed by battle or card effect, it is not destroyed. You can only use this effect of ""Hundred Dragon"" once per turn.",,1.35,1.9,9.94,1.8,8.5,Limited,DLCS-EN146,Secret Rare,WIND,Dragon,Effect Monster,1800,1000
221734,Time Wizard of Tomorrow,Time Wizard of Tomorrow,https://tcgplayer-cdn.tcgplayer.com/product/221734_200w.jpg,2,2689,https://cpt.tcgcsv.com/JJN2,2020-09-11T15:36:16.68,1,"""Time Wizard"" + 1 Effect Monster
<br>Once per turn, while you control this Fusion Summoned card: You can toss a coin and call it. Destroy as many monsters on the field as possible, and if you do, inflict damage equal to half the total original ATK of the destroyed face-up monsters. If you called the coin toss right, your opponent takes the damage, if you called it wrong, you take the damage.",,3.24,4.6,25.0,4.78,4.27,Limited,DLCS-EN147,Secret Rare,LIGHT,Spellcaster,Fusion/Effect Monster,2000,1900
221737,Cyber Slash Harpie Lady,Cyber Slash Harpie Lady,https://tcgplayer-cdn.tcgplayer.com/product/221737_200w.jpg,2,2689,https://cpt.tcgcsv.com/MJN2,2020-09-11T15:36:30.67,1,"1 Tuner + 1+ non-Tuner monsters
<br>For this card's Synchro Summon, you can treat 1 ""Harpie"" monster you control as a Tuner. This card's name becomes ""Harpie Lady"" while on the field or in the GY. When a Spell/Trap Card or effect is activated (except during the Damage Step) (Quick Effect): You can target 1 monster your opponent controls or 1 ""Harpie"" monster you control; return it to the hand. You can only use this effect of ""Cyber Slash Harpie Lady"" once per turn.",,5.21,10.12,59.96,6.81,19.94,Limited,DLCS-EN148,Secret Rare,WIND,Winged Beast,Synchro/Effect Monster,2600,1400
221739,Jinzo - Layered,Jinzo Layered,https://tcgplayer-cdn.tcgplayer.com/product/221739_200w.jpg,2,2689,https://cpt.tcgcsv.com/PJN2,2021-12-30T21:53:11.16,1,"2 Level 6 monsters
<br>You can detach 1 material from this card, then target 1 face-up monster your opponent controls; take control of it until the End Phase, but it cannot activate its effects or declare an attack. If a Trap is on the field: You can Tribute 1 monster, and if you do, destroy 1 face-up card on the field. You can only use each effect of ""Jinzo - Layered"" once per turn.",,4.15,4.99,25.0,4.66,7.49,Limited,DLCS-EN149,Secret Rare,DARK,Machine,Xyz/Effect Monster,2400,1500
222051,Dragons of Legend: The Complete Series Display [1st Edition],Dragons of Legend The Complete Series Display 1st Edition,https://tcgplayer-cdn.tcgplayer.com/product/222051_200w.jpg,2,2689,https://cpt.tcgcsv.com/2RN2,2020-09-11T04:03:03.127,1,"Each display contains 8 Dragons of Legend: The Complete Series Booster Boxes.
<br>Each Booster Box contains the following:
<br>• 1 of 3 collectible dice
<br>• 1 of 7 Secret Rare variant cards
<br>• 2 Dragons of Legend: The Complete Series Booster Packs",,104.99,124.95,139.99,118.31,,Normal,,,,,,,
222235,Amulet Dragon (Blue),Amulet Dragon Blue,https://tcgplayer-cdn.tcgplayer.com/product/222235_200w.jpg,2,2689,https://cpt.tcgcsv.com/KVN2,2020-09-22T18:52:28.397,1,"""Dark Magician"" + 1 Dragon monster
<br>Must be Fusion Summoned with the above Fusion Materials or with ""The Eye of Timaeus"". If this card is Special Summoned: Target any number of Spells in any GY(s) (min.1); banish those targets, and if you do, this card gains 100 ATK for each card banished by this effect. If this card is destroyed: You can target 1 Spellcaster monster in your GY; Special Summon that target.",,0.49,0.9,2.99,0.82,,1st Edition,DLCS-EN005,Ultra Rare,DARK,Dragon,Fusion/Effect Monster,2900,2500
222236,Amulet Dragon (Green),Amulet Dragon Green,https://tcgplayer-cdn.tcgplayer.com/product/222236_200w.jpg,2,2689,https://cpt.tcgcsv.com/LVN2,2020-09-22T18:52:35.39,1,"""Dark Magician"" + 1 Dragon monster
<br>Must be Fusion Summoned with the above Fusion Materials or with ""The Eye of Timaeus"". If this card is Special Summoned: Target any number of Spells in any GY(s) (min.1); banish those targets, and if you do, this card gains 100 ATK for each card banished by this effect. If this card is destroyed: You can target 1 Spellcaster monster in your GY; Special Summon that target.",,0.25,0.99,19.99,0.95,19.97,1st Edition,DLCS-EN005,Ultra Rare,DARK,Dragon,Fusion/Effect Monster,2900,2500
222237,Amulet Dragon (Purple),Amulet Dragon Purple,https://tcgplayer-cdn.tcgplayer.com/product/222237_200w.jpg,2,2689,https://cpt.tcgcsv.com/MVN2,2020-09-22T18:52:43.48,1,"""Dark Magician"" + 1 Dragon monster
<br>Must be Fusion Summoned with the above Fusion Materials or with ""The Eye of Timaeus"". If this card is Special Summoned: Target any number of Spells in any GY(s) (min.1); banish those targets, and if you do, this card gains 100 ATK for each card banished by this effect. If this card is destroyed: You can target 1 Spellcaster monster in your GY; Special Summon that target.",,0.48,0.99,12.64,0.93,0.99,1st Edition,DLCS-EN005,Ultra Rare,DARK,Dragon,Fusion/Effect Monster,2900,2500
222238,Black Sonic (Blue),Black Sonic Blue,https://tcgplayer-cdn.tcgplayer.com/product/222238_200w.jpg,2,2689,https://cpt.tcgcsv.com/NVN2,2024-07-26T17:30:34.42,1,"When an opponent's monster declares an attack on a ""Blackwing"" monster you control: Banish all face-up Attack Position monsters your opponent controls. If you control exactly 3 ""Blackwing"" monsters (and no other monsters), you can activate this card from your hand.",,0.21,0.41,2.99,0.27,,1st Edition,DLCS-EN032,Ultra Rare,TRAP,,Normal Trap,,
222239,Black Sonic (Green),Black Sonic Green,https://tcgplayer-cdn.tcgplayer.com/product/222239_200w.jpg,2,2689,https://cpt.tcgcsv.com/PVN2,2020-09-22T19:00:12.193,1,"When an opponent's monster declares an attack on a ""Blackwing"" monster you control: Banish all face-up Attack Position monsters your opponent controls. If you control exactly 3 ""Blackwing"" monsters (and no other monsters), you can activate this card from your hand.",,0.21,0.45,2.99,0.34,,1st Edition,DLCS-EN032,Ultra Rare,TRAP,,Normal Trap,,
222240,Black Sonic (Purple),Black Sonic Purple,https://tcgplayer-cdn.tcgplayer.com/product/222240_200w.jpg,2,2689,https://cpt.tcgcsv.com/QVN2,2020-09-22T19:00:20.973,1,"When an opponent's monster declares an attack on a ""Blackwing"" monster you control: Banish all face-up Attack Position monsters your opponent controls. If you control exactly 3 ""Blackwing"" monsters (and no other monsters), you can activate this card from your hand.",,0.17,0.46,4.82,0.28,,1st Edition,DLCS-EN032,Ultra Rare,TRAP,,Normal Trap,,
222241,Comic Hand (Blue),Comic Hand Blue,https://tcgplayer-cdn.tcgplayer.com/product/222241_200w.jpg,2,2689,https://cpt.tcgcsv.com/RVN2,2020-09-22T22:03:25.067,1,"If you control ""Toon World"", equip to an opponent's monster. Take control of it. It is treated as a Toon monster. If your opponent controls no Toon monsters, it can attack your opponent directly. If ""Toon World"" is not on the field, destroy this card.",,2.0,2.55,17.0,3.12,9.99,1st Edition,DLCS-EN077,Ultra Rare,SPELL,,Equip Spell,,
222242,Comic Hand (Green),Comic Hand Green,https://tcgplayer-cdn.tcgplayer.com/product/222242_200w.jpg,2,2689,https://cpt.tcgcsv.com/SVN2,2020-09-22T22:03:37.76,1,"If you control ""Toon World"", equip to an opponent's monster. Take control of it. It is treated as a Toon monster. If your opponent controls no Toon monsters, it can attack your opponent directly. If ""Toon World"" is not on the field, destroy this card.",,1.74,3.35,9.99,3.27,,1st Edition,DLCS-EN077,Ultra Rare,SPELL,,Equip Spell,,
222243,Comic Hand (Purple),Comic Hand Purple,https://tcgplayer-cdn.tcgplayer.com/product/222243_200w.jpg,2,2689,https://cpt.tcgcsv.com/TVN2,2020-09-22T22:03:58.253,1,"If you control ""Toon World"", equip to an opponent's monster. Take control of it. It is treated as a Toon monster. If your opponent controls no Toon monsters, it can attack your opponent directly. If ""Toon World"" is not on the field, destroy this card.",,2.0,2.56,14.99,3.21,,1st Edition,DLCS-EN077,Ultra Rare,SPELL,,Equip Spell,,
222244,Dark Magician Girl the Dragon Knight (Blue),Dark Magician Girl the Dragon Knight Blue,https://tcgplayer-cdn.tcgplayer.com/product/222244_200w.jpg,2,2689,https://cpt.tcgcsv.com/VVN2,2022-06-06T08:41:36.787,1,"""Dark Magician Girl"" + 1 Dragon monster
<br>Must be Fusion Summoned with the above Fusion Materials or with ""The Eye of Timaeus"". Once per turn (Quick Effect): You can send 1 card from your hand to the GY, then target 1 face-up card on the field; destroy that target.",,1.54,2.63,7.98,2.63,5.99,1st Edition,DLCS-EN006,Ultra Rare,DARK,Dragon,Fusion/Effect Monster,2600,1700
222245,Dark Magician Girl the Dragon Knight (Green),Dark Magician Girl the Dragon Knight Green,https://tcgplayer-cdn.tcgplayer.com/product/222245_200w.jpg,2,2689,https://cpt.tcgcsv.com/WVN2,2024-02-05T06:15:50.47,1,"""Dark Magician Girl"" + 1 Dragon monster
<br>Must be Fusion Summoned with the above Fusion Materials or with ""The Eye of Timaeus"". Once per turn (Quick Effect): You can send 1 card from your hand to the GY, then target 1 face-up card on the field; destroy that target.",,1.95,2.75,9.99,2.39,8.72,1st Edition,DLCS-EN006,Ultra Rare,DARK,Dragon,Fusion/Effect Monster,2600,1700
222246,Dark Magician Girl the Dragon Knight (Purple),Dark Magician Girl the Dragon Knight Purple,https://tcgplayer-cdn.tcgplayer.com/product/222246_200w.jpg,2,2689,https://cpt.tcgcsv.com/XVN2,2022-12-28T12:46:18.243,1,"""Dark Magician Girl"" + 1 Dragon monster
<br>Must be Fusion Summoned with the above Fusion Materials or with ""The Eye of Timaeus"". Once per turn (Quick Effect): You can send 1 card from your hand to the GY, then target 1 face-up card on the field; destroy that target.",,1.15,2.92,9.99,2.66,9.99,1st Edition,DLCS-EN006,Ultra Rare,DARK,Dragon,Fusion/Effect Monster,2600,1700
222247,Dark Magician Girl the Dragon Knight (Alternate Art),Dark Magician Girl the Dragon Knight Alternate Art,https://tcgplayer-cdn.tcgplayer.com/product/222247_200w.jpg,2,2689,https://cpt.tcgcsv.com/ZVN2,2023-01-30T10:59:13.09,1,"""Dark Magician Girl"" + 1 Dragon monster
<br>Must be Fusion Summoned with the above Fusion Materials or with ""The Eye of Timaeus"". Once per turn (Quick Effect): You can send 1 card from your hand to the GY, then target 1 face-up card on the field; destroy that target.",,8.88,11.11,39.83,11.04,37.99,1st Edition,DLCS-EN006,Ultra Rare,DARK,Dragon,Fusion/Effect Monster,2600,1700
222248,Dark Magician Girl the Dragon Knight (Alternate Art) (Blue),Dark Magician Girl the Dragon Knight Alternate Art Blue,https://tcgplayer-cdn.tcgplayer.com/product/222248_200w.jpg,2,2689,https://cpt.tcgcsv.com/-VN2,2022-09-21T18:16:00.563,1,"""Dark Magician Girl"" + 1 Dragon monster
<br>Must be Fusion Summoned with the above Fusion Materials or with ""The Eye of Timaeus"". Once per turn (Quick Effect): You can send 1 card from your hand to the GY, then target 1 face-up card on the field; destroy that target.",,4.45,8.0,29.4,7.89,17.89,1st Edition,DLCS-EN006,Ultra Rare,DARK,Dragon,Fusion/Effect Monster,2600,1700
222249,Dark Magician Girl the Dragon Knight (Alternate Art) (Green),Dark Magician Girl the Dragon Knight Alternate Art Green,https://tcgplayer-cdn.tcgplayer.com/product/222249_200w.jpg,2,2689,https://cpt.tcgcsv.com/_VN2,2023-12-01T11:09:32.727,1,"""Dark Magician Girl"" + 1 Dragon monster
<br>Must be Fusion Summoned with the above Fusion Materials or with ""The Eye of Timaeus"". Once per turn (Quick Effect): You can send 1 card from your hand to the GY, then target 1 face-up card on the field; destroy that target.",,3.99,5.6,11.79,5.33,,1st Edition,DLCS-EN006,Ultra Rare,DARK,Dragon,Fusion/Effect Monster,2600,1700
222250,Dark Magician Girl the Dragon Knight (Alternate Art) (Purple),Dark Magician Girl the Dragon Knight Alternate Art Purple,https://tcgplayer-cdn.tcgplayer.com/product/222250_200w.jpg,2,2689,https://cpt.tcgcsv.com/0WN2,2020-09-22T18:56:06.49,1,"""Dark Magician Girl"" + 1 Dragon monster
<br>Must be Fusion Summoned with the above Fusion Materials or with ""The Eye of Timaeus"". Once per turn (Quick Effect): You can send 1 card from your hand to the GY, then target 1 face-up card on the field; destroy that target.",,3.95,6.13,24.01,5.32,5.05,1st Edition,DLCS-EN006,Ultra Rare,DARK,Dragon,Fusion/Effect Monster,2600,1700
222251,Doom Virus Dragon (Blue),Doom Virus Dragon Blue,https://tcgplayer-cdn.tcgplayer.com/product/222251_200w.jpg,2,2689,https://cpt.tcgcsv.com/2WN2,2024-07-26T17:30:34.843,1,"Must be Special Summoned with ""The Fang of Critias"", using ""Crush Card Virus"". If this card is Special Summoned: Look at your opponent's hand, all monsters they control, and all cards they draw until the end of their 3rd turn after this effect's activation, and destroy all those monsters with 1500 or more ATK.",,0.1,0.3,3.0,0.2,,1st Edition,DLCS-EN055,Ultra Rare,DARK,Dragon,Fusion/Effect Monster,1900,1500
222252,Doom Virus Dragon (Green),Doom Virus Dragon Green,https://tcgplayer-cdn.tcgplayer.com/product/222252_200w.jpg,2,2689,https://cpt.tcgcsv.com/3WN2,2020-09-22T21:32:21.403,1,"Must be Special Summoned with ""The Fang of Critias"", using ""Crush Card Virus"". If this card is Special Summoned: Look at your opponent's hand, all monsters they control, and all cards they draw until the end of their 3rd turn after this effect's activation, and destroy all those monsters with 1500 or more ATK.",,0.19,0.35,2.99,0.24,0.23,1st Edition,DLCS-EN055,Ultra Rare,DARK,Dragon,Fusion/Effect Monster,1900,1500
222253,Doom Virus Dragon (Purple),Doom Virus Dragon Purple,https://tcgplayer-cdn.tcgplayer.com/product/222253_200w.jpg,2,2689,https://cpt.tcgcsv.com/5WN2,2024-07-26T17:30:34.92,1,"Must be Special Summoned with ""The Fang of Critias"", using ""Crush Card Virus"". If this card is Special Summoned: Look at your opponent's hand, all monsters they control, and all cards they draw until the end of their 3rd turn after this effect's activation, and destroy all those monsters with 1500 or more ATK.",,0.1,0.35,2.99,0.2,,1st Edition,DLCS-EN055,Ultra Rare,DARK,Dragon,Fusion/Effect Monster,1900,1500
222254,Flower Cardian Lightshower (Blue),Flower Cardian Lightshower Blue,https://tcgplayer-cdn.tcgplayer.com/product/222254_200w.jpg,2,2689,https://cpt.tcgcsv.com/6WN2,2024-07-26T17:30:35,1,"1 Tuner + 3 non-Tuner monsters
<br>Your opponent cannot target ""Flower Cardian"" monsters you control with card effects, also those monsters cannot be destroyed by card effects. During your opponent's Draw Phase, if they draw a card(s) for their normal draw: Inflict 1500 damage to your opponent. Once per turn, during your opponent's End Phase: Activate 1 of these effects;
<br>• Skip the Draw Phase of your next turn.
<br>• This card has its other effects negated until your opponent's next Standby Phase.",,0.15,0.49,5.85,0.36,,1st Edition,DLCS-EN135,Ultra Rare,DARK,Warrior,Synchro/Effect Monster,3000,3000
222255,Flower Cardian Lightshower (Green),Flower Cardian Lightshower Green,https://tcgplayer-cdn.tcgplayer.com/product/222255_200w.jpg,2,2689,https://cpt.tcgcsv.com/7WN2,2020-09-22T22:41:47.66,1,"1 Tuner + 3 non-Tuner monsters
<br>Your opponent cannot target ""Flower Cardian"" monsters you control with card effects, also those monsters cannot be destroyed by card effects. During your opponent's Draw Phase, if they draw a card(s) for their normal draw: Inflict 1500 damage to your opponent. Once per turn, during your opponent's End Phase: Activate 1 of these effects;
<br>• Skip the Draw Phase of your next turn.
<br>• This card has its other effects negated until your opponent's next Standby Phase.",,0.1,0.47,3.33,0.26,,1st Edition,DLCS-EN135,Ultra Rare,DARK,Warrior,Synchro/Effect Monster,3000,3000
222256,Flower Cardian Lightshower (Purple),Flower Cardian Lightshower Purple,https://tcgplayer-cdn.tcgplayer.com/product/222256_200w.jpg,2,2689,https://cpt.tcgcsv.com/8WN2,2020-09-22T22:41:57.153,1,"1 Tuner + 3 non-Tuner monsters
<br>Your opponent cannot target ""Flower Cardian"" monsters you control with card effects, also those monsters cannot be destroyed by card effects. During your opponent's Draw Phase, if they draw a card(s) for their normal draw: Inflict 1500 damage to your opponent. Once per turn, during your opponent's End Phase: Activate 1 of these effects;
<br>• Skip the Draw Phase of your next turn.
<br>• This card has its other effects negated until your opponent's next Standby Phase.",,0.1,0.47,2.99,0.37,0.33,1st Edition,DLCS-EN135,Ultra Rare,DARK,Warrior,Synchro/Effect Monster,3000,3000
222257,Galaxy Stealth Dragon (Blue),Galaxy Stealth Dragon Blue,https://tcgplayer-cdn.tcgplayer.com/product/222257_200w.jpg,2,2689,https://cpt.tcgcsv.com/9WN2,2020-09-22T22:40:28.18,1,"2 Level 4 Dragon-Type monsters
<br>Once per turn: You can detach 1 Xyz Material from this card; Special Summon 1 Dragon-Type monster from your hand. Your opponent cannot target other ""Galaxy"" cards you control with card effects, also those cards cannot be destroyed by your opponent's card effects.",,0.16,0.48,2.99,0.42,,1st Edition,DLCS-EN126,Ultra Rare,DARK,Dragon,Xyz/Effect Monster,2000,1600
222258,Galaxy Stealth Dragon (Green),Galaxy Stealth Dragon Green,https://tcgplayer-cdn.tcgplayer.com/product/222258_200w.jpg,2,2689,https://cpt.tcgcsv.com/bWN2,2020-09-22T22:40:41.96,1,"2 Level 4 Dragon-Type monsters
<br>Once per turn: You can detach 1 Xyz Material from this card; Special Summon 1 Dragon-Type monster from your hand. Your opponent cannot target other ""Galaxy"" cards you control with card effects, also those cards cannot be destroyed by your opponent's card effects.",,0.25,0.48,3.0,0.39,,1st Edition,DLCS-EN126,Ultra Rare,DARK,Dragon,Xyz/Effect Monster,2000,1600
222259,Galaxy Stealth Dragon (Purple),Galaxy Stealth Dragon Purple,https://tcgplayer-cdn.tcgplayer.com/product/222259_200w.jpg,2,2689,https://cpt.tcgcsv.com/cWN2,2020-09-22T22:40:57.733,1,"2 Level 4 Dragon-Type monsters
<br>Once per turn: You can detach 1 Xyz Material from this card; Special Summon 1 Dragon-Type monster from your hand. Your opponent cannot target other ""Galaxy"" cards you control with card effects, also those cards cannot be destroyed by your opponent's card effects.",,0.19,0.49,9.99,0.37,0.39,1st Edition,DLCS-EN126,Ultra Rare,DARK,Dragon,Xyz/Effect Monster,2000,1600
222260,Galaxy-Eyes Cipher Dragon (Blue),Galaxy Eyes Cipher Dragon Blue,https://tcgplayer-cdn.tcgplayer.com/product/222260_200w.jpg,2,2689,https://cpt.tcgcsv.com/dWN2,2020-09-22T22:39:43.327,1,"2 Level 8 monsters
<br>Once per turn: You can detach 1 Xyz Material from this card, then target 1 face-up monster your opponent controls; monsters you control cannot attack your opponent directly for the rest of this turn, except this card, also take control of the targeted monster until the End Phase, but while this effect is applied, it has its effects negated, its ATK becomes 3000, also its name becomes ""Galaxy-Eyes Cipher Dragon"".",,2.16,3.5,29.99,1.95,16.23,1st Edition,DLCS-EN125,Ultra Rare,LIGHT,Dragon,Xyz/Effect Monster,3000,2500
222261,Galaxy-Eyes Cipher Dragon (Green),Galaxy Eyes Cipher Dragon Green,https://tcgplayer-cdn.tcgplayer.com/product/222261_200w.jpg,2,2689,https://cpt.tcgcsv.com/fWN2,2020-09-22T22:40:16.07,1,"2 Level 8 monsters
<br>Once per turn: You can detach 1 Xyz Material from this card, then target 1 face-up monster your opponent controls; monsters you control cannot attack your opponent directly for the rest of this turn, except this card, also take control of the targeted monster until the End Phase, but while this effect is applied, it has its effects negated, its ATK becomes 3000, also its name becomes ""Galaxy-Eyes Cipher Dragon"".",,1.5,2.36,14.99,2.5,1.5,1st Edition,DLCS-EN125,Ultra Rare,LIGHT,Dragon,Xyz/Effect Monster,3000,2500
222262,Galaxy-Eyes Cipher Dragon (Purple),Galaxy Eyes Cipher Dragon Purple,https://tcgplayer-cdn.tcgplayer.com/product/222262_200w.jpg,2,2689,https://cpt.tcgcsv.com/gWN2,2023-11-11T13:12:28.5,1,"2 Level 8 monsters
<br>Once per turn: You can detach 1 Xyz Material from this card, then target 1 face-up monster your opponent controls; monsters you control cannot attack your opponent directly for the rest of this turn, except this card, also take control of the targeted monster until the End Phase, but while this effect is applied, it has its effects negated, its ATK becomes 3000, also its name becomes ""Galaxy-Eyes Cipher Dragon"".",,1.57,2.58,19.99,1.91,1.82,1st Edition,DLCS-EN125,Ultra Rare,LIGHT,Dragon,Xyz/Effect Monster,3000,2500
222263,Kuribandit (Blue),Kuribandit Blue,https://tcgplayer-cdn.tcgplayer.com/product/222263_200w.jpg,2,2689,https://cpt.tcgcsv.com/hWN2,2020-09-22T18:50:07.307,1,"During the End Phase, if this card was Normal Summoned this turn: You can Tribute this card; excavate the top 5 cards of your Deck, you can add 1 excavated Spell/Trap to your hand, also send the remaining cards to the GY",,0.1,0.35,2.99,0.27,0.25,1st Edition,DLCS-EN004,Ultra Rare,DARK,Fiend,Effect Monster,1000,700
222264,Kuribandit (Green),Kuribandit Green,https://tcgplayer-cdn.tcgplayer.com/product/222264_200w.jpg,2,2689,https://cpt.tcgcsv.com/jWN2,2024-07-26T17:30:35.063,1,"During the End Phase, if this card was Normal Summoned this turn: You can Tribute this card; excavate the top 5 cards of your Deck, you can add 1 excavated Spell/Trap to your hand, also send the remaining cards to the GY",,0.1,0.42,2.99,0.27,,1st Edition,DLCS-EN004,Ultra Rare,DARK,Fiend,Effect Monster,1000,700
222265,Kuribandit (Purple),Kuribandit Purple,https://tcgplayer-cdn.tcgplayer.com/product/222265_200w.jpg,2,2689,https://cpt.tcgcsv.com/kWN2,2024-07-26T17:30:35.117,1,"During the End Phase, if this card was Normal Summoned this turn: You can Tribute this card; excavate the top 5 cards of your Deck, you can add 1 excavated Spell/Trap to your hand, also send the remaining cards to the GY",,0.15,0.35,2.99,0.24,,1st Edition,DLCS-EN004,Ultra Rare,DARK,Fiend,Effect Monster,1000,700
222266,Legendary Knight Critias (Blue),Legendary Knight Critias Blue,https://tcgplayer-cdn.tcgplayer.com/product/222266_200w.jpg,2,2689,https://cpt.tcgcsv.com/lWN2,2020-09-22T18:46:51.45,1,"Cannot be Normal Summoned/Set. Must be Special Summoned with ""Legend of Heart"". When this card is Special Summoned: You can target 1 face-up Spell/Trap on the field; banish that target. When this card is targeted for an attack: You can target 1 Trap in your GY; Set that target. It can be activated this turn.",,0.1,0.32,2.99,0.25,0.27,1st Edition,DLCS-EN002,Ultra Rare,LIGHT,Warrior,Effect Monster,2800,1800
222267,Legendary Knight Critias (Green),Legendary Knight Critias Green,https://tcgplayer-cdn.tcgplayer.com/product/222267_200w.jpg,2,2689,https://cpt.tcgcsv.com/mWN2,2024-07-26T17:30:35.16,1,"Cannot be Normal Summoned/Set. Must be Special Summoned with ""Legend of Heart"". When this card is Special Summoned: You can target 1 face-up Spell/Trap on the field; banish that target. When this card is targeted for an attack: You can target 1 Trap in your GY; Set that target. It can be activated this turn.",,0.15,0.44,2.99,0.23,,1st Edition,DLCS-EN002,Ultra Rare,LIGHT,Warrior,Effect Monster,2800,1800
222268,Legendary Knight Critias (Purple),Legendary Knight Critias Purple,https://tcgplayer-cdn.tcgplayer.com/product/222268_200w.jpg,2,2689,https://cpt.tcgcsv.com/nWN2,2024-07-26T17:30:35.213,1,"Cannot be Normal Summoned/Set. Must be Special Summoned with ""Legend of Heart"". When this card is Special Summoned: You can target 1 face-up Spell/Trap on the field; banish that target. When this card is targeted for an attack: You can target 1 Trap in your GY; Set that target. It can be activated this turn.",,0.1,0.35,2.99,0.3,0.24,1st Edition,DLCS-EN002,Ultra Rare,LIGHT,Warrior,Effect Monster,2800,1800
222269,Legendary Knight Hermos (Blue),Legendary Knight Hermos Blue,https://tcgplayer-cdn.tcgplayer.com/product/222269_200w.jpg,2,2689,https://cpt.tcgcsv.com/pWN2,2020-09-22T18:47:24.44,1,"Cannot be Normal Summoned/Set. Must be Special Summoned with ""Legend of Heart"". When this card is Special Summoned: You can target 1 face-up Spell/Trap on the field; banish that target. Once per turn, when this card is targeted for an attack: You can target 1 Effect Monster in your GY; until the End Phase of your next turn, this card's name becomes that target's original name, and replace this effect with that target's original effects.",,0.1,0.4,2.99,0.35,0.34,1st Edition,DLCS-EN003,Ultra Rare,LIGHT,Warrior,Effect Monster,2800,1800
222270,Legendary Knight Hermos (Green),Legendary Knight Hermos Green,https://tcgplayer-cdn.tcgplayer.com/product/222270_200w.jpg,2,2689,https://cpt.tcgcsv.com/qWN2,2024-07-26T17:30:35.26,1,"Cannot be Normal Summoned/Set. Must be Special Summoned with ""Legend of Heart"". When this card is Special Summoned: You can target 1 face-up Spell/Trap on the field; banish that target. Once per turn, when this card is targeted for an attack: You can target 1 Effect Monster in your GY; until the End Phase of your next turn, this card's name becomes that target's original name, and replace this effect with that target's original effects.",,0.05,0.33,2.99,0.24,,1st Edition,DLCS-EN003,Ultra Rare,LIGHT,Warrior,Effect Monster,2800,1800
222271,Legendary Knight Hermos (Purple),Legendary Knight Hermos Purple,https://tcgplayer-cdn.tcgplayer.com/product/222271_200w.jpg,2,2689,https://cpt.tcgcsv.com/rWN2,2024-07-26T17:30:35.307,1,"Cannot be Normal Summoned/Set. Must be Special Summoned with ""Legend of Heart"". When this card is Special Summoned: You can target 1 face-up Spell/Trap on the field; banish that target. Once per turn, when this card is targeted for an attack: You can target 1 Effect Monster in your GY; until the End Phase of your next turn, this card's name becomes that target's original name, and replace this effect with that target's original effects.",,0.1,0.34,2.99,0.23,,1st Edition,DLCS-EN003,Ultra Rare,LIGHT,Warrior,Effect Monster,2800,1800
222272,Legendary Knight Timaeus (Blue),Legendary Knight Timaeus Blue,https://tcgplayer-cdn.tcgplayer.com/product/222272_200w.jpg,2,2689,https://cpt.tcgcsv.com/sWN2,2024-07-26T17:30:35.357,1,"Cannot be Normal Summoned/Set. Must be Special Summoned with ""Legend of Heart"". When this card is Special Summoned: You can target 1 face-up Spell/Trap on the field; banish that target. When this card is targeted for an attack: You can target 1 Spell in your GY; Set that target.",,0.23,0.45,2.99,0.37,,1st Edition,DLCS-EN001,Ultra Rare,LIGHT,Warrior,Effect Monster,2800,1800
222273,Legendary Knight Timaeus (Green),Legendary Knight Timaeus Green,https://tcgplayer-cdn.tcgplayer.com/product/222273_200w.jpg,2,2689,https://cpt.tcgcsv.com/tWN2,2024-07-26T17:30:35.397,1,"Cannot be Normal Summoned/Set. Must be Special Summoned with ""Legend of Heart"". When this card is Special Summoned: You can target 1 face-up Spell/Trap on the field; banish that target. When this card is targeted for an attack: You can target 1 Spell in your GY; Set that target.",,0.12,0.4,2.99,0.27,,1st Edition,DLCS-EN001,Ultra Rare,LIGHT,Warrior,Effect Monster,2800,1800
222274,Legendary Knight Timaeus (Purple),Legendary Knight Timaeus Purple,https://tcgplayer-cdn.tcgplayer.com/product/222274_200w.jpg,2,2689,https://cpt.tcgcsv.com/vWN2,2024-07-26T17:30:35.443,1,"Cannot be Normal Summoned/Set. Must be Special Summoned with ""Legend of Heart"". When this card is Special Summoned: You can target 1 face-up Spell/Trap on the field; banish that target. When this card is targeted for an attack: You can target 1 Spell in your GY; Set that target.",,0.13,0.44,3.0,0.26,,1st Edition,DLCS-EN001,Ultra Rare,LIGHT,Warrior,Effect Monster,2800,1800
222275,Mathematician (Blue),Mathematician Blue,https://tcgplayer-cdn.tcgplayer.com/product/222275_200w.jpg,2,2689,https://cpt.tcgcsv.com/wWN2,2024-07-26T17:30:35.49,1,When this card is Normal Summoned: You can send 1 Level 4 or lower monster from your Deck to the GY. When this card is destroyed by battle and sent to the GY: You can draw 1 card.,,0.15,0.5,2.99,0.37,0.99,1st Edition,DLCS-EN025,Ultra Rare,EARTH,Spellcaster,Effect Monster,1500,500
222276,Mathematician (Green),Mathematician Green,https://tcgplayer-cdn.tcgplayer.com/product/222276_200w.jpg,2,2689,https://cpt.tcgcsv.com/xWN2,2020-09-22T18:58:48.643,1,When this card is Normal Summoned: You can send 1 Level 4 or lower monster from your Deck to the GY. When this card is destroyed by battle and sent to the GY: You can draw 1 card.,,0.11,0.4,2.99,0.23,,1st Edition,DLCS-EN025,Ultra Rare,EARTH,Spellcaster,Effect Monster,1500,500
222277,Mathematician (Purple),Mathematician Purple,https://tcgplayer-cdn.tcgplayer.com/product/222277_200w.jpg,2,2689,https://cpt.tcgcsv.com/zWN2,2024-07-26T17:30:35.537,1,When this card is Normal Summoned: You can send 1 Level 4 or lower monster from your Deck to the GY. When this card is destroyed by battle and sent to the GY: You can draw 1 card.,,0.14,0.35,2.99,0.29,0.28,1st Edition,DLCS-EN025,Ultra Rare,EARTH,Spellcaster,Effect Monster,1500,500
222278,Mimicat (Blue),Mimicat Blue,https://tcgplayer-cdn.tcgplayer.com/product/222278_200w.jpg,2,2689,https://cpt.tcgcsv.com/BWN2,2020-09-22T22:08:03.443,1,"If you control ""Toon World"" and a Toon monster: Target 1 card in your opponent's GY; if it is a monster, Special Summon it to your field, or if it is a Spell/Trap, Set it to your field. You can only activate 1 ""Mimicat"" per turn.",,0.95,1.63,8.0,1.68,,1st Edition,DLCS-EN078,Ultra Rare,SPELL,,Normal Spell,,
222279,Mimicat (Green),Mimicat Green,https://tcgplayer-cdn.tcgplayer.com/product/222279_200w.jpg,2,2689,https://cpt.tcgcsv.com/CWN2,2020-09-22T22:08:17.333,1,"If you control ""Toon World"" and a Toon monster: Target 1 card in your opponent's GY; if it is a monster, Special Summon it to your field, or if it is a Spell/Trap, Set it to your field. You can only activate 1 ""Mimicat"" per turn.",,1.24,2.03,9.99,2.25,,1st Edition,DLCS-EN078,Ultra Rare,SPELL,,Normal Spell,,
222280,Mimicat (Purple),Mimicat Purple,https://tcgplayer-cdn.tcgplayer.com/product/222280_200w.jpg,2,2689,https://cpt.tcgcsv.com/DWN2,2020-09-22T22:08:50.147,1,"If you control ""Toon World"" and a Toon monster: Target 1 card in your opponent's GY; if it is a monster, Special Summon it to your field, or if it is a Spell/Trap, Set it to your field. You can only activate 1 ""Mimicat"" per turn.",,1.0,1.5,8.99,1.33,,1st Edition,DLCS-EN078,Ultra Rare,SPELL,,Normal Spell,,
222281,Number 100: Numeron Dragon (Blue),Number 100 Numeron Dragon Blue,https://tcgplayer-cdn.tcgplayer.com/product/222281_200w.jpg,2,2689,https://cpt.tcgcsv.com/FWN2,2020-09-22T22:15:40.037,1,"2 ""Number"" Xyz Monsters with the same name and Rank
<br>Once per turn: You can detach 1 Xyz Material from this card; this card gains ATK equal to the combined Ranks of all Xyz Monsters currently on the field x 1000, until the end of your opponent's turn. When this card is destroyed by card effect: You can destroy as many monsters on the field as possible (min. 1), then each player Sets 1 Spell/Trap Card from their Graveyard to their field. When an opponent's monster declares an attack while this card is in your Graveyard and you have no cards in your hand or field: You can Special Summon this card.",,0.13,0.5,11.31,0.37,0.37,1st Edition,DLCS-EN117,Ultra Rare,LIGHT,Dragon,Xyz/Effect Monster,0,0
222282,Number 100: Numeron Dragon (Green),Number 100 Numeron Dragon Green,https://tcgplayer-cdn.tcgplayer.com/product/222282_200w.jpg,2,2689,https://cpt.tcgcsv.com/GWN2,2020-09-22T22:15:57.883,1,"2 ""Number"" Xyz Monsters with the same name and Rank
<br>Once per turn: You can detach 1 Xyz Material from this card; this card gains ATK equal to the combined Ranks of all Xyz Monsters currently on the field x 1000, until the end of your opponent's turn. When this card is destroyed by card effect: You can destroy as many monsters on the field as possible (min. 1), then each player Sets 1 Spell/Trap Card from their Graveyard to their field. When an opponent's monster declares an attack while this card is in your Graveyard and you have no cards in your hand or field: You can Special Summon this card.",,0.29,0.49,11.99,0.43,0.43,1st Edition,DLCS-EN117,Ultra Rare,LIGHT,Dragon,Xyz/Effect Monster,0,0
222283,Number 100: Numeron Dragon (Purple),Number 100 Numeron Dragon Purple,https://tcgplayer-cdn.tcgplayer.com/product/222283_200w.jpg,2,2689,https://cpt.tcgcsv.com/HWN2,2020-09-22T22:16:09.517,1,"2 ""Number"" Xyz Monsters with the same name and Rank
<br>Once per turn: You can detach 1 Xyz Material from this card; this card gains ATK equal to the combined Ranks of all Xyz Monsters currently on the field x 1000, until the end of your opponent's turn. When this card is destroyed by card effect: You can destroy as many monsters on the field as possible (min. 1), then each player Sets 1 Spell/Trap Card from their Graveyard to their field. When an opponent's monster declares an attack while this card is in your Graveyard and you have no cards in your hand or field: You can Special Summon this card.",,0.13,0.6,9.0,0.38,0.35,1st Edition,DLCS-EN117,Ultra Rare,LIGHT,Dragon,Xyz/Effect Monster,0,0
222284,Number 24: Dragulas the Vampiric Dragon (Blue),Number 24 Dragulas the Vampiric Dragon Blue,https://tcgplayer-cdn.tcgplayer.com/product/222284_200w.jpg,2,2689,https://cpt.tcgcsv.com/JWN2,2020-09-22T22:16:36.373,1,"2 Level 6 monsters
<br>Once per turn, during either player's turn: You can detach 1 Xyz Material from this card, then target 1 face-up monster on the field that was Special Summoned from the Extra Deck; change it to face-down Defense Position. If this face-up card in its owner's control is sent to your Graveyard or banished by your opponent's card effect: You can Special Summon this card in face-down Defense Position. If this card is flipped face-up: Send 1 card on the field to the Graveyard.",,0.44,0.89,7.0,0.72,4.99,1st Edition,DLCS-EN118,Ultra Rare,DARK,Wyrm,Xyz/Effect Monster,2400,2800
222285,Number 24: Dragulas the Vampiric Dragon (Green),Number 24 Dragulas the Vampiric Dragon Green,https://tcgplayer-cdn.tcgplayer.com/product/222285_200w.jpg,2,2689,https://cpt.tcgcsv.com/KWN2,2024-07-26T17:30:35.6,1,"2 Level 6 monsters
<br>Once per turn, during either player's turn: You can detach 1 Xyz Material from this card, then target 1 face-up monster on the field that was Special Summoned from the Extra Deck; change it to face-down Defense Position. If this face-up card in its owner's control is sent to your Graveyard or banished by your opponent's card effect: You can Special Summon this card in face-down Defense Position. If this card is flipped face-up: Send 1 card on the field to the Graveyard.",,0.59,0.87,3.99,0.61,,1st Edition,DLCS-EN118,Ultra Rare,DARK,Wyrm,Xyz/Effect Monster,2400,2800
222286,Number 24: Dragulas the Vampiric Dragon (Purple),Number 24 Dragulas the Vampiric Dragon Purple,https://tcgplayer-cdn.tcgplayer.com/product/222286_200w.jpg,2,2689,https://cpt.tcgcsv.com/LWN2,2020-09-22T22:35:53.633,1,"2 Level 6 monsters
<br>Once per turn, during either player's turn: You can detach 1 Xyz Material from this card, then target 1 face-up monster on the field that was Special Summoned from the Extra Deck; change it to face-down Defense Position. If this face-up card in its owner's control is sent to your Graveyard or banished by your opponent's card effect: You can Special Summon this card in face-down Defense Position. If this card is flipped face-up: Send 1 card on the field to the Graveyard.",,0.2,0.99,3.99,1.09,0.4,1st Edition,DLCS-EN118,Ultra Rare,DARK,Wyrm,Xyz/Effect Monster,2400,2800
222287,Number 45: Crumble Logos the Prophet of Demolition (Blue),Number 45 Crumble Logos the Prophet of Demolition Blue,https://tcgplayer-cdn.tcgplayer.com/product/222287_200w.jpg,2,2689,https://cpt.tcgcsv.com/MWN2,2024-07-26T17:30:35.663,1,"2 or more Level 2 monsters
<br>Once per turn: You can detach 1 Xyz Material from this card, then target 1 other face-up card on the field; while this monster is face-up on the field, that target has its effects negated. While that target is on the field, cards with the same name as that target, and their effects, cannot be activated.",,0.2,0.5,4.74,0.48,,1st Edition,DLCS-EN119,Ultra Rare,EARTH,Zombie,Xyz/Effect Monster,2200,0
222288,Number 45: Crumble Logos the Prophet of Demolition (Green),Number 45 Crumble Logos the Prophet of Demolition Green,https://tcgplayer-cdn.tcgplayer.com/product/222288_200w.jpg,2,2689,https://cpt.tcgcsv.com/NWN2,2020-09-22T22:39:12.367,1,"2 or more Level 2 monsters
<br>Once per turn: You can detach 1 Xyz Material from this card, then target 1 other face-up card on the field; while this monster is face-up on the field, that target has its effects negated. While that target is on the field, cards with the same name as that target, and their effects, cannot be activated.",,0.21,0.5,4.74,0.59,,1st Edition,DLCS-EN119,Ultra Rare,EARTH,Zombie,Xyz/Effect Monster,2200,0
222289,Number 45: Crumble Logos the Prophet of Demolition (Purple),Number 45 Crumble Logos the Prophet of Demolition Purple,https://tcgplayer-cdn.tcgplayer.com/product/222289_200w.jpg,2,2689,https://cpt.tcgcsv.com/PWN2,2020-09-22T22:39:22.423,1,"2 or more Level 2 monsters
<br>Once per turn: You can detach 1 Xyz Material from this card, then target 1 other face-up card on the field; while this monster is face-up on the field, that target has its effects negated. While that target is on the field, cards with the same name as that target, and their effects, cannot be activated.",,0.23,0.47,4.74,0.43,,1st Edition,DLCS-EN119,Ultra Rare,EARTH,Zombie,Xyz/Effect Monster,2200,0
222290,Paladin of Dark Dragon (Blue),Paladin of Dark Dragon Blue,https://tcgplayer-cdn.tcgplayer.com/product/222290_200w.jpg,2,2689,https://cpt.tcgcsv.com/QWN2,2024-07-26T17:30:35.7,1,"You can Ritual Summon this card with ""Dark Dragon Ritual"". At the start of the Damage Step, if this card attacks a Defense Position monster: Destroy that monster. You can Tribute this card; Special Summon 1 ""Red-Eyes"" monster from your hand or Deck, except ""Red-Eyes B. Chick"". You can only use this effect of ""Paladin of Dark Dragon"" once per turn.",,0.1,0.48,2.99,0.34,,1st Edition,DLCS-EN069,Ultra Rare,DARK,Dragon,Ritual/Effect Monster,1900,1200
222291,Paladin of Dark Dragon (Green),Paladin of Dark Dragon Green,https://tcgplayer-cdn.tcgplayer.com/product/222291_200w.jpg,2,2689,https://cpt.tcgcsv.com/RWN2,2024-07-26T17:30:35.747,1,"You can Ritual Summon this card with ""Dark Dragon Ritual"". At the start of the Damage Step, if this card attacks a Defense Position monster: Destroy that monster. You can Tribute this card; Special Summon 1 ""Red-Eyes"" monster from your hand or Deck, except ""Red-Eyes B. Chick"". You can only use this effect of ""Paladin of Dark Dragon"" once per turn.",,0.2,0.47,2.99,0.32,,1st Edition,DLCS-EN069,Ultra Rare,DARK,Dragon,Ritual/Effect Monster,1900,1200
222292,Paladin of Dark Dragon (Purple),Paladin of Dark Dragon Purple,https://tcgplayer-cdn.tcgplayer.com/product/222292_200w.jpg,2,2689,https://cpt.tcgcsv.com/SWN2,2024-07-26T17:30:35.793,1,"You can Ritual Summon this card with ""Dark Dragon Ritual"". At the start of the Damage Step, if this card attacks a Defense Position monster: Destroy that monster. You can Tribute this card; Special Summon 1 ""Red-Eyes"" monster from your hand or Deck, except ""Red-Eyes B. Chick"". You can only use this effect of ""Paladin of Dark Dragon"" once per turn.",,0.2,0.49,2.99,0.38,,1st Edition,DLCS-EN069,Ultra Rare,DARK,Dragon,Ritual/Effect Monster,1900,1200
222293,Ra's Disciple (Blue),Ras Disciple Blue,https://tcgplayer-cdn.tcgplayer.com/product/222293_200w.jpg,2,2689,https://cpt.tcgcsv.com/TWN2,2020-09-22T18:59:12.027,1,"When this card is Summoned: You can Special Summon up to 2 ""Ra's Disciple"" from your hand and/or Deck. Cannot be Tributed, except for the Tribute Summon of ""Slifer the Sky Dragon"", ""Obelisk the Tormentor"", or ""The Winged Dragon of Ra"". You cannot Special Summon monsters, except by the effect of ""Ra's Disciple"".",,0.29,0.49,2.99,0.37,,1st Edition,DLCS-EN026,Ultra Rare,LIGHT,Fairy,Effect Monster,1100,600
222294,Ra's Disciple (Green),Ras Disciple Green,https://tcgplayer-cdn.tcgplayer.com/product/222294_200w.jpg,2,2689,https://cpt.tcgcsv.com/VWN2,2024-07-26T17:30:35.85,1,"When this card is Summoned: You can Special Summon up to 2 ""Ra's Disciple"" from your hand and/or Deck. Cannot be Tributed, except for the Tribute Summon of ""Slifer the Sky Dragon"", ""Obelisk the Tormentor"", or ""The Winged Dragon of Ra"". You cannot Special Summon monsters, except by the effect of ""Ra's Disciple"".",,0.1,0.49,2.99,0.28,,1st Edition,DLCS-EN026,Ultra Rare,LIGHT,Fairy,Effect Monster,1100,600
222295,Ra's Disciple (Purple),Ras Disciple Purple,https://tcgplayer-cdn.tcgplayer.com/product/222295_200w.jpg,2,2689,https://cpt.tcgcsv.com/WWN2,2024-07-26T17:30:35.897,1,"When this card is Summoned: You can Special Summon up to 2 ""Ra's Disciple"" from your hand and/or Deck. Cannot be Tributed, except for the Tribute Summon of ""Slifer the Sky Dragon"", ""Obelisk the Tormentor"", or ""The Winged Dragon of Ra"". You cannot Special Summon monsters, except by the effect of ""Ra's Disciple"".",,0.09,0.45,3.0,0.41,,1st Edition,DLCS-EN026,Ultra Rare,LIGHT,Fairy,Effect Monster,1100,600
222296,Rank-Up-Magic Quick Chaos (Blue),Rank Up Magic Quick Chaos Blue,https://tcgplayer-cdn.tcgplayer.com/product/222296_200w.jpg,2,2689,https://cpt.tcgcsv.com/XWN2,2020-09-22T21:29:50.877,1,"Target 1 ""Number"" Xyz Monster you control, except a ""Number C"" monster; Special Summon from your Extra Deck, 1 ""Number C"" monster with the same number in its name as that target, but 1 Rank higher, by using it as the Xyz Material. (This Special Summon is treated as an Xyz Summon. Xyz Materials attached to that target also become Xyz Materials on the Summoned monster.)",,0.15,0.47,2.99,0.32,0.21,1st Edition,DLCS-EN044,Ultra Rare,SPELL,,Quick-Play Spell,,
222297,Rank-Up-Magic Quick Chaos (Green),Rank Up Magic Quick Chaos Green,https://tcgplayer-cdn.tcgplayer.com/product/222297_200w.jpg,2,2689,https://cpt.tcgcsv.com/ZWN2,2024-07-26T17:30:35.957,1,"Target 1 ""Number"" Xyz Monster you control, except a ""Number C"" monster; Special Summon from your Extra Deck, 1 ""Number C"" monster with the same number in its name as that target, but 1 Rank higher, by using it as the Xyz Material. (This Special Summon is treated as an Xyz Summon. Xyz Materials attached to that target also become Xyz Materials on the Summoned monster.)",,0.15,0.36,2.99,0.27,,1st Edition,DLCS-EN044,Ultra Rare,SPELL,,Quick-Play Spell,,
222298,Rank-Up-Magic Quick Chaos (Purple),Rank Up Magic Quick Chaos Purple,https://tcgplayer-cdn.tcgplayer.com/product/222298_200w.jpg,2,2689,https://cpt.tcgcsv.com/-WN2,2024-07-26T17:30:36.003,1,"Target 1 ""Number"" Xyz Monster you control, except a ""Number C"" monster; Special Summon from your Extra Deck, 1 ""Number C"" monster with the same number in its name as that target, but 1 Rank higher, by using it as the Xyz Material. (This Special Summon is treated as an Xyz Summon. Xyz Materials attached to that target also become Xyz Materials on the Summoned monster.)",,0.1,0.4,2.99,0.28,0.27,1st Edition,DLCS-EN044,Ultra Rare,SPELL,,Quick-Play Spell,,
222299,Shadow Toon (Blue),Shadow Toon Blue,https://tcgplayer-cdn.tcgplayer.com/product/222299_200w.jpg,2,2689,https://cpt.tcgcsv.com/_WN2,2020-09-22T22:02:10.243,1,"If you control ""Toon World"": Target 1 face-up monster your opponent controls; inflict damage to your opponent equal to the ATK of that face-up monster. You can only activate 1 ""Shadow Toon"" per turn.",,0.49,0.69,2.99,0.65,,1st Edition,DLCS-EN076,Ultra Rare,SPELL,,Normal Spell,,
222300,Shadow Toon (Green),Shadow Toon Green,https://tcgplayer-cdn.tcgplayer.com/product/222300_200w.jpg,2,2689,https://cpt.tcgcsv.com/0XN2,2020-09-22T22:02:24.567,1,"If you control ""Toon World"": Target 1 face-up monster your opponent controls; inflict damage to your opponent equal to the ATK of that face-up monster. You can only activate 1 ""Shadow Toon"" per turn.",,0.57,0.67,2.99,0.62,,1st Edition,DLCS-EN076,Ultra Rare,SPELL,,Normal Spell,,
222301,Shadow Toon (Purple),Shadow Toon Purple,https://tcgplayer-cdn.tcgplayer.com/product/222301_200w.jpg,2,2689,https://cpt.tcgcsv.com/2XN2,2020-09-22T22:02:36.717,1,"If you control ""Toon World"": Target 1 face-up monster your opponent controls; inflict damage to your opponent equal to the ATK of that face-up monster. You can only activate 1 ""Shadow Toon"" per turn.",,0.39,0.71,2.99,0.69,,1st Edition,DLCS-EN076,Ultra Rare,SPELL,,Normal Spell,,
222302,The Claw of Hermos (Blue),The Claw of Hermos Blue,https://tcgplayer-cdn.tcgplayer.com/product/222302_200w.jpg,2,2689,https://cpt.tcgcsv.com/3XN2,2020-09-22T21:35:00.917,1,"(This card is also always treated as ""Legendary Dragon Hermos"".)
<br>Send 1 monster from your hand or field to the GY, of the Type that is listed on a Fusion Monster that can only be Special Summoned with ""The Claw of Hermos"" (if that card is Set, reveal it), then Special Summon that Fusion Monster from your Extra Deck. You can only activate 1 ""The Claw of Hermos"" per turn.",,0.6,1.42,9.99,1.47,8.09,1st Edition,DLCS-EN064,Ultra Rare,SPELL,,Normal Spell,,
222303,The Claw of Hermos (Green),The Claw of Hermos Green,https://tcgplayer-cdn.tcgplayer.com/product/222303_200w.jpg,2,2689,https://cpt.tcgcsv.com/5XN2,2020-09-22T21:35:14.43,1,"(This card is also always treated as ""Legendary Dragon Hermos"".)
<br>Send 1 monster from your hand or field to the GY, of the Type that is listed on a Fusion Monster that can only be Special Summoned with ""The Claw of Hermos"" (if that card is Set, reveal it), then Special Summon that Fusion Monster from your Extra Deck. You can only activate 1 ""The Claw of Hermos"" per turn.",,0.82,1.0,6.88,0.96,,1st Edition,DLCS-EN064,Ultra Rare,SPELL,,Normal Spell,,
222304,The Claw of Hermos (Purple),The Claw of Hermos Purple,https://tcgplayer-cdn.tcgplayer.com/product/222304_200w.jpg,2,2689,https://cpt.tcgcsv.com/6XN2,2020-09-22T21:35:40.56,1,"(This card is also always treated as ""Legendary Dragon Hermos"".)
<br>Send 1 monster from your hand or field to the GY, of the Type that is listed on a Fusion Monster that can only be Special Summoned with ""The Claw of Hermos"" (if that card is Set, reveal it), then Special Summon that Fusion Monster from your Extra Deck. You can only activate 1 ""The Claw of Hermos"" per turn.",,0.67,1.24,12.99,0.95,7.43,1st Edition,DLCS-EN064,Ultra Rare,SPELL,,Normal Spell,,
222305,The Eye of Timaeus (Blue),The Eye of Timaeus Blue,https://tcgplayer-cdn.tcgplayer.com/product/222305_200w.jpg,2,2689,https://cpt.tcgcsv.com/7XN2,2020-09-22T18:56:57.297,1,"(This card is also always treated as ""Legendary Dragon Timaeus"".)
<br>Target 1 ""Dark Magician"" monster you control; Fusion Summon 1 Fusion Monster from your Extra Deck that lists that monster on the field as Fusion Material, using it as the Fusion Material. You can only activate 1 ""The Eye of Timaeus"" per turn.",,2.3,4.44,13.93,3.93,,1st Edition,DLCS-EN007,Ultra Rare,SPELL,,Normal Spell,,
222306,The Eye of Timaeus (Green),The Eye of Timaeus Green,https://tcgplayer-cdn.tcgplayer.com/product/222306_200w.jpg,2,2689,https://cpt.tcgcsv.com/8XN2,2020-09-22T18:57:06.787,1,"(This card is also always treated as ""Legendary Dragon Timaeus"".)
<br>Target 1 ""Dark Magician"" monster you control; Fusion Summon 1 Fusion Monster from your Extra Deck that lists that monster on the field as Fusion Material, using it as the Fusion Material. You can only activate 1 ""The Eye of Timaeus"" per turn.",,2.5,4.15,13.77,3.77,3.77,1st Edition,DLCS-EN007,Ultra Rare,SPELL,,Normal Spell,,
222307,The Eye of Timaeus (Purple),The Eye of Timaeus Purple,https://tcgplayer-cdn.tcgplayer.com/product/222307_200w.jpg,2,2689,https://cpt.tcgcsv.com/9XN2,2020-09-22T18:57:17.027,1,"(This card is also always treated as ""Legendary Dragon Timaeus"".)
<br>Target 1 ""Dark Magician"" monster you control; Fusion Summon 1 Fusion Monster from your Extra Deck that lists that monster on the field as Fusion Material, using it as the Fusion Material. You can only activate 1 ""The Eye of Timaeus"" per turn.",,2.95,4.22,13.94,3.94,3.74,1st Edition,DLCS-EN007,Ultra Rare,SPELL,,Normal Spell,,
222308,The Fang of Critias (Blue),The Fang of Critias Blue,https://tcgplayer-cdn.tcgplayer.com/product/222308_200w.jpg,2,2689,https://cpt.tcgcsv.com/bXN2,2022-01-21T06:52:44.693,1,"(This card is also always treated as ""Legendary Dragon Critias"".)
<br>Send 1 Trap from your hand or field to the GY, that is listed on a Fusion Monster that can only be Special Summoned with ""The Fang of Critias"" (if that card is Set, reveal it), then Special Summon that Fusion Monster from your Extra Deck. You can only activate 1 ""The Fang of Critias"" per turn.",,0.24,0.99,5.59,1.16,4.55,1st Edition,DLCS-EN058,Ultra Rare,SPELL,,Normal Spell,,
222309,The Fang of Critias (Green),The Fang of Critias Green,https://tcgplayer-cdn.tcgplayer.com/product/222309_200w.jpg,2,2689,https://cpt.tcgcsv.com/cXN2,2020-09-22T21:34:08.407,1,"(This card is also always treated as ""Legendary Dragon Critias"".)
<br>Send 1 Trap from your hand or field to the GY, that is listed on a Fusion Monster that can only be Special Summoned with ""The Fang of Critias"" (if that card is Set, reveal it), then Special Summon that Fusion Monster from your Extra Deck. You can only activate 1 ""The Fang of Critias"" per turn.",,0.36,0.75,5.99,0.83,0.79,1st Edition,DLCS-EN058,Ultra Rare,SPELL,,Normal Spell,,
222310,The Fang of Critias (Purple),The Fang of Critias Purple,https://tcgplayer-cdn.tcgplayer.com/product/222310_200w.jpg,2,2689,https://cpt.tcgcsv.com/dXN2,2024-07-26T17:30:36.053,1,"(This card is also always treated as ""Legendary Dragon Critias"".)
<br>Send 1 Trap from your hand or field to the GY, that is listed on a Fusion Monster that can only be Special Summoned with ""The Fang of Critias"" (if that card is Set, reveal it), then Special Summon that Fusion Monster from your Extra Deck. You can only activate 1 ""The Fang of Critias"" per turn.",,0.25,0.5,2.99,0.37,0.56,1st Edition,DLCS-EN058,Ultra Rare,SPELL,,Normal Spell,,
222311,The Seal of Orichalcos (Blue),The Seal of Orichalcos Blue,https://tcgplayer-cdn.tcgplayer.com/product/222311_200w.jpg,2,2689,https://cpt.tcgcsv.com/fXN2,2020-09-22T22:43:05.513,1,"All monsters you control gain 500 ATK. Once per turn, this card cannot be destroyed by card effects. While you control 2 or more face-up Attack Position monsters, your opponent cannot target your monster(s) with the lowest ATK for an attack. If this card is activated: Destroy all Special Summoned monsters you control. You cannot Special Summon monsters from the Extra Deck. You can only activate ""The Seal of Orichalcos"" once per Duel.",,0.49,0.84,4.89,0.76,,1st Edition,DLCS-EN137,Ultra Rare,SPELL,,Field Spell,,
222312,The Seal of Orichalcos (Green),The Seal of Orichalcos Green,https://tcgplayer-cdn.tcgplayer.com/product/222312_200w.jpg,2,2689,https://cpt.tcgcsv.com/gXN2,2020-09-22T22:43:15.623,1,"All monsters you control gain 500 ATK. Once per turn, this card cannot be destroyed by card effects. While you control 2 or more face-up Attack Position monsters, your opponent cannot target your monster(s) with the lowest ATK for an attack. If this card is activated: Destroy all Special Summoned monsters you control. You cannot Special Summon monsters from the Extra Deck. You can only activate ""The Seal of Orichalcos"" once per Duel.",,0.7,0.81,1.2,0.8,0.88,1st Edition,DLCS-EN137,Ultra Rare,SPELL,,Field Spell,,
222313,The Seal of Orichalcos (Purple),The Seal of Orichalcos Purple,https://tcgplayer-cdn.tcgplayer.com/product/222313_200w.jpg,2,2689,https://cpt.tcgcsv.com/hXN2,2020-09-22T22:43:48.16,1,"All monsters you control gain 500 ATK. Once per turn, this card cannot be destroyed by card effects. While you control 2 or more face-up Attack Position monsters, your opponent cannot target your monster(s) with the lowest ATK for an attack. If this card is activated: Destroy all Special Summoned monsters you control. You cannot Special Summon monsters from the Extra Deck. You can only activate ""The Seal of Orichalcos"" once per Duel.",,0.6,0.99,3.99,0.85,,1st Edition,DLCS-EN137,Ultra Rare,SPELL,,Field Spell,,
222314,Timaeus the Knight of Destiny (Blue),Timaeus the Knight of Destiny Blue,https://tcgplayer-cdn.tcgplayer.com/product/222314_200w.jpg,2,2689,https://cpt.tcgcsv.com/jXN2,2020-09-22T21:31:27.36,1,"""Legendary Knight Timaeus"" + ""Legendary Knight Critias"" + ""Legendary Knight Hermos""
<br>Must be Special Summoned (from your Extra Deck) by sending the above cards you control to the Graveyard, and cannot be Special Summoned by other ways. (You do not use ""Polymerization"".) Unaffected by other cards' effects. Once per battle, if this card battles, during damage calculation (in either player's turn): You can make this card's ATK and DEF become equal to the ATK of the monster on the field with the highest ATK (your choice, if tied). When this card is destroyed by battle: You can Special Summon 3 ""Legendary Knight"" monsters from your hand, Deck, and/or Graveyard, ignoring their Summoning conditions.",,0.15,0.4,2.99,0.28,,1st Edition,DLCS-EN054,Ultra Rare,LIGHT,Warrior,Fusion/Effect Monster,,
222315,Timaeus the Knight of Destiny (Green),Timaeus the Knight of Destiny Green,https://tcgplayer-cdn.tcgplayer.com/product/222315_200w.jpg,2,2689,https://cpt.tcgcsv.com/kXN2,2020-09-22T21:31:41.26,1,"""Legendary Knight Timaeus"" + ""Legendary Knight Critias"" + ""Legendary Knight Hermos""
<br>Must be Special Summoned (from your Extra Deck) by sending the above cards you control to the Graveyard, and cannot be Special Summoned by other ways. (You do not use ""Polymerization"".) Unaffected by other cards' effects. Once per battle, if this card battles, during damage calculation (in either player's turn): You can make this card's ATK and DEF become equal to the ATK of the monster on the field with the highest ATK (your choice, if tied). When this card is destroyed by battle: You can Special Summon 3 ""Legendary Knight"" monsters from your hand, Deck, and/or Graveyard, ignoring their Summoning conditions.",,0.15,0.42,2.99,0.28,,1st Edition,DLCS-EN054,Ultra Rare,LIGHT,Warrior,Fusion/Effect Monster,,
222316,Timaeus the Knight of Destiny (Purple),Timaeus the Knight of Destiny Purple,https://tcgplayer-cdn.tcgplayer.com/product/222316_200w.jpg,2,2689,https://cpt.tcgcsv.com/lXN2,2024-07-26T17:30:36.13,1,"""Legendary Knight Timaeus"" + ""Legendary Knight Critias"" + ""Legendary Knight Hermos""
<br>Must be Special Summoned (from your Extra Deck) by sending the above cards you control to the Graveyard, and cannot be Special Summoned by other ways. (You do not use ""Polymerization"".) Unaffected by other cards' effects. Once per battle, if this card battles, during damage calculation (in either player's turn): You can make this card's ATK and DEF become equal to the ATK of the monster on the field with the highest ATK (your choice, if tied). When this card is destroyed by battle: You can Special Summon 3 ""Legendary Knight"" monsters from your hand, Deck, and/or Graveyard, ignoring their Summoning conditions.",,0.17,0.47,2.99,0.39,,1st Edition,DLCS-EN054,Ultra Rare,LIGHT,Warrior,Fusion/Effect Monster,,
222317,Toon Briefcase (Blue),Toon Briefcase Blue,https://tcgplayer-cdn.tcgplayer.com/product/222317_200w.jpg,2,2689,https://cpt.tcgcsv.com/mXN2,2020-09-22T22:10:39.003,1,When your opponent Summons a monster(s) while you control a Toon monster: Shuffle that monster(s) into the Deck.,,0.84,0.99,2.99,0.86,,1st Edition,DLCS-EN080,Ultra Rare,TRAP,,Normal Trap,,
222318,Toon Briefcase (Green),Toon Briefcase Green,https://tcgplayer-cdn.tcgplayer.com/product/222318_200w.jpg,2,2689,https://cpt.tcgcsv.com/nXN2,2020-09-22T22:10:54.983,1,When your opponent Summons a monster(s) while you control a Toon monster: Shuffle that monster(s) into the Deck.,,0.5,0.85,2.99,0.85,,1st Edition,DLCS-EN080,Ultra Rare,TRAP,,Normal Trap,,
222319,Toon Briefcase (Purple),Toon Briefcase Purple,https://tcgplayer-cdn.tcgplayer.com/product/222319_200w.jpg,2,2689,https://cpt.tcgcsv.com/pXN2,2023-10-31T08:09:18.133,1,When your opponent Summons a monster(s) while you control a Toon monster: Shuffle that monster(s) into the Deck.,,0.85,1.51,7.99,0.92,,1st Edition,DLCS-EN080,Ultra Rare,TRAP,,Normal Trap,,
222320,Toon Kingdom (Blue),Toon Kingdom Blue,https://tcgplayer-cdn.tcgplayer.com/product/222320_200w.jpg,2,2689,https://cpt.tcgcsv.com/qXN2,2020-09-22T21:44:51.757,1,"When this card is activated: Banish 3 cards from the top of your Deck, face-down. This card's name becomes ""Toon World"" while in the Field Zone. Your opponent cannot target Toon monsters you control with card effects. If a Toon monster(s) you control would be destroyed by battle or card effect, you can banish 1 card from the top of your Deck, face-down, for each of those monster(s) instead.",,2.74,4.51,29.99,4.06,3.86,1st Edition,DLCS-EN074,Ultra Rare,SPELL,,Field Spell,,
222321,Toon Kingdom (Green),Toon Kingdom Green,https://tcgplayer-cdn.tcgplayer.com/product/222321_200w.jpg,2,2689,https://cpt.tcgcsv.com/rXN2,2023-12-09T21:51:40.443,1,"When this card is activated: Banish 3 cards from the top of your Deck, face-down. This card's name becomes ""Toon World"" while in the Field Zone. Your opponent cannot target Toon monsters you control with card effects. If a Toon monster(s) you control would be destroyed by battle or card effect, you can banish 1 card from the top of your Deck, face-down, for each of those monster(s) instead.",,2.45,5.98,39.99,4.11,3.0,1st Edition,DLCS-EN074,Ultra Rare,SPELL,,Field Spell,,
222322,Toon Kingdom (Purple),Toon Kingdom Purple,https://tcgplayer-cdn.tcgplayer.com/product/222322_200w.jpg,2,2689,https://cpt.tcgcsv.com/sXN2,2024-02-05T06:41:28.71,1,"When this card is activated: Banish 3 cards from the top of your Deck, face-down. This card's name becomes ""Toon World"" while in the Field Zone. Your opponent cannot target Toon monsters you control with card effects. If a Toon monster(s) you control would be destroyed by battle or card effect, you can banish 1 card from the top of your Deck, face-down, for each of those monster(s) instead.",,3.22,5.14,34.85,4.31,4.13,1st Edition,DLCS-EN074,Ultra Rare,SPELL,,Field Spell,,
222323,Toon Mask (Blue),Toon Mask Blue,https://tcgplayer-cdn.tcgplayer.com/product/222323_200w.jpg,2,2689,https://cpt.tcgcsv.com/tXN2,2020-09-22T22:09:00.2,1,"If you control ""Toon World"": Target 1 face-up monster your opponent controls; Special Summon 1 Toon monster from your hand or Deck, whose Level is less than or equal to the Level/Rank of that monster, ignoring its Summoning conditions.",,0.48,0.77,4.99,0.7,,1st Edition,DLCS-EN079,Ultra Rare,TRAP,,Normal Trap,,
222324,Toon Mask (Green),Toon Mask Green,https://tcgplayer-cdn.tcgplayer.com/product/222324_200w.jpg,2,2689,https://cpt.tcgcsv.com/vXN2,2020-09-22T22:09:12.793,1,"If you control ""Toon World"": Target 1 face-up monster your opponent controls; Special Summon 1 Toon monster from your hand or Deck, whose Level is less than or equal to the Level/Rank of that monster, ignoring its Summoning conditions.",,0.35,0.82,2.99,0.77,,1st Edition,DLCS-EN079,Ultra Rare,TRAP,,Normal Trap,,
222325,Toon Mask (Purple),Toon Mask Purple,https://tcgplayer-cdn.tcgplayer.com/product/222325_200w.jpg,2,2689,https://cpt.tcgcsv.com/wXN2,2020-09-22T22:10:11.23,1,"If you control ""Toon World"": Target 1 face-up monster your opponent controls; Special Summon 1 Toon monster from your hand or Deck, whose Level is less than or equal to the Level/Rank of that monster, ignoring its Summoning conditions.",,0.5,0.87,2.99,0.82,,1st Edition,DLCS-EN079,Ultra Rare,TRAP,,Normal Trap,,
