productId,name,cleanName,imageUrl,categoryId,groupId,url,modifiedOn,imageCount,extDescription,extUPC,lowPrice,midPrice,highPrice,marketPrice,directLowPrice,subTypeName,extNumber,extRarity,extAttribute,extMonsterType,extCardType,extAttack,extDefense,extLinkRating,extLinkArrows
628480,Duelist's Advance Booster Box [1st Edition],Duelists Advance Booster Box 1st Edition,https://tcgplayer-cdn.tcgplayer.com/product/628480_200w.jpg,2,24265,https://cpt.tcgcsv.com/Dp27,2025-07-04T04:10:20.85,1,"Get ready to feel the flow and high five the sky with the latest Yu-Gi-Oh! TRADING CARD GAME core booster set, Duelist’s Advance!
<br>Forge the path to victory with brand-new cards inspired by Yuma’s Deck from Yu-Gi-Oh! ZEXAL! Look out for a plethora of new monsters including a new Rank 4 Gagaga Girl Xyz Monster that will guide you on your way to Summoning the next phase of the future, Number F0: Utopic Future Zexal!
<br>“Sky Striker” Duelists, mobilize and prepare to engage! A brand-new Link-2 Monster that can call upon Sky Striker Ace – Raye and Sky Striker Ace – Roze from the Deck or Graveyard! Along with a new maneuver that will help you replenish your “Sky Striker Ace” monsters and “Sky Striker” Spells!
<br>The popular Psychic monsters that first released in Extreme Victory have advanced to a whole new level! New monsters for the Main Deck that make it easier than ever to assemble your Psychic army to the field and will even help you find your way to powerful “Teleport” cards like Emergency Teleport. With new Fusion and Synchro Monsters to boot, you would have to be brainwashed to not try these cards out!
<br>The Monarchs are back…and they are NOT happy about how things have been going for them. There’s revolution in the air as the Monarchs band together to put some new leadership in charge! Help them topple the throne with a brand-new Monarch, a new Squire, and some exciting Spell/Trap Cards!
<br>And of course, a brand-new World Premiere theme is ready to be assembled and launched into action!
<br>This will also be the return of Starlight Rares in the core booster sets that you’ll be able to find at about the same rate that you could find Quarter Century Secret Rares the last couple of years!
<br>There is all of this and even more to discover in Duelist’s Advance!
<br>Duelist’s Advance contains:
<br>10 Secret Rares
<br>14 Ultra Rares
<br>26 Super Rares
<br>50 Commons
<br>(24 of these cards are also available as Starlight Rare and 1 special card is ONLY available as a Starlight Rare!)",083717868095,23.99,40.4,114.89,32.06,,Normal,,,,,,,,,
628481,Duelist's Advance Booster Pack [1st Edition],Duelists Advance Booster Pack 1st Edition,https://tcgplayer-cdn.tcgplayer.com/product/628481_200w.jpg,2,24265,https://cpt.tcgcsv.com/Fp27,2025-07-04T04:10:20.85,1,"Get ready to feel the flow and high five the sky with the latest Yu-Gi-Oh! TRADING CARD GAME core booster set, Duelist’s Advance!
<br>Forge the path to victory with brand-new cards inspired by Yuma’s Deck from Yu-Gi-Oh! ZEXAL! Look out for a plethora of new monsters including a new Rank 4 Gagaga Girl Xyz Monster that will guide you on your way to Summoning the next phase of the future, Number F0: Utopic Future Zexal!
<br>“Sky Striker” Duelists, mobilize and prepare to engage! A brand-new Link-2 Monster that can call upon Sky Striker Ace – Raye and Sky Striker Ace – Roze from the Deck or Graveyard! Along with a new maneuver that will help you replenish your “Sky Striker Ace” monsters and “Sky Striker” Spells!
<br>The popular Psychic monsters that first released in Extreme Victory have advanced to a whole new level! New monsters for the Main Deck that make it easier than ever to assemble your Psychic army to the field and will even help you find your way to powerful “Teleport” cards like Emergency Teleport. With new Fusion and Synchro Monsters to boot, you would have to be brainwashed to not try these cards out!
<br>The Monarchs are back…and they are NOT happy about how things have been going for them. There’s revolution in the air as the Monarchs band together to put some new leadership in charge! Help them topple the throne with a brand-new Monarch, a new Squire, and some exciting Spell/Trap Cards!
<br>And of course, a brand-new World Premiere theme is ready to be assembled and launched into action!
<br>This will also be the return of Starlight Rares in the core booster sets that you’ll be able to find at about the same rate that you could find Quarter Century Secret Rares the last couple of years!
<br>There is all of this and even more to discover in Duelist’s Advance!
<br>Duelist’s Advance contains:
<br>10 Secret Rares
<br>14 Ultra Rares
<br>26 Super Rares
<br>50 Commons
<br>(24 of these cards are also available as Starlight Rare and 1 special card is ONLY available as a Starlight Rare!)",083717868095,1.8,4.67,13.19,1.87,,Normal,,,,,,,,,
639338,Zubababa Knight,Zubababa Knight,https://tcgplayer-cdn.tcgplayer.com/product/639338_200w.jpg,2,24265,https://cpt.tcgcsv.com/NL77,2025-07-17T11:58:18.38,1,"If this card is Normal or Special Summoned: You can activate 1 of these effects;<br>• Add 1 ""Zubaba"" monster from your Deck to your hand, except ""Zubababa Knight"". This card's Level becomes that added monster's Level.<br>• Destroy 1 Level 4 or lower Defense Position monster your opponent controls.<br>If this card is detached from an Xyz Monster to activate that monster's effect: You can add 1 ""Gagaga"" monster from your Deck to your hand. You can only use each effect of ""Zubababa Knight"" once per turn.",,0.01,0.2,4.99,0.13,0.11,1st Edition,DUAD-EN001,Super Rare,EARTH,Warrior,Effect Monster,1600,900,,
639339,Gagaga Ganbara Knight,Gagaga Ganbara Knight,https://tcgplayer-cdn.tcgplayer.com/product/639339_200w.jpg,2,24265,https://cpt.tcgcsv.com/PL77,2025-07-17T11:58:12.043,1,"You can reveal 1 ""Gagaga"" monster in your Extra Deck; Special Summon this card from your hand, then you can apply 1 of these effects.<br>• Special Summon 1 ""Gagaga"" monster from your hand.<br>• Change the battle position of 1 monster on the field.<br>If this card is detached from an Xyz Monster to activate that monster's effect: You can add 1 ""Gogogo"" monster from your Deck to your hand. You can only use each effect of ""Gagaga Ganbara Knight"" once per turn.",,0.01,0.25,4.99,0.15,0.11,1st Edition,DUAD-EN002,Super Rare,LIGHT,Warrior,Effect Monster,0,1800,,
639340,Gogogo Goblindbergh,Gogogo Goblindbergh,https://tcgplayer-cdn.tcgplayer.com/product/639340_200w.jpg,2,24265,https://cpt.tcgcsv.com/QL77,2025-07-17T11:58:12.44,1,"When this card is Normal Summoned: You can Special Summon 1 non-Warrior ""Gogogo"" monster from your hand, Deck, or GY, then if this card is in Attack Position, change it to Defense Position, also for the rest of this turn, you cannot Special Summon from the Extra Deck, except Xyz Monsters. If this card is detached from an Xyz Monster to activate that monster's effect: You can add 1 ""Dododo"" monster from your Deck to your hand. You can only use each effect of ""Gogogo Goblindbergh"" once per turn.",,0.01,0.25,4.99,0.15,0.11,1st Edition,DUAD-EN003,Super Rare,EARTH,Warrior,Effect Monster,1400,0,,
639341,Dodododo Warrior,Dodododo Warrior,https://tcgplayer-cdn.tcgplayer.com/product/639341_200w.jpg,2,24265,https://cpt.tcgcsv.com/RL77,2025-07-17T11:58:11.787,1,"You can send 1 ""Dododo"" monster from your Deck to the GY; Special Summon this card from your hand  (its Level becomes 4, also its ATK becomes 1800), also you cannot Special Summon from the Extra Deck for the rest of this turn, except Xyz Monsters. If this card is detached from an Xyz Monster to activate that monster's effect: You can add 1 ""Zubaba"" monster from your Deck to your hand. You can only use each effect of ""Dodododo Warrior"" once per turn.",,1.0,4.72,19.99,3.8,4.99,1st Edition,DUAD-EN004,Ultra Rare,EARTH,Warrior,Effect Monster,2300,900,,
639342,Lunalight Gold Leo,Lunalight Gold Leo,https://tcgplayer-cdn.tcgplayer.com/product/639342_200w.jpg,2,24265,https://cpt.tcgcsv.com/SL77,2025-07-17T11:58:13.167,1,"If this card is Normal or Special Summoned: You can add 1 ""Lunalight"" monster from your Deck to your hand, except ""Lunalight Gold Leo"", then discard 1 card. If a ""Lunalight"" monster(s) is sent to your GY, while this card is in your Monster Zone, even during the Damage Step: You can target 1 of them; add it to your hand. You can only use each effect of ""Lunalight Gold Leo"" once per turn.",,11.49,14.23,44.99,13.43,18.95,1st Edition,DUAD-EN005,Secret Rare,DARK,Beast-Warrior,Effect Monster,600,1600,,
639343,Lunalight Silver Hound,Lunalight Silver Hound,https://tcgplayer-cdn.tcgplayer.com/product/639343_200w.jpg,2,24265,https://cpt.tcgcsv.com/TL77,2025-07-17T11:58:13.437,1,"If this card is sent to the GY by card effect: You can Special Summon 1 ""Lunalight"" monster from your Deck, except ""Lunalight Silver Hound"", but you cannot Special Summon from the Extra Deck, except ""Lunalight"" monsters, while you control that face-up monster. When a Spell/Trap Card or effect is activated on the field (Quick Effect): You can banish this card and 1 ""Lunalight"" Fusion Monster from your GY; negate the activation. You can only use each effect of ""Lunalight Silver Hound"" once per turn.",,0.01,0.14,4.99,0.09,,1st Edition,DUAD-EN006,Common,DARK,Beast-Warrior,Effect Monster,1400,400,,
639344,Linkslayer @Ignister,Linkslayer Ignister,https://tcgplayer-cdn.tcgplayer.com/product/639344_200w.jpg,2,24265,https://cpt.tcgcsv.com/VL77,2025-07-17T11:58:13.057,1,"If a Cyberse monster you control would be used as Link Material for an ""@Ignister"" monster, this card in your hand can also be used as material. If this card is sent to the GY as Link Material: You can discard 1 card, then target 1 Spell/Trap on the field, or you can target 2 if this card on the field was used as material; destroy that card(s). You can only use each effect of ""Linkslayer @Ignister"" once per turn.",,0.01,0.1,15.0,0.07,0.02,1st Edition,DUAD-EN007,Common,DARK,Cyberse,Effect Monster,2000,600,,
639345,Medius the Pure,Medius the Pure,https://tcgplayer-cdn.tcgplayer.com/product/639345_200w.jpg,2,24265,https://cpt.tcgcsv.com/WL77,2025-07-17T11:58:13.517,1,"If this card is Normal or Special Summoned: You can add to your hand, or Special Summon, 1 ""Power Patron"" monster from your Deck. If this card is in your GY: You can shuffle 1 monster from your hand or face-up field into the Deck, and if you do, Special Summon this card, but banish it when it leaves the field. You can only use each effect of ""Medius the Pure"" once per turn.",,4.01,7.0,25.0,6.52,,1st Edition,DUAD-EN008,Ultra Rare,DARK,Fairy,Effect Monster,1800,1800,,
639346,Artmage Finmel,Artmage Finmel,https://tcgplayer-cdn.tcgplayer.com/product/639346_200w.jpg,2,24265,https://cpt.tcgcsv.com/XL77,2025-07-17T11:58:10.94,1,"Your opponent cannot target Level 6 or lower ""Artmage"" monsters you control with card effects. You can only use each of the following effects of ""Artmage Finmel"" once per turn. If you control an ""Artmage"" card: You can Special Summon this card from your hand, then you can draw 1 card. During the Main Phase, if you have 3 or more different Monster Types on your field (Quick Effect): You can negate the effects of all face-up monsters your opponent currently controls, also until the end of this turn, their ATK's become halved.",,2.0,4.1,20.0,3.69,,1st Edition,DUAD-EN009,Secret Rare,LIGHT,Warrior,Effect Monster,2400,1500,,
639347,Artmage Graflare,Artmage Graflare,https://tcgplayer-cdn.tcgplayer.com/product/639347_200w.jpg,2,24265,https://cpt.tcgcsv.com/ZL77,2025-07-17T11:58:11.053,1,"The first time this card would be destroyed by battle each turn, it is not destroyed. You can only use each of the following effects of ""Artmage Graflare"" once per turn. If you control an ""Artmage"" card: You can Special Summon this card from your hand, then you can Set 1 ""Artmage"" Spell from your Deck. You can target 1 Spell/Trap your opponent controls; destroy it. This is a Quick Effect if you have 3 or more different Monster Types on your field.",,0.24,1.02,9.99,0.73,0.77,1st Edition,DUAD-EN010,Ultra Rare,LIGHT,Dragon,Effect Monster,2100,1500,,
639348,Artmage Litera,Artmage Litera,https://tcgplayer-cdn.tcgplayer.com/product/639348_200w.jpg,2,24265,https://cpt.tcgcsv.com/-L77,2025-07-17T11:58:11.137,1,"You take no damage from battles involving this card. You can only use each of the following effects of ""Artmage Litera"" once per turn. If you control an ""Artmage"" card: You can Special Summon this card from your hand, then you can add 1 ""Artmage"" card from your GY to your hand. During your opponent's Main Phase (Quick Effect): You can Special Summon 1 ""Artmage"" monster from your hand or GY, except ""Artmage Litera"", then return this card from the field to the hand.",,0.01,0.25,4.99,0.16,0.24,1st Edition,DUAD-EN011,Super Rare,LIGHT,Spellcaster,Effect Monster,400,1800,,
639349,Artmage Power Patron,Artmage Power Patron,https://tcgplayer-cdn.tcgplayer.com/product/639349_200w.jpg,2,24265,https://cpt.tcgcsv.com/_L77,2025-07-17T11:58:11.293,1,"You cannot Special Summon from the Extra Deck, except Fusion Monsters. You can only use each of the following effects of ""Artmage Power Patron"" once per turn. During the Main Phase (Quick Effect): You can Fusion Summon 1 ""Artmage"" Fusion Monster or 1 ""Nerva the Power Patron of Creation"" from your Extra Deck, using this card you control and monsters from your hand or field. If this card is sent from the hand or field to the GY: You can add 1 ""Artmage"" Spell/Trap from your Deck to your hand, with a different name from the cards in your GY.",,0.01,0.13,4.99,0.09,,1st Edition,DUAD-EN012,Common,EARTH,Illusion,Effect Monster,300,200,,
639350,Serene Psychic Girl,Serene Psychic Girl,https://tcgplayer-cdn.tcgplayer.com/product/639350_200w.jpg,2,24265,https://cpt.tcgcsv.com/0M77,2025-07-17T11:58:16.073,1,"If this card is Normal or Special Summoned: You can banish 1 card from your hand, and if you do, Special Summon 1 Level 4 or lower Psychic monster from your Deck, except ""Serene Psychic Girl"", also you cannot Special Summon from the Extra Deck for the rest of this turn, except Psychic monsters. You can target face-up monsters on the field up to the number of Psychic monsters you control; increase their Levels by 1 until the end of this turn. You can only use each effect of ""Serene Psychic Girl"" once per turn.",,0.01,0.11,4.99,0.1,0.03,1st Edition,DUAD-EN013,Common,EARTH,Psychic,Tuner/Effect Monster,500,300,,
639351,Hushed Psychic Minister,Hushed Psychic Minister,https://tcgplayer-cdn.tcgplayer.com/product/639351_200w.jpg,2,24265,https://cpt.tcgcsv.com/2M77,2025-07-17T11:58:12.727,1,"If you control a Psychic monster other than ""Hushed Psychic Minister"", you can Special Summon this card (from your hand) in Defense Position. You can only Special Summon ""Hushed Psychic Minister"" once per turn this way. You can banish this card and 1 Psychic monster from your GY, then target 1 face-up monster on the field; banish it until the End Phase. You can only use this effect of ""Hushed Psychic Minister"" once per turn.",,0.01,0.1,4.99,0.07,0.03,1st Edition,DUAD-EN014,Common,EARTH,Psychic,Effect Monster,0,2100,,
639352,Mind Procedure,Mind Procedure,https://tcgplayer-cdn.tcgplayer.com/product/639352_200w.jpg,2,24265,https://cpt.tcgcsv.com/3M77,2025-07-17T11:58:13.69,1,"If this card you control would be used as Synchro Material for a Psychic monster, you can treat it as a non-Tuner. You can only use 1 of the following effects of ""Mind Procedure"" per turn, and only once that turn. If this card is Normal Summoned, or Special Summoned by a monster effect: You can pay 2000 LP; add 1 ""Teleport"" Normal or Quick-Play Spell from your Deck or GY to your hand. If this card is banished: You can pay 1000 LP; Special Summon it.",,0.02,0.22,15.0,0.11,0.11,1st Edition,DUAD-EN015,Super Rare,LIGHT,Psychic,Tuner/Effect Monster,1100,1100,,
639353,Prototype Psychic Blaster,Prototype Psychic Blaster,https://tcgplayer-cdn.tcgplayer.com/product/639353_200w.jpg,2,24265,https://cpt.tcgcsv.com/5M77,2025-07-17T11:58:14.707,1,"You can discard this card; Special Summon 1 Level 4 or lower Psychic monster from your hand or banishment. If this card is in your GY: You can pay 1000 LP, and banish 1 other Psychic monster from your GY; Special Summon this card, but banish it when it leaves the field. You can only use each effect of ""Prototype Psychic Blaster"" once per turn.",,0.01,0.1,15.0,0.07,0.03,1st Edition,DUAD-EN016,Common,EARTH,Psychic,Effect Monster,2000,1500,,
639354,Eidos the Underworld Monarch,Eidos the Underworld Monarch,https://tcgplayer-cdn.tcgplayer.com/product/639354_200w.jpg,2,24265,https://cpt.tcgcsv.com/6M77,2025-07-17T11:58:11.883,1,"If this card is Normal or Special Summoned: You can add 1 ""Monarch"" Spell/Trap or 1 monster with 2800 ATK/1000 DEF from your Deck or GY to your hand. You can declare 1 Attribute; make 1 face-up monster on the field become that Attribute. If you Tribute Summon a monster with 2400 or more ATK and 1000 DEF, while this card is in your GY: You can add this card to your hand or Special Summon it. You can only use each effect of ""Eidos the Underworld Monarch"" once per turn.",,0.85,2.38,10.99,2.31,3.44,1st Edition,DUAD-EN017,Ultra Rare,DARK,Spellcaster,Effect Monster,2400,1000,,
639355,Tessera the Primal Squire,Tessera the Primal Squire,https://tcgplayer-cdn.tcgplayer.com/product/639355_200w.jpg,2,24265,https://cpt.tcgcsv.com/7M77,2025-07-17T11:58:17.157,1,"You can reveal 1 ""Monarch"" Spell/Trap in your hand; Special Summon this card from your hand. During your Main Phase, you can: Immediately after this effect resolves, Tribute Summon 1 monster. If this card is sent to the GY: You can Special Summon 1 monster with 800 ATK/1000 DEF from your Deck, also you cannot Special Summon from the Extra Deck for the rest of this turn. You can only use each effect of ""Tessera the Primal Squire"" once per turn.",,0.05,0.31,4.99,0.33,0.41,1st Edition,DUAD-EN018,Super Rare,LIGHT,Warrior,Effect Monster,800,1000,,
639356,Dark Flare Swordsman,Dark Flare Swordsman,https://tcgplayer-cdn.tcgplayer.com/product/639356_200w.jpg,2,24265,https://cpt.tcgcsv.com/8M77,2025-07-17T11:58:11.737,1,"You take no damage from battles involving this card. You can only use each of the following effects of ""Dark Flare Swordsman"" once per turn. You can send 1 ""Flame Swordsman"" or 1 monster that mentions it from your Extra Deck to the GY; Special Summon this card from your hand, also you cannot declare attacks for the rest of this turn, except with Warrior monsters. (Quick Effect): You can Tribute this card; Special Summon 1 monster that mentions ""Flame Swordsman"" from your Deck, except a Level 6 monster.",,0.01,0.12,4.99,0.09,0.03,1st Edition,DUAD-EN019,Common,FIRE,Warrior,Effect Monster,2200,800,,
639357,Miasma Dragon Tistina,Miasma Dragon Tistina,https://tcgplayer-cdn.tcgplayer.com/product/639357_200w.jpg,2,24265,https://cpt.tcgcsv.com/9M77,2025-07-17T11:58:13.643,1,"If this card is Normal or Special Summoned: You can add 1 ""Tistina"" monster from your Deck to your hand, except ""Miasma Dragon Tistina"", also for the rest of this turn, LIGHT ""Tistina"" monsters you control gain 1000 ATK. If this card is sent to the GY, and a card is in the Field Zone: You can Special Summon this card, also you cannot Special Summon from the hand or GY for the rest of this turn, except ""Tistina"" monsters. You can only use each effect of ""Miasma Dragon Tistina"" once per turn.",,0.01,0.1,4.99,0.06,0.02,1st Edition,DUAD-EN020,Common,DARK,Aqua,Effect Monster,2000,0,,
639358,Kaibaman the Legend,Kaibaman the Legend,https://tcgplayer-cdn.tcgplayer.com/product/639358_200w.jpg,2,24265,https://cpt.tcgcsv.com/bM77,2025-07-17T11:58:12.82,1,"If this card is Normal or Special Summoned: You can show 3 ""Blue-Eyes White Dragon"" in your hand, Deck, face-up field, and/or GY, then Special Summon 1 ""Blue-Eyes White Dragon"" from your hand, Deck, or GY. If you Special Summon ""Blue-Eyes White Dragon"" while this card is in your GY (except during the Damage Step): You can banish this card; add 1 ""Blue-Eyes"" monster from your Deck to your hand. You can only use each effect of ""Kaibaman the Legend"" once per turn.",,6.5,9.14,24.99,7.8,,1st Edition,DUAD-EN021,Secret Rare,LIGHT,Warrior,Tuner/Effect Monster,200,700,,
639359,Vanquish Soul Hollie Sue,Vanquish Soul Hollie Sue,https://tcgplayer-cdn.tcgplayer.com/product/639359_200w.jpg,2,24265,https://cpt.tcgcsv.com/cM77,2025-07-17T11:58:17.987,1,"During the Main Phase (Quick Effect): You can reveal 1 other ""Vanquish Soul"" monster in your hand; Special Summon this card from your hand. (Quick Effect): You can activate 1 of these effects, by revealing monster(s) in your hand with the listed Attribute(s);<br>• EARTH & DARK: Take control of 1 monster your opponent controls with the lowest ATK (your choice, if tied) until the End Phase.<br>• FIRE & DARK: Special Summon 1 non-Psychic ""Vanquish Soul"" monster from your Deck.<br>You can only use each effect of ""Vanquish Soul Hollie Sue"" once per turn, and cannot activate more than 1 in the same Chain.",,4.49,10.0,79.97,6.47,7.0,1st Edition,DUAD-EN022,Ultra Rare,EARTH,Psychic,Effect Monster,500,2200,,
639360,Chef de Nouvelles,Chef de Nouvelles,https://tcgplayer-cdn.tcgplayer.com/product/639360_200w.jpg,2,24265,https://cpt.tcgcsv.com/dM77,2025-07-17T11:58:11.63,1,"<strong>Pendulum Effect</strong><br>
<br>During your Main Phase, if this card was activated this turn: You can add 1 non-Pendulum ""Nouvelles"" card from your Deck to your hand. If a monster(s) is Special Summoned to your opponent's field (except during the Damage Step): You can Special Summon this card. You can only use each effect of ""Chef de Nouvelles"" once per turn.<br>
<br><br>
<br><strong>Monster Effect</strong><br>
<br>If this card on the field is Tributed and added to the Extra Deck face-up: You can place this card in your Pendulum Zone. You cannot activate the following effects of ""Chef de Nouvelles"" in the same Chain. Once per turn (Quick Effect): You can target 1 Effect Monster on the field; increase its Level by up to 3. Once per turn, if your opponent Special Summons a monster(s) (except during the Damage Step): You can banish 1 ""Recipe"" Ritual Spell from your hand, Deck, or GY; apply that card's activation effect that Ritual Summons a monster.",,0.01,0.1,4.99,0.06,0.03,1st Edition,DUAD-EN023,Common,LIGHT,Fiend,Pendulum/Effect Monster,1000,1850,,
639361,Super Quantal Fairy Zetan,Super Quantal Fairy Zetan,https://tcgplayer-cdn.tcgplayer.com/product/639361_200w.jpg,2,24265,https://cpt.tcgcsv.com/fM77,2025-07-17T11:58:16.957,1,"If you control a ""Super Quant"" monster, except ""Super Quantal Fairy Zetan"", and this card is in your hand: You can Special Summon this card, then you can make this card's Level the same as 1 ""Super Quant"" monster you control. You can Tribute this card and send 1 ""Super Quant"" card from your Deck to the GY, except a DARK monster; Special Summon 1 ""Super Quant"" monster from your Deck, except ""Super Quantal Fairy Zetan"". You can only use each effect of ""Super Quantal Fairy Zetan"" once per turn.",,0.01,0.1,4.99,0.04,0.03,1st Edition,DUAD-EN024,Common,DARK,Zombie,Effect Monster,0,0,,
639362,Super Quantum Black Layer,Super Quantum Black Layer,https://tcgplayer-cdn.tcgplayer.com/product/639362_200w.jpg,2,24265,https://cpt.tcgcsv.com/gM77,2025-07-17T11:58:17.02,1,"When your opponent activates a monster effect (Quick Effect): You can discard 1 other card, and if you do, Special Summon this card from your hand. If this card is Special Summoned: You can Special Summon 1 ""Super Quantal Mech Beast"" Xyz Monster from your Extra Deck using this card you control as material (this is treated as an Xyz Summon), and if you do, attach 1 ""Super Quant"" monster from your GY to it. If this card is sent to the GY: You can add 1 ""Super Quant"" Spell from your Deck to your hand. You can only use each effect of ""Super Quantum Black Layer"" once per turn.",,0.01,0.1,4.99,0.04,0.03,1st Edition,DUAD-EN025,Common,DARK,Zombie,Effect Monster,2400,2400,,
639363,Morgana the Witch of Eyes,Morgana the Witch of Eyes,https://tcgplayer-cdn.tcgplayer.com/product/639363_200w.jpg,2,24265,https://cpt.tcgcsv.com/hM77,2025-07-17T11:58:14.02,1,"(This card is always treated as a ""Morganite"" card.)<br>When an opponent's monster declares an attack: You can banish 1 ""Morganite"" Spell from your GY; negate that attack. You can only use each of the following effects of ""Morgana the Witch of Eyes"" once per turn. If this card is Normal or Special Summoned: You can add 1 ""Morganite"" Spell from your Deck to your hand. If you have 3 or more ""Morganite"" Spells with different names in your GY and/or banishment: You can change the ATK of all face-up monsters your opponent controls to 0.",,0.18,0.54,4.99,0.56,0.66,1st Edition,DUAD-EN026,Super Rare,DARK,Spellcaster,Effect Monster,1500,2100,,
639364,Leo Wizard the Dark Fiend,Leo Wizard the Dark Fiend,https://tcgplayer-cdn.tcgplayer.com/product/639364_200w.jpg,2,24265,https://cpt.tcgcsv.com/jM77,2025-07-17T11:58:12.993,1,"For a player to Normal Summon a monster from their hand with more than 1350 ATK or DEF and an original Level of 4 or lower, they must Tribute Summon it by Tributing 1 monster. At the start of the Damage Step, if this card battles a LIGHT monster: You can destroy that monster. If this card is destroyed by battle or card effect: You can add 1 monster with 1350 ATK from your Deck to your hand. You can only use this effect of ""Leo Wizard the Dark Fiend"" once per turn.",,0.01,0.1,4.99,0.06,0.02,1st Edition,DUAD-EN027,Common,DARK,Spellcaster,Effect Monster,1350,1200,,
639365,WAKE CUP! Mocha,WAKE CUP Mocha,https://tcgplayer-cdn.tcgplayer.com/product/639365_200w.jpg,2,24265,https://cpt.tcgcsv.com/kM77,2025-07-17T11:58:18.253,1,"Once per turn, during your End Phase: You can change this card to face-down Defense Position. You can only use each of the following effects of ""WAKE CUP! Mocha"" once per turn. You can target 1 face-down Defense Position monster on the field; Special Summon this card from your hand, and if you do, change that monster to Attack Position. If this card is flipped face-up: You can target 1 face-up monster on the field; it gains 1000 ATK, but send it to the GY during the End Phase.",,0.01,0.1,4.99,0.03,0.02,1st Edition,DUAD-EN028,Common,WIND,Aqua,Flip/Effect Monster,1000,100,,
639366,Angry Burger,Angry Burger,https://tcgplayer-cdn.tcgplayer.com/product/639366_200w.jpg,2,24265,https://cpt.tcgcsv.com/lM77,2025-07-17T11:58:10.373,1,"(This card is always treated as ""Hungry Burger"".)<br>You can Ritual Summon this card with a ""Recipe"" card. Monsters your opponent controls that can attack must attack this card. You can only use each of the following effects of ""Angry Burger"" once per turn. You can reveal this card in your hand; add 1 ""Nouvelles"" monster from your Deck to your hand, and if you do, shuffle this card into the Deck. (Quick Effect): You can Tribute 1 Attack Position monster on either field, and if you do, Special Summon 1 ""Hungry Burger"" with 2000 ATK from your hand or Deck.",,0.01,0.11,4.99,0.07,0.04,1st Edition,DUAD-EN029,Common,DARK,Warrior,Ritual/Effect Monster,2800,1850,,
639367,Lunalight Liger Dancer,Lunalight Liger Dancer,https://tcgplayer-cdn.tcgplayer.com/product/639367_200w.jpg,2,24265,https://cpt.tcgcsv.com/mM77,2025-07-17T11:58:13.277,1,"""Lunalight Leo Dancer"" + 3 ""Lunalight"" monsters<br>Must be Fusion Summoned with the above Fusion Materials. Unaffected by card effects, except ""Lunalight"" cards. Can make a second attack during each Battle Phase. Once per turn (Quick Effect): You can send 1 ""Lunalight"" monster from your Extra Deck to the GY; destroy all your opponent's Special Summoned monsters.",,0.03,0.25,4.99,0.25,0.31,1st Edition,DUAD-EN030,Super Rare,DARK,Beast-Warrior,Fusion/Effect Monster,3800,3500,,
639368,Lunalight Perfume Dancer,Lunalight Perfume Dancer,https://tcgplayer-cdn.tcgplayer.com/product/639368_200w.jpg,2,24265,https://cpt.tcgcsv.com/nM77,2025-07-17T11:58:13.387,1,"2 ""Lunalight"" monsters<br>If this card is Fusion Summoned: You can add 1 ""Luna Light Perfume"" from your Deck to your hand. You can target 1 other ""Lunalight"" card you control; return it to the hand/Extra Deck, then you can Special Summon 1 ""Lunalight"" monster from your hand. You can banish this card from your GY; this turn, all monsters your opponent controls lose ATK equal to their original DEF. You can only use each effect of ""Lunalight Perfume Dancer"" once per turn.",,0.05,0.33,10.0,0.33,0.35,1st Edition,DUAD-EN031,Super Rare,DARK,Beast-Warrior,Fusion/Effect Monster,2000,1500,,
639369,Artmage Diactorus,Artmage Diactorus,https://tcgplayer-cdn.tcgplayer.com/product/639369_200w.jpg,2,24265,https://cpt.tcgcsv.com/pM77,2025-07-17T11:58:10.783,1,"""Medius the Pure"" + 1 ""Artmage"" monster<br>You can target 1 monster on the field; change its battle position. When your opponent activates a card or effect on the field, if you have 3 or more different Monster Types on your field (Quick Effect): You can negate the activation, and if you do, destroy that card. If this Fusion Summoned card is destroyed: You can Special Summon 1 ""Medius the Pure"" from your hand, Deck, or banishment. You can only use each effect of ""Artmage Diactorus"" once per turn.",,1.7,3.51,44.99,3.59,3.86,1st Edition,DUAD-EN032,Secret Rare,LIGHT,Fairy,Fusion/Effect Monster,2800,2500,,
639370,Nerva the Power Patron of Creation,Nerva the Power Patron of Creation,https://tcgplayer-cdn.tcgplayer.com/product/639370_200w.jpg,2,24265,https://cpt.tcgcsv.com/qM77,2025-07-17T11:58:14.17,1,"3 ""Artmage"" monsters<br>Must first be either Fusion Summoned, or Special Summoned (from your Extra Deck) in Defense Position by Tributing 3 monsters with different Types. You can only Special Summon ""Nerva the Power Patron of Creation(s)"" once per turn. While a card is in the Field Zone, this card cannot be destroyed by card effects. Once per turn, when you activate an ""Artmage"" monster's effect (Quick Effect): You can make the activated effect become ""Destroy all cards your opponent controls"".",,0.65,1.73,15.99,1.27,1.75,1st Edition,DUAD-EN033,Secret Rare,EARTH,Illusion,Fusion/Effect Monster,3300,3300,,
639371,Absolute Axon Kicker,Absolute Axon Kicker,https://tcgplayer-cdn.tcgplayer.com/product/639371_200w.jpg,2,24265,https://cpt.tcgcsv.com/rM77,2025-07-17T11:58:10.233,1,"1 Psychic Synchro Monster + 1 Synchro Monster<br>Must first be Fusion Summoned. Cannot be destroyed by card effects. If this card is Fusion Summoned: You can pay 2000 LP; banish all face-up cards your opponent controls. If this card is in your GY, except the turn it was sent there: You can banish it; Special Summon 1 Level 10 Psychic Fusion Monster from your Extra Deck (this is treated as a Fusion Summon). You can only use this effect of ""Absolute Axon Kicker"" once per turn.",,0.01,0.1,4.99,0.06,0.03,1st Edition,DUAD-EN034,Common,LIGHT,Psychic,Fusion/Effect Monster,3400,2200,,
639372,Primite Dragon Nether Berzelius,Primite Dragon Nether Berzelius,https://tcgplayer-cdn.tcgplayer.com/product/639372_200w.jpg,2,24265,https://cpt.tcgcsv.com/sM77,2025-07-17T11:58:14.53,1,"1 ""Primite"" monster + 1+ Normal Monsters<br>Gains 1000 ATK for each Normal Monster used for its Fusion Summon. Negate the activated effects of monsters your opponent controls, whose Levels/Ranks/Link Ratings are less than or equal to the number of Normal Monsters in your field and GY. If this card is sent from the field to the GY: You can Special Summon 1 Normal Monster from your Deck in Defense Position.",,0.4,1.0,12.99,0.96,1.43,1st Edition,DUAD-EN035,Ultra Rare,EARTH,Dragon,Fusion/Effect Monster,1600,0,,
639373,First of the Dragonlords,First of the Dragonlords,https://tcgplayer-cdn.tcgplayer.com/product/639373_200w.jpg,2,24265,https://cpt.tcgcsv.com/tM77,2025-07-17T11:58:11.997,1,"3 Normal Monsters<br>Must be Fusion Summoned. You can only control 1 ""First of the Dragonlords"". Cannot be destroyed by battle, and is unaffected by other monsters' effects. Once, while face-up on the field, when a Spell/Trap Card or effect is activated (Quick Effect): You can destroy all Spells and Traps on the field. You can only use this effect of ""First of the Dragonlords"" once per turn.",,0.06,0.25,4.99,0.14,0.13,1st Edition,DUAD-EN036,Super Rare,DARK,Dragon,Fusion/Effect Monster,3700,3000,,
639374,Secreterion Dragon,Secreterion Dragon,https://tcgplayer-cdn.tcgplayer.com/product/639374_200w.jpg,2,24265,https://cpt.tcgcsv.com/vM77,2025-07-17T11:58:15.893,1,"1 Dragon monster + 1 Spellcaster monster<br>This card loses 100 ATK for each of your banished cards. While you control this Fusion Summoned card, your opponent cannot activate the effects of Special Summoned Dragon or Spellcaster monsters they control. You can target 1 Dragon and 1 Spellcaster monster in your GY; Special Summon 1, and if you do, place the other on the bottom of the Deck. You can only use this effect of ""Secreterion Dragon"" once per turn.",,7.0,8.11,29.98,8.33,,1st Edition,DUAD-EN037,Ultra Rare,LIGHT,Dragon,Fusion/Effect Monster,3000,1500,,
639375,Silent Psychic Magician,Silent Psychic Magician,https://tcgplayer-cdn.tcgplayer.com/product/639375_200w.jpg,2,24265,https://cpt.tcgcsv.com/wM77,2025-07-17T11:58:16.183,1,"1 Tuner + 1+ non-Tuner monsters<br>If this card is Special Summoned: You can target 1 Level 4 or lower Psychic monster in your GY or banishment; Special Summon it, then you can increase its Level by 1, also you cannot Special Summon from the Extra Deck for the rest of this turn, except Psychic monsters. You can only use this effect of ""Silent Psychic Magician"" once per turn. If this card you control would be used as Synchro Material, you can treat it as a non-Tuner.",,0.01,0.22,4.99,0.11,0.09,1st Edition,DUAD-EN038,Super Rare,EARTH,Psychic,Synchro/Tuner/Effect Monster,2400,500,,
639376,Crossmind Archfiend,Crossmind Archfiend,https://tcgplayer-cdn.tcgplayer.com/product/639376_200w.jpg,2,24265,https://cpt.tcgcsv.com/xM77,2025-07-17T11:58:11.677,1,"1 Psychic Tuner + 1+ non-Tuner monsters<br>During the Main Phase (Quick Effect): You can target 1 of your banished Level 7 or lower Psychic monsters; Special Summon it. During the Battle Phase (Quick Effect): You can Tribute 1 other monster; gain LP equal to its original ATK, and if you do, this card gains that much ATK until the end of this turn. You can only use each effect of ""Crossmind Archfiend"" once per turn.",,0.01,0.1,4.99,0.04,0.03,1st Edition,DUAD-EN039,Common,DARK,Psychic,Synchro/Effect Monster,2500,2800,,
639377,Psychic Blaster Mk-II,Psychic Blaster Mk II,https://tcgplayer-cdn.tcgplayer.com/product/639377_200w.jpg,2,24265,https://cpt.tcgcsv.com/zM77,2025-07-17T11:58:14.767,1,"1 Psychic Tuner + 1+ non-Tuner Psychic monsters<br>You can target 1 banished monster; Special Summon it to your field. During the Main Phase (Quick Effect): You can banish 1 monster from your GY, then target 1 other face-up monster on the field; banish it, then gain LP equal to that banished monster's original ATK. You can only use 1 ""Psychic Blaster Mk-II"" effect per turn, and only once that turn.",,0.03,0.23,4.99,0.12,0.11,1st Edition,DUAD-EN040,Super Rare,EARTH,Psychic,Synchro/Effect Monster,3200,2700,,
639378,THE Star Ham,THE Star Ham,https://tcgplayer-cdn.tcgplayer.com/product/639378_200w.jpg,2,24265,https://cpt.tcgcsv.com/BM77,2025-07-17T11:58:17.39,1,"1 Tuner + 1+ non-Tuner monsters<br>If this card is Synchro Summoned: You can discard 1 card; Special Summon 1 monster from your GY that was used as material for this card's Synchro Summon, and if you do, it is treated as a Tuner. If this card is in your GY: You can discard 2 cards; Special Summon this card, but banish it when it leaves the field. You can only use each effect of ""THE Star Ham"" once per turn.",,0.01,0.14,4.99,0.09,0.05,1st Edition,DUAD-EN041,Common,LIGHT,Beast,Synchro/Effect Monster,1000,1200,,
639379,Number F0: Utopic Future Zexal,Number F0 Utopic Future Zexal,https://tcgplayer-cdn.tcgplayer.com/product/639379_200w.jpg,2,24265,https://cpt.tcgcsv.com/CM77,2025-07-17T11:58:14.357,1,"2 Xyz Monsters with the same Rank<br>(This card's original Rank is always treated as 1.)<br>Gains ATK/DEF equal to the combined Ranks of all Xyz Monsters you control and in your opponent's GY x 500. Your opponent's monsters cannot target monsters for attacks, except this one, also your opponent cannot target other cards on the field with card effects. Once per turn, when your opponent activates a card or effect on the field (Quick Effect): You can detach 1 material from this card; take control of 1 monster your opponent controls, also for the rest of this turn, this card cannot be destroyed by battle or card effects.",,0.4,0.88,59.0,0.74,,1st Edition,DUAD-EN042,Ultra Rare,LIGHT,Warrior,Xyz/Effect Monster,0,0,,
639380,Gagagaga Girl,Gagagaga Girl,https://tcgplayer-cdn.tcgplayer.com/product/639380_200w.jpg,2,24265,https://cpt.tcgcsv.com/DM77,2025-07-17T11:58:12.207,1,"2 Level 4 monsters<br>If this card has a ""Zubaba"", ""Gagaga"", ""Gogogo"", or ""Dododo"" card as material: You can detach 1 material from this card; add 1 ""Gagaga"", ""Onomat"", or ""Xyz"" card from your Deck to your hand. You can only use this effect of ""Gagagaga Girl"" once per turn. A ""Utopic Future"" Xyz Monster that has this card as material gains this effect.<br>• If this card is Xyz Summoned: This card can make a second attack during each Battle Phase this turn.",,0.39,1.29,19.99,0.86,1.74,1st Edition,DUAD-EN043,Secret Rare,DARK,Spellcaster,Xyz/Effect Monster,1500,1800,,
639381,Heroic Champion - Magnum Excalibur,Heroic Champion Magnum Excalibur,https://tcgplayer-cdn.tcgplayer.com/product/639381_200w.jpg,2,24265,https://cpt.tcgcsv.com/FM77,2025-07-17T11:58:12.663,1,"2 Level 4 Warrior monsters<br>If this card battles an opponent's monster, during damage calculation: You can detach 2 materials from this card; double this card's ATK during damage calculation only. Once per turn, during the Main Phase (Quick Effect): You can target 1 other face-up monster you control; equip this card you control to it as an Equip Spell that gives it 2000 ATK/DEF. You can banish this card from your GY; shuffle 3 Warrior monsters from your GY into the Deck.",,0.01,0.11,4.99,0.11,0.03,1st Edition,DUAD-EN044,Common,LIGHT,Warrior,Xyz/Effect Monster,2000,2000,,
639382,Argostars - Adventurous Arion,Argostars Adventurous Arion,https://tcgplayer-cdn.tcgplayer.com/product/639382_200w.jpg,2,24265,https://cpt.tcgcsv.com/GM77,2025-07-17T11:58:10.42,1,"2 Level 4 monsters<br>Once per turn, you can also Xyz Summon ""Argostars - Adventurous Arion"" by using 1 ""Argostars"" monster you control (transfer its materials to this card). If this card is Xyz Summoned: You can add 1 ""Argostars"" Spell from your Deck to your hand. During the Standby Phase: You can detach 2 materials from this card; place up to 3 ""Argostars"" Continuous Traps from your GY, face-up in your Spell & Trap Zone. You can only use each effect of ""Argostars - Adventurous Arion"" once per turn.",,0.03,0.32,14.99,0.24,0.3,1st Edition,DUAD-EN045,Ultra Rare,DARK,Warrior,Xyz/Effect Monster,2200,2200,,
639383,Vanquish Soul Rocks,Vanquish Soul Rocks,https://tcgplayer-cdn.tcgplayer.com/product/639383_200w.jpg,2,24265,https://cpt.tcgcsv.com/HM77,2025-07-17T11:58:18.123,1,"2+ Level 4 ""Vanquish Soul"" monsters<br>Once per turn, if a ""Vanquish Soul"" monster battled this turn, you can also Xyz Summon ""Vanquish Soul Rocks"" by using 1 ""Vanquish Soul"" monster or 1 ""Rock of the Vanquisher"" you control (transfer its materials to this card). Gains the following effects, based on the Attributes of its attached materials.<br>• DARK: All monsters your opponent controls lose 800 ATK.<br>• FIRE: ""Vanquish Soul"" monsters you control gain 1000 ATK.<br>• EARTH: You can detach 1 material from this card; destroy 1 card your opponent controls.",,0.01,0.24,4.99,0.13,0.11,1st Edition,DUAD-EN046,Super Rare,DARK,Pyro,Xyz/Effect Monster,2000,2500,,
639384,"Gaia Stream, the Graceful Force",Gaia Stream the Graceful Force,https://tcgplayer-cdn.tcgplayer.com/product/639384_200w.jpg,2,24265,https://cpt.tcgcsv.com/JM77,2025-07-17T11:58:12.317,1,"2+ Level 6 monsters<br>Once per turn, you can also Xyz Summon ""Gaia Stream, the Graceful Force"" by using 1 Rank 5 or 7 Xyz Monster you control (transfer its materials to this card). Cannot be used as material for an Xyz Summon the turn it was Xyz Summoned. Cannot attack directly. Gains ATK equal to the combined Levels/Ranks of its attached materials x 200. At the end of the Damage Step, if this card battled: Detach 1 material from this card.",,0.01,0.1,4.99,0.06,0.02,1st Edition,DUAD-EN047,Common,WATER,Aqua,Xyz/Effect Monster,0,0,,
639385,"Vallon, the Super Psy Skyblaster",Vallon the Super Psy Skyblaster,https://tcgplayer-cdn.tcgplayer.com/product/639385_200w.jpg,2,24265,https://cpt.tcgcsv.com/KM77,2025-07-17T11:58:17.927,1,"2 Level 5 monsters<br>During the Main Phase (Quick Effect): You can detach 1 material from this card, then target 1 face-up monster your opponent controls; change it to face-down Defense Position. If this card is sent to the GY: You can target 1 face-down card on the field; destroy it. You can only use each effect of ""Vallon, the Super Psy Skyblaster"" once per turn.",,0.01,0.15,4.99,0.08,,1st Edition,DUAD-EN048,Common,DARK,Psychic,Xyz/Effect Monster,2500,2200,,
639386,Sky Striker Ace = Zero,Sky Striker Ace = Zero,https://tcgplayer-cdn.tcgplayer.com/product/639386_200w.jpg,2,24265,https://cpt.tcgcsv.com/LM77,2025-07-17T11:58:16.247,1,"2 ""Sky Striker Ace"" monsters
<br>You can only Special Summon ""Sky Striker Ace = Zero(s)"" once per turn. Cannot be used as Link Material. If this card is Special Summoned: You can add 1 ""Sky Striker"" Spell from your Deck or GY to your hand. (Quick Effect): You can Tribute this card; Special Summon 1 ""Sky Striker Ace - Raye"" and 1 ""Sky Striker Ace - Roze"" from your Deck and/or GY, then you can destroy 1 card on the field. You can only use 1 ""Sky Striker Ace = Zero"" effect per turn, and only once that turn.",,18.2,20.5,49.99,19.1,19.97,1st Edition,DUAD-EN049,Secret Rare,LIGHT,Machine,Link/Effect Monster,2000,,2,Bottom-Right;Bottom-Left
639387,Gorgon of Zilofthonia,Gorgon of Zilofthonia,https://tcgplayer-cdn.tcgplayer.com/product/639387_200w.jpg,2,24265,https://cpt.tcgcsv.com/MM77,2025-07-17T11:58:12.487,1,"2+ Effect Monsters<br>You cannot Summon/Set monsters to a zone(s) this card points to. Monsters this card points to cannot attack, also their activated effects are negated. Gains ATK equal to the total original ATK of monsters this card points to. Cannot be destroyed by battle or monster effects, while this card points to no monsters.",,4.0,6.0,59.99,5.3,6.04,1st Edition,DUAD-EN050,Secret Rare,DARK,Reptile,Link/Effect Monster,100,,3,Top-Left;Top-Right;Top
639388,Ukanomitsune-no-Onari,Ukanomitsune no Onari,https://tcgplayer-cdn.tcgplayer.com/product/639388_200w.jpg,2,24265,https://cpt.tcgcsv.com/NM77,2025-07-17T11:58:17.737,1,"2 LIGHT monsters, including a Beast monster<br>Your opponent cannot target cards in the Field Zones with card effects. You can only use each of the following effects of ""Ukanomitsune-no-Onari"" once per turn. If this card is Link Summoned: You can target 1 Quick-Play Spell in your GY; Set it. If this card is destroyed: For each card in a Field Zone, you can apply 1 of these effects. (If both, apply them in sequence.)<br>• Destroy 1 card your opponent controls.<br>• Inflict 1500 damage to your opponent.",,0.01,0.13,4.99,0.09,0.04,1st Edition,DUAD-EN051,Common,LIGHT,Beast,Link/Effect Monster,1500,,2,Bottom;Right
639389,Gagaga Utopic Tactics,Gagaga Utopic Tactics,https://tcgplayer-cdn.tcgplayer.com/product/639389_200w.jpg,2,24265,https://cpt.tcgcsv.com/PM77,2025-07-17T11:58:12.143,1,"""Utopia"" and ""Utopic"" Xyz Monsters you control whose original Attribute is LIGHT cannot be destroyed by card effects, also your opponent cannot target them with card effects. You can only use each of the following effects of ""Gagaga Utopic Tactics"" once per turn. You can declare a Level from 1 to 12, then target 2 face-up monsters you control, including a ""Gagaga"" monster; they become that Level. If you Xyz Summon a ""Utopia"" or ""Utopic"" Xyz Monster whose original Attribute is LIGHT: You can target 1 card your opponent controls; destroy it.",,0.01,0.2,4.99,0.12,0.05,1st Edition,DUAD-EN052,Super Rare,SPELL,,Continuous Spell,,,,
639390,Lunalight Masquerade,Lunalight Masquerade,https://tcgplayer-cdn.tcgplayer.com/product/639390_200w.jpg,2,24265,https://cpt.tcgcsv.com/QM77,2025-07-17T11:58:13.34,1,"During your Main Phase, if this card was activated this turn: You can send 1 ""Lunalight"" monster from your Deck to the GY. If you Fusion Summon a ""Lunalight"" monster: You can add 1 ""Polymerization"" from your GY or banishment to your hand, then you can discard 1 card, and if you do, once, if you Fusion Summon a ""Lunalight"" monster this turn, you can also banish monsters from your GY as material. You can only use each effect of ""Lunalight Masquerade"" once per turn.",,0.01,0.14,4.99,0.1,0.04,1st Edition,DUAD-EN053,Common,SPELL,,Continuous Spell,,,,
639391,Artmage Academic Arcane Arts Acropolis,Artmage Academic Arcane Arts Acropolis,https://tcgplayer-cdn.tcgplayer.com/product/639391_200w.jpg,2,24265,https://cpt.tcgcsv.com/RM77,2025-07-17T11:58:10.58,1,"During your Main Phase, you can Normal Summon 1 ""Medius the Pure"", in addition to your Normal Summon/Set (you can only gain this effect once per turn). You can discard 1 Spell/Trap, and declare 1 ""Artmage"" Monster Card name that is not among the monsters you control and has not been declared for ""Artmage Academic Arcane Arts Acropolis"" this turn; add that monster from your Deck to your hand, also you cannot Special Summon for the rest of this turn, except ""Artmage"" monsters, ""Medius the Pure"", or from the Extra Deck.",,9.0,11.99,35.0,10.31,,1st Edition,DUAD-EN054,Secret Rare,SPELL,,Field Spell,,,,
639392,Theorealize,Theorealize,https://tcgplayer-cdn.tcgplayer.com/product/639392_200w.jpg,2,24265,https://cpt.tcgcsv.com/SM77,2025-07-17T11:58:17.47,1,"Send 1 ""Medius the Pure"" from your Deck to the GY; look at the top card of your opponent's Deck, and place it on the top or bottom of the Deck. You can banish this card from your GY, then target 1 face-up monster you control and declare 1 Monster Type and 1 Attribute; that monster becomes that Type and Attribute, until the end of your opponent's turn. You can only use each effect of ""Theorealize"" once per turn.",,0.01,0.1,4.99,0.05,,1st Edition,DUAD-EN055,Common,SPELL,,Normal Spell,,,,
639393,Artmage Masterwork -Succession-,Artmage Masterwork Succession,https://tcgplayer-cdn.tcgplayer.com/product/639393_200w.jpg,2,24265,https://cpt.tcgcsv.com/TM77,2025-07-17T11:58:11.183,1,"During the Main Phase: Fusion Summon 1 Fusion Monster from your Extra Deck, using monsters from your hand or field, including an ""Artmage"" monster, and if a card is in the Field Zone, that monster gains 500 ATK. During your Main Phase: You can banish this card from your GY, then target 3 ""Artmage"" cards with different names in your GY; shuffle them into the Deck. You can only use each effect of ""Artmage Masterwork -Succession-"" once per turn.",,0.01,0.12,4.99,0.1,0.02,1st Edition,DUAD-EN056,Common,SPELL,,Quick-Play Spell,,,,
639394,Artmage Vandalism -Assault-,Artmage Vandalism Assault,https://tcgplayer-cdn.tcgplayer.com/product/639394_200w.jpg,2,24265,https://cpt.tcgcsv.com/VM77,2025-07-17T11:58:11.343,1,"When this card is activated: You can add 1 ""Medius the Pure"" from your Deck to your hand. You can target 1 face-up monster you control; if that face-up monster would be used as Fusion Material this turn, it can be treated as an ""Artmage"" monster. You can only use this effect of ""Artmage Vandalism -Assault-"" once per turn. If ""Artmage Academic Arcane Arts Acropolis"" you control would be destroyed by card effect, you can send this card you control to the GY instead. You can only activate 1 ""Artmage Vandalism -Assault-"" per turn.",,0.01,0.12,4.99,0.07,,1st Edition,DUAD-EN057,Common,SPELL,,Continuous Spell,,,,
639395,Artmage Varnish -Alteration-,Artmage Varnish Alteration,https://tcgplayer-cdn.tcgplayer.com/product/639395_200w.jpg,2,24265,https://cpt.tcgcsv.com/WM77,2025-07-17T11:58:11.39,1,"Place 1 ""Artmage Academic Arcane Arts Acropolis"" from your Deck or GY, face-up in your Field Zone, or if you control ""Artmage Academic Arcane Arts Acropolis"", add 1 ""Artmage"" card from your Deck to your hand instead, except ""Artmage Varnish -Alteration-"". When your ""Artmage"" monster is targeted for an attack: You can banish this card from your GY; negate that attack, then you can Special Summon 1 ""Medius the Pure"" from your hand. You can only use each effect of ""Artmage Varnish -Alteration-"" once per turn.",,0.21,1.0,9.99,0.8,,1st Edition,DUAD-EN058,Ultra Rare,SPELL,,Normal Spell,,,,
639396,Parallel Teleport,Parallel Teleport,https://tcgplayer-cdn.tcgplayer.com/product/639396_200w.jpg,2,24265,https://cpt.tcgcsv.com/XM77,2025-07-17T11:58:14.483,1,"Tribute 1 Psychic monster with a Level; Special Summon 1 Level 7 or lower Psychic monster from your Deck or Extra Deck, then if the original Level of the Tributed monster is different from that of the Special Summoned monster on the field, you lose LP equal to the difference x 1000. You cannot Special Summon the turn you activate this card, except Psychic monsters. You can only activate 1 ""Parallel Teleport"" per turn.",,0.02,0.2,4.99,0.11,0.11,1st Edition,DUAD-EN059,Super Rare,SPELL,,Quick-Play Spell,,,,
639397,Teleport Fusion,Teleport Fusion,https://tcgplayer-cdn.tcgplayer.com/product/639397_200w.jpg,2,24265,https://cpt.tcgcsv.com/ZM77,2025-07-17T11:58:17.093,1,"During the Main Phase: Fusion Summon 1 Psychic Fusion Monster from your Extra Deck, by banishing Psychic monsters from your field or GY as material. If a face-up Psychic monster(s) you control that was Special Summoned from the Extra Deck is destroyed by battle or card effect: You can banish this card from your GY, then target 1 of your banished Psychic monsters; Special Summon it. You can only use each effect of ""Teleport Fusion"" once per turn.",,0.01,0.1,4.99,0.05,0.02,1st Edition,DUAD-EN060,Common,SPELL,,Quick-Play Spell,,,,
639398,The Monarchs Masterplan,The Monarchs Masterplan,https://tcgplayer-cdn.tcgplayer.com/product/639398_200w.jpg,2,24265,https://cpt.tcgcsv.com/-M77,2025-07-17T11:58:17.233,1,"Send 1 ""Monarch"" Spell/Trap from your Deck to the GY, except ""The Monarchs Masterplan"". If this card is banished: You can target 1 face-up monster your opponent controls; add 1 monster with the same Attribute that has 2400 ATK/1000 DEF, from your Deck or GY to your hand, then you can apply this effect.<br>• Immediately after this effect resolves, Normal Summon 1 ""Zaborg the Thunder Monarch"", ""Mobius the Frost Monarch"", ""Thestalos the Firestorm Monarch"", ""Granmarg the Rock Monarch"", ""Raiza the Storm Monarch"", or ""Caius the Shadow Monarch"".<br>You can only use this effect of ""The Monarchs Masterplan"" once per turn.",,0.01,0.13,4.99,0.13,0.03,1st Edition,DUAD-EN061,Common,SPELL,,Normal Spell,,,,
639399,The Monarchs Revolt,The Monarchs Revolt,https://tcgplayer-cdn.tcgplayer.com/product/639399_200w.jpg,2,24265,https://cpt.tcgcsv.com/_M77,2025-07-17T11:58:17.327,1,"Discard 1 card; reveal 3 monsters from your Deck, with 2400 or more ATK and 1000 DEF, and/or 800 ATK/1000 DEF, your opponent chooses 1 for you to add to your hand, and you send the rest to the GY, also for the rest of this turn after this card resolves, you cannot Special Summon from the Extra Deck. You can banish this card from your GY; Special Summon 1 monster with 800 ATK/1000 DEF from your hand. You can only use each effect of ""The Monarchs Revolt"" once per turn.",,0.07,0.32,4.99,0.33,0.41,1st Edition,DUAD-EN062,Super Rare,SPELL,,Normal Spell,,,,
639400,Regenesis Cycle,Regenesis Cycle,https://tcgplayer-cdn.tcgplayer.com/product/639400_200w.jpg,2,24265,https://cpt.tcgcsv.com/0N77,2025-07-17T11:58:15.767,1,"If you control a monster with 2500 original ATK or DEF: Target 1 card your opponent controls, or you can target 2 if you control ""Regenesis Lord""; banish that card(s). If this card is in your GY, except the turn it was sent there: You can banish it; Special Summon 1 monster with 2500 ATK or DEF from your hand. You can only use each effect of ""Regenesis Cycle"" once per turn.",,0.01,0.12,4.99,0.11,0.02,1st Edition,DUAD-EN063,Common,SPELL,,Normal Spell,,,,
639401,Inferno of the Ashened,Inferno of the Ashened,https://tcgplayer-cdn.tcgplayer.com/product/639401_200w.jpg,2,24265,https://cpt.tcgcsv.com/2N77,2025-08-04T15:50:35.573,1,"When this card is activated: You can place 1 ""Obsidim, the Ashened City"" from your Deck, face-up in either Field Zone. You can target 1 face-up card your opponent controls and 1 Level 8 or higher DARK Pyro monster in your GY; send that card on the field to the GY, and if you do, Special Summon that other monster from your GY to your opponent's field in Defense Position. You can only use this effect of ""Inferno of the Ashened"" once per turn. You can only activate 1 ""Inferno of the Ashened"" per turn.",,0.01,0.1,4.99,0.09,0.03,1st Edition,DUAD-EN064,Common,SPELL,,Continuous Spell,,,,
639402,Primite Fusion,Primite Fusion,https://tcgplayer-cdn.tcgplayer.com/product/639402_200w.jpg,2,24265,https://cpt.tcgcsv.com/3N77,2025-07-17T11:58:14.643,1,"Fusion Summon 1 Dragon Fusion Monster from your Extra Deck, by shuffling its materials from your field, GY, and/or banishment into the Deck, including a Normal Monster. You can banish this card from your GY; add 1 Level 5 or higher ""Primite"" monster from your Deck or GY to your hand. You can only use each effect of ""Primite Fusion"" once per turn.",,0.12,0.51,4.99,0.56,0.66,1st Edition,DUAD-EN065,Super Rare,SPELL,,Normal Spell,,,,
639403,"Vanquish Soul, Start!",Vanquish Soul Start,https://tcgplayer-cdn.tcgplayer.com/product/639403_200w.jpg,2,24265,https://cpt.tcgcsv.com/5N77,2025-07-17T11:58:18.187,1,"You can target 1 ""Vanquish Soul"" monster you control; add 1 ""Vanquish Soul"" monster with a different Attribute from your Deck to your hand. If a ""Vanquish Soul"" monster(s) you control would be destroyed by battle or card effect, you can reveal 1 ""Vanquish Soul"" monster in your hand instead. During your End Phase, if you control 2 or more ""Vanquish Soul"" monsters: You can Set 1 ""Vanquish Soul"" Trap from your Deck. You can only use each effect of ""Vanquish Soul, Start!"" once per turn.",,0.01,0.12,4.99,0.1,0.02,1st Edition,DUAD-EN066,Common,SPELL,,Field Spell,,,,
639404,"Nouvelles Recipe Book ""Recettes de Nouvellez""",Nouvelles Recipe Book Recettes de Nouvellez,https://tcgplayer-cdn.tcgplayer.com/product/639404_200w.jpg,2,24265,https://cpt.tcgcsv.com/6N77,2025-07-17T11:58:14.31,1,"While you control a ""Nouvelles"" Monster Card, all face-up monsters your opponent controls are changed to Attack Position. Each time a monster(s) is Tributed by a Ritual Monster's effect, your opponent pays 850 LP. Once per turn, if you Special Summon a Ritual Monster(s) (except during the Damage Step): You can target 1 of them; add 1 ""Recipe"" or ""Nouvelles"" card from your Deck to your hand, except a Continuous Spell, and if you do, increase that monster's Level by 1. You can only activate 1 ""Nouvelles Recipe Book ""Recettes de Nouvellez"""" per turn.",,0.01,0.1,4.99,0.05,0.02,1st Edition,DUAD-EN067,Common,SPELL,,Continuous Spell,,,,
639405,"Layer 19 ""Sudden Incursion! Super Quantum Black!!""",Layer 19 Sudden Incursion Super Quantum Black,https://tcgplayer-cdn.tcgplayer.com/product/639405_200w.jpg,2,24265,https://cpt.tcgcsv.com/7N77,2025-07-17T11:58:12.947,1,"Activate 1 of these effects (but you can only use each effect of ""Layer 19 ""Sudden Incursion! Super Quantum Black!!"""" once per turn);<br>• Target 1 Attack Position monster on the field; change it to Defense Position.<br>• If you control a ""Super Quant"" monster: Special Summon 1 ""Super Quant"" monster from your Deck with a different original Attribute from the monsters you control, in Defense Position.<br>• Set 1 ""Super Quant"" Trap from your Deck. It can be activated this turn.",,0.01,0.1,4.99,0.02,0.01,1st Edition,DUAD-EN068,Common,SPELL,,Quick-Play Spell,,,,
639406,Sky Striker Special Maneuver - Lemnisgate!,Sky Striker Special Maneuver Lemnisgate,https://tcgplayer-cdn.tcgplayer.com/product/639406_200w.jpg,2,24265,https://cpt.tcgcsv.com/8N77,2025-09-06T01:40:59.13,1,"Target an equal number of ""Sky Striker Ace"" monsters and ""Sky Striker"" Spells in your GY; shuffle them into the Deck, then, for every 3 shuffled cards, you can return up to 1 card on the field to the hand. If a ""Sky Striker"" monster(s) is Special Summoned to your field, while this card is in your GY (except during the Damage Step): You can banish this card; immediately after this effect resolves, Link Summon 1 ""Sky Striker Ace"" Link Monster. You can only use each effect of ""Sky Striker Special Maneuver - Lemnisgate!"" once per turn.",,2.51,4.99,29.99,4.5,5.85,1st Edition,DUAD-EN069,Ultra Rare,SPELL,,Quick-Play Spell,,,,
639407,Guilt-Gripping Morganite,Guilt Gripping Morganite,https://tcgplayer-cdn.tcgplayer.com/product/639407_200w.jpg,2,24265,https://cpt.tcgcsv.com/9N77,2025-07-17T11:58:12.6,1,"For the rest of this Duel, apply the following effects.<br>• You cannot activate monster effects in the hand.<br>• You can Normal Summon Level 5 or higher monsters without Tributing.<br>• You do not pay LP to activate Spell/Trap Cards.<br>You can banish this card from your GY, then reveal 1 ""Morganite"" card in your hand; place the revealed card on the bottom of the Deck, then draw 1 card.",,0.28,0.61,5.0,0.48,0.49,1st Edition,DUAD-EN070,Super Rare,SPELL,,Normal Spell,,,,
639408,Return of the Duelist (card),Return of the Duelist card,https://tcgplayer-cdn.tcgplayer.com/product/639408_200w.jpg,2,24265,https://cpt.tcgcsv.com/bN77,2025-07-17T11:58:15.83,1,"If an Xyz Monster is on the field or in either GY: Add 1 Equip Spell from your Deck or GY to your hand. You can only activate 1 ""Return of the Duelist"" per turn.",,0.01,0.1,4.99,0.07,0.01,1st Edition,DUAD-EN071,Common,SPELL,,Normal Spell,,,,
639409,Sudden Thunder Swamp,Sudden Thunder Swamp,https://tcgplayer-cdn.tcgplayer.com/product/639409_200w.jpg,2,24265,https://cpt.tcgcsv.com/cN77,2025-07-17T11:58:16.893,1,"When this card is activated: You can discard 1 card, and if you do, Set 1 Continuous Trap from your Deck or GY, with an effect that Special Summons itself as a monster, except the discarded card. If a card(s) you control is destroyed by battle or card effect, and sent to the GY or banished face-up: You can target 1 of them; add 1 card with the same name from your Deck to your hand. You can only use this effect of ""Sudden Thunder Swamp"" once per turn. You can only activate 1 ""Sudden Thunder Swamp"" per turn.",,0.01,0.11,4.99,0.1,0.02,1st Edition,DUAD-EN072,Common,SPELL,,Continuous Spell,,,,
639410,Spring,Spring,https://tcgplayer-cdn.tcgplayer.com/product/639410_200w.jpg,2,24265,https://cpt.tcgcsv.com/dN77,2025-07-17T11:58:16.707,1,"Once per turn: You can choose any number of your unused Main Monster Zones, and if you do, place that number of Season Counters on this card, also those zones cannot be used while this card is on the field. Monsters you control gain 400 ATK for each Season Counter on this card. Once per turn, during your opponent's End Phase: You can take 1 Field Spell from your Deck that you can place a Season Counter on, and place it face-up on your field (but neither player can activate its effects this turn), and if you do, place all Season Counters on this card on that card.",,0.01,0.1,4.99,0.03,0.01,1st Edition,DUAD-EN073,Common,SPELL,,Field Spell,,,,
639411,Unbreakable Xyz Barrier,Unbreakable Xyz Barrier,https://tcgplayer-cdn.tcgplayer.com/product/639411_200w.jpg,2,24265,https://cpt.tcgcsv.com/fN77,2025-07-17T11:58:17.863,1,"When a Spell/Trap Card, or monster effect, is activated while you control an Xyz Monster: Negate the activation, then you can detach 2 materials from a monster(s) you control, then destroy 1 card on the field. You can banish this card from your GY, then target 1 Xyz Monster you control; attach 1 LIGHT ""Utopia"" or ""Utopic"" Xyz Monster from your GY to it. You can only use each effect of ""Unbreakable Xyz Barrier"" once per turn.",,0.01,0.11,4.99,0.07,0.02,1st Edition,DUAD-EN074,Common,TRAP,,Counter Trap,,,,
639412,Artmage Pact -Awakening-,Artmage Pact Awakening,https://tcgplayer-cdn.tcgplayer.com/product/639412_200w.jpg,2,24265,https://cpt.tcgcsv.com/gN77,2025-07-17T11:58:11.247,1,"Special Summon 1 ""Artmage"" monster or 1 ""Medius the Pure"" from your Deck, also for the rest of this turn, the activation of your cards and effects that include an effect that Fusion Summons a Fusion Monster cannot be negated, also your opponent cannot activate cards or effects when a monster is Fusion Summoned this way. You can banish this card from your GY, then target 1 ""Artmage"" monster you control; return that monster to the hand/Extra Deck, and if you do, destroy 1 card your opponent controls. You can only use 1 ""Artmage Pact -Awakening-"" effect per turn, and only once that turn.",,0.01,0.13,4.99,0.09,0.03,1st Edition,DUAD-EN075,Common,TRAP,,Normal Trap,,,,
639413,Monarchic Perfection,Monarchic Perfection,https://tcgplayer-cdn.tcgplayer.com/product/639413_200w.jpg,2,24265,https://cpt.tcgcsv.com/hN77,2025-07-17T11:58:13.83,1,"Once per Chain, if your opponent Special Summons a monster(s), and you control a Tribute Summoned monster (except during the Damage Step): You can banish 1 ""Monarch"" Spell/Trap from your GY, then activate 1 of these effects (but you can only use each effect of ""Monarchic Perfection"" once per turn);<br>• Destroy 1 monster on the field.<br>• Destroy up to 2 Spells/Traps on the field.<br>• Discard 1 random card from your opponent's hand.<br>• Destroy 1 face-down card on the field.<br>• Place 1 card from the field on top of the Deck.<br>• Banish 1 card on the field.",,0.01,0.25,4.99,0.28,0.11,1st Edition,DUAD-EN076,Super Rare,TRAP,,Continuous Trap,,,,
639414,Regenesis Commands,Regenesis Commands,https://tcgplayer-cdn.tcgplayer.com/product/639414_200w.jpg,2,24265,https://cpt.tcgcsv.com/jN77,2025-07-17T11:58:15.7,1,"Apply these effects to all cards your opponent controls in the same column as your ""Regenesis"" monsters.<br>• Face-up cards: Negate their effects.<br>• Face-down monsters: Cannot change their battle positions.<br>• Face-down Spells/Traps: Cannot be activated until the end of the next turn.<br>You can only activate 1 ""Regenesis Commands"" per turn.",,0.01,0.11,4.99,0.1,0.03,1st Edition,DUAD-EN077,Common,TRAP,,Normal Trap,,,,
639415,Trap Holic,Trap Holic,https://tcgplayer-cdn.tcgplayer.com/product/639415_200w.jpg,2,24265,https://cpt.tcgcsv.com/kN77,2025-07-17T11:58:17.53,1,"Target 1 Spell/Trap you control; destroy it, and if you do, Set 1 Normal Trap from your Deck, except ""Trap Holic"". It can be activated this turn, while you have 3 or more Traps in your GY. You can only activate 1 ""Trap Holic"" per turn.",,0.9,1.72,19.99,1.39,3.72,1st Edition,DUAD-EN078,Ultra Rare,TRAP,,Normal Trap,,,,
639416,Shipping Error,Shipping Error,https://tcgplayer-cdn.tcgplayer.com/product/639416_200w.jpg,2,24265,https://cpt.tcgcsv.com/lN77,2025-07-17T11:58:16.12,1,"When a card or effect is activated that includes an effect that adds a card(s) from the Deck to the hand: The activated effect becomes ""Your opponent takes 1 card from their Deck for you to add to your hand, and you must keep that card revealed. During the End Phase of this turn, shuffle it into the Deck, and if you do, draw 1 card"".",,0.01,0.1,4.99,0.06,0.01,1st Edition,DUAD-EN079,Common,TRAP,,Normal Trap,,,,
639417,Spirit Poacher,Spirit Poacher,https://tcgplayer-cdn.tcgplayer.com/product/639417_200w.jpg,2,24265,https://cpt.tcgcsv.com/mN77,2025-07-17T11:58:16.613,1,"Once per turn, during your opponent's Standby Phase: You can activate 1 of these effects;<br>• Place 1 monster from your Deck in your Spell & Trap Zone as a face-up Continuous Spell.<br>• Your opponent can Special Summon 1 Monster Card with less original ATK than their LP from your Spell & Trap Zone to their field, then they pay LP equal to its original ATK.<br>If an Effect Monster(s) you own is Special Summoned to your opponent's field: You can send this face-up card from the Spell & Trap Zone to the GY; Special Summon 1 Level 4 or lower monster from your Deck.",,0.01,0.1,4.99,0.07,0.02,1st Edition,DUAD-EN080,Common,TRAP,,Continuous Trap,,,,
639418,Buio the Dawn's Light,Buio the Dawns Light,https://tcgplayer-cdn.tcgplayer.com/product/639418_200w.jpg,2,24265,https://cpt.tcgcsv.com/nN77,2025-07-17T11:58:11.563,1,"Monsters in your leftmost or rightmost Main Monster Zones cannot be destroyed by card effects. You can only use each of the following effects of ""Buio the Dawn's Light"" once per turn. If this card is in your hand: You can target 1 Fiend Effect Monster you control; negate its effects, and if you do, Special Summon this card. If this card is sent to the GY: You can add 1 ""Mutiny in the Sky"" from your Deck to your hand.",,0.01,0.15,4.99,0.13,0.03,1st Edition,DUAD-EN081,Common,DARK,Fiend,Effect Monster,1000,1500,,
639419,Luce the Dusk's Dark,Luce the Dusks Dark,https://tcgplayer-cdn.tcgplayer.com/product/639419_200w.jpg,2,24265,https://cpt.tcgcsv.com/pN77,2025-07-17T11:58:13.12,1,"3 Fiend and/or Fairy monsters in your GY<br>Monsters in your leftmost or rightmost Main Monster Zones cannot be destroyed by card effects. You can only use each of the following effects of ""Luce the Dusk's Dark"" once per turn. You can target 1 card your opponent controls; send 1 Fiend or Fairy monster from your Deck to the GY, and if you do, destroy that card. If another card(s) you control is destroyed by card effect (except during the Damage Step): You can target 1 card on the field; destroy it.",,0.03,0.25,4.99,0.16,0.11,1st Edition,DUAD-EN082,Super Rare,DARK,Fiend,Fusion/Effect Monster,3500,3000,,
639420,Mutiny in the Sky,Mutiny in the Sky,https://tcgplayer-cdn.tcgplayer.com/product/639420_200w.jpg,2,24265,https://cpt.tcgcsv.com/qN77,2025-07-17T11:58:14.09,1,"Fusion Summon 1 Fiend or Fairy Fusion Monster from your Extra Deck, by shuffling Fiend and/or Fairy monsters from your GY into the Deck as material. If this card is in your GY: You can send 1 Fiend or Fairy monster from your hand or face-up field to the GY; add this card to your hand. You can only use each effect of ""Mutiny in the Sky"" once per turn.",,0.01,0.14,4.99,0.13,0.03,1st Edition,DUAD-EN083,Common,SPELL,,Normal Spell,,,,
639421,Miracle Raven,Miracle Raven,https://tcgplayer-cdn.tcgplayer.com/product/639421_200w.jpg,2,24265,https://cpt.tcgcsv.com/rN77,2025-07-17T11:58:13.77,1,"<strong>Pendulum Effect</strong><br>
<br>Once per turn, during your Main Phase: You can Ritual Summon this card, by Tributing monsters from your hand or field whose total Levels equal or exceed 1.<br>
<br><br>
<br><strong>Monster Effect</strong><br>
<br>You can Ritual Summon this card with ""Miracle Raven"". Must be Ritual Summoned. This Ritual Summoned card is unaffected by your opponent's activated effects. If you Ritual Summon exactly 1 Ritual Monster with a card effect that requires use of monsters, this card you control can be used as the entire Tribute. If this card is Tributed for a Ritual Summon: You can add 1 Ritual Monster from your Deck to your hand. You can only use this effect of ""Miracle Raven"" once per turn.",,0.01,0.16,4.99,0.1,,1st Edition,DUAD-EN084,Common,DARK,Fiend,Ritual/Pendulum/Effect Monster,300,300,,
639422,ASHLAN U1000,ASHLAN U1000,https://tcgplayer-cdn.tcgplayer.com/product/639422_200w.jpg,2,24265,https://cpt.tcgcsv.com/sN77,2025-08-04T15:49:58.473,1,"2 monsters with different Types and Attributes<br>If a Ritual Monster this card points to attacks a Defense Position monster, inflict piercing battle damage to your opponent. You can only use each of the following effects of ""ASHLAN U1000"" once per turn. You can reveal 1 Ritual Monster in your hand; add 1 Ritual Monster with a different Type and Attribute from your Deck to your hand. If you Ritual Summon (except during the Damage Step): You can target 1 face-up card your opponent controls; return it to the hand.",,0.01,0.1,4.99,0.08,0.01,1st Edition,DUAD-EN085,Common,LIGHT,Cyberse,Link/Effect Monster,1400,,2,Bottom-Right;Bottom-Left
639423,Readying of Rites,Readying of Rites,https://tcgplayer-cdn.tcgplayer.com/product/639423_200w.jpg,2,24265,https://cpt.tcgcsv.com/tN77,2025-07-17T11:58:15.637,1,"Add 1 Fiend Ritual Monster from your Deck to your hand, then if you added a Pendulum Monster, you can Special Summon 1 ""Sacrificial Offering Token"" (Fiend/DARK/Level 1/ATK 300/DEF 300). While you control that Token, you cannot Special Summon from the Extra Deck. When your Ritual Monster inflicts battle damage to your opponent: You can banish this card from your GY; draw 1 card. You can only use each effect of ""Readying of Rites"" once per turn.",,0.02,0.25,4.99,0.13,0.11,1st Edition,DUAD-EN086,Super Rare,SPELL,,Normal Spell,,,,
639424,Steel-Stringed Sacrifice,Steel Stringed Sacrifice,https://tcgplayer-cdn.tcgplayer.com/product/639424_200w.jpg,2,24265,https://cpt.tcgcsv.com/vN77,2025-07-17T11:58:16.833,1,"If this card is in your hand or GY: You can reveal 1 Level 5 or higher monster in your hand, then activate 1 of these effects (but you can only use each effect of ""Steel-Stringed Sacrifice"" once per turn); during the End Phase of this turn, lose 1000 LP if you did not Normal Summon the revealed monster, or a monster with the same original name, after activating this effect.<br>• Special Summon this card from your hand.<br>• Add this card from your GY to your hand.<br>• Banish this card from your GY, and if you do, add 1 Level 5 or higher monster from your GY to your hand.",,0.01,0.1,4.99,0.06,0.02,1st Edition,DUAD-EN087,Common,LIGHT,Warrior,Effect Monster,800,1000,,
639425,Xyz Lay,Xyz Lay,https://tcgplayer-cdn.tcgplayer.com/product/639425_200w.jpg,2,24265,https://cpt.tcgcsv.com/wN77,2025-07-17T11:58:18.317,1,"The equipped monster gains 200 ATK for each Xyz Material on the field. Once per turn: You can activate the following effect, based on the equipped monster's card type;<br>• Xyz: Detach 2 materials from a monster(s) you control; Set 1 ""Xyz"" Spell/Trap from your Deck.<br>• Other: Special Summon 1 monster with the same Level as the equipped monster from your hand in Defense Position, but negate its effects.<br>You can only activate 1 ""Xyz Lay"" per turn.",,0.01,0.1,4.99,0.11,0.02,1st Edition,DUAD-EN088,Common,SPELL,,Equip Spell,,,,
639426,Psychic Omnibuster,Psychic Omnibuster,https://tcgplayer-cdn.tcgplayer.com/product/639426_200w.jpg,2,24265,https://cpt.tcgcsv.com/xN77,2025-07-17T11:58:14.813,1,"1 Tuner + 1+ non-Tuner Psychic monsters<br>Each time your opponent activates a card or effect on the field (except during the Damage Step): You can pay 2000 LP and declare 1 card type (Monster, Spell, or Trap) (but you can only declare each card type once per turn to activate this effect of ""Psychic Omnibuster""); look at 1 random card in your opponent's hand, and if it is the declared card type, apply these effects in sequence (skip over any that do not apply).<br>• This card cannot be destroyed by the effects of the declared card type this turn.<br>• Banish the card you looked at, face-up, until the End Phase.",,0.01,0.1,4.99,0.07,0.03,1st Edition,DUAD-EN089,Common,WIND,Psychic,Synchro/Effect Monster,2500,2000,,
639427,R.B. Ga10 Driller,RB Ga10 Driller,https://tcgplayer-cdn.tcgplayer.com/product/639427_200w.jpg,2,24265,https://cpt.tcgcsv.com/zN77,2025-07-17T11:58:15.07,1,"If you control no face-up monsters, or the only face-up monsters you control are ""R.B."" monsters, you can Special Summon this card (from your hand). You can only Special Summon ""R.B. Ga10 Driller"" once per turn this way. During the Main Phase, if this card is linked to an ""R.B."" Link Monster (Quick Effect): You can pay 500 LP, then target 1 monster your opponent controls; destroy both that monster and this card. You can only use this effect of ""R.B. Ga10 Driller"" once per turn.",,0.01,0.2,4.99,0.13,0.11,1st Edition,DUAD-EN090,Super Rare,EARTH,Machine,Effect Monster,500,500,,
639428,R.B. Ga10 Cutter,RB Ga10 Cutter,https://tcgplayer-cdn.tcgplayer.com/product/639428_200w.jpg,2,24265,https://cpt.tcgcsv.com/BN77,2025-07-17T11:58:14.97,1,"If you control no face-up monsters, or the only face-up monsters you control are ""R.B."" monsters, you can Special Summon this card (from your hand). You can only Special Summon ""R.B. Ga10 Cutter"" once per turn this way. When your opponent's Spell/Trap Card or effect is activated, and this card is linked to an ""R.B."" Link Monster (Quick Effect): You can pay 700 LP; destroy this card, and if you do, negate that effect, and if you do that, destroy that card. You can only use this effect of ""R.B. Ga10 Cutter"" once per turn.",,0.06,0.25,4.99,0.19,0.15,1st Edition,DUAD-EN091,Super Rare,EARTH,Machine,Effect Monster,700,700,,
639429,R.B. VALCan Rocket,RB VALCan Rocket,https://tcgplayer-cdn.tcgplayer.com/product/639429_200w.jpg,2,24265,https://cpt.tcgcsv.com/CN77,2025-07-17T11:58:15.557,1,"If you control no face-up monsters, or the only face-up monsters you control are ""R.B."" monsters, you can Special Summon this card (from your hand). You can only Special Summon ""R.B. VALCan Rocket"" once per turn this way. If this card is linked to an ""R.B."" Link Monster: You can pay 1000 LP, then target up to 2 cards your opponent controls; destroy them, also this card, and if you do, inflict 500 damage to your opponent for each card destroyed. You can only use this effect of ""R.B. VALCan Rocket"" once per turn.",,0.01,0.2,4.99,0.12,0.09,1st Edition,DUAD-EN092,Super Rare,FIRE,Machine,Effect Monster,1000,1000,,
639430,R.B. VALCan Booster,RB VALCan Booster,https://tcgplayer-cdn.tcgplayer.com/product/639430_200w.jpg,2,24265,https://cpt.tcgcsv.com/DN77,2025-07-17T11:58:15.44,1,"2 Machine monsters<br>If this card is Link Summoned: You can add 1 ""R.B."" Spell from your Deck to your hand. If this card is in the Extra Monster Zone: You can Special Summon 1 ""R.B."" monster from your hand or GY in Defense Position, then you can move this card you control to another of your Main Monster Zones, also you cannot Special Summon from the Extra Deck for the rest of this turn, except Machine monsters with 1500 or less ATK. You can only use each effect of ""R.B. VALCan Booster"" once per turn.",,0.2,0.78,12.99,0.75,1.55,1st Edition,DUAD-EN093,Ultra Rare,FIRE,Machine,Link/Effect Monster,500,,2,Bottom;Top
639431,R.B. The Brute Blues,RB The Brute Blues,https://tcgplayer-cdn.tcgplayer.com/product/639431_200w.jpg,2,24265,https://cpt.tcgcsv.com/FN77,2025-07-17T11:58:15.33,1,"2+ Machine monsters<br>Gains the following effects while this card points to an ""R.B."" monster.<br>• Gains ATK equal to the total original ATK of ""R.B."" monsters it points to.<br>• Can make a second attack during each Battle Phase.<br>• Cannot be destroyed by battle or card effects.<br>During your Main Phase: You can add 1 ""R.B."" card from your Deck to your hand. You can only use this effect of ""R.B. The Brute Blues"" once per turn.",,0.14,1.0,12.99,0.96,1.16,1st Edition,DUAD-EN094,Ultra Rare,WIND,Machine,Link/Effect Monster,1500,,3,Bottom-Left;Bottom;Bottom-Right
639432,R.B. Funk Dock,RB Funk Dock,https://tcgplayer-cdn.tcgplayer.com/product/639432_200w.jpg,2,24265,https://cpt.tcgcsv.com/GN77,2025-07-17T11:58:14.877,1,"When this card is activated: Add 1 ""R.B."" card from your Deck to your hand, except ""R.B. Funk Dock"". Each time a monster(s) your opponent controls is destroyed by battle or card effect, gain 500 LP. If a face-up ""R.B."" monster(s) you control leaves the field by card effect (except during the Damage Step): You can Special Summon 1 ""R.B."" monster from your Deck. You can only use this effect of ""R.B. Funk Dock"" once per turn. You can only activate 1 ""R.B. Funk Dock"" per turn.",,0.01,0.2,4.99,0.13,0.11,1st Edition,DUAD-EN095,Super Rare,SPELL,,Field Spell,,,,
639433,R.B. Stage Landing,RB Stage Landing,https://tcgplayer-cdn.tcgplayer.com/product/639433_200w.jpg,2,24265,https://cpt.tcgcsv.com/HN77,2025-07-17T11:58:15.15,1,"Special Summon 1 ""R.B."" monster from your Deck/Extra Deck with a different name than the cards you control. If an ""R.B."" monster(s) you control would be destroyed by battle or card effect, you can banish this card from your GY instead. You cannot Special Summon from the Extra Deck the turn you activate this card, except Machine monsters with 1500 or less original ATK.",,3.23,5.0,25.0,4.87,4.99,1st Edition,DUAD-EN096,Secret Rare,SPELL,,Normal Spell,,,,
639434,Galaxy War Drake,Galaxy War Drake,https://tcgplayer-cdn.tcgplayer.com/product/639434_200w.jpg,2,24265,https://cpt.tcgcsv.com/JN77,2025-07-17T11:58:12.393,1,"If a Level 4 LIGHT monster(s) is Special Summoned to your field (except during the Damage Step): You can Special Summon this card from your hand (if it was there when the Summon resolved) or GY (even if not), but banish it when it leaves the field. You can target 1 other Level 4 LIGHT monster you control; make both that monster and this card Level 8 until the end of this turn. You can only use each effect of ""Galaxy War Drake"" once per turn, also you cannot Special Summon the turn you activate either of this card's effects, except LIGHT monsters.",,0.01,0.2,4.99,0.1,0.07,1st Edition,DUAD-EN097,Super Rare,LIGHT,Dragon,Effect Monster,1500,1000,,
639435,Ukanomitsune-no-Tamayura,Ukanomitsune no Tamayura,https://tcgplayer-cdn.tcgplayer.com/product/639435_200w.jpg,2,24265,https://cpt.tcgcsv.com/KN77,2025-07-17T11:58:17.8,1,"If you control a Level 4 or lower LIGHT Beast, Plant, or Fairy monster: You can Special Summon this card from your hand. A monster that was Synchro Summoned using this card as material gains these effects.<br>• Gains 500 DEF.<br>• Your opponent cannot target this Defense Position card with card effects.<br>You can only use each effect of ""Ukanomitsune-no-Tamayura"" once per turn.",,0.01,0.1,4.99,0.1,0.02,1st Edition,DUAD-EN098,Common,LIGHT,Beast,Tuner/Effect Monster,1500,300,,
639436,Moon Magician,Moon Magician,https://tcgplayer-cdn.tcgplayer.com/product/639436_200w.jpg,2,24265,https://cpt.tcgcsv.com/LN77,2025-07-17T11:58:13.973,1,"If your opponent controls an Xyz Monster, you can Special Summon this card (from your hand). You can only Special Summon ""Moon Magician"" once per turn this way. If this card is Normal or Special Summoned: You can target 1 Level 4 LIGHT monster in your GY, except ""Moon Magician""; Special Summon it, but negate its effects. You can only use this effect of ""Moon Magician"" once per turn.",,0.01,0.1,4.99,0.07,0.02,1st Edition,DUAD-EN099,Common,LIGHT,Spellcaster,Effect Monster,1800,1500,,
639437,Moon Gardna,Moon Gardna,https://tcgplayer-cdn.tcgplayer.com/product/639437_200w.jpg,2,24265,https://cpt.tcgcsv.com/MN77,2025-07-17T11:58:13.893,1,"If your opponent controls 2 or more monsters, you can Special Summon this card (from your hand). You can only Special Summon ""Moon Gardna"" once per turn this way. If this card is Normal or Special Summoned and your opponent controls a monster: You can target 1 Level 4 LIGHT monster in your GY, except ""Moon Gardna""; add it to your hand. You can only use this effect of ""Moon Gardna"" once per turn.",,0.01,0.1,4.99,0.06,0.02,1st Edition,DUAD-EN100,Common,LIGHT,Spellcaster,Effect Monster,100,2000,,
639438,Gagaga Girl (Alternate Art),Gagaga Girl Alternate Art,https://tcgplayer-cdn.tcgplayer.com/product/639438_200w.jpg,2,24265,https://cpt.tcgcsv.com/NN77,2025-07-17T11:58:12.09,1,"You can target 1 ""Gagaga Magician"" you control; this card's Level becomes the Level of that monster. An Xyz Monster that was Summoned using only this card and other ""Gagaga"" monsters as Xyz Material gains this effect.<br>• When it is Xyz Summoned: You can target 1 Special Summoned monster your opponent controls; its ATK becomes 0.",,15.63,20.61,99.99,16.5,,1st Edition,DUAD-EN101,Starlight Rare,DARK,Spellcaster,Effect Monster,1000,800,,
641259,Dodododo Warrior (Starlight Rare),Dodododo Warrior Starlight Rare,https://tcgplayer-cdn.tcgplayer.com/product/641259_200w.jpg,2,24265,https://cpt.tcgcsv.com/cw87,2025-07-17T11:58:11.833,1,"You can send 1 ""Dododo"" monster from your Deck to the GY; Special Summon this card from your hand  (its Level becomes 4, also its ATK becomes 1800), also you cannot Special Summon from the Extra Deck for the rest of this turn, except Xyz Monsters. If this card is detached from an Xyz Monster to activate that monster's effect: You can add 1 ""Zubaba"" monster from your Deck to your hand. You can only use each effect of ""Dodododo Warrior"" once per turn.",,21.31,27.65,74.99,22.75,22.48,1st Edition,DUAD-EN004,Starlight Rare,EARTH,Warrior,Effect Monster,2300,900,,
641260,Lunalight Gold Leo (Starlight Rare),Lunalight Gold Leo Starlight Rare,https://tcgplayer-cdn.tcgplayer.com/product/641260_200w.jpg,2,24265,https://cpt.tcgcsv.com/dw87,2025-07-17T11:58:13.23,1,"If this card is Normal or Special Summoned: You can add 1 ""Lunalight"" monster from your Deck to your hand, except ""Lunalight Gold Leo"", then discard 1 card. If a ""Lunalight"" monster(s) is sent to your GY, while this card is in your Monster Zone, even during the Damage Step: You can target 1 of them; add it to your hand. You can only use each effect of ""Lunalight Gold Leo"" once per turn.",,40.35,51.5,149.99,41.18,41.04,1st Edition,DUAD-EN005,Starlight Rare,DARK,Beast-Warrior,Effect Monster,600,1600,,
641261,Medius the Pure (Starlight Rare),Medius the Pure Starlight Rare,https://tcgplayer-cdn.tcgplayer.com/product/641261_200w.jpg,2,24265,https://cpt.tcgcsv.com/fw87,2025-07-17T11:58:13.58,1,"If this card is Normal or Special Summoned: You can add to your hand, or Special Summon, 1 ""Power Patron"" monster from your Deck. If this card is in your GY: You can shuffle 1 monster from your hand or face-up field into the Deck, and if you do, Special Summon this card, but banish it when it leaves the field. You can only use each effect of ""Medius the Pure"" once per turn.",,67.9,76.23,199.99,67.46,77.58,1st Edition,DUAD-EN008,Starlight Rare,DARK,Fairy,Effect Monster,1800,1800,,
641262,Artmage Finmel (Starlight Rare),Artmage Finmel Starlight Rare,https://tcgplayer-cdn.tcgplayer.com/product/641262_200w.jpg,2,24265,https://cpt.tcgcsv.com/gw87,2025-07-17T11:58:11.003,1,"Your opponent cannot target Level 6 or lower ""Artmage"" monsters you control with card effects. You can only use each of the following effects of ""Artmage Finmel"" once per turn. If you control an ""Artmage"" card: You can Special Summon this card from your hand, then you can draw 1 card. During the Main Phase, if you have 3 or more different Monster Types on your field (Quick Effect): You can negate the effects of all face-up monsters your opponent currently controls, also until the end of this turn, their ATK's become halved.",,20.12,23.9,80.0,22.16,,1st Edition,DUAD-EN009,Starlight Rare,LIGHT,Warrior,Effect Monster,2400,1500,,
641263,Artmage Graflare (Starlight Rare),Artmage Graflare Starlight Rare,https://tcgplayer-cdn.tcgplayer.com/product/641263_200w.jpg,2,24265,https://cpt.tcgcsv.com/hw87,2025-07-17T11:58:11.103,0,"The first time this card would be destroyed by battle each turn, it is not destroyed. You can only use each of the following effects of ""Artmage Graflare"" once per turn. If you control an ""Artmage"" card: You can Special Summon this card from your hand, then you can Set 1 ""Artmage"" Spell from your Deck. You can target 1 Spell/Trap your opponent controls; destroy it. This is a Quick Effect if you have 3 or more different Monster Types on your field.",,20.22,25.94,93.99,20.81,20.75,1st Edition,DUAD-EN010,Starlight Rare,LIGHT,Dragon,Effect Monster,2100,1500,,
641264,Eidos the Underworld Monarch (Starlight Rare),Eidos the Underworld Monarch Starlight Rare,https://tcgplayer-cdn.tcgplayer.com/product/641264_200w.jpg,2,24265,https://cpt.tcgcsv.com/jw87,2025-07-17T11:58:11.947,1,"If this card is Normal or Special Summoned: You can add 1 ""Monarch"" Spell/Trap or 1 monster with 2800 ATK/1000 DEF from your Deck or GY to your hand. You can declare 1 Attribute; make 1 face-up monster on the field become that Attribute. If you Tribute Summon a monster with 2400 or more ATK and 1000 DEF, while this card is in your GY: You can add this card to your hand or Special Summon it. You can only use each effect of ""Eidos the Underworld Monarch"" once per turn.",,46.26,50.98,119.99,26.78,,1st Edition,DUAD-EN017,Starlight Rare,DARK,Spellcaster,Effect Monster,2400,1000,,
641265,Kaibaman the Legend (Starlight Rare),Kaibaman the Legend Starlight Rare,https://tcgplayer-cdn.tcgplayer.com/product/641265_200w.jpg,2,24265,https://cpt.tcgcsv.com/kw87,2025-07-17T11:58:12.883,1,"If this card is Normal or Special Summoned: You can show 3 ""Blue-Eyes White Dragon"" in your hand, Deck, face-up field, and/or GY, then Special Summon 1 ""Blue-Eyes White Dragon"" from your hand, Deck, or GY. If you Special Summon ""Blue-Eyes White Dragon"" while this card is in your GY (except during the Damage Step): You can banish this card; add 1 ""Blue-Eyes"" monster from your Deck to your hand. You can only use each effect of ""Kaibaman the Legend"" once per turn.",,32.0,38.39,79.99,36.19,,1st Edition,DUAD-EN021,Starlight Rare,LIGHT,Warrior,Tuner/Effect Monster,200,700,,
641269,Vanquish Soul Hollie Sue (Starlight Rare),Vanquish Soul Hollie Sue Starlight Rare,https://tcgplayer-cdn.tcgplayer.com/product/641269_200w.jpg,2,24265,https://cpt.tcgcsv.com/pw87,2025-07-17T11:58:18.063,1,"During the Main Phase (Quick Effect): You can reveal 1 other ""Vanquish Soul"" monster in your hand; Special Summon this card from your hand. (Quick Effect): You can activate 1 of these effects, by revealing monster(s) in your hand with the listed Attribute(s);<br>• EARTH & DARK: Take control of 1 monster your opponent controls with the lowest ATK (your choice, if tied) until the End Phase.<br>• FIRE & DARK: Special Summon 1 non-Psychic ""Vanquish Soul"" monster from your Deck.<br>You can only use each effect of ""Vanquish Soul Hollie Sue"" once per turn, and cannot activate more than 1 in the same Chain.",,133.4,152.46,299.99,169.07,136.78,1st Edition,DUAD-EN022,Starlight Rare,EARTH,Psychic,Effect Monster,500,2200,,
641270,Artmage Diactorus (Starlight Rare),Artmage Diactorus Starlight Rare,https://tcgplayer-cdn.tcgplayer.com/product/641270_200w.jpg,2,24265,https://cpt.tcgcsv.com/qw87,2025-07-17T11:58:10.877,1,"""Medius the Pure"" + 1 ""Artmage"" monster<br>You can target 1 monster on the field; change its battle position. When your opponent activates a card or effect on the field, if you have 3 or more different Monster Types on your field (Quick Effect): You can negate the activation, and if you do, destroy that card. If this Fusion Summoned card is destroyed: You can Special Summon 1 ""Medius the Pure"" from your hand, Deck, or banishment. You can only use each effect of ""Artmage Diactorus"" once per turn.",,23.68,27.37,69.99,25.52,,1st Edition,DUAD-EN032,Starlight Rare,LIGHT,Fairy,Fusion/Effect Monster,2800,2500,,
641271,Nerva the Power Patron of Creation (Starlight Rare),Nerva the Power Patron of Creation Starlight Rare,https://tcgplayer-cdn.tcgplayer.com/product/641271_200w.jpg,2,24265,https://cpt.tcgcsv.com/rw87,2025-07-17T11:58:14.25,1,"3 ""Artmage"" monsters<br>Must first be either Fusion Summoned, or Special Summoned (from your Extra Deck) in Defense Position by Tributing 3 monsters with different Types. You can only Special Summon ""Nerva the Power Patron of Creation(s)"" once per turn. While a card is in the Field Zone, this card cannot be destroyed by card effects. Once per turn, when you activate an ""Artmage"" monster's effect (Quick Effect): You can make the activated effect become ""Destroy all cards your opponent controls"".",,15.91,20.97,65.0,16.75,,1st Edition,DUAD-EN033,Starlight Rare,EARTH,Illusion,Fusion/Effect Monster,3300,3300,,
641272,Primite Dragon Nether Berzelius (Starlight Rare),Primite Dragon Nether Berzelius Starlight Rare,https://tcgplayer-cdn.tcgplayer.com/product/641272_200w.jpg,2,24265,https://cpt.tcgcsv.com/sw87,2025-07-17T11:58:14.597,1,"1 ""Primite"" monster + 1+ Normal Monsters<br>Gains 1000 ATK for each Normal Monster used for its Fusion Summon. Negate the activated effects of monsters your opponent controls, whose Levels/Ranks/Link Ratings are less than or equal to the number of Normal Monsters in your field and GY. If this card is sent from the field to the GY: You can Special Summon 1 Normal Monster from your Deck in Defense Position.",,20.6,22.16,300.0,21.77,,1st Edition,DUAD-EN035,Starlight Rare,EARTH,Dragon,Fusion/Effect Monster,1600,0,,
641273,Secreterion Dragon (Starlight Rare),Secreterion Dragon Starlight Rare,https://tcgplayer-cdn.tcgplayer.com/product/641273_200w.jpg,2,24265,https://cpt.tcgcsv.com/tw87,2025-07-17T11:58:15.953,1,"1 Dragon monster + 1 Spellcaster monster<br>This card loses 100 ATK for each of your banished cards. While you control this Fusion Summoned card, your opponent cannot activate the effects of Special Summoned Dragon or Spellcaster monsters they control. You can target 1 Dragon and 1 Spellcaster monster in your GY; Special Summon 1, and if you do, place the other on the bottom of the Deck. You can only use this effect of ""Secreterion Dragon"" once per turn.",,100.0,109.99,129.99,68.21,,1st Edition,DUAD-EN037,Starlight Rare,LIGHT,Dragon,Fusion/Effect Monster,3000,1500,,
641274,Number F0: Utopic Future Zexal (Starlight Rare),Number F0 Utopic Future Zexal Starlight Rare,https://tcgplayer-cdn.tcgplayer.com/product/641274_200w.jpg,2,24265,https://cpt.tcgcsv.com/vw87,2025-07-17T11:58:14.42,1,"2 Xyz Monsters with the same Rank<br>(This card's original Rank is always treated as 1.)<br>Gains ATK/DEF equal to the combined Ranks of all Xyz Monsters you control and in your opponent's GY x 500. Your opponent's monsters cannot target monsters for attacks, except this one, also your opponent cannot target other cards on the field with card effects. Once per turn, when your opponent activates a card or effect on the field (Quick Effect): You can detach 1 material from this card; take control of 1 monster your opponent controls, also for the rest of this turn, this card cannot be destroyed by battle or card effects.",,18.05,20.16,89.99,19.2,19.03,1st Edition,DUAD-EN042,Starlight Rare,LIGHT,Warrior,Xyz/Effect Monster,0,0,,
641275,Gagagaga Girl (Starlight Rare),Gagagaga Girl Starlight Rare,https://tcgplayer-cdn.tcgplayer.com/product/641275_200w.jpg,2,24265,https://cpt.tcgcsv.com/ww87,2025-07-17T11:58:12.253,1,"2 Level 4 monsters<br>If this card has a ""Zubaba"", ""Gagaga"", ""Gogogo"", or ""Dododo"" card as material: You can detach 1 material from this card; add 1 ""Gagaga"", ""Onomat"", or ""Xyz"" card from your Deck to your hand. You can only use this effect of ""Gagagaga Girl"" once per turn. A ""Utopic Future"" Xyz Monster that has this card as material gains this effect.<br>• If this card is Xyz Summoned: This card can make a second attack during each Battle Phase this turn.",,12.95,16.49,67.93,13.28,13.28,1st Edition,DUAD-EN043,Starlight Rare,DARK,Spellcaster,Xyz/Effect Monster,1500,1800,,
641276,Argostars - Adventurous Arion (Starlight Rare),Argostars Adventurous Arion Starlight Rare,https://tcgplayer-cdn.tcgplayer.com/product/641276_200w.jpg,2,24265,https://cpt.tcgcsv.com/xw87,2025-07-17T11:58:10.483,1,"2 Level 4 monsters<br>Once per turn, you can also Xyz Summon ""Argostars - Adventurous Arion"" by using 1 ""Argostars"" monster you control (transfer its materials to this card). If this card is Xyz Summoned: You can add 1 ""Argostars"" Spell from your Deck to your hand. During the Standby Phase: You can detach 2 materials from this card; place up to 3 ""Argostars"" Continuous Traps from your GY, face-up in your Spell & Trap Zone. You can only use each effect of ""Argostars - Adventurous Arion"" once per turn.",,5.76,11.0,29.99,9.18,,1st Edition,DUAD-EN045,Starlight Rare,DARK,Warrior,Xyz/Effect Monster,2200,2200,,
641277,Sky Striker Ace = Zero (Starlight Rare),Sky Striker Ace = Zero Starlight Rare,https://tcgplayer-cdn.tcgplayer.com/product/641277_200w.jpg,2,24265,https://cpt.tcgcsv.com/zw87,2025-07-17T11:58:16.297,1,"2 ""Sky Striker Ace"" monsters
<br>You can only Special Summon ""Sky Striker Ace = Zero(s)"" once per turn. Cannot be used as Link Material. If this card is Special Summoned: You can add 1 ""Sky Striker"" Spell from your Deck or GY to your hand. (Quick Effect): You can Tribute this card; Special Summon 1 ""Sky Striker Ace - Raye"" and 1 ""Sky Striker Ace - Roze"" from your Deck and/or GY, then you can destroy 1 card on the field. You can only use 1 ""Sky Striker Ace = Zero"" effect per turn, and only once that turn.",,178.96,182.98,399.99,182.86,182.0,1st Edition,DUAD-EN049,Starlight Rare,LIGHT,Machine,Link/Effect Monster,2000,,2,Bottom-Right;Bottom-Left
641278,Gorgon of Zilofthonia (Starlight Rare),Gorgon of Zilofthonia Starlight Rare,https://tcgplayer-cdn.tcgplayer.com/product/641278_200w.jpg,2,24265,https://cpt.tcgcsv.com/Bw87,2025-07-17T11:58:12.553,1,"2+ Effect Monsters<br>You cannot Summon/Set monsters to a zone(s) this card points to. Monsters this card points to cannot attack, also their activated effects are negated. Gains ATK equal to the total original ATK of monsters this card points to. Cannot be destroyed by battle or monster effects, while this card points to no monsters.",,40.0,48.39,129.99,43.78,,1st Edition,DUAD-EN050,Starlight Rare,DARK,Reptile,Link/Effect Monster,100,,3,Top-Right;Top;Top-Left
641279,Artmage Academic Arcane Arts Acropolis (Starlight Rare),Artmage Academic Arcane Arts Acropolis Starlight Rare,https://tcgplayer-cdn.tcgplayer.com/product/641279_200w.jpg,2,24265,https://cpt.tcgcsv.com/Cw87,2025-07-17T11:58:10.69,1,"During your Main Phase, you can Normal Summon 1 ""Medius the Pure"", in addition to your Normal Summon/Set (you can only gain this effect once per turn). You can discard 1 Spell/Trap, and declare 1 ""Artmage"" Monster Card name that is not among the monsters you control and has not been declared for ""Artmage Academic Arcane Arts Acropolis"" this turn; add that monster from your Deck to your hand, also you cannot Special Summon for the rest of this turn, except ""Artmage"" monsters, ""Medius the Pure"", or from the Extra Deck.",,39.45,46.67,105.0,40.58,,1st Edition,DUAD-EN054,Starlight Rare,SPELL,,Field Spell,,,,
641280,Artmage Varnish -Alteration- (Starlight Rare),Artmage Varnish Alteration Starlight Rare,https://tcgplayer-cdn.tcgplayer.com/product/641280_200w.jpg,2,24265,https://cpt.tcgcsv.com/Dw87,2025-07-17T11:58:11.453,1,"Place 1 ""Artmage Academic Arcane Arts Acropolis"" from your Deck or GY, face-up in your Field Zone, or if you control ""Artmage Academic Arcane Arts Acropolis"", add 1 ""Artmage"" card from your Deck to your hand instead, except ""Artmage Varnish -Alteration-"". When your ""Artmage"" monster is targeted for an attack: You can banish this card from your GY; negate that attack, then you can Special Summon 1 ""Medius the Pure"" from your hand. You can only use each effect of ""Artmage Varnish -Alteration-"" once per turn.",,22.72,30.0,80.0,23.18,28.79,1st Edition,DUAD-EN058,Starlight Rare,SPELL,,Normal Spell,,,,
641283,Sky Striker Special Maneuver - Lemnisgate! (Starlight Rare),Sky Striker Special Maneuver Lemnisgate Starlight Rare,https://tcgplayer-cdn.tcgplayer.com/product/641283_200w.jpg,2,24265,https://cpt.tcgcsv.com/Hw87,2025-07-17T11:58:16.517,1,"Target an equal number of ""Sky Striker Ace"" monsters and ""Sky Striker"" Spells in your GY; shuffle them into the Deck, then, for every 3 shuffled cards, you can return up to 1 card on the field to the hand. If a ""Sky Striker"" monster(s) is Special Summoned to your field, while this card is in your GY (except during the Damage Step): You can banish this card; immediately after this effect resolves, Link Summon 1 ""Sky Striker Ace"" Link Monster. You can only use each effect of ""Sky Striker Special Maneuver - Lemnisgate!"" once per turn.",,77.0,93.1,229.99,101.66,,1st Edition,DUAD-EN069,Starlight Rare,SPELL,,Quick-Play Spell,,,,
641285,Trap Holic (Starlight Rare),Trap Holic Starlight Rare,https://tcgplayer-cdn.tcgplayer.com/product/641285_200w.jpg,2,24265,https://cpt.tcgcsv.com/Kw87,2025-07-17T11:58:17.627,1,"Target 1 Spell/Trap you control; destroy it, and if you do, Set 1 Normal Trap from your Deck, except ""Trap Holic"". It can be activated this turn, while you have 3 or more Traps in your GY. You can only activate 1 ""Trap Holic"" per turn.",,28.39,32.86,95.73,32.19,,1st Edition,DUAD-EN078,Starlight Rare,TRAP,,Normal Trap,,,,
641286,R.B. VALCan Booster (Starlight Rare),RB VALCan Booster Starlight Rare,https://tcgplayer-cdn.tcgplayer.com/product/641286_200w.jpg,2,24265,https://cpt.tcgcsv.com/Lw87,2025-07-17T11:58:15.493,1,"2 Machine monsters<br>If this card is Link Summoned: You can add 1 ""R.B."" Spell from your Deck to your hand. If this card is in the Extra Monster Zone: You can Special Summon 1 ""R.B."" monster from your hand or GY in Defense Position, then you can move this card you control to another of your Main Monster Zones, also you cannot Special Summon from the Extra Deck for the rest of this turn, except Machine monsters with 1500 or less ATK. You can only use each effect of ""R.B. VALCan Booster"" once per turn.",,20.29,24.88,50.0,19.84,25.09,1st Edition,DUAD-EN093,Starlight Rare,FIRE,Machine,Link/Effect Monster,500,,2,Bottom;Top
641287,R.B. The Brute Blues (Starlight Rare),RB The Brute Blues Starlight Rare,https://tcgplayer-cdn.tcgplayer.com/product/641287_200w.jpg,2,24265,https://cpt.tcgcsv.com/Mw87,2025-07-17T11:58:15.377,1,"2+ Machine monsters<br>Gains the following effects while this card points to an ""R.B."" monster.<br>• Gains ATK equal to the total original ATK of ""R.B."" monsters it points to.<br>• Can make a second attack during each Battle Phase.<br>• Cannot be destroyed by battle or card effects.<br>During your Main Phase: You can add 1 ""R.B."" card from your Deck to your hand. You can only use this effect of ""R.B. The Brute Blues"" once per turn.",,24.99,38.67,69.99,31.45,,1st Edition,DUAD-EN094,Starlight Rare,WIND,Machine,Link/Effect Monster,1500,,3,Bottom-Right;Bottom;Bottom-Left
641289,R.B. Stage Landing (Starlight Rare),RB Stage Landing Starlight Rare,https://tcgplayer-cdn.tcgplayer.com/product/641289_200w.jpg,2,24265,https://cpt.tcgcsv.com/Pw87,2025-07-17T11:58:15.27,1,"Special Summon 1 ""R.B."" monster from your Deck/Extra Deck with a different name than the cards you control. If an ""R.B."" monster(s) you control would be destroyed by battle or card effect, you can banish this card from your GY instead. You cannot Special Summon from the Extra Deck the turn you activate this card, except Machine monsters with 1500 or less original ATK.",,25.95,31.31,59.99,28.85,,1st Edition,DUAD-EN096,Starlight Rare,SPELL,,Normal Spell,,,,
641889,Token: Alexis & Cyber Angel Dakini,Token Alexis and Cyber Angel Dakini,https://tcgplayer-cdn.tcgplayer.com/product/641889_200w.jpg,2,24265,https://cpt.tcgcsv.com/PM87,2025-07-09T13:55:02.04,0,"This Token: Alexis & Cyber Angel Dakini card can be used as any Token.
<br><br><em>""Let me take over this Duel!""</em>",,0.38,1.5,8.99,1.27,,Unlimited,TKN5-EN027,Super Rare,,,Monster,,,,
641891,Token: Leo & Life Stream Dragon,Token Leo and Life Stream Dragon,https://tcgplayer-cdn.tcgplayer.com/product/641891_200w.jpg,2,24265,https://cpt.tcgcsv.com/RM87,2025-07-09T13:55:16.257,0,"This Leo & Life Stream Dragon card can be used as any Token.
<br><br><em>""Courage and Power lead to a revolution for peace! Evolve! Life Stream Dragon!""</em>",,0.35,0.5,4.99,0.46,,Unlimited,TKN5-EN028,Super Rare,,,Monster,,,,
641894,Token: Yuma & Number F0: Utopic Future,Token Yuma and Number F0 Utopic Future,https://tcgplayer-cdn.tcgplayer.com/product/641894_200w.jpg,2,24265,https://cpt.tcgcsv.com/VM87,2025-07-09T13:55:27.717,0,"This Yuma & Number F0: Utopic Future card can be used as any Token.
<br><br><em>""Forge the path of destiny! Future Number 0 Utopic Future!""</em>",,1.0,2.98,10.99,2.84,,Unlimited,TKN5-EN029,Super Rare,,,Monster,,,,
641934,Token: Yuya & Performapal Show Down,Token Yuya and Performapal Show Down,https://tcgplayer-cdn.tcgplayer.com/product/641934_200w.jpg,2,24265,https://cpt.tcgcsv.com/JN87,2025-07-09T14:21:16.377,0,"This Yuya & Performapal Show Down  card can be used as any Token.
<br><br><em>""Well folks, I hope you all enjoyed the show, gotta say I think I did the Sakaki name proud on this one!""</em>",,0.05,0.52,6.0,0.52,,Unlimited,TKN5-EN030,Super Rare,,,Monster,,,,
641951,Token: Blue Gal & Trickstar Band Sweet Guitar,Token Blue Gal and Trickstar Band Sweet Guitar,https://tcgplayer-cdn.tcgplayer.com/product/641951_200w.jpg,2,24265,https://cpt.tcgcsv.com/2P87,2025-07-09T15:26:19.273,0,"This Blue Gal & Trickstar Band Sweet Guitar card can be used as any Token.
<br><br><em>""When you see my new Trickstar, you'll be changing your tune! I Fusion Summon, rock on Trickstar Band Sweet Guitar!""</em>",,0.2,0.89,10.0,0.51,,Unlimited,TKN5-EN031,Super Rare,,,Monster,,,,
643121,Medius the Pure (DUAD- ENSP1),Medius the Pure DUAD ENSP1,https://tcgplayer-cdn.tcgplayer.com/product/643121_200w.jpg,2,24265,https://cpt.tcgcsv.com/rg97,2025-07-18T17:16:29.333,1,"If this card is Normal or Special Summoned: You can add to your hand, or Special Summon, 1 ""Power Patron"" monster from your Deck. If this card is in your GY: You can shuffle 1 monster from your hand or face-up field into the Deck, and if you do, Special Summon this card, but banish it when it leaves the field. You can only use each effect of ""Medius the Pure"" once per turn.",,17.75,20.0,50.0,18.9,,Limited,DUAD-ENSP1,Secret Rare,DARK,Fairy,Effect Monster,1800,1800,,
