productId,name,cleanName,imageUrl,categoryId,groupId,url,modifiedOn,imageCount,extDescription,lowPrice,midPrice,highPrice,marketPrice,directLowPrice,subTypeName,extNumber,extRarity,extAttribute,extMonsterType,extCardType,extAttack,extDefense
92293,Duelist Alliance Booster Box,Duelist Alliance Booster Box,https://tcgplayer-cdn.tcgplayer.com/product/92293_200w.jpg,2,1480,https://cpt.tcgcsv.com/TWL,2017-11-29T20:52:26.297,1,"Pendulum Monsters appear in full force in Duelist Alliance! Half Monster Card and half Spell Card, these magical creatures can swing the tide of battle with Pendulum Summons, the powerful new game mechanic for the Yu-Gi-Oh! TCG. Duelist Alliance also introduces several tournament-level Deck themes that’ll delight Duelists with their intriguing strategies.",249.95,268.45,286.94,,,Normal,,,,,,,
92294,Duelist Alliance Booster Pack,Duelist Alliance Booster Pack,https://tcgplayer-cdn.tcgplayer.com/product/92294_200w.jpg,2,1480,https://cpt.tcgcsv.com/VWL,2017-11-29T20:51:41.697,1,,4.0,5.6,7.19,5.62,,Normal,,,,,,,
92309,Dragon Horn Hunter,Dragon Horn Hunter,https://tcgplayer-cdn.tcgplayer.com/product/92309_200w.jpg,2,1480,https://cpt.tcgcsv.com/cXL,2014-08-20T17:00:57.977,1,"Pendulum Effect:  All Normal Monsters gain 200 ATK. You take no battle damage from battles involving Normal Monsters you control.

Monster Effect: <em> The horns were needed to prepare a medicine for her village, suffering from a plague. Unknown to her, the dragons burned and trampled her village, once displaced from their den.</em>",0.14,0.69,1.98,0.59,,Unlimited,DUEA-EN000,Super Rare,DARK,Warrior,Pendulum Monster,2300,1000
92309,Dragon Horn Hunter,Dragon Horn Hunter,https://tcgplayer-cdn.tcgplayer.com/product/92309_200w.jpg,2,1480,https://cpt.tcgcsv.com/cXL,2014-08-20T17:00:57.977,1,"Pendulum Effect:  All Normal Monsters gain 200 ATK. You take no battle damage from battles involving Normal Monsters you control.

Monster Effect: <em> The horns were needed to prepare a medicine for her village, suffering from a plague. Unknown to her, the dragons burned and trampled her village, once displaced from their den.</em>",0.34,0.67,3.26,0.58,,1st Edition,DUEA-EN000,Super Rare,DARK,Warrior,Pendulum Monster,2300,1000
92310,Flash Knight,Flash Knight,https://tcgplayer-cdn.tcgplayer.com/product/92310_200w.jpg,2,1480,https://cpt.tcgcsv.com/dXL,2014-08-20T17:04:16.717,1,The power of the pendulum flashes forth from this shining knight.,0.03,0.27,2.0,0.09,,Unlimited,DUEA-EN001,Rare,LIGHT,Warrior,Pendulum Monster,1800,600
92310,Flash Knight,Flash Knight,https://tcgplayer-cdn.tcgplayer.com/product/92310_200w.jpg,2,1480,https://cpt.tcgcsv.com/dXL,2014-08-20T17:04:16.717,1,The power of the pendulum flashes forth from this shining knight.,0.02,0.25,1.49,0.11,,1st Edition,DUEA-EN001,Rare,LIGHT,Warrior,Pendulum Monster,1800,600
92311,Foucault's Cannon,Foucaults Cannon,https://tcgplayer-cdn.tcgplayer.com/product/92311_200w.jpg,2,1480,https://cpt.tcgcsv.com/fXL,2014-08-20T17:04:46.007,1,"Pendulum Effect  During the End Phase, if this card was activated this turn: You can target 1 face-up Spell/Trap Card on the field; destroy it.

Monster Effect  <em>A mechanical life form, roving through space-time. But the mysterious thing is that its memory i….re… ally gone. W…at is is t….e reason? D…. refuse t… b… interfered w…h?</em>",0.1,0.4,1.48,0.1,,Unlimited,DUEA-EN002,Super Rare,DARK,Spellcaster,Pendulum Monster,2200,1200
92311,Foucault's Cannon,Foucaults Cannon,https://tcgplayer-cdn.tcgplayer.com/product/92311_200w.jpg,2,1480,https://cpt.tcgcsv.com/fXL,2014-08-20T17:04:46.007,1,"Pendulum Effect  During the End Phase, if this card was activated this turn: You can target 1 face-up Spell/Trap Card on the field; destroy it.

Monster Effect  <em>A mechanical life form, roving through space-time. But the mysterious thing is that its memory i….re… ally gone. W…at is is t….e reason? D…. refuse t… b… interfered w…h?</em>",0.09,0.3,1.5,0.11,,1st Edition,DUEA-EN002,Super Rare,DARK,Spellcaster,Pendulum Monster,2200,1200
92312,Metaphys Armed Dragon,Metaphys Armed Dragon,https://tcgplayer-cdn.tcgplayer.com/product/92312_200w.jpg,2,1480,https://cpt.tcgcsv.com/gXL,2014-08-20T17:20:10.387,1,<em>Usually visible despite its phantom existence.</em>,0.04,0.21,1.49,0.13,0.15,Unlimited,DUEA-EN003,Common,LIGHT,Wyrm,Normal Monster,2800,1000
92312,Metaphys Armed Dragon,Metaphys Armed Dragon,https://tcgplayer-cdn.tcgplayer.com/product/92312_200w.jpg,2,1480,https://cpt.tcgcsv.com/gXL,2014-08-20T17:20:10.387,1,<em>Usually visible despite its phantom existence.</em>,0.05,0.24,1.36,0.19,,1st Edition,DUEA-EN003,Common,LIGHT,Wyrm,Normal Monster,2800,1000
92313,Pilgrim Reaper,Pilgrim Reaper,https://tcgplayer-cdn.tcgplayer.com/product/92313_200w.jpg,2,1480,https://cpt.tcgcsv.com/hXL,2014-08-20T17:26:52.45,1,"2 Level 6 monsters<br>This card gains 200 ATK and DEF for every DARK monster in either player's Graveyard. You can detach 1 Xyz Material from this card; each player sends the top 5 cards from their Deck to the Graveyard (or their entire Deck, if less than 5). You can only use this effect of ""Pilgrim Reaper"" once per turn.",0.68,1.24,5.0,0.74,,Unlimited,DUEA-EN099,Common,DARK,Zombie,Effect Monster,,
92313,Pilgrim Reaper,Pilgrim Reaper,https://tcgplayer-cdn.tcgplayer.com/product/92313_200w.jpg,2,1480,https://cpt.tcgcsv.com/hXL,2014-08-20T17:26:52.45,1,"2 Level 6 monsters<br>This card gains 200 ATK and DEF for every DARK monster in either player's Graveyard. You can detach 1 Xyz Material from this card; each player sends the top 5 cards from their Deck to the Graveyard (or their entire Deck, if less than 5). You can only use this effect of ""Pilgrim Reaper"" once per turn.",0.35,0.95,6.99,0.8,,1st Edition,DUEA-EN099,Common,DARK,Zombie,Effect Monster,,
92314,Odd-Eyes Pendulum Dragon (UTR),Odd Eyes Pendulum Dragon UTR,https://tcgplayer-cdn.tcgplayer.com/product/92314_200w.jpg,2,1480,https://cpt.tcgcsv.com/jXL,2023-07-04T08:49:47.427,1,"<b>Pendulum Effect: </b> You can reduce the battle damage you take from a battle involving a Pendulum Monster you control to 0. During your End Phase: You can destroy this card, and if you do, add 1 Pendulum Monster with 1500 or less ATK from your Deck to your hand. You can only use each Pendulum Effect of ""Odd-Eyes Pendulum Dragon"" once per turn.

<br><b>Monster Effect:</b> If this card battles an opponent's monster, any battle damage this card inflicts to your opponent is doubled.",1.0,4.54,35.0,4.18,4.54,Unlimited,DUEA-EN004,Ultimate Rare,DARK,Dragon,Pendulum/Effect Monster,2500,2000
92314,Odd-Eyes Pendulum Dragon (UTR),Odd Eyes Pendulum Dragon UTR,https://tcgplayer-cdn.tcgplayer.com/product/92314_200w.jpg,2,1480,https://cpt.tcgcsv.com/jXL,2023-07-04T08:49:47.427,1,"<b>Pendulum Effect: </b> You can reduce the battle damage you take from a battle involving a Pendulum Monster you control to 0. During your End Phase: You can destroy this card, and if you do, add 1 Pendulum Monster with 1500 or less ATK from your Deck to your hand. You can only use each Pendulum Effect of ""Odd-Eyes Pendulum Dragon"" once per turn.

<br><b>Monster Effect:</b> If this card battles an opponent's monster, any battle damage this card inflicts to your opponent is doubled.",3.58,4.99,60.0,4.09,3.58,1st Edition,DUEA-EN004,Ultimate Rare,DARK,Dragon,Pendulum/Effect Monster,2500,2000
92315,Odd-Eyes Pendulum Dragon,Odd Eyes Pendulum Dragon Secret Rare,https://tcgplayer-cdn.tcgplayer.com/product/92315_200w.jpg,2,1480,https://cpt.tcgcsv.com/kXL,2014-09-10T20:31:12.093,1,"Pendulum Effect:  You can reduce the battle damage you take from a battle involving a Pendulum Monster you control to 0. During your End Phase: You can destroy this card, and if you do, add 1 Pendulum Monster with 1500 or less ATK from your Deck to your hand. You can only use each Pendulum Effect of ""Odd-Eyes Pendulum Dragon"" once per turn.

Monster Effect: If this card battles an opponent's monster, any battle damage this card inflicts to your opponent is doubled.",0.75,1.75,3.97,0.75,,Unlimited,DUEA-EN004,Secret Rare,DARK,Dragon,Pendulum/Effect Monster,2500,2000
92315,Odd-Eyes Pendulum Dragon,Odd Eyes Pendulum Dragon Secret Rare,https://tcgplayer-cdn.tcgplayer.com/product/92315_200w.jpg,2,1480,https://cpt.tcgcsv.com/kXL,2014-09-10T20:31:12.093,1,"Pendulum Effect:  You can reduce the battle damage you take from a battle involving a Pendulum Monster you control to 0. During your End Phase: You can destroy this card, and if you do, add 1 Pendulum Monster with 1500 or less ATK from your Deck to your hand. You can only use each Pendulum Effect of ""Odd-Eyes Pendulum Dragon"" once per turn.

Monster Effect: If this card battles an opponent's monster, any battle damage this card inflicts to your opponent is doubled.",1.67,2.85,9.96,2.84,1.67,1st Edition,DUEA-EN004,Secret Rare,DARK,Dragon,Pendulum/Effect Monster,2500,2000
92316,Cloudcastle,Cloudcastle,https://tcgplayer-cdn.tcgplayer.com/product/92316_200w.jpg,2,1480,https://cpt.tcgcsv.com/lXL,2014-08-20T16:56:54.593,1,"1 Tuner + 1 or more non-Tuner monsters<br>
When this card is Synchro Summoned: You can target 1 Level 9 monster in your Graveyard; Special Summon that target. Level 8 or lower monsters cannot attack the turn they are Normal or Special Summoned.",0.05,0.25,1.49,0.08,,Unlimited,DUEA-EN098,Common,WIND,Machine,Synchro/Effect Monster,0,3000
92316,Cloudcastle,Cloudcastle,https://tcgplayer-cdn.tcgplayer.com/product/92316_200w.jpg,2,1480,https://cpt.tcgcsv.com/lXL,2014-08-20T16:56:54.593,1,"1 Tuner + 1 or more non-Tuner monsters<br>
When this card is Synchro Summoned: You can target 1 Level 9 monster in your Graveyard; Special Summon that target. Level 8 or lower monsters cannot attack the turn they are Normal or Special Summoned.",0.01,0.25,1.5,0.11,,1st Edition,DUEA-EN098,Common,WIND,Machine,Synchro/Effect Monster,0,3000
92317,Performapal Skeeter Skimmer,Performapal Skeeter Skimmer,https://tcgplayer-cdn.tcgplayer.com/product/92317_200w.jpg,2,1480,https://cpt.tcgcsv.com/mXL,2014-08-20T17:25:52.887,1,"When this face-up Attack Position card is targeted for an attack: You can change this card to face-up Defense Position, and if you do, negate that attack.",0.01,0.2,1.49,0.1,,Unlimited,DUEA-EN005,Common,WATER,Insect,Effect Monster,500,1600
92317,Performapal Skeeter Skimmer,Performapal Skeeter Skimmer,https://tcgplayer-cdn.tcgplayer.com/product/92317_200w.jpg,2,1480,https://cpt.tcgcsv.com/mXL,2014-08-20T17:25:52.887,1,"When this face-up Attack Position card is targeted for an attack: You can change this card to face-up Defense Position, and if you do, negate that attack.",0.01,0.2,1.49,0.09,,1st Edition,DUEA-EN005,Common,WATER,Insect,Effect Monster,500,1600
92318,Performapal Whip Snake,Performapal Whip Snake,https://tcgplayer-cdn.tcgplayer.com/product/92318_200w.jpg,2,1480,https://cpt.tcgcsv.com/nXL,2014-08-20T17:26:40.11,1,"Once per turn, during either player's Main Phase: You can target 1 face-up monster on the field; switch its current ATK and DEF until the end of this turn.",0.1,0.25,1.49,0.14,,Unlimited,DUEA-EN006,Rare,EARTH,Reptile,Effect Monster,1700,900
92318,Performapal Whip Snake,Performapal Whip Snake,https://tcgplayer-cdn.tcgplayer.com/product/92318_200w.jpg,2,1480,https://cpt.tcgcsv.com/nXL,2014-08-20T17:26:40.11,1,"Once per turn, during either player's Main Phase: You can target 1 face-up monster on the field; switch its current ATK and DEF until the end of this turn.",0.11,0.26,1.49,0.15,,1st Edition,DUEA-EN006,Rare,EARTH,Reptile,Effect Monster,1700,900
92319,Panzer Dragon,Panzer Dragon,https://tcgplayer-cdn.tcgplayer.com/product/92319_200w.jpg,2,1480,https://cpt.tcgcsv.com/pXL,2014-08-20T17:23:34.403,1,"1 Machine-Type monster + 1 Dragon-Type monster<br>
If this card is destroyed and sent to the Graveyard: You can target 1 card on the field; destroy that target.",0.1,0.54,2.0,0.33,,Unlimited,DUEA-EN097,Rare,LIGHT,Machine,Fusion/Effect Monster,1000,2600
92319,Panzer Dragon,Panzer Dragon,https://tcgplayer-cdn.tcgplayer.com/product/92319_200w.jpg,2,1480,https://cpt.tcgcsv.com/pXL,2014-08-20T17:23:34.403,1,"1 Machine-Type monster + 1 Dragon-Type monster<br>
If this card is destroyed and sent to the Graveyard: You can target 1 card on the field; destroy that target.",0.1,0.45,2.0,0.36,,1st Edition,DUEA-EN097,Rare,LIGHT,Machine,Fusion/Effect Monster,1000,2600
92320,Performapal Sword Fish,Performapal Sword Fish,https://tcgplayer-cdn.tcgplayer.com/product/92320_200w.jpg,2,1480,https://cpt.tcgcsv.com/qXL,2014-08-20T17:26:07.61,1,If this card is Normal Summoned or Special Summoned: All monsters your opponent currently controls lose 600 ATK and DEF. If you Special Summon a monster(s) while you control this card: All monsters your opponent currently controls lose 600 ATK and DEF.,0.05,0.2,1.49,0.1,,Unlimited,DUEA-EN007,Common,WATER,Fish,Effect Monster,600,600
92320,Performapal Sword Fish,Performapal Sword Fish,https://tcgplayer-cdn.tcgplayer.com/product/92320_200w.jpg,2,1480,https://cpt.tcgcsv.com/qXL,2014-08-20T17:26:07.61,1,If this card is Normal Summoned or Special Summoned: All monsters your opponent currently controls lose 600 ATK and DEF. If you Special Summon a monster(s) while you control this card: All monsters your opponent currently controls lose 600 ATK and DEF.,0.05,0.22,1.0,0.07,,1st Edition,DUEA-EN007,Common,WATER,Fish,Effect Monster,600,600
92321,Performapal Hip Hippo,Performapal Hip Hippo,https://tcgplayer-cdn.tcgplayer.com/product/92321_200w.jpg,2,1480,https://cpt.tcgcsv.com/rXL,2020-07-02T17:24:48.327,1,"After you Normal Summon this card, you can Tribute Summon 1 Level 7 or higher monster in face-up Attack Position during your Main Phase this turn, in addition to your Normal Summon/Set. (You can only gain this effect once per turn.)",0.05,0.2,1.49,0.09,,Unlimited,DUEA-EN008,Common,EARTH,,Effect Monster,800,800
92321,Performapal Hip Hippo,Performapal Hip Hippo,https://tcgplayer-cdn.tcgplayer.com/product/92321_200w.jpg,2,1480,https://cpt.tcgcsv.com/rXL,2020-07-02T17:24:48.327,1,"After you Normal Summon this card, you can Tribute Summon 1 Level 7 or higher monster in face-up Attack Position during your Main Phase this turn, in addition to your Normal Summon/Set. (You can only gain this effect once per turn.)",0.04,0.25,1.49,0.2,,1st Edition,DUEA-EN008,Common,EARTH,,Effect Monster,800,800
92322,Performapal Kaleidoscorp,Performapal Kaleidoscorp,https://tcgplayer-cdn.tcgplayer.com/product/92322_200w.jpg,2,1480,https://cpt.tcgcsv.com/sXL,2014-08-20T17:25:30.93,1,"Pendulum Effect:  All LIGHT monsters you control gain 300 ATK.

Monster Effect:  Once per turn: You can target 1 face-up monster you control; this turn, it can attack all Special Summoned monsters your opponent controls, once each.",0.09,0.25,1.5,0.11,,Unlimited,DUEA-EN009,Rare,LIGHT,Insect,Pendulum/Effect Monster,100,2300
92322,Performapal Kaleidoscorp,Performapal Kaleidoscorp,https://tcgplayer-cdn.tcgplayer.com/product/92322_200w.jpg,2,1480,https://cpt.tcgcsv.com/sXL,2014-08-20T17:25:30.93,1,"Pendulum Effect:  All LIGHT monsters you control gain 300 ATK.

Monster Effect:  Once per turn: You can target 1 face-up monster you control; this turn, it can attack all Special Summoned monsters your opponent controls, once each.",0.08,0.25,2.0,0.1,,1st Edition,DUEA-EN009,Rare,LIGHT,Insect,Pendulum/Effect Monster,100,2300
92323,Performapal Turn Toad,Performapal Turn Toad,https://tcgplayer-cdn.tcgplayer.com/product/92323_200w.jpg,2,1480,https://cpt.tcgcsv.com/tXL,2014-08-20T17:26:23.507,1,"Pendulum Effect:  Once per turn: You can target 1 face-up monster on the field; switch its current ATK and DEF until the end of this turn.

Monster Effect:  Once per turn, during your Battle Phase (except during the Damage Step): You can target 1 monster you control; change its battle position, and if you do, switch its current ATK and DEF until the end of this turn.",0.09,0.25,1.5,0.13,,Unlimited,DUEA-EN010,Rare,WATER,Aqua,Pendulum/Effect Monster,0,800
92323,Performapal Turn Toad,Performapal Turn Toad,https://tcgplayer-cdn.tcgplayer.com/product/92323_200w.jpg,2,1480,https://cpt.tcgcsv.com/tXL,2014-08-20T17:26:23.507,1,"Pendulum Effect:  Once per turn: You can target 1 face-up monster on the field; switch its current ATK and DEF until the end of this turn.

Monster Effect:  Once per turn, during your Battle Phase (except during the Damage Step): You can target 1 monster you control; change its battle position, and if you do, switch its current ATK and DEF until the end of this turn.",0.06,0.24,2.0,0.12,,1st Edition,DUEA-EN010,Rare,WATER,Aqua,Pendulum/Effect Monster,0,800
92324,Superheavy Samurai Blue Brawler,Superheavy Samurai Blue Brawler,https://tcgplayer-cdn.tcgplayer.com/product/92324_200w.jpg,2,1480,https://cpt.tcgcsv.com/vXL,2014-08-20T18:24:15.903,1,When this card is Normal or Special Summoned: You can change its battle position. Cannot be destroyed by battle.,0.05,0.24,1.49,0.17,,Unlimited,DUEA-EN011,Common,EARTH,Machine,Effect Monster,0,2000
92324,Superheavy Samurai Blue Brawler,Superheavy Samurai Blue Brawler,https://tcgplayer-cdn.tcgplayer.com/product/92324_200w.jpg,2,1480,https://cpt.tcgcsv.com/vXL,2014-08-20T18:24:15.903,1,When this card is Normal or Special Summoned: You can change its battle position. Cannot be destroyed by battle.,0.05,0.22,1.09,0.13,,1st Edition,DUEA-EN011,Common,EARTH,Machine,Effect Monster,0,2000
92325,Fishborg Doctor,Fishborg Doctor,https://tcgplayer-cdn.tcgplayer.com/product/92325_200w.jpg,2,1480,https://cpt.tcgcsv.com/wXL,2014-08-20T17:03:49.867,1,"If this card is in your Graveyard and all face-up monsters you control (min. 1) are ""Fishborg"" monsters: You can Special Summon this card, and if you do, banish it when it leaves the field. You can only use this effect of ""Fishborg Doctor"" once per turn. If you control a monster that is not a ""Fishborg"" monster, destroy this card.",0.03,0.22,1.49,0.4,,Unlimited,DUEA-EN096,Common,WATER,Fish,Effect Monster,400,400
92325,Fishborg Doctor,Fishborg Doctor,https://tcgplayer-cdn.tcgplayer.com/product/92325_200w.jpg,2,1480,https://cpt.tcgcsv.com/wXL,2014-08-20T17:03:49.867,1,"If this card is in your Graveyard and all face-up monsters you control (min. 1) are ""Fishborg"" monsters: You can Special Summon this card, and if you do, banish it when it leaves the field. You can only use this effect of ""Fishborg Doctor"" once per turn. If you control a monster that is not a ""Fishborg"" monster, destroy this card.",0.04,0.23,1.0,0.12,,1st Edition,DUEA-EN096,Common,WATER,Fish,Effect Monster,400,400
92326,Superheavy Samurai Swordsman,Superheavy Samurai Swordsman,https://tcgplayer-cdn.tcgplayer.com/product/92326_200w.jpg,2,1480,https://cpt.tcgcsv.com/xXL,2014-08-20T18:24:31.793,1,"When this card is Normal or Special Summoned: You can change its battle position. If a ""Superheavy Samurai"" monster you control battles an opponent's monster, after damage calculation: The opponent's monster's ATK and DEF become 0.",0.02,0.2,2.0,0.1,,Unlimited,DUEA-EN012,Common,EARTH,Machine,Effect Monster,1000,1800
92326,Superheavy Samurai Swordsman,Superheavy Samurai Swordsman,https://tcgplayer-cdn.tcgplayer.com/product/92326_200w.jpg,2,1480,https://cpt.tcgcsv.com/xXL,2014-08-20T18:24:31.793,1,"When this card is Normal or Special Summoned: You can change its battle position. If a ""Superheavy Samurai"" monster you control battles an opponent's monster, after damage calculation: The opponent's monster's ATK and DEF become 0.",0.05,0.25,2.0,0.14,,1st Edition,DUEA-EN012,Common,EARTH,Machine,Effect Monster,1000,1800
92327,Superheavy Samurai Big Benkei,Superheavy Samurai Big Benkei,https://tcgplayer-cdn.tcgplayer.com/product/92327_200w.jpg,2,1480,https://cpt.tcgcsv.com/zXL,2014-08-20T18:24:03.9,1,"When this card is Normal or Special Summoned: You can change this card's battle position. All ""Superheavy Samurai"" monsters you control can attack while they are in face-up Defense Position. If they do, apply their DEF instead of ATK for damage calculation.",0.15,0.5,2.79,0.38,0.77,Unlimited,DUEA-EN013,Rare,EARTH,Machine,Effect Monster,1000,3500
92327,Superheavy Samurai Big Benkei,Superheavy Samurai Big Benkei,https://tcgplayer-cdn.tcgplayer.com/product/92327_200w.jpg,2,1480,https://cpt.tcgcsv.com/zXL,2014-08-20T18:24:03.9,1,"When this card is Normal or Special Summoned: You can change this card's battle position. All ""Superheavy Samurai"" monsters you control can attack while they are in face-up Defense Position. If they do, apply their DEF instead of ATK for damage calculation.",0.15,0.45,2.01,0.28,,1st Edition,DUEA-EN013,Rare,EARTH,Machine,Effect Monster,1000,3500
92328,"Felis, Lightsworn Archer",Felis Lightsworn Archer,https://tcgplayer-cdn.tcgplayer.com/product/92328_200w.jpg,2,1480,https://cpt.tcgcsv.com/BXL,2014-08-20T17:03:32.977,1,"Cannot be Normal Summoned/Set. Must be Special Summoned by a card effect, and cannot be Special Summoned by other ways. When this card is sent from your Deck to the Graveyard by a monster effect: Special Summon it. You can Tribute this card, then target 1 monster your opponent controls; destroy that target, then send the top 3 cards of your Deck to the Graveyard.",0.8,2.03,8.97,2.41,,Unlimited,DUEA-EN095,Ultra Rare,LIGHT,Beast-Warrior,Tuner/Effect Monster,1100,2000
92328,"Felis, Lightsworn Archer",Felis Lightsworn Archer,https://tcgplayer-cdn.tcgplayer.com/product/92328_200w.jpg,2,1480,https://cpt.tcgcsv.com/BXL,2014-08-20T17:03:32.977,1,"Cannot be Normal Summoned/Set. Must be Special Summoned by a card effect, and cannot be Special Summoned by other ways. When this card is sent from your Deck to the Graveyard by a monster effect: Special Summon it. You can Tribute this card, then target 1 monster your opponent controls; destroy that target, then send the top 3 cards of your Deck to the Graveyard.",1.45,3.65,19.99,3.44,,1st Edition,DUEA-EN095,Ultra Rare,LIGHT,Beast-Warrior,Tuner/Effect Monster,1100,2000
92329,Aria the Melodious Diva,Aria the Melodious Diva,https://tcgplayer-cdn.tcgplayer.com/product/92329_200w.jpg,2,1480,https://cpt.tcgcsv.com/CXL,2014-10-01T17:16:36.433,1,"While this Special Summoned card is on the field, ""Melodious"" monsters you control cannot be targeted by card effects, or be destroyed by battle.",0.2,0.69,8.99,0.49,,Unlimited,DUEA-EN014,Common,LIGHT,Fairy,Effect Monster,1600,1200
92329,Aria the Melodious Diva,Aria the Melodious Diva,https://tcgplayer-cdn.tcgplayer.com/product/92329_200w.jpg,2,1480,https://cpt.tcgcsv.com/CXL,2014-10-01T17:16:36.433,1,"While this Special Summoned card is on the field, ""Melodious"" monsters you control cannot be targeted by card effects, or be destroyed by battle.",0.34,0.62,1.23,0.55,,1st Edition,DUEA-EN014,Common,LIGHT,Fairy,Effect Monster,1600,1200
92330,Number 58: Burner Visor,Number 58 Burner Visor,https://tcgplayer-cdn.tcgplayer.com/product/92330_200w.jpg,2,1480,https://cpt.tcgcsv.com/DXL,2014-08-20T17:21:01.537,1,"2 Level 4 monsters<br>
Once per turn, you can either: Target 1 face-up Xyz Monster you control; equip this card to that target, OR: Unequip this card and Special Summon it in face-up Attack Position. The equipped monster can attack your opponent directly. When the equipped monster inflicts battle damage to your opponent: You can discard 1 card; inflict 500 damage to your opponent.",0.1,0.3,1.49,0.19,,Unlimited,DUEA-EN094,Common,FIRE,Pyro,Xyz/Effect Monster,1000,1000
92330,Number 58: Burner Visor,Number 58 Burner Visor,https://tcgplayer-cdn.tcgplayer.com/product/92330_200w.jpg,2,1480,https://cpt.tcgcsv.com/DXL,2014-08-20T17:21:01.537,1,"2 Level 4 monsters<br>
Once per turn, you can either: Target 1 face-up Xyz Monster you control; equip this card to that target, OR: Unequip this card and Special Summon it in face-up Attack Position. The equipped monster can attack your opponent directly. When the equipped monster inflicts battle damage to your opponent: You can discard 1 card; inflict 500 damage to your opponent.",0.12,0.25,1.43,0.26,,1st Edition,DUEA-EN094,Common,FIRE,Pyro,Xyz/Effect Monster,1000,1000
92331,Exchange of Night and Day,Exchange of Night and Day,https://tcgplayer-cdn.tcgplayer.com/product/92331_200w.jpg,2,1480,https://cpt.tcgcsv.com/FXL,2014-08-20T17:02:19.353,1,"You can only use 1 ""Exchange of Night and Day"" effect per turn, and only once that turn. You can activate 1 of these effects.<br>
? Send 1 LIGHT Warrior-Type monster from your hand to the Graveyard, then add 1 DARK Warrior-Type monster from your Deck to your hand, with the same Level the sent monster had in your hand.<br>
? Send 1 DARK Warrior-Type monster from your hand to the Graveyard, then add 1 LIGHT Warrior-Type monster from your Deck to your hand, with the same Level the sent monster had in your hand.<br>",0.05,0.25,1.7,0.23,,Unlimited,DUEA-EN093,Common,TRAP,,Normal Trap,,
92331,Exchange of Night and Day,Exchange of Night and Day,https://tcgplayer-cdn.tcgplayer.com/product/92331_200w.jpg,2,1480,https://cpt.tcgcsv.com/FXL,2014-08-20T17:02:19.353,1,"You can only use 1 ""Exchange of Night and Day"" effect per turn, and only once that turn. You can activate 1 of these effects.<br>
? Send 1 LIGHT Warrior-Type monster from your hand to the Graveyard, then add 1 DARK Warrior-Type monster from your Deck to your hand, with the same Level the sent monster had in your hand.<br>
? Send 1 DARK Warrior-Type monster from your hand to the Graveyard, then add 1 LIGHT Warrior-Type monster from your Deck to your hand, with the same Level the sent monster had in your hand.<br>",0.05,0.25,1.36,0.17,,1st Edition,DUEA-EN093,Common,TRAP,,Normal Trap,,
92332,Sonata the Melodious Diva,Sonata the Melodious Diva,https://tcgplayer-cdn.tcgplayer.com/product/92332_200w.jpg,2,1480,https://cpt.tcgcsv.com/GXL,2014-08-20T18:19:37.867,1,"If you control a ""Melodious"" monster, you can Special Summon this card (from your hand). When this Special Summoned card is on the field, all Fairy-Type monsters you control gain 500 ATK and DEF.",0.68,1.41,8.99,1.41,,Unlimited,DUEA-EN015,Common,LIGHT,Fairy,Effect Monster,1200,1000
92332,Sonata the Melodious Diva,Sonata the Melodious Diva,https://tcgplayer-cdn.tcgplayer.com/product/92332_200w.jpg,2,1480,https://cpt.tcgcsv.com/GXL,2014-08-20T18:19:37.867,1,"If you control a ""Melodious"" monster, you can Special Summon this card (from your hand). When this Special Summoned card is on the field, all Fairy-Type monsters you control gain 500 ATK and DEF.",0.23,1.27,6.99,1.18,1.04,1st Edition,DUEA-EN015,Common,LIGHT,Fairy,Effect Monster,1200,1000
92333,Chaos Seed,Chaos Seed,https://tcgplayer-cdn.tcgplayer.com/product/92333_200w.jpg,2,1480,https://cpt.tcgcsv.com/HXL,2014-08-20T16:55:15.25,1,"If you control both LIGHT and DARK monster(s): You can target 1 of your banished LIGHT or DARK Warrior-Type monsters; add it to your hand. You can only activate 1 ""Chaos Seed"" per turn.",0.1,0.24,1.49,0.19,,Unlimited,DUEA-EN092,Common,SPELL,,Normal Spell,,
92333,Chaos Seed,Chaos Seed,https://tcgplayer-cdn.tcgplayer.com/product/92333_200w.jpg,2,1480,https://cpt.tcgcsv.com/HXL,2014-08-20T16:55:15.25,1,"If you control both LIGHT and DARK monster(s): You can target 1 of your banished LIGHT or DARK Warrior-Type monsters; add it to your hand. You can only activate 1 ""Chaos Seed"" per turn.",0.14,0.25,1.45,0.28,,1st Edition,DUEA-EN092,Common,SPELL,,Normal Spell,,
92334,Mozarta the Melodious Maestra,Mozarta the Melodious Maestra,https://tcgplayer-cdn.tcgplayer.com/product/92334_200w.jpg,2,1480,https://cpt.tcgcsv.com/JXL,2014-08-20T17:20:30.933,1,"Once per turn: You can Special Summon 1 LIGHT Fairy-Type monster from your hand. You cannot Special Summon other monsters the turn you activate this effect, except for LIGHT monsters.",0.22,0.42,8.99,0.37,,Unlimited,DUEA-EN016,Rare,LIGHT,Fairy,Effect Monster,2600,2000
92334,Mozarta the Melodious Maestra,Mozarta the Melodious Maestra,https://tcgplayer-cdn.tcgplayer.com/product/92334_200w.jpg,2,1480,https://cpt.tcgcsv.com/JXL,2014-08-20T17:20:30.933,1,"Once per turn: You can Special Summon 1 LIGHT Fairy-Type monster from your hand. You cannot Special Summon other monsters the turn you activate this effect, except for LIGHT monsters.",0.05,0.43,1.99,0.4,,1st Edition,DUEA-EN016,Rare,LIGHT,Fairy,Effect Monster,2600,2000
92335,"Gaia, the Polar Knight",Gaia the Polar Knight,https://tcgplayer-cdn.tcgplayer.com/product/92335_200w.jpg,2,1480,https://cpt.tcgcsv.com/KXL,2014-08-20T17:06:22.59,1,"You can only use each effect of ""Gaia, the Polar Knight"" once per turn.<br>
? You can Tribute 1 other DARK monster; add 1 Level 4 LIGHT Warrior-Type monster from your Deck to your hand, then send 1 card from your hand to the Graveyard.<br>
? You can banish 1 LIGHT monster from your Graveyard, then target 1 monster you control; it gains 500 ATK until the end of your opponent's turn.<br>",0.15,0.35,1.51,0.33,,Unlimited,DUEA-EN090,Common,DARK,Warrior,Effect Monster,1600,1200
92335,"Gaia, the Polar Knight",Gaia the Polar Knight,https://tcgplayer-cdn.tcgplayer.com/product/92335_200w.jpg,2,1480,https://cpt.tcgcsv.com/KXL,2014-08-20T17:06:22.59,1,"You can only use each effect of ""Gaia, the Polar Knight"" once per turn.<br>
? You can Tribute 1 other DARK monster; add 1 Level 4 LIGHT Warrior-Type monster from your Deck to your hand, then send 1 card from your hand to the Graveyard.<br>
? You can banish 1 LIGHT monster from your Graveyard, then target 1 monster you control; it gains 500 ATK until the end of your opponent's turn.<br>",0.18,0.3,1.49,0.24,,1st Edition,DUEA-EN090,Common,DARK,Warrior,Effect Monster,1600,1200
92336,Battleguard King,Battleguard King,https://tcgplayer-cdn.tcgplayer.com/product/92336_200w.jpg,2,1480,https://cpt.tcgcsv.com/LXL,2014-08-20T16:48:45.827,1,"Once per turn: You can Tribute any number of Warrior-Type monsters, except this card; for each Tributed monster, this card gains 1 additional attack during each Battle Phase this turn.",0.07,0.24,1.49,0.13,,Unlimited,DUEA-EN017,Common,EARTH,Warrior,Effect Monster,3000,1100
92336,Battleguard King,Battleguard King,https://tcgplayer-cdn.tcgplayer.com/product/92336_200w.jpg,2,1480,https://cpt.tcgcsv.com/LXL,2014-08-20T16:48:45.827,1,"Once per turn: You can Tribute any number of Warrior-Type monsters, except this card; for each Tributed monster, this card gains 1 additional attack during each Battle Phase this turn.",0.05,0.23,1.0,0.15,,1st Edition,DUEA-EN017,Common,EARTH,Warrior,Effect Monster,3000,1100
92337,Satellarknight Deneb,Satellarknight Deneb,https://tcgplayer-cdn.tcgplayer.com/product/92337_200w.jpg,2,1480,https://cpt.tcgcsv.com/MXL,2022-11-26T20:48:34.337,1,"If this card is Summoned: You can add 1 ""Satellarknight"" monster from your Deck to your hand, except ""Satellarknight Deneb"". You can only use this effect of ""Satellarknight Deneb"" once per turn.",2.0,3.05,13.38,2.87,2.0,Unlimited,DUEA-EN018,Ultra Rare,LIGHT,Warrior,Effect Monster,1500,1000
92337,Satellarknight Deneb,Satellarknight Deneb,https://tcgplayer-cdn.tcgplayer.com/product/92337_200w.jpg,2,1480,https://cpt.tcgcsv.com/MXL,2022-11-26T20:48:34.337,1,"If this card is Summoned: You can add 1 ""Satellarknight"" monster from your Deck to your hand, except ""Satellarknight Deneb"". You can only use this effect of ""Satellarknight Deneb"" once per turn.",2.9,5.0,19.98,4.72,3.72,1st Edition,DUEA-EN018,Ultra Rare,LIGHT,Warrior,Effect Monster,1500,1000
92338,Satellarknight Altair,Satellarknight Altair,https://tcgplayer-cdn.tcgplayer.com/product/92338_200w.jpg,2,1480,https://cpt.tcgcsv.com/NXL,2014-08-20T18:13:06.13,1,"If this card is Summoned: You can target 1 ""tellarknight"" monster in your Graveyard, except ""Satellarknight Altair""; Special Summon that monster in Defense Position, but monsters you control cannot attack for the rest of this turn, except ""Satellarknight"" monsters. You can only use this effect of ""Satellarknight Altair"" once per turn.",0.2,0.49,2.0,0.3,,Unlimited,DUEA-EN019,Rare,LIGHT,Warrior,Effect Monster,1700,1300
92338,Satellarknight Altair,Satellarknight Altair,https://tcgplayer-cdn.tcgplayer.com/product/92338_200w.jpg,2,1480,https://cpt.tcgcsv.com/NXL,2014-08-20T18:13:06.13,1,"If this card is Summoned: You can target 1 ""tellarknight"" monster in your Graveyard, except ""Satellarknight Altair""; Special Summon that monster in Defense Position, but monsters you control cannot attack for the rest of this turn, except ""Satellarknight"" monsters. You can only use this effect of ""Satellarknight Altair"" once per turn.",0.2,0.49,6.67,0.38,,1st Edition,DUEA-EN019,Rare,LIGHT,Warrior,Effect Monster,1700,1300
92339,U.A. Stadium,UA Stadium,https://tcgplayer-cdn.tcgplayer.com/product/92339_200w.jpg,2,1480,https://cpt.tcgcsv.com/PXL,2014-08-20T18:28:34.12,1,"If a ""U.A."" monster is Normal Summoned to your side of the field: You can add 1 ""U.A."" monster from your Deck to your hand. Once per turn, if a ""U.A."" monster(s) is Special Summoned to your side of the field: All monsters you currently control gain 500 ATK.",0.1,0.3,1.49,0.24,,Unlimited,DUEA-EN089,Common,SPELL,,Normal Spell,,
92339,U.A. Stadium,UA Stadium,https://tcgplayer-cdn.tcgplayer.com/product/92339_200w.jpg,2,1480,https://cpt.tcgcsv.com/PXL,2014-08-20T18:28:34.12,1,"If a ""U.A."" monster is Normal Summoned to your side of the field: You can add 1 ""U.A."" monster from your Deck to your hand. Once per turn, if a ""U.A."" monster(s) is Special Summoned to your side of the field: All monsters you currently control gain 500 ATK.",0.1,0.34,1.5,0.23,,1st Edition,DUEA-EN089,Common,SPELL,,Normal Spell,,
92340,Satellarknight Vega,Satellarknight Vega,https://tcgplayer-cdn.tcgplayer.com/product/92340_200w.jpg,2,1480,https://cpt.tcgcsv.com/QXL,2014-08-20T18:14:44.99,1,"If this card is Summoned: You can Special Summon 1 ""tellarknight"" monster from your hand, except ""Satellarknight Vega"". You can only use this effect of ""Satellarknight Vega"" once per turn.",0.12,0.27,1.43,0.46,,Unlimited,DUEA-EN020,Common,LIGHT,Warior,Effect Monster,1200,1600
92340,Satellarknight Vega,Satellarknight Vega,https://tcgplayer-cdn.tcgplayer.com/product/92340_200w.jpg,2,1480,https://cpt.tcgcsv.com/QXL,2014-08-20T18:14:44.99,1,"If this card is Summoned: You can Special Summon 1 ""tellarknight"" monster from your hand, except ""Satellarknight Vega"". You can only use this effect of ""Satellarknight Vega"" once per turn.",0.12,0.3,2.49,0.28,,1st Edition,DUEA-EN020,Common,LIGHT,Warior,Effect Monster,1200,1600
92341,Satellarknight Alsahm,Satellarknight Alsahm,https://tcgplayer-cdn.tcgplayer.com/product/92341_200w.jpg,2,1480,https://cpt.tcgcsv.com/RXL,2014-08-20T18:12:45.253,1,"If this card is Summoned: You can inflict 1000 damage to your opponent. You can only use this effect of ""Satellarknight Alsahm"" once per turn.",0.45,0.67,6.95,0.63,,Unlimited,DUEA-EN021,Super Rare,LIGHT,Warrior,Effect Monster,1400,1800
92341,Satellarknight Alsahm,Satellarknight Alsahm,https://tcgplayer-cdn.tcgplayer.com/product/92341_200w.jpg,2,1480,https://cpt.tcgcsv.com/RXL,2014-08-20T18:12:45.253,1,"If this card is Summoned: You can inflict 1000 damage to your opponent. You can only use this effect of ""Satellarknight Alsahm"" once per turn.",0.4,1.04,4.99,1.03,,1st Edition,DUEA-EN021,Super Rare,LIGHT,Warrior,Effect Monster,1400,1800
92342,Satellarknight Unukalhai,Satellarknight Unukalhai,https://tcgplayer-cdn.tcgplayer.com/product/92342_200w.jpg,2,1480,https://cpt.tcgcsv.com/SXL,2014-08-20T18:13:33.527,1,"If this card is Summoned: You can send 1 ""tellarknight"" card from your Deck to the Graveyard, except ""Satellarknight Unukalhai"". You can only use this effect of ""Satellarknight Unukalhai"" once per turn.",0.07,0.25,4.99,0.23,,Unlimited,DUEA-EN022,Common,LIGHT,Warrior,Effect Monster,1800,1000
92342,Satellarknight Unukalhai,Satellarknight Unukalhai,https://tcgplayer-cdn.tcgplayer.com/product/92342_200w.jpg,2,1480,https://cpt.tcgcsv.com/SXL,2014-08-20T18:13:33.527,1,"If this card is Summoned: You can send 1 ""tellarknight"" card from your Deck to the Graveyard, except ""Satellarknight Unukalhai"". You can only use this effect of ""Satellarknight Unukalhai"" once per turn.",0.1,0.25,6.67,0.21,,1st Edition,DUEA-EN022,Common,LIGHT,Warrior,Effect Monster,1800,1000
92343,Shaddoll Falco,Shaddoll Falco,https://tcgplayer-cdn.tcgplayer.com/product/92343_200w.jpg,2,1480,https://cpt.tcgcsv.com/TXL,2014-08-20T18:16:20.81,1,"FLIP: You can target 1 ""Shaddoll"" monster in your Graveyard, except ""Shaddoll Falco""; Special Summon it in face-down Defense Position.

If this card is sent to the Graveyard by a card effect: You can Special Summon it in face-down Defense Position. You can only use 1 ""Shaddoll Falco"" effect per turn, and only once that turn.",0.1,0.36,3.49,0.24,,Unlimited,DUEA-EN023,Rare,DARK,Spellcaster,Flip/Tuner/Effect Monster,600,1400
92343,Shaddoll Falco,Shaddoll Falco,https://tcgplayer-cdn.tcgplayer.com/product/92343_200w.jpg,2,1480,https://cpt.tcgcsv.com/TXL,2014-08-20T18:16:20.81,1,"FLIP: You can target 1 ""Shaddoll"" monster in your Graveyard, except ""Shaddoll Falco""; Special Summon it in face-down Defense Position.

If this card is sent to the Graveyard by a card effect: You can Special Summon it in face-down Defense Position. You can only use 1 ""Shaddoll Falco"" effect per turn, and only once that turn.",0.1,0.39,1.95,0.22,,1st Edition,DUEA-EN023,Rare,DARK,Spellcaster,Flip/Tuner/Effect Monster,600,1400
92344,Shaddoll Hedgehog,Shaddoll Hedgehog,https://tcgplayer-cdn.tcgplayer.com/product/92344_200w.jpg,2,1480,https://cpt.tcgcsv.com/VXL,2014-09-15T17:13:45.847,1,"FLIP: You can add 1 ""Shaddoll"" Spell/Trap Card from your Deck to your hand.
If this card is sent to the Graveyard by a card effect: You can add 1 ""Shaddoll"" monster from your Deck to your hand, except ""Shaddoll Hedgehog"". You can only use 1 ""Shaddoll Hedgehog"" effect per turn, and only once that turn.",0.15,0.31,1.51,0.28,,Unlimited,DUEA-EN024,Common,DARK,Spellcaster,Flip/Effect Monster,800,200
92344,Shaddoll Hedgehog,Shaddoll Hedgehog,https://tcgplayer-cdn.tcgplayer.com/product/92344_200w.jpg,2,1480,https://cpt.tcgcsv.com/VXL,2014-09-15T17:13:45.847,1,"FLIP: You can add 1 ""Shaddoll"" Spell/Trap Card from your Deck to your hand.
If this card is sent to the Graveyard by a card effect: You can add 1 ""Shaddoll"" monster from your Deck to your hand, except ""Shaddoll Hedgehog"". You can only use 1 ""Shaddoll Hedgehog"" effect per turn, and only once that turn.",0.1,0.3,1.99,0.33,,1st Edition,DUEA-EN024,Common,DARK,Spellcaster,Flip/Effect Monster,800,200
92345,U.A. Perfect Ace,UA Perfect Ace,https://tcgplayer-cdn.tcgplayer.com/product/92345_200w.jpg,2,1480,https://cpt.tcgcsv.com/WXL,2014-08-20T18:28:08.957,1,"You can Special Summon this card (from your hand) by returning 1 ""U.A."" monster you control to the hand, except ""U.A. Perfect Ace"". You can only Special Summon ""U.A. Perfect Ace"" once per turn this way. Once per turn, during your opponent's turn, when a card or effect is activated: You can discard 1 card; negate that activation, and if you do, destroy it (this is a Quick Effect).",0.2,0.6,4.49,0.56,,Unlimited,DUEA-EN088,Rare,EARTH,Warrior,Effect Monster,1500,2500
92345,U.A. Perfect Ace,UA Perfect Ace,https://tcgplayer-cdn.tcgplayer.com/product/92345_200w.jpg,2,1480,https://cpt.tcgcsv.com/WXL,2014-08-20T18:28:08.957,1,"You can Special Summon this card (from your hand) by returning 1 ""U.A."" monster you control to the hand, except ""U.A. Perfect Ace"". You can only Special Summon ""U.A. Perfect Ace"" once per turn this way. Once per turn, during your opponent's turn, when a card or effect is activated: You can discard 1 card; negate that activation, and if you do, destroy it (this is a Quick Effect).",0.1,0.55,3.0,0.53,,1st Edition,DUEA-EN088,Rare,EARTH,Warrior,Effect Monster,1500,2500
92346,Shaddoll Squamata,Shaddoll Squamata,https://tcgplayer-cdn.tcgplayer.com/product/92346_200w.jpg,2,1480,https://cpt.tcgcsv.com/XXL,2014-08-20T18:18:43.33,1,"FLIP: You can target 1 monster on the field; destroy it.
If this card is sent to the Graveyard by a card effect: You can send 1 ""Shaddoll"" card from your Deck to the Graveyard, except ""Shaddoll Squamata"". You can only use 1 ""Shaddoll Squamata"" effect per turn, and only once that turn.",0.2,0.54,7.75,0.61,,Unlimited,DUEA-EN025,Common,DARK,Spellcaster,Flip/Effect Monster,1800,1000
92346,Shaddoll Squamata,Shaddoll Squamata,https://tcgplayer-cdn.tcgplayer.com/product/92346_200w.jpg,2,1480,https://cpt.tcgcsv.com/XXL,2014-08-20T18:18:43.33,1,"FLIP: You can target 1 monster on the field; destroy it.
If this card is sent to the Graveyard by a card effect: You can send 1 ""Shaddoll"" card from your Deck to the Graveyard, except ""Shaddoll Squamata"". You can only use 1 ""Shaddoll Squamata"" effect per turn, and only once that turn.",0.24,0.5,2.99,0.48,,1st Edition,DUEA-EN025,Common,DARK,Spellcaster,Flip/Effect Monster,1800,1000
92347,Shaddoll Dragon,Shaddoll Dragon,https://tcgplayer-cdn.tcgplayer.com/product/92347_200w.jpg,2,1480,https://cpt.tcgcsv.com/ZXL,2014-08-20T18:16:02.413,1,"FLIP: You can target 1 card your opponent controls; return it to the hand.
If this card is sent to the Graveyard by a card effect: You can target 1 Spell/Trap Card on the field; destroy it. You can only use 1 ""Shaddoll Dragon"" effect per turn, and only once that turn.",0.25,0.75,4.98,0.51,,Unlimited,DUEA-EN026,Rare,DARK,Spellcaster,Flip/Effect Monster,1900,0
92347,Shaddoll Dragon,Shaddoll Dragon,https://tcgplayer-cdn.tcgplayer.com/product/92347_200w.jpg,2,1480,https://cpt.tcgcsv.com/ZXL,2014-08-20T18:16:02.413,1,"FLIP: You can target 1 card your opponent controls; return it to the hand.
If this card is sent to the Graveyard by a card effect: You can target 1 Spell/Trap Card on the field; destroy it. You can only use 1 ""Shaddoll Dragon"" effect per turn, and only once that turn.",0.25,0.77,2.99,0.7,,1st Edition,DUEA-EN026,Rare,DARK,Spellcaster,Flip/Effect Monster,1900,0
92348,U.A. Mighty Slugger,UA Mighty Slugger,https://tcgplayer-cdn.tcgplayer.com/product/92348_200w.jpg,2,1480,https://cpt.tcgcsv.com/-XL,2014-08-20T18:27:55.707,1,"You can Special Summon this card (from your hand) by returning 1 ""U.A."" monster you control to the hand, except ""U.A. Mighty Slugger"". You can only Special Summon ""U.A. Mighty Slugger"" once per turn this way. If this card attacks, your opponent cannot activate cards or effects until the end of the Damage Step.",0.18,0.4,1.53,0.26,,Unlimited,DUEA-EN087,Rare,EARTH,Warrior,Effect Monster,2300,700
92348,U.A. Mighty Slugger,UA Mighty Slugger,https://tcgplayer-cdn.tcgplayer.com/product/92348_200w.jpg,2,1480,https://cpt.tcgcsv.com/-XL,2014-08-20T18:27:55.707,1,"You can Special Summon this card (from your hand) by returning 1 ""U.A."" monster you control to the hand, except ""U.A. Mighty Slugger"". You can only Special Summon ""U.A. Mighty Slugger"" once per turn this way. If this card attacks, your opponent cannot activate cards or effects until the end of the Damage Step.",0.21,0.42,1.99,0.33,,1st Edition,DUEA-EN087,Rare,EARTH,Warrior,Effect Monster,2300,700
92349,Shaddoll Beast,Shaddoll Beast,https://tcgplayer-cdn.tcgplayer.com/product/92349_200w.jpg,2,1480,https://cpt.tcgcsv.com/_XL,2014-08-20T18:15:21.583,1,"FLIP: You can draw 2 cards, then discard 1 card.
If this card is sent to the Graveyard by a card effect: You can draw 1 card. You can only use 1 ""Shaddoll Beast"" effect per turn, and only once that turn.",0.47,1.7,5.73,1.63,,Unlimited,DUEA-EN027,Rare,DARK,Spellcaster,Flip/Effect Monster,2200,1700
92349,Shaddoll Beast,Shaddoll Beast,https://tcgplayer-cdn.tcgplayer.com/product/92349_200w.jpg,2,1480,https://cpt.tcgcsv.com/_XL,2014-08-20T18:15:21.583,1,"FLIP: You can draw 2 cards, then discard 1 card.
If this card is sent to the Graveyard by a card effect: You can draw 1 card. You can only use 1 ""Shaddoll Beast"" effect per turn, and only once that turn.",0.46,2.45,3.97,2.69,,1st Edition,DUEA-EN027,Rare,DARK,Spellcaster,Flip/Effect Monster,2200,1700
92350,The Traveler and the Burning Abyss,The Traveler and the Burning Abyss,https://tcgplayer-cdn.tcgplayer.com/product/92350_200w.jpg,2,1480,https://cpt.tcgcsv.com/0ZL,2014-08-20T18:19:03.27,1,"Target any number of ""Burning Abyss"" monsters in your Graveyard that were sent there this turn; Special Summon them in Defense Position. You can only activate 1 ""The Traveler and the Burning Abyss"" per turn.",0.23,0.58,2.4,0.48,,Unlimited,DUEA-EN086,Super Rare,TRAP,,Normal Trap,,
92350,The Traveler and the Burning Abyss,The Traveler and the Burning Abyss,https://tcgplayer-cdn.tcgplayer.com/product/92350_200w.jpg,2,1480,https://cpt.tcgcsv.com/0ZL,2014-08-20T18:19:03.27,1,"Target any number of ""Burning Abyss"" monsters in your Graveyard that were sent there this turn; Special Summon them in Defense Position. You can only activate 1 ""The Traveler and the Burning Abyss"" per turn.",0.25,0.55,4.99,0.51,,1st Edition,DUEA-EN086,Super Rare,TRAP,,Normal Trap,,
92351,"Suanni, Fire of the Yang Zing",Suanni Fire of the Yang Zing,https://tcgplayer-cdn.tcgplayer.com/product/92351_200w.jpg,2,1480,https://cpt.tcgcsv.com/2ZL,2014-08-20T18:23:51.49,1,"When this card you control is destroyed by battle or card effect and sent to your Graveyard: You can Special Summon 1 ""Yang Zing"" monster from your Deck in Defense Position, except ""Suanni, Fire of the Yang Zing"". You can only use this effect of ""Suanni, Fire of the Yang Zing"" once per turn. Once per turn, during your opponent's Main Phase or Battle Phase, you can: Immediately after this effect resolves, Synchro Summon 1 Synchro Monster using only ""Yang Zing"" monsters you control (this is a Quick Effect). A Synchro Monster that used this card as a Synchro Material gains 500 ATK and DEF.",0.85,1.05,5.39,0.95,,Unlimited,DUEA-EN028,Super Rare,FIRE,Wyrm,Effect Monster,1900,0
92351,"Suanni, Fire of the Yang Zing",Suanni Fire of the Yang Zing,https://tcgplayer-cdn.tcgplayer.com/product/92351_200w.jpg,2,1480,https://cpt.tcgcsv.com/2ZL,2014-08-20T18:23:51.49,1,"When this card you control is destroyed by battle or card effect and sent to your Graveyard: You can Special Summon 1 ""Yang Zing"" monster from your Deck in Defense Position, except ""Suanni, Fire of the Yang Zing"". You can only use this effect of ""Suanni, Fire of the Yang Zing"" once per turn. Once per turn, during your opponent's Main Phase or Battle Phase, you can: Immediately after this effect resolves, Synchro Summon 1 Synchro Monster using only ""Yang Zing"" monsters you control (this is a Quick Effect). A Synchro Monster that used this card as a Synchro Material gains 500 ATK and DEF.",0.79,1.99,6.69,1.94,,1st Edition,DUEA-EN028,Super Rare,FIRE,Wyrm,Effect Monster,1900,0
92352,"Bi'an, Earth of the Yang Zing",Bian Earth of the Yang Zing,https://tcgplayer-cdn.tcgplayer.com/product/92352_200w.jpg,2,1480,https://cpt.tcgcsv.com/3ZL,2014-08-20T16:53:28.053,1,"When this card you control is destroyed by battle or card effect and sent to your Graveyard: You can Special Summon 1 ""Yang Zing"" monster from your Deck in Defense Position, except ""Bi'an, Earth of the Yang Zing"". You can only use this effect of ""Bi'an, Earth of the Yang Zing"" once per turn. Once per turn, during your opponent's Main Phase or Battle Phase, you can: Immediately after this effect resolves, Synchro Summon 1 Synchro Monster, using only ""Yang Zing"" monsters you control (this is a Quick Effect). A Synchro Monster that used this card as a Synchro Material cannot be destroyed by battle.",0.59,0.88,5.14,0.83,,Unlimited,DUEA-EN029,Super Rare,EARTH,Wyrm,Effect Monster,1600,0
92352,"Bi'an, Earth of the Yang Zing",Bian Earth of the Yang Zing,https://tcgplayer-cdn.tcgplayer.com/product/92352_200w.jpg,2,1480,https://cpt.tcgcsv.com/3ZL,2014-08-20T16:53:28.053,1,"When this card you control is destroyed by battle or card effect and sent to your Graveyard: You can Special Summon 1 ""Yang Zing"" monster from your Deck in Defense Position, except ""Bi'an, Earth of the Yang Zing"". You can only use this effect of ""Bi'an, Earth of the Yang Zing"" once per turn. Once per turn, during your opponent's Main Phase or Battle Phase, you can: Immediately after this effect resolves, Synchro Summon 1 Synchro Monster, using only ""Yang Zing"" monsters you control (this is a Quick Effect). A Synchro Monster that used this card as a Synchro Material cannot be destroyed by battle.",0.6,1.26,5.9,1.18,,1st Edition,DUEA-EN029,Super Rare,EARTH,Wyrm,Effect Monster,1600,0
92353,"Dante, Traveler of the Burning Abyss",Dante Traveler of the Burning Abyss,https://tcgplayer-cdn.tcgplayer.com/product/92353_200w.jpg,2,1480,https://cpt.tcgcsv.com/5ZL,2022-12-19T19:44:05.08,1,"2 Level 3 monsters<br>
Once per turn: You can detach 1 Xyz Material from this card and choose a number from 1 to 3, then send that many cards from the top of your Deck to the Graveyard; until the end of this turn, this card gains 500 ATK for each card sent to the Graveyard this way. If this card attacks, it is changed to Defense Position at the end of the Battle Phase. If this card is sent to the Graveyard: You can target 1 ""Burning Abyss"" card in your Graveyard, except this card; add it to your hand.",3.01,8.09,39.99,3.16,,Unlimited,DUEA-EN085,Secret Rare,LIGHT,Warior,Xyz/Effect Monster,1000,2500
92353,"Dante, Traveler of the Burning Abyss",Dante Traveler of the Burning Abyss,https://tcgplayer-cdn.tcgplayer.com/product/92353_200w.jpg,2,1480,https://cpt.tcgcsv.com/5ZL,2022-12-19T19:44:05.08,1,"2 Level 3 monsters<br>
Once per turn: You can detach 1 Xyz Material from this card and choose a number from 1 to 3, then send that many cards from the top of your Deck to the Graveyard; until the end of this turn, this card gains 500 ATK for each card sent to the Graveyard this way. If this card attacks, it is changed to Defense Position at the end of the Battle Phase. If this card is sent to the Graveyard: You can target 1 ""Burning Abyss"" card in your Graveyard, except this card; add it to your hand.",5.99,13.68,59.98,9.74,13.67,1st Edition,DUEA-EN085,Secret Rare,LIGHT,Warior,Xyz/Effect Monster,1000,2500
92354,"Bixi, Water of the Yang Zing",Bixi Water of the Yang Zing,https://tcgplayer-cdn.tcgplayer.com/product/92354_200w.jpg,2,1480,https://cpt.tcgcsv.com/6ZL,2014-08-20T16:53:49.36,1,"When this card you control is destroyed by battle or card effect and sent to your Graveyard: You can Special Summon 1 ""Yang Zing"" monster from your Deck in Attack Position, except ""Bixi, Water of the Yang Zing"". You can only use this effect of ""Bixi, Water of the Yang Zing"" once per turn. Once per turn, during your opponent's Main Phase or Battle Phase, you can: Immediately after this effect resolves, Synchro Summon 1 Synchro Monster, using only ""Yang Zing"" monsters you control (this is a Quick Effect). A Synchro Monster that used this card as a Synchro Material is unaffected by Trap effects.",0.27,0.75,1.63,0.37,,Unlimited,DUEA-EN030,Super Rare,WATER,Wyrm,Effect Monster,0,2000
92354,"Bixi, Water of the Yang Zing",Bixi Water of the Yang Zing,https://tcgplayer-cdn.tcgplayer.com/product/92354_200w.jpg,2,1480,https://cpt.tcgcsv.com/6ZL,2014-08-20T16:53:49.36,1,"When this card you control is destroyed by battle or card effect and sent to your Graveyard: You can Special Summon 1 ""Yang Zing"" monster from your Deck in Attack Position, except ""Bixi, Water of the Yang Zing"". You can only use this effect of ""Bixi, Water of the Yang Zing"" once per turn. Once per turn, during your opponent's Main Phase or Battle Phase, you can: Immediately after this effect resolves, Synchro Summon 1 Synchro Monster, using only ""Yang Zing"" monsters you control (this is a Quick Effect). A Synchro Monster that used this card as a Synchro Material is unaffected by Trap effects.",0.27,0.81,6.67,0.56,,1st Edition,DUEA-EN030,Super Rare,WATER,Wyrm,Effect Monster,0,2000
92355,"Pulao, Wind of the Yang Zing",Pulao Wind of the Yang Zing,https://tcgplayer-cdn.tcgplayer.com/product/92355_200w.jpg,2,1480,https://cpt.tcgcsv.com/7ZL,2014-08-20T18:07:13.627,1,"When this card you control is destroyed by battle or card effect and sent to your Graveyard: You can Special Summon 1 ""Yang Zing"" monster from your Deck in Attack Position, except ""Pulao, Wind of the Yang Zing"". You can only use this effect of ""Pulao, Wind of the Yang Zing"" once per turn. Once per turn, during your opponent's Main Phase or Battle Phase, you can: Immediately after this effect resolves, Synchro Summon 1 Synchro Monster using only ""Yang Zing"" monsters you control (this is a Quick Effect). A Synchro Monster that used this card as a Synchro Material is unaffected by Spell effects.",0.18,0.39,3.95,0.24,,Unlimited,DUEA-EN031,Super Rare,WIND,Wyrm,Effect Monster,0,1000
92355,"Pulao, Wind of the Yang Zing",Pulao Wind of the Yang Zing,https://tcgplayer-cdn.tcgplayer.com/product/92355_200w.jpg,2,1480,https://cpt.tcgcsv.com/7ZL,2014-08-20T18:07:13.627,1,"When this card you control is destroyed by battle or card effect and sent to your Graveyard: You can Special Summon 1 ""Yang Zing"" monster from your Deck in Attack Position, except ""Pulao, Wind of the Yang Zing"". You can only use this effect of ""Pulao, Wind of the Yang Zing"" once per turn. Once per turn, during your opponent's Main Phase or Battle Phase, you can: Immediately after this effect resolves, Synchro Summon 1 Synchro Monster using only ""Yang Zing"" monsters you control (this is a Quick Effect). A Synchro Monster that used this card as a Synchro Material is unaffected by Spell effects.",0.1,0.41,4.45,0.26,,1st Edition,DUEA-EN031,Super Rare,WIND,Wyrm,Effect Monster,0,1000
92356,"Chiwen, Light of the Yang Zing",Chiwen Light of the Yang Zing,https://tcgplayer-cdn.tcgplayer.com/product/92356_200w.jpg,2,1480,https://cpt.tcgcsv.com/8ZL,2016-12-27T12:51:43.363,1,"When this card you control is destroyed by battle or card effect and sent to your Graveyard: You can Special Summon 1 ""Yang Zing"" monster from your Deck, except ""Chiwen, Light of the Yang Zing"". When a ""Yang Zing"" monster(s) you control is destroyed by battle or card effect and sent to the Graveyard, while this card is in the Graveyard: You can Special Summon this card, and if you do, banish it when it leaves the field. You can only use 1 ""Chiwen, Light of the Yang Zing"" effect per turn, and only once that turn.",2.2,4.2,25.0,3.11,,Unlimited,DUEA-EN032,Ultra Rare,LIGHT,Wyrm,Effect Monster,0,0
92356,"Chiwen, Light of the Yang Zing",Chiwen Light of the Yang Zing,https://tcgplayer-cdn.tcgplayer.com/product/92356_200w.jpg,2,1480,https://cpt.tcgcsv.com/8ZL,2016-12-27T12:51:43.363,1,"When this card you control is destroyed by battle or card effect and sent to your Graveyard: You can Special Summon 1 ""Yang Zing"" monster from your Deck, except ""Chiwen, Light of the Yang Zing"". When a ""Yang Zing"" monster(s) you control is destroyed by battle or card effect and sent to the Graveyard, while this card is in the Graveyard: You can Special Summon this card, and if you do, banish it when it leaves the field. You can only use 1 ""Chiwen, Light of the Yang Zing"" effect per turn, and only once that turn.",2.95,5.0,23.85,4.72,,1st Edition,DUEA-EN032,Ultra Rare,LIGHT,Wyrm,Effect Monster,0,0
92357,Artifact Chakram,Artifact Chakram,https://tcgplayer-cdn.tcgplayer.com/product/92357_200w.jpg,2,1480,https://cpt.tcgcsv.com/9ZL,2014-08-20T16:47:25.873,1,"You can Set this card from your hand to your Spell & Trap Card Zone as a Spell Card. During your opponent's turn, if this Set card in the Spell & Trap Card Zone is destroyed and sent to your Graveyard: Special Summon it. During either player's turn, when a card or effect is activated that would destroy a Spell/Trap Card(s) you control, while this card is in your hand: You can return 1 Set Spell/Trap Card you control to the hand; Special Summon this card.",0.01,0.2,1.49,0.16,,Unlimited,DUEA-EN033,Common,LIGHT,Fairy,Effect Monster,1900,2000
92357,Artifact Chakram,Artifact Chakram,https://tcgplayer-cdn.tcgplayer.com/product/92357_200w.jpg,2,1480,https://cpt.tcgcsv.com/9ZL,2014-08-20T16:47:25.873,1,"You can Set this card from your hand to your Spell & Trap Card Zone as a Spell Card. During your opponent's turn, if this Set card in the Spell & Trap Card Zone is destroyed and sent to your Graveyard: Special Summon it. During either player's turn, when a card or effect is activated that would destroy a Spell/Trap Card(s) you control, while this card is in your hand: You can return 1 Set Spell/Trap Card you control to the hand; Special Summon this card.",0.04,0.22,1.35,0.09,,1st Edition,DUEA-EN033,Common,LIGHT,Fairy,Effect Monster,1900,2000
92358,Artifact Lancea,Artifact Lancea,https://tcgplayer-cdn.tcgplayer.com/product/92358_200w.jpg,2,1480,https://cpt.tcgcsv.com/bZL,2025-04-02T03:28:14.627,1,"You can Set this card from your hand to your Spell & Trap Card Zone as a Spell Card. During your opponent's turn, if this Set card in the Spell & Trap Card Zone is destroyed and sent to your Graveyard: Special Summon it. During your opponent's turn: You can Tribute this card from your hand or face-up from your side of the field; neither player can banish cards for the rest of this turn. (this is a Quick Effect).",0.5,0.75,4.19,0.62,,Unlimited,DUEA-EN034,Common,LIGHT,Fairy,Effect Monster,1700,2300
92358,Artifact Lancea,Artifact Lancea,https://tcgplayer-cdn.tcgplayer.com/product/92358_200w.jpg,2,1480,https://cpt.tcgcsv.com/bZL,2025-04-02T03:28:14.627,1,"You can Set this card from your hand to your Spell & Trap Card Zone as a Spell Card. During your opponent's turn, if this Set card in the Spell & Trap Card Zone is destroyed and sent to your Graveyard: Special Summon it. During your opponent's turn: You can Tribute this card from your hand or face-up from your side of the field; neither player can banish cards for the rest of this turn. (this is a Quick Effect).",0.5,0.91,4.99,0.77,,1st Edition,DUEA-EN034,Common,LIGHT,Fairy,Effect Monster,1700,2300
92359,Nefarious Archfiend Eater of Nefariousness,Nefarious Archfiend Eater of Nefariousness,https://tcgplayer-cdn.tcgplayer.com/product/92359_200w.jpg,2,1480,https://cpt.tcgcsv.com/cZL,2014-08-20T17:20:49.93,1,"You can only control 1 ""Nefarious Archfiend Eater of Nefariousness"". If you control a Spellcaster-Type monster, you can Special Summon this card (from your hand). During your opponent's End Phase, if this card is in your Graveyard: You can target 1 face-up monster you control; destroy it, and if you do, Special Summon this card.",0.05,0.25,1.49,0.14,,Unlimited,DUEA-EN035,Common,EARTH,,Effect Monster,1500,200
92359,Nefarious Archfiend Eater of Nefariousness,Nefarious Archfiend Eater of Nefariousness,https://tcgplayer-cdn.tcgplayer.com/product/92359_200w.jpg,2,1480,https://cpt.tcgcsv.com/cZL,2014-08-20T17:20:49.93,1,"You can only control 1 ""Nefarious Archfiend Eater of Nefariousness"". If you control a Spellcaster-Type monster, you can Special Summon this card (from your hand). During your opponent's End Phase, if this card is in your Graveyard: You can target 1 face-up monster you control; destroy it, and if you do, Special Summon this card.",0.09,0.23,1.41,0.15,,1st Edition,DUEA-EN035,Common,EARTH,,Effect Monster,1500,200
92360,The Agent of Entropy - Uranus,The Agent of Entropy Uranus,https://tcgplayer-cdn.tcgplayer.com/product/92360_200w.jpg,2,1480,https://cpt.tcgcsv.com/dZL,2014-08-20T18:25:17.943,1,"If ""The Sanctuary in the Sky"" is on the field, you can Special Summon this card (from your hand). Once per turn: You can send 1 ""The Agent"" monster from your Deck to the Graveyard. This card's Level becomes the Level of the monster sent to the Graveyard by this effect.",0.05,0.25,1.49,0.23,,Unlimited,DUEA-EN036,Common,DARK,Fairy,Tuner/Effect Monster,2200,1200
92360,The Agent of Entropy - Uranus,The Agent of Entropy Uranus,https://tcgplayer-cdn.tcgplayer.com/product/92360_200w.jpg,2,1480,https://cpt.tcgcsv.com/dZL,2014-08-20T18:25:17.943,1,"If ""The Sanctuary in the Sky"" is on the field, you can Special Summon this card (from your hand). Once per turn: You can send 1 ""The Agent"" monster from your Deck to the Graveyard. This card's Level becomes the Level of the monster sent to the Graveyard by this effect.",0.1,0.24,1.42,0.18,,1st Edition,DUEA-EN036,Common,DARK,Fairy,Tuner/Effect Monster,2200,1200
92361,Djinn Demolisher of Rituals,Djinn Demolisher of Rituals,https://tcgplayer-cdn.tcgplayer.com/product/92361_200w.jpg,2,1480,https://cpt.tcgcsv.com/fZL,2014-08-20T16:58:11.3,1,"If you Ritual Summon a Ritual Monster, you can banish this card from your Graveyard as 1 of the monsters required for the Ritual Summon. The monster Ritual Summoned using this card cannot be targeted by your opponent's card effects.",0.05,0.25,1.49,0.15,,Unlimited,DUEA-EN037,Common,DARK,Fiend,Effect Monster,1500,600
92361,Djinn Demolisher of Rituals,Djinn Demolisher of Rituals,https://tcgplayer-cdn.tcgplayer.com/product/92361_200w.jpg,2,1480,https://cpt.tcgcsv.com/fZL,2014-08-20T16:58:11.3,1,"If you Ritual Summon a Ritual Monster, you can banish this card from your Graveyard as 1 of the monsters required for the Ritual Summon. The monster Ritual Summoned using this card cannot be targeted by your opponent's card effects.",0.07,0.22,5.0,0.16,,1st Edition,DUEA-EN037,Common,DARK,Fiend,Effect Monster,1500,600
92362,Batteryman 9-Volt,Batteryman 9 Volt,https://tcgplayer-cdn.tcgplayer.com/product/92362_200w.jpg,2,1480,https://cpt.tcgcsv.com/gZL,2014-08-20T16:48:06.573,1,"When this card is Summoned: You can add 1 ""Batteryman"" monster from your Deck to your hand, and if you do, this card's ATK and DEF become double its original ATK and DEF, respectively. You can only use this effect of ""Batteryman 9-Volt"" once per turn. During your End Phase: Destroy this card.",0.02,0.3,1.49,0.4,,Unlimited,DUEA-EN038,Common,LIGHT,Thunder,Effect Monster,1000,1000
92362,Batteryman 9-Volt,Batteryman 9 Volt,https://tcgplayer-cdn.tcgplayer.com/product/92362_200w.jpg,2,1480,https://cpt.tcgcsv.com/gZL,2014-08-20T16:48:06.573,1,"When this card is Summoned: You can add 1 ""Batteryman"" monster from your Deck to your hand, and if you do, this card's ATK and DEF become double its original ATK and DEF, respectively. You can only use this effect of ""Batteryman 9-Volt"" once per turn. During your End Phase: Destroy this card.",0.07,0.25,1.0,0.12,,1st Edition,DUEA-EN038,Common,LIGHT,Thunder,Effect Monster,1000,1000
92363,Resonance Insect,Resonance Insect,https://tcgplayer-cdn.tcgplayer.com/product/92363_200w.jpg,2,1480,https://cpt.tcgcsv.com/hZL,2024-01-16T18:41:22.073,1,"If this card is sent from the field to the Graveyard: You can add 1 Level 5 or higher Insect-Type monster from your Deck to your hand. If this card is banished: You can send 1 Insect-Type monster from your Deck to the Graveyard, except ""Resonance Insect"".",0.05,0.49,2.25,0.27,,Unlimited,DUEA-EN039,Common,EARTH,Insect,Effect Monster,1000,700
92363,Resonance Insect,Resonance Insect,https://tcgplayer-cdn.tcgplayer.com/product/92363_200w.jpg,2,1480,https://cpt.tcgcsv.com/hZL,2024-01-16T18:41:22.073,1,"If this card is sent from the field to the Graveyard: You can add 1 Level 5 or higher Insect-Type monster from your Deck to your hand. If this card is banished: You can send 1 Insect-Type monster from your Deck to the Graveyard, except ""Resonance Insect"".",0.1,0.39,2.5,0.2,,1st Edition,DUEA-EN039,Common,EARTH,Insect,Effect Monster,1000,700
92364,Breaker the Dark Magical Warrior,Breaker the Dark Magical Warrior,https://tcgplayer-cdn.tcgplayer.com/product/92364_200w.jpg,2,1480,https://cpt.tcgcsv.com/jZL,2018-08-06T16:08:42.103,1,"When this card is Normal Summoned: Place 2 Spell Counters on it. When this card is Pendulum Summoned: Place 3 Spell Counters on it. This card gains 400 ATK for each Spell Counter on it. You can remove 1 Spell Counter from this card, then target 1 Spell/Trap Card on the field; destroy that target. You can only use this effect of ""Breaker the Dark Magical Warrior"" once per turn.",0.1,0.25,1.41,0.2,,Unlimited,DUEA-EN040,Rare,DARK,Spellcaster,Effect Monster,1600,1000
92364,Breaker the Dark Magical Warrior,Breaker the Dark Magical Warrior,https://tcgplayer-cdn.tcgplayer.com/product/92364_200w.jpg,2,1480,https://cpt.tcgcsv.com/jZL,2018-08-06T16:08:42.103,1,"When this card is Normal Summoned: Place 2 Spell Counters on it. When this card is Pendulum Summoned: Place 3 Spell Counters on it. This card gains 400 ATK for each Spell Counter on it. You can remove 1 Spell Counter from this card, then target 1 Spell/Trap Card on the field; destroy that target. You can only use this effect of ""Breaker the Dark Magical Warrior"" once per turn.",0.1,0.29,1.49,0.29,,1st Edition,DUEA-EN040,Rare,DARK,Spellcaster,Effect Monster,1600,1000
92365,Raiza the Mega Monarch,Raiza the Mega Monarch,https://tcgplayer-cdn.tcgplayer.com/product/92365_200w.jpg,2,1480,https://cpt.tcgcsv.com/kZL,2014-09-11T16:50:46.98,1,"You can Tribute Summon this card by Tributing 1 Tribute Summoned monster. If this card is Tribute Summoned: Target 1 card on the field and 1 card in either player's Graveyard, also if this card was Tribute Summoned by Tributing a WIND monster, you can target an additional card on the field; place the first target(s) on the top of the Deck in any order, also, after that, return the additional target (if any) to the hand.",2.25,4.32,30.26,3.27,,Unlimited,DUEA-EN041,Secret Rare,WIND,Winged Beast,Effect Monster,2800,1000
92365,Raiza the Mega Monarch,Raiza the Mega Monarch,https://tcgplayer-cdn.tcgplayer.com/product/92365_200w.jpg,2,1480,https://cpt.tcgcsv.com/kZL,2014-09-11T16:50:46.98,1,"You can Tribute Summon this card by Tributing 1 Tribute Summoned monster. If this card is Tribute Summoned: Target 1 card on the field and 1 card in either player's Graveyard, also if this card was Tribute Summoned by Tributing a WIND monster, you can target an additional card on the field; place the first target(s) on the top of the Deck in any order, also, after that, return the additional target (if any) to the hand.",3.98,5.4,75.0,5.44,3.98,1st Edition,DUEA-EN041,Secret Rare,WIND,Winged Beast,Effect Monster,2800,1000
92366,Dogu,Dogu,https://tcgplayer-cdn.tcgplayer.com/product/92366_200w.jpg,2,1480,https://cpt.tcgcsv.com/lZL,2014-08-20T16:58:27.923,1,"You can only use this effect of ""Dogu"" once per turn. During the End Phase, if this card is in the Graveyard because it was sent there this turn by your opponent's card effect: You can add 1 monster from your Deck to your hand that has a different Level from any monsters you control or in your Graveyard.",0.09,0.29,6.25,0.28,,Unlimited,DUEA-EN042,Rare,EARTH,Rock,Effect Monster,1900,0
92366,Dogu,Dogu,https://tcgplayer-cdn.tcgplayer.com/product/92366_200w.jpg,2,1480,https://cpt.tcgcsv.com/lZL,2014-08-20T16:58:27.923,1,"You can only use this effect of ""Dogu"" once per turn. During the End Phase, if this card is in the Graveyard because it was sent there this turn by your opponent's card effect: You can add 1 monster from your Deck to your hand that has a different Level from any monsters you control or in your Graveyard.",0.05,0.25,1.0,0.11,,1st Edition,DUEA-EN042,Rare,EARTH,Rock,Effect Monster,1900,0
92367,Hypnosister,Hypnosister,https://tcgplayer-cdn.tcgplayer.com/product/92367_200w.jpg,2,1480,https://cpt.tcgcsv.com/mZL,2014-08-20T17:19:33.02,1,"This card gains effects based on the number of cards in the Pendulum Zones.
? 1 or more: This card gains 800 ATK and DEF.
? 2 or more: If this card battles a Pendulum Summoned monster, at the start of the Damage Step: Destroy that monster.
? 3 or more: Your opponent's monsters must attack this card, if able.
? 4: If this card destroys a monster by battle or by its effect: Draw 1 card.",0.05,0.3,1.5,0.11,,Unlimited,DUEA-EN043,Super Rare,WIND,Psychic,Effect Monster,1300,1400
92367,Hypnosister,Hypnosister,https://tcgplayer-cdn.tcgplayer.com/product/92367_200w.jpg,2,1480,https://cpt.tcgcsv.com/mZL,2014-08-20T17:19:33.02,1,"This card gains effects based on the number of cards in the Pendulum Zones.
? 1 or more: This card gains 800 ATK and DEF.
? 2 or more: If this card battles a Pendulum Summoned monster, at the start of the Damage Step: Destroy that monster.
? 3 or more: Your opponent's monsters must attack this card, if able.
? 4: If this card destroys a monster by battle or by its effect: Draw 1 card.",0.09,0.33,1.41,0.31,,1st Edition,DUEA-EN043,Super Rare,WIND,Psychic,Effect Monster,1300,1400
92368,Re-Cover,Re Cover,https://tcgplayer-cdn.tcgplayer.com/product/92368_200w.jpg,2,1480,https://cpt.tcgcsv.com/nZL,2014-08-20T18:07:48.837,1,"You can only use this effect of ""Re-Cover"" once per turn. If this card is in your Graveyard and your opponent has at least 5 more cards in their Extra Deck than you have in yours: You can pay 2000 Life Points; Special Summon this card. If Summoned this way, banish this card when it leaves the field.",0.01,0.23,1.49,0.11,,Unlimited,DUEA-EN044,Common,EARTH,Psychic,Tuner/Effect Monster,700,300
92368,Re-Cover,Re Cover,https://tcgplayer-cdn.tcgplayer.com/product/92368_200w.jpg,2,1480,https://cpt.tcgcsv.com/nZL,2014-08-20T18:07:48.837,1,"You can only use this effect of ""Re-Cover"" once per turn. If this card is in your Graveyard and your opponent has at least 5 more cards in their Extra Deck than you have in yours: You can pay 2000 Life Points; Special Summon this card. If Summoned this way, banish this card when it leaves the field.",0.01,0.25,6.2,0.38,,1st Edition,DUEA-EN044,Common,EARTH,Psychic,Tuner/Effect Monster,700,300
92369,"Cir, Malebranche of the Burning Abyss",Cir Malebranche of the Burning Abyss,https://tcgplayer-cdn.tcgplayer.com/product/92369_200w.jpg,2,1480,https://cpt.tcgcsv.com/pZL,2022-10-18T07:18:57.267,1,"If you control a monster that is not a ""Burning Abyss"" monster, destroy this card. You can only use 1 of the following effects of ""Cir, Malebranche of the Burning Abyss"" per turn, and only once that turn.<br>
? If you control no Spell/Trap Cards: You can Special Summon this card from your hand.<br>
? If this card is sent to the Graveyard: You can target 1 ""Burning Abyss"" monster in your Graveyard, except ""Cir, Malebranche of the Burning Abyss""; Special Summon it.",0.34,0.88,5.63,0.59,,Unlimited,DUEA-EN084,Rare,DARK,Fiend,Effect Monster,1600,1200
92369,"Cir, Malebranche of the Burning Abyss",Cir Malebranche of the Burning Abyss,https://tcgplayer-cdn.tcgplayer.com/product/92369_200w.jpg,2,1480,https://cpt.tcgcsv.com/pZL,2022-10-18T07:18:57.267,1,"If you control a monster that is not a ""Burning Abyss"" monster, destroy this card. You can only use 1 of the following effects of ""Cir, Malebranche of the Burning Abyss"" per turn, and only once that turn.<br>
? If you control no Spell/Trap Cards: You can Special Summon this card from your hand.<br>
? If this card is sent to the Graveyard: You can target 1 ""Burning Abyss"" monster in your Graveyard, except ""Cir, Malebranche of the Burning Abyss""; Special Summon it.",0.21,0.99,4.45,0.61,,1st Edition,DUEA-EN084,Rare,DARK,Fiend,Effect Monster,1600,1200
92370,Deskbot 001,Deskbot 001,https://tcgplayer-cdn.tcgplayer.com/product/92370_200w.jpg,2,1480,https://cpt.tcgcsv.com/qZL,2020-10-06T15:26:07.333,1,This card gains 500 ATK and DEF for each Machine-Type monster you control. If 2 or more Machine-Type monsters are Special Summoned at the same time while this card is in your Graveyard (except during the Damage Step): You can Special Summon this card.,0.05,0.25,2.85,0.07,,Unlimited,DUEA-EN045,Common,EARTH,Machine,Tuner/Effect Monster,500,500
92370,Deskbot 001,Deskbot 001,https://tcgplayer-cdn.tcgplayer.com/product/92370_200w.jpg,2,1480,https://cpt.tcgcsv.com/qZL,2020-10-06T15:26:07.333,1,This card gains 500 ATK and DEF for each Machine-Type monster you control. If 2 or more Machine-Type monsters are Special Summoned at the same time while this card is in your Graveyard (except during the Damage Step): You can Special Summon this card.,0.06,0.35,50.0,0.6,,1st Edition,DUEA-EN045,Common,EARTH,Machine,Tuner/Effect Monster,500,500
92371,"Graff, Malebranche of the Burning Abyss",Graff Malebranche of the Burning Abyss,https://tcgplayer-cdn.tcgplayer.com/product/92371_200w.jpg,2,1480,https://cpt.tcgcsv.com/rZL,2022-11-26T17:22:03.077,1,"If you control a monster that is not a ""Burning Abyss"" monster, destroy this card. You can only use 1 of the following effects of ""Graff, Malebranche of the Burning Abyss"" per turn, and only once that turn.<br>
? If you control no Spell/Trap Cards: You can Special Summon this card from your hand.<br>
? If this card is sent to the Graveyard: You can Special Summon 1 ""Burning Abyss"" monster from your Deck, except ""Graff, Malebranche of the Burning Abyss"".",0.49,0.75,9.99,0.62,0.68,Unlimited,DUEA-EN083,Rare,DARK,Fiend,Effect Monster,1000,1500
92371,"Graff, Malebranche of the Burning Abyss",Graff Malebranche of the Burning Abyss,https://tcgplayer-cdn.tcgplayer.com/product/92371_200w.jpg,2,1480,https://cpt.tcgcsv.com/rZL,2022-11-26T17:22:03.077,1,"If you control a monster that is not a ""Burning Abyss"" monster, destroy this card. You can only use 1 of the following effects of ""Graff, Malebranche of the Burning Abyss"" per turn, and only once that turn.<br>
? If you control no Spell/Trap Cards: You can Special Summon this card from your hand.<br>
? If this card is sent to the Graveyard: You can Special Summon 1 ""Burning Abyss"" monster from your Deck, except ""Graff, Malebranche of the Burning Abyss"".",0.22,0.97,8.0,0.6,,1st Edition,DUEA-EN083,Rare,DARK,Fiend,Effect Monster,1000,1500
92372,Spy-C-Spy,Spy C Spy,https://tcgplayer-cdn.tcgplayer.com/product/92372_200w.jpg,2,1480,https://cpt.tcgcsv.com/sZL,2014-08-20T18:19:54.897,1,"If this card is Normal Summoned: Look at 1 random card in your opponent's Extra Deck, and if it has 2000 or more ATK, this card gains 1000 ATK. If it has less than 2000 ATK, you gain LP equal to that monster's ATK.",0.05,0.22,1.49,0.15,,Unlimited,DUEA-EN046,Common,FIRE,Warrior,Effect Monster,1200,1300
92372,Spy-C-Spy,Spy C Spy,https://tcgplayer-cdn.tcgplayer.com/product/92372_200w.jpg,2,1480,https://cpt.tcgcsv.com/sZL,2014-08-20T18:19:54.897,1,"If this card is Normal Summoned: Look at 1 random card in your opponent's Extra Deck, and if it has 2000 or more ATK, this card gains 1000 ATK. If it has less than 2000 ATK, you gain LP equal to that monster's ATK.",0.05,0.25,1.4,0.23,,1st Edition,DUEA-EN046,Common,FIRE,Warrior,Effect Monster,1200,1300
92373,"Scarm, Malebranche of the Burning Abyss",Scarm Malebranche of the Burning Abyss,https://tcgplayer-cdn.tcgplayer.com/product/92373_200w.jpg,2,1480,https://cpt.tcgcsv.com/tZL,2014-08-20T18:15:05.527,1,"If you control a monster that is not a ""Burning Abyss"" monster, destroy this card. You can only use 1 of the following effects of ""Scarm, Malebranche of the Burning Abyss"" per turn, and only once that turn.<br>
? If you control no Spell/Trap Cards: You can Special Summon this card from your hand.<br>
? During the End Phase, if this card was sent to the Graveyard this turn: You can add 1 Level 3 DARK Fiend-Type monster from your Deck to your hand, except ""Scarm, Malebranche of the Burning Abyss"".",0.25,0.72,5.0,0.53,,Unlimited,DUEA-EN082,Rare,DARK,Fiend,Effect Monster,800,2000
92373,"Scarm, Malebranche of the Burning Abyss",Scarm Malebranche of the Burning Abyss,https://tcgplayer-cdn.tcgplayer.com/product/92373_200w.jpg,2,1480,https://cpt.tcgcsv.com/tZL,2014-08-20T18:15:05.527,1,"If you control a monster that is not a ""Burning Abyss"" monster, destroy this card. You can only use 1 of the following effects of ""Scarm, Malebranche of the Burning Abyss"" per turn, and only once that turn.<br>
? If you control no Spell/Trap Cards: You can Special Summon this card from your hand.<br>
? During the End Phase, if this card was sent to the Graveyard this turn: You can add 1 Level 3 DARK Fiend-Type monster from your Deck to your hand, except ""Scarm, Malebranche of the Burning Abyss"".",0.25,0.94,7.0,0.66,,1st Edition,DUEA-EN082,Rare,DARK,Fiend,Effect Monster,800,2000
92374,Wightprince,Wightprince,https://tcgplayer-cdn.tcgplayer.com/product/92374_200w.jpg,2,1480,https://cpt.tcgcsv.com/vZL,2014-08-20T18:28:52.67,1,"If this card is sent to the Graveyard: You can send 1 ""Skull Servant"" and 1 ""The Lady in Wight"" from your hand and/or Deck to the Graveyard. You can banish 2 ""Skull Servants"" and this card from your Graveyard; Special Summon 1 ""King of the Skull Servants"" from your Deck. This card's name becomes ""Skull Servant"" while it is in the Graveyard.",0.3,0.67,6.8,0.44,,Unlimited,DUEA-EN047,Common,DARK,Zombie,Effect Monster,0,0
92374,Wightprince,Wightprince,https://tcgplayer-cdn.tcgplayer.com/product/92374_200w.jpg,2,1480,https://cpt.tcgcsv.com/vZL,2014-08-20T18:28:52.67,1,"If this card is sent to the Graveyard: You can send 1 ""Skull Servant"" and 1 ""The Lady in Wight"" from your hand and/or Deck to the Graveyard. You can banish 2 ""Skull Servants"" and this card from your Graveyard; Special Summon 1 ""King of the Skull Servants"" from your Deck. This card's name becomes ""Skull Servant"" while it is in the Graveyard.",0.21,0.51,6.9,0.39,,1st Edition,DUEA-EN047,Common,DARK,Zombie,Effect Monster,0,0
92375,Doomstar Magician,Doomstar Magician,https://tcgplayer-cdn.tcgplayer.com/product/92375_200w.jpg,2,1480,https://cpt.tcgcsv.com/wZL,2014-08-20T16:58:49.08,1,"Once per turn: You can discard 1 card, then target 1 card in either player's Pendulum Zone; destroy that card, and if you do, draw 1 card.",0.1,0.72,3.93,0.69,,Unlimited,DUEA-EN081,Ultra Rare,DARK,Spellcaster,Effect Monster,1800,300
92375,Doomstar Magician,Doomstar Magician,https://tcgplayer-cdn.tcgplayer.com/product/92375_200w.jpg,2,1480,https://cpt.tcgcsv.com/wZL,2014-08-20T16:58:49.08,1,"Once per turn: You can discard 1 card, then target 1 card in either player's Pendulum Zone; destroy that card, and if you do, draw 1 card.",0.18,0.5,20.0,0.4,,1st Edition,DUEA-EN081,Ultra Rare,DARK,Spellcaster,Effect Monster,1800,300
92376,El Shaddoll Winda,El Shaddoll Winda,https://tcgplayer-cdn.tcgplayer.com/product/92376_200w.jpg,2,1480,https://cpt.tcgcsv.com/xZL,2023-04-17T04:39:03.207,1,"1 ""Shaddoll"" monster + 1 DARK monster
Must first be Fusion Summoned. Cannot be destroyed by an opponent's card effects. Each player can only Special Summon monster(s) once per turn while this card is face-up on the field. If this card is sent to the Graveyard: You can target 1 ""Shaddoll"" Spell/Trap Card in your Graveyard; add it to your hand.",1.74,3.88,13.0,1.73,2.9,Unlimited,DUEA-EN048,Ultra Rare,DARK,Spellcaster,Fusion/Effect Monster,2200,800
92376,El Shaddoll Winda,El Shaddoll Winda,https://tcgplayer-cdn.tcgplayer.com/product/92376_200w.jpg,2,1480,https://cpt.tcgcsv.com/xZL,2023-04-17T04:39:03.207,1,"1 ""Shaddoll"" monster + 1 DARK monster
Must first be Fusion Summoned. Cannot be destroyed by an opponent's card effects. Each player can only Special Summon monster(s) once per turn while this card is face-up on the field. If this card is sent to the Graveyard: You can target 1 ""Shaddoll"" Spell/Trap Card in your Graveyard; add it to your hand.",1.7,3.73,19.99,3.25,4.33,1st Edition,DUEA-EN048,Ultra Rare,DARK,Spellcaster,Fusion/Effect Monster,2200,800
92377,That Six,That Six,https://tcgplayer-cdn.tcgplayer.com/product/92377_200w.jpg,2,1480,https://cpt.tcgcsv.com/zZL,2014-08-20T18:25:01.94,1,"Each time a player rolls a die (or dice), you can choose 1 die result, and apply the appropriate effect based on the result.<br>
? 1, 3, or 5: The die result is treated as 6.<br>
? 2, 4, or 6: The die result is treated as 1.",0.45,0.76,4.99,0.78,,Unlimited,DUEA-EN080,Common,TRAP,,Normal Trap,,
92377,That Six,That Six,https://tcgplayer-cdn.tcgplayer.com/product/92377_200w.jpg,2,1480,https://cpt.tcgcsv.com/zZL,2014-08-20T18:25:01.94,1,"Each time a player rolls a die (or dice), you can choose 1 die result, and apply the appropriate effect based on the result.<br>
? 1, 3, or 5: The die result is treated as 6.<br>
? 2, 4, or 6: The die result is treated as 1.",0.56,0.75,1.87,0.69,,1st Edition,DUEA-EN080,Common,TRAP,,Normal Trap,,
92378,El Shaddoll Construct,El Shaddoll Construct,https://tcgplayer-cdn.tcgplayer.com/product/92378_200w.jpg,2,1480,https://cpt.tcgcsv.com/BZL,2014-09-29T14:30:28.83,1,"1 ""Shaddoll"" monster + 1 LIGHT monster
Must first be Fusion Summoned. If this card is Special Summoned: You can send 1 ""Shaddoll"" card from your Deck to the Graveyard. At the start of the Damage Step, if this card battles a Special Summoned monster: Destroy that monster. If this card is sent to the Graveyard: You can target 1 ""Shaddoll"" Spell/Trap Card in your Graveyard; add it to your hand.",0.49,1.8,4.97,0.87,,Unlimited,DUEA-EN049,Ultra Rare,LIGHT,Fairy,Fusion/Effect Monster,2800,2500
92378,El Shaddoll Construct,El Shaddoll Construct,https://tcgplayer-cdn.tcgplayer.com/product/92378_200w.jpg,2,1480,https://cpt.tcgcsv.com/BZL,2014-09-29T14:30:28.83,1,"1 ""Shaddoll"" monster + 1 LIGHT monster
Must first be Fusion Summoned. If this card is Special Summoned: You can send 1 ""Shaddoll"" card from your Deck to the Graveyard. At the start of the Damage Step, if this card battles a Special Summoned monster: Destroy that monster. If this card is sent to the Graveyard: You can target 1 ""Shaddoll"" Spell/Trap Card in your Graveyard; add it to your hand.",0.7,2.66,12.5,2.54,0.99,1st Edition,DUEA-EN049,Ultra Rare,LIGHT,Fairy,Fusion/Effect Monster,2800,2500
92379,El Shaddoll Construct (UTR),El Shaddoll Construct UTR,https://tcgplayer-cdn.tcgplayer.com/product/92379_200w.jpg,2,1480,https://cpt.tcgcsv.com/CZL,2020-06-23T12:37:32.23,1,"1 ""Shaddoll"" monster + 1 LIGHT monster
<br>Must first be Fusion Summoned. If this card is Special Summoned: You can send 1 ""Shaddoll"" card from your Deck to the Graveyard. At the start of the Damage Step, if this card battles a Special Summoned monster: Destroy that monster. If this card is sent to the Graveyard: You can target 1 ""Shaddoll"" Spell/Trap Card in your Graveyard; add it to your hand.",17.65,21.5,60.01,19.04,19.84,Unlimited,DUEA-EN049,Ultimate Rare,LIGHT,Fairy,Fusion/Effect Monster,2800,2500
92379,El Shaddoll Construct (UTR),El Shaddoll Construct UTR,https://tcgplayer-cdn.tcgplayer.com/product/92379_200w.jpg,2,1480,https://cpt.tcgcsv.com/CZL,2020-06-23T12:37:32.23,1,"1 ""Shaddoll"" monster + 1 LIGHT monster
<br>Must first be Fusion Summoned. If this card is Special Summoned: You can send 1 ""Shaddoll"" card from your Deck to the Graveyard. At the start of the Damage Step, if this card battles a Special Summoned monster: Destroy that monster. If this card is sent to the Graveyard: You can target 1 ""Shaddoll"" Spell/Trap Card in your Graveyard; add it to your hand.",22.93,30.0,199.99,31.56,22.94,1st Edition,DUEA-EN049,Ultimate Rare,LIGHT,Fairy,Fusion/Effect Monster,2800,2500
92380,"Saffira, Queen of Dragons (UTR)",Saffira Queen of Dragons UTR,https://tcgplayer-cdn.tcgplayer.com/product/92380_200w.jpg,2,1480,https://cpt.tcgcsv.com/DZL,2022-11-21T11:02:14.85,1,"You can Ritual Summon this card with ""Hymn of Light"". During the End Phase, if this card was Ritual Summoned this turn, or if a LIGHT monster was sent from the hand or Deck to the Graveyard this turn while this card was face-up on the field: You can activate 1 of these effects;
<br><b>-</b> Draw 2 cards, then discard 1 card.
<br><b>-</b> Discard 1 random card from your opponent's hand.
<br><b>-</b> Add 1 LIGHT monster from your Graveyard to your hand.
You can only use 1 ""Saffira, Queen of Dragons"" effect per turn, and only once that turn.",2.42,4.99,29.99,4.04,,Unlimited,DUEA-EN050,Ultimate Rare,LIGHT,Dragon,Ritual/Effect Monster,2500,2400
92380,"Saffira, Queen of Dragons (UTR)",Saffira Queen of Dragons UTR,https://tcgplayer-cdn.tcgplayer.com/product/92380_200w.jpg,2,1480,https://cpt.tcgcsv.com/DZL,2022-11-21T11:02:14.85,1,"You can Ritual Summon this card with ""Hymn of Light"". During the End Phase, if this card was Ritual Summoned this turn, or if a LIGHT monster was sent from the hand or Deck to the Graveyard this turn while this card was face-up on the field: You can activate 1 of these effects;
<br><b>-</b> Draw 2 cards, then discard 1 card.
<br><b>-</b> Discard 1 random card from your opponent's hand.
<br><b>-</b> Add 1 LIGHT monster from your Graveyard to your hand.
You can only use 1 ""Saffira, Queen of Dragons"" effect per turn, and only once that turn.",3.5,5.6,95.0,5.33,5.15,1st Edition,DUEA-EN050,Ultimate Rare,LIGHT,Dragon,Ritual/Effect Monster,2500,2400
92381,"Saffira, Queen of Dragons",Saffira Queen of Dragons,https://tcgplayer-cdn.tcgplayer.com/product/92381_200w.jpg,2,1480,https://cpt.tcgcsv.com/FZL,2023-01-03T19:36:23.097,1,"You can Ritual Summon this card with ""Hymn of Light"". During the End Phase, if this card was Ritual Summoned this turn, or if a LIGHT monster was sent from the hand or Deck to the Graveyard this turn while this card was face-up on the field: You can activate 1 of these effects;
? Draw 2 cards, then discard 1 card.
? Discard 1 random card from your opponent's hand.
? Add 1 LIGHT monster from your Graveyard to your hand.
You can only use 1 ""Saffira, Queen of Dragons"" effect per turn, and only once that turn.",0.3,1.0,10.25,0.57,4.7,Unlimited,DUEA-EN050,Ultra Rare,LIGHT,Dragon,Ritual/Effect Monster,2500,2400
92381,"Saffira, Queen of Dragons",Saffira Queen of Dragons,https://tcgplayer-cdn.tcgplayer.com/product/92381_200w.jpg,2,1480,https://cpt.tcgcsv.com/FZL,2023-01-03T19:36:23.097,1,"You can Ritual Summon this card with ""Hymn of Light"". During the End Phase, if this card was Ritual Summoned this turn, or if a LIGHT monster was sent from the hand or Deck to the Graveyard this turn while this card was face-up on the field: You can activate 1 of these effects;
? Draw 2 cards, then discard 1 card.
? Discard 1 random card from your opponent's hand.
? Add 1 LIGHT monster from your Graveyard to your hand.
You can only use 1 ""Saffira, Queen of Dragons"" effect per turn, and only once that turn.",0.75,1.5,14.0,1.06,2.14,1st Edition,DUEA-EN050,Ultra Rare,LIGHT,Dragon,Ritual/Effect Monster,2500,2400
92382,Time-Space Trap Hole,Time Space Trap Hole,https://tcgplayer-cdn.tcgplayer.com/product/92382_200w.jpg,2,1480,https://cpt.tcgcsv.com/GZL,2014-09-11T16:53:43.953,1,"When your opponent Special Summons a monster(s) from the hand or Extra Deck: Shuffle that monster(s) into the Deck, then you lose 1000 LP for each returned monster.",1.09,1.82,9.0,1.65,,Unlimited,DUEA-EN079,Secret Rare,TRAP,,Normal Trap,,
92382,Time-Space Trap Hole,Time Space Trap Hole,https://tcgplayer-cdn.tcgplayer.com/product/92382_200w.jpg,2,1480,https://cpt.tcgcsv.com/GZL,2014-09-11T16:53:43.953,1,"When your opponent Special Summons a monster(s) from the hand or Extra Deck: Shuffle that monster(s) into the Deck, then you lose 1000 LP for each returned monster.",1.0,2.5,10.0,2.02,,1st Edition,DUEA-EN079,Secret Rare,TRAP,,Normal Trap,,
92383,"Baxia, Brightness of the Yang Zing (UTR)",Baxia Brightness of the Yang Zing UTR,https://tcgplayer-cdn.tcgplayer.com/product/92383_200w.jpg,2,1480,https://cpt.tcgcsv.com/HZL,2022-12-19T20:48:23.533,1,"1 Tuner + 1 or more non-Tuner Wyrm-Type monsters
When this card is Synchro Summoned: You can target cards on the field, up to the number of different original Attributes of the Wyrm-Type monsters used for the Synchro Summon of this card; shuffle them into the Deck. Once per turn: You can target 1 card you control and 1 Level 4 or lower monster in your Graveyard; destroy that card on the field, and if you do, Special Summon that other monster from the Graveyard.",9.25,11.95,43.0,12.15,11.79,Unlimited,DUEA-EN051,Ultimate Rare,LIGHT,Wyrm,Synchro/Effect Monster,2300,2600
92383,"Baxia, Brightness of the Yang Zing (UTR)",Baxia Brightness of the Yang Zing UTR,https://tcgplayer-cdn.tcgplayer.com/product/92383_200w.jpg,2,1480,https://cpt.tcgcsv.com/HZL,2022-12-19T20:48:23.533,1,"1 Tuner + 1 or more non-Tuner Wyrm-Type monsters
When this card is Synchro Summoned: You can target cards on the field, up to the number of different original Attributes of the Wyrm-Type monsters used for the Synchro Summon of this card; shuffle them into the Deck. Once per turn: You can target 1 card you control and 1 Level 4 or lower monster in your Graveyard; destroy that card on the field, and if you do, Special Summon that other monster from the Graveyard.",8.49,12.05,54.99,12.1,12.8,1st Edition,DUEA-EN051,Ultimate Rare,LIGHT,Wyrm,Synchro/Effect Monster,2300,2600
92384,"Baxia, Brightness of the Yang Zing",Baxia Brightness of the Yang Zing,https://tcgplayer-cdn.tcgplayer.com/product/92384_200w.jpg,2,1480,https://cpt.tcgcsv.com/JZL,2023-05-31T10:53:45.19,1,"1 Tuner + 1 or more non-Tuner Wyrm-Type monsters
When this card is Synchro Summoned: You can target cards on the field, up to the number of different original Attributes of the Wyrm-Type monsters used for the Synchro Summon of this card; shuffle them into the Deck. Once per turn: You can target 1 card you control and 1 Level 4 or lower monster in your Graveyard; destroy that card on the field, and if you do, Special Summon that other monster from the Graveyard.",1.99,3.39,23.0,3.84,,Unlimited,DUEA-EN051,Secret Rare,LIGHT,Wyrm,Synchro/Effect Monster,2300,2600
92384,"Baxia, Brightness of the Yang Zing",Baxia Brightness of the Yang Zing,https://tcgplayer-cdn.tcgplayer.com/product/92384_200w.jpg,2,1480,https://cpt.tcgcsv.com/JZL,2023-05-31T10:53:45.19,1,"1 Tuner + 1 or more non-Tuner Wyrm-Type monsters
When this card is Synchro Summoned: You can target cards on the field, up to the number of different original Attributes of the Wyrm-Type monsters used for the Synchro Summon of this card; shuffle them into the Deck. Once per turn: You can target 1 card you control and 1 Level 4 or lower monster in your Graveyard; destroy that card on the field, and if you do, Special Summon that other monster from the Graveyard.",3.0,5.63,23.96,5.77,19.88,1st Edition,DUEA-EN051,Secret Rare,LIGHT,Wyrm,Synchro/Effect Monster,2300,2600
92385,Pendulum Back,Pendulum Back,https://tcgplayer-cdn.tcgplayer.com/product/92385_200w.jpg,2,1480,https://cpt.tcgcsv.com/KZL,2014-08-20T17:24:19.58,1,"If you have 2 cards in your Pendulum Zones: Target 2 monsters in your Graveyard, each with a Level between (exclusive) the Pendulum Scales of the cards in your Pendulum Zones; add them to your hand.",0.11,0.3,1.51,0.2,,Unlimited,DUEA-EN078,Super Rare,TRAP,,Normal Trap,,
92385,Pendulum Back,Pendulum Back,https://tcgplayer-cdn.tcgplayer.com/product/92385_200w.jpg,2,1480,https://cpt.tcgcsv.com/KZL,2014-08-20T17:24:19.58,1,"If you have 2 cards in your Pendulum Zones: Target 2 monsters in your Graveyard, each with a Level between (exclusive) the Pendulum Scales of the cards in your Pendulum Zones; add them to your hand.",0.1,0.32,1.4,0.21,,1st Edition,DUEA-EN078,Super Rare,TRAP,,Normal Trap,,
92386,"Samsara, Dragon of Rebirth",Samsara Dragon of Rebirth,https://tcgplayer-cdn.tcgplayer.com/product/92386_200w.jpg,2,1480,https://cpt.tcgcsv.com/LZL,2019-06-12T14:37:43.883,1,"1 Tuner + 1 or more non-Tuner monsters
If this card is destroyed by battle and sent to the Graveyard, or if this card you control is sent to your Graveyard by an opponent's card effect: You can target 1 monster in either player's Graveyard, except ""Samsara, Dragon of Rebirth""; Special Summon it. You can only use this effect of ""Samsara, Dragon of Rebirth"" once per turn.",0.75,1.46,4.17,1.39,,Unlimited,DUEA-EN052,Super Rare,DARK,Dragon,Synchro/Effect Monster,100,2600
92386,"Samsara, Dragon of Rebirth",Samsara Dragon of Rebirth,https://tcgplayer-cdn.tcgplayer.com/product/92386_200w.jpg,2,1480,https://cpt.tcgcsv.com/LZL,2019-06-12T14:37:43.883,1,"1 Tuner + 1 or more non-Tuner monsters
If this card is destroyed by battle and sent to the Graveyard, or if this card you control is sent to your Graveyard by an opponent's card effect: You can target 1 monster in either player's Graveyard, except ""Samsara, Dragon of Rebirth""; Special Summon it. You can only use this effect of ""Samsara, Dragon of Rebirth"" once per turn.",0.91,1.62,4.25,1.31,,1st Edition,DUEA-EN052,Super Rare,DARK,Dragon,Synchro/Effect Monster,100,2600
92387,Stellarknight Delteros (Ghost Rare),Stellarknight Delteros Ghost Rare,https://tcgplayer-cdn.tcgplayer.com/product/92387_200w.jpg,2,1480,https://cpt.tcgcsv.com/MZL,2022-05-09T20:17:37.29,1,"3 Level 4 monsters
While this card has Xyz Material, your opponent cannot activate cards or effects when you Normal or Special Summon a monster(s). Once per turn: You can detach 1 Xyz Material from this card, then target 1 card on the field; destroy it. If this card is sent from the field to the Graveyard: You can Special Summon 1 ""tellarknight"" monster from your hand or Deck.",10.39,17.96,40.79,14.55,,Unlimited,DUEA-EN053,Ghost Rare,LIGHT,Warior,Xyz/Effect Monster,2500,2100
92387,Stellarknight Delteros (Ghost Rare),Stellarknight Delteros Ghost Rare,https://tcgplayer-cdn.tcgplayer.com/product/92387_200w.jpg,2,1480,https://cpt.tcgcsv.com/MZL,2022-05-09T20:17:37.29,1,"3 Level 4 monsters
While this card has Xyz Material, your opponent cannot activate cards or effects when you Normal or Special Summon a monster(s). Once per turn: You can detach 1 Xyz Material from this card, then target 1 card on the field; destroy it. If this card is sent from the field to the Graveyard: You can Special Summon 1 ""tellarknight"" monster from your hand or Deck.",15.49,28.99,75.0,23.0,,1st Edition,DUEA-EN053,Ghost Rare,LIGHT,Warior,Xyz/Effect Monster,2500,2100
92388,Face-Off,Face Off,https://tcgplayer-cdn.tcgplayer.com/product/92388_200w.jpg,2,1480,https://cpt.tcgcsv.com/NZL,2014-08-20T17:02:38.423,1,"When a Spell/Trap Card, or monster effect, is activated during the Damage Step: Negate the activation, and if you do, destroy it.",0.09,0.39,1.98,0.39,,Unlimited,DUEA-EN077,Rare,TRAP,,Normal Trap,,
92388,Face-Off,Face Off,https://tcgplayer-cdn.tcgplayer.com/product/92388_200w.jpg,2,1480,https://cpt.tcgcsv.com/NZL,2014-08-20T17:02:38.423,1,"When a Spell/Trap Card, or monster effect, is activated during the Damage Step: Negate the activation, and if you do, destroy it.",0.1,0.35,2.0,0.35,,1st Edition,DUEA-EN077,Rare,TRAP,,Normal Trap,,
92389,Stellarknight Delteros,Stellarknight Delteros Secret Rare,https://tcgplayer-cdn.tcgplayer.com/product/92389_200w.jpg,2,1480,https://cpt.tcgcsv.com/PZL,2014-09-10T20:17:40.303,1,"3 Level 4 monsters
While this card has Xyz Material, your opponent cannot activate cards or effects when you Normal or Special Summon a monster(s). Once per turn: You can detach 1 Xyz Material from this card, then target 1 card on the field; destroy it. If this card is sent from the field to the Graveyard: You can Special Summon 1 ""tellarknight"" monster from your hand or Deck.",1.79,2.52,5.0,2.55,,Unlimited,DUEA-EN053,Secret Rare,LIGHT,Warior,Xyz/Effect Monster,2500,2100
92389,Stellarknight Delteros,Stellarknight Delteros Secret Rare,https://tcgplayer-cdn.tcgplayer.com/product/92389_200w.jpg,2,1480,https://cpt.tcgcsv.com/PZL,2014-09-10T20:17:40.303,1,"3 Level 4 monsters
While this card has Xyz Material, your opponent cannot activate cards or effects when you Normal or Special Summon a monster(s). Once per turn: You can detach 1 Xyz Material from this card, then target 1 card on the field; destroy it. If this card is sent from the field to the Graveyard: You can Special Summon 1 ""tellarknight"" monster from your hand or Deck.",2.24,3.35,10.0,3.11,,1st Edition,DUEA-EN053,Secret Rare,LIGHT,Warior,Xyz/Effect Monster,2500,2100
92390,Stellarknight Delteros (UTR),Stellarknight Delteros UTR,https://tcgplayer-cdn.tcgplayer.com/product/92390_200w.jpg,2,1480,https://cpt.tcgcsv.com/QZL,2023-05-05T08:25:35.13,1,"3 Level 4 monsters
<br>While this card has Xyz Material, your opponent cannot activate cards or effects when you Normal or Special Summon a monster(s). Once per turn: You can detach 1 Xyz Material from this card, then target 1 card on the field; destroy it. If this card is sent from the field to the Graveyard: You can Special Summon 1 ""tellarknight"" monster from your hand or Deck.",2.15,9.55,22.0,4.32,,Unlimited,DUEA-EN053,Ultimate Rare,LIGHT,Warior,Xyz/Effect Monster,2500,2100
92390,Stellarknight Delteros (UTR),Stellarknight Delteros UTR,https://tcgplayer-cdn.tcgplayer.com/product/92390_200w.jpg,2,1480,https://cpt.tcgcsv.com/QZL,2023-05-05T08:25:35.13,1,"3 Level 4 monsters
<br>While this card has Xyz Material, your opponent cannot activate cards or effects when you Normal or Special Summon a monster(s). Once per turn: You can detach 1 Xyz Material from this card, then target 1 card on the field; destroy it. If this card is sent from the field to the Graveyard: You can Special Summon 1 ""tellarknight"" monster from your hand or Deck.",5.4,9.74,23.99,5.29,19.47,1st Edition,DUEA-EN053,Ultimate Rare,LIGHT,Warior,Xyz/Effect Monster,2500,2100
92391,Chain Dispel,Chain Dispel,https://tcgplayer-cdn.tcgplayer.com/product/92391_200w.jpg,2,1480,https://cpt.tcgcsv.com/RZL,2014-08-20T16:54:51.407,1,When a Spell/Trap Card is activated: Destroy all cards in the controller's Deck with the same name as the activated card.,0.04,0.2,1.49,0.1,,Unlimited,DUEA-EN076,Common,TRAP,,Normal Trap,,
92391,Chain Dispel,Chain Dispel,https://tcgplayer-cdn.tcgplayer.com/product/92391_200w.jpg,2,1480,https://cpt.tcgcsv.com/RZL,2014-08-20T16:54:51.407,1,When a Spell/Trap Card is activated: Destroy all cards in the controller's Deck with the same name as the activated card.,0.03,0.23,1.34,0.14,,1st Edition,DUEA-EN076,Common,TRAP,,Normal Trap,,
92392,"Castel, the Skyblaster Musketeer",Castel the Skyblaster Musketeer,https://tcgplayer-cdn.tcgplayer.com/product/92392_200w.jpg,2,1480,https://cpt.tcgcsv.com/SZL,2014-08-20T16:54:33.803,1,"2 Level 4 monsters
You can detach 1 Xyz Material from this card, then target 1 face-up monster on the field; change it to face-down Defense Position. You can detach 2 Xyz Materials from this card, then target 1 other face-up card on the field; shuffle it into the Deck. You can only use 1 ""Castel, the Skyblaster Musketeer"" effect per turn, and only once that turn.",0.18,0.5,2.9,0.52,,Unlimited,DUEA-EN054,Super Rare,WIND,Winged Beast,Xyz/Effect Monster,2000,1500
92392,"Castel, the Skyblaster Musketeer",Castel the Skyblaster Musketeer,https://tcgplayer-cdn.tcgplayer.com/product/92392_200w.jpg,2,1480,https://cpt.tcgcsv.com/SZL,2014-08-20T16:54:33.803,1,"2 Level 4 monsters
You can detach 1 Xyz Material from this card, then target 1 face-up monster on the field; change it to face-down Defense Position. You can detach 2 Xyz Materials from this card, then target 1 other face-up card on the field; shuffle it into the Deck. You can only use 1 ""Castel, the Skyblaster Musketeer"" effect per turn, and only once that turn.",0.09,0.53,6.22,0.33,,1st Edition,DUEA-EN054,Super Rare,WIND,Winged Beast,Xyz/Effect Monster,2000,1500
92393,Yang Zing Unleashed,Yang Zing Unleashed,https://tcgplayer-cdn.tcgplayer.com/product/92393_200w.jpg,2,1480,https://cpt.tcgcsv.com/TZL,2014-08-20T18:30:13.39,1,"All monsters your opponent controls must attack, if able. During either player's Main Phase or Battle Phase: You can send this face-up card from your Spell & Trap Zone to the Graveyard; immediately after this effect resolves, Synchro Summon 1 Synchro Monster, using 1 or more ""Yang Zing"" monsters you control as Synchro Materials.",0.05,0.2,1.39,0.09,,Unlimited,DUEA-EN075,Common,TRAP,,Normal Trap,,
92393,Yang Zing Unleashed,Yang Zing Unleashed,https://tcgplayer-cdn.tcgplayer.com/product/92393_200w.jpg,2,1480,https://cpt.tcgcsv.com/TZL,2014-08-20T18:30:13.39,1,"All monsters your opponent controls must attack, if able. During either player's Main Phase or Battle Phase: You can send this face-up card from your Spell & Trap Zone to the Graveyard; immediately after this effect resolves, Synchro Summon 1 Synchro Monster, using 1 or more ""Yang Zing"" monsters you control as Synchro Materials.",0.08,0.25,1.49,0.1,,1st Edition,DUEA-EN075,Common,TRAP,,Normal Trap,,
92394,Hippo Carnival,Hippo Carnival,https://tcgplayer-cdn.tcgplayer.com/product/92394_200w.jpg,2,1480,https://cpt.tcgcsv.com/VZL,2014-08-20T17:18:58.353,1,"Special Summon 3 ""Hippo Tokens"" (Beast-Type/EARTH/Level 1/ATK 0/DEF 0), but they cannot be Tributed. You cannot Special Summon monsters from the Extra Deck while a ""Hippo Token"" is in a Monster Card Zone. After this card is activated, your opponent cannot target monsters for attacks for the rest of this turn, except ""Hippo Tokens"".",0.05,0.24,1.7,0.12,,Unlimited,DUEA-EN055,Common,SPELL,,Normal Spell,,
92394,Hippo Carnival,Hippo Carnival,https://tcgplayer-cdn.tcgplayer.com/product/92394_200w.jpg,2,1480,https://cpt.tcgcsv.com/VZL,2014-08-20T17:18:58.353,1,"Special Summon 3 ""Hippo Tokens"" (Beast-Type/EARTH/Level 1/ATK 0/DEF 0), but they cannot be Tributed. You cannot Special Summon monsters from the Extra Deck while a ""Hippo Token"" is in a Monster Card Zone. After this card is activated, your opponent cannot target monsters for attacks for the rest of this turn, except ""Hippo Tokens"".",0.1,0.25,1.49,0.2,,1st Edition,DUEA-EN055,Common,SPELL,,Normal Spell,,
92395,Feast of the Wild LV5,Feast of the Wild LV5,https://tcgplayer-cdn.tcgplayer.com/product/92395_200w.jpg,2,1480,https://cpt.tcgcsv.com/WZL,2014-08-20T17:02:59.197,1,"Special Summon up to 2 Level 5 Warrior-Type monsters from your hand and/or Graveyard, but their effects are negated, also they cannot attack.",0.1,0.25,1.49,0.21,,Unlimited,DUEA-EN056,Common,SPELL,,Normal Spell,,
92395,Feast of the Wild LV5,Feast of the Wild LV5,https://tcgplayer-cdn.tcgplayer.com/product/92395_200w.jpg,2,1480,https://cpt.tcgcsv.com/WZL,2014-08-20T17:02:59.197,1,"Special Summon up to 2 Level 5 Warrior-Type monsters from your hand and/or Graveyard, but their effects are negated, also they cannot attack.",0.05,0.24,1.41,0.23,,1st Edition,DUEA-EN056,Common,SPELL,,Normal Spell,,
92396,Stellarknight Alpha,Stellarknight Alpha,https://tcgplayer-cdn.tcgplayer.com/product/92396_200w.jpg,2,1480,https://cpt.tcgcsv.com/XZL,2014-08-20T18:20:25.017,1,"Equip only to a ""tellarknight"" monster you control. It gains 500 ATK and DEF, also it is unaffected by your opponent's card effects. If you control a face-up monster that is not a ""tellarknight"" monster, destroy this card.",0.03,0.16,1.49,0.09,,Unlimited,DUEA-EN057,Common,SPELL,,Normal Spell,,
92396,Stellarknight Alpha,Stellarknight Alpha,https://tcgplayer-cdn.tcgplayer.com/product/92396_200w.jpg,2,1480,https://cpt.tcgcsv.com/XZL,2014-08-20T18:20:25.017,1,"Equip only to a ""tellarknight"" monster you control. It gains 500 ATK and DEF, also it is unaffected by your opponent's card effects. If you control a face-up monster that is not a ""tellarknight"" monster, destroy this card.",0.03,0.24,1.99,0.18,,1st Edition,DUEA-EN057,Common,SPELL,,Normal Spell,,
92397,Yang Zing Creation,Yang Zing Creation,https://tcgplayer-cdn.tcgplayer.com/product/92397_200w.jpg,2,1480,https://cpt.tcgcsv.com/ZZL,2014-08-20T18:29:22.037,1,"Once per turn, if a monster(s) you control is destroyed by battle or card effect: You can Special Summon 1 ""Yang Zing"" monster from your Deck. You cannot Special Summon monsters from the Extra Deck, except Synchro Monsters.",0.44,0.75,2.99,0.72,,Unlimited,DUEA-EN074,Ultra Rare,TRAP,,Normal Trap,,
92397,Yang Zing Creation,Yang Zing Creation,https://tcgplayer-cdn.tcgplayer.com/product/92397_200w.jpg,2,1480,https://cpt.tcgcsv.com/ZZL,2014-08-20T18:29:22.037,1,"Once per turn, if a monster(s) you control is destroyed by battle or card effect: You can Special Summon 1 ""Yang Zing"" monster from your Deck. You cannot Special Summon monsters from the Extra Deck, except Synchro Monsters.",0.45,0.88,19.99,0.74,,1st Edition,DUEA-EN074,Ultra Rare,TRAP,,Normal Trap,,
92398,Shaddoll Core,Shaddoll Core,https://tcgplayer-cdn.tcgplayer.com/product/92398_200w.jpg,2,1480,https://cpt.tcgcsv.com/-ZL,2015-09-24T19:01:58.817,1,"Special Summon this card as an Effect Monster (Spellcaster-Type/DARK/Level 9/ATK 1450/DEF 1950). (This card is also still a Trap Card.) If Summoned this way, you can substitute this monster for 1 Fusion Material Monster that lists an Attribute, on a ""Shaddoll"" Fusion Monster Card. If this card is sent to the Graveyard by a card effect: You can target 1 ""Shaddoll"" Spell/Trap Card in your Graveyard, except ""Shaddoll Core""; add it to your hand.",0.28,1.0,7.88,0.45,,Unlimited,DUEA-EN073,Super Rare,TRAP,,Normal Trap,,
92398,Shaddoll Core,Shaddoll Core,https://tcgplayer-cdn.tcgplayer.com/product/92398_200w.jpg,2,1480,https://cpt.tcgcsv.com/-ZL,2015-09-24T19:01:58.817,1,"Special Summon this card as an Effect Monster (Spellcaster-Type/DARK/Level 9/ATK 1450/DEF 1950). (This card is also still a Trap Card.) If Summoned this way, you can substitute this monster for 1 Fusion Material Monster that lists an Attribute, on a ""Shaddoll"" Fusion Monster Card. If this card is sent to the Graveyard by a card effect: You can target 1 ""Shaddoll"" Spell/Trap Card in your Graveyard, except ""Shaddoll Core""; add it to your hand.",0.45,1.44,7.49,0.85,,1st Edition,DUEA-EN073,Super Rare,TRAP,,Normal Trap,,
92399,Satellarknight Skybridge,Satellarknight Skybridge,https://tcgplayer-cdn.tcgplayer.com/product/92399_200w.jpg,2,1480,https://cpt.tcgcsv.com/_ZL,2015-03-06T14:56:33.203,1,"Target 1 ""tellarknight"" monster you control; Special Summon 1 ""tellarknight"" monster with a different name from your Deck, and if you do, shuffle the targeted monster into the Deck. While the monster Special Summoned by this effect is face-up on the field, you cannot Special Summon monsters, except ""tellarknight"" monsters. You can only activate 1 ""Satellarknight Skybridge"" per turn.",0.25,0.99,4.99,0.54,,Unlimited,DUEA-EN058,Rare,SPELL,,Normal Spell,,
92399,Satellarknight Skybridge,Satellarknight Skybridge,https://tcgplayer-cdn.tcgplayer.com/product/92399_200w.jpg,2,1480,https://cpt.tcgcsv.com/_ZL,2015-03-06T14:56:33.203,1,"Target 1 ""tellarknight"" monster you control; Special Summon 1 ""tellarknight"" monster with a different name from your Deck, and if you do, shuffle the targeted monster into the Deck. While the monster Special Summoned by this effect is face-up on the field, you cannot Special Summon monsters, except ""tellarknight"" monsters. You can only activate 1 ""Satellarknight Skybridge"" per turn.",0.25,0.99,6.67,0.75,,1st Edition,DUEA-EN058,Rare,SPELL,,Normal Spell,,
92400,Shaddoll Fusion,Shaddoll Fusion,https://tcgplayer-cdn.tcgplayer.com/product/92400_200w.jpg,2,1480,https://cpt.tcgcsv.com/0-L,2014-08-20T18:16:34.503,1,"Fusion Summon 1 ""Shaddoll"" Fusion Monster from your Extra Deck, using monsters from your hand or your side of the field as Fusion Materials. If your opponent controls a monster(s) that was Special Summoned from the Extra Deck, you can also use monsters in your Deck as Fusion Material. You can only activate 1 ""Shaddoll Fusion"" per turn.",3.3,4.0,7.97,3.17,,Unlimited,DUEA-EN059,Super Rare,SPELL,,Normal Spell,,
92400,Shaddoll Fusion,Shaddoll Fusion,https://tcgplayer-cdn.tcgplayer.com/product/92400_200w.jpg,2,1480,https://cpt.tcgcsv.com/0-L,2014-08-20T18:16:34.503,1,"Fusion Summon 1 ""Shaddoll"" Fusion Monster from your Extra Deck, using monsters from your hand or your side of the field as Fusion Materials. If your opponent controls a monster(s) that was Special Summoned from the Extra Deck, you can also use monsters in your Deck as Fusion Material. You can only activate 1 ""Shaddoll Fusion"" per turn.",3.87,7.0,12.0,3.54,,1st Edition,DUEA-EN059,Super Rare,SPELL,,Normal Spell,,
92401,Sinister Shadow Games,Sinister Shadow Games,https://tcgplayer-cdn.tcgplayer.com/product/92401_200w.jpg,2,1480,https://cpt.tcgcsv.com/2-L,2023-05-30T12:53:32.773,1,"Send 1 ""Shaddoll"" card from your Deck to the Graveyard, then you can change any number of face-down Defense Position ""Shaddoll"" monsters you control to face-up Defense Position.",0.39,1.22,9.0,0.53,1.89,Unlimited,DUEA-EN072,Ultra Rare,TRAP,,Normal Trap,,
92401,Sinister Shadow Games,Sinister Shadow Games,https://tcgplayer-cdn.tcgplayer.com/product/92401_200w.jpg,2,1480,https://cpt.tcgcsv.com/2-L,2023-05-30T12:53:32.773,1,"Send 1 ""Shaddoll"" card from your Deck to the Graveyard, then you can change any number of face-down Defense Position ""Shaddoll"" monsters you control to face-up Defense Position.",0.77,1.6,10.27,1.16,,1st Edition,DUEA-EN072,Ultra Rare,TRAP,,Normal Trap,,
92402,Curse of the Shadow Prison,Curse of the Shadow Prison,https://tcgplayer-cdn.tcgplayer.com/product/92402_200w.jpg,2,1480,https://cpt.tcgcsv.com/3-L,2014-08-20T16:57:14.21,1,"Each time a ""Shaddoll"" monster(s) is sent to the Graveyard by a card effect, place 1 Spellstone Counter on this card for each sent monster. All monsters your opponent controls lose 100 ATK for each Spellstone Counter on this card during your opponent's turn only. Each time you Fusion Summon a ""Shaddoll"" Fusion Monster, you can remove 3 Spellstone Counters from this card to use 1 appropriate face-up monster your opponent controls as 1 of the Fusion Materials.",0.03,0.2,1.75,0.16,,Unlimited,DUEA-EN060,Common,SPELL,,Normal Spell,,
92402,Curse of the Shadow Prison,Curse of the Shadow Prison,https://tcgplayer-cdn.tcgplayer.com/product/92402_200w.jpg,2,1480,https://cpt.tcgcsv.com/3-L,2014-08-20T16:57:14.21,1,"Each time a ""Shaddoll"" monster(s) is sent to the Graveyard by a card effect, place 1 Spellstone Counter on this card for each sent monster. All monsters your opponent controls lose 100 ATK for each Spellstone Counter on this card during your opponent's turn only. Each time you Fusion Summon a ""Shaddoll"" Fusion Monster, you can remove 3 Spellstone Counters from this card to use 1 appropriate face-up monster your opponent controls as 1 of the Fusion Materials.",0.02,0.22,1.36,0.12,,1st Edition,DUEA-EN060,Common,SPELL,,Normal Spell,,
92403,Stellarnova Alpha,Stellarnova Alpha,https://tcgplayer-cdn.tcgplayer.com/product/92403_200w.jpg,2,1480,https://cpt.tcgcsv.com/5-L,2022-12-10T16:11:03.66,1,"When a Spell/Trap Card, or monster effect is activated: Send 1 face-up ""tellarknight"" monster you control to the Graveyard; negate the activation, and if you do, destroy that card, then draw 1 card.",2.99,3.99,4.79,1.41,,Unlimited,DUEA-EN071,Ultra Rare,TRAP,,Normal Trap,,
92403,Stellarnova Alpha,Stellarnova Alpha,https://tcgplayer-cdn.tcgplayer.com/product/92403_200w.jpg,2,1480,https://cpt.tcgcsv.com/5-L,2022-12-10T16:11:03.66,1,"When a Spell/Trap Card, or monster effect is activated: Send 1 face-up ""tellarknight"" monster you control to the Graveyard; negate the activation, and if you do, destroy that card, then draw 1 card.",2.99,4.62,29.99,2.89,7.69,1st Edition,DUEA-EN071,Ultra Rare,TRAP,,Normal Trap,,
92404,Yang Zing Path,Yang Zing Path,https://tcgplayer-cdn.tcgplayer.com/product/92404_200w.jpg,2,1480,https://cpt.tcgcsv.com/6-L,2014-09-11T16:55:55.19,1,"Target 3 ""Yang Zing"" monsters in your Graveyard; shuffle all 3 into the Deck, then draw 2 cards. You can only activate 1 ""Yang Zing Path"" per turn.",0.78,0.99,15.96,0.97,0.82,Unlimited,DUEA-EN061,Secret Rare,SPELL,,Normal Spell,,
92404,Yang Zing Path,Yang Zing Path,https://tcgplayer-cdn.tcgplayer.com/product/92404_200w.jpg,2,1480,https://cpt.tcgcsv.com/6-L,2014-09-11T16:55:55.19,1,"Target 3 ""Yang Zing"" monsters in your Graveyard; shuffle all 3 into the Deck, then draw 2 cards. You can only activate 1 ""Yang Zing Path"" per turn.",0.5,1.99,29.99,1.05,,1st Edition,DUEA-EN061,Secret Rare,SPELL,,Normal Spell,,
92405,Yang Zing Prana,Yang Zing Prana,https://tcgplayer-cdn.tcgplayer.com/product/92405_200w.jpg,2,1480,https://cpt.tcgcsv.com/7-L,2014-08-20T18:29:54.75,1,"This card gains these effects, based on the number of different Attributes the ""Yang Zing"" monsters in your Graveyard have.
? 2 or more: All ""Yang Zing"" monsters you control gain 500 ATK.
? 3 or more: If a ""Yang Zing"" monster(s) you control would be destroyed by battle or card effect, you can send this card to the Graveyard instead.
? 4 or more: Your opponent cannot Set monsters. Change all face-up monsters your opponent controls to Attack Position.
? 5 or more: You can send this card to the Graveyard; destroy all cards on the field.",0.01,0.21,1.75,0.1,,Unlimited,DUEA-EN062,Common,SPELL,,Normal Spell,,
92405,Yang Zing Prana,Yang Zing Prana,https://tcgplayer-cdn.tcgplayer.com/product/92405_200w.jpg,2,1480,https://cpt.tcgcsv.com/7-L,2014-08-20T18:29:54.75,1,"This card gains these effects, based on the number of different Attributes the ""Yang Zing"" monsters in your Graveyard have.
? 2 or more: All ""Yang Zing"" monsters you control gain 500 ATK.
? 3 or more: If a ""Yang Zing"" monster(s) you control would be destroyed by battle or card effect, you can send this card to the Graveyard instead.
? 4 or more: Your opponent cannot Set monsters. Change all face-up monsters your opponent controls to Attack Position.
? 5 or more: You can send this card to the Graveyard; destroy all cards on the field.",0.03,0.25,1.35,0.3,,1st Edition,DUEA-EN062,Common,SPELL,,Normal Spell,,
92406,Stellarnova Wave,Stellarnova Wave,https://tcgplayer-cdn.tcgplayer.com/product/92406_200w.jpg,2,1480,https://cpt.tcgcsv.com/8-L,2014-08-20T18:23:32.773,1,"Once per turn, during your Main Phase or your opponent's Battle Phase: You can Special Summon 1 ""tellarknight"" monster from your hand.",0.03,0.25,1.7,0.26,,Unlimited,DUEA-EN070,Common,TRAP,,Normal Trap,,
92406,Stellarnova Wave,Stellarnova Wave,https://tcgplayer-cdn.tcgplayer.com/product/92406_200w.jpg,2,1480,https://cpt.tcgcsv.com/8-L,2014-08-20T18:23:32.773,1,"Once per turn, during your Main Phase or your opponent's Battle Phase: You can Special Summon 1 ""tellarknight"" monster from your hand.",0.03,0.21,1.0,0.16,,1st Edition,DUEA-EN070,Common,TRAP,,Normal Trap,,
92407,Hymn of Light,Hymn of Light,https://tcgplayer-cdn.tcgplayer.com/product/92407_200w.jpg,2,1480,https://cpt.tcgcsv.com/9-L,2014-08-20T17:19:19.99,1,"This card is used to Ritual Summon ""Saffira, Queen of Dragons"". You must also Tribute monsters from your hand or field whose total Levels equal 6 or more. If a Ritual Monster(s) you control would be destroyed by battle or card effect while this card is in your Graveyard, you can banish this card instead.",0.05,0.24,1.49,0.15,,Unlimited,DUEA-EN063,Common,SPELL,,Normal Spell,,
92407,Hymn of Light,Hymn of Light,https://tcgplayer-cdn.tcgplayer.com/product/92407_200w.jpg,2,1480,https://cpt.tcgcsv.com/9-L,2014-08-20T17:19:19.99,1,"This card is used to Ritual Summon ""Saffira, Queen of Dragons"". You must also Tribute monsters from your hand or field whose total Levels equal 6 or more. If a Ritual Monster(s) you control would be destroyed by battle or card effect while this card is in your Graveyard, you can banish this card instead.",0.07,0.25,1.49,0.24,,1st Edition,DUEA-EN063,Common,SPELL,,Normal Spell,,
92408,Dracocension,Dracocension,https://tcgplayer-cdn.tcgplayer.com/product/92408_200w.jpg,2,1480,https://cpt.tcgcsv.com/b-L,2014-08-20T16:59:10.203,1,"Once per turn: You can Tribute 1 Dragon-Type monster that has a Level; Special Summon, from your Deck, 1 Wyrm-Type monster with the same Level as the Tributed monster's original Level, and if you do, any monster destroyed by battle with that monster is shuffled into the Deck instead of going to the Graveyard.",0.01,0.2,1.7,0.1,,Unlimited,DUEA-EN064,Common,SPELL,,Normal Spell,,
92408,Dracocension,Dracocension,https://tcgplayer-cdn.tcgplayer.com/product/92408_200w.jpg,2,1480,https://cpt.tcgcsv.com/b-L,2014-08-20T16:59:10.203,1,"Once per turn: You can Tribute 1 Dragon-Type monster that has a Level; Special Summon, from your Deck, 1 Wyrm-Type monster with the same Level as the Tributed monster's original Level, and if you do, any monster destroyed by battle with that monster is shuffled into the Deck instead of going to the Graveyard.",0.01,0.27,1.49,0.35,,1st Edition,DUEA-EN064,Common,SPELL,,Normal Spell,,
92409,Magical Spring,Magical Spring,https://tcgplayer-cdn.tcgplayer.com/product/92409_200w.jpg,2,1480,https://cpt.tcgcsv.com/c-L,2014-09-10T20:29:56.177,1,"Draw a number of cards equal to the number of face-up Spell/Trap Cards your opponent controls, then discard a number of cards equal to the number of face-up Spell/Trap Cards you control. Until the end of your opponent's next turn after this card is activated, Spell/Trap Cards your opponent controls cannot be destroyed (by battle or card effect), also their activation and effects cannot be negated. You can only activate 1 ""Magical Spring"" per turn.",1.15,2.07,15.0,1.46,,Unlimited,DUEA-EN065,Secret Rare,SPELL,,Normal Spell,,
92409,Magical Spring,Magical Spring,https://tcgplayer-cdn.tcgplayer.com/product/92409_200w.jpg,2,1480,https://cpt.tcgcsv.com/c-L,2014-09-10T20:29:56.177,1,"Draw a number of cards equal to the number of face-up Spell/Trap Cards your opponent controls, then discard a number of cards equal to the number of face-up Spell/Trap Cards you control. Until the end of your opponent's next turn after this card is activated, Spell/Trap Cards your opponent controls cannot be destroyed (by battle or card effect), also their activation and effects cannot be negated. You can only activate 1 ""Magical Spring"" per turn.",1.0,3.98,21.99,1.19,,1st Edition,DUEA-EN065,Secret Rare,SPELL,,Normal Spell,,
92410,Battleguard Howling,Battleguard Howling,https://tcgplayer-cdn.tcgplayer.com/product/92410_200w.jpg,2,1480,https://cpt.tcgcsv.com/d-L,2014-08-20T16:48:27.73,1,"When a Warrior-Type monster you control is targeted for an attack, or by an opponent's monster effect: Target 1 face-up monster your opponent controls; inflict damage to your opponent equal to the original ATK of the face-up monster you targeted with this card, and if you do, return it to the hand.",0.03,0.21,1.7,0.21,,Unlimited,DUEA-EN069,Common,TRAP,,Normal Trap,,
92410,Battleguard Howling,Battleguard Howling,https://tcgplayer-cdn.tcgplayer.com/product/92410_200w.jpg,2,1480,https://cpt.tcgcsv.com/d-L,2014-08-20T16:48:27.73,1,"When a Warrior-Type monster you control is targeted for an attack, or by an opponent's monster effect: Target 1 face-up monster your opponent controls; inflict damage to your opponent equal to the original ATK of the face-up monster you targeted with this card, and if you do, return it to the hand.",0.01,0.25,1.7,0.21,,1st Edition,DUEA-EN069,Common,TRAP,,Normal Trap,,
92411,The Monarchs Stormforth,The Monarchs Stormforth,https://tcgplayer-cdn.tcgplayer.com/product/92411_200w.jpg,2,1480,https://cpt.tcgcsv.com/f-L,2014-08-20T18:25:37.363,1,"Once during this turn, if you would Tribute a monster(s) you control for a Tribute Summon, you can Tribute 1 monster your opponent controls as if you controlled it. You can only activate 1 ""The Monarchs Stormforth"" per turn. During the turn you activate this card, you cannot Special Summon monsters from the Extra Deck.",0.1,0.28,1.49,0.16,,Unlimited,DUEA-EN066,Common,SPELL,,Normal Spell,,
92411,The Monarchs Stormforth,The Monarchs Stormforth,https://tcgplayer-cdn.tcgplayer.com/product/92411_200w.jpg,2,1480,https://cpt.tcgcsv.com/f-L,2014-08-20T18:25:37.363,1,"Once during this turn, if you would Tribute a monster(s) you control for a Tribute Summon, you can Tribute 1 monster your opponent controls as if you controlled it. You can only activate 1 ""The Monarchs Stormforth"" per turn. During the turn you activate this card, you cannot Special Summon monsters from the Extra Deck.",0.12,0.25,1.46,0.19,,1st Edition,DUEA-EN066,Common,SPELL,,Normal Spell,,
92412,Battleguard Rage,Battleguard Rage,https://tcgplayer-cdn.tcgplayer.com/product/92412_200w.jpg,2,1480,https://cpt.tcgcsv.com/g-L,2014-08-20T16:49:08.63,1,"Activate this card by targeting 1 Warrior-Type monster you control. It gains 1000 ATK. Monsters destroyed by battle with it are returned to the hand instead of going to the Graveyard. When that monster leaves the field, destroy this card.",0.07,0.25,1.7,0.18,,Unlimited,DUEA-EN068,Common,TRAP,,Normal Trap,,
92412,Battleguard Rage,Battleguard Rage,https://tcgplayer-cdn.tcgplayer.com/product/92412_200w.jpg,2,1480,https://cpt.tcgcsv.com/g-L,2014-08-20T16:49:08.63,1,"Activate this card by targeting 1 Warrior-Type monster you control. It gains 1000 ATK. Monsters destroyed by battle with it are returned to the hand instead of going to the Graveyard. When that monster leaves the field, destroy this card.",0.1,0.25,1.49,0.23,,1st Edition,DUEA-EN068,Common,TRAP,,Normal Trap,,
92413,Pop-Up,Pop Up,https://tcgplayer-cdn.tcgplayer.com/product/92413_200w.jpg,2,1480,https://cpt.tcgcsv.com/h-L,2014-08-20T18:06:51.767,1,"If your opponent controls a card in their Field Zone and you do not: Activate 1 Field Spell Card from your Deck. You can only activate 1 ""Pop-Up"" per turn.",0.05,0.25,1.9,0.18,,Unlimited,DUEA-EN067,Common,SPELL,,Normal Spell,,
92413,Pop-Up,Pop Up,https://tcgplayer-cdn.tcgplayer.com/product/92413_200w.jpg,2,1480,https://cpt.tcgcsv.com/h-L,2014-08-20T18:06:51.767,1,"If your opponent controls a card in their Field Zone and you do not: Activate 1 Field Spell Card from your Deck. You can only activate 1 ""Pop-Up"" per turn.",0.05,0.35,1.49,0.19,,1st Edition,DUEA-EN067,Common,SPELL,,Normal Spell,,
92414,"Gaia, the Mid-Knight Sun",Gaia the Mid Knight Sun,https://tcgplayer-cdn.tcgplayer.com/product/92414_200w.jpg,2,1480,https://cpt.tcgcsv.com/j-L,2014-08-20T17:05:54.44,1,"You can only use each effect of ""Gaia, the Mid-Knight Sun"" once per turn.
? You can Tribute 1 other LIGHT monster you control; add 1 Level 4 DARK Warrior-Type monster from your Deck to your hand, then send 1 card from your hand to the Graveyard.
? You can banish 1 DARK monster from your Graveyard, then target 1 monster on the field; it loses 500 ATK, until the end of your opponent's turn.",0.05,0.25,1.49,0.19,,Unlimited,DUEA-EN091,Common,LIGHT,Warrior,Effect Monster,,
92414,"Gaia, the Mid-Knight Sun",Gaia the Mid Knight Sun,https://tcgplayer-cdn.tcgplayer.com/product/92414_200w.jpg,2,1480,https://cpt.tcgcsv.com/j-L,2014-08-20T17:05:54.44,1,"You can only use each effect of ""Gaia, the Mid-Knight Sun"" once per turn.
? You can Tribute 1 other LIGHT monster you control; add 1 Level 4 DARK Warrior-Type monster from your Deck to your hand, then send 1 card from your hand to the Graveyard.
? You can banish 1 DARK monster from your Graveyard, then target 1 monster on the field; it loses 500 ATK, until the end of your opponent's turn.",0.1,0.24,1.41,0.19,,1st Edition,DUEA-EN091,Common,LIGHT,Warrior,Effect Monster,,
92841,Dragon Horn Hunter (DUEA-ENSP1),Dragon Horn Hunter DUEA ENSP1,https://tcgplayer-cdn.tcgplayer.com/product/92841_200w.jpg,2,1480,https://cpt.tcgcsv.com/R8M,2023-04-10T12:36:46.14,1,"Pendulum Effect:  All Normal Monsters gain 200 ATK. You take no battle damage from battles involving Normal Monsters you control.

Monster Effect: <em> The horns were needed to prepare a medicine for her village, suffering from a plague. Unknown to her, the dragons burned and trampled her village, once displaced from their den.</em>",0.29,0.89,3.57,0.74,,Unlimited,DUEA-ENSP1,Ultra Rare,DARK,Warrior,Pendulum Monster,2300,1000
92841,Dragon Horn Hunter (DUEA-ENSP1),Dragon Horn Hunter DUEA ENSP1,https://tcgplayer-cdn.tcgplayer.com/product/92841_200w.jpg,2,1480,https://cpt.tcgcsv.com/R8M,2023-04-10T12:36:46.14,1,"Pendulum Effect:  All Normal Monsters gain 200 ATK. You take no battle damage from battles involving Normal Monsters you control.

Monster Effect: <em> The horns were needed to prepare a medicine for her village, suffering from a plague. Unknown to her, the dragons burned and trampled her village, once displaced from their den.</em>",0.36,0.5,2.48,0.83,,Limited,DUEA-ENSP1,Ultra Rare,DARK,Warrior,Pendulum Monster,2300,1000
