productId,name,cleanName,imageUrl,categoryId,groupId,url,modifiedOn,imageCount,lowPrice,midPrice,highPrice,marketPrice,directLowPrice,subTypeName,extNumber,extRarity,extAttribute,extMonsterType,extCardType,extAttack,extDefense,extDescription
77966,Legacy of the Valiant [1st Edition] - Booster Box,Legacy of the Valiant 1st Edition Booster Box,https://tcgplayer-cdn.tcgplayer.com/product/77966_200w.jpg,2,1286,https://cpt.tcgcsv.com/lcF,2021-07-02T13:39:21.16,1,191.99,192.74,193.49,,,Normal,,,,,,,,
77967,Legacy of the Valiant [1st Edition] - Booster Pack,Legacy of the Valiant 1st Edition Booster Pack,https://tcgplayer-cdn.tcgplayer.com/product/77967_200w.jpg,2,1286,https://cpt.tcgcsv.com/mcF,2021-07-02T13:39:37.837,1,6.0,6.74,7.74,6.49,,Normal,,,,,,,,
77969,Sylvan Bladefender (LVAL-ENSP1),Sylvan Bladefender LVAL ENSP1,https://tcgplayer-cdn.tcgplayer.com/product/77969_200w.jpg,2,1286,https://cpt.tcgcsv.com/pcF,2022-08-31T14:23:43.593,1,0.09,0.4,4.99,0.19,,Limited,LVAL-ENSP1,Ultra Rare,EARTH,Plant,Effect Monster,1900,700,"When this card destroys an opponent's monster by battle and sends it to the Graveyard: You can excavate the top card of your Deck, and if it is a Plant-Type monster, send it to the Graveyard. Otherwise, place it on the bottom of your Deck. If this card is excavated from the Deck and sent to the Graveyard by a card effect: You can add this card from your Graveyard to your hand."
77970,Sylvan Bladefender,Sylvan Bladefender Super Rare,https://tcgplayer-cdn.tcgplayer.com/product/77970_200w.jpg,2,1286,https://cpt.tcgcsv.com/qcF,2014-03-25T20:11:14.73,1,0.2,0.36,1.73,0.35,,Unlimited,LVAL-EN000,Super Rare,EARTH,Plant,Effect Monster,1900,700,"When this card destroys an opponent's monster by battle and sends it to the Graveyard: You can excavate the top card of your Deck, and if it is a Plant-Type monster, send it to the Graveyard. Otherwise, place it on the bottom of your Deck. If this card is excavated from the Deck and sent to the Graveyard by a card effect: You can add this card from your Graveyard to your hand."
77970,Sylvan Bladefender,Sylvan Bladefender Super Rare,https://tcgplayer-cdn.tcgplayer.com/product/77970_200w.jpg,2,1286,https://cpt.tcgcsv.com/qcF,2014-03-25T20:11:14.73,1,0.16,0.3,1.0,0.2,,1st Edition,LVAL-EN000,Super Rare,EARTH,Plant,Effect Monster,1900,700,"When this card destroys an opponent's monster by battle and sends it to the Graveyard: You can excavate the top card of your Deck, and if it is a Plant-Type monster, send it to the Graveyard. Otherwise, place it on the bottom of your Deck. If this card is excavated from the Deck and sent to the Graveyard by a card effect: You can add this card from your Graveyard to your hand."
77971,Mobius the Mega Monarch,Mobius the Mega Monarch,https://tcgplayer-cdn.tcgplayer.com/product/77971_200w.jpg,2,1286,https://cpt.tcgcsv.com/rcF,2019-10-08T15:03:21.663,1,2.05,3.0,7.39,2.5,,Unlimited,LVAL-EN040,Secret Rare,WATER,Aqua,Effect Monster,2800,1000,"You can Tribute Summon this card by Tributing 1 Tribute Summoned monster. When this card is Tribute Summoned: You can target up to 3 Spell/Trap Cards on the field; destroy those targets. If this card was Tribute Summoned by Tributing a WATER monster, add this additional effect.
<br>Your opponent cannot activate the targeted card(s) in response to this effect’s activation."
77971,Mobius the Mega Monarch,Mobius the Mega Monarch,https://tcgplayer-cdn.tcgplayer.com/product/77971_200w.jpg,2,1286,https://cpt.tcgcsv.com/rcF,2019-10-08T15:03:21.663,1,2.61,4.62,8.97,2.9,,1st Edition,LVAL-EN040,Secret Rare,WATER,Aqua,Effect Monster,2800,1000,"You can Tribute Summon this card by Tributing 1 Tribute Summoned monster. When this card is Tribute Summoned: You can target up to 3 Spell/Trap Cards on the field; destroy those targets. If this card was Tribute Summoned by Tributing a WATER monster, add this additional effect.
<br>Your opponent cannot activate the targeted card(s) in response to this effect’s activation."
77972,Mobius the Mega Monarch (Ghost Rare),Mobius the Mega Monarch Ghost Rare,https://tcgplayer-cdn.tcgplayer.com/product/77972_200w.jpg,2,1286,https://cpt.tcgcsv.com/scF,2022-05-09T20:17:50.62,1,13.07,17.84,30.48,17.41,,Unlimited,LVAL-EN040,Ghost Rare,EARTH,Aqua,Effect Monster,2800,1000,"You can Tribute Summon this card by Tributing 1 Tribute Summoned monster. When this card is Tribute Summoned: You can target up to 3 Spell/Trap Cards on the field; destroy those targets. If this card was Tribute Summoned by Tributing a WATER monster, add this additional effect.
<br>Your opponent cannot activate the targeted card(s) in response to this effect’s activation."
77972,Mobius the Mega Monarch (Ghost Rare),Mobius the Mega Monarch Ghost Rare,https://tcgplayer-cdn.tcgplayer.com/product/77972_200w.jpg,2,1286,https://cpt.tcgcsv.com/scF,2022-05-09T20:17:50.62,1,20.25,24.99,70.69,23.63,,1st Edition,LVAL-EN040,Ghost Rare,EARTH,Aqua,Effect Monster,2800,1000,"You can Tribute Summon this card by Tributing 1 Tribute Summoned monster. When this card is Tribute Summoned: You can target up to 3 Spell/Trap Cards on the field; destroy those targets. If this card was Tribute Summoned by Tributing a WATER monster, add this additional effect.
<br>Your opponent cannot activate the targeted card(s) in response to this effect’s activation."
78970,White Duston,White Duston,https://tcgplayer-cdn.tcgplayer.com/product/78970_200w.jpg,2,1286,https://cpt.tcgcsv.com/qCF,2014-03-25T20:04:52.64,1,0.39,1.45,3.88,1.48,,Unlimited,LVAL-EN001,Common,LIGHT,Fiend,Normal Monster,0,1000,"This little white fiend is one of the Dustons. He's amazed at how white he looks, despite being covered in dust."
78970,White Duston,White Duston,https://tcgplayer-cdn.tcgplayer.com/product/78970_200w.jpg,2,1286,https://cpt.tcgcsv.com/qCF,2014-03-25T20:04:52.64,1,0.13,1.69,9.0,1.58,,1st Edition,LVAL-EN001,Common,LIGHT,Fiend,Normal Monster,0,1000,"This little white fiend is one of the Dustons. He's amazed at how white he looks, despite being covered in dust."
78971,ZW - Asura Strike,ZW Asura Strike,https://tcgplayer-cdn.tcgplayer.com/product/78971_200w.jpg,2,1286,https://cpt.tcgcsv.com/rCF,2014-03-25T20:03:25.597,1,0.36,0.6,2.9,0.51,,Unlimited,LVAL-EN002,Rare,FIRE,Fairy,Effect Monster,1000,1000,"You can target 1 ""Utopia"" monster you control; equip this monster from your hand or your side of the field to that target. It gains 1000 ATK. It can attack all monsters your opponent controls once each. You can only control 1 ""ZW - Asura Blow""."
78971,ZW - Asura Strike,ZW Asura Strike,https://tcgplayer-cdn.tcgplayer.com/product/78971_200w.jpg,2,1286,https://cpt.tcgcsv.com/rCF,2014-03-25T20:03:25.597,1,0.12,0.74,3.0,0.53,,1st Edition,LVAL-EN002,Rare,FIRE,Fairy,Effect Monster,1000,1000,"You can target 1 ""Utopia"" monster you control; equip this monster from your hand or your side of the field to that target. It gains 1000 ATK. It can attack all monsters your opponent controls once each. You can only control 1 ""ZW - Asura Blow""."
78972,Gillagillancer,Gillagillancer,https://tcgplayer-cdn.tcgplayer.com/product/78972_200w.jpg,2,1286,https://cpt.tcgcsv.com/sCF,2014-03-25T20:21:18.67,1,0.01,0.2,1.0,0.1,,Unlimited,LVAL-EN003,Common,EARTH,Warrior,Effect Monster,2200,800,"If your opponent controls a monster and you control no monsters, you can Special Summon this card (from your hand). During each End Phase: You take 500 damage."
78972,Gillagillancer,Gillagillancer,https://tcgplayer-cdn.tcgplayer.com/product/78972_200w.jpg,2,1286,https://cpt.tcgcsv.com/sCF,2014-03-25T20:21:18.67,1,0.02,0.22,1.39,0.11,,1st Edition,LVAL-EN003,Common,EARTH,Warrior,Effect Monster,2200,800,"If your opponent controls a monster and you control no monsters, you can Special Summon this card (from your hand). During each End Phase: You take 500 damage."
78973,Rainbow Kuriboh,Rainbow Kuriboh,https://tcgplayer-cdn.tcgplayer.com/product/78973_200w.jpg,2,1286,https://cpt.tcgcsv.com/tCF,2014-03-25T20:17:55.833,1,1.55,2.86,14.98,2.27,,Unlimited,LVAL-EN004,Secret Rare,LIGHT,Fiend,Effect Monster,100,100,"You can only activate each effect of ""Rainbow Kuriboh"" once per turn. // * When an opponent's monster declares an attack: You can target that monster; equip this card from your hand to that target. It cannot attack. // * When an opponent's monster declares a direct attack: You can Special Summon this card from your Graveyard. If Summoned this way, banish this card when it leaves the field."
78973,Rainbow Kuriboh,Rainbow Kuriboh,https://tcgplayer-cdn.tcgplayer.com/product/78973_200w.jpg,2,1286,https://cpt.tcgcsv.com/tCF,2014-03-25T20:17:55.833,1,2.79,5.18,98.0,4.13,,1st Edition,LVAL-EN004,Secret Rare,LIGHT,Fiend,Effect Monster,100,100,"You can only activate each effect of ""Rainbow Kuriboh"" once per turn. // * When an opponent's monster declares an attack: You can target that monster; equip this card from your hand to that target. It cannot attack. // * When an opponent's monster declares a direct attack: You can Special Summon this card from your Graveyard. If Summoned this way, banish this card when it leaves the field."
78974,Overlay Sentinel,Overlay Sentinel,https://tcgplayer-cdn.tcgplayer.com/product/78974_200w.jpg,2,1286,https://cpt.tcgcsv.com/vCF,2014-03-25T20:20:33.503,1,0.01,0.22,1.0,0.1,,Unlimited,LVAL-EN005,Common,LIGHT,Warrior,Effect Monster,2000,0,"Cannot be Special Summoned. When this card is Normal Summoned: Change this card to Defense Position. If you control a face-up Xyz Monster that has Xyz Material: You can banish this card from your Graveyard, then target 1 face-up monster your opponent controls; that monster loses 500 ATK for each Xyz Material currently attached to a monster you control."
78974,Overlay Sentinel,Overlay Sentinel,https://tcgplayer-cdn.tcgplayer.com/product/78974_200w.jpg,2,1286,https://cpt.tcgcsv.com/vCF,2014-03-25T20:20:33.503,1,0.05,0.24,1.49,0.13,,1st Edition,LVAL-EN005,Common,LIGHT,Warrior,Effect Monster,2000,0,"Cannot be Special Summoned. When this card is Normal Summoned: Change this card to Defense Position. If you control a face-up Xyz Monster that has Xyz Material: You can banish this card from your Graveyard, then target 1 face-up monster your opponent controls; that monster loses 500 ATK for each Xyz Material currently attached to a monster you control."
78975,Overlay Booster,Overlay Booster,https://tcgplayer-cdn.tcgplayer.com/product/78975_200w.jpg,2,1286,https://cpt.tcgcsv.com/wCF,2014-03-25T20:20:56.44,1,0.2,0.3,1.49,0.35,,Unlimited,LVAL-EN006,Common,LIGHT,Warrior,Effect Monster,2000,0,"If you control a monster with 2000 or more ATK, you can Special Summon this card (from your hand) in face-up Defense Position. You can only Special Summon ""Overlay Booster"" once per turn this way. During your turn, except the turn this card was sent to the Graveyard: You can banish this card from your Graveyard, then target 1 face-up Xyz Monster you control that has Xyz Material; that monster gains 500 ATK for each Xyz Material currently attached to it."
78975,Overlay Booster,Overlay Booster,https://tcgplayer-cdn.tcgplayer.com/product/78975_200w.jpg,2,1286,https://cpt.tcgcsv.com/wCF,2014-03-25T20:20:56.44,1,0.13,0.31,1.44,0.32,,1st Edition,LVAL-EN006,Common,LIGHT,Warrior,Effect Monster,2000,0,"If you control a monster with 2000 or more ATK, you can Special Summon this card (from your hand) in face-up Defense Position. You can only Special Summon ""Overlay Booster"" once per turn this way. During your turn, except the turn this card was sent to the Graveyard: You can banish this card from your Graveyard, then target 1 face-up Xyz Monster you control that has Xyz Material; that monster gains 500 ATK for each Xyz Material currently attached to it."
78976,Photon Chargeman,Photon Chargeman,https://tcgplayer-cdn.tcgplayer.com/product/78976_200w.jpg,2,1286,https://cpt.tcgcsv.com/xCF,2014-03-25T20:19:26.197,1,0.05,0.23,1.0,0.08,,Unlimited,LVAL-EN007,Common,LIGHT,Warrior,Effect Monster,1000,1000,"Once per turn: You can make this card's ATK become double its original ATK, until your next Standby Phase. This card cannot attack the turn you activate this effect."
78976,Photon Chargeman,Photon Chargeman,https://tcgplayer-cdn.tcgplayer.com/product/78976_200w.jpg,2,1286,https://cpt.tcgcsv.com/xCF,2014-03-25T20:19:26.197,1,0.03,0.25,1.41,0.15,,1st Edition,LVAL-EN007,Common,LIGHT,Warrior,Effect Monster,1000,1000,"Once per turn: You can make this card's ATK become double its original ATK, until your next Standby Phase. This card cannot attack the turn you activate this effect."
78977,Chronomaly Moai Carrier,Chronomaly Moai Carrier,https://tcgplayer-cdn.tcgplayer.com/product/78977_200w.jpg,2,1286,https://cpt.tcgcsv.com/zCF,2014-03-25T20:10:08.68,1,0.05,0.23,1.49,0.13,,Unlimited,LVAL-EN008,Common,EARTH,Rock,Effect Monster,900,1800,"If your opponent controls a card and you control no cards, you can Special Summon this card (from your hand)."
78977,Chronomaly Moai Carrier,Chronomaly Moai Carrier,https://tcgplayer-cdn.tcgplayer.com/product/78977_200w.jpg,2,1286,https://cpt.tcgcsv.com/zCF,2014-03-25T20:10:08.68,1,0.05,0.25,1.49,0.25,,1st Edition,LVAL-EN008,Common,EARTH,Rock,Effect Monster,900,1800,"If your opponent controls a card and you control no cards, you can Special Summon this card (from your hand)."
78978,Chronomaly Winged Sphinx,Chronomaly Winged Sphinx,https://tcgplayer-cdn.tcgplayer.com/product/78978_200w.jpg,2,1286,https://cpt.tcgcsv.com/BCF,2014-03-25T20:10:36.47,1,0.04,0.23,0.94,0.1,,Unlimited,LVAL-EN009,Common,EARTH,Rock,Effect Monster,1600,1900,"When this card is Normal Summoned: You can target 1 Level 5 ""Chronomaly"" monster in your Graveyard; Special Summon that target. You cannot Special Summon any monsters during the turn you activate this effect, except ""Chronomaly"" monsters."
78978,Chronomaly Winged Sphinx,Chronomaly Winged Sphinx,https://tcgplayer-cdn.tcgplayer.com/product/78978_200w.jpg,2,1286,https://cpt.tcgcsv.com/BCF,2014-03-25T20:10:36.47,1,0.01,0.23,1.49,0.21,,1st Edition,LVAL-EN009,Common,EARTH,Rock,Effect Monster,1600,1900,"When this card is Normal Summoned: You can target 1 Level 5 ""Chronomaly"" monster in your Graveyard; Special Summon that target. You cannot Special Summon any monsters during the turn you activate this effect, except ""Chronomaly"" monsters."
78979,Deep-Space Cruiser IX,Deep Space Cruiser IX,https://tcgplayer-cdn.tcgplayer.com/product/78979_200w.jpg,2,1286,https://cpt.tcgcsv.com/CCF,2014-03-25T20:11:47.53,1,0.05,0.25,4.99,0.08,,Unlimited,LVAL-EN010,Common,LIGHT,Machine,Effect Monster,900,900,You can Special Summon this card (from your hand) by sending 1 other Machine-Type monster from your hand to the Graveyard.
78979,Deep-Space Cruiser IX,Deep Space Cruiser IX,https://tcgplayer-cdn.tcgplayer.com/product/78979_200w.jpg,2,1286,https://cpt.tcgcsv.com/CCF,2014-03-25T20:11:47.53,1,0.04,0.23,1.49,0.14,,1st Edition,LVAL-EN010,Common,LIGHT,Machine,Effect Monster,900,900,You can Special Summon this card (from your hand) by sending 1 other Machine-Type monster from your hand to the Graveyard.
78980,Gorgonic Golem,Gorgonic Golem,https://tcgplayer-cdn.tcgplayer.com/product/78980_200w.jpg,2,1286,https://cpt.tcgcsv.com/DCF,2014-03-25T20:23:22.18,1,0.01,0.22,0.94,0.14,,Unlimited,LVAL-EN011,Common,DARK,Rock,Effect Monster,1200,600,"When this card is destroyed by battle and sent to the Graveyard: The ATK of the monster that destroyed it becomes 0. You can banish this card from your Graveyard, then target 1 Set Spell/Trap Card your opponent controls; that card cannot be activated this turn. Your opponent cannot activate the targeted card in response to this effect's activation."
78980,Gorgonic Golem,Gorgonic Golem,https://tcgplayer-cdn.tcgplayer.com/product/78980_200w.jpg,2,1286,https://cpt.tcgcsv.com/DCF,2014-03-25T20:23:22.18,1,0.01,0.22,1.0,0.12,,1st Edition,LVAL-EN011,Common,DARK,Rock,Effect Monster,1200,600,"When this card is destroyed by battle and sent to the Graveyard: The ATK of the monster that destroyed it becomes 0. You can banish this card from your Graveyard, then target 1 Set Spell/Trap Card your opponent controls; that card cannot be activated this turn. Your opponent cannot activate the targeted card in response to this effect's activation."
78981,Gorgonic Gargoyle,Gorgonic Gargoyle,https://tcgplayer-cdn.tcgplayer.com/product/78981_200w.jpg,2,1286,https://cpt.tcgcsv.com/FCF,2014-03-25T20:22:22.28,1,0.01,0.24,1.49,0.11,,Unlimited,LVAL-EN012,Common,DARK,Rock,Effect Monster,1000,800,When you Normal Summon a Rock-Type monster: You can Special Summon this card from your hand.
78981,Gorgonic Gargoyle,Gorgonic Gargoyle,https://tcgplayer-cdn.tcgplayer.com/product/78981_200w.jpg,2,1286,https://cpt.tcgcsv.com/FCF,2014-03-25T20:22:22.28,1,0.01,0.24,1.49,0.13,,1st Edition,LVAL-EN012,Common,DARK,Rock,Effect Monster,1000,800,When you Normal Summon a Rock-Type monster: You can Special Summon this card from your hand.
78982,Gorgonic Ghoul,Gorgonic Ghoul,https://tcgplayer-cdn.tcgplayer.com/product/78982_200w.jpg,2,1286,https://cpt.tcgcsv.com/GCF,2014-03-25T20:22:55.54,1,0.05,0.22,1.36,0.11,,Unlimited,LVAL-EN013,Common,DARK,Rock,Effect Monster,100,100,"If you control a ""Gorgonic Ghoul"": You can pay 300 Life Points; Special Summon this card from your hand. You can only use the effect of ""Gorgonic Ghoul"" up to twice per turn."
78982,Gorgonic Ghoul,Gorgonic Ghoul,https://tcgplayer-cdn.tcgplayer.com/product/78982_200w.jpg,2,1286,https://cpt.tcgcsv.com/GCF,2014-03-25T20:22:55.54,1,0.05,0.23,1.36,0.14,,1st Edition,LVAL-EN013,Common,DARK,Rock,Effect Monster,100,100,"If you control a ""Gorgonic Ghoul"": You can pay 300 Life Points; Special Summon this card from your hand. You can only use the effect of ""Gorgonic Ghoul"" up to twice per turn."
78983,Gorgonic Cerberus,Gorgonic Cerberus,https://tcgplayer-cdn.tcgplayer.com/product/78983_200w.jpg,2,1286,https://cpt.tcgcsv.com/HCF,2014-03-25T20:21:46.203,1,0.05,0.23,0.88,0.14,,Unlimited,LVAL-EN014,Common,DARK,Rock,Effect Monster,1300,300,When this card is Normal Summoned: You can make all Rock-Type monsters you currently control become Level 3.
78983,Gorgonic Cerberus,Gorgonic Cerberus,https://tcgplayer-cdn.tcgplayer.com/product/78983_200w.jpg,2,1286,https://cpt.tcgcsv.com/HCF,2014-03-25T20:21:46.203,1,0.01,0.25,1.49,0.15,,1st Edition,LVAL-EN014,Common,DARK,Rock,Effect Monster,1300,300,When this card is Normal Summoned: You can make all Rock-Type monsters you currently control become Level 3.
78984,Sylvan Peaskeeper,Sylvan Peaskeeper,https://tcgplayer-cdn.tcgplayer.com/product/78984_200w.jpg,2,1286,https://cpt.tcgcsv.com/JCF,2014-03-25T20:06:52.2,1,0.08,0.26,1.49,0.16,,Unlimited,LVAL-EN015,Rare,WIND,Plant,Effect Monster,400,100,"When this card is Normal or Special Summoned: You can excavate the top card of your Deck, and if it is a Plant-Type monster, send it to the Graveyard. Otherwise, place it on the bottom of your Deck. If this card is excavated from the Deck and sent to the Graveyard by a card effect: You can target 1 Level 4 or lower Plant-Type monster in your Graveyard; Special Summon that target. You can only use this effect of ""Sylvan Peaskeeper"" once per turn."
78984,Sylvan Peaskeeper,Sylvan Peaskeeper,https://tcgplayer-cdn.tcgplayer.com/product/78984_200w.jpg,2,1286,https://cpt.tcgcsv.com/JCF,2014-03-25T20:06:52.2,1,0.1,0.28,2.0,0.16,,1st Edition,LVAL-EN015,Rare,WIND,Plant,Effect Monster,400,100,"When this card is Normal or Special Summoned: You can excavate the top card of your Deck, and if it is a Plant-Type monster, send it to the Graveyard. Otherwise, place it on the bottom of your Deck. If this card is excavated from the Deck and sent to the Graveyard by a card effect: You can target 1 Level 4 or lower Plant-Type monster in your Graveyard; Special Summon that target. You can only use this effect of ""Sylvan Peaskeeper"" once per turn."
78985,Sylvan Komushroomo,Sylvan Komushroomo,https://tcgplayer-cdn.tcgplayer.com/product/78985_200w.jpg,2,1286,https://cpt.tcgcsv.com/KCF,2014-03-25T20:08:35.623,1,0.05,0.51,2.45,0.54,,Unlimited,LVAL-EN016,Rare,FIRE,Plant,Effect Monster,100,2000,"When this card is flipped face-up: You can choose a number from 1 to 5, then excavate that many cards from the top of your Deck, send any excavated Plant-Type monsters to the Graveyard, also place the other cards on the bottom of your Deck in any order. If this card is excavated from the Deck and sent to the Graveyard by a card effect: You can target 1 Spell/Trap Card on the field; destroy that target."
78985,Sylvan Komushroomo,Sylvan Komushroomo,https://tcgplayer-cdn.tcgplayer.com/product/78985_200w.jpg,2,1286,https://cpt.tcgcsv.com/KCF,2014-03-25T20:08:35.623,1,0.3,0.6,2.95,0.54,,1st Edition,LVAL-EN016,Rare,FIRE,Plant,Effect Monster,100,2000,"When this card is flipped face-up: You can choose a number from 1 to 5, then excavate that many cards from the top of your Deck, send any excavated Plant-Type monsters to the Graveyard, also place the other cards on the bottom of your Deck in any order. If this card is excavated from the Deck and sent to the Graveyard by a card effect: You can target 1 Spell/Trap Card on the field; destroy that target."
78986,Sylvan Marshalleaf,Sylvan Marshalleaf,https://tcgplayer-cdn.tcgplayer.com/product/78986_200w.jpg,2,1286,https://cpt.tcgcsv.com/LCF,2014-03-25T20:08:12.733,1,3.35,4.99,12.97,3.19,,Unlimited,LVAL-EN017,Ultra Rare,WATER,Plant,Effect Monster,1500,1200,"When this card is Normal Summoned: You can choose either 1 or 2, then excavate that many cards from the top of your Deck, send any excavated Plant-Type monsters to the Graveyard, also place the other cards on the bottom of your Deck in any order. If this card is excavated from the Deck and sent to the Graveyard by a card effect: You can target 1 monster on the field; destroy that target."
78986,Sylvan Marshalleaf,Sylvan Marshalleaf,https://tcgplayer-cdn.tcgplayer.com/product/78986_200w.jpg,2,1286,https://cpt.tcgcsv.com/LCF,2014-03-25T20:08:12.733,1,2.83,5.0,19.99,4.45,,1st Edition,LVAL-EN017,Ultra Rare,WATER,Plant,Effect Monster,1500,1200,"When this card is Normal Summoned: You can choose either 1 or 2, then excavate that many cards from the top of your Deck, send any excavated Plant-Type monsters to the Graveyard, also place the other cards on the bottom of your Deck in any order. If this card is excavated from the Deck and sent to the Graveyard by a card effect: You can target 1 monster on the field; destroy that target."
78987,Sylvan Flowerknight,Sylvan Flowerknight,https://tcgplayer-cdn.tcgplayer.com/product/78987_200w.jpg,2,1286,https://cpt.tcgcsv.com/MCF,2014-03-25T20:10:08.407,1,0.15,0.5,2.0,0.25,,Unlimited,LVAL-EN018,Super Rare,EARTH,Plant,Effect Monster,1800,1000,"When this card is Normal Summoned: You can excavate the top card of your Deck, and if it is a Plant-Type monster, send it to the Graveyard. Otherwise, place it on the bottom of your Deck. If this card is excavated from the Deck and sent to the Graveyard by a card effect: You can choose 1 ""Sylvan"" card from your Deck and place it on top of your Deck."
78987,Sylvan Flowerknight,Sylvan Flowerknight,https://tcgplayer-cdn.tcgplayer.com/product/78987_200w.jpg,2,1286,https://cpt.tcgcsv.com/MCF,2014-03-25T20:10:08.407,1,0.24,0.54,2.05,0.45,,1st Edition,LVAL-EN018,Super Rare,EARTH,Plant,Effect Monster,1800,1000,"When this card is Normal Summoned: You can excavate the top card of your Deck, and if it is a Plant-Type monster, send it to the Graveyard. Otherwise, place it on the bottom of your Deck. If this card is excavated from the Deck and sent to the Graveyard by a card effect: You can choose 1 ""Sylvan"" card from your Deck and place it on top of your Deck."
78988,Sylvan Guardioak,Sylvan Guardioak,https://tcgplayer-cdn.tcgplayer.com/product/78988_200w.jpg,2,1286,https://cpt.tcgcsv.com/NCF,2014-03-25T20:09:32.427,1,0.05,0.22,0.88,0.08,,Unlimited,LVAL-EN019,Common,EARTH,Plant,Effect Monster,2400,1500,"Once per turn: You can choose a number from 1 to 3, then excavate that many cards from the top of your Deck, send any excavated Plant-Type monsters to the Graveyard, also place the other cards on the bottom of your Deck in any order. If this card is excavated from the Deck and sent to the Graveyard by a card effect: You can target 1 other Plant-Type monster in your Graveyard; place that target on top of your Deck."
78988,Sylvan Guardioak,Sylvan Guardioak,https://tcgplayer-cdn.tcgplayer.com/product/78988_200w.jpg,2,1286,https://cpt.tcgcsv.com/NCF,2014-03-25T20:09:32.427,1,0.05,0.21,1.49,0.16,,1st Edition,LVAL-EN019,Common,EARTH,Plant,Effect Monster,2400,1500,"Once per turn: You can choose a number from 1 to 3, then excavate that many cards from the top of your Deck, send any excavated Plant-Type monsters to the Graveyard, also place the other cards on the bottom of your Deck in any order. If this card is excavated from the Deck and sent to the Graveyard by a card effect: You can target 1 other Plant-Type monster in your Graveyard; place that target on top of your Deck."
78989,Sylvan Hermitree,Sylvan Hermitree,https://tcgplayer-cdn.tcgplayer.com/product/78989_200w.jpg,2,1286,https://cpt.tcgcsv.com/PCF,2014-03-25T20:09:09.283,1,7.0,10.99,19.95,5.02,,Unlimited,LVAL-EN020,Ultra Rare,FIRE,Plant,Effect Monster,2700,1800,"Once per turn: You can excavate the top card of your Deck, and if it is a Plant-Type monster, send it to the Graveyard, and if you do, draw 1 card. Otherwise, place it on the bottom of your Deck. If this card is excavated from the Deck and sent to the Graveyard by a card effect: Look at up to 3 cards from the top of your Deck, then place them on the top of the Deck in any order."
78989,Sylvan Hermitree,Sylvan Hermitree,https://tcgplayer-cdn.tcgplayer.com/product/78989_200w.jpg,2,1286,https://cpt.tcgcsv.com/PCF,2014-03-25T20:09:09.283,1,5.5,8.0,29.99,7.03,,1st Edition,LVAL-EN020,Ultra Rare,FIRE,Plant,Effect Monster,2700,1800,"Once per turn: You can excavate the top card of your Deck, and if it is a Plant-Type monster, send it to the Graveyard, and if you do, draw 1 card. Otherwise, place it on the bottom of your Deck. If this card is excavated from the Deck and sent to the Graveyard by a card effect: Look at up to 3 cards from the top of your Deck, then place them on the top of the Deck in any order."
78990,Ghostrick Jackfrost,Ghostrick Jackfrost,https://tcgplayer-cdn.tcgplayer.com/product/78990_200w.jpg,2,1286,https://cpt.tcgcsv.com/QCF,2014-03-25T20:14:55.313,1,0.12,0.3,1.51,0.79,,Unlimited,LVAL-EN021,Common,DARK,Fiend,Effect Monster,800,100,"Cannot be Normal Summoned, unless you control a ""Ghostrick"" monster. Once per turn: You can change this card to face-down Defense Position. When an opponent's monster declares a direct attack: You can change that opponent's monster to face-down Defense Position, and if you do, Special Summon this card from your hand in face-down Defense Position."
78990,Ghostrick Jackfrost,Ghostrick Jackfrost,https://tcgplayer-cdn.tcgplayer.com/product/78990_200w.jpg,2,1286,https://cpt.tcgcsv.com/QCF,2014-03-25T20:14:55.313,1,0.11,0.28,1.51,0.19,,1st Edition,LVAL-EN021,Common,DARK,Fiend,Effect Monster,800,100,"Cannot be Normal Summoned, unless you control a ""Ghostrick"" monster. Once per turn: You can change this card to face-down Defense Position. When an opponent's monster declares a direct attack: You can change that opponent's monster to face-down Defense Position, and if you do, Special Summon this card from your hand in face-down Defense Position."
78991,Ghostrick Mary,Ghostrick Mary,https://tcgplayer-cdn.tcgplayer.com/product/78991_200w.jpg,2,1286,https://cpt.tcgcsv.com/RCF,2014-03-25T20:15:40.99,1,0.5,1.0,22.0,0.59,,Unlimited,LVAL-EN022,Super Rare,DARK,Fiend,Effect Monster,100,1600,"Cannot be Normal Summoned, unless you control a ""Ghostrick"" monster. Once per turn: You can change this card to face-down Defense Position. When you take damage: You can discard this card; Special Summon 1 ""Ghostrick"" monster from your Deck in face-down Defense Position. You can only use this effect of ""Ghostrick Mary"" once per turn."
78991,Ghostrick Mary,Ghostrick Mary,https://tcgplayer-cdn.tcgplayer.com/product/78991_200w.jpg,2,1286,https://cpt.tcgcsv.com/RCF,2014-03-25T20:15:40.99,1,0.25,1.05,16.4,0.53,,1st Edition,LVAL-EN022,Super Rare,DARK,Fiend,Effect Monster,100,1600,"Cannot be Normal Summoned, unless you control a ""Ghostrick"" monster. Once per turn: You can change this card to face-down Defense Position. When you take damage: You can discard this card; Special Summon 1 ""Ghostrick"" monster from your Deck in face-down Defense Position. You can only use this effect of ""Ghostrick Mary"" once per turn."
78992,Ghostrick Nekomusume,Ghostrick Nekomusume,https://tcgplayer-cdn.tcgplayer.com/product/78992_200w.jpg,2,1286,https://cpt.tcgcsv.com/SCF,2014-03-25T20:18:20.827,1,0.17,0.31,1.41,0.32,,Unlimited,LVAL-EN023,Common,DARK,Spellcaster,Effect Monster,400,900,"Cannot be Normal Summoned, unless you control a ""Ghostrick"" monster. Once per turn: You can change this card to face-down Defense Position. When a Level 4 or higher monster(s) is Normal or Special Summoned: Change that monster(s) to face-down Defense Position. There must be another ""Ghostrick"" monster on the field to activate and to resolve this effect."
78992,Ghostrick Nekomusume,Ghostrick Nekomusume,https://tcgplayer-cdn.tcgplayer.com/product/78992_200w.jpg,2,1286,https://cpt.tcgcsv.com/SCF,2014-03-25T20:18:20.827,1,0.14,0.32,1.51,0.31,,1st Edition,LVAL-EN023,Common,DARK,Spellcaster,Effect Monster,400,900,"Cannot be Normal Summoned, unless you control a ""Ghostrick"" monster. Once per turn: You can change this card to face-down Defense Position. When a Level 4 or higher monster(s) is Normal or Special Summoned: Change that monster(s) to face-down Defense Position. There must be another ""Ghostrick"" monster on the field to activate and to resolve this effect."
78993,Ghostrick Skeleton,Ghostrick Skeleton,https://tcgplayer-cdn.tcgplayer.com/product/78993_200w.jpg,2,1286,https://cpt.tcgcsv.com/TCF,2014-03-25T20:19:53.843,0,0.14,0.3,1.0,0.29,,Unlimited,LVAL-EN024,Common,DARK,Zombie,Effect Monster,1200,1100,"Cannot be Normal Summoned, unless you control a ""Ghostrick"" monster. Once per turn: You can change this card to face-down Defense Position. When this card is flipped face-up: Banish cards from the top of your opponent's Deck face-down, up to the number of ""Ghostrick"" monsters you control. You can only use this effect of ""Ghostrick Skeleton"" once per turn."
78993,Ghostrick Skeleton,Ghostrick Skeleton,https://tcgplayer-cdn.tcgplayer.com/product/78993_200w.jpg,2,1286,https://cpt.tcgcsv.com/TCF,2014-03-25T20:19:53.843,0,0.14,0.32,2.01,0.31,,1st Edition,LVAL-EN024,Common,DARK,Zombie,Effect Monster,1200,1100,"Cannot be Normal Summoned, unless you control a ""Ghostrick"" monster. Once per turn: You can change this card to face-down Defense Position. When this card is flipped face-up: Banish cards from the top of your opponent's Deck face-down, up to the number of ""Ghostrick"" monsters you control. You can only use this effect of ""Ghostrick Skeleton"" once per turn."
78994,Ghostrick Mummy,Ghostrick Mummy,https://tcgplayer-cdn.tcgplayer.com/product/78994_200w.jpg,2,1286,https://cpt.tcgcsv.com/VCF,2014-03-25T20:16:42.99,1,0.01,0.2,0.79,0.1,,Unlimited,LVAL-EN025,Common,DARK,Zombie,Effect Monster,1500,0,"Cannot be Normal Summoned, unless you control a ""Ghostrick"" monster. Once per turn: You can change this card to face-down Defense Position. During your Main Phase, you can Normal Summon 1 ""Ghostrick"" monster in addition to your Normal Summon/Set. (You can only gain this effect once per turn.) You cannot Special Summon any monsters, except DARK monsters."
78994,Ghostrick Mummy,Ghostrick Mummy,https://tcgplayer-cdn.tcgplayer.com/product/78994_200w.jpg,2,1286,https://cpt.tcgcsv.com/VCF,2014-03-25T20:16:42.99,1,0.1,0.25,1.4,0.12,,1st Edition,LVAL-EN025,Common,DARK,Zombie,Effect Monster,1500,0,"Cannot be Normal Summoned, unless you control a ""Ghostrick"" monster. Once per turn: You can change this card to face-down Defense Position. During your Main Phase, you can Normal Summon 1 ""Ghostrick"" monster in addition to your Normal Summon/Set. (You can only gain this effect once per turn.) You cannot Special Summon any monsters, except DARK monsters."
78995,Bujin Arasuda,Bujin Arasuda,https://tcgplayer-cdn.tcgplayer.com/product/78995_200w.jpg,2,1286,https://cpt.tcgcsv.com/WCF,2014-03-25T20:00:52.463,1,0.75,1.1,7.97,0.97,,Unlimited,LVAL-EN026,Ultra Rare,LIGHT,Beast-Warrior,Effect Monster,1600,1900,"If a ""Bujin"" monster in your Graveyard or face-up on your side of the field is banished (except during the Damage Step): You can Special Summon this card from your hand in face-up Defense Position. Once per turn, during the End Phase, if a ""Bujin"" card was added from your Deck to your hand this turn, except by drawing it, while you controlled this face-up card: You can draw 1 card, then discard 1 card. You can only control 1 ""Bujin Arasuda""."
78995,Bujin Arasuda,Bujin Arasuda,https://tcgplayer-cdn.tcgplayer.com/product/78995_200w.jpg,2,1286,https://cpt.tcgcsv.com/WCF,2014-03-25T20:00:52.463,1,1.0,2.76,5.0,1.17,,1st Edition,LVAL-EN026,Ultra Rare,LIGHT,Beast-Warrior,Effect Monster,1600,1900,"If a ""Bujin"" monster in your Graveyard or face-up on your side of the field is banished (except during the Damage Step): You can Special Summon this card from your hand in face-up Defense Position. Once per turn, during the End Phase, if a ""Bujin"" card was added from your Deck to your hand this turn, except by drawing it, while you controlled this face-up card: You can draw 1 card, then discard 1 card. You can only control 1 ""Bujin Arasuda""."
78996,Bujingi Peacock,Bujingi Peacock,https://tcgplayer-cdn.tcgplayer.com/product/78996_200w.jpg,2,1286,https://cpt.tcgcsv.com/XCF,2014-03-25T20:04:33.003,1,0.01,0.29,1.4,0.29,,Unlimited,LVAL-EN027,Rare,LIGHT,Winged Beast,Effect Monster,1800,700,"During your Main Phase 2: You can send this card from your hand to the Graveyard; add 1 ""Bujin"" monster from your Deck to your hand. You cannot activate other cards or effects the turn you activate this effect, except ""Bujin"" cards and effects. You can only use the effect of ""Bujingi Peacock"" once per turn."
78996,Bujingi Peacock,Bujingi Peacock,https://tcgplayer-cdn.tcgplayer.com/product/78996_200w.jpg,2,1286,https://cpt.tcgcsv.com/XCF,2014-03-25T20:04:33.003,1,0.05,0.27,1.43,0.2,,1st Edition,LVAL-EN027,Rare,LIGHT,Winged Beast,Effect Monster,1800,700,"During your Main Phase 2: You can send this card from your hand to the Graveyard; add 1 ""Bujin"" monster from your Deck to your hand. You cannot activate other cards or effects the turn you activate this effect, except ""Bujin"" cards and effects. You can only use the effect of ""Bujingi Peacock"" once per turn."
78997,Bujingi Swallow,Bujingi Swallow,https://tcgplayer-cdn.tcgplayer.com/product/78997_200w.jpg,2,1286,https://cpt.tcgcsv.com/ZCF,2014-03-25T20:05:03.413,1,0.01,0.22,1.0,0.1,,Unlimited,LVAL-EN028,Common,LIGHT,Winged Beast,Effect Monster,1700,800,"During your Main Phase 1: You can send this card from your hand to the Graveyard, then target 1 ""Bujin"" monster you control; that monster can attack twice during each Battle Phase this turn. Other monsters cannot attack during the turn you activate this effect."
78997,Bujingi Swallow,Bujingi Swallow,https://tcgplayer-cdn.tcgplayer.com/product/78997_200w.jpg,2,1286,https://cpt.tcgcsv.com/ZCF,2014-03-25T20:05:03.413,1,0.05,0.22,1.0,0.16,,1st Edition,LVAL-EN028,Common,LIGHT,Winged Beast,Effect Monster,1700,800,"During your Main Phase 1: You can send this card from your hand to the Graveyard, then target 1 ""Bujin"" monster you control; that monster can attack twice during each Battle Phase this turn. Other monsters cannot attack during the turn you activate this effect."
78998,Bujingi Fox,Bujingi Fox,https://tcgplayer-cdn.tcgplayer.com/product/78998_200w.jpg,2,1286,https://cpt.tcgcsv.com/-CF,2014-03-25T20:02:09.37,1,0.01,0.28,1.42,0.48,,Unlimited,LVAL-EN029,Rare,LIGHT,,Effect Monster,200,2100,"During either player's turn: You can banish this card from your Graveyard, then send 1 ""Bujin"" monster from your hand to the Graveyard; you take no damage for the rest of this turn."
78998,Bujingi Fox,Bujingi Fox,https://tcgplayer-cdn.tcgplayer.com/product/78998_200w.jpg,2,1286,https://cpt.tcgcsv.com/-CF,2014-03-25T20:02:09.37,1,0.05,0.25,1.0,0.2,,1st Edition,LVAL-EN029,Rare,LIGHT,,Effect Monster,200,2100,"During either player's turn: You can banish this card from your Graveyard, then send 1 ""Bujin"" monster from your hand to the Graveyard; you take no damage for the rest of this turn."
78999,Bujingi Hare,Bujingi Hare,https://tcgplayer-cdn.tcgplayer.com/product/78999_200w.jpg,2,1286,https://cpt.tcgcsv.com/_CF,2014-03-25T20:03:34.757,1,2.0,3.13,4.5,3.23,,Unlimited,LVAL-EN030,Super Rare,LIGHT,,Effect Monster,1700,500,"During either player's turn: You can banish this card from your Graveyard, then target 1 Beast-Warrior-Type ""Bujin"" monster you control; once during this turn, that monster cannot be destroyed by battle or card effects. You can only use the effect of ""Bujingi Hare"" once per turn."
78999,Bujingi Hare,Bujingi Hare,https://tcgplayer-cdn.tcgplayer.com/product/78999_200w.jpg,2,1286,https://cpt.tcgcsv.com/_CF,2014-03-25T20:03:34.757,1,3.0,4.95,8.0,4.7,,1st Edition,LVAL-EN030,Super Rare,LIGHT,,Effect Monster,1700,500,"During either player's turn: You can banish this card from your Graveyard, then target 1 Beast-Warrior-Type ""Bujin"" monster you control; once during this turn, that monster cannot be destroyed by battle or card effects. You can only use the effect of ""Bujingi Hare"" once per turn."
79000,Gravekeeper's Nobleman,Gravekeepers Nobleman,https://tcgplayer-cdn.tcgplayer.com/product/79000_200w.jpg,2,1286,https://cpt.tcgcsv.com/0DF,2014-03-25T20:24:49.953,1,3.38,4.99,8.49,4.36,,Unlimited,LVAL-EN031,Ultra Rare,DARK,Spellcaster,Effect Monster,1000,1000,"When this card you control is destroyed by battle with an opponent's attacking monster and sent to your Graveyard: You can Special Summon 1 ""Gravekeeper's"" monster from your Deck in face-down Defense Position, except ""Gravekeeper's Nobleman""."
79000,Gravekeeper's Nobleman,Gravekeepers Nobleman,https://tcgplayer-cdn.tcgplayer.com/product/79000_200w.jpg,2,1286,https://cpt.tcgcsv.com/0DF,2014-03-25T20:24:49.953,1,3.5,4.09,8.99,3.94,,1st Edition,LVAL-EN031,Ultra Rare,DARK,Spellcaster,Effect Monster,1000,1000,"When this card you control is destroyed by battle with an opponent's attacking monster and sent to your Graveyard: You can Special Summon 1 ""Gravekeeper's"" monster from your Deck in face-down Defense Position, except ""Gravekeeper's Nobleman""."
79001,Gravekeeper's Ambusher,Gravekeepers Ambusher,https://tcgplayer-cdn.tcgplayer.com/product/79001_200w.jpg,2,1286,https://cpt.tcgcsv.com/2DF,2014-03-25T20:24:07.887,1,0.1,0.23,1.49,0.18,,Unlimited,LVAL-EN032,Common,DARK,Spellcaster,Effect Monster,1700,0,"When this card is flipped face-up: You can target 1 card in your opponent's Graveyard; place that target on the bottom of their Deck. If this card is sent from the field to the Graveyard after being flipped face-up: You can target 1 ""Necrovalley"" card in your Graveyard; add that target to your hand. This card's effects cannot be negated by the effect of ""Necrovalley""."
79001,Gravekeeper's Ambusher,Gravekeepers Ambusher,https://tcgplayer-cdn.tcgplayer.com/product/79001_200w.jpg,2,1286,https://cpt.tcgcsv.com/2DF,2014-03-25T20:24:07.887,1,0.1,0.25,1.42,0.24,,1st Edition,LVAL-EN032,Common,DARK,Spellcaster,Effect Monster,1700,0,"When this card is flipped face-up: You can target 1 card in your opponent's Graveyard; place that target on the bottom of their Deck. If this card is sent from the field to the Graveyard after being flipped face-up: You can target 1 ""Necrovalley"" card in your Graveyard; add that target to your hand. This card's effects cannot be negated by the effect of ""Necrovalley""."
79002,Gravekeeper's Shaman,Gravekeepers Shaman,https://tcgplayer-cdn.tcgplayer.com/product/79002_200w.jpg,2,1286,https://cpt.tcgcsv.com/3DF,2014-03-25T20:25:35.83,1,0.9,1.21,2.83,1.54,,Unlimited,LVAL-EN033,Super Rare,DARK,Spellcaster,Effect Monster,1500,1500,"This card gains 200 DEF for each ""Gravekeeper's"" monster in your Graveyard. Negate all monster effects that activate in the Graveyard, except ""Gravekeeper's"" monsters. While ""Necrovalley"" is on the field, your opponent cannot activate Field Spell Cards, also Field Spell Cards on the field cannot be destroyed by your opponent's card effects."
79002,Gravekeeper's Shaman,Gravekeepers Shaman,https://tcgplayer-cdn.tcgplayer.com/product/79002_200w.jpg,2,1286,https://cpt.tcgcsv.com/3DF,2014-03-25T20:25:35.83,1,0.99,1.47,2.55,1.38,,1st Edition,LVAL-EN033,Super Rare,DARK,Spellcaster,Effect Monster,1500,1500,"This card gains 200 DEF for each ""Gravekeeper's"" monster in your Graveyard. Negate all monster effects that activate in the Graveyard, except ""Gravekeeper's"" monsters. While ""Necrovalley"" is on the field, your opponent cannot activate Field Spell Cards, also Field Spell Cards on the field cannot be destroyed by your opponent's card effects."
79003,Gravekeeper's Oracle,Gravekeepers Oracle,https://tcgplayer-cdn.tcgplayer.com/product/79003_200w.jpg,2,1286,https://cpt.tcgcsv.com/5DF,2014-03-25T20:25:12.253,1,1.19,1.95,5.94,1.37,,Unlimited,LVAL-EN034,Ultra Rare,DARK,Spellcaster,Effect Monster,2000,1500,"You can Tribute 3 monsters or 1 ""Gravekeeper's"" monster to Tribute Summon (but not Set) this card. When this card is Tribute Summoned: You can activate any of these effects, and resolve in sequence, up to the number of ""Gravekeeper's"" monsters Tributed for the Summon. // * This card gains ATK equal to the combined Levels that all monsters Tributed for its Tribute Summon had on the field x 100. // * Destroy all Set monsters your opponent controls. // * All monsters your opponent currently controls lose 2000 ATK and DEF."
79003,Gravekeeper's Oracle,Gravekeepers Oracle,https://tcgplayer-cdn.tcgplayer.com/product/79003_200w.jpg,2,1286,https://cpt.tcgcsv.com/5DF,2014-03-25T20:25:12.253,1,0.89,1.49,4.9,1.39,,1st Edition,LVAL-EN034,Ultra Rare,DARK,Spellcaster,Effect Monster,2000,1500,"You can Tribute 3 monsters or 1 ""Gravekeeper's"" monster to Tribute Summon (but not Set) this card. When this card is Tribute Summoned: You can activate any of these effects, and resolve in sequence, up to the number of ""Gravekeeper's"" monsters Tributed for the Summon. // * This card gains ATK equal to the combined Levels that all monsters Tributed for its Tribute Summon had on the field x 100. // * Destroy all Set monsters your opponent controls. // * All monsters your opponent currently controls lose 2000 ATK and DEF."
79004,Mystic Macrocarpa Seed,Mystic Macrocarpa Seed,https://tcgplayer-cdn.tcgplayer.com/product/79004_200w.jpg,2,1286,https://cpt.tcgcsv.com/6DF,2014-01-24T18:52:57.7,1,0.04,0.18,0.74,0.28,,Unlimited,LVAL-EN035,Common,EARTH,Plant,Tuner Monster,500,1000,"Cannot be used as a Synchro Material Monster, except for the Synchro Summon of an EARTH monster. You can target 1 EARTH monster on the field; reduce that monster's Level by 1. You can only use the effect of ""Mystic Macrocarpa Seed"" up to twice per turn."
79004,Mystic Macrocarpa Seed,Mystic Macrocarpa Seed,https://tcgplayer-cdn.tcgplayer.com/product/79004_200w.jpg,2,1286,https://cpt.tcgcsv.com/6DF,2014-01-24T18:52:57.7,1,0.05,0.25,1.49,0.12,,1st Edition,LVAL-EN035,Common,EARTH,Plant,Tuner Monster,500,1000,"Cannot be used as a Synchro Material Monster, except for the Synchro Summon of an EARTH monster. You can target 1 EARTH monster on the field; reduce that monster's Level by 1. You can only use the effect of ""Mystic Macrocarpa Seed"" up to twice per turn."
79005,"Kalantosa, Mystical Beast of the Forest",Kalantosa Mystical Beast of the Forest,https://tcgplayer-cdn.tcgplayer.com/product/79005_200w.jpg,2,1286,https://cpt.tcgcsv.com/7DF,2014-03-25T20:28:24.987,1,0.06,0.3,28.0,0.3,0.15,Unlimited,LVAL-EN036,Common,EARTH,,Effect Monster,200,1400,If this card is Special Summoned by the effect of a Beast-Type monster: You can target 1 card on the field; destroy that target.
79005,"Kalantosa, Mystical Beast of the Forest",Kalantosa Mystical Beast of the Forest,https://tcgplayer-cdn.tcgplayer.com/product/79005_200w.jpg,2,1286,https://cpt.tcgcsv.com/7DF,2014-03-25T20:28:24.987,1,0.11,0.3,1.42,0.22,0.15,1st Edition,LVAL-EN036,Common,EARTH,,Effect Monster,200,1400,If this card is Special Summoned by the effect of a Beast-Type monster: You can target 1 card on the field; destroy that target.
79006,Nikitama,Nikitama,https://tcgplayer-cdn.tcgplayer.com/product/79006_200w.jpg,2,1286,https://cpt.tcgcsv.com/8DF,2014-03-25T20:26:47.71,1,1.16,2.73,4.5,1.31,,Unlimited,LVAL-EN037,Rare,LIGHT,Fairy,Spirit Monster,800,1800,"Cannot be Special Summoned. During the End Phase of the turn this card is Normal Summoned or flipped face-up: Return it to the hand. During the turn this card was Normal Summoned or flipped face-up, you can Normal Summon 1 Spirit monster in addition to your Normal Summon/Set. (You can only gain this effect once per turn.) When this card is sent to the Graveyard: Draw 1 card. You must control a Spirit monster to activate and to resolve this effect."
79006,Nikitama,Nikitama,https://tcgplayer-cdn.tcgplayer.com/product/79006_200w.jpg,2,1286,https://cpt.tcgcsv.com/8DF,2014-03-25T20:26:47.71,1,1.15,1.98,5.0,1.79,,1st Edition,LVAL-EN037,Rare,LIGHT,Fairy,Spirit Monster,800,1800,"Cannot be Special Summoned. During the End Phase of the turn this card is Normal Summoned or flipped face-up: Return it to the hand. During the turn this card was Normal Summoned or flipped face-up, you can Normal Summon 1 Spirit monster in addition to your Normal Summon/Set. (You can only gain this effect once per turn.) When this card is sent to the Graveyard: Draw 1 card. You must control a Spirit monster to activate and to resolve this effect."
79007,Black Brachios,Black Brachios,https://tcgplayer-cdn.tcgplayer.com/product/79007_200w.jpg,2,1286,https://cpt.tcgcsv.com/9DF,2014-03-25T20:00:20.59,1,0.01,0.25,1.0,0.1,,Unlimited,LVAL-EN038,Common,EARTH,Dinosaur,Effect Monster,1800,1100,When this card is Normal Summoned: You can target 1 monster on the field; change that target to face-up Defense Position.
79007,Black Brachios,Black Brachios,https://tcgplayer-cdn.tcgplayer.com/product/79007_200w.jpg,2,1286,https://cpt.tcgcsv.com/9DF,2014-03-25T20:00:20.59,1,0.02,0.24,1.49,0.08,,1st Edition,LVAL-EN038,Common,EARTH,Dinosaur,Effect Monster,1800,1100,When this card is Normal Summoned: You can target 1 monster on the field; change that target to face-up Defense Position.
79008,"Chirubime, Princess of Autumn Leaves",Chirubime Princess of Autumn Leaves,https://tcgplayer-cdn.tcgplayer.com/product/79008_200w.jpg,2,1286,https://cpt.tcgcsv.com/bDF,2014-03-25T20:09:37.557,1,0.12,0.39,1.21,0.27,,Unlimited,LVAL-EN039,Super Rare,EARTH,Plant,Effect Monster,1800,2800,"Your opponent cannot target face-up Plant-Type monsters for attacks, except this one. If this card in your possession is sent to your Graveyard by your opponent's card (either by battle or by card effect): You can Special Summon 1 Plant-Type monster from your Deck, except ""Chirubimé, Princess of Autumn Leaves""."
79008,"Chirubime, Princess of Autumn Leaves",Chirubime Princess of Autumn Leaves,https://tcgplayer-cdn.tcgplayer.com/product/79008_200w.jpg,2,1286,https://cpt.tcgcsv.com/bDF,2014-03-25T20:09:37.557,1,0.12,0.51,1.62,0.51,,1st Edition,LVAL-EN039,Super Rare,EARTH,Plant,Effect Monster,1800,2800,"Your opponent cannot target face-up Plant-Type monsters for attacks, except this one. If this card in your possession is sent to your Graveyard by your opponent's card (either by battle or by card effect): You can Special Summon 1 Plant-Type monster from your Deck, except ""Chirubimé, Princess of Autumn Leaves""."
79009,Sirenorca,Sirenorca,https://tcgplayer-cdn.tcgplayer.com/product/79009_200w.jpg,2,1286,https://cpt.tcgcsv.com/cDF,2014-03-25T20:14:32.383,1,0.02,0.23,1.0,0.07,,Unlimited,LVAL-EN041,Common,WATER,Winged Beast,Effect Monster,2200,1000,"If you control a Fish-Type and a Winged Beast-Type monster, you can Special Summon this card (from your hand). If you do: Declare a Level between 3 and 5; the Levels of all monsters you currently control become the declared Level. If you activate this effect, monsters in your possession cannot activate their effects for the rest of this turn, except WATER monsters."
79009,Sirenorca,Sirenorca,https://tcgplayer-cdn.tcgplayer.com/product/79009_200w.jpg,2,1286,https://cpt.tcgcsv.com/cDF,2014-03-25T20:14:32.383,1,0.05,0.24,1.36,0.13,,1st Edition,LVAL-EN041,Common,WATER,Winged Beast,Effect Monster,2200,1000,"If you control a Fish-Type and a Winged Beast-Type monster, you can Special Summon this card (from your hand). If you do: Declare a Level between 3 and 5; the Levels of all monsters you currently control become the declared Level. If you activate this effect, monsters in your possession cannot activate their effects for the rest of this turn, except WATER monsters."
79010,Xyz Avenger,Xyz Avenger,https://tcgplayer-cdn.tcgplayer.com/product/79010_200w.jpg,2,1286,https://cpt.tcgcsv.com/dDF,2014-03-25T20:04:29.14,1,0.01,0.23,1.0,0.3,,Unlimited,LVAL-EN042,Common,DARK,Fiend,Effect Monster,1800,700,"This card is unaffected by the effects of Xyz Monsters. When this card is destroyed by battle with an Xyz Monster and sent to the Graveyard: Apply this effect, depending on the Rank of that monster. ? Rank 3 or lower: Your opponent sends 1 card from their Extra Deck to the Graveyard. ? Rank 4: Look at your opponent's Extra Deck and send 1 card from their Extra Deck to the Graveyard. ? Rank 5 or higher: Your opponent sends from their Extra Deck to the Graveyard, a number of cards equal to that monster's Rank."
79010,Xyz Avenger,Xyz Avenger,https://tcgplayer-cdn.tcgplayer.com/product/79010_200w.jpg,2,1286,https://cpt.tcgcsv.com/dDF,2014-03-25T20:04:29.14,1,0.01,0.22,1.35,0.06,,1st Edition,LVAL-EN042,Common,DARK,Fiend,Effect Monster,1800,700,"This card is unaffected by the effects of Xyz Monsters. When this card is destroyed by battle with an Xyz Monster and sent to the Graveyard: Apply this effect, depending on the Rank of that monster. ? Rank 3 or lower: Your opponent sends 1 card from their Extra Deck to the Graveyard. ? Rank 4: Look at your opponent's Extra Deck and send 1 card from their Extra Deck to the Graveyard. ? Rank 5 or higher: Your opponent sends from their Extra Deck to the Graveyard, a number of cards equal to that monster's Rank."
79011,Tackle Crusader,Tackle Crusader,https://tcgplayer-cdn.tcgplayer.com/product/79011_200w.jpg,2,1286,https://cpt.tcgcsv.com/fDF,2014-03-25T20:06:30.813,1,0.01,0.3,2.5,0.01,,Unlimited,LVAL-EN043,Common,EARTH,Rock,Effect Monster,1500,1800,"If this card is sent to the Graveyard: You can activate 1 of these effects; // * Target 1 face-up monster your opponent controls; change that target to face-down Defense Position. // * Target 1 face-up Spell/Trap Card your opponent controls; return that target to the hand. This turn, your opponent cannot activate cards, or the effects of cards, with the same name as the card returned to the hand by this effect."
79011,Tackle Crusader,Tackle Crusader,https://tcgplayer-cdn.tcgplayer.com/product/79011_200w.jpg,2,1286,https://cpt.tcgcsv.com/fDF,2014-03-25T20:06:30.813,1,0.05,0.3,2.44,0.28,,1st Edition,LVAL-EN043,Common,EARTH,Rock,Effect Monster,1500,1800,"If this card is sent to the Graveyard: You can activate 1 of these effects; // * Target 1 face-up monster your opponent controls; change that target to face-down Defense Position. // * Target 1 face-up Spell/Trap Card your opponent controls; return that target to the hand. This turn, your opponent cannot activate cards, or the effects of cards, with the same name as the card returned to the hand by this effect."
79012,Majiosheldon,Majiosheldon,https://tcgplayer-cdn.tcgplayer.com/product/79012_200w.jpg,2,1286,https://cpt.tcgcsv.com/gDF,2014-01-24T19:02:29.57,1,0.01,0.25,0.74,0.01,,Unlimited,LVAL-EN044,Common,WATER,Warrior,Effect Monster,800,2000,"Cannot be Special Summoned, except by its own effect. During your next Standby Phase after this card was Tributed for a Tribute Summon, if this card is in your Graveyard: You can Special Summon this card from your Graveyard. You cannot Special Summon monsters from your Extra Deck the turn you activate this effect."
79012,Majiosheldon,Majiosheldon,https://tcgplayer-cdn.tcgplayer.com/product/79012_200w.jpg,2,1286,https://cpt.tcgcsv.com/gDF,2014-01-24T19:02:29.57,1,0.05,0.25,1.41,0.2,,1st Edition,LVAL-EN044,Common,WATER,Warrior,Effect Monster,800,2000,"Cannot be Special Summoned, except by its own effect. During your next Standby Phase after this card was Tributed for a Tribute Summon, if this card is in your Graveyard: You can Special Summon this card from your Graveyard. You cannot Special Summon monsters from your Extra Deck the turn you activate this effect."
79013,Paladin of Photon Dragon,Paladin of Photon Dragon,https://tcgplayer-cdn.tcgplayer.com/product/79013_200w.jpg,2,1286,https://cpt.tcgcsv.com/hDF,2014-03-25T20:20:05.887,1,0.15,0.54,1.24,0.55,,Unlimited,LVAL-EN045,Rare,LIGHT,Warrior,Ritual/Effect Monster,1900,800,"You can Ritual Summon this card with ""Luminous Dragon Ritual"". You can Tribute this card; Special Summon 1 ""Galaxy-Eyes Photon Dragon"" from your hand or Deck. When this card destroys an opponent's monster by battle and sends it to the Graveyard: Draw 1 card."
79013,Paladin of Photon Dragon,Paladin of Photon Dragon,https://tcgplayer-cdn.tcgplayer.com/product/79013_200w.jpg,2,1286,https://cpt.tcgcsv.com/hDF,2014-03-25T20:20:05.887,1,0.21,0.68,3.01,0.63,,1st Edition,LVAL-EN045,Rare,LIGHT,Warrior,Ritual/Effect Monster,1900,800,"You can Ritual Summon this card with ""Luminous Dragon Ritual"". You can Tribute this card; Special Summon 1 ""Galaxy-Eyes Photon Dragon"" from your hand or Deck. When this card destroys an opponent's monster by battle and sends it to the Graveyard: Draw 1 card."
79014,Number C101: Silent Honor DARK,Number C101 Silent Honor DARK,https://tcgplayer-cdn.tcgplayer.com/product/79014_200w.jpg,2,1286,https://cpt.tcgcsv.com/jDF,2014-03-25T20:24:05.193,1,5.0,12.27,17.57,9.06,,Unlimited,LVAL-EN046,Ultra Rare,WATER,Aqua,Xyz/Effect Monster,2800,1500,"3 Level 5 monsters // Once per turn: You can target 1 Special Summoned monster your opponent controls; attach it to this card as a face-up Xyz Material. When this card is destroyed and sent to the Graveyard while it has Xyz Material: You can Special Summon this card from your Graveyard, then gain Life Points equal to the original ATK of this card. ""Number 101: Silent Honor ARK"" must be in your Graveyard to activate and to resolve this effect. If this card is Special Summoned this way, it cannot attack for the rest of this turn."
79014,Number C101: Silent Honor DARK,Number C101 Silent Honor DARK,https://tcgplayer-cdn.tcgplayer.com/product/79014_200w.jpg,2,1286,https://cpt.tcgcsv.com/jDF,2014-03-25T20:24:05.193,1,3.0,13.0,100.25,16.4,,1st Edition,LVAL-EN046,Ultra Rare,WATER,Aqua,Xyz/Effect Monster,2800,1500,"3 Level 5 monsters // Once per turn: You can target 1 Special Summoned monster your opponent controls; attach it to this card as a face-up Xyz Material. When this card is destroyed and sent to the Graveyard while it has Xyz Material: You can Special Summon this card from your Graveyard, then gain Life Points equal to the original ATK of this card. ""Number 101: Silent Honor ARK"" must be in your Graveyard to activate and to resolve this effect. If this card is Special Summoned this way, it cannot attack for the rest of this turn."
79015,Number 101: Silent Honor ARK,Number 101 Silent Honor ARK,https://tcgplayer-cdn.tcgplayer.com/product/79015_200w.jpg,2,1286,https://cpt.tcgcsv.com/kDF,2014-03-25T20:25:41.38,1,2.16,3.0,7.95,3.19,,Unlimited,LVAL-EN047,Ultra Rare,WATER,Aqua,Xyz/Effect Monster,2100,1000,"2 Level 4 monsters // You can detach 2 Xyz Materials from this card, then target 1 Special Summoned monster your opponent controls in face-up Attack Position; attach it to this card as a face-up Xyz Material. You can only use this effect of ""Number 101: Silent Honor ARK"" once per turn. If this face-up card would be destroyed, you can detach 1 Xyz Material from this card instead."
79015,Number 101: Silent Honor ARK,Number 101 Silent Honor ARK,https://tcgplayer-cdn.tcgplayer.com/product/79015_200w.jpg,2,1286,https://cpt.tcgcsv.com/kDF,2014-03-25T20:25:41.38,1,2.38,5.15,15.99,4.27,,1st Edition,LVAL-EN047,Ultra Rare,WATER,Aqua,Xyz/Effect Monster,2100,1000,"2 Level 4 monsters // You can detach 2 Xyz Materials from this card, then target 1 Special Summoned monster your opponent controls in face-up Attack Position; attach it to this card as a face-up Xyz Material. You can only use this effect of ""Number 101: Silent Honor ARK"" once per turn. If this face-up card would be destroyed, you can detach 1 Xyz Material from this card instead."
79016,Number 39: Utopia Roots,Number 39 Utopia Roots,https://tcgplayer-cdn.tcgplayer.com/product/79016_200w.jpg,2,1286,https://cpt.tcgcsv.com/lDF,2014-03-25T20:24:53.35,1,0.57,0.74,1.79,0.61,,Unlimited,LVAL-EN048,Rare,LIGHT,Warior,Xyz/Effect Monster,500,100,"2 Level 1 monsters // When any player's monster declares an attack: You can detach 1 Xyz Material from this card; negate the attack, and if you negated an Xyz Monster's attack, this card gains ATK equal to that monster's Rank x 500."
79016,Number 39: Utopia Roots,Number 39 Utopia Roots,https://tcgplayer-cdn.tcgplayer.com/product/79016_200w.jpg,2,1286,https://cpt.tcgcsv.com/lDF,2014-03-25T20:24:53.35,1,0.59,0.8,2.14,0.72,,1st Edition,LVAL-EN048,Rare,LIGHT,Warior,Xyz/Effect Monster,500,100,"2 Level 1 monsters // When any player's monster declares an attack: You can detach 1 Xyz Material from this card; negate the attack, and if you negated an Xyz Monster's attack, this card gains ATK equal to that monster's Rank x 500."
79017,Number C69: Heraldry Crest of Horror,Number C69 Heraldry Crest of Horror,https://tcgplayer-cdn.tcgplayer.com/product/79017_200w.jpg,2,1286,https://cpt.tcgcsv.com/mDF,2014-03-25T20:23:19.323,1,0.24,0.68,1.49,0.52,,Unlimited,LVAL-EN049,Rare,LIGHT,Psychic,Xyz/Effect Monster,4000,1800,"4 Level 5 monsters // When an opponent's monster declares an attack: You can destroy all cards your opponent controls. If this card has ""Number 69: Heraldry Crest"" as an Xyz Material, it gains this effect. // * Once per turn: You can detach 1 Xyz Material from this card, then target 1 face-up Xyz Monster your opponent controls; this card gains ATK equal to that face-up monster's original ATK, and if it gains ATK this way, this card's name becomes that monster's, and it gains that monster's original effect. These effects last until the End Phase."
79017,Number C69: Heraldry Crest of Horror,Number C69 Heraldry Crest of Horror,https://tcgplayer-cdn.tcgplayer.com/product/79017_200w.jpg,2,1286,https://cpt.tcgcsv.com/mDF,2014-03-25T20:23:19.323,1,0.28,0.63,2.74,0.59,,1st Edition,LVAL-EN049,Rare,LIGHT,Psychic,Xyz/Effect Monster,4000,1800,"4 Level 5 monsters // When an opponent's monster declares an attack: You can destroy all cards your opponent controls. If this card has ""Number 69: Heraldry Crest"" as an Xyz Material, it gains this effect. // * Once per turn: You can detach 1 Xyz Material from this card, then target 1 face-up Xyz Monster your opponent controls; this card gains ATK equal to that face-up monster's original ATK, and if it gains ATK this way, this card's name becomes that monster's, and it gains that monster's original effect. These effects last until the End Phase."
79018,Number C92: Heart-eartH Chaos Dragon,Number C92 Heart eartH Chaos Dragon,https://tcgplayer-cdn.tcgplayer.com/product/79018_200w.jpg,2,1286,https://cpt.tcgcsv.com/nDF,2014-03-25T20:22:56.713,1,0.04,0.35,1.23,0.36,,Unlimited,LVAL-EN050,Rare,DARK,Dragon,Xyz/Effect Monster,1000,0,"4 Level 10 monsters // Cannot be destroyed by battle. When a monster you control inflicts battle damage to your opponent: You gain Life Points equal to the damage they took. If this card has ""Number 92: Heart-eartH Dragon"" as an Xyz Material, it gains this effect. // * Once per turn: You can detach 1 Xyz Material from this card; negate the effects of all face-up cards your opponent currently controls, until the end of this turn. This activation and effect cannot be negated."
79018,Number C92: Heart-eartH Chaos Dragon,Number C92 Heart eartH Chaos Dragon,https://tcgplayer-cdn.tcgplayer.com/product/79018_200w.jpg,2,1286,https://cpt.tcgcsv.com/nDF,2014-03-25T20:22:56.713,1,0.05,0.4,1.5,0.12,,1st Edition,LVAL-EN050,Rare,DARK,Dragon,Xyz/Effect Monster,1000,0,"4 Level 10 monsters // Cannot be destroyed by battle. When a monster you control inflicts battle damage to your opponent: You gain Life Points equal to the damage they took. If this card has ""Number 92: Heart-eartH Dragon"" as an Xyz Material, it gains this effect. // * Once per turn: You can detach 1 Xyz Material from this card; negate the effects of all face-up cards your opponent currently controls, until the end of this turn. This activation and effect cannot be negated."
79019,Gorgonic Guardian,Gorgonic Guardian,https://tcgplayer-cdn.tcgplayer.com/product/79019_200w.jpg,2,1286,https://cpt.tcgcsv.com/pDF,2018-06-18T11:30:29.047,1,0.05,0.25,1.41,0.13,,Unlimited,LVAL-EN051,Common,DARK,Rock,Xyz/Effect Monster,1600,1200,"2 Level 3 Rock-Type monsters // Once per turn, during either player’s turn: You can detach 1 Xyz Material from this card, then target 1 face-up monster your opponent controls; its ATK becomes 0, and if it does, its effects are negated. These effects last until the end of this turn. Once per turn: You can target 1 monster on the field with 0 ATK; destroy it."
79019,Gorgonic Guardian,Gorgonic Guardian,https://tcgplayer-cdn.tcgplayer.com/product/79019_200w.jpg,2,1286,https://cpt.tcgcsv.com/pDF,2018-06-18T11:30:29.047,1,0.05,0.25,1.49,0.16,,1st Edition,LVAL-EN051,Common,DARK,Rock,Xyz/Effect Monster,1600,1200,"2 Level 3 Rock-Type monsters // Once per turn, during either player’s turn: You can detach 1 Xyz Material from this card, then target 1 face-up monster your opponent controls; its ATK becomes 0, and if it does, its effects are negated. These effects last until the end of this turn. Once per turn: You can target 1 monster on the field with 0 ATK; destroy it."
79020,"Alsei, the Sylvan High Protector",Alsei the Sylvan High Protector,https://tcgplayer-cdn.tcgplayer.com/product/79020_200w.jpg,2,1286,https://cpt.tcgcsv.com/qDF,2014-03-25T19:59:49.98,1,0.89,1.34,13.99,1.05,,Unlimited,LVAL-EN052,Ultra Rare,LIGHT,Plant,Xyz/Effect Monster,2300,3200,"2 Level 8 monsters // Once per turn: You can declare 1 card name; excavate the top card of your Deck, and if it is the declared card, add it to your hand. Otherwise, send it to the Graveyard. If a card is sent from your Deck to the Graveyard by a card effect (except during the Damage Step): You can detach 1 Xyz Material from this card, then target 1 card on the field; place that target on either the top or bottom of the Deck. You can only use this effect of ""Alsei, the Sylvan High Protector"" once per turn."
79020,"Alsei, the Sylvan High Protector",Alsei the Sylvan High Protector,https://tcgplayer-cdn.tcgplayer.com/product/79020_200w.jpg,2,1286,https://cpt.tcgcsv.com/qDF,2014-03-25T19:59:49.98,1,1.12,2.52,13.99,2.33,,1st Edition,LVAL-EN052,Ultra Rare,LIGHT,Plant,Xyz/Effect Monster,2300,3200,"2 Level 8 monsters // Once per turn: You can declare 1 card name; excavate the top card of your Deck, and if it is the declared card, add it to your hand. Otherwise, send it to the Graveyard. If a card is sent from your Deck to the Graveyard by a card effect (except during the Damage Step): You can detach 1 Xyz Material from this card, then target 1 card on the field; place that target on either the top or bottom of the Deck. You can only use this effect of ""Alsei, the Sylvan High Protector"" once per turn."
79021,Ghostrick Dullahan,Ghostrick Dullahan,https://tcgplayer-cdn.tcgplayer.com/product/79021_200w.jpg,2,1286,https://cpt.tcgcsv.com/rDF,2014-03-25T20:14:29.19,1,0.1,0.49,3.0,0.48,,Unlimited,LVAL-EN053,Rare,DARK,Fiend,Xyz/Effect Monster,1000,1,"2 Level 1 monsters // This card gains 200 ATK for each ""Ghostrick"" card you control. Once per turn, during either player’s turn: You can detach 1 Xyz Material from this card, then target 1 face-up monster on the field; halve that monster's ATK until the End Phase. If this card is sent to the Graveyard: You can target 1 other ""Ghostrick"" card in your Graveyard; add that target to your hand."
79021,Ghostrick Dullahan,Ghostrick Dullahan,https://tcgplayer-cdn.tcgplayer.com/product/79021_200w.jpg,2,1286,https://cpt.tcgcsv.com/rDF,2014-03-25T20:14:29.19,1,0.1,0.49,4.8,0.28,,1st Edition,LVAL-EN053,Rare,DARK,Fiend,Xyz/Effect Monster,1000,1,"2 Level 1 monsters // This card gains 200 ATK for each ""Ghostrick"" card you control. Once per turn, during either player’s turn: You can detach 1 Xyz Material from this card, then target 1 face-up monster on the field; halve that monster's ATK until the End Phase. If this card is sent to the Graveyard: You can target 1 other ""Ghostrick"" card in your Graveyard; add that target to your hand."
79022,Bujintei Tsukuyomi,Bujintei Tsukuyomi,https://tcgplayer-cdn.tcgplayer.com/product/79022_200w.jpg,2,1286,https://cpt.tcgcsv.com/sDF,2014-03-25T20:07:39.223,1,0.25,1.0,6.95,0.71,,Unlimited,LVAL-EN054,Ultra Rare,LIGHT,Beast-Warrior,Xyz/Effect Monster,1800,2300,"2 Level 4 LIGHT monsters // Once per turn: You can detach 1 Xyz Material from this card; send all the cards in your hand to the Graveyard (min. 1), then draw 2 cards. When this card with Xyz Material leaves the field because of an opponent's card effect: You can target a number of Level 4 ""Bujin"" Beast-Warrior-Type monsters in your Graveyard, up to the number of Xyz Materials that were attached to this card; Special Summon those targets. You can only control 1 ""Bujintei Tsukuyomi""."
79022,Bujintei Tsukuyomi,Bujintei Tsukuyomi,https://tcgplayer-cdn.tcgplayer.com/product/79022_200w.jpg,2,1286,https://cpt.tcgcsv.com/sDF,2014-03-25T20:07:39.223,1,0.25,0.7,10.0,0.61,,1st Edition,LVAL-EN054,Ultra Rare,LIGHT,Beast-Warrior,Xyz/Effect Monster,1800,2300,"2 Level 4 LIGHT monsters // Once per turn: You can detach 1 Xyz Material from this card; send all the cards in your hand to the Graveyard (min. 1), then draw 2 cards. When this card with Xyz Material leaves the field because of an opponent's card effect: You can target a number of Level 4 ""Bujin"" Beast-Warrior-Type monsters in your Graveyard, up to the number of Xyz Materials that were attached to this card; Special Summon those targets. You can only control 1 ""Bujintei Tsukuyomi""."
79023,Fairy Knight Ingunar,Fairy Knight Ingunar,https://tcgplayer-cdn.tcgplayer.com/product/79023_200w.jpg,2,1286,https://cpt.tcgcsv.com/tDF,2014-03-25T20:14:08.177,1,0.42,1.0,5.49,0.51,,Unlimited,LVAL-EN055,Super Rare,EARTH,Plant,Xyz/Effect Monster,2200,3000,3 Level 6 monsters // Once per turn: You can detach 2 Xyz Materials from this card; return all other cards on the field to the hand. Your opponent cannot activate cards or effects in response to this effect’s activation.
79023,Fairy Knight Ingunar,Fairy Knight Ingunar,https://tcgplayer-cdn.tcgplayer.com/product/79023_200w.jpg,2,1286,https://cpt.tcgcsv.com/tDF,2014-03-25T20:14:08.177,1,0.25,1.71,10.0,0.52,,1st Edition,LVAL-EN055,Super Rare,EARTH,Plant,Xyz/Effect Monster,2200,3000,3 Level 6 monsters // Once per turn: You can detach 2 Xyz Materials from this card; return all other cards on the field to the hand. Your opponent cannot activate cards or effects in response to this effect’s activation.
79024,Evilswarm Exciton Knight,Evilswarm Exciton Knight,https://tcgplayer-cdn.tcgplayer.com/product/79024_200w.jpg,2,1286,https://cpt.tcgcsv.com/vDF,2014-03-25T20:13:35.737,1,9.0,19.89,30.0,4.9,,Unlimited,LVAL-EN056,Secret Rare,LIGHT,Fiend,Xyz/Effect Monster,1900,0,"2 Level 4 monsters // Once per chain, during your Main Phase or your opponent's Battle Phase, if your opponent has more total cards in their hand and their side of the field than you do: You can detach 1 Xyz Material from this card; destroy all other cards on the field, also your opponent takes no further damage this turn (this is a Quick Effect)."
79024,Evilswarm Exciton Knight,Evilswarm Exciton Knight,https://tcgplayer-cdn.tcgplayer.com/product/79024_200w.jpg,2,1286,https://cpt.tcgcsv.com/vDF,2014-03-25T20:13:35.737,1,14.03,22.88,65.0,7.98,,1st Edition,LVAL-EN056,Secret Rare,LIGHT,Fiend,Xyz/Effect Monster,1900,0,"2 Level 4 monsters // Once per chain, during your Main Phase or your opponent's Battle Phase, if your opponent has more total cards in their hand and their side of the field than you do: You can detach 1 Xyz Material from this card; destroy all other cards on the field, also your opponent takes no further damage this turn (this is a Quick Effect)."
79025,Downerd Magician,Downerd Magician,https://tcgplayer-cdn.tcgplayer.com/product/79025_200w.jpg,2,1286,https://cpt.tcgcsv.com/wDF,2014-03-25T20:12:41.357,1,0.49,2.93,11.0,3.76,,Unlimited,LVAL-EN057,Secret Rare,DARK,Spellcaster,Xyz/Effect Monster,2100,200,"2 Level 4 Spellcaster-Type monsters // During your Main Phase 2, you can also Xyz Summon this card by using a Rank 3 or lower Xyz Monster you control as the Xyz Material. (Xyz Materials attached to that monster also become Xyz Materials on this card.) This card gains 200 ATK for each Xyz Material attached to it. If this card attacks a Defense Position monster, inflict piercing battle damage to your opponent. If this card attacks or is attacked, after damage calculation: Detach 1 Xyz Material from this card."
79025,Downerd Magician,Downerd Magician,https://tcgplayer-cdn.tcgplayer.com/product/79025_200w.jpg,2,1286,https://cpt.tcgcsv.com/wDF,2014-03-25T20:12:41.357,1,1.9,4.99,27.6,4.67,,1st Edition,LVAL-EN057,Secret Rare,DARK,Spellcaster,Xyz/Effect Monster,2100,200,"2 Level 4 Spellcaster-Type monsters // During your Main Phase 2, you can also Xyz Summon this card by using a Rank 3 or lower Xyz Monster you control as the Xyz Material. (Xyz Materials attached to that monster also become Xyz Materials on this card.) This card gains 200 ATK for each Xyz Material attached to it. If this card attacks a Defense Position monster, inflict piercing battle damage to your opponent. If this card attacks or is attacked, after damage calculation: Detach 1 Xyz Material from this card."
79026,"Leo, the Keeper of the Sacred Tree",Leo the Keeper of the Sacred Tree,https://tcgplayer-cdn.tcgplayer.com/product/79026_200w.jpg,2,1286,https://cpt.tcgcsv.com/xDF,2014-03-25T20:28:49.22,0,0.14,0.49,1.49,0.4,,Unlimited,LVAL-EN058,Rare,EARTH,,Synchro/Effect Monster,3100,1900,"1 Tuner + 1 or more non-Tuner monsters // This face-up card on the field cannot be targeted by your opponent's card effects, except during your Main Phase 2."
79026,"Leo, the Keeper of the Sacred Tree",Leo the Keeper of the Sacred Tree,https://tcgplayer-cdn.tcgplayer.com/product/79026_200w.jpg,2,1286,https://cpt.tcgcsv.com/xDF,2014-03-25T20:28:49.22,0,0.08,0.49,3.0,0.35,,1st Edition,LVAL-EN058,Rare,EARTH,,Synchro/Effect Monster,3100,1900,"1 Tuner + 1 or more non-Tuner monsters // This face-up card on the field cannot be targeted by your opponent's card effects, except during your Main Phase 2."
79027,Rank-Up-Magic Astral Force,Rank Up Magic Astral Force,https://tcgplayer-cdn.tcgplayer.com/product/79027_200w.jpg,2,1286,https://cpt.tcgcsv.com/zDF,2014-03-25T20:16:29.983,1,0.25,0.75,4.97,0.4,,Unlimited,LVAL-EN059,Ultra Rare,SPELL,,Normal Spell,,,"Target the 1 Xyz Monster you control with the highest Rank (your choice, if tied); Special Summon from your Extra Deck, 1 monster with the same Type and Attribute as that monster you control but 2 Ranks higher, by using it as the Xyz Material. (This Special Summon is treated as an Xyz Summon. Xyz Materials attached to it also become Xyz Materials on the Summoned monster.) During your Draw Phase, if this card is in your Graveyard, instead of conducting your normal draw: You can add this card from your Graveyard to your hand. You cannot Special Summon during the turn you activate this effect, except by the effect of ""Rank-Up-Magic Astral Force""."
79027,Rank-Up-Magic Astral Force,Rank Up Magic Astral Force,https://tcgplayer-cdn.tcgplayer.com/product/79027_200w.jpg,2,1286,https://cpt.tcgcsv.com/zDF,2014-03-25T20:16:29.983,1,0.16,0.75,5.0,0.39,,1st Edition,LVAL-EN059,Ultra Rare,SPELL,,Normal Spell,,,"Target the 1 Xyz Monster you control with the highest Rank (your choice, if tied); Special Summon from your Extra Deck, 1 monster with the same Type and Attribute as that monster you control but 2 Ranks higher, by using it as the Xyz Material. (This Special Summon is treated as an Xyz Summon. Xyz Materials attached to it also become Xyz Materials on the Summoned monster.) During your Draw Phase, if this card is in your Graveyard, instead of conducting your normal draw: You can add this card from your Graveyard to your hand. You cannot Special Summon during the turn you activate this effect, except by the effect of ""Rank-Up-Magic Astral Force""."
79028,Rank-Down-Magic Numeron Fall,Rank Down Magic Numeron Fall,https://tcgplayer-cdn.tcgplayer.com/product/79028_200w.jpg,2,1286,https://cpt.tcgcsv.com/BDF,2014-03-25T20:17:27.01,1,0.12,0.3,1.0,0.26,,Unlimited,LVAL-EN060,Rare,SPELL,,Normal Spell,,,"Target 1 ""Utopia"" monster you control; Special Summon from your Extra Deck, 1 ""Utopia"" monster with a lower Rank than that monster you control, by using it as the Xyz Material. (This Special Summon is treated as an Xyz Summon. Xyz Materials attached to it also become Xyz Materials on the Summoned monster.) The monster Xyz Summoned by this effect gains this effect. // * If this card attacks, or is attacked by an opponent's monster, the opponent's monster's effects are negated during the Battle Phase only."
79028,Rank-Down-Magic Numeron Fall,Rank Down Magic Numeron Fall,https://tcgplayer-cdn.tcgplayer.com/product/79028_200w.jpg,2,1286,https://cpt.tcgcsv.com/BDF,2014-03-25T20:17:27.01,1,0.18,0.3,1.51,0.27,,1st Edition,LVAL-EN060,Rare,SPELL,,Normal Spell,,,"Target 1 ""Utopia"" monster you control; Special Summon from your Extra Deck, 1 ""Utopia"" monster with a lower Rank than that monster you control, by using it as the Xyz Material. (This Special Summon is treated as an Xyz Summon. Xyz Materials attached to it also become Xyz Materials on the Summoned monster.) The monster Xyz Summoned by this effect gains this effect. // * If this card attacks, or is attacked by an opponent's monster, the opponent's monster's effects are negated during the Battle Phase only."
79029,Xyz Shift,Xyz Shift,https://tcgplayer-cdn.tcgplayer.com/product/79029_200w.jpg,2,1286,https://cpt.tcgcsv.com/CDF,2014-03-25T20:03:46.08,1,0.01,0.22,1.0,0.19,,Unlimited,LVAL-EN061,Common,SPELL,,Normal Spell,,,"Tribute 1 Xyz Monster; Special Summon from your Extra Deck, 1 monster with the same Type, Attribute, and Rank as that Tributed monster had on the field, but with a different name, and if you do, attach this card to it as an Xyz Material. During the End Phase, send it to the Graveyard. You can only activate 1 ""Xyz Shift"" per turn."
79029,Xyz Shift,Xyz Shift,https://tcgplayer-cdn.tcgplayer.com/product/79029_200w.jpg,2,1286,https://cpt.tcgcsv.com/CDF,2014-03-25T20:03:46.08,1,0.01,0.25,6.15,0.29,,1st Edition,LVAL-EN061,Common,SPELL,,Normal Spell,,,"Tribute 1 Xyz Monster; Special Summon from your Extra Deck, 1 monster with the same Type, Attribute, and Rank as that Tributed monster had on the field, but with a different name, and if you do, attach this card to it as an Xyz Material. During the End Phase, send it to the Graveyard. You can only activate 1 ""Xyz Shift"" per turn."
79030,Luminous Dragon Ritual,Luminous Dragon Ritual,https://tcgplayer-cdn.tcgplayer.com/product/79030_200w.jpg,2,1286,https://cpt.tcgcsv.com/DDF,2014-03-25T20:29:14.613,1,0.05,0.23,0.88,0.13,,Unlimited,LVAL-EN062,Common,SPELL,,Normal Spell,,,"This card is used to Ritual Summon ""Paladin of Photon Dragon"". You must also Tribute monsters from your hand or field whose total Levels equal exactly 4. You can banish this card from your Graveyard; banish monsters from your Graveyard whose total Levels equal exactly 4, and Special Summon 1 ""Paladin of Photon Dragon"" from your hand after that. (This Special Summon is treated as a Ritual Summon.)"
79030,Luminous Dragon Ritual,Luminous Dragon Ritual,https://tcgplayer-cdn.tcgplayer.com/product/79030_200w.jpg,2,1286,https://cpt.tcgcsv.com/DDF,2014-03-25T20:29:14.613,1,0.17,0.25,1.49,0.26,,1st Edition,LVAL-EN062,Common,SPELL,,Normal Spell,,,"This card is used to Ritual Summon ""Paladin of Photon Dragon"". You must also Tribute monsters from your hand or field whose total Levels equal exactly 4. You can banish this card from your Graveyard; banish monsters from your Graveyard whose total Levels equal exactly 4, and Special Summon 1 ""Paladin of Photon Dragon"" from your hand after that. (This Special Summon is treated as a Ritual Summon.)"
79031,Mount Sylvania,Mount Sylvania,https://tcgplayer-cdn.tcgplayer.com/product/79031_200w.jpg,2,1286,https://cpt.tcgcsv.com/FDF,2014-06-27T02:02:13.893,1,0.48,0.99,2.95,0.92,,Unlimited,LVAL-EN063,Super Rare,SPELL,,Normal Spell,,,"You can send 1 Plant-Type monster from your hand or face-up from your side of the field to the Graveyard; choose 1 ""Sylvan"" card from your Deck and place it on top of the Deck. You can only use this effect of ""Mount Sylvania"" once per turn. Once per turn, during your opponent's End Phase: You can excavate the top card of your Deck, and if it is a Plant-Type monster, send it to the Graveyard. Otherwise, place it on either the top or bottom of your Deck."
79031,Mount Sylvania,Mount Sylvania,https://tcgplayer-cdn.tcgplayer.com/product/79031_200w.jpg,2,1286,https://cpt.tcgcsv.com/FDF,2014-06-27T02:02:13.893,1,0.8,1.21,10.0,1.21,,1st Edition,LVAL-EN063,Super Rare,SPELL,,Normal Spell,,,"You can send 1 Plant-Type monster from your hand or face-up from your side of the field to the Graveyard; choose 1 ""Sylvan"" card from your Deck and place it on top of the Deck. You can only use this effect of ""Mount Sylvania"" once per turn. Once per turn, during your opponent's End Phase: You can excavate the top card of your Deck, and if it is a Plant-Type monster, send it to the Graveyard. Otherwise, place it on either the top or bottom of your Deck."
79032,Ghostrick Museum,Ghostrick Museum,https://tcgplayer-cdn.tcgplayer.com/product/79032_200w.jpg,2,1286,https://cpt.tcgcsv.com/GDF,2014-03-25T20:17:11.187,1,0.2,0.32,1.51,0.25,,Unlimited,LVAL-EN064,Common,SPELL,,Normal Spell,,,"Monsters you control, except ""Ghostrick"" monsters cannot attack. Monsters cannot attack face-down Defense Position monsters, but can attack directly if all monsters their opponent controls are face-down Defense Position. At the end of the Damage Step, change any monster that inflicted battle damage to a player during this battle to face-down Defense Position."
79032,Ghostrick Museum,Ghostrick Museum,https://tcgplayer-cdn.tcgplayer.com/product/79032_200w.jpg,2,1286,https://cpt.tcgcsv.com/GDF,2014-03-25T20:17:11.187,1,0.21,0.39,2.06,0.34,,1st Edition,LVAL-EN064,Common,SPELL,,Normal Spell,,,"Monsters you control, except ""Ghostrick"" monsters cannot attack. Monsters cannot attack face-down Defense Position monsters, but can attack directly if all monsters their opponent controls are face-down Defense Position. At the end of the Damage Step, change any monster that inflicted battle damage to a player during this battle to face-down Defense Position."
79033,Bujinunity,Bujinunity,https://tcgplayer-cdn.tcgplayer.com/product/79033_200w.jpg,2,1286,https://cpt.tcgcsv.com/HDF,2014-03-25T20:09:10.203,1,0.01,0.22,1.0,0.15,,Unlimited,LVAL-EN065,Rare,SPELL,,Normal Spell,,,"If you control no other cards: Shuffle all Beast-Warrior-Type ""Bujin"" monsters from your Graveyard into the Deck (min.1) and discard all cards in your hand (min.1), then you can add 3 Beast-Warrior-Type ""Bujin"" monsters with different names from your Deck to your hand. You can only activate 1 ""Bujinsurrection"" per turn."
79033,Bujinunity,Bujinunity,https://tcgplayer-cdn.tcgplayer.com/product/79033_200w.jpg,2,1286,https://cpt.tcgcsv.com/HDF,2014-03-25T20:09:10.203,1,0.02,0.25,1.0,0.11,,1st Edition,LVAL-EN065,Rare,SPELL,,Normal Spell,,,"If you control no other cards: Shuffle all Beast-Warrior-Type ""Bujin"" monsters from your Graveyard into the Deck (min.1) and discard all cards in your hand (min.1), then you can add 3 Beast-Warrior-Type ""Bujin"" monsters with different names from your Deck to your hand. You can only activate 1 ""Bujinsurrection"" per turn."
79034,Hidden Temples of Necrovalley,Hidden Temples of Necrovalley,https://tcgplayer-cdn.tcgplayer.com/product/79034_200w.jpg,2,1286,https://cpt.tcgcsv.com/JDF,2014-03-25T20:26:58.45,1,0.13,0.47,3.0,0.26,,Unlimited,LVAL-EN066,Rare,SPELL,,Normal Spell,,,"Activate only if both a ""Gravekeeper's"" monster and ""Necrovalley"" are on the field. Neither player can Special Summon monsters, except ""Gravekeeper's"" monsters. If either a ""Gravekeeper's"" monster or ""Necrovalley"" is not on the field, destroy this card."
79034,Hidden Temples of Necrovalley,Hidden Temples of Necrovalley,https://tcgplayer-cdn.tcgplayer.com/product/79034_200w.jpg,2,1286,https://cpt.tcgcsv.com/JDF,2014-03-25T20:26:58.45,1,0.11,0.4,2.99,0.36,,1st Edition,LVAL-EN066,Rare,SPELL,,Normal Spell,,,"Activate only if both a ""Gravekeeper's"" monster and ""Necrovalley"" are on the field. Neither player can Special Summon monsters, except ""Gravekeeper's"" monsters. If either a ""Gravekeeper's"" monster or ""Necrovalley"" is not on the field, destroy this card."
79035,Onomatopaira,Onomatopaira,https://tcgplayer-cdn.tcgplayer.com/product/79035_200w.jpg,2,1286,https://cpt.tcgcsv.com/KDF,2014-03-25T20:21:22.093,1,0.21,0.55,13.89,0.49,,Unlimited,LVAL-EN067,Rare,SPELL,,Normal Spell,,,"You can only activate 1 ""Onomatopaira"" per turn. Send 1 card from your hand to the Graveyard; add up to 2 of these monsters from your Deck to your hand (you cannot add 2 from the same category) // * 1 ""Zubaba"" monster // * 1 ""Gagaga"" monster // * 1 ""Gogogo"" monster // * 1 ""Dododo"" monster"
79035,Onomatopaira,Onomatopaira,https://tcgplayer-cdn.tcgplayer.com/product/79035_200w.jpg,2,1286,https://cpt.tcgcsv.com/KDF,2014-03-25T20:21:22.093,1,0.2,0.82,2.5,0.96,,1st Edition,LVAL-EN067,Rare,SPELL,,Normal Spell,,,"You can only activate 1 ""Onomatopaira"" per turn. Send 1 card from your hand to the Graveyard; add up to 2 of these monsters from your Deck to your hand (you cannot add 2 from the same category) // * 1 ""Zubaba"" monster // * 1 ""Gagaga"" monster // * 1 ""Gogogo"" monster // * 1 ""Dododo"" monster"
79036,Xyz Override,Xyz Override,https://tcgplayer-cdn.tcgplayer.com/product/79036_200w.jpg,2,1286,https://cpt.tcgcsv.com/LDF,2014-03-25T20:04:08.27,1,0.09,0.23,1.0,0.12,,Unlimited,LVAL-EN068,Common,SPELL,,Normal Spell,,,"If a face-up Xyz Monster's Xyz Material(s) would be detached to activate a card or effect, its controller can banish 1 card from their hand, face-down, instead of detaching 1 of those Xyz Materials. Both players can only use this effect once per turn."
79036,Xyz Override,Xyz Override,https://tcgplayer-cdn.tcgplayer.com/product/79036_200w.jpg,2,1286,https://cpt.tcgcsv.com/LDF,2014-03-25T20:04:08.27,1,0.09,0.25,1.41,0.21,,1st Edition,LVAL-EN068,Common,SPELL,,Normal Spell,,,"If a face-up Xyz Monster's Xyz Material(s) would be detached to activate a card or effect, its controller can banish 1 card from their hand, face-down, instead of detaching 1 of those Xyz Materials. Both players can only use this effect once per turn."
79037,Stand-Off,Stand Off,https://tcgplayer-cdn.tcgplayer.com/product/79037_200w.jpg,2,1286,https://cpt.tcgcsv.com/MDF,2014-03-25T20:12:36.71,1,0.05,0.25,0.98,0.24,,Unlimited,LVAL-EN069,Common,SPELL,,Normal Spell,,,"Target 1 face-up Attack Position Effect Monster you control and 1 face-up Attack Position Effect Monster your opponent controls; negate both monsters' effects. While both of those monsters remain in face-up Attack Position, they cannot attack, they cannot be destroyed by battle, they cannot change their battle positions, also they are unaffected by other card effects."
79037,Stand-Off,Stand Off,https://tcgplayer-cdn.tcgplayer.com/product/79037_200w.jpg,2,1286,https://cpt.tcgcsv.com/MDF,2014-03-25T20:12:36.71,1,0.09,0.25,1.39,0.13,,1st Edition,LVAL-EN069,Common,SPELL,,Normal Spell,,,"Target 1 face-up Attack Position Effect Monster you control and 1 face-up Attack Position Effect Monster your opponent controls; negate both monsters' effects. While both of those monsters remain in face-up Attack Position, they cannot attack, they cannot be destroyed by battle, they cannot change their battle positions, also they are unaffected by other card effects."
79038,Shared Ride,Shared Ride,https://tcgplayer-cdn.tcgplayer.com/product/79038_200w.jpg,2,1286,https://cpt.tcgcsv.com/NDF,2014-03-25T20:14:51.34,1,4.25,11.99,22.94,6.39,,Unlimited,LVAL-EN070,Secret Rare,SPELL,,Normal Spell,,,"After this card resolves, each time your opponent adds a card(s) from their Deck or Graveyard to their hand this turn, except by drawing them, you immediately draw 1 card. You can only activate 1 ""Shared Ride"" per turn."
79038,Shared Ride,Shared Ride,https://tcgplayer-cdn.tcgplayer.com/product/79038_200w.jpg,2,1286,https://cpt.tcgcsv.com/NDF,2014-03-25T20:14:51.34,1,8.3,9.98,35.0,13.41,,1st Edition,LVAL-EN070,Secret Rare,SPELL,,Normal Spell,,,"After this card resolves, each time your opponent adds a card(s) from their Deck or Graveyard to their hand this turn, except by drawing them, you immediately draw 1 card. You can only activate 1 ""Shared Ride"" per turn."
79039,"Release, Reverse, Burst",Release Reverse Burst,https://tcgplayer-cdn.tcgplayer.com/product/79039_200w.jpg,2,1286,https://cpt.tcgcsv.com/PDF,2014-03-25T20:15:36.61,1,0.05,0.25,1.0,0.08,,Unlimited,LVAL-EN071,Common,TRAP,,Normal Trap,,,"Tribute 1 ""Utopia"" monster; destroy all Set Spell and Trap Cards your opponent controls."
79039,"Release, Reverse, Burst",Release Reverse Burst,https://tcgplayer-cdn.tcgplayer.com/product/79039_200w.jpg,2,1286,https://cpt.tcgcsv.com/PDF,2014-03-25T20:15:36.61,1,0.05,0.23,1.49,0.12,,1st Edition,LVAL-EN071,Common,TRAP,,Normal Trap,,,"Tribute 1 ""Utopia"" monster; destroy all Set Spell and Trap Cards your opponent controls."
79040,Purge Ray,Purge Ray,https://tcgplayer-cdn.tcgplayer.com/product/79040_200w.jpg,2,1286,https://cpt.tcgcsv.com/QDF,2014-03-25T20:18:40.457,1,0.01,0.21,1.0,0.12,,Unlimited,LVAL-EN072,Common,TRAP,,Normal Trap,,,"Tribute 1 Xyz Monster; during the End Phase of this turn, Special Summon 1 ""Number"" monster from your Extra Deck with the same Type as the monster Tributed to activate this card, but 1 Rank lower."
79040,Purge Ray,Purge Ray,https://tcgplayer-cdn.tcgplayer.com/product/79040_200w.jpg,2,1286,https://cpt.tcgcsv.com/QDF,2014-03-25T20:18:40.457,1,0.01,0.23,1.49,0.1,,1st Edition,LVAL-EN072,Common,TRAP,,Normal Trap,,,"Tribute 1 Xyz Monster; during the End Phase of this turn, Special Summon 1 ""Number"" monster from your Extra Deck with the same Type as the monster Tributed to activate this card, but 1 Rank lower."
79041,Sylvan Blessing,Sylvan Blessing,https://tcgplayer-cdn.tcgplayer.com/product/79041_200w.jpg,2,1286,https://cpt.tcgcsv.com/RDF,2014-03-25T20:10:34.397,1,0.08,0.25,1.0,0.08,,Unlimited,LVAL-EN073,Common,TRAP,,Normal Trap,,,"Place 1 card from your hand on either the top or bottom of the Deck, and if you do, Special Summon 1 ""Sylvan"" monster from your hand or Graveyard. It is unaffected by other card effects this turn. Place it on either the top or bottom of the Deck during the End Phase."
79041,Sylvan Blessing,Sylvan Blessing,https://tcgplayer-cdn.tcgplayer.com/product/79041_200w.jpg,2,1286,https://cpt.tcgcsv.com/RDF,2014-03-25T20:10:34.397,1,0.05,0.25,1.49,0.15,,1st Edition,LVAL-EN073,Common,TRAP,,Normal Trap,,,"Place 1 card from your hand on either the top or bottom of the Deck, and if you do, Special Summon 1 ""Sylvan"" monster from your hand or Graveyard. It is unaffected by other card effects this turn. Place it on either the top or bottom of the Deck during the End Phase."
79042,Ghostrick-Go-Round,Ghostrick Go Round,https://tcgplayer-cdn.tcgplayer.com/product/79042_200w.jpg,2,1286,https://cpt.tcgcsv.com/SDF,2014-03-25T20:20:56.333,1,0.5,0.99,3.97,0.73,,Unlimited,LVAL-EN074,Rare,TRAP,,Normal Trap,,,"Once per turn, during the Battle Phase: You can activate 1 of these effects. // * Target 1 ""Ghostrick"" monster you control; change it to face-down Defense Position and change 1 face-down Defense Position monster your opponent controls into face-up Attack Position. // * Target 1 face-down Defense Position monster you control; change it to face-up Attack Position, and if you changed the battle position of a “Ghostrick” monster this way, change 1 face-up monster your opponent controls to face-down Defense Position."
79042,Ghostrick-Go-Round,Ghostrick Go Round,https://tcgplayer-cdn.tcgplayer.com/product/79042_200w.jpg,2,1286,https://cpt.tcgcsv.com/SDF,2014-03-25T20:20:56.333,1,0.55,0.99,4.99,0.8,,1st Edition,LVAL-EN074,Rare,TRAP,,Normal Trap,,,"Once per turn, during the Battle Phase: You can activate 1 of these effects. // * Target 1 ""Ghostrick"" monster you control; change it to face-down Defense Position and change 1 face-down Defense Position monster your opponent controls into face-up Attack Position. // * Target 1 face-down Defense Position monster you control; change it to face-up Attack Position, and if you changed the battle position of a “Ghostrick” monster this way, change 1 face-up monster your opponent controls to face-down Defense Position."
79043,Bujin Regalia - The Jewel,Bujin Regalia The Jewel,https://tcgplayer-cdn.tcgplayer.com/product/79043_200w.jpg,2,1286,https://cpt.tcgcsv.com/TDF,2014-03-25T20:01:38.863,1,0.01,0.25,1.0,0.12,,Unlimited,LVAL-EN075,Common,TRAP,,Normal Trap,,,"Target 1 Rank 4 Xyz Monster you control; equip this card to that target. It gains 300 ATK for each Xyz Material attached to it. Once per turn: You can attach 1 ""Bujin"" monster from your hand to the equipped monster as an Xyz Material."
79043,Bujin Regalia - The Jewel,Bujin Regalia The Jewel,https://tcgplayer-cdn.tcgplayer.com/product/79043_200w.jpg,2,1286,https://cpt.tcgcsv.com/TDF,2014-03-25T20:01:38.863,1,0.08,0.25,1.49,0.1,,1st Edition,LVAL-EN075,Common,TRAP,,Normal Trap,,,"Target 1 Rank 4 Xyz Monster you control; equip this card to that target. It gains 300 ATK for each Xyz Material attached to it. Once per turn: You can attach 1 ""Bujin"" monster from your hand to the equipped monster as an Xyz Material."
79044,Imperial Tombs of Necrovalley,Imperial Tombs of Necrovalley,https://tcgplayer-cdn.tcgplayer.com/product/79044_200w.jpg,2,1286,https://cpt.tcgcsv.com/VDF,2014-03-25T20:27:18.223,1,0.5,0.99,2.49,0.99,,Unlimited,LVAL-EN076,Secret Rare,TRAP,,Normal Trap,,,"When a Spell Card, Trap Card, or monster effect is activated, while both a ""Gravekeeper's"" monster and ""Necrovalley"" are on the field: Negate the activation, and if you do, destroy it. You can only activate 1 ""Imperial Tombs of Necrovalley"" per turn."
79044,Imperial Tombs of Necrovalley,Imperial Tombs of Necrovalley,https://tcgplayer-cdn.tcgplayer.com/product/79044_200w.jpg,2,1286,https://cpt.tcgcsv.com/VDF,2014-03-25T20:27:18.223,1,1.25,2.04,7.04,1.91,,1st Edition,LVAL-EN076,Secret Rare,TRAP,,Normal Trap,,,"When a Spell Card, Trap Card, or monster effect is activated, while both a ""Gravekeeper's"" monster and ""Necrovalley"" are on the field: Negate the activation, and if you do, destroy it. You can only activate 1 ""Imperial Tombs of Necrovalley"" per turn."
79045,The Monarchs Awaken,The Monarchs Awaken,https://tcgplayer-cdn.tcgplayer.com/product/79045_200w.jpg,2,1286,https://cpt.tcgcsv.com/WDF,2014-03-25T20:05:30.683,1,0.01,0.23,1.0,0.16,,Unlimited,LVAL-EN077,Common,TRAP,,Normal Trap,,,"If you have no monsters in your Extra Deck: Target 1 face-up Tribute Summoned monster you control; its effects are negated, but it is unaffected by other card effects."
79045,The Monarchs Awaken,The Monarchs Awaken,https://tcgplayer-cdn.tcgplayer.com/product/79045_200w.jpg,2,1286,https://cpt.tcgcsv.com/WDF,2014-03-25T20:05:30.683,1,0.07,0.29,1.49,0.2,,1st Edition,LVAL-EN077,Common,TRAP,,Normal Trap,,,"If you have no monsters in your Extra Deck: Target 1 face-up Tribute Summoned monster you control; its effects are negated, but it is unaffected by other card effects."
79046,Skill Prisoner,Skill Prisoner,https://tcgplayer-cdn.tcgplayer.com/product/79046_200w.jpg,2,1286,https://cpt.tcgcsv.com/XDF,2014-03-25T20:13:22.79,1,0.22,0.49,1.82,0.26,,Unlimited,LVAL-EN078,Super Rare,TRAP,,Normal Trap,,,"Target 1 card you control; this turn, when any monster effect resolves that targeted that card at activation, negate that effect. During either player's turn, except the turn this card was sent to the Graveyard: You can banish this card from your Graveyard, then target 1 card you control; this turn, when any monster effect resolves that targeted that card at activation, negate that effect."
79046,Skill Prisoner,Skill Prisoner,https://tcgplayer-cdn.tcgplayer.com/product/79046_200w.jpg,2,1286,https://cpt.tcgcsv.com/XDF,2014-03-25T20:13:22.79,1,0.18,0.5,3.0,0.43,,1st Edition,LVAL-EN078,Super Rare,TRAP,,Normal Trap,,,"Target 1 card you control; this turn, when any monster effect resolves that targeted that card at activation, negate that effect. During either player's turn, except the turn this card was sent to the Graveyard: You can banish this card from your Graveyard, then target 1 card you control; this turn, when any monster effect resolves that targeted that card at activation, negate that effect."
79047,Oath of Companionship,Oath of Companionship,https://tcgplayer-cdn.tcgplayer.com/product/79047_200w.jpg,2,1286,https://cpt.tcgcsv.com/ZDF,2014-03-25T20:22:05.817,1,0.01,0.25,1.48,0.06,,Unlimited,LVAL-EN079,Rare,TRAP,,Normal Trap,,,If you control no monsters that were Special Summoned from the Extra Deck: Target 1 face-up monster your opponent controls that was Special Summoned from the Extra Deck; take control of that monster until the End Phase. You cannot Special Summon during the turn you activate this card.
79047,Oath of Companionship,Oath of Companionship,https://tcgplayer-cdn.tcgplayer.com/product/79047_200w.jpg,2,1286,https://cpt.tcgcsv.com/ZDF,2014-03-25T20:22:05.817,1,0.05,0.25,1.0,0.17,,1st Edition,LVAL-EN079,Rare,TRAP,,Normal Trap,,,If you control no monsters that were Special Summoned from the Extra Deck: Target 1 face-up monster your opponent controls that was Special Summoned from the Extra Deck; take control of that monster until the End Phase. You cannot Special Summon during the turn you activate this card.
79048,Duston Roller,Duston Roller,https://tcgplayer-cdn.tcgplayer.com/product/79048_200w.jpg,2,1286,https://cpt.tcgcsv.com/-DF,2014-03-25T20:13:11.697,1,0.15,0.3,1.0,0.16,,Unlimited,LVAL-EN080,Common,TRAP,,Normal Trap,,,"Target 1 monster on the field; this turn, that monster cannot be Tributed, or be used as a Fusion, Synchro, or Xyz Material for a Summon. If this Set card is destroyed by your opponent's card effect and sent to the Graveyard: You can add 1 ""Duston"" monster from your Deck to your hand."
79048,Duston Roller,Duston Roller,https://tcgplayer-cdn.tcgplayer.com/product/79048_200w.jpg,2,1286,https://cpt.tcgcsv.com/-DF,2014-03-25T20:13:11.697,1,0.11,0.25,1.46,0.11,,1st Edition,LVAL-EN080,Common,TRAP,,Normal Trap,,,"Target 1 monster on the field; this turn, that monster cannot be Tributed, or be used as a Fusion, Synchro, or Xyz Material for a Summon. If this Set card is destroyed by your opponent's card effect and sent to the Graveyard: You can add 1 ""Duston"" monster from your Deck to your hand."
79049,Sylvan Mikorange,Sylvan Mikorange,https://tcgplayer-cdn.tcgplayer.com/product/79049_200w.jpg,2,1286,https://cpt.tcgcsv.com/_DF,2014-03-25T20:07:45.5,1,0.01,0.25,1.45,0.27,,Unlimited,LVAL-EN081,Rare,WATER,Plant,Effect Monster,400,1100,"When this card you control is destroyed by your opponent's card (either by battle or by card effect) and sent to your Graveyard: You can excavate the top card of your Deck, and if it is a Plant-Type monster, send it to the Graveyard. Otherwise, place it on the bottom of your Deck. If this card is excavated from the Deck and sent to the Graveyard by a card effect: All Plant-Type monsters you currently control gain 300 ATK and DEF."
79049,Sylvan Mikorange,Sylvan Mikorange,https://tcgplayer-cdn.tcgplayer.com/product/79049_200w.jpg,2,1286,https://cpt.tcgcsv.com/_DF,2014-03-25T20:07:45.5,1,0.05,0.26,2.0,0.15,,1st Edition,LVAL-EN081,Rare,WATER,Plant,Effect Monster,400,1100,"When this card you control is destroyed by your opponent's card (either by battle or by card effect) and sent to your Graveyard: You can excavate the top card of your Deck, and if it is a Plant-Type monster, send it to the Graveyard. Otherwise, place it on the bottom of your Deck. If this card is excavated from the Deck and sent to the Graveyard by a card effect: All Plant-Type monsters you currently control gain 300 ATK and DEF."
79050,Ghostrick Yeti,Ghostrick Yeti,https://tcgplayer-cdn.tcgplayer.com/product/79050_200w.jpg,2,1286,https://cpt.tcgcsv.com/0FF,2014-03-25T20:20:27.61,1,0.01,0.25,1.49,0.14,,Unlimited,LVAL-EN082,Common,DARK,Zombie,Effect Monster,300,2000,"Cannot be Normal Summoned, unless you control a ""Ghostrick"" monster. Once per turn: You can change this card to face-down Defense Position. When this card is flipped face-up: You can target 1 ""Ghostrick"" monster on the field; this turn, it cannot be destroyed by battle or by card effects."
79050,Ghostrick Yeti,Ghostrick Yeti,https://tcgplayer-cdn.tcgplayer.com/product/79050_200w.jpg,2,1286,https://cpt.tcgcsv.com/0FF,2014-03-25T20:20:27.61,1,0.1,0.25,1.49,0.17,,1st Edition,LVAL-EN082,Common,DARK,Zombie,Effect Monster,300,2000,"Cannot be Normal Summoned, unless you control a ""Ghostrick"" monster. Once per turn: You can change this card to face-down Defense Position. When this card is flipped face-up: You can target 1 ""Ghostrick"" monster on the field; this turn, it cannot be destroyed by battle or by card effects."
79051,Bujingi Pavo,Bujingi Pavo,https://tcgplayer-cdn.tcgplayer.com/product/79051_200w.jpg,2,1286,https://cpt.tcgcsv.com/2FF,2014-03-25T20:04:02.447,1,0.1,0.33,2.99,0.19,,Unlimited,LVAL-EN083,Super Rare,LIGHT,Winged Beast,Effect Monster,1700,800,"When a Beast Warrior-Type ""Bujin"" monster you control is destroyed by battle and sent to the Graveyard: You can send this card from your hand to the Graveyard; Special Summon 1 ""Bujin"" monster from your Deck. You can only use the effect of ""Bujingi Pavo"" once per turn."
79051,Bujingi Pavo,Bujingi Pavo,https://tcgplayer-cdn.tcgplayer.com/product/79051_200w.jpg,2,1286,https://cpt.tcgcsv.com/2FF,2014-03-25T20:04:02.447,1,0.08,0.38,1.39,0.18,,1st Edition,LVAL-EN083,Super Rare,LIGHT,Winged Beast,Effect Monster,1700,800,"When a Beast Warrior-Type ""Bujin"" monster you control is destroyed by battle and sent to the Graveyard: You can send this card from your hand to the Graveyard; Special Summon 1 ""Bujin"" monster from your Deck. You can only use the effect of ""Bujingi Pavo"" once per turn."
79052,Gravekeeper's Heretic,Gravekeepers Heretic,https://tcgplayer-cdn.tcgplayer.com/product/79052_200w.jpg,2,1286,https://cpt.tcgcsv.com/3FF,2014-03-25T20:24:28.083,1,0.3,0.77,2.18,0.67,,Unlimited,LVAL-EN084,Rare,DARK,Spellcaster,Effect Monster,1800,1500,"This card on the field is unaffected by all other card effects, as long as ""Necrovalley"" is also on the field."
79052,Gravekeeper's Heretic,Gravekeepers Heretic,https://tcgplayer-cdn.tcgplayer.com/product/79052_200w.jpg,2,1286,https://cpt.tcgcsv.com/3FF,2014-03-25T20:24:28.083,1,0.3,0.74,3.0,0.6,,1st Edition,LVAL-EN084,Rare,DARK,Spellcaster,Effect Monster,1800,1500,"This card on the field is unaffected by all other card effects, as long as ""Necrovalley"" is also on the field."
79053,Noble Knight Peredur,Noble Knight Peredur,https://tcgplayer-cdn.tcgplayer.com/product/79053_200w.jpg,2,1286,https://cpt.tcgcsv.com/5FF,2014-03-25T20:26:26.997,1,0.24,0.5,1.5,0.3,,Unlimited,LVAL-EN085,Super Rare,LIGHT,Warrior,Effect Monster,1900,300,"While equipped with a ""Noble Arms"" Equip Spell Card, this card becomes DARK and its Level is increased by 1. When this card is sent to the Graveyard while equipped with a ""Noble Arms"" Equip Spell Card: Target 1 ""Noble Arms"" card in your Graveyard; add that target to your hand."
79053,Noble Knight Peredur,Noble Knight Peredur,https://tcgplayer-cdn.tcgplayer.com/product/79053_200w.jpg,2,1286,https://cpt.tcgcsv.com/5FF,2014-03-25T20:26:26.997,1,0.25,0.48,1.56,0.42,,1st Edition,LVAL-EN085,Super Rare,LIGHT,Warrior,Effect Monster,1900,300,"While equipped with a ""Noble Arms"" Equip Spell Card, this card becomes DARK and its Level is increased by 1. When this card is sent to the Graveyard while equipped with a ""Noble Arms"" Equip Spell Card: Target 1 ""Noble Arms"" card in your Graveyard; add that target to your hand."
79054,"Gwenhwyfar, Queen of Noble Arms",Gwenhwyfar Queen of Noble Arms,https://tcgplayer-cdn.tcgplayer.com/product/79054_200w.jpg,2,1286,https://cpt.tcgcsv.com/6FF,2014-03-25T20:26:01.003,1,3.88,7.0,11.99,3.53,,Unlimited,LVAL-EN086,Secret Rare,LIGHT,Spellcaster,Effect Monster,300,300,"You can target 1 ""Noble Knight"" monster you control; equip this card from your hand or Graveyard to that target. You can only use this effect of ""Gwenhwyfar, Queen of Noble Arms"" once per turn. The equipped monster gains 300 ATK. Apply the appropriate effect, depending on the Attribute of the equipped monster. // * LIGHT: If the equipped monster would be destroyed by a card effect, you can destroy this card instead. // * DARK: If the equipped monster battles an opponent's monster, at the start of the Damage Step: You can destroy that monster, then destroy this card."
79054,"Gwenhwyfar, Queen of Noble Arms",Gwenhwyfar Queen of Noble Arms,https://tcgplayer-cdn.tcgplayer.com/product/79054_200w.jpg,2,1286,https://cpt.tcgcsv.com/6FF,2014-03-25T20:26:01.003,1,5.14,7.99,29.99,7.69,,1st Edition,LVAL-EN086,Secret Rare,LIGHT,Spellcaster,Effect Monster,300,300,"You can target 1 ""Noble Knight"" monster you control; equip this card from your hand or Graveyard to that target. You can only use this effect of ""Gwenhwyfar, Queen of Noble Arms"" once per turn. The equipped monster gains 300 ATK. Apply the appropriate effect, depending on the Attribute of the equipped monster. // * LIGHT: If the equipped monster would be destroyed by a card effect, you can destroy this card instead. // * DARK: If the equipped monster battles an opponent's monster, at the start of the Damage Step: You can destroy that monster, then destroy this card."
79055,Powered Inzektron,Powered Inzektron,https://tcgplayer-cdn.tcgplayer.com/product/79055_200w.jpg,2,1286,https://cpt.tcgcsv.com/7FF,2014-03-25T20:19:01.287,1,1.49,3.87,6.75,3.88,,Unlimited,LVAL-EN087,Super Rare,LIGHT,Machine,Synchro/Effect Monster,2500,1600,"1 Tuner + 1 or more non-Tuner monsters // When this card is Synchro Summoned: This turn, this card cannot be destroyed by battle or by card effects, also you take no damage."
79055,Powered Inzektron,Powered Inzektron,https://tcgplayer-cdn.tcgplayer.com/product/79055_200w.jpg,2,1286,https://cpt.tcgcsv.com/7FF,2014-03-25T20:19:01.287,1,1.16,5.0,23.0,5.44,,1st Edition,LVAL-EN087,Super Rare,LIGHT,Machine,Synchro/Effect Monster,2500,1600,"1 Tuner + 1 or more non-Tuner monsters // When this card is Synchro Summoned: This turn, this card cannot be destroyed by battle or by card effects, also you take no damage."
79056,Obedience Schooled,Obedience Schooled,https://tcgplayer-cdn.tcgplayer.com/product/79056_200w.jpg,2,1286,https://cpt.tcgcsv.com/8FF,2014-03-25T20:21:44.687,1,1.0,4.54,8.99,6.54,,Unlimited,LVAL-EN088,Super Rare,SPELL,,Normal Spell,,,"If you control no monsters: Special Summon 3 Level 2 or lower Beast-Type Effect Monsters with different names from your Deck. Their effects are negated, and they are destroyed during the End Phase. If you activate this card, you cannot Special Summon for the rest of this turn, except Beast-Type monsters."
79056,Obedience Schooled,Obedience Schooled,https://tcgplayer-cdn.tcgplayer.com/product/79056_200w.jpg,2,1286,https://cpt.tcgcsv.com/8FF,2014-03-25T20:21:44.687,1,1.11,5.01,15.87,5.45,5.38,1st Edition,LVAL-EN088,Super Rare,SPELL,,Normal Spell,,,"If you control no monsters: Special Summon 3 Level 2 or lower Beast-Type Effect Monsters with different names from your Deck. Their effects are negated, and they are destroyed during the End Phase. If you activate this card, you cannot Special Summon for the rest of this turn, except Beast-Type monsters."
79057,The First Monarch,The First Monarch,https://tcgplayer-cdn.tcgplayer.com/product/79057_200w.jpg,2,1286,https://cpt.tcgcsv.com/9FF,2014-03-25T20:05:53.2,1,0.55,1.36,2.95,1.44,,Unlimited,LVAL-EN089,Secret Rare,TRAP,,Normal Trap,,,"Special Summon this card as an Effect Monster (Fiend-Type/DARK/Level 6/ATK 1000/DEF 2400). (This card is also still a Trap Card.) If Summoned this way: You can discard 1 card, then declare 1 Attribute; this card becomes that Attribute, and can be treated as 2 Tributes for the Tribute Summon of a monster with the same Attribute as this card. While this card is treated as a monster, you cannot Special Summon monsters, except monsters with this card’s Attribute."
79057,The First Monarch,The First Monarch,https://tcgplayer-cdn.tcgplayer.com/product/79057_200w.jpg,2,1286,https://cpt.tcgcsv.com/9FF,2014-03-25T20:05:53.2,1,0.88,1.37,2.23,1.3,,1st Edition,LVAL-EN089,Secret Rare,TRAP,,Normal Trap,,,"Special Summon this card as an Effect Monster (Fiend-Type/DARK/Level 6/ATK 1000/DEF 2400). (This card is also still a Trap Card.) If Summoned this way: You can discard 1 card, then declare 1 Attribute; this card becomes that Attribute, and can be treated as 2 Tributes for the Tribute Summon of a monster with the same Attribute as this card. While this card is treated as a monster, you cannot Special Summon monsters, except monsters with this card’s Attribute."
79058,Dark Artist,Dark Artist,https://tcgplayer-cdn.tcgplayer.com/product/79058_200w.jpg,2,1286,https://cpt.tcgcsv.com/bFF,2014-03-25T20:11:08.43,1,0.04,0.21,1.0,0.08,,Unlimited,LVAL-EN090,Common,DARK,Fiend,Effect Monster,600,1400,"If this card is being attacked by a LIGHT monster, its DEF is halved during damage calculation only."
79058,Dark Artist,Dark Artist,https://tcgplayer-cdn.tcgplayer.com/product/79058_200w.jpg,2,1286,https://cpt.tcgcsv.com/bFF,2014-03-25T20:11:08.43,1,0.01,0.23,1.35,0.11,,1st Edition,LVAL-EN090,Common,DARK,Fiend,Effect Monster,600,1400,"If this card is being attacked by a LIGHT monster, its DEF is halved during damage calculation only."
79059,Swordsman from a Distant Land,Swordsman from a Distant Land,https://tcgplayer-cdn.tcgplayer.com/product/79059_200w.jpg,2,1286,https://cpt.tcgcsv.com/cFF,2014-03-25T20:11:50.127,1,0.01,0.21,1.31,0.14,,Unlimited,LVAL-EN091,Common,EARTH,Warrior,Effect Monster,250,250,"If this card attacked an opponent's monster, after damage calculation: Destroy that monster during the 5th End Phase after the attack."
79059,Swordsman from a Distant Land,Swordsman from a Distant Land,https://tcgplayer-cdn.tcgplayer.com/product/79059_200w.jpg,2,1286,https://cpt.tcgcsv.com/cFF,2014-03-25T20:11:50.127,1,0.01,0.25,1.49,0.16,,1st Edition,LVAL-EN091,Common,EARTH,Warrior,Effect Monster,250,250,"If this card attacked an opponent's monster, after damage calculation: Destroy that monster during the 5th End Phase after the attack."
79060,Queen Angel of Roses,Queen Angel of Roses,https://tcgplayer-cdn.tcgplayer.com/product/79060_200w.jpg,2,1286,https://cpt.tcgcsv.com/dFF,2014-03-25T20:18:16.607,1,0.35,0.75,1.8,0.55,,Unlimited,LVAL-EN092,Super Rare,EARTH,Plant,Effect Monster,2400,1300,"You can Tribute Summon this card in face-up Attack Position by Tributing 1 Plant-Type monster. Once per turn, during your Standby Phase: Destroy the 1 face-up monster on the field with the lowest ATK (your choice, if tied)."
79060,Queen Angel of Roses,Queen Angel of Roses,https://tcgplayer-cdn.tcgplayer.com/product/79060_200w.jpg,2,1286,https://cpt.tcgcsv.com/dFF,2014-03-25T20:18:16.607,1,0.3,0.54,1.98,0.51,,1st Edition,LVAL-EN092,Super Rare,EARTH,Plant,Effect Monster,2400,1300,"You can Tribute Summon this card in face-up Attack Position by Tributing 1 Plant-Type monster. Once per turn, during your Standby Phase: Destroy the 1 face-up monster on the field with the lowest ATK (your choice, if tied)."
79061,Rose Witch,Rose Witch,https://tcgplayer-cdn.tcgplayer.com/product/79061_200w.jpg,2,1286,https://cpt.tcgcsv.com/fFF,2014-03-25T20:15:11.2,1,0.05,0.23,1.0,0.09,,Unlimited,LVAL-EN093,Common,EARTH,Plant,Effect Monster,1600,1000,This card can be treated as 2 Tributes for the Tribute Summon of a Plant-Type monster.
79061,Rose Witch,Rose Witch,https://tcgplayer-cdn.tcgplayer.com/product/79061_200w.jpg,2,1286,https://cpt.tcgcsv.com/fFF,2014-03-25T20:15:11.2,1,0.05,0.23,1.49,0.18,,1st Edition,LVAL-EN093,Common,EARTH,Plant,Effect Monster,1600,1000,This card can be treated as 2 Tributes for the Tribute Summon of a Plant-Type monster.
79062,Snapdragon,Snapdragon,https://tcgplayer-cdn.tcgplayer.com/product/79062_200w.jpg,2,1286,https://cpt.tcgcsv.com/gFF,2014-03-25T20:13:01.593,1,0.1,0.25,1.41,0.1,,Unlimited,LVAL-EN094,Common,EARTH,Plant,Effect Monster,300,100,"When this card is sent to the Graveyard: Banish 1 random card from your opponent's hand face-up, until the End Phase. You can only use the effect of ""Snap Dragon"" once per turn."
79062,Snapdragon,Snapdragon,https://tcgplayer-cdn.tcgplayer.com/product/79062_200w.jpg,2,1286,https://cpt.tcgcsv.com/gFF,2014-03-25T20:13:01.593,1,0.01,0.25,1.49,0.08,,1st Edition,LVAL-EN094,Common,EARTH,Plant,Effect Monster,300,100,"When this card is sent to the Graveyard: Banish 1 random card from your opponent's hand face-up, until the End Phase. You can only use the effect of ""Snap Dragon"" once per turn."
79063,"Alpacaribou, Mystical Beast of the Forest",Alpacaribou Mystical Beast of the Forest,https://tcgplayer-cdn.tcgplayer.com/product/79063_200w.jpg,2,1286,https://cpt.tcgcsv.com/hFF,2014-03-25T19:59:20.153,1,0.05,0.23,1.35,0.21,,Unlimited,LVAL-EN095,Common,EARTH,,Effect Monster,2700,2100,"This card gains the following effect depending on its battle position. // * Attack Position: Attack Position Insect, Plant, and Winged Beast-Type monsters you control cannot be destroyed by battle. // * Defense Position: Defense Position Insect, Plant, and Winged Beast-Type monsters you control cannot be targeted or destroyed by card effects."
79063,"Alpacaribou, Mystical Beast of the Forest",Alpacaribou Mystical Beast of the Forest,https://tcgplayer-cdn.tcgplayer.com/product/79063_200w.jpg,2,1286,https://cpt.tcgcsv.com/hFF,2014-03-25T19:59:20.153,1,0.01,0.23,1.41,0.15,,1st Edition,LVAL-EN095,Common,EARTH,,Effect Monster,2700,2100,"This card gains the following effect depending on its battle position. // * Attack Position: Attack Position Insect, Plant, and Winged Beast-Type monsters you control cannot be destroyed by battle. // * Defense Position: Defense Position Insect, Plant, and Winged Beast-Type monsters you control cannot be targeted or destroyed by card effects."
79064,Mighty Warrior,Mighty Warrior,https://tcgplayer-cdn.tcgplayer.com/product/79064_200w.jpg,2,1286,https://cpt.tcgcsv.com/jFF,2014-01-24T19:55:15.52,1,0.05,0.25,10.0,0.18,,Unlimited,LVAL-EN096,Common,EARTH,Warrior,Synchro/Effect Monster,2200,2000,1 Tuner + 1 or more non-Tuner monsters // If this card destroys an opponent's monster by battle: Inflict damage to your opponent equal to half the ATK of the destroyed monster.
79064,Mighty Warrior,Mighty Warrior,https://tcgplayer-cdn.tcgplayer.com/product/79064_200w.jpg,2,1286,https://cpt.tcgcsv.com/jFF,2014-01-24T19:55:15.52,1,0.05,0.25,1.49,0.14,,1st Edition,LVAL-EN096,Common,EARTH,Warrior,Synchro/Effect Monster,2200,2000,1 Tuner + 1 or more non-Tuner monsters // If this card destroys an opponent's monster by battle: Inflict damage to your opponent equal to half the ATK of the destroyed monster.
79065,Dododo Buster,Dododo Buster,https://tcgplayer-cdn.tcgplayer.com/product/79065_200w.jpg,2,1286,https://cpt.tcgcsv.com/kFF,2014-03-25T20:12:13.763,1,0.04,0.2,1.0,0.12,,Unlimited,LVAL-EN097,Common,EARTH,Warrior,Effect Monster,1900,800,"If your opponent controls a monster and you control no monsters, you can Special Summon this card (from your hand) as a Level 4 monster. When this card is Tribute Summoned: You can target 1 ""Dododo"" monster in your Graveyard; Special Summon that target in face-up Defense Position."
79065,Dododo Buster,Dododo Buster,https://tcgplayer-cdn.tcgplayer.com/product/79065_200w.jpg,2,1286,https://cpt.tcgcsv.com/kFF,2014-03-25T20:12:13.763,1,0.04,0.24,1.49,0.22,,1st Edition,LVAL-EN097,Common,EARTH,Warrior,Effect Monster,1900,800,"If your opponent controls a monster and you control no monsters, you can Special Summon this card (from your hand) as a Level 4 monster. When this card is Tribute Summoned: You can target 1 ""Dododo"" monster in your Graveyard; Special Summon that target in face-up Defense Position."
79066,Interplanetarypurplythorny Beast,Interplanetarypurplythorny Beast,https://tcgplayer-cdn.tcgplayer.com/product/79066_200w.jpg,2,1286,https://cpt.tcgcsv.com/lFF,2014-03-25T20:28:00.95,1,0.05,0.23,1.37,0.09,,Unlimited,LVAL-EN098,Common,DARK,,Effect Monster,1100,2200,"When a monster you control is destroyed by battle and sent to the Graveyard, while this card is in the Graveyard: You can Special Summon this card from your Graveyard. If you do, banish it when it leaves the field. You can only use the effect of ""Interplanetarypurplythorny Beast"" once per turn."
79066,Interplanetarypurplythorny Beast,Interplanetarypurplythorny Beast,https://tcgplayer-cdn.tcgplayer.com/product/79066_200w.jpg,2,1286,https://cpt.tcgcsv.com/lFF,2014-03-25T20:28:00.95,1,0.03,0.25,1.36,0.3,,1st Edition,LVAL-EN098,Common,DARK,,Effect Monster,1100,2200,"When a monster you control is destroyed by battle and sent to the Graveyard, while this card is in the Graveyard: You can Special Summon this card from your Graveyard. If you do, banish it when it leaves the field. You can only use the effect of ""Interplanetarypurplythorny Beast"" once per turn."
79067,Starship Spy Plane,Starship Spy Plane,https://tcgplayer-cdn.tcgplayer.com/product/79067_200w.jpg,2,1286,https://cpt.tcgcsv.com/mFF,2014-03-25T20:12:12.997,1,0.01,0.24,1.49,0.17,,Unlimited,LVAL-EN099,Common,WIND,Machine,Effect Monster,1100,500,"If your opponent controls a face-up Xyz Monster, you can Special Summon this card (from your hand). When this card is Special Summoned from the hand: Target 1 Spell/Trap Card your opponent controls; return it to the hand."
79067,Starship Spy Plane,Starship Spy Plane,https://tcgplayer-cdn.tcgplayer.com/product/79067_200w.jpg,2,1286,https://cpt.tcgcsv.com/mFF,2014-03-25T20:12:12.997,1,0.01,0.21,1.32,0.11,,1st Edition,LVAL-EN099,Common,WIND,Machine,Effect Monster,1100,500,"If your opponent controls a face-up Xyz Monster, you can Special Summon this card (from your hand). When this card is Special Summoned from the hand: Target 1 Spell/Trap Card your opponent controls; return it to the hand."
79068,Number C101: Silent Honor DARK (UTR),Number C101 Silent Honor DARK UTR,https://tcgplayer-cdn.tcgplayer.com/product/79068_200w.jpg,2,1286,https://cpt.tcgcsv.com/nFF,2015-11-23T19:59:20.957,1,34.97,62.58,75.0,37.1,,Unlimited,LVAL-EN046,Ultimate Rare,WATER,Aqua,Xyz/Effect Monster,2800,1500,"3 Level 5 monsters
<br>Once per turn: You can target 1 Special Summoned monster your opponent controls; attach it to this card as a face-up Xyz Material. When this card is destroyed and sent to the Graveyard while it has Xyz Material: You can Special Summon this card from your Graveyard, then gain Life Points equal to the original ATK of this card. ""Number 101: Silent Honor ARK"" must be in your Graveyard to activate and to resolve this effect. If this card is Special Summoned this way, it cannot attack for the rest of this turn."
79068,Number C101: Silent Honor DARK (UTR),Number C101 Silent Honor DARK UTR,https://tcgplayer-cdn.tcgplayer.com/product/79068_200w.jpg,2,1286,https://cpt.tcgcsv.com/nFF,2015-11-23T19:59:20.957,1,49.93,69.48,229.99,57.84,,1st Edition,LVAL-EN046,Ultimate Rare,WATER,Aqua,Xyz/Effect Monster,2800,1500,"3 Level 5 monsters
<br>Once per turn: You can target 1 Special Summoned monster your opponent controls; attach it to this card as a face-up Xyz Material. When this card is destroyed and sent to the Graveyard while it has Xyz Material: You can Special Summon this card from your Graveyard, then gain Life Points equal to the original ATK of this card. ""Number 101: Silent Honor ARK"" must be in your Graveyard to activate and to resolve this effect. If this card is Special Summoned this way, it cannot attack for the rest of this turn."
79069,Number 101: Silent Honor ARK (UTR),Number 101 Silent Honor ARK UTR,https://tcgplayer-cdn.tcgplayer.com/product/79069_200w.jpg,2,1286,https://cpt.tcgcsv.com/pFF,2015-11-23T19:58:31.6,1,26.0,28.71,69.0,26.05,,Unlimited,LVAL-EN047,Ultimate Rare,WATER,Aqua,Xyz/Effect Monster,2100,1000,"2 Level 4 monsters
<br>You can detach 2 Xyz Materials from this card, then target 1 Special Summoned monster your opponent controls in face-up Attack Position; attach it to this card as a face-up Xyz Material. You can only use this effect of ""Number 101: Silent Honor ARK"" once per turn. If this face-up card would be destroyed, you can detach 1 Xyz Material from this card instead."
79069,Number 101: Silent Honor ARK (UTR),Number 101 Silent Honor ARK UTR,https://tcgplayer-cdn.tcgplayer.com/product/79069_200w.jpg,2,1286,https://cpt.tcgcsv.com/pFF,2015-11-23T19:58:31.6,1,30.71,39.41,100.0,37.01,,1st Edition,LVAL-EN047,Ultimate Rare,WATER,Aqua,Xyz/Effect Monster,2100,1000,"2 Level 4 monsters
<br>You can detach 2 Xyz Materials from this card, then target 1 Special Summoned monster your opponent controls in face-up Attack Position; attach it to this card as a face-up Xyz Material. You can only use this effect of ""Number 101: Silent Honor ARK"" once per turn. If this face-up card would be destroyed, you can detach 1 Xyz Material from this card instead."
79070,Number 39: Utopia Roots (UTR),Number 39 Utopia Roots UTR,https://tcgplayer-cdn.tcgplayer.com/product/79070_200w.jpg,2,1286,https://cpt.tcgcsv.com/qFF,2015-11-23T19:58:54.627,1,4.18,5.6,9.99,5.64,,Unlimited,LVAL-EN048,Ultimate Rare,LIGHT,Warior,Xyz/Effect Monster,500,100,"2 Level 1 monsters 
<br>When any player's monster declares an attack: You can detach 1 Xyz Material from this card; negate the attack, and if you negated an Xyz Monster's attack, this card gains ATK equal to that monster's Rank x 500."
79070,Number 39: Utopia Roots (UTR),Number 39 Utopia Roots UTR,https://tcgplayer-cdn.tcgplayer.com/product/79070_200w.jpg,2,1286,https://cpt.tcgcsv.com/qFF,2015-11-23T19:58:54.627,1,6.05,9.37,40.0,6.66,,1st Edition,LVAL-EN048,Ultimate Rare,LIGHT,Warior,Xyz/Effect Monster,500,100,"2 Level 1 monsters 
<br>When any player's monster declares an attack: You can detach 1 Xyz Material from this card; negate the attack, and if you negated an Xyz Monster's attack, this card gains ATK equal to that monster's Rank x 500."
79071,Bujintei Tsukuyomi (UTR),Bujintei Tsukuyomi UTR,https://tcgplayer-cdn.tcgplayer.com/product/79071_200w.jpg,2,1286,https://cpt.tcgcsv.com/rFF,2015-11-23T19:58:03.83,1,7.02,9.69,54.99,9.63,,Unlimited,LVAL-EN054,Ultimate Rare,LIGHT,Beast-Warrior,Xyz/Effect Monster,1800,2300,"2 Level 4 LIGHT monsters
<br>Once per turn: You can detach 1 Xyz Material from this card; send all the cards in your hand to the Graveyard (min. 1), then draw 2 cards. When this card with Xyz Material leaves the field because of an opponent's card effect: You can target a number of Level 4 ""Bujin"" Beast-Warrior-Type monsters in your Graveyard, up to the number of Xyz Materials that were attached to this card; Special Summon those targets. You can only control 1 ""Bujintei Tsukuyomi""."
79071,Bujintei Tsukuyomi (UTR),Bujintei Tsukuyomi UTR,https://tcgplayer-cdn.tcgplayer.com/product/79071_200w.jpg,2,1286,https://cpt.tcgcsv.com/rFF,2015-11-23T19:58:03.83,1,6.9,10.24,79.99,11.76,,1st Edition,LVAL-EN054,Ultimate Rare,LIGHT,Beast-Warrior,Xyz/Effect Monster,1800,2300,"2 Level 4 LIGHT monsters
<br>Once per turn: You can detach 1 Xyz Material from this card; send all the cards in your hand to the Graveyard (min. 1), then draw 2 cards. When this card with Xyz Material leaves the field because of an opponent's card effect: You can target a number of Level 4 ""Bujin"" Beast-Warrior-Type monsters in your Graveyard, up to the number of Xyz Materials that were attached to this card; Special Summon those targets. You can only control 1 ""Bujintei Tsukuyomi""."
79197,Rank-Up-Magic Astral Force (UTR),Rank Up Magic Astral Force UTR,https://tcgplayer-cdn.tcgplayer.com/product/79197_200w.jpg,2,1286,https://cpt.tcgcsv.com/ZHF,2015-11-23T19:59:55.51,1,1.35,3.29,29.99,4.13,,Unlimited,LVAL-EN059,Ultimate Rare,SPELL,,Normal Spell,,,"Target the 1 Xyz Monster you control with the highest Rank (your choice, if tied); Special Summon from your Extra Deck, 1 monster with the same Type and Attribute as that monster you control but 2 Ranks higher, by using it as the Xyz Material. (This Special Summon is treated as an Xyz Summon. Xyz Materials attached to it also become Xyz Materials on the Summoned monster.) During your Draw Phase, if this card is in your Graveyard, instead of conducting your normal draw: You can add this card from your Graveyard to your hand. You cannot Special Summon during the turn you activate this effect, except by the effect of ""Rank-Up-Magic Astral Force""."
79197,Rank-Up-Magic Astral Force (UTR),Rank Up Magic Astral Force UTR,https://tcgplayer-cdn.tcgplayer.com/product/79197_200w.jpg,2,1286,https://cpt.tcgcsv.com/ZHF,2015-11-23T19:59:55.51,1,2.06,4.94,50.0,2.5,,1st Edition,LVAL-EN059,Ultimate Rare,SPELL,,Normal Spell,,,"Target the 1 Xyz Monster you control with the highest Rank (your choice, if tied); Special Summon from your Extra Deck, 1 monster with the same Type and Attribute as that monster you control but 2 Ranks higher, by using it as the Xyz Material. (This Special Summon is treated as an Xyz Summon. Xyz Materials attached to it also become Xyz Materials on the Summoned monster.) During your Draw Phase, if this card is in your Graveyard, instead of conducting your normal draw: You can add this card from your Graveyard to your hand. You cannot Special Summon during the turn you activate this effect, except by the effect of ""Rank-Up-Magic Astral Force""."
79202,Legacy of the Valiant Deluxe Edition - Red,Legacy of the Valiant Deluxe Edition Red,https://tcgplayer-cdn.tcgplayer.com/product/79202_200w.jpg,2,1286,https://cpt.tcgcsv.com/3JF,2014-03-10T20:29:22.727,1,49.99,49.99,49.99,49.99,,Normal,,,,,,,,
79203,Legacy of the Valiant Deluxe Edition - Blue,Legacy of the Valiant Deluxe Edition Blue,https://tcgplayer-cdn.tcgplayer.com/product/79203_200w.jpg,2,1286,https://cpt.tcgcsv.com/5JF,2014-03-10T20:29:02.393,1,49.99,49.99,49.99,,,Normal,,,,,,,,
80289,Sylvan Peaskeeper,Sylvan Peaskeeper Ultra Rare,https://tcgplayer-cdn.tcgplayer.com/product/80289_200w.jpg,2,1286,https://cpt.tcgcsv.com/P7G,2020-08-14T12:37:38,1,0.08,0.39,5.0,0.37,,Limited,LVAL-ENDE1,Ultra Rare,WIND,Plant,Effect Monster,400,100,"When this card is Normal or Special Summoned: You can excavate the top card of your Deck, and if it is a Plant-Type monster, send it to the Graveyard. Otherwise, place it on the bottom of your Deck. If this card is excavated from the Deck and sent to the Graveyard by a card effect: You can target 1 Level 4 or lower Plant-Type monster in your Graveyard; Special Summon that target. You can only use this effect of ""Sylvan Peaskeeper"" once per turn."
80290,Ghostrick Jackfrost,Ghostrick Jackfrost Ultra Rare,https://tcgplayer-cdn.tcgplayer.com/product/80290_200w.jpg,2,1286,https://cpt.tcgcsv.com/Q7G,2018-01-19T16:17:12.817,1,0.35,0.72,20.0,0.66,,Limited,LVAL-ENDE2,Ultra Rare,DARK,Fiend,Effect Monster,800,100,"Cannot be Normal Summoned, unless you control a ""Ghostrick"" monster. Once per turn: You can change this card to face-down Defense Position. When an opponent's monster declares a direct attack: You can change that opponent's monster to face-down Defense Position, and if you do, Special Summon this card from your hand in face-down Defense Position."
80291,Sylvan Cherubsprout,Sylvan Cherubsprout,https://tcgplayer-cdn.tcgplayer.com/product/80291_200w.jpg,2,1286,https://cpt.tcgcsv.com/R7G,2014-03-13T14:05:43.823,1,0.35,0.89,7.62,0.65,,Limited,LVAL-ENDE3,Super Rare,LIGHT,Plant,Effect Monster,100,100,"When this card is Special Summoned: You can choose either 1 or 2, then excavate that many cards from the top of your Deck, send any excavated Plant-Type monsters to the Graveyard, also place the other cards on the bottom of your Deck in any order. If this card is excavated from the Deck and sent to the Graveyard by a card effect: You can Special Summon 1 Level 1 Plant-Type monster from your Deck. You can only use this effect of ""Sylvan Cherubsprout"" once per turn."
80292,Bujintervention,Bujintervention,https://tcgplayer-cdn.tcgplayer.com/product/80292_200w.jpg,2,1286,https://cpt.tcgcsv.com/S7G,2014-03-13T14:03:58.23,1,0.05,0.33,2.5,0.33,,Limited,LVAL-ENDE4,Super Rare,SPELL,,Normal Spell,,,"Target 1 ""Bujin"" monster on the field; apply this effect to it for the rest of this turn. Each time it destroys a monster by battle whose current ATK is greater than or equal to the targeted monster's original ATK, and sends it to the Graveyard: Banish the destroyed monster, and if you do, banish all monsters from your opponent's hand, Main Deck, Extra Deck, and Graveyard with the same name that the destroyed monster had in the Graveyard."
226124,Legacy of the Valiant [Unlimited Edition] - Booster Pack,Legacy of the Valiant Unlimited Edition Booster Pack,https://tcgplayer-cdn.tcgplayer.com/product/226124_200w.jpg,2,1286,https://cpt.tcgcsv.com/vsQ2,2020-10-26T15:16:08.333,1,8.07,9.04,10.0,,,Normal,,,,,,,,
283343,Legacy of the Valiant Deluxe Edition,Legacy of the Valiant Deluxe Edition,https://tcgplayer-cdn.tcgplayer.com/product/283343_200w.jpg,2,1286,https://cpt.tcgcsv.com/Tlh3,2022-08-23T18:55:21.127,1,59.9,74.92,89.94,59.9,,Normal,,,,,,,,"Each Legacy of the Valiant: Deluxe Edition is comprised of:
<br>
<br>• 9 Legacy of the Valiant Unlimited Edition Booster Packs
<br>• 2 Ultra Rare versions of Common or Rare cards from Legacy of the Valiant
<br>• 1 pack of 50 card sleeves
<br>• 1 of 2 Super Rare preview cards from Primal Origin
<br>• 1 of 2 Box Designs (Red or Blue)
<br>• Beginner's guide"
