productId,name,cleanName,imageUrl,categoryId,groupId,url,modifiedOn,imageCount,extDescription,lowPrice,midPrice,highPrice,marketPrice,directLowPrice,subTypeName,extNumber,extRarity,extAttribute,extMonsterType,extCardType,extAttack,extDefense,extUPC
123451,Legendary Decks II Collector's Set [1st Edition],Legendary Decks II Collectors Set 1st Edition,https://tcgplayer-cdn.tcgplayer.com/product/123451_200w.jpg,2,1841,https://cpt.tcgcsv.com/2p_,2024-03-13T21:44:37.227,1,"Each Legendary Decks II Collector's Set contains:
<br>
<br><b>-</b> 43-card Deck based on Yugi and his ""Exodia the Forbidden One"", including the 3 playable versions of the Egyptian God cards.
<br><b>-</b> 43-card Deck based on Kaiba and his ""Blue-Eyes White Dragon"".
<br><b>-</b> 43-card Deck based on Joey and his ""Red-Eyes B. Dragon"", including ""Red-Eyes Black Flare Dragon"" and ""Red-Eyes Archfiend of Lightning"".
<br><b>-</b> 3 new Secret Rare cards: ""Eternal Soul"", ""Dark Burning Attack"", and ""Dark Burning Magic"".
<br><b>-</b> 3 Ultra Rare Token cards.
<br>
<br>Each of the three decks include 3 Ultra Rares and 40 commons.
<br><em>(Disclaimer: This sealed product features a 1996/2014 Copyright date.)</em>",189.83,194.97,200.0,187.79,,Normal,,,,,,,,
123481,Slifer the Sky Dragon,Slifer the Sky Dragon,https://tcgplayer-cdn.tcgplayer.com/product/123481_200w.jpg,2,1841,https://cpt.tcgcsv.com/Fp_,2016-10-07T22:11:44.86,1,"Requires 3 Tributes to Normal Summon (cannot be Normal Set). This card's Normal Summon cannot be negated. When Normal Summoned, cards and effects cannot be activated. Once per turn, during the End Phase, if this card was Special Summoned: Send it to the Graveyard. This card gains 1000 ATK and DEF for each card in your hand. If a monster(s) is Normal or Special Summoned to your opponent's field in face-up Attack Position: That monster(s) loses 2000 ATK, then if its ATK has been reduced to 0 as a result, destroy it.",0.25,0.99,3.26,0.8,1.32,Limited,LDK2-ENS01,Ultra Rare,DIVINE,Divine-Beast,Effect Monster,0,0,
123482,Obelisk the Tormentor,Obelisk the Tormentor,https://tcgplayer-cdn.tcgplayer.com/product/123482_200w.jpg,2,1841,https://cpt.tcgcsv.com/Gp_,2016-10-07T22:12:24.893,1,"Requires 3 Tributes to Normal Summon (cannot be Normal Set). This card's Normal Summon cannot be negated. When Normal Summoned, cards and effects cannot be activated. Cannot be targeted by Spells, Traps, or card effects. Once per turn, during the End Phase, if this card was Special Summoned: Send it to the Graveyard. You can Tribute 2 monsters; destroy all monsters your opponent controls. This card cannot declare an attack the turn this effect is activated.",0.2,0.64,3.0,0.61,0.26,Limited,LDK2-ENS02,Ultra Rare,DIVINE,Divine-Beast,Effect Monster,4000,4000,
123483,The Winged Dragon of Ra,The Winged Dragon of Ra,https://tcgplayer-cdn.tcgplayer.com/product/123483_200w.jpg,2,1841,https://cpt.tcgcsv.com/Hp_,2022-12-12T11:42:34.033,1,"Cannot be Special Summoned. Requires 3 Tributes to Normal Summon (cannot be Normal Set). This card's Normal Summon cannot be negated. When Normal Summoned, other cards and effects cannot be activated. When this card is Normal Summoned: You can pay Life Points so that you only have 100 left; this card gains ATK and DEF equal to the amount of Life Points paid. You can pay 1000 Life Points, then target 1 monster on the field; destroy that target.",1.0,2.63,9.99,2.87,8.99,Limited,LDK2-ENS03,Ultra Rare,DIVINE,Divine-Beast,Effect Monster,0,0,
123484,The Legendary Exodia Incarnate,The Legendary Exodia Incarnate,https://tcgplayer-cdn.tcgplayer.com/product/123484_200w.jpg,2,1841,https://cpt.tcgcsv.com/Jp_,2024-10-18T17:03:25.143,1,"Cannot be Normal Summoned/Set. Must be Special Summoned (from your hand) by Tributing 1 ""Forbidden One"" monster, and cannot be Special Summoned by other ways. This card gains 1000 ATK for each ""Forbidden One"" monster in your Graveyard. Unaffected by other cards' effects. Once per turn, during your End Phase: Add 1 ""Forbidden One"" monster from your Graveyard to your hand. When this card is destroyed by battle and sent to the Graveyard: You can reveal any number of ""Forbidden One"" monsters in your hand, and if you do, draw 1 card for each.",0.15,0.83,10.0,0.89,,1st Edition,LDK2-ENY01,Ultra Rare,DARK,Spellcaster,Effect Monster,0,0,
123484,The Legendary Exodia Incarnate,The Legendary Exodia Incarnate,https://tcgplayer-cdn.tcgplayer.com/product/123484_200w.jpg,2,1841,https://cpt.tcgcsv.com/Jp_,2024-10-18T17:03:25.143,1,"Cannot be Normal Summoned/Set. Must be Special Summoned (from your hand) by Tributing 1 ""Forbidden One"" monster, and cannot be Special Summoned by other ways. This card gains 1000 ATK for each ""Forbidden One"" monster in your Graveyard. Unaffected by other cards' effects. Once per turn, during your End Phase: Add 1 ""Forbidden One"" monster from your Graveyard to your hand. When this card is destroyed by battle and sent to the Graveyard: You can reveal any number of ""Forbidden One"" monsters in your hand, and if you do, draw 1 card for each.",0.2,0.8,50.0,0.8,1.43,Unlimited,LDK2-ENY01,Ultra Rare,DARK,Spellcaster,Effect Monster,0,0,
123485,Ties of the Brethren,Ties of the Brethren,https://tcgplayer-cdn.tcgplayer.com/product/123485_200w.jpg,2,1841,https://cpt.tcgcsv.com/Kp_,2019-07-09T15:24:41.607,1,"Pay 2000 LP, then target 1 Level 4 or lower monster you control; for the rest of this turn after this card resolves, you cannot Special Summon monsters, also Special Summon 2 monsters from your Deck, with the same Type, Attribute, and Level as that monster, but with different names from each other and that monster. You cannot conduct your Battle Phase the turn you activate this card.",0.04,0.39,9.99,0.22,,1st Edition,LDK2-ENY02,Ultra Rare,SPELL,,Normal Spell,,,
123485,Ties of the Brethren,Ties of the Brethren,https://tcgplayer-cdn.tcgplayer.com/product/123485_200w.jpg,2,1841,https://cpt.tcgcsv.com/Kp_,2019-07-09T15:24:41.607,1,"Pay 2000 LP, then target 1 Level 4 or lower monster you control; for the rest of this turn after this card resolves, you cannot Special Summon monsters, also Special Summon 2 monsters from your Deck, with the same Type, Attribute, and Level as that monster, but with different names from each other and that monster. You cannot conduct your Battle Phase the turn you activate this card.",0.03,0.31,5.0,0.17,,Unlimited,LDK2-ENY02,Ultra Rare,SPELL,,Normal Spell,,,
123486,Obliterate!!!,Obliterate,https://tcgplayer-cdn.tcgplayer.com/product/123486_200w.jpg,2,1841,https://cpt.tcgcsv.com/Lp_,2024-10-30T11:35:05.573,1,"You can target 1 monster on the field; send 1 ""Forbidden One"" monster or ""Exodia"" card from your hand or Deck to the Graveyard, and if you do, return that target to the hand. If this card is sent from the Spell & Trap Zone to the Graveyard: You can target 1 ""Forbidden One"" monster or ""Exodia"" card in your Graveyard; add it to your hand. You can only use 1 ""Obliterate!!!"" effect per turn, and only once that turn.",0.39,1.0,4.99,1.0,,1st Edition,LDK2-ENY03,Ultra Rare,TRAP,,Normal Trap,,,
123486,Obliterate!!!,Obliterate,https://tcgplayer-cdn.tcgplayer.com/product/123486_200w.jpg,2,1841,https://cpt.tcgcsv.com/Lp_,2024-10-30T11:35:05.573,1,"You can target 1 monster on the field; send 1 ""Forbidden One"" monster or ""Exodia"" card from your hand or Deck to the Graveyard, and if you do, return that target to the hand. If this card is sent from the Spell & Trap Zone to the Graveyard: You can target 1 ""Forbidden One"" monster or ""Exodia"" card in your Graveyard; add it to your hand. You can only use 1 ""Obliterate!!!"" effect per turn, and only once that turn.",0.19,0.99,4.97,1.01,1.98,Unlimited,LDK2-ENY03,Ultra Rare,TRAP,,Normal Trap,,,
123487,Exodia the Forbidden One,Exodia the Forbidden One,https://tcgplayer-cdn.tcgplayer.com/product/123487_200w.jpg,2,1841,https://cpt.tcgcsv.com/Mp_,2019-07-09T15:18:05.63,1,"If you have ""Right Leg of the Forbidden One"", ""Left Leg of the Forbidden One"", ""Right Arm of the Forbidden One"" and ""Left Arm of the Forbidden One"" in addition to this card in your hand, you win the Duel.",0.91,1.24,5.0,1.07,4.99,Unlimited,LDK2-ENY04,Common,DARK,Spellcaster,Effect Monster,1000,1000,
123487,Exodia the Forbidden One,Exodia the Forbidden One,https://tcgplayer-cdn.tcgplayer.com/product/123487_200w.jpg,2,1841,https://cpt.tcgcsv.com/Mp_,2019-07-09T15:18:05.63,1,"If you have ""Right Leg of the Forbidden One"", ""Left Leg of the Forbidden One"", ""Right Arm of the Forbidden One"" and ""Left Arm of the Forbidden One"" in addition to this card in your hand, you win the Duel.",0.94,1.9,9.99,1.23,,1st Edition,LDK2-ENY04,Common,DARK,Spellcaster,Effect Monster,1000,1000,
123488,Left Arm of the Forbidden One,Left Arm of the Forbidden One,https://tcgplayer-cdn.tcgplayer.com/product/123488_200w.jpg,2,1841,https://cpt.tcgcsv.com/Np_,2022-11-11T07:15:34.027,1,<i>A forbidden left arm sealed by magic. Whosoever breaks this seal will know infinite power.,1.0,2.01,9.99,1.67,,Unlimited,LDK2-ENY06,Common,DARK,Spellcaster,Normal Monster,200,300,
123488,Left Arm of the Forbidden One,Left Arm of the Forbidden One,https://tcgplayer-cdn.tcgplayer.com/product/123488_200w.jpg,2,1841,https://cpt.tcgcsv.com/Np_,2022-11-11T07:15:34.027,1,<i>A forbidden left arm sealed by magic. Whosoever breaks this seal will know infinite power.,1.29,1.93,8.99,1.72,,1st Edition,LDK2-ENY06,Common,DARK,Spellcaster,Normal Monster,200,300,
123489,Right Arm of the Forbidden One,Right Arm of the Forbidden One,https://tcgplayer-cdn.tcgplayer.com/product/123489_200w.jpg,2,1841,https://cpt.tcgcsv.com/Pp_,2019-07-09T15:22:49.21,1,<i>A forbidden right arm sealed by magic. Whosoever breaks this seal will know infinite power.,1.51,2.26,9.99,1.91,,Unlimited,LDK2-ENY05,Common,DARK,Spellcaster,Normal Monster,200,300,
123489,Right Arm of the Forbidden One,Right Arm of the Forbidden One,https://tcgplayer-cdn.tcgplayer.com/product/123489_200w.jpg,2,1841,https://cpt.tcgcsv.com/Pp_,2019-07-09T15:22:49.21,1,<i>A forbidden right arm sealed by magic. Whosoever breaks this seal will know infinite power.,1.85,2.2,9.99,1.96,,1st Edition,LDK2-ENY05,Common,DARK,Spellcaster,Normal Monster,200,300,
123490,Left Leg of the Forbidden One,Left Leg of the Forbidden One,https://tcgplayer-cdn.tcgplayer.com/product/123490_200w.jpg,2,1841,https://cpt.tcgcsv.com/Qp_,2025-01-10T09:29:00.227,1,<i>A forbidden left leg sealed by magic. Whosoever breaks this seal will know infinite power.,1.95,2.11,4.5,1.94,,1st Edition,LDK2-ENY08,Common,DARK,Spellcaster,Normal Monster,200,300,
123490,Left Leg of the Forbidden One,Left Leg of the Forbidden One,https://tcgplayer-cdn.tcgplayer.com/product/123490_200w.jpg,2,1841,https://cpt.tcgcsv.com/Qp_,2025-01-10T09:29:00.227,1,<i>A forbidden left leg sealed by magic. Whosoever breaks this seal will know infinite power.,1.36,2.37,16.4,1.56,,Unlimited,LDK2-ENY08,Common,DARK,Spellcaster,Normal Monster,200,300,
123491,Right Leg of the Forbidden One,Right Leg of the Forbidden One,https://tcgplayer-cdn.tcgplayer.com/product/123491_200w.jpg,2,1841,https://cpt.tcgcsv.com/Rp_,2019-07-09T15:22:54.48,1,<i>A forbidden right leg sealed by magic. Whosoever breaks this seal will know infinite power.,1.86,2.37,9.99,1.9,,Unlimited,LDK2-ENY07,Common,DARK,Spellcaster,Normal Monster,200,300,
123491,Right Leg of the Forbidden One,Right Leg of the Forbidden One,https://tcgplayer-cdn.tcgplayer.com/product/123491_200w.jpg,2,1841,https://cpt.tcgcsv.com/Rp_,2019-07-09T15:22:54.48,1,<i>A forbidden right leg sealed by magic. Whosoever breaks this seal will know infinite power.,1.99,2.26,4.89,2.16,,1st Edition,LDK2-ENY07,Common,DARK,Spellcaster,Normal Monster,200,300,
123492,Exodia Necross,Exodia Necross,https://tcgplayer-cdn.tcgplayer.com/product/123492_200w.jpg,2,1841,https://cpt.tcgcsv.com/Sp_,2019-07-09T15:18:01.273,1,"This card cannot be Normal Summoned or Set. This card cannot be Special Summoned except by the effect of ""Contract with Exodia"". This card is not destroyed as a result of battle or by the effects of Spell or Trap Cards, and during each of your Standby Phases, increase the ATK of this card by 500 points. This card is destroyed when any of ""Exodia the Forbidden One"", ""Right Arm of the Forbidden One"", ""Left Arm of the Forbidden One"", ""Right Leg of the Forbidden One"" or ""Left Leg of the Forbidden One"" is not in your Graveyard.",0.17,0.31,1.49,0.3,,Unlimited,LDK2-ENY09,Common,DARK,Spellcaster,Effect Monster,1800,0,
123492,Exodia Necross,Exodia Necross,https://tcgplayer-cdn.tcgplayer.com/product/123492_200w.jpg,2,1841,https://cpt.tcgcsv.com/Sp_,2019-07-09T15:18:01.273,1,"This card cannot be Normal Summoned or Set. This card cannot be Special Summoned except by the effect of ""Contract with Exodia"". This card is not destroyed as a result of battle or by the effects of Spell or Trap Cards, and during each of your Standby Phases, increase the ATK of this card by 500 points. This card is destroyed when any of ""Exodia the Forbidden One"", ""Right Arm of the Forbidden One"", ""Left Arm of the Forbidden One"", ""Right Leg of the Forbidden One"" or ""Left Leg of the Forbidden One"" is not in your Graveyard.",0.16,0.49,4.99,0.3,,1st Edition,LDK2-ENY09,Common,DARK,Spellcaster,Effect Monster,1800,0,
123493,Dark Magician,Dark Magician,https://tcgplayer-cdn.tcgplayer.com/product/123493_200w.jpg,2,1841,https://cpt.tcgcsv.com/Tp_,2022-11-22T06:11:15.33,1,<i>The ultimate wizard in terms of attack and defense.,0.5,1.13,4.99,1.49,4.99,Unlimited,LDK2-ENY10,Common,DARK,Spellcaster,Normal Monster,2500,2100,
123493,Dark Magician,Dark Magician,https://tcgplayer-cdn.tcgplayer.com/product/123493_200w.jpg,2,1841,https://cpt.tcgcsv.com/Tp_,2022-11-22T06:11:15.33,1,<i>The ultimate wizard in terms of attack and defense.,1.03,2.08,6.99,1.98,,1st Edition,LDK2-ENY10,Common,DARK,Spellcaster,Normal Monster,2500,2100,
123494,Dark Magician Girl,Dark Magician Girl,https://tcgplayer-cdn.tcgplayer.com/product/123494_200w.jpg,2,1841,https://cpt.tcgcsv.com/Vp_,2019-07-09T15:17:39.54,1,"This card gains 300 ATK for every ""Dark Magician"" or ""Magician of Black Chaos"" in either player's Graveyard.",0.25,0.5,2.99,0.37,,Unlimited,LDK2-ENY11,Common,DARK,Spellcaster,Effect Monster,2000,1700,
123494,Dark Magician Girl,Dark Magician Girl,https://tcgplayer-cdn.tcgplayer.com/product/123494_200w.jpg,2,1841,https://cpt.tcgcsv.com/Vp_,2019-07-09T15:17:39.54,1,"This card gains 300 ATK for every ""Dark Magician"" or ""Magician of Black Chaos"" in either player's Graveyard.",0.2,0.56,2.99,0.5,,1st Edition,LDK2-ENY11,Common,DARK,Spellcaster,Effect Monster,2000,1700,
123495,Buster Blader,Buster Blader,https://tcgplayer-cdn.tcgplayer.com/product/123495_200w.jpg,2,1841,https://cpt.tcgcsv.com/Wp_,2019-07-09T15:16:23.483,1,This card gains 500 ATK for each Dragon-Type monster your opponent controls or is in their Graveyard.,0.1,0.25,1.49,0.19,,Unlimited,LDK2-ENY12,Common,EARTH,Warrior,Effect Monster,2600,2300,
123495,Buster Blader,Buster Blader,https://tcgplayer-cdn.tcgplayer.com/product/123495_200w.jpg,2,1841,https://cpt.tcgcsv.com/Wp_,2019-07-09T15:16:23.483,1,This card gains 500 ATK for each Dragon-Type monster your opponent controls or is in their Graveyard.,0.08,0.25,1.49,0.16,,1st Edition,LDK2-ENY12,Common,EARTH,Warrior,Effect Monster,2600,2300,
123496,Silent Magician LV8,Silent Magician LV8,https://tcgplayer-cdn.tcgplayer.com/product/123496_200w.jpg,2,1841,https://cpt.tcgcsv.com/Xp_,2019-07-09T15:23:44.17,1,"Cannot be Normal Summoned/Set. Must be Special Summoned by ""Silent Magician LV4"" and cannot be Special Summoned by other ways. Unaffected by your opponent's Spell effects.",0.1,0.25,1.13,0.18,,Unlimited,LDK2-ENY13,Common,LIGHT,Spellcaster,Effect Monster,3500,1000,
123496,Silent Magician LV8,Silent Magician LV8,https://tcgplayer-cdn.tcgplayer.com/product/123496_200w.jpg,2,1841,https://cpt.tcgcsv.com/Xp_,2019-07-09T15:23:44.17,1,"Cannot be Normal Summoned/Set. Must be Special Summoned by ""Silent Magician LV4"" and cannot be Special Summoned by other ways. Unaffected by your opponent's Spell effects.",0.11,0.25,1.44,0.18,,1st Edition,LDK2-ENY13,Common,LIGHT,Spellcaster,Effect Monster,3500,1000,
123497,Silent Magician LV4,Silent Magician LV4,https://tcgplayer-cdn.tcgplayer.com/product/123497_200w.jpg,2,1841,https://cpt.tcgcsv.com/Zp_,2019-07-09T15:23:39.813,1,"Each time your opponent draws a card(s), place 1 Spell Counter on this card (max. 5). This card gains 500 ATK for each Spell Counter on it. During the Standby Phase of your next turn after the 5th Spell Counter is placed on this card: You can send this face-up card with 5 Spell Counters on it to the Graveyard; Special Summon 1 ""Silent Magician LV8"" from your hand or Deck.",0.09,0.24,1.49,0.2,,Unlimited,LDK2-ENY14,Common,LIGHT,Spellcaster,Effect Monster,1000,1000,
123497,Silent Magician LV4,Silent Magician LV4,https://tcgplayer-cdn.tcgplayer.com/product/123497_200w.jpg,2,1841,https://cpt.tcgcsv.com/Zp_,2019-07-09T15:23:39.813,1,"Each time your opponent draws a card(s), place 1 Spell Counter on this card (max. 5). This card gains 500 ATK for each Spell Counter on it. During the Standby Phase of your next turn after the 5th Spell Counter is placed on this card: You can send this face-up card with 5 Spell Counters on it to the Graveyard; Special Summon 1 ""Silent Magician LV8"" from your hand or Deck.",0.1,0.25,1.41,0.2,,1st Edition,LDK2-ENY14,Common,LIGHT,Spellcaster,Effect Monster,1000,1000,
123498,The Tricky,The Tricky,https://tcgplayer-cdn.tcgplayer.com/product/123498_200w.jpg,2,1841,https://cpt.tcgcsv.com/-p_,2019-07-09T15:24:19.663,1,You can Special Summon this card (from your hand) by discarding 1 card.,0.06,0.21,1.49,0.17,,1st Edition,LDK2-ENY15,Common,WIND,Spellcaster,Effect Monster,2000,1200,
123498,The Tricky,The Tricky,https://tcgplayer-cdn.tcgplayer.com/product/123498_200w.jpg,2,1841,https://cpt.tcgcsv.com/-p_,2019-07-09T15:24:19.663,1,You can Special Summon this card (from your hand) by discarding 1 card.,0.05,0.23,1.49,0.17,,Unlimited,LDK2-ENY15,Common,WIND,Spellcaster,Effect Monster,2000,1200,
123499,Big Shield Gardna,Big Shield Gardna,https://tcgplayer-cdn.tcgplayer.com/product/123499_200w.jpg,2,1841,https://cpt.tcgcsv.com/_p_,2019-07-09T15:15:25.36,1,"During either player's turn, when this face-down card (and no other cards) is targeted by a Spell Card: Change this card to face-up Defense Position, and if you do, negate the Spell Card's activation. If this card is attacked, change it to Attack Position at the end of the Damage Step.",0.09,0.22,1.49,0.2,,1st Edition,LDK2-ENY16,Common,EARTH,Warrior,Effect Monster,100,2600,
123499,Big Shield Gardna,Big Shield Gardna,https://tcgplayer-cdn.tcgplayer.com/product/123499_200w.jpg,2,1841,https://cpt.tcgcsv.com/_p_,2019-07-09T15:15:25.36,1,"During either player's turn, when this face-down card (and no other cards) is targeted by a Spell Card: Change this card to face-up Defense Position, and if you do, negate the Spell Card's activation. If this card is attacked, change it to Attack Position at the end of the Damage Step.",0.1,0.25,1.49,0.13,,Unlimited,LDK2-ENY16,Common,EARTH,Warrior,Effect Monster,100,2600,
123500,Magician's Valkyria,Magicians Valkyria,https://tcgplayer-cdn.tcgplayer.com/product/123500_200w.jpg,2,1841,https://cpt.tcgcsv.com/0q_,2019-07-09T15:20:33.943,1,"Your opponent cannot target face-up Spellcaster-Type monsters for attacks, except this one.",0.19,0.49,2.2,0.35,,1st Edition,LDK2-ENY17,Common,LIGHT,Spellcaster,Effect Monster,1600,1800,
123500,Magician's Valkyria,Magicians Valkyria,https://tcgplayer-cdn.tcgplayer.com/product/123500_200w.jpg,2,1841,https://cpt.tcgcsv.com/0q_,2019-07-09T15:20:33.943,1,"Your opponent cannot target face-up Spellcaster-Type monsters for attacks, except this one.",0.25,0.5,1.56,0.41,,Unlimited,LDK2-ENY17,Common,LIGHT,Spellcaster,Effect Monster,1600,1800,
123501,Blast Magician,Blast Magician,https://tcgplayer-cdn.tcgplayer.com/product/123501_200w.jpg,2,1841,https://cpt.tcgcsv.com/2q_,2019-07-09T15:15:37.927,1,"Each time a Spell Card is activated, place 1 Spell Counter on this card when that Spell Card resolves. You can remove any number of Spell Counters from this card, then target 1 face-up monster on the field with ATK less than or equal to the number of counters you removed x 700; destroy that target.",0.09,0.2,1.42,0.18,,1st Edition,LDK2-ENY18,Common,FIRE,Spellcaster,Effect Monster,1400,1700,
123501,Blast Magician,Blast Magician,https://tcgplayer-cdn.tcgplayer.com/product/123501_200w.jpg,2,1841,https://cpt.tcgcsv.com/2q_,2019-07-09T15:15:37.927,1,"Each time a Spell Card is activated, place 1 Spell Counter on this card when that Spell Card resolves. You can remove any number of Spell Counters from this card, then target 1 face-up monster on the field with ATK less than or equal to the number of counters you removed x 700; destroy that target.",0.01,0.21,1.49,0.15,,Unlimited,LDK2-ENY18,Common,FIRE,Spellcaster,Effect Monster,1400,1700,
123502,Blockman,Blockman,https://tcgplayer-cdn.tcgplayer.com/product/123502_200w.jpg,2,1841,https://cpt.tcgcsv.com/3q_,2019-07-09T15:15:46.28,1,"You can Tribute this card; Special Summon in Defense Position, a number of ""Block Tokens"" (Rock-Type/EARTH/Level 4/ATK 1000/DEF 1500) equal to the number of your turns this card has been face-up on your side of the field. These Tokens cannot declare an attack.",0.01,0.2,1.49,0.1,,Unlimited,LDK2-ENY19,Common,EARTH,Rock,Effect Monster,1000,1500,
123502,Blockman,Blockman,https://tcgplayer-cdn.tcgplayer.com/product/123502_200w.jpg,2,1841,https://cpt.tcgcsv.com/3q_,2019-07-09T15:15:46.28,1,"You can Tribute this card; Special Summon in Defense Position, a number of ""Block Tokens"" (Rock-Type/EARTH/Level 4/ATK 1000/DEF 1500) equal to the number of your turns this card has been face-up on your side of the field. These Tokens cannot declare an attack.",0.02,0.2,1.35,0.08,,1st Edition,LDK2-ENY19,Common,EARTH,Rock,Effect Monster,1000,1500,
123503,Marshmallon,Marshmallon,https://tcgplayer-cdn.tcgplayer.com/product/123503_200w.jpg,2,1841,https://cpt.tcgcsv.com/5q_,2019-07-09T15:20:46.31,1,"After damage calculation, if this card was attacked, and was face-down at the start of the Damage Step: The attacking player takes 1000 damage. Cannot be destroyed by battle.",0.15,0.26,1.52,0.26,,1st Edition,LDK2-ENY20,Common,LIGHT,Fairy,Effect Monster,300,500,
123503,Marshmallon,Marshmallon,https://tcgplayer-cdn.tcgplayer.com/product/123503_200w.jpg,2,1841,https://cpt.tcgcsv.com/5q_,2019-07-09T15:20:46.31,1,"After damage calculation, if this card was attacked, and was face-down at the start of the Damage Step: The attacking player takes 1000 damage. Cannot be destroyed by battle.",0.1,0.25,1.49,0.22,,Unlimited,LDK2-ENY20,Common,LIGHT,Fairy,Effect Monster,300,500,
123504,Sangan,Sangan,https://tcgplayer-cdn.tcgplayer.com/product/123504_200w.jpg,2,1841,https://cpt.tcgcsv.com/6q_,2019-07-09T15:23:13.98,1,"If this card is sent from the field to the Graveyard: Add 1 monster with 1500 or less ATK from your Deck to your hand, but you cannot activate cards, or the effects of cards, with that name for the rest of this turn. You can only use this effect of ""Sangan"" once per turn.",0.22,0.34,1.53,0.34,,Unlimited,LDK2-ENY21,Common,DARK,Fiend,Effect Monster,1000,600,
123504,Sangan,Sangan,https://tcgplayer-cdn.tcgplayer.com/product/123504_200w.jpg,2,1841,https://cpt.tcgcsv.com/6q_,2019-07-09T15:23:13.98,1,"If this card is sent from the field to the Graveyard: Add 1 monster with 1500 or less ATK from your Deck to your hand, but you cannot activate cards, or the effects of cards, with that name for the rest of this turn. You can only use this effect of ""Sangan"" once per turn.",0.22,0.43,2.0,0.28,,1st Edition,LDK2-ENY21,Common,DARK,Fiend,Effect Monster,1000,600,
123505,Gold Sarcophagus,Gold Sarcophagus,https://tcgplayer-cdn.tcgplayer.com/product/123505_200w.jpg,2,1841,https://cpt.tcgcsv.com/7q_,2019-07-09T15:19:15.58,1,"Banish 1 card from your Deck, face-up. During your second Standby Phase after this card's activation, add that card to your hand.",0.12,0.37,1.99,0.37,,1st Edition,LDK2-ENY22,Common,SPELL,,Normal Spell,,,
123505,Gold Sarcophagus,Gold Sarcophagus,https://tcgplayer-cdn.tcgplayer.com/product/123505_200w.jpg,2,1841,https://cpt.tcgcsv.com/7q_,2019-07-09T15:19:15.58,1,"Banish 1 card from your Deck, face-up. During your second Standby Phase after this card's activation, add that card to your hand.",0.09,0.3,1.49,0.23,,Unlimited,LDK2-ENY22,Common,SPELL,,Normal Spell,,,
123506,Swords of Revealing Light,Swords of Revealing Light,https://tcgplayer-cdn.tcgplayer.com/product/123506_200w.jpg,2,1841,https://cpt.tcgcsv.com/8q_,2019-07-09T15:23:57.177,1,"Flip all monsters your opponent controls face-up. This card remains on the field for 3 of your opponent's turns. While this card is face-up on the field, monsters your opponent controls cannot declare an attack.",0.1,0.3,1.49,0.24,,1st Edition,LDK2-ENY23,Common,SPELL,,Normal Spell,,,
123506,Swords of Revealing Light,Swords of Revealing Light,https://tcgplayer-cdn.tcgplayer.com/product/123506_200w.jpg,2,1841,https://cpt.tcgcsv.com/8q_,2019-07-09T15:23:57.177,1,"Flip all monsters your opponent controls face-up. This card remains on the field for 3 of your opponent's turns. While this card is face-up on the field, monsters your opponent controls cannot declare an attack.",0.11,0.31,1.5,0.28,,Unlimited,LDK2-ENY23,Common,SPELL,,Normal Spell,,,
123507,Magical Dimension,Magical Dimension,https://tcgplayer-cdn.tcgplayer.com/product/123507_200w.jpg,2,1841,https://cpt.tcgcsv.com/9q_,2019-07-09T15:20:20.027,1,"If you control a Spellcaster-Type monster: Target 1 monster you control; Tribute that target, then Special Summon 1 Spellcaster-Type monster from your hand, then you can destroy 1 monster on the field.",0.07,0.24,1.38,0.17,,1st Edition,LDK2-ENY24,Common,SPELL,,Normal Spell,,,
123507,Magical Dimension,Magical Dimension,https://tcgplayer-cdn.tcgplayer.com/product/123507_200w.jpg,2,1841,https://cpt.tcgcsv.com/9q_,2019-07-09T15:20:20.027,1,"If you control a Spellcaster-Type monster: Target 1 monster you control; Tribute that target, then Special Summon 1 Spellcaster-Type monster from your hand, then you can destroy 1 monster on the field.",0.1,0.25,1.49,0.12,,Unlimited,LDK2-ENY24,Common,SPELL,,Normal Spell,,,
123508,Magicians Unite,Magicians Unite,https://tcgplayer-cdn.tcgplayer.com/product/123508_200w.jpg,2,1841,https://cpt.tcgcsv.com/bq_,2019-07-09T15:20:38.417,1,"If you control 2 or more Attack Position Spellcaster-Type monsters: Target 1 of them; its ATK becomes 3000 until the end of this turn, but other Spellcaster-Type monsters you control cannot attack this turn.",0.04,0.2,1.49,0.16,,Unlimited,LDK2-ENY25,Common,SPELL,,Normal Spell,,,
123508,Magicians Unite,Magicians Unite,https://tcgplayer-cdn.tcgplayer.com/product/123508_200w.jpg,2,1841,https://cpt.tcgcsv.com/bq_,2019-07-09T15:20:38.417,1,"If you control 2 or more Attack Position Spellcaster-Type monsters: Target 1 of them; its ATK becomes 3000 until the end of this turn, but other Spellcaster-Type monsters you control cannot attack this turn.",0.05,0.2,1.36,0.11,,1st Edition,LDK2-ENY25,Common,SPELL,,Normal Spell,,,
123509,Tricky Spell 4,Tricky Spell 4,https://tcgplayer-cdn.tcgplayer.com/product/123509_200w.jpg,2,1841,https://cpt.tcgcsv.com/cq_,2019-07-09T15:25:47.947,1,"Send 1 face-up ""The Tricky"" you control to the Graveyard; Special Summon ""Tricky Tokens"" (Spellcaster-Type/WIND/Level 5/ATK 2000/DEF 1200) in Defense Position, equal to the number of monsters your opponent controls. ""Tricky Tokens"" cannot declare an attack.",0.01,0.15,1.99,0.08,,Unlimited,LDK2-ENY26,Common,SPELL,,Normal Spell,,,
123509,Tricky Spell 4,Tricky Spell 4,https://tcgplayer-cdn.tcgplayer.com/product/123509_200w.jpg,2,1841,https://cpt.tcgcsv.com/cq_,2019-07-09T15:25:47.947,1,"Send 1 face-up ""The Tricky"" you control to the Graveyard; Special Summon ""Tricky Tokens"" (Spellcaster-Type/WIND/Level 5/ATK 2000/DEF 1200) in Defense Position, equal to the number of monsters your opponent controls. ""Tricky Tokens"" cannot declare an attack.",0.02,0.2,1.46,,,1st Edition,LDK2-ENY26,Common,SPELL,,Normal Spell,,,
123510,Thousand Knives,Thousand Knives,https://tcgplayer-cdn.tcgplayer.com/product/123510_200w.jpg,2,1841,https://cpt.tcgcsv.com/dq_,2019-07-09T15:24:36.607,1,"If you control ""Dark Magician"": Target 1 monster your opponent controls; destroy that target.",0.09,0.2,1.49,0.2,,Unlimited,LDK2-ENY27,Common,SPELL,,Normal Spell,,,
123510,Thousand Knives,Thousand Knives,https://tcgplayer-cdn.tcgplayer.com/product/123510_200w.jpg,2,1841,https://cpt.tcgcsv.com/dq_,2019-07-09T15:24:36.607,1,"If you control ""Dark Magician"": Target 1 monster your opponent controls; destroy that target.",0.1,0.36,1.42,0.43,,1st Edition,LDK2-ENY27,Common,SPELL,,Normal Spell,,,
123511,Dark Magic Attack,Dark Magic Attack,https://tcgplayer-cdn.tcgplayer.com/product/123511_200w.jpg,2,1841,https://cpt.tcgcsv.com/fq_,2019-07-09T15:17:30.277,1,"If you control ""Dark Magician"": Destroy all Spell and Trap Cards your opponent controls.",0.21,0.32,1.56,0.31,,Unlimited,LDK2-ENY28,Common,SPELL,,Normal Spell,,,
123511,Dark Magic Attack,Dark Magic Attack,https://tcgplayer-cdn.tcgplayer.com/product/123511_200w.jpg,2,1841,https://cpt.tcgcsv.com/fq_,2019-07-09T15:17:30.277,1,"If you control ""Dark Magician"": Destroy all Spell and Trap Cards your opponent controls.",0.21,0.37,1.98,0.3,,1st Edition,LDK2-ENY28,Common,SPELL,,Normal Spell,,,
123512,Contract with Exodia,Contract with Exodia,https://tcgplayer-cdn.tcgplayer.com/product/123512_200w.jpg,2,1841,https://cpt.tcgcsv.com/gq_,2019-07-09T15:16:46.06,1,"You can only activate this card when you have ""Exodia the Forbidden One"", ""Right Arm of the Forbidden One"", ""Left Arm of the Forbidden One"", ""Right Leg of the Forbidden One"", and ""Left Leg of the Forbidden One"" in your Graveyard. Special Summon 1 ""Exodia Necross"" from your hand.",0.04,0.26,1.49,0.22,,Unlimited,LDK2-ENY29,Common,SPELL,,Normal Spell,,,
123512,Contract with Exodia,Contract with Exodia,https://tcgplayer-cdn.tcgplayer.com/product/123512_200w.jpg,2,1841,https://cpt.tcgcsv.com/gq_,2019-07-09T15:16:46.06,1,"You can only activate this card when you have ""Exodia the Forbidden One"", ""Right Arm of the Forbidden One"", ""Left Arm of the Forbidden One"", ""Right Leg of the Forbidden One"", and ""Left Leg of the Forbidden One"" in your Graveyard. Special Summon 1 ""Exodia Necross"" from your hand.",0.1,0.3,1.49,0.28,,1st Edition,LDK2-ENY29,Common,SPELL,,Normal Spell,,,
123513,Messenger of Peace,Messenger of Peace,https://tcgplayer-cdn.tcgplayer.com/product/123513_200w.jpg,2,1841,https://cpt.tcgcsv.com/hq_,2019-07-09T15:20:59.007,1,"Monsters with 1500 or more ATK cannot declare an attack. Once per turn, during your Standby Phase, pay 100 LP or destroy this card.",0.28,0.75,3.89,0.49,,1st Edition,LDK2-ENY30,Common,SPELL,,Normal Spell,,,
123513,Messenger of Peace,Messenger of Peace,https://tcgplayer-cdn.tcgplayer.com/product/123513_200w.jpg,2,1841,https://cpt.tcgcsv.com/hq_,2019-07-09T15:20:59.007,1,"Monsters with 1500 or more ATK cannot declare an attack. Once per turn, during your Standby Phase, pay 100 LP or destroy this card.",0.3,0.84,4.99,0.78,,Unlimited,LDK2-ENY30,Common,SPELL,,Normal Spell,,,
123514,Dark Factory of Mass Production,Dark Factory of Mass Production,https://tcgplayer-cdn.tcgplayer.com/product/123514_200w.jpg,2,1841,https://cpt.tcgcsv.com/jq_,2019-07-09T15:17:24.953,1,Target 2 Normal Monsters in your Graveyard; add those targets to your hand.,0.1,0.26,1.49,0.27,,1st Edition,LDK2-ENY31,Common,SPELL,,Normal Spell,,,
123514,Dark Factory of Mass Production,Dark Factory of Mass Production,https://tcgplayer-cdn.tcgplayer.com/product/123514_200w.jpg,2,1841,https://cpt.tcgcsv.com/jq_,2019-07-09T15:17:24.953,1,Target 2 Normal Monsters in your Graveyard; add those targets to your hand.,0.1,0.3,1.49,0.24,,Unlimited,LDK2-ENY31,Common,SPELL,,Normal Spell,,,
123515,Monster Reincarnation,Monster Reincarnation,https://tcgplayer-cdn.tcgplayer.com/product/123515_200w.jpg,2,1841,https://cpt.tcgcsv.com/kq_,2019-07-09T15:21:08.103,1,"Discard 1 card, then target 1 monster in your Graveyard; add it to your hand.",0.1,0.25,1.49,0.2,,1st Edition,LDK2-ENY32,Common,SPELL,,Normal Spell,,,
123515,Monster Reincarnation,Monster Reincarnation,https://tcgplayer-cdn.tcgplayer.com/product/123515_200w.jpg,2,1841,https://cpt.tcgcsv.com/kq_,2019-07-09T15:21:08.103,1,"Discard 1 card, then target 1 monster in your Graveyard; add it to your hand.",0.09,0.25,1.49,0.14,,Unlimited,LDK2-ENY32,Common,SPELL,,Normal Spell,,,
123516,Secret Village of the Spellcasters,Secret Village of the Spellcasters,https://tcgplayer-cdn.tcgplayer.com/product/123516_200w.jpg,2,1841,https://cpt.tcgcsv.com/lq_,2019-07-09T15:23:22.387,1,"If you control a Spellcaster-Type monster and your opponent does not, your opponent cannot activate Spell Cards. If you control no Spellcaster-Type monsters, you cannot activate Spell Cards.",0.25,0.46,1.59,0.32,,Unlimited,LDK2-ENY33,Common,SPELL,,Normal Spell,,,
123516,Secret Village of the Spellcasters,Secret Village of the Spellcasters,https://tcgplayer-cdn.tcgplayer.com/product/123516_200w.jpg,2,1841,https://cpt.tcgcsv.com/lq_,2019-07-09T15:23:22.387,1,"If you control a Spellcaster-Type monster and your opponent does not, your opponent cannot activate Spell Cards. If you control no Spellcaster-Type monsters, you cannot activate Spell Cards.",0.15,0.56,2.67,0.54,,1st Edition,LDK2-ENY33,Common,SPELL,,Normal Spell,,,
123517,Pot of Duality,Pot of Duality,https://tcgplayer-cdn.tcgplayer.com/product/123517_200w.jpg,2,1841,https://cpt.tcgcsv.com/mq_,2019-07-09T15:22:02.47,1,"Excavate the top 3 cards of your Deck, add 1 of them to your hand, also, after that, shuffle the rest back into your Deck. You can only activate 1 ""Pot of Duality"" per turn. You cannot Special Summon during the turn you activate this card.",0.19,0.5,2.0,0.47,0.41,1st Edition,LDK2-ENY34,Common,SPELL,,Normal Spell,,,
123517,Pot of Duality,Pot of Duality,https://tcgplayer-cdn.tcgplayer.com/product/123517_200w.jpg,2,1841,https://cpt.tcgcsv.com/mq_,2019-07-09T15:22:02.47,1,"Excavate the top 3 cards of your Deck, add 1 of them to your hand, also, after that, shuffle the rest back into your Deck. You can only activate 1 ""Pot of Duality"" per turn. You cannot Special Summon during the turn you activate this card.",0.15,0.47,55.0,0.24,,Unlimited,LDK2-ENY34,Common,SPELL,,Normal Spell,,,
123518,Mirror Force,Mirror Force,https://tcgplayer-cdn.tcgplayer.com/product/123518_200w.jpg,2,1841,https://cpt.tcgcsv.com/nq_,2019-07-09T15:21:03.133,1,When an opponent's monster declares an attack: Destroy all Attack Position monsters your opponent controls.,0.7,1.0,1.7,0.97,,1st Edition,LDK2-ENY35,Common,TRAP,,Normal Trap,,,
123518,Mirror Force,Mirror Force,https://tcgplayer-cdn.tcgplayer.com/product/123518_200w.jpg,2,1841,https://cpt.tcgcsv.com/nq_,2019-07-09T15:21:03.133,1,When an opponent's monster declares an attack: Destroy all Attack Position monsters your opponent controls.,0.75,1.0,2.1,0.99,,Unlimited,LDK2-ENY35,Common,TRAP,,Normal Trap,,,
123519,Magical Hats,Magical Hats,https://tcgplayer-cdn.tcgplayer.com/product/123519_200w.jpg,2,1841,https://cpt.tcgcsv.com/pq_,2019-07-09T15:20:24.133,1,"During your opponent's Battle Phase: Choose 2 Spell/Trap Cards from your Deck and 1 monster you control. Special Summon them as Normal Monsters (ATK 0/DEF 0) in face-down Defense Position, Set the chosen monster if it is face-up, and shuffle them on the field. The 2 cards chosen from your Deck are destroyed at the end of the Battle Phase, and cannot remain on the field except during this Battle Phase.",0.11,0.25,1.99,0.15,,1st Edition,LDK2-ENY36,Common,TRAP,,Normal Trap,,,
123519,Magical Hats,Magical Hats,https://tcgplayer-cdn.tcgplayer.com/product/123519_200w.jpg,2,1841,https://cpt.tcgcsv.com/pq_,2019-07-09T15:20:24.133,1,"During your opponent's Battle Phase: Choose 2 Spell/Trap Cards from your Deck and 1 monster you control. Special Summon them as Normal Monsters (ATK 0/DEF 0) in face-down Defense Position, Set the chosen monster if it is face-up, and shuffle them on the field. The 2 cards chosen from your Deck are destroyed at the end of the Battle Phase, and cannot remain on the field except during this Battle Phase.",0.11,0.25,1.49,0.2,,Unlimited,LDK2-ENY36,Common,TRAP,,Normal Trap,,,
123520,Magic Cylinder,Magic Cylinder,https://tcgplayer-cdn.tcgplayer.com/product/123520_200w.jpg,2,1841,https://cpt.tcgcsv.com/qq_,2019-07-09T15:20:15.99,1,"When an opponent's monster declares an attack: Target the attacking monster; negate the attack, and if you do, inflict damage to your opponent equal to its ATK.",0.15,0.5,2.29,0.34,,1st Edition,LDK2-ENY37,Common,TRAP,,Normal Trap,,,
123520,Magic Cylinder,Magic Cylinder,https://tcgplayer-cdn.tcgplayer.com/product/123520_200w.jpg,2,1841,https://cpt.tcgcsv.com/qq_,2019-07-09T15:20:15.99,1,"When an opponent's monster declares an attack: Target the attacking monster; negate the attack, and if you do, inflict damage to your opponent equal to its ATK.",0.25,0.5,1.71,0.44,,Unlimited,LDK2-ENY37,Common,TRAP,,Normal Trap,,,
123521,Magician's Circle,Magicians Circle,https://tcgplayer-cdn.tcgplayer.com/product/123521_200w.jpg,2,1841,https://cpt.tcgcsv.com/rq_,2019-07-09T15:20:28.02,1,When a Spellcaster-Type monster declares an attack: Each player Special Summons 1 Spellcaster-Type monster with 2000 or less ATK from their Deck in Attack Position.,0.1,0.24,1.49,0.18,,1st Edition,LDK2-ENY38,Common,TRAP,,Normal Trap,,,
123521,Magician's Circle,Magicians Circle,https://tcgplayer-cdn.tcgplayer.com/product/123521_200w.jpg,2,1841,https://cpt.tcgcsv.com/rq_,2019-07-09T15:20:28.02,1,When a Spellcaster-Type monster declares an attack: Each player Special Summons 1 Spellcaster-Type monster with 2000 or less ATK from their Deck in Attack Position.,0.01,0.25,1.99,0.16,,Unlimited,LDK2-ENY38,Common,TRAP,,Normal Trap,,,
123522,Backup Soldier,Backup Soldier,https://tcgplayer-cdn.tcgplayer.com/product/123522_200w.jpg,2,1841,https://cpt.tcgcsv.com/sq_,2019-07-09T15:15:12.28,1,While there are 5 or more monsters in your Graveyard: Target up to 3 non-Effect Monsters with 1500 or less ATK in your Graveyard; add them to your hand.,0.01,0.25,1.49,0.06,,Unlimited,LDK2-ENY39,Common,TRAP,,Normal Trap,,,
123522,Backup Soldier,Backup Soldier,https://tcgplayer-cdn.tcgplayer.com/product/123522_200w.jpg,2,1841,https://cpt.tcgcsv.com/sq_,2019-07-09T15:15:12.28,1,While there are 5 or more monsters in your Graveyard: Target up to 3 non-Effect Monsters with 1500 or less ATK in your Graveyard; add them to your hand.,0.06,0.25,1.0,0.12,,1st Edition,LDK2-ENY39,Common,TRAP,,Normal Trap,,,
123523,Gravity Bind,Gravity Bind,https://tcgplayer-cdn.tcgplayer.com/product/123523_200w.jpg,2,1841,https://cpt.tcgcsv.com/tq_,2019-07-09T15:19:19.957,1,Level 4 or higher monsters cannot attack.,0.25,0.46,1.6,0.46,,Unlimited,LDK2-ENY40,Common,TRAP,,Normal Trap,,,
123523,Gravity Bind,Gravity Bind,https://tcgplayer-cdn.tcgplayer.com/product/123523_200w.jpg,2,1841,https://cpt.tcgcsv.com/tq_,2019-07-09T15:19:19.957,1,Level 4 or higher monsters cannot attack.,0.2,0.5,1.97,0.45,,1st Edition,LDK2-ENY40,Common,TRAP,,Normal Trap,,,
123524,Token: Yugi,Token Yugi,https://tcgplayer-cdn.tcgplayer.com/product/123524_200w.jpg,2,1841,https://cpt.tcgcsv.com/vq_,2022-09-14T17:58:50.697,1,This card can be used as any Token.,0.43,0.65,10.0,0.61,,Limited,LDK2-ENT01,Ultra Rare,,,Token,,,
123525,Blue-Eyes White Dragon (Version 2),Blue Eyes White Dragon Version 2,https://tcgplayer-cdn.tcgplayer.com/product/123525_200w.jpg,2,1841,https://cpt.tcgcsv.com/wq_,2025-02-20T10:17:06.157,1,"<i>This legendary dragon is a powerful engine of destruction. Virtually invincible, very few have faced this awesome creature and lived to tell the tale.",3.71,6.18,11.99,7.83,5.26,Unlimited,LDK2-ENK01,Common,LIGHT,Dragon,Normal Monster,3000,2500,
123525,Blue-Eyes White Dragon (Version 2),Blue Eyes White Dragon Version 2,https://tcgplayer-cdn.tcgplayer.com/product/123525_200w.jpg,2,1841,https://cpt.tcgcsv.com/wq_,2025-02-20T10:17:06.157,1,"<i>This legendary dragon is a powerful engine of destruction. Virtually invincible, very few have faced this awesome creature and lived to tell the tale.",5.89,9.19,15.99,8.39,,1st Edition,LDK2-ENK01,Common,LIGHT,Dragon,Normal Monster,3000,2500,
123526,Dragon Spirit of White,Dragon Spirit of White,https://tcgplayer-cdn.tcgplayer.com/product/123526_200w.jpg,2,1841,https://cpt.tcgcsv.com/xq_,2019-07-09T15:17:48.603,1,"(This card is always treated as a ""Blue-Eyes"" card.)
<br>This card is treated as a Normal Monster while in the hand or Graveyard. When this card is Normal or Special Summoned: You can target 1 Spell/Trap Card your opponent controls; banish it. During either player's turn, if your opponent controls a monster: You can Tribute this card; Special Summon 1 ""Blue-Eyes White Dragon"" from your hand.",0.08,0.48,5.43,0.4,0.46,1st Edition,LDK2-ENK02,Common,LIGHT,Dragon,Effect Monster,2500,2000,
123526,Dragon Spirit of White,Dragon Spirit of White,https://tcgplayer-cdn.tcgplayer.com/product/123526_200w.jpg,2,1841,https://cpt.tcgcsv.com/xq_,2019-07-09T15:17:48.603,1,"(This card is always treated as a ""Blue-Eyes"" card.)
<br>This card is treated as a Normal Monster while in the hand or Graveyard. When this card is Normal or Special Summoned: You can target 1 Spell/Trap Card your opponent controls; banish it. During either player's turn, if your opponent controls a monster: You can Tribute this card; Special Summon 1 ""Blue-Eyes White Dragon"" from your hand.",0.1,0.28,1.99,0.22,0.23,Unlimited,LDK2-ENK02,Common,LIGHT,Dragon,Effect Monster,2500,2000,
123527,Kaibaman,Kaibaman,https://tcgplayer-cdn.tcgplayer.com/product/123527_200w.jpg,2,1841,https://cpt.tcgcsv.com/zq_,2019-07-09T15:19:37.223,1,"You can Tribute this card; Special Summon 1 ""Blue-Eyes White Dragon"" from your hand.",0.01,0.24,1.49,0.23,,Unlimited,LDK2-ENK03,Common,LIGHT,Warrior,Effect Monster,200,700,
123527,Kaibaman,Kaibaman,https://tcgplayer-cdn.tcgplayer.com/product/123527_200w.jpg,2,1841,https://cpt.tcgcsv.com/zq_,2019-07-09T15:19:37.223,1,"You can Tribute this card; Special Summon 1 ""Blue-Eyes White Dragon"" from your hand.",0.05,0.25,1.49,0.19,,1st Edition,LDK2-ENK03,Common,LIGHT,Warrior,Effect Monster,200,700,
123528,The White Stone of Legend,The White Stone of Legend,https://tcgplayer-cdn.tcgplayer.com/product/123528_200w.jpg,2,1841,https://cpt.tcgcsv.com/Bq_,2019-07-09T15:24:29.04,1,"If this card is sent to the Graveyard: Add 1 ""Blue-Eyes White Dragon"" from your Deck to your hand.",0.13,0.35,3.99,0.26,0.13,1st Edition,LDK2-ENK04,Common,LIGHT,Dragon,Tuner/Effect Monster,300,250,
123528,The White Stone of Legend,The White Stone of Legend,https://tcgplayer-cdn.tcgplayer.com/product/123528_200w.jpg,2,1841,https://cpt.tcgcsv.com/Bq_,2019-07-09T15:24:29.04,1,"If this card is sent to the Graveyard: Add 1 ""Blue-Eyes White Dragon"" from your Deck to your hand.",0.15,0.29,1.49,0.25,0.25,Unlimited,LDK2-ENK04,Common,LIGHT,Dragon,Tuner/Effect Monster,300,250,
123529,The White Stone of Ancients,The White Stone of Ancients,https://tcgplayer-cdn.tcgplayer.com/product/123529_200w.jpg,2,1841,https://cpt.tcgcsv.com/Cq_,2024-09-17T17:41:28.49,1,"Once per turn, during the End Phase, if this card is in the Graveyard because it was sent there this turn: You can Special Summon 1 ""Blue-Eyes"" monster from your Deck. You can banish this card from your Graveyard, then target 1 ""Blue-Eyes"" monster in your Graveyard; add it to your hand. You can only use this effect of ""The White Stone of Ancients"" once per turn.",0.19,0.94,3.99,0.91,0.85,Unlimited,LDK2-ENK05,Common,LIGHT,Dragon,Tuner/Effect Monster,600,500,
123529,The White Stone of Ancients,The White Stone of Ancients,https://tcgplayer-cdn.tcgplayer.com/product/123529_200w.jpg,2,1841,https://cpt.tcgcsv.com/Cq_,2024-09-17T17:41:28.49,1,"Once per turn, during the End Phase, if this card is in the Graveyard because it was sent there this turn: You can Special Summon 1 ""Blue-Eyes"" monster from your Deck. You can banish this card from your Graveyard, then target 1 ""Blue-Eyes"" monster in your Graveyard; add it to your hand. You can only use this effect of ""The White Stone of Ancients"" once per turn.",0.1,0.75,91.0,0.66,,1st Edition,LDK2-ENK05,Common,LIGHT,Dragon,Tuner/Effect Monster,600,500,
123530,Maiden with Eyes of Blue,Maiden with Eyes of Blue,https://tcgplayer-cdn.tcgplayer.com/product/123530_200w.jpg,2,1841,https://cpt.tcgcsv.com/Dq_,2019-07-09T15:20:42.507,1,"When this card is targeted for an attack: You can negate the attack, and if you do, change the battle position of this card, then you can Special Summon 1 ""Blue-Eyes White Dragon"" from your hand, Deck, or Graveyard. During either player's turn, when a card or effect is activated that targets this face-up card (except during the Damage Step): You can Special Summon 1 ""Blue-Eyes White Dragon"" from your hand, Deck, or Graveyard. You can only use 1 ""Maiden with Eyes of Blue"" effect per turn, and only once that turn.",0.23,0.5,5.39,0.44,,1st Edition,LDK2-ENK06,Ultra Rare,LIGHT,Spellcaster,Tuner/Effect Monster,0,0,
123530,Maiden with Eyes of Blue,Maiden with Eyes of Blue,https://tcgplayer-cdn.tcgplayer.com/product/123530_200w.jpg,2,1841,https://cpt.tcgcsv.com/Dq_,2019-07-09T15:20:42.507,1,"When this card is targeted for an attack: You can negate the attack, and if you do, change the battle position of this card, then you can Special Summon 1 ""Blue-Eyes White Dragon"" from your hand, Deck, or Graveyard. During either player's turn, when a card or effect is activated that targets this face-up card (except during the Damage Step): You can Special Summon 1 ""Blue-Eyes White Dragon"" from your hand, Deck, or Graveyard. You can only use 1 ""Maiden with Eyes of Blue"" effect per turn, and only once that turn.",0.17,0.44,2.98,0.25,,Unlimited,LDK2-ENK06,Ultra Rare,LIGHT,Spellcaster,Tuner/Effect Monster,0,0,
123531,Protector with Eyes of Blue,Protector with Eyes of Blue,https://tcgplayer-cdn.tcgplayer.com/product/123531_200w.jpg,2,1841,https://cpt.tcgcsv.com/Fq_,2019-07-09T15:22:06.377,1,"When this card is Normal Summoned: You can Special Summon 1 Level 1 LIGHT Tuner monster from your hand. You can target 1 Effect Monster you control; send it to the Graveyard, and if you do, Special Summon 1 ""Blue-Eyes"" monster from your hand. You can only use this effect of ""Protector with Eyes of Blue"" once per turn.",0.1,0.18,1.49,0.15,0.11,Unlimited,LDK2-ENK07,Common,LIGHT,Spellcaster,Tuner/Effect Monster,800,1300,
123531,Protector with Eyes of Blue,Protector with Eyes of Blue,https://tcgplayer-cdn.tcgplayer.com/product/123531_200w.jpg,2,1841,https://cpt.tcgcsv.com/Fq_,2019-07-09T15:22:06.377,1,"When this card is Normal Summoned: You can Special Summon 1 Level 1 LIGHT Tuner monster from your hand. You can target 1 Effect Monster you control; send it to the Graveyard, and if you do, Special Summon 1 ""Blue-Eyes"" monster from your hand. You can only use this effect of ""Protector with Eyes of Blue"" once per turn.",0.09,0.28,1.53,0.29,,1st Edition,LDK2-ENK07,Common,LIGHT,Spellcaster,Tuner/Effect Monster,800,1300,
123532,Master with Eyes of Blue,Master with Eyes of Blue,https://tcgplayer-cdn.tcgplayer.com/product/123532_200w.jpg,2,1841,https://cpt.tcgcsv.com/Gq_,2019-07-09T15:20:51.103,1,"When this card is Normal Summoned: You can target 1 Level 1 LIGHT Tuner monster in your Graveyard; add it to your hand. You can shuffle this card from your Graveyard into the Deck, then target 1 Effect Monster you control; send it to the Graveyard, and if you do, Special Summon 1 ""Blue-Eyes"" monster from your Graveyard, other than the sent monster. You can only use this effect of ""Master with Eyes of Blue"" once per turn.",0.1,0.22,1.49,0.16,0.15,Unlimited,LDK2-ENK08,Common,LIGHT,Spellcaster,Tuner/Effect Monster,300,1200,
123532,Master with Eyes of Blue,Master with Eyes of Blue,https://tcgplayer-cdn.tcgplayer.com/product/123532_200w.jpg,2,1841,https://cpt.tcgcsv.com/Gq_,2019-07-09T15:20:51.103,1,"When this card is Normal Summoned: You can target 1 Level 1 LIGHT Tuner monster in your Graveyard; add it to your hand. You can shuffle this card from your Graveyard into the Deck, then target 1 Effect Monster you control; send it to the Graveyard, and if you do, Special Summon 1 ""Blue-Eyes"" monster from your Graveyard, other than the sent monster. You can only use this effect of ""Master with Eyes of Blue"" once per turn.",0.06,0.3,1.49,0.42,,1st Edition,LDK2-ENK08,Common,LIGHT,Spellcaster,Tuner/Effect Monster,300,1200,
123533,Battle Ox,Battle Ox,https://tcgplayer-cdn.tcgplayer.com/product/123533_200w.jpg,2,1841,https://cpt.tcgcsv.com/Hq_,2019-07-09T15:15:16.59,1,"<i>A monster with tremendous power, it destroys enemies with a swing of its axe.",0.05,0.24,1.49,0.2,,Unlimited,LDK2-ENK09,Common,EARTH,Beast-Warrior,Normal Monster,1700,1000,
123533,Battle Ox,Battle Ox,https://tcgplayer-cdn.tcgplayer.com/product/123533_200w.jpg,2,1841,https://cpt.tcgcsv.com/Hq_,2019-07-09T15:15:16.59,1,"<i>A monster with tremendous power, it destroys enemies with a swing of its axe.",0.07,0.25,1.0,0.18,,1st Edition,LDK2-ENK09,Common,EARTH,Beast-Warrior,Normal Monster,1700,1000,
123534,La Jinn the Mystical Genie of the Lamp,La Jinn the Mystical Genie of the Lamp,https://tcgplayer-cdn.tcgplayer.com/product/123534_200w.jpg,2,1841,https://cpt.tcgcsv.com/Jq_,2019-07-09T15:20:03.517,1,<i>A genie of the lamp that is at the beck and call of its master.,0.01,0.24,1.49,0.12,,Unlimited,LDK2-ENK10,Common,DARK,Fiend,Normal Monster,1800,1000,
123534,La Jinn the Mystical Genie of the Lamp,La Jinn the Mystical Genie of the Lamp,https://tcgplayer-cdn.tcgplayer.com/product/123534_200w.jpg,2,1841,https://cpt.tcgcsv.com/Jq_,2019-07-09T15:20:03.517,1,<i>A genie of the lamp that is at the beck and call of its master.,0.05,0.24,1.49,0.11,,1st Edition,LDK2-ENK10,Common,DARK,Fiend,Normal Monster,1800,1000,
123535,Vorse Raider,Vorse Raider,https://tcgplayer-cdn.tcgplayer.com/product/123535_200w.jpg,2,1841,https://cpt.tcgcsv.com/Kq_,2019-07-09T15:25:51.497,1,"<i> This wicked Beast-Warrior does every horrid thing imaginable, and loves it! His axe bears the marks of his countless victims.",0.1,0.25,1.0,0.2,,1st Edition,LDK2-ENK11,Common,DARK,Beast-Warrior,Normal Monster,1900,1200,
123535,Vorse Raider,Vorse Raider,https://tcgplayer-cdn.tcgplayer.com/product/123535_200w.jpg,2,1841,https://cpt.tcgcsv.com/Kq_,2019-07-09T15:25:51.497,1,"<i> This wicked Beast-Warrior does every horrid thing imaginable, and loves it! His axe bears the marks of his countless victims.",0.05,0.21,1.36,0.21,,Unlimited,LDK2-ENK11,Common,DARK,Beast-Warrior,Normal Monster,1900,1200,
123536,Alexandrite Dragon,Alexandrite Dragon,https://tcgplayer-cdn.tcgplayer.com/product/123536_200w.jpg,2,1841,https://cpt.tcgcsv.com/Lq_,2019-07-09T15:14:33.18,1,"<i>Many of the czars' lost jewels can be found in the scales of this priceless dragon. Its creator remains a mystery, along with how they acquired the imperial treasures. But whosoever finds this dragon has hit the jackpot... whether they know it or not.",0.1,0.25,1.0,0.25,,1st Edition,LDK2-ENK12,Common,LIGHT,Dragon,Normal Monster,2000,100,
123536,Alexandrite Dragon,Alexandrite Dragon,https://tcgplayer-cdn.tcgplayer.com/product/123536_200w.jpg,2,1841,https://cpt.tcgcsv.com/Lq_,2019-07-09T15:14:33.18,1,"<i>Many of the czars' lost jewels can be found in the scales of this priceless dragon. Its creator remains a mystery, along with how they acquired the imperial treasures. But whosoever finds this dragon has hit the jackpot... whether they know it or not.",0.1,0.22,1.13,0.16,,Unlimited,LDK2-ENK12,Common,LIGHT,Dragon,Normal Monster,2000,100,
123537,Blade Knight,Blade Knight,https://tcgplayer-cdn.tcgplayer.com/product/123537_200w.jpg,2,1841,https://cpt.tcgcsv.com/Mq_,2019-07-09T15:15:33.88,1,"While you have 1 or less cards in your hand, this card gains 400 ATK. If you control no other monsters, negate the effects of Flip monsters destroyed by battle with this card.",0.25,0.44,1.25,0.39,,Unlimited,LDK2-ENK13,Common,LIGHT,Warrior,Effect Monster,1600,1000,
123537,Blade Knight,Blade Knight,https://tcgplayer-cdn.tcgplayer.com/product/123537_200w.jpg,2,1841,https://cpt.tcgcsv.com/Mq_,2019-07-09T15:15:33.88,1,"While you have 1 or less cards in your hand, this card gains 400 ATK. If you control no other monsters, negate the effects of Flip monsters destroyed by battle with this card.",0.2,0.59,1.53,0.57,,1st Edition,LDK2-ENK13,Common,LIGHT,Warrior,Effect Monster,1600,1000,
123538,Ancient Lamp,Ancient Lamp,https://tcgplayer-cdn.tcgplayer.com/product/123538_200w.jpg,2,1841,https://cpt.tcgcsv.com/Nq_,2019-07-09T15:14:47.263,1,"During your Main Phase: You can Special Summon ""La Jinn the Mystical Genie of the Lamp"" from your hand. This card must be face-up on the field to activate and to resolve this effect. Before damage calculation, if this card is being attacked by an opponent's monster, and was face-down at the start of the Damage Step: You can target 1 monster your opponent controls, except the attacking monster; the attacking monster attacks it instead, and you proceed to damage calculation.",0.01,0.21,1.49,0.07,,Unlimited,LDK2-ENK14,Common,WIND,Spellcaster,Effect Monster,900,1400,
123538,Ancient Lamp,Ancient Lamp,https://tcgplayer-cdn.tcgplayer.com/product/123538_200w.jpg,2,1841,https://cpt.tcgcsv.com/Nq_,2019-07-09T15:14:47.263,1,"During your Main Phase: You can Special Summon ""La Jinn the Mystical Genie of the Lamp"" from your hand. This card must be face-up on the field to activate and to resolve this effect. Before damage calculation, if this card is being attacked by an opponent's monster, and was face-down at the start of the Damage Step: You can target 1 monster your opponent controls, except the attacking monster; the attacking monster attacks it instead, and you proceed to damage calculation.",0.01,0.2,1.49,0.12,,1st Edition,LDK2-ENK14,Common,WIND,Spellcaster,Effect Monster,900,1400,
123539,Tiger Dragon,Tiger Dragon,https://tcgplayer-cdn.tcgplayer.com/product/123539_200w.jpg,2,1841,https://cpt.tcgcsv.com/Pq_,2019-07-09T15:24:46.737,1,When this card is Tribute Summoned by Tributing a Dragon-Type monster: You can target up to 2 face-down Spell/Trap Cards your opponent controls; destroy those targets.,0.01,0.15,1.49,0.04,,Unlimited,LDK2-ENK15,Common,EARTH,Dragon,Effect Monster,2400,1800,
123539,Tiger Dragon,Tiger Dragon,https://tcgplayer-cdn.tcgplayer.com/product/123539_200w.jpg,2,1841,https://cpt.tcgcsv.com/Pq_,2019-07-09T15:24:46.737,1,When this card is Tribute Summoned by Tributing a Dragon-Type monster: You can target up to 2 face-down Spell/Trap Cards your opponent controls; destroy those targets.,0.01,0.25,1.32,0.28,,1st Edition,LDK2-ENK15,Common,EARTH,Dragon,Effect Monster,2400,1800,
123540,Kidmodo Dragon,Kidmodo Dragon,https://tcgplayer-cdn.tcgplayer.com/product/123540_200w.jpg,2,1841,https://cpt.tcgcsv.com/Qq_,2019-07-09T15:19:49.533,1,"If this card is sent to the Graveyard: You can Special Summon 1 Dragon-Type monster from your hand. You cannot Special Summon monsters, except Dragon-Type monsters, nor conduct your Battle Phase, the turn you activate this effect. You can only use this effect of ""Kidmodo Dragon"" once per turn.",0.1,0.32,1.41,0.23,,1st Edition,LDK2-ENK16,Common,EARTH,Dragon,Effect Monster,100,200,
123540,Kidmodo Dragon,Kidmodo Dragon,https://tcgplayer-cdn.tcgplayer.com/product/123540_200w.jpg,2,1841,https://cpt.tcgcsv.com/Qq_,2019-07-09T15:19:49.533,1,"If this card is sent to the Graveyard: You can Special Summon 1 Dragon-Type monster from your hand. You cannot Special Summon monsters, except Dragon-Type monsters, nor conduct your Battle Phase, the turn you activate this effect. You can only use this effect of ""Kidmodo Dragon"" once per turn.",0.01,0.25,1.49,0.19,,Unlimited,LDK2-ENK16,Common,EARTH,Dragon,Effect Monster,100,200,
123541,King of the Swamp,King of the Swamp,https://tcgplayer-cdn.tcgplayer.com/product/123541_200w.jpg,2,1841,https://cpt.tcgcsv.com/Rq_,2025-03-30T09:54:36.1,1,"You can substitute this card for any 1 Fusion Material Monster, but the other Fusion Material Monster(s) must be correct. You can discard this card to the Graveyard: Add 1 ""Polymerization"" from your Deck to your hand.",0.3,1.08,7.0,1.15,1.14,Unlimited,LDK2-ENK17,Common,WATER,Aqua,Effect Monster,500,1100,
123541,King of the Swamp,King of the Swamp,https://tcgplayer-cdn.tcgplayer.com/product/123541_200w.jpg,2,1841,https://cpt.tcgcsv.com/Rq_,2025-03-30T09:54:36.1,1,"You can substitute this card for any 1 Fusion Material Monster, but the other Fusion Material Monster(s) must be correct. You can discard this card to the Graveyard: Add 1 ""Polymerization"" from your Deck to your hand.",0.5,1.1,15.0,1.11,,1st Edition,LDK2-ENK17,Common,WATER,Aqua,Effect Monster,500,1100,
123542,Rider of the Storm Winds,Rider of the Storm Winds,https://tcgplayer-cdn.tcgplayer.com/product/123542_200w.jpg,2,1841,https://cpt.tcgcsv.com/Sq_,2019-07-09T15:22:44.673,1,"You can target 1 Dragon-Type Normal Monster you control; equip this monster from your hand or your side of the field to that target. If a monster equipped with this card attacks a Defense Position monster, inflict piercing battle damage to your opponent. If a monster equipped with this card would be destroyed, destroy this card instead.",0.05,0.25,1.38,0.27,,1st Edition,LDK2-ENK18,Common,LIGHT,Dragon,Tuner/Effect Monster,500,200,
123542,Rider of the Storm Winds,Rider of the Storm Winds,https://tcgplayer-cdn.tcgplayer.com/product/123542_200w.jpg,2,1841,https://cpt.tcgcsv.com/Sq_,2019-07-09T15:22:44.673,1,"You can target 1 Dragon-Type Normal Monster you control; equip this monster from your hand or your side of the field to that target. If a monster equipped with this card attacks a Defense Position monster, inflict piercing battle damage to your opponent. If a monster equipped with this card would be destroyed, destroy this card instead.",0.01,0.2,1.49,0.13,,Unlimited,LDK2-ENK18,Common,LIGHT,Dragon,Tuner/Effect Monster,500,200,
123543,Burst Stream of Destruction,Burst Stream of Destruction,https://tcgplayer-cdn.tcgplayer.com/product/123543_200w.jpg,2,1841,https://cpt.tcgcsv.com/Tq_,2019-07-09T15:16:18.853,1,"If you control a ""Blue-Eyes White Dragon"": Destroy all monsters your opponent controls. ""Blue-Eyes White Dragons"" cannot attack the turn you activate this card.",0.09,0.25,1.4,0.24,,1st Edition,LDK2-ENK19,Common,SPELL,,Normal Spell,,,
123543,Burst Stream of Destruction,Burst Stream of Destruction,https://tcgplayer-cdn.tcgplayer.com/product/123543_200w.jpg,2,1841,https://cpt.tcgcsv.com/Tq_,2019-07-09T15:16:18.853,1,"If you control a ""Blue-Eyes White Dragon"": Destroy all monsters your opponent controls. ""Blue-Eyes White Dragons"" cannot attack the turn you activate this card.",0.04,0.21,1.49,0.16,,Unlimited,LDK2-ENK19,Common,SPELL,,Normal Spell,,,
123544,Beacon of White,Beacon of White,https://tcgplayer-cdn.tcgplayer.com/product/123544_200w.jpg,2,1841,https://cpt.tcgcsv.com/Vq_,2019-07-09T15:15:21.13,1,"If you do not control another ""Beacon of White"", and you have 3 or more ""Blue-Eyes"" monsters in your Graveyard: Target 1 of them; Special Summon it, but its effects are negated, also equip it with this card. When this card leaves the field, banish the equipped monster. Other monsters you control cannot attack, also if you have any number of ""Blue-Eyes"" monster(s) in your Graveyard, the equipped monster can attack up to that number of times during each Battle Phase.",0.04,0.2,1.35,0.15,,1st Edition,LDK2-ENK20,Common,SPELL,,Normal Spell,,,
123544,Beacon of White,Beacon of White,https://tcgplayer-cdn.tcgplayer.com/product/123544_200w.jpg,2,1841,https://cpt.tcgcsv.com/Vq_,2019-07-09T15:15:21.13,1,"If you do not control another ""Beacon of White"", and you have 3 or more ""Blue-Eyes"" monsters in your Graveyard: Target 1 of them; Special Summon it, but its effects are negated, also equip it with this card. When this card leaves the field, banish the equipped monster. Other monsters you control cannot attack, also if you have any number of ""Blue-Eyes"" monster(s) in your Graveyard, the equipped monster can attack up to that number of times during each Battle Phase.",0.01,0.17,1.49,0.11,,Unlimited,LDK2-ENK20,Common,SPELL,,Normal Spell,,,
123545,Mausoleum of White,Mausoleum of White,https://tcgplayer-cdn.tcgplayer.com/product/123545_200w.jpg,2,1841,https://cpt.tcgcsv.com/Wq_,2019-07-09T15:20:55.22,1,"During your Main Phase, you can Normal Summon 1 Level 1 LIGHT Tuner monster in addition to your Normal Summon/Set. (You can only gain this effect once per turn.) Once per turn: You can target 1 face-up monster you control; send 1 Normal Monster from your hand or Deck to the Graveyard, and if you do, the targeted monster gains ATK and DEF equal to the Level of the monster sent to the Graveyard x 100, until the end of this turn (even if this card leaves the field). You can banish this card from your Graveyard; add 1 ""Burst Stream of Destruction"" from your Deck to your hand.",0.1,0.23,1.49,0.16,,Unlimited,LDK2-ENK21,Common,SPELL,,Normal Spell,,,
123545,Mausoleum of White,Mausoleum of White,https://tcgplayer-cdn.tcgplayer.com/product/123545_200w.jpg,2,1841,https://cpt.tcgcsv.com/Wq_,2019-07-09T15:20:55.22,1,"During your Main Phase, you can Normal Summon 1 Level 1 LIGHT Tuner monster in addition to your Normal Summon/Set. (You can only gain this effect once per turn.) Once per turn: You can target 1 face-up monster you control; send 1 Normal Monster from your hand or Deck to the Graveyard, and if you do, the targeted monster gains ATK and DEF equal to the Level of the monster sent to the Graveyard x 100, until the end of this turn (even if this card leaves the field). You can banish this card from your Graveyard; add 1 ""Burst Stream of Destruction"" from your Deck to your hand.",0.09,0.25,1.41,0.21,,1st Edition,LDK2-ENK21,Common,SPELL,,Normal Spell,,,
123546,Polymerization (K),Polymerization K,https://tcgplayer-cdn.tcgplayer.com/product/123546_200w.jpg,2,1841,https://cpt.tcgcsv.com/Xq_,2024-04-08T11:39:59.233,1,"Fusion Summon 1 Fusion Monster from your Extra Deck, using monsters from your hand or your side of the field as Fusion Materials.",0.1,0.35,1.98,0.27,,Unlimited,LDK2-ENK22,Common,SPELL,,Normal Spell,,,
123546,Polymerization (K),Polymerization K,https://tcgplayer-cdn.tcgplayer.com/product/123546_200w.jpg,2,1841,https://cpt.tcgcsv.com/Xq_,2024-04-08T11:39:59.233,1,"Fusion Summon 1 Fusion Monster from your Extra Deck, using monsters from your hand or your side of the field as Fusion Materials.",0.18,0.47,3.39,0.25,,1st Edition,LDK2-ENK22,Common,SPELL,,Normal Spell,,,
123547,Enemy Controller,Enemy Controller,https://tcgplayer-cdn.tcgplayer.com/product/123547_200w.jpg,2,1841,https://cpt.tcgcsv.com/Zq_,2019-07-09T15:17:53.82,1,"Activate 1 of these effects.
<br><b>-</b> Target 1 face-up monster your opponent controls; change that target's battle position.
<br><b>-</b> Tribute 1 monster, then target 1 face-up monster your opponent controls; take control of that target until the End Phase.",0.1,0.25,1.49,0.16,,1st Edition,LDK2-ENK23,Common,SPELL,,Normal Spell,,,
123547,Enemy Controller,Enemy Controller,https://tcgplayer-cdn.tcgplayer.com/product/123547_200w.jpg,2,1841,https://cpt.tcgcsv.com/Zq_,2019-07-09T15:17:53.82,1,"Activate 1 of these effects.
<br><b>-</b> Target 1 face-up monster your opponent controls; change that target's battle position.
<br><b>-</b> Tribute 1 monster, then target 1 face-up monster your opponent controls; take control of that target until the End Phase.",0.05,0.25,1.99,0.11,,Unlimited,LDK2-ENK23,Common,SPELL,,Normal Spell,,,
123548,Shrink,Shrink,https://tcgplayer-cdn.tcgplayer.com/product/123548_200w.jpg,2,1841,https://cpt.tcgcsv.com/-q_,2019-07-09T15:23:30.87,1,Target 1 face-up monster on the field; the original ATK of that monster is halved until the end of this turn.,0.09,0.25,1.42,0.15,,1st Edition,LDK2-ENK24,Common,SPELL,,Normal Spell,,,
123548,Shrink,Shrink,https://tcgplayer-cdn.tcgplayer.com/product/123548_200w.jpg,2,1841,https://cpt.tcgcsv.com/-q_,2019-07-09T15:23:30.87,1,Target 1 face-up monster on the field; the original ATK of that monster is halved until the end of this turn.,0.05,0.25,1.49,0.11,,Unlimited,LDK2-ENK24,Common,SPELL,,Normal Spell,,,
123549,Silent Doom,Silent Doom,https://tcgplayer-cdn.tcgplayer.com/product/123549_200w.jpg,2,1841,https://cpt.tcgcsv.com/_q_,2019-07-09T15:23:35.29,1,Target 1 Normal Monster in your Graveyard; Special Summon it in face-up Defense Position. It cannot attack.,0.06,0.23,1.37,0.2,,1st Edition,LDK2-ENK25,Common,SPELL,,Normal Spell,,,
123549,Silent Doom,Silent Doom,https://tcgplayer-cdn.tcgplayer.com/product/123549_200w.jpg,2,1841,https://cpt.tcgcsv.com/_q_,2019-07-09T15:23:35.29,1,Target 1 Normal Monster in your Graveyard; Special Summon it in face-up Defense Position. It cannot attack.,0.03,0.23,1.49,0.17,,Unlimited,LDK2-ENK25,Common,SPELL,,Normal Spell,,,
123550,The Melody of Awakening Dragon,The Melody of Awakening Dragon,https://tcgplayer-cdn.tcgplayer.com/product/123550_200w.jpg,2,1841,https://cpt.tcgcsv.com/0r_,2023-01-22T11:59:28.72,1,Discard 1 card; add up to 2 Dragon-Type monsters with 3000 or more ATK and 2500 or less DEF from your Deck to your hand.,0.2,0.75,5.5,0.44,0.49,1st Edition,LDK2-ENK26,Ultra Rare,SPELL,,Normal Spell,,,
123550,The Melody of Awakening Dragon,The Melody of Awakening Dragon,https://tcgplayer-cdn.tcgplayer.com/product/123550_200w.jpg,2,1841,https://cpt.tcgcsv.com/0r_,2023-01-22T11:59:28.72,1,Discard 1 card; add up to 2 Dragon-Type monsters with 3000 or more ATK and 2500 or less DEF from your Deck to your hand.,0.11,0.72,9.99,0.73,0.66,Unlimited,LDK2-ENK26,Ultra Rare,SPELL,,Normal Spell,,,
123551,Ancient Rules,Ancient Rules,https://tcgplayer-cdn.tcgplayer.com/product/123551_200w.jpg,2,1841,https://cpt.tcgcsv.com/2r_,2019-07-09T15:14:51.257,1,Special Summon 1 Level 5 or higher Normal Monster from your hand.,0.22,0.44,2.14,0.34,,1st Edition,LDK2-ENK27,Common,SPELL,,Normal Spell,,,
123551,Ancient Rules,Ancient Rules,https://tcgplayer-cdn.tcgplayer.com/product/123551_200w.jpg,2,1841,https://cpt.tcgcsv.com/2r_,2019-07-09T15:14:51.257,1,Special Summon 1 Level 5 or higher Normal Monster from your hand.,0.25,0.35,1.49,0.36,,Unlimited,LDK2-ENK27,Common,SPELL,,Normal Spell,,,
123552,Trade-In,Trade In,https://tcgplayer-cdn.tcgplayer.com/product/123552_200w.jpg,2,1841,https://cpt.tcgcsv.com/3r_,2019-07-09T15:25:47.487,1,Discard 1 Level 8 monster; draw 2 cards.,0.11,0.4,5.79,0.21,,1st Edition,LDK2-ENK28,Common,SPELL,,Normal Spell,,,
123552,Trade-In,Trade In,https://tcgplayer-cdn.tcgplayer.com/product/123552_200w.jpg,2,1841,https://cpt.tcgcsv.com/3r_,2019-07-09T15:25:47.487,1,Discard 1 Level 8 monster; draw 2 cards.,0.1,0.31,1.99,0.2,,Unlimited,LDK2-ENK28,Common,SPELL,,Normal Spell,,,
123553,Where Arf Thou?,Where Arf Thou,https://tcgplayer-cdn.tcgplayer.com/product/123553_200w.jpg,2,1841,https://cpt.tcgcsv.com/5r_,2019-07-09T15:25:51.467,1,"If you control a face-up Level 1 monster: Add 1 Level 1 monster from your Deck to your hand. During the End Phase of this turn, take 2000 damage if you did not Normal Summon the added monster, or a card with the same name, after activating this card.",0.05,0.25,1.49,0.22,,Unlimited,LDK2-ENK29,Common,SPELL,,Normal Spell,,,
123553,Where Arf Thou?,Where Arf Thou,https://tcgplayer-cdn.tcgplayer.com/product/123553_200w.jpg,2,1841,https://cpt.tcgcsv.com/5r_,2019-07-09T15:25:51.467,1,"If you control a face-up Level 1 monster: Add 1 Level 1 monster from your Deck to your hand. During the End Phase of this turn, take 2000 damage if you did not Normal Summon the added monster, or a card with the same name, after activating this card.",0.16,0.33,1.49,0.28,,1st Edition,LDK2-ENK29,Common,SPELL,,Normal Spell,,,
123554,Pot of Dichotomy,Pot of Dichotomy,https://tcgplayer-cdn.tcgplayer.com/product/123554_200w.jpg,2,1841,https://cpt.tcgcsv.com/6r_,2019-07-09T15:21:57.59,1,"At the start of your Main Phase 1: Target 3 monsters with different Types in your Graveyard; Shuffle all 3 into the Deck, then draw 2 cards. You cannot conduct your Battle Phase the turn you activate this card.",0.1,0.28,1.49,0.2,,1st Edition,LDK2-ENK30,Common,SPELL,,Normal Spell,,,
123554,Pot of Dichotomy,Pot of Dichotomy,https://tcgplayer-cdn.tcgplayer.com/product/123554_200w.jpg,2,1841,https://cpt.tcgcsv.com/6r_,2019-07-09T15:21:57.59,1,"At the start of your Main Phase 1: Target 3 monsters with different Types in your Graveyard; Shuffle all 3 into the Deck, then draw 2 cards. You cannot conduct your Battle Phase the turn you activate this card.",0.15,0.27,1.49,0.22,,Unlimited,LDK2-ENK30,Common,SPELL,,Normal Spell,,,
123555,Fusion Substitute,Fusion Substitute,https://tcgplayer-cdn.tcgplayer.com/product/123555_200w.jpg,2,1841,https://cpt.tcgcsv.com/7r_,2019-07-09T15:18:29.92,1,"(This card's name is always treated as ""Polymerization"".)
<br>Fusion Summon 1 Fusion Monster from your Extra Deck, using monsters you control as Fusion Materials. You can banish this card from your Graveyard, then target 1 Fusion Monster in your Graveyard; return it to the Extra Deck, then draw 1 card.",0.05,0.25,1.49,0.14,,Unlimited,LDK2-ENK31,Common,SPELL,,Normal Spell,,,
123555,Fusion Substitute,Fusion Substitute,https://tcgplayer-cdn.tcgplayer.com/product/123555_200w.jpg,2,1841,https://cpt.tcgcsv.com/7r_,2019-07-09T15:18:29.92,1,"(This card's name is always treated as ""Polymerization"".)
<br>Fusion Summon 1 Fusion Monster from your Extra Deck, using monsters you control as Fusion Materials. You can banish this card from your Graveyard, then target 1 Fusion Monster in your Graveyard; return it to the Extra Deck, then draw 1 card.",0.09,0.25,1.49,0.14,,1st Edition,LDK2-ENK31,Common,SPELL,,Normal Spell,,,
123556,Unexpected Dai,Unexpected Dai,https://tcgplayer-cdn.tcgplayer.com/product/123556_200w.jpg,2,1841,https://cpt.tcgcsv.com/8r_,2019-07-09T15:25:47.78,1,If you control no monsters: Special Summon 1 Level 4 or lower Normal Monster from the Deck.,0.21,0.48,1.5,0.36,,1st Edition,LDK2-ENK32,Common,SPELL,,Normal Spell,,,
123556,Unexpected Dai,Unexpected Dai,https://tcgplayer-cdn.tcgplayer.com/product/123556_200w.jpg,2,1841,https://cpt.tcgcsv.com/8r_,2019-07-09T15:25:47.78,1,If you control no monsters: Special Summon 1 Level 4 or lower Normal Monster from the Deck.,0.15,0.42,1.99,0.38,,Unlimited,LDK2-ENK32,Common,SPELL,,Normal Spell,,,
123557,Negate Attack,Negate Attack,https://tcgplayer-cdn.tcgplayer.com/product/123557_200w.jpg,2,1841,https://cpt.tcgcsv.com/9r_,2019-07-09T15:21:17.387,1,"When an opponent's monster declares an attack: Target the attacking monster; negate the attack, then end the Battle Phase.",0.19,0.28,1.55,0.27,,1st Edition,LDK2-ENK33,Common,TRAP,,Normal Trap,,,
123557,Negate Attack,Negate Attack,https://tcgplayer-cdn.tcgplayer.com/product/123557_200w.jpg,2,1841,https://cpt.tcgcsv.com/9r_,2019-07-09T15:21:17.387,1,"When an opponent's monster declares an attack: Target the attacking monster; negate the attack, then end the Battle Phase.",0.14,0.28,1.49,0.22,,Unlimited,LDK2-ENK33,Common,TRAP,,Normal Trap,,,
123558,Final Attack Orders,Final Attack Orders,https://tcgplayer-cdn.tcgplayer.com/product/123558_200w.jpg,2,1841,https://cpt.tcgcsv.com/br_,2019-07-09T15:18:11.62,1,All face-up monsters on the field are changed to Attack Position and their battle positions cannot be changed.,0.04,0.25,1.49,0.09,,Unlimited,LDK2-ENK34,Common,TRAP,,Normal Trap,,,
123558,Final Attack Orders,Final Attack Orders,https://tcgplayer-cdn.tcgplayer.com/product/123558_200w.jpg,2,1841,https://cpt.tcgcsv.com/br_,2019-07-09T15:18:11.62,1,All face-up monsters on the field are changed to Attack Position and their battle positions cannot be changed.,0.09,0.24,1.4,0.16,,1st Edition,LDK2-ENK34,Common,TRAP,,Normal Trap,,,
123559,Shadow Spell,Shadow Spell,https://tcgplayer-cdn.tcgplayer.com/product/123559_200w.jpg,2,1841,https://cpt.tcgcsv.com/cr_,2019-07-09T15:23:26.303,1,"Activate this card by targeting 1 face-up monster your opponent controls; it loses 700 ATK, also it cannot attack or change its battle position. When it leaves the field, destroy this card.",0.01,0.21,1.49,0.1,,Unlimited,LDK2-ENK35,Common,TRAP,,Normal Trap,,,
123559,Shadow Spell,Shadow Spell,https://tcgplayer-cdn.tcgplayer.com/product/123559_200w.jpg,2,1841,https://cpt.tcgcsv.com/cr_,2019-07-09T15:23:26.303,1,"Activate this card by targeting 1 face-up monster your opponent controls; it loses 700 ATK, also it cannot attack or change its battle position. When it leaves the field, destroy this card.",0.1,0.25,2.0,0.15,,1st Edition,LDK2-ENK35,Common,TRAP,,Normal Trap,,,
123560,Cloning,Cloning,https://tcgplayer-cdn.tcgplayer.com/product/123560_200w.jpg,2,1841,https://cpt.tcgcsv.com/dr_,2019-07-09T15:16:36.637,1,"When your opponent Normal or Flip Summons a monster that has a Level: Target that face-up monster; Special Summon 1 ""Clone Token"", with the same original Type, Attribute, Level, ATK, and DEF as that target. When that target is destroyed and sent to the Graveyard, destroy this Token.",0.01,0.2,1.34,0.07,,1st Edition,LDK2-ENK36,Common,TRAP,,Normal Trap,,,
123560,Cloning,Cloning,https://tcgplayer-cdn.tcgplayer.com/product/123560_200w.jpg,2,1841,https://cpt.tcgcsv.com/dr_,2019-07-09T15:16:36.637,1,"When your opponent Normal or Flip Summons a monster that has a Level: Target that face-up monster; Special Summon 1 ""Clone Token"", with the same original Type, Attribute, Level, ATK, and DEF as that target. When that target is destroyed and sent to the Graveyard, destroy this Token.",0.01,0.16,1.49,0.07,,Unlimited,LDK2-ENK36,Common,TRAP,,Normal Trap,,,
123561,Fusion Reserve,Fusion Reserve,https://tcgplayer-cdn.tcgplayer.com/product/123561_200w.jpg,2,1841,https://cpt.tcgcsv.com/fr_,2019-07-09T15:18:25.343,1,"Reveal 1 Fusion Monster in your Extra Deck, add 1 of the Fusion Materials listed on that card from your Deck to your hand, then you can add 1 ""Polymerization"" from your Graveyard to your hand.",0.09,0.25,1.49,0.19,,1st Edition,LDK2-ENK37,Common,TRAP,,Normal Trap,,,
123561,Fusion Reserve,Fusion Reserve,https://tcgplayer-cdn.tcgplayer.com/product/123561_200w.jpg,2,1841,https://cpt.tcgcsv.com/fr_,2019-07-09T15:18:25.343,1,"Reveal 1 Fusion Monster in your Extra Deck, add 1 of the Fusion Materials listed on that card from your Deck to your hand, then you can add 1 ""Polymerization"" from your Graveyard to your hand.",0.04,0.24,1.49,0.15,,Unlimited,LDK2-ENK37,Common,TRAP,,Normal Trap,,,
123562,Jar of Avarice,Jar of Avarice,https://tcgplayer-cdn.tcgplayer.com/product/123562_200w.jpg,2,1841,https://cpt.tcgcsv.com/gr_,2019-07-09T15:19:28.067,1,"Target 5 cards in your Graveyard, except ""Jar of Avarice""; shuffle all 5 into the Deck, then draw 1 card. You can only activate 1 ""Jar of Avarice"" per turn.",0.12,0.3,1.49,0.22,,Unlimited,LDK2-ENK38,Common,TRAP,,Normal Trap,,,
123562,Jar of Avarice,Jar of Avarice,https://tcgplayer-cdn.tcgplayer.com/product/123562_200w.jpg,2,1841,https://cpt.tcgcsv.com/gr_,2019-07-09T15:19:28.067,1,"Target 5 cards in your Graveyard, except ""Jar of Avarice""; shuffle all 5 into the Deck, then draw 1 card. You can only activate 1 ""Jar of Avarice"" per turn.",0.1,0.31,1.49,0.25,,1st Edition,LDK2-ENK38,Common,TRAP,,Normal Trap,,,
123563,Azure-Eyes Silver Dragon,Azure Eyes Silver Dragon,https://tcgplayer-cdn.tcgplayer.com/product/123563_200w.jpg,2,1841,https://cpt.tcgcsv.com/hr_,2019-07-09T15:15:03.497,1,"1 Tuner + 1 or more non-Tuner Normal Monsters
<br>If this card is Special Summoned: Dragon-Type monsters you currently control cannot be targeted or destroyed by card effects until the end of the next turn. Once per turn, during your Standby Phase: You can target 1 Normal Monster in your Graveyard; Special Summon that target.",0.08,0.37,4.39,0.31,0.21,1st Edition,LDK2-ENK39,Common,LIGHT,Dragon,Synchro/Effect Monster,2500,3000,
123563,Azure-Eyes Silver Dragon,Azure Eyes Silver Dragon,https://tcgplayer-cdn.tcgplayer.com/product/123563_200w.jpg,2,1841,https://cpt.tcgcsv.com/hr_,2019-07-09T15:15:03.497,1,"1 Tuner + 1 or more non-Tuner Normal Monsters
<br>If this card is Special Summoned: Dragon-Type monsters you currently control cannot be targeted or destroyed by card effects until the end of the next turn. Once per turn, during your Standby Phase: You can target 1 Normal Monster in your Graveyard; Special Summon that target.",0.09,0.25,1.53,0.2,,Unlimited,LDK2-ENK39,Common,LIGHT,Dragon,Synchro/Effect Monster,2500,3000,
123564,Blue-Eyes Ultimate Dragon,Blue Eyes Ultimate Dragon,https://tcgplayer-cdn.tcgplayer.com/product/123564_200w.jpg,2,1841,https://cpt.tcgcsv.com/jr_,2024-10-18T16:49:43.73,1,"""Blue-Eyes White Dragon"" + ""Blue-Eyes White Dragon"" + ""Blue-Eyes White Dragon""",0.4,2.01,6.99,1.86,,1st Edition,LDK2-ENK40,Ultra Rare,LIGHT,Dragon,Fusion Monster,4500,3800,
123564,Blue-Eyes Ultimate Dragon,Blue Eyes Ultimate Dragon,https://tcgplayer-cdn.tcgplayer.com/product/123564_200w.jpg,2,1841,https://cpt.tcgcsv.com/jr_,2024-10-18T16:49:43.73,1,"""Blue-Eyes White Dragon"" + ""Blue-Eyes White Dragon"" + ""Blue-Eyes White Dragon""",0.6,1.58,4.0,1.58,3.26,Unlimited,LDK2-ENK40,Ultra Rare,LIGHT,Dragon,Fusion Monster,4500,3800,
123565,First of the Dragons,First of the Dragons,https://tcgplayer-cdn.tcgplayer.com/product/123565_200w.jpg,2,1841,https://cpt.tcgcsv.com/kr_,2019-07-09T15:18:15.977,1,"2 Normal Monsters
<br>Must be Fusion Summoned and cannot be Special Summoned by other ways. You can only control 1 ""First of the Dragons"". This card cannot be destroyed by battle, except by battle with a Normal Monster, and is unaffected by other monsters' effects.",0.15,0.48,5.39,0.36,,1st Edition,LDK2-ENK41,Common,DARK,Dragon,Fusion/Effect Monster,2700,2000,
123565,First of the Dragons,First of the Dragons,https://tcgplayer-cdn.tcgplayer.com/product/123565_200w.jpg,2,1841,https://cpt.tcgcsv.com/kr_,2019-07-09T15:18:15.977,1,"2 Normal Monsters
<br>Must be Fusion Summoned and cannot be Special Summoned by other ways. You can only control 1 ""First of the Dragons"". This card cannot be destroyed by battle, except by battle with a Normal Monster, and is unaffected by other monsters' effects.",0.13,0.29,1.49,0.26,,Unlimited,LDK2-ENK41,Common,DARK,Dragon,Fusion/Effect Monster,2700,2000,
123566,Token: Kaiba,Token Kaiba,https://tcgplayer-cdn.tcgplayer.com/product/123566_200w.jpg,2,1841,https://cpt.tcgcsv.com/lr_,2022-09-14T17:59:07.213,1,This card can be used as any Token.,0.25,0.52,5.0,0.4,,Limited,LDK2-ENT02,Ultra Rare,,,Token,,,
123567,Red-Eyes B. Dragon,Red Eyes B Dragon,https://tcgplayer-cdn.tcgplayer.com/product/123567_200w.jpg,2,1841,https://cpt.tcgcsv.com/mr_,2020-12-14T18:38:45.933,1,<em>A ferocious dragon with a deadly attack.</em>,0.01,0.4,4.99,0.24,,Unlimited,LDK2-ENJ01,Common,DARK,Dragon,Normal Monster,2400,2000,
123567,Red-Eyes B. Dragon,Red Eyes B Dragon,https://tcgplayer-cdn.tcgplayer.com/product/123567_200w.jpg,2,1841,https://cpt.tcgcsv.com/mr_,2020-12-14T18:38:45.933,1,<em>A ferocious dragon with a deadly attack.</em>,0.15,0.4,3.0,0.32,,1st Edition,LDK2-ENJ01,Common,DARK,Dragon,Normal Monster,2400,2000,
123568,Red-Eyes Black Flare Dragon,Red Eyes Black Flare Dragon,https://tcgplayer-cdn.tcgplayer.com/product/123568_200w.jpg,2,1841,https://cpt.tcgcsv.com/nr_,2023-03-10T16:00:36.363,1,"This card is treated as a Normal Monster while face-up on the field or in the Graveyard. While this card is a Normal Monster on the field, you can Normal Summon it to have it become an Effect Monster with this effect.
<br><b>-</b> If damage calculation is performed involving this card, at the end of the Battle Phase: You can inflict damage to your opponent equal to this card's original ATK. You can only use this effect of ""Red-Eyes Black Flare Dragon"" once per turn.",0.24,0.65,4.99,0.51,,1st Edition,LDK2-ENJ02,Common,DARK,Dragon,Gemini/Effect Monster,2400,2000,
123568,Red-Eyes Black Flare Dragon,Red Eyes Black Flare Dragon,https://tcgplayer-cdn.tcgplayer.com/product/123568_200w.jpg,2,1841,https://cpt.tcgcsv.com/nr_,2023-03-10T16:00:36.363,1,"This card is treated as a Normal Monster while face-up on the field or in the Graveyard. While this card is a Normal Monster on the field, you can Normal Summon it to have it become an Effect Monster with this effect.
<br><b>-</b> If damage calculation is performed involving this card, at the end of the Battle Phase: You can inflict damage to your opponent equal to this card's original ATK. You can only use this effect of ""Red-Eyes Black Flare Dragon"" once per turn.",0.1,0.64,3.99,0.68,1.98,Unlimited,LDK2-ENJ02,Common,DARK,Dragon,Gemini/Effect Monster,2400,2000,
123569,The Black Stone of Legend,The Black Stone of Legend,https://tcgplayer-cdn.tcgplayer.com/product/123569_200w.jpg,2,1841,https://cpt.tcgcsv.com/pr_,2024-10-18T17:02:17.757,1,"You can Tribute this card; Special Summon 1 Level 7 or lower ""Red-Eyes"" monster from your Deck, except ""Red-Eyes B. Chick"". If this card is in your Graveyard: You can target 1 Level 7 or lower ""Red-Eyes"" monster in your Graveyard, except ""Red-Eyes B. Chick""; shuffle it into the Deck, and if you do, add this card to your hand. You can only use 1 ""The Black Stone of Legend"" effect per turn, and only once that turn.",0.75,2.4,8.99,2.33,7.57,Unlimited,LDK2-ENJ05,Ultra Rare,DARK,Dragon,Effect Monster,0,0,
123569,The Black Stone of Legend,The Black Stone of Legend,https://tcgplayer-cdn.tcgplayer.com/product/123569_200w.jpg,2,1841,https://cpt.tcgcsv.com/pr_,2024-10-18T17:02:17.757,1,"You can Tribute this card; Special Summon 1 Level 7 or lower ""Red-Eyes"" monster from your Deck, except ""Red-Eyes B. Chick"". If this card is in your Graveyard: You can target 1 Level 7 or lower ""Red-Eyes"" monster in your Graveyard, except ""Red-Eyes B. Chick""; shuffle it into the Deck, and if you do, add this card to your hand. You can only use 1 ""The Black Stone of Legend"" effect per turn, and only once that turn.",1.35,2.11,18.94,1.83,,1st Edition,LDK2-ENJ05,Ultra Rare,DARK,Dragon,Effect Monster,0,0,
123570,Red-Eyes Retro Dragon,Red Eyes Retro Dragon,https://tcgplayer-cdn.tcgplayer.com/product/123570_200w.jpg,2,1841,https://cpt.tcgcsv.com/qr_,2019-07-09T15:22:30.64,1,"If a Level 7 or lower ""Red-Eyes"" monster(s) you control, except ""Red-Eyes B. Chick"", is destroyed by your opponent's attack or card effect and sent to your Graveyard, while this card is in your hand: You can Special Summon this card in Defense Position, and if you do, Special Summon as many of those destroyed monsters as possible in the same position they were in when destroyed. You can Tribute this card; you can Normal Summon 1 ""Red-Eyes"" monster during your Main Phase this turn, except ""Red-Eyes B. Chick"", in addition to your Normal Summon/Set. (You can only gain this effect once per turn.)",0.2,0.26,1.53,0.26,,Unlimited,LDK2-ENJ04,Common,DARK,Dragon,Effect Monster,1700,1600,
123570,Red-Eyes Retro Dragon,Red Eyes Retro Dragon,https://tcgplayer-cdn.tcgplayer.com/product/123570_200w.jpg,2,1841,https://cpt.tcgcsv.com/qr_,2019-07-09T15:22:30.64,1,"If a Level 7 or lower ""Red-Eyes"" monster(s) you control, except ""Red-Eyes B. Chick"", is destroyed by your opponent's attack or card effect and sent to your Graveyard, while this card is in your hand: You can Special Summon this card in Defense Position, and if you do, Special Summon as many of those destroyed monsters as possible in the same position they were in when destroyed. You can Tribute this card; you can Normal Summon 1 ""Red-Eyes"" monster during your Main Phase this turn, except ""Red-Eyes B. Chick"", in addition to your Normal Summon/Set. (You can only gain this effect once per turn.)",0.15,0.35,1.46,0.29,,1st Edition,LDK2-ENJ04,Common,DARK,Dragon,Effect Monster,1700,1600,
123571,Red-Eyes Archfiend of Lightning,Red Eyes Archfiend of Lightning,https://tcgplayer-cdn.tcgplayer.com/product/123571_200w.jpg,2,1841,https://cpt.tcgcsv.com/rr_,2019-07-09T15:22:10.253,1,"This card is treated as a Normal Monster while face-up on the field or in the Graveyard. While this card is a Normal Monster on the field, you can Normal Summon it to have it become an Effect Monster with this effect.
<br><b>-</b> Once per turn: You can destroy all face-up monsters your opponent controls with DEF lower than this card's ATK.",0.1,0.54,1.95,0.56,,1st Edition,LDK2-ENJ03,Common,DARK,Fiend,Gemini/Effect Monster,2500,1200,
123571,Red-Eyes Archfiend of Lightning,Red Eyes Archfiend of Lightning,https://tcgplayer-cdn.tcgplayer.com/product/123571_200w.jpg,2,1841,https://cpt.tcgcsv.com/rr_,2019-07-09T15:22:10.253,1,"This card is treated as a Normal Monster while face-up on the field or in the Graveyard. While this card is a Normal Monster on the field, you can Normal Summon it to have it become an Effect Monster with this effect.
<br><b>-</b> Once per turn: You can destroy all face-up monsters your opponent controls with DEF lower than this card's ATK.",0.25,0.6,1.63,0.54,,Unlimited,LDK2-ENJ03,Common,DARK,Fiend,Gemini/Effect Monster,2500,1200,
123572,Black Metal Dragon,Black Metal Dragon,https://tcgplayer-cdn.tcgplayer.com/product/123572_200w.jpg,2,1841,https://cpt.tcgcsv.com/sr_,2023-11-10T08:32:51.393,1,"You can target 1 ""Red-Eyes"" monster you control, except ""Red-Eyes B. Chick""; equip this monster from your hand or field to that target. It gains 600 ATK. If this card is sent from the field to the Graveyard: You can add 1 ""Red-Eyes"" card from your Deck to your hand, except ""Red-Eyes B. Chick"".",0.01,1.5,10.24,2.05,0.96,Unlimited,LDK2-ENJ06,Common,DARK,Dragon,Effect Monster,600,600,
123572,Black Metal Dragon,Black Metal Dragon,https://tcgplayer-cdn.tcgplayer.com/product/123572_200w.jpg,2,1841,https://cpt.tcgcsv.com/sr_,2023-11-10T08:32:51.393,1,"You can target 1 ""Red-Eyes"" monster you control, except ""Red-Eyes B. Chick""; equip this monster from your hand or field to that target. It gains 600 ATK. If this card is sent from the field to the Graveyard: You can add 1 ""Red-Eyes"" card from your Deck to your hand, except ""Red-Eyes B. Chick"".",0.2,1.38,12.74,1.38,0.48,1st Edition,LDK2-ENJ06,Common,DARK,Dragon,Effect Monster,600,600,
123573,Axe Raider,Axe Raider,https://tcgplayer-cdn.tcgplayer.com/product/123573_200w.jpg,2,1841,https://cpt.tcgcsv.com/tr_,2019-07-09T15:14:59.413,1,<i>An axe-wielding monster of tremendous strength and agility.,0.04,0.22,1.49,0.19,,Unlimited,LDK2-ENJ07,Common,EARTH,Warrior,Normal Monster,1700,1150,
123573,Axe Raider,Axe Raider,https://tcgplayer-cdn.tcgplayer.com/product/123573_200w.jpg,2,1841,https://cpt.tcgcsv.com/tr_,2019-07-09T15:14:59.413,1,<i>An axe-wielding monster of tremendous strength and agility.,0.04,0.2,1.0,0.15,,1st Edition,LDK2-ENJ07,Common,EARTH,Warrior,Normal Monster,1700,1150,
123574,Alligator's Sword,Alligators Sword,https://tcgplayer-cdn.tcgplayer.com/product/123574_200w.jpg,2,1841,https://cpt.tcgcsv.com/vr_,2019-07-09T15:14:38.21,1,"<i>'ey, dis mighty lissard man can swing his sword so fast, dat it's more dan da speed a sound!",0.1,0.33,1.49,0.33,,Unlimited,LDK2-ENJ08,Common,EARTH,,Normal Monster,1500,1200,
123574,Alligator's Sword,Alligators Sword,https://tcgplayer-cdn.tcgplayer.com/product/123574_200w.jpg,2,1841,https://cpt.tcgcsv.com/vr_,2019-07-09T15:14:38.21,1,"<i>'ey, dis mighty lissard man can swing his sword so fast, dat it's more dan da speed a sound!",0.08,0.26,1.99,0.27,,1st Edition,LDK2-ENJ08,Common,EARTH,,Normal Monster,1500,1200,
123575,Baby Dragon,Baby Dragon,https://tcgplayer-cdn.tcgplayer.com/product/123575_200w.jpg,2,1841,https://cpt.tcgcsv.com/wr_,2019-07-09T15:15:08.117,1,"<i>Much more than just a child, this dragon is gifted with untapped power.",0.07,0.21,1.49,0.19,,Unlimited,LDK2-ENJ09,Common,WIND,Dragon,Normal Monster,1200,700,
123575,Baby Dragon,Baby Dragon,https://tcgplayer-cdn.tcgplayer.com/product/123575_200w.jpg,2,1841,https://cpt.tcgcsv.com/wr_,2019-07-09T15:15:08.117,1,"<i>Much more than just a child, this dragon is gifted with untapped power.",0.1,0.31,1.49,0.33,,1st Edition,LDK2-ENJ09,Common,WIND,Dragon,Normal Monster,1200,700,
123576,Jinzo,Jinzo,https://tcgplayer-cdn.tcgplayer.com/product/123576_200w.jpg,2,1841,https://cpt.tcgcsv.com/xr_,2019-07-09T15:19:32.087,1,"Trap Cards, and their effects on the field, cannot be activated. Negate all Trap Card effects on the field.",0.15,0.44,1.49,0.24,,Unlimited,LDK2-ENJ10,Common,DARK,Machine,Effect Monster,2400,1500,
123576,Jinzo,Jinzo,https://tcgplayer-cdn.tcgplayer.com/product/123576_200w.jpg,2,1841,https://cpt.tcgcsv.com/xr_,2019-07-09T15:19:32.087,1,"Trap Cards, and their effects on the field, cannot be activated. Negate all Trap Card effects on the field.",0.19,0.47,1.8,0.32,,1st Edition,LDK2-ENJ10,Common,DARK,Machine,Effect Monster,2400,1500,
123577,Goblin Attack Force,Goblin Attack Force,https://tcgplayer-cdn.tcgplayer.com/product/123577_200w.jpg,2,1841,https://cpt.tcgcsv.com/zr_,2019-07-09T15:19:11.97,1,"If this card attacks, it is changed to Defense Position at the end of the Battle Phase, and its battle position cannot be changed until the End Phase of your next turn.",0.09,0.27,1.46,0.31,,1st Edition,LDK2-ENJ11,Common,EARTH,Warrior,Effect Monster,2300,0,
123577,Goblin Attack Force,Goblin Attack Force,https://tcgplayer-cdn.tcgplayer.com/product/123577_200w.jpg,2,1841,https://cpt.tcgcsv.com/zr_,2019-07-09T15:19:11.97,1,"If this card attacks, it is changed to Defense Position at the end of the Battle Phase, and its battle position cannot be changed until the End Phase of your next turn.",0.14,0.24,1.49,0.23,,Unlimited,LDK2-ENJ11,Common,EARTH,Warrior,Effect Monster,2300,0,
123578,Gearfried the Iron Knight,Gearfried the Iron Knight,https://tcgplayer-cdn.tcgplayer.com/product/123578_200w.jpg,2,1841,https://cpt.tcgcsv.com/Br_,2019-07-09T15:18:35.607,1,When an Equip Card(s) is equipped to this card: Destroy that Equip Card(s).,0.06,0.22,1.49,0.13,,Unlimited,LDK2-ENJ12,Common,EARTH,Warrior,Effect Monster,1800,1600,
123578,Gearfried the Iron Knight,Gearfried the Iron Knight,https://tcgplayer-cdn.tcgplayer.com/product/123578_200w.jpg,2,1841,https://cpt.tcgcsv.com/Br_,2019-07-09T15:18:35.607,1,When an Equip Card(s) is equipped to this card: Destroy that Equip Card(s).,0.07,0.22,1.38,0.12,,1st Edition,LDK2-ENJ12,Common,EARTH,Warrior,Effect Monster,1800,1600,
123579,Time Wizard,Time Wizard,https://tcgplayer-cdn.tcgplayer.com/product/123579_200w.jpg,2,1841,https://cpt.tcgcsv.com/Cr_,2019-07-09T15:24:51.037,1,"Once per turn: You can toss a coin and call it. If you call it right, destroy all monsters your opponent controls. If you call it wrong, destroy as many monsters you control as possible, and if you do, you take damage equal to half the total ATK those destroyed monsters had on the field.",0.25,0.48,1.61,0.46,,Unlimited,LDK2-ENJ15,Common,LIGHT,Spellcaster,Effect Monster,500,400,
123579,Time Wizard,Time Wizard,https://tcgplayer-cdn.tcgplayer.com/product/123579_200w.jpg,2,1841,https://cpt.tcgcsv.com/Cr_,2019-07-09T15:24:51.037,1,"Once per turn: You can toss a coin and call it. If you call it right, destroy all monsters your opponent controls. If you call it wrong, destroy as many monsters you control as possible, and if you do, you take damage equal to half the total ATK those destroyed monsters had on the field.",0.19,0.5,1.63,0.45,,1st Edition,LDK2-ENJ15,Common,LIGHT,Spellcaster,Effect Monster,500,400,
123580,Blue Flame Swordsman,Blue Flame Swordsman,https://tcgplayer-cdn.tcgplayer.com/product/123580_200w.jpg,2,1841,https://cpt.tcgcsv.com/Dr_,2019-07-09T15:15:50.337,1,"Once per turn, during either player's Battle Phase: You can target 1 other Warrior-Type monster you control; this card loses exactly 600 ATK, and if it does, that monster gains 600 ATK. When this card you control is destroyed by your opponent's card (by battle or card effect) and sent to your Graveyard: You can banish this card from your Graveyard, then target 1 FIRE Warrior-Type monster in your Graveyard; Special Summon that target.",0.01,0.25,1.49,0.25,,Unlimited,LDK2-ENJ14,Common,FIRE,Warrior,Effect Monster,1800,1600,
123580,Blue Flame Swordsman,Blue Flame Swordsman,https://tcgplayer-cdn.tcgplayer.com/product/123580_200w.jpg,2,1841,https://cpt.tcgcsv.com/Dr_,2019-07-09T15:15:50.337,1,"Once per turn, during either player's Battle Phase: You can target 1 other Warrior-Type monster you control; this card loses exactly 600 ATK, and if it does, that monster gains 600 ATK. When this card you control is destroyed by your opponent's card (by battle or card effect) and sent to your Graveyard: You can banish this card from your Graveyard, then target 1 FIRE Warrior-Type monster in your Graveyard; Special Summon that target.",0.09,0.28,1.94,0.22,,1st Edition,LDK2-ENJ14,Common,FIRE,Warrior,Effect Monster,1800,1600,
123581,Rocket Warrior,Rocket Warrior,https://tcgplayer-cdn.tcgplayer.com/product/123581_200w.jpg,2,1841,https://cpt.tcgcsv.com/Fr_,2019-07-09T15:22:59.03,1,"During your Battle Phase, this cannot be destroyed by battle and you take no battle damage from attacks involving this card. If this card attacks a monster, after damage calculation: That attack target loses 500 ATK until the end of this turn.",0.1,0.21,1.49,0.19,,1st Edition,LDK2-ENJ13,Common,LIGHT,Warrior,Effect Monster,1500,1300,
123581,Rocket Warrior,Rocket Warrior,https://tcgplayer-cdn.tcgplayer.com/product/123581_200w.jpg,2,1841,https://cpt.tcgcsv.com/Fr_,2019-07-09T15:22:59.03,1,"During your Battle Phase, this cannot be destroyed by battle and you take no battle damage from attacks involving this card. If this card attacks a monster, after damage calculation: That attack target loses 500 ATK until the end of this turn.",0.05,0.22,1.49,0.22,,Unlimited,LDK2-ENJ13,Common,LIGHT,Warrior,Effect Monster,1500,1300,
123582,Phoenix Gearfried,Phoenix Gearfried,https://tcgplayer-cdn.tcgplayer.com/product/123582_200w.jpg,2,1841,https://cpt.tcgcsv.com/Gr_,2019-07-09T15:21:29.473,1,"This card is treated as a Normal Monster while face-up on the field or in the Graveyard. While this card is face-up on the field, you can Normal Summon it to have it become an Effect Monster with this effect.
<br><b>-</b> If your opponent activates a Spell Card: You can target 1 Gemini monster in your Graveyard; Special Summon that target. During either player's turn, when a Spell/Trap Card is activated that targets a monster(s) on the field: You can send 1 face-up Equip Card you control to the Graveyard; negate the activation, and if you do, destroy it.",0.03,0.21,1.49,0.12,,Unlimited,LDK2-ENJ16,Common,FIRE,Warrior,Gemini/Effect Monster,2800,2200,
123582,Phoenix Gearfried,Phoenix Gearfried,https://tcgplayer-cdn.tcgplayer.com/product/123582_200w.jpg,2,1841,https://cpt.tcgcsv.com/Gr_,2019-07-09T15:21:29.473,1,"This card is treated as a Normal Monster while face-up on the field or in the Graveyard. While this card is face-up on the field, you can Normal Summon it to have it become an Effect Monster with this effect.
<br><b>-</b> If your opponent activates a Spell Card: You can target 1 Gemini monster in your Graveyard; Special Summon that target. During either player's turn, when a Spell/Trap Card is activated that targets a monster(s) on the field: You can send 1 face-up Equip Card you control to the Graveyard; negate the activation, and if you do, destroy it.",0.1,0.24,1.41,0.17,,1st Edition,LDK2-ENJ16,Common,FIRE,Warrior,Gemini/Effect Monster,2800,2200,
123583,Gemini Summoner,Gemini Summoner,https://tcgplayer-cdn.tcgplayer.com/product/123583_200w.jpg,2,1841,https://cpt.tcgcsv.com/Hr_,2024-10-01T18:22:56.64,1,"Once per turn, during your opponent's End Phase: You can pay 500 LP; Normal Summon/Set 1 Gemini monster from your hand or Normal Summon 1 face-up Gemini monster you control. The first time this card would be destroyed by battle each turn, it is not destroyed.",0.01,0.2,1.49,0.05,,Unlimited,LDK2-ENJ17,Common,WATER,Spellcaster,Effect Monster,1500,0,
123583,Gemini Summoner,Gemini Summoner,https://tcgplayer-cdn.tcgplayer.com/product/123583_200w.jpg,2,1841,https://cpt.tcgcsv.com/Hr_,2024-10-01T18:22:56.64,1,"Once per turn, during your opponent's End Phase: You can pay 500 LP; Normal Summon/Set 1 Gemini monster from your hand or Normal Summon 1 face-up Gemini monster you control. The first time this card would be destroyed by battle each turn, it is not destroyed.",0.03,0.16,1.35,0.11,,1st Edition,LDK2-ENJ17,Common,WATER,Spellcaster,Effect Monster,1500,0,
123584,Blazewing Butterfly,Blazewing Butterfly,https://tcgplayer-cdn.tcgplayer.com/product/123584_200w.jpg,2,1841,https://cpt.tcgcsv.com/Jr_,2019-07-09T15:15:42.17,1,"This card is treated as a Normal Monster while face-up on the field or in the Graveyard. While this card is face-up on the field, you can Normal Summon it to have it be treated as an Effect Monster with this effect:
<br><b>-</b> You can Tribute this card to Special Summon 1 Gemini monster from your Graveyard, except ""Blazewing Butterfly"". A Gemini monster Special Summoned by this effect is treated as an Effect Monster, and gains its effect.",0.01,0.21,1.49,0.17,,Unlimited,LDK2-ENJ18,Common,FIRE,Insect,Gemini/Effect Monster,1500,1500,
123584,Blazewing Butterfly,Blazewing Butterfly,https://tcgplayer-cdn.tcgplayer.com/product/123584_200w.jpg,2,1841,https://cpt.tcgcsv.com/Jr_,2019-07-09T15:15:42.17,1,"This card is treated as a Normal Monster while face-up on the field or in the Graveyard. While this card is face-up on the field, you can Normal Summon it to have it be treated as an Effect Monster with this effect:
<br><b>-</b> You can Tribute this card to Special Summon 1 Gemini monster from your Graveyard, except ""Blazewing Butterfly"". A Gemini monster Special Summoned by this effect is treated as an Effect Monster, and gains its effect.",0.03,0.2,1.49,0.15,,1st Edition,LDK2-ENJ18,Common,FIRE,Insect,Gemini/Effect Monster,1500,1500,
123585,Dark Valkyria,Dark Valkyria,https://tcgplayer-cdn.tcgplayer.com/product/123585_200w.jpg,2,1841,https://cpt.tcgcsv.com/Kr_,2019-07-09T15:17:44.24,1,"This card is treated as a Normal Monster while face-up on the field or in the Graveyard. While this card is a Normal Monster on the field, you can Normal Summon it to have it become an Effect Monster with this effect.
<br><b>-</b> Once, while this card is face-up on the field: You can place 1 Spell Counter on it. This card gains 300 ATK for each Spell Counter on it. You can remove 1 Spell Counter from this card, then target 1 monster on the field; destroy that target.",0.08,0.27,1.49,0.28,,Unlimited,LDK2-ENJ19,Common,DARK,Fairy,Gemini/Effect Monster,1800,1050,
123585,Dark Valkyria,Dark Valkyria,https://tcgplayer-cdn.tcgplayer.com/product/123585_200w.jpg,2,1841,https://cpt.tcgcsv.com/Kr_,2019-07-09T15:17:44.24,1,"This card is treated as a Normal Monster while face-up on the field or in the Graveyard. While this card is a Normal Monster on the field, you can Normal Summon it to have it become an Effect Monster with this effect.
<br><b>-</b> Once, while this card is face-up on the field: You can place 1 Spell Counter on it. This card gains 300 ATK for each Spell Counter on it. You can remove 1 Spell Counter from this card, then target 1 monster on the field; destroy that target.",0.05,0.2,1.4,0.15,,1st Edition,LDK2-ENJ19,Common,DARK,Fairy,Gemini/Effect Monster,1800,1050,
123586,Command Knight,Command Knight,https://tcgplayer-cdn.tcgplayer.com/product/123586_200w.jpg,2,1841,https://cpt.tcgcsv.com/Lr_,2019-07-09T15:16:41.517,1,"All Warrior-Type monsters you control gain 400 ATK. If you control another monster, monsters your opponent controls cannot target this card for an attack.",0.1,0.26,1.41,0.26,,1st Edition,LDK2-ENJ20,Common,FIRE,Warrior,Effect Monster,1200,1900,
123586,Command Knight,Command Knight,https://tcgplayer-cdn.tcgplayer.com/product/123586_200w.jpg,2,1841,https://cpt.tcgcsv.com/Lr_,2019-07-09T15:16:41.517,1,"All Warrior-Type monsters you control gain 400 ATK. If you control another monster, monsters your opponent controls cannot target this card for an attack.",0.05,0.25,1.49,0.16,,Unlimited,LDK2-ENJ20,Common,FIRE,Warrior,Effect Monster,1200,1900,
123587,Valkyrian Knight,Valkyrian Knight,https://tcgplayer-cdn.tcgplayer.com/product/123587_200w.jpg,2,1841,https://cpt.tcgcsv.com/Mr_,2019-07-09T15:25:50.543,1,"Monsters your opponent controls cannot target face-up Warrior-Type monsters for attacks, except ""Valkyrian Knight"". When this card is destroyed by battle and sent to the Graveyard: You can banish 1 Warrior-Type monster and this card from your Graveyard, then target 1 Level 5 or higher Warrior-Type monster in your Graveyard; Special Summon that target.",0.05,0.22,1.49,0.16,,Unlimited,LDK2-ENJ21,Common,FIRE,Warrior,Effect Monster,1900,1200,
123587,Valkyrian Knight,Valkyrian Knight,https://tcgplayer-cdn.tcgplayer.com/product/123587_200w.jpg,2,1841,https://cpt.tcgcsv.com/Mr_,2019-07-09T15:25:50.543,1,"Monsters your opponent controls cannot target face-up Warrior-Type monsters for attacks, except ""Valkyrian Knight"". When this card is destroyed by battle and sent to the Graveyard: You can banish 1 Warrior-Type monster and this card from your Graveyard, then target 1 Level 5 or higher Warrior-Type monster in your Graveyard; Special Summon that target.",0.05,0.25,1.36,0.21,,1st Edition,LDK2-ENJ21,Common,FIRE,Warrior,Effect Monster,1900,1200,
123588,Keeper of the Shrine,Keeper of the Shrine,https://tcgplayer-cdn.tcgplayer.com/product/123588_200w.jpg,2,1841,https://cpt.tcgcsv.com/Nr_,2019-07-09T15:19:44.52,1,"This card can be treated as 2 Tributes for the Tribute Summon of a Dragon-Type monster. While this card is in your hand or Graveyard, if a face-up Dragon-Type monster on the field, except ""Keeper of the Shrine"", is sent to the Graveyard by a card effect or because it was destroyed by battle: You can Special Summon this card, then, if that monster sent to the Graveyard is a Normal Monster, you can add 1 Dragon-Type Normal Monster from your Graveyard to your hand. You can only use this effect of ""Keeper of the Shrine"" once per turn.",0.02,0.25,1.49,0.07,,Unlimited,LDK2-ENJ22,Common,DARK,Dragon,Effect Monster,0,2100,
123588,Keeper of the Shrine,Keeper of the Shrine,https://tcgplayer-cdn.tcgplayer.com/product/123588_200w.jpg,2,1841,https://cpt.tcgcsv.com/Nr_,2019-07-09T15:19:44.52,1,"This card can be treated as 2 Tributes for the Tribute Summon of a Dragon-Type monster. While this card is in your hand or Graveyard, if a face-up Dragon-Type monster on the field, except ""Keeper of the Shrine"", is sent to the Graveyard by a card effect or because it was destroyed by battle: You can Special Summon this card, then, if that monster sent to the Graveyard is a Normal Monster, you can add 1 Dragon-Type Normal Monster from your Graveyard to your hand. You can only use this effect of ""Keeper of the Shrine"" once per turn.",0.09,0.19,1.4,0.12,,1st Edition,LDK2-ENJ22,Common,DARK,Dragon,Effect Monster,0,2100,
123589,Inferno Fire Blast,Inferno Fire Blast,https://tcgplayer-cdn.tcgplayer.com/product/123589_200w.jpg,2,1841,https://cpt.tcgcsv.com/Pr_,2019-07-09T15:19:24.347,1,"Target 1 face-up ""Red-Eyes B. Dragon"" you control; inflict damage to your opponent equal to its original ATK. ""Red-Eyes B. Dragon"" cannot attack the turn you activate this card.",0.11,0.24,1.49,0.18,,Unlimited,LDK2-ENJ23,Common,SPELL,,Normal Spell,,,
123589,Inferno Fire Blast,Inferno Fire Blast,https://tcgplayer-cdn.tcgplayer.com/product/123589_200w.jpg,2,1841,https://cpt.tcgcsv.com/Pr_,2019-07-09T15:19:24.347,1,"Target 1 face-up ""Red-Eyes B. Dragon"" you control; inflict damage to your opponent equal to its original ATK. ""Red-Eyes B. Dragon"" cannot attack the turn you activate this card.",0.13,0.23,1.46,0.2,,1st Edition,LDK2-ENJ23,Common,SPELL,,Normal Spell,,,
123590,Supervise,Supervise,https://tcgplayer-cdn.tcgplayer.com/product/123590_200w.jpg,2,1841,https://cpt.tcgcsv.com/Qr_,2019-07-09T15:23:52.503,1,"Equip only to a Gemini monster. It becomes an Effect Monster, and gains its effects. If this face-up card is sent from the field to the Graveyard: Target 1 Normal Monster in your Graveyard; Special Summon it.",0.09,0.28,1.0,0.29,,1st Edition,LDK2-ENJ31,Common,SPELL,,Normal Spell,,,
123590,Supervise,Supervise,https://tcgplayer-cdn.tcgplayer.com/product/123590_200w.jpg,2,1841,https://cpt.tcgcsv.com/Qr_,2019-07-09T15:23:52.503,1,"Equip only to a Gemini monster. It becomes an Effect Monster, and gains its effects. If this face-up card is sent from the field to the Graveyard: Target 1 Normal Monster in your Graveyard; Special Summon it.",0.04,0.25,1.49,0.18,,Unlimited,LDK2-ENJ31,Common,SPELL,,Normal Spell,,,
123591,Cards of the Red Stone,Cards of the Red Stone,https://tcgplayer-cdn.tcgplayer.com/product/123591_200w.jpg,2,1841,https://cpt.tcgcsv.com/Rr_,2019-07-09T15:16:32.037,1,"Send 1 Level 7 ""Red-Eyes"" monster from your hand to the Graveyard; draw 2 cards, then you can send 1 Level 7 ""Red-Eyes"" monster from your Deck to the Graveyard. You can only activate 1 ""Cards of the Red Stone"" per turn.",0.13,0.35,1.49,0.3,,1st Edition,LDK2-ENJ25,Common,SPELL,,Normal Spell,,,
123591,Cards of the Red Stone,Cards of the Red Stone,https://tcgplayer-cdn.tcgplayer.com/product/123591_200w.jpg,2,1841,https://cpt.tcgcsv.com/Rr_,2019-07-09T15:16:32.037,1,"Send 1 Level 7 ""Red-Eyes"" monster from your hand to the Graveyard; draw 2 cards, then you can send 1 Level 7 ""Red-Eyes"" monster from your Deck to the Graveyard. You can only activate 1 ""Cards of the Red Stone"" per turn.",0.08,0.27,1.49,0.24,0.25,Unlimited,LDK2-ENJ25,Common,SPELL,,Normal Spell,,,
123592,Red-Eyes Fusion,Red Eyes Fusion,https://tcgplayer-cdn.tcgplayer.com/product/123592_200w.jpg,2,1841,https://cpt.tcgcsv.com/Sr_,2024-10-18T17:01:20.957,1,"Fusion Summon 1 Fusion Monster that lists a ""Red-Eyes"" monster as Material from your Extra Deck, using monsters from your hand, Deck, or field as Fusion Materials, and if you do, its name becomes ""Red-Eyes B. Dragon"". You cannot Normal or Special Summon other monsters the turn you activate this card. You can only activate 1 ""Red-Eyes Fusion"" per turn.",0.3,1.27,4.98,1.3,1.55,Unlimited,LDK2-ENJ24,Common,SPELL,,Normal Spell,,,
123592,Red-Eyes Fusion,Red Eyes Fusion,https://tcgplayer-cdn.tcgplayer.com/product/123592_200w.jpg,2,1841,https://cpt.tcgcsv.com/Sr_,2024-10-18T17:01:20.957,1,"Fusion Summon 1 Fusion Monster that lists a ""Red-Eyes"" monster as Material from your Extra Deck, using monsters from your hand, Deck, or field as Fusion Materials, and if you do, its name becomes ""Red-Eyes B. Dragon"". You cannot Normal or Special Summon other monsters the turn you activate this card. You can only activate 1 ""Red-Eyes Fusion"" per turn.",0.5,0.99,6.94,0.71,,1st Edition,LDK2-ENJ24,Common,SPELL,,Normal Spell,,,
123593,Polymerization (J),Polymerization J,https://tcgplayer-cdn.tcgplayer.com/product/123593_200w.jpg,2,1841,https://cpt.tcgcsv.com/Tr_,2025-03-09T10:49:38.62,1,"Fusion Summon 1 Fusion Monster from your Extra Deck, using monsters from your hand or field as Fusion Materials.",0.05,0.45,1.95,0.33,0.31,1st Edition,LDK2-ENJ26,Common,SPELL,,Normal Spell,,,
123593,Polymerization (J),Polymerization J,https://tcgplayer-cdn.tcgplayer.com/product/123593_200w.jpg,2,1841,https://cpt.tcgcsv.com/Tr_,2025-03-09T10:49:38.62,1,"Fusion Summon 1 Fusion Monster from your Extra Deck, using monsters from your hand or field as Fusion Materials.",0.09,0.41,1.99,0.34,,Unlimited,LDK2-ENJ26,Common,SPELL,,Normal Spell,,,
123594,Salamandra,Salamandra,https://tcgplayer-cdn.tcgplayer.com/product/123594_200w.jpg,2,1841,https://cpt.tcgcsv.com/Vr_,2019-07-09T15:23:09.65,1,Equip only to a FIRE monster. It gains 700 ATK.,0.08,0.23,0.99,0.23,,1st Edition,LDK2-ENJ27,Common,SPELL,,Normal Spell,,,
123594,Salamandra,Salamandra,https://tcgplayer-cdn.tcgplayer.com/product/123594_200w.jpg,2,1841,https://cpt.tcgcsv.com/Vr_,2019-07-09T15:23:09.65,1,Equip only to a FIRE monster. It gains 700 ATK.,0.15,0.25,1.49,0.2,,Unlimited,LDK2-ENJ27,Common,SPELL,,Normal Spell,,,
123595,Scapegoat,Scapegoat,https://tcgplayer-cdn.tcgplayer.com/product/123595_200w.jpg,2,1841,https://cpt.tcgcsv.com/Wr_,2019-07-09T15:23:18.317,1,"Special Summon 4 ""Sheep Tokens"" (Beast-Type/EARTH/Level 1/ATK 0/DEF 0) in Defense Position. These Tokens cannot be Tributed for a Tribute Summon. You cannot Summon other monsters the turn you activate this card (but you can Normal Set).",0.08,0.31,2.0,0.23,,Unlimited,LDK2-ENJ28,Common,SPELL,,Normal Spell,,,
123595,Scapegoat,Scapegoat,https://tcgplayer-cdn.tcgplayer.com/product/123595_200w.jpg,2,1841,https://cpt.tcgcsv.com/Wr_,2019-07-09T15:23:18.317,1,"Special Summon 4 ""Sheep Tokens"" (Beast-Type/EARTH/Level 1/ATK 0/DEF 0) in Defense Position. These Tokens cannot be Tributed for a Tribute Summon. You cannot Summon other monsters the turn you activate this card (but you can Normal Set).",0.1,0.28,1.41,0.21,,1st Edition,LDK2-ENJ28,Common,SPELL,,Normal Spell,,,
123596,Foolish Burial,Foolish Burial,https://tcgplayer-cdn.tcgplayer.com/product/123596_200w.jpg,2,1841,https://cpt.tcgcsv.com/Xr_,2024-11-02T09:27:58.793,1,Send 1 monster from your Deck to the Graveyard.,0.1,0.4,4.99,0.23,,Unlimited,LDK2-ENJ29,Common,SPELL,,Normal Spell,,,
123596,Foolish Burial,Foolish Burial,https://tcgplayer-cdn.tcgplayer.com/product/123596_200w.jpg,2,1841,https://cpt.tcgcsv.com/Xr_,2024-11-02T09:27:58.793,1,Send 1 monster from your Deck to the Graveyard.,0.2,0.46,2.0,0.31,,1st Edition,LDK2-ENJ29,Common,SPELL,,Normal Spell,,,
123597,Roulette Spider,Roulette Spider,https://tcgplayer-cdn.tcgplayer.com/product/123597_200w.jpg,2,1841,https://cpt.tcgcsv.com/Zr_,2019-07-09T15:23:04.61,1,"When an opponent's monster declares an attack: Roll a six-sided die and apply the result.
<br>1: Halve your LP.
<br>2: Make that attack a direct attack.
<br>3: Choose 1 monster you control, change the attack target to it, and perform damage calculation.
<br>4: Choose 1 other monster your opponent controls, change the attack target to it, and perform damage calculation.
<br>5: Negate the attack, and if you do, inflict damage to your opponent equal to that monster's ATK.
<br>6: Destroy that opponent's monster.",0.05,0.25,1.49,0.14,,Unlimited,LDK2-ENJ30,Common,SPELL,,Normal Spell,,,
123597,Roulette Spider,Roulette Spider,https://tcgplayer-cdn.tcgplayer.com/product/123597_200w.jpg,2,1841,https://cpt.tcgcsv.com/Zr_,2019-07-09T15:23:04.61,1,"When an opponent's monster declares an attack: Roll a six-sided die and apply the result.
<br>1: Halve your LP.
<br>2: Make that attack a direct attack.
<br>3: Choose 1 monster you control, change the attack target to it, and perform damage calculation.
<br>4: Choose 1 other monster your opponent controls, change the attack target to it, and perform damage calculation.
<br>5: Negate the attack, and if you do, inflict damage to your opponent equal to that monster's ATK.
<br>6: Destroy that opponent's monster.",0.09,0.22,1.49,0.14,,1st Edition,LDK2-ENJ30,Common,SPELL,,Normal Spell,,,
123598,Mystical Space Typhoon,Mystical Space Typhoon,https://tcgplayer-cdn.tcgplayer.com/product/123598_200w.jpg,2,1841,https://cpt.tcgcsv.com/-r_,2019-07-09T15:21:13.42,1,Target 1 Spell/Trap Card on the field; destroy that target.,0.19,0.34,1.94,0.33,,1st Edition,LDK2-ENJ32,Common,SPELL,,Normal Spell,,,
123598,Mystical Space Typhoon,Mystical Space Typhoon,https://tcgplayer-cdn.tcgplayer.com/product/123598_200w.jpg,2,1841,https://cpt.tcgcsv.com/-r_,2019-07-09T15:21:13.42,1,Target 1 Spell/Trap Card on the field; destroy that target.,0.2,0.5,1.51,0.9,,Unlimited,LDK2-ENJ32,Common,SPELL,,Normal Spell,,,
123599,Symbols of Duty,Symbols of Duty,https://tcgplayer-cdn.tcgplayer.com/product/123599_200w.jpg,2,1841,https://cpt.tcgcsv.com/_r_,2019-07-09T15:24:01.687,1,"Send 1 Normal Monster you control to the Graveyard, then target 1 monster in either player's Graveyard; Special Summon it, and if you do, equip it with this card. When this card leaves the field, destroy the equipped monster.",0.01,0.2,1.4,0.11,,1st Edition,LDK2-ENJ33,Common,SPELL,,Normal Spell,,,
123599,Symbols of Duty,Symbols of Duty,https://tcgplayer-cdn.tcgplayer.com/product/123599_200w.jpg,2,1841,https://cpt.tcgcsv.com/_r_,2019-07-09T15:24:01.687,1,"Send 1 Normal Monster you control to the Graveyard, then target 1 monster in either player's Graveyard; Special Summon it, and if you do, equip it with this card. When this card leaves the field, destroy the equipped monster.",0.01,0.19,1.49,0.1,,Unlimited,LDK2-ENJ33,Common,SPELL,,Normal Spell,,,
123600,Return of the Red-Eyes,Return of the Red Eyes,https://tcgplayer-cdn.tcgplayer.com/product/123600_200w.jpg,2,1841,https://cpt.tcgcsv.com/0s_,2019-07-09T15:22:40.127,1,"If you control a ""Red-Eyes"" monster, except ""Red-Eyes B. Chick"": You can target 1 Normal Monster in your Graveyard; Special Summon it. If this card in your possession is destroyed by an opponent's card effect and sent to your Graveyard: You can target 1 ""Red-Eyes"" monster in your Graveyard, except ""Red-Eyes B. Chick""; Special Summon it. You can only use each effect of ""Return of the Red-Eyes"" once per turn.",0.21,0.5,3.43,0.53,,1st Edition,LDK2-ENJ34,Ultra Rare,TRAP,,Normal Trap,,,
123600,Return of the Red-Eyes,Return of the Red Eyes,https://tcgplayer-cdn.tcgplayer.com/product/123600_200w.jpg,2,1841,https://cpt.tcgcsv.com/0s_,2019-07-09T15:22:40.127,1,"If you control a ""Red-Eyes"" monster, except ""Red-Eyes B. Chick"": You can target 1 Normal Monster in your Graveyard; Special Summon it. If this card in your possession is destroyed by an opponent's card effect and sent to your Graveyard: You can target 1 ""Red-Eyes"" monster in your Graveyard, except ""Red-Eyes B. Chick""; Special Summon it. You can only use each effect of ""Return of the Red-Eyes"" once per turn.",0.12,0.35,4.99,0.37,0.16,Unlimited,LDK2-ENJ34,Ultra Rare,TRAP,,Normal Trap,,,
123601,Red-Eyes Spirit,Red Eyes Spirit,https://tcgplayer-cdn.tcgplayer.com/product/123601_200w.jpg,2,1841,https://cpt.tcgcsv.com/2s_,2019-07-09T15:22:35.74,1,"Target 1 ""Red-Eyes"" monster in your Graveyard, except ""Red-Eyes B. Chick""; Special Summon it.",0.2,0.54,1.98,0.5,,Unlimited,LDK2-ENJ35,Common,TRAP,,Normal Trap,,,
123601,Red-Eyes Spirit,Red Eyes Spirit,https://tcgplayer-cdn.tcgplayer.com/product/123601_200w.jpg,2,1841,https://cpt.tcgcsv.com/2s_,2019-07-09T15:22:35.74,1,"Target 1 ""Red-Eyes"" monster in your Graveyard, except ""Red-Eyes B. Chick""; Special Summon it.",0.23,0.35,4.99,0.29,,1st Edition,LDK2-ENJ35,Common,TRAP,,Normal Trap,,,
123602,Kunai with Chain,Kunai with Chain,https://tcgplayer-cdn.tcgplayer.com/product/123602_200w.jpg,2,1841,https://cpt.tcgcsv.com/3s_,2019-07-09T15:19:59.73,1,"Activate 1 or both of these effects (simultaneously).
<br><b>-</b> When an opponent's monster declares an attack: Target the attacking monster; change that target to Defense Position.
<br><b>-</b> Target 1 face-up monster you control; equip this card to that target. It gains 500 ATK.",0.05,0.2,1.49,0.13,,Unlimited,LDK2-ENJ36,Common,TRAP,,Normal Trap,,,
123602,Kunai with Chain,Kunai with Chain,https://tcgplayer-cdn.tcgplayer.com/product/123602_200w.jpg,2,1841,https://cpt.tcgcsv.com/3s_,2019-07-09T15:19:59.73,1,"Activate 1 or both of these effects (simultaneously).
<br><b>-</b> When an opponent's monster declares an attack: Target the attacking monster; change that target to Defense Position.
<br><b>-</b> Target 1 face-up monster you control; equip this card to that target. It gains 500 ATK.",0.05,0.24,1.39,0.21,,1st Edition,LDK2-ENJ36,Common,TRAP,,Normal Trap,,,
123603,Call of the Haunted,Call of the Haunted,https://tcgplayer-cdn.tcgplayer.com/product/123603_200w.jpg,2,1841,https://cpt.tcgcsv.com/5s_,2019-07-09T15:16:27.447,1,"Activate this card by targeting 1 monster in your Graveyard; Special Summon that target in Attack Position. When this card leaves the field, destroy that target. When that target is destroyed, destroy this card.",0.1,0.25,3.99,0.22,,1st Edition,LDK2-ENJ37,Common,TRAP,,Normal Trap,,,
123603,Call of the Haunted,Call of the Haunted,https://tcgplayer-cdn.tcgplayer.com/product/123603_200w.jpg,2,1841,https://cpt.tcgcsv.com/5s_,2019-07-09T15:16:27.447,1,"Activate this card by targeting 1 monster in your Graveyard; Special Summon that target in Attack Position. When this card leaves the field, destroy that target. When that target is destroyed, destroy this card.",0.1,0.25,1.49,0.18,,Unlimited,LDK2-ENJ37,Common,TRAP,,Normal Trap,,,
123604,Torrential Tribute,Torrential Tribute,https://tcgplayer-cdn.tcgplayer.com/product/123604_200w.jpg,2,1841,https://cpt.tcgcsv.com/6s_,2019-07-09T15:25:47.837,1,When a monster(s) is Summoned: Destroy all monsters on the field.,0.2,0.49,2.1,0.45,0.47,Unlimited,LDK2-ENJ38,Common,TRAP,,Normal Trap,,,
123604,Torrential Tribute,Torrential Tribute,https://tcgplayer-cdn.tcgplayer.com/product/123604_200w.jpg,2,1841,https://cpt.tcgcsv.com/6s_,2019-07-09T15:25:47.837,1,When a monster(s) is Summoned: Destroy all monsters on the field.,0.08,0.53,3.99,0.59,,1st Edition,LDK2-ENJ38,Common,TRAP,,Normal Trap,,,
123605,Burst Breath,Burst Breath,https://tcgplayer-cdn.tcgplayer.com/product/123605_200w.jpg,2,1841,https://cpt.tcgcsv.com/7s_,2019-07-09T15:16:14.39,1,Tribute 1 Dragon-Type monster; destroy all face-up monsters on the field whose DEF is less than or equal to the ATK the Tributed monster had on the field.,0.01,0.19,1.49,0.11,,Unlimited,LDK2-ENJ39,Common,TRAP,,Normal Trap,,,
123605,Burst Breath,Burst Breath,https://tcgplayer-cdn.tcgplayer.com/product/123605_200w.jpg,2,1841,https://cpt.tcgcsv.com/7s_,2019-07-09T15:16:14.39,1,Tribute 1 Dragon-Type monster; destroy all face-up monsters on the field whose DEF is less than or equal to the ATK the Tributed monster had on the field.,0.06,0.25,1.41,0.1,,1st Edition,LDK2-ENJ39,Common,TRAP,,Normal Trap,,,
123606,Curse of Anubis,Curse of Anubis,https://tcgplayer-cdn.tcgplayer.com/product/123606_200w.jpg,2,1841,https://cpt.tcgcsv.com/8s_,2019-07-09T15:16:50.393,1,"Change all Effect Monsters on the field to Defense Position. Until the end of this turn, the original DEF of those monsters becomes 0, also their battle positions cannot be changed.",0.08,0.2,1.4,0.16,,1st Edition,LDK2-ENJ40,Common,TRAP,,Normal Trap,,,
123606,Curse of Anubis,Curse of Anubis,https://tcgplayer-cdn.tcgplayer.com/product/123606_200w.jpg,2,1841,https://cpt.tcgcsv.com/8s_,2019-07-09T15:16:50.393,1,"Change all Effect Monsters on the field to Defense Position. Until the end of this turn, the original DEF of those monsters becomes 0, also their battle positions cannot be changed.",0.01,0.22,1.49,0.2,,Unlimited,LDK2-ENJ40,Common,TRAP,,Normal Trap,,,
123607,Red-Eyes Flare Metal Dragon,Red Eyes Flare Metal Dragon,https://tcgplayer-cdn.tcgplayer.com/product/123607_200w.jpg,2,1841,https://cpt.tcgcsv.com/9s_,2025-04-18T14:00:13.223,1,"2 Level 7 monsters
<br>Cannot be destroyed by card effects while it has Xyz Material. While this card has Xyz Material, each time your opponent activates a card or effect, inflict 500 damage to your opponent immediately after it resolves. Once per turn, during either player's turn: You can detach 1 Xyz Material from this card, then target 1 ""Red-Eyes"" Normal Monster in your Graveyard; Special Summon it.",0.12,0.75,12.99,0.64,,1st Edition,LDK2-ENJ41,Ultra Rare,DARK,Dragon,Xyz/Effect Monster,2800,2400,
123607,Red-Eyes Flare Metal Dragon,Red Eyes Flare Metal Dragon,https://tcgplayer-cdn.tcgplayer.com/product/123607_200w.jpg,2,1841,https://cpt.tcgcsv.com/9s_,2025-04-18T14:00:13.223,1,"2 Level 7 monsters
<br>Cannot be destroyed by card effects while it has Xyz Material. While this card has Xyz Material, each time your opponent activates a card or effect, inflict 500 damage to your opponent immediately after it resolves. Once per turn, during either player's turn: You can detach 1 Xyz Material from this card, then target 1 ""Red-Eyes"" Normal Monster in your Graveyard; Special Summon it.",0.24,0.55,7.99,0.44,,Unlimited,LDK2-ENJ41,Ultra Rare,DARK,Dragon,Xyz/Effect Monster,2800,2400,
123608,Archfiend Black Skull Dragon,Archfiend Black Skull Dragon,https://tcgplayer-cdn.tcgplayer.com/product/123608_200w.jpg,2,1841,https://cpt.tcgcsv.com/bs_,2019-07-09T15:14:55.303,1,"1 Level 6 ""Archfiend"" Normal Monster + 1 ""Red-Eyes"" Normal Monster
<br>You can only Special Summon ""Archfiend Black Skull Dragon(s)"" once per turn. If this card battles, your opponent's cards or effects cannot be activated until the end of the Damage Step. If damage calculation is performed involving this Fusion Summoned card, at the end of the Battle Phase: You can target 1 ""Red-Eyes"" Normal Monster in your Graveyard; inflict damage to your opponent equal to its ATK in the Graveyard, then shuffle it into the Deck.",0.23,0.5,9.39,0.53,,1st Edition,LDK2-ENJ42,Common,DARK,Dragon,Fusion/Effect Monster,3200,2500,
123608,Archfiend Black Skull Dragon,Archfiend Black Skull Dragon,https://tcgplayer-cdn.tcgplayer.com/product/123608_200w.jpg,2,1841,https://cpt.tcgcsv.com/bs_,2019-07-09T15:14:55.303,1,"1 Level 6 ""Archfiend"" Normal Monster + 1 ""Red-Eyes"" Normal Monster
<br>You can only Special Summon ""Archfiend Black Skull Dragon(s)"" once per turn. If this card battles, your opponent's cards or effects cannot be activated until the end of the Damage Step. If damage calculation is performed involving this Fusion Summoned card, at the end of the Battle Phase: You can target 1 ""Red-Eyes"" Normal Monster in your Graveyard; inflict damage to your opponent equal to its ATK in the Graveyard, then shuffle it into the Deck.",0.19,0.53,1.53,0.47,,Unlimited,LDK2-ENJ42,Common,DARK,Dragon,Fusion/Effect Monster,3200,2500,
123609,Alligator's Sword Dragon,Alligators Sword Dragon,https://tcgplayer-cdn.tcgplayer.com/product/123609_200w.jpg,2,1841,https://cpt.tcgcsv.com/cs_,2019-07-09T15:14:42.507,1,"""Baby Dragon"" + ""Alligator's Sword""
<br>This card can attack your opponent directly if the only face-up monsters they control are EARTH, WATER, or FIRE.",0.07,0.21,1.49,0.17,,Unlimited,LDK2-ENJ43,Common,WIND,Dragon,Fusion/Effect Monster,1700,1500,
123609,Alligator's Sword Dragon,Alligators Sword Dragon,https://tcgplayer-cdn.tcgplayer.com/product/123609_200w.jpg,2,1841,https://cpt.tcgcsv.com/cs_,2019-07-09T15:14:42.507,1,"""Baby Dragon"" + ""Alligator's Sword""
<br>This card can attack your opponent directly if the only face-up monsters they control are EARTH, WATER, or FIRE.",0.08,0.25,4.39,0.21,,1st Edition,LDK2-ENJ43,Common,WIND,Dragon,Fusion/Effect Monster,1700,1500,
123610,Token: Joey,Token Joey,https://tcgplayer-cdn.tcgplayer.com/product/123610_200w.jpg,2,1841,https://cpt.tcgcsv.com/ds_,2022-09-14T17:58:23.26,1,This card can be used as any Token.,0.2,0.65,10.0,0.65,,Limited,LDK2-ENT03,Ultra Rare,,,Token,,,
123611,Dark Burning Attack,Dark Burning Attack,https://tcgplayer-cdn.tcgplayer.com/product/123611_200w.jpg,2,1841,https://cpt.tcgcsv.com/fs_,2019-07-09T15:17:17.48,1,"If you control a ""Dark Magician Girl"" monster: Destroy all face-up monsters your opponent controls.",0.11,0.52,7.0,0.33,0.5,Limited,LDK2-ENS04,Secret Rare,SPELL,,Normal Spell,,,
123612,Dark Burning Magic,Dark Burning Magic,https://tcgplayer-cdn.tcgplayer.com/product/123612_200w.jpg,2,1841,https://cpt.tcgcsv.com/gs_,2024-10-22T04:09:49.583,1,"If you control monsters whose original names are ""Dark Magician"" and ""Dark Magician Girl"": Destroy all cards your opponent controls.",0.12,0.8,29.99,0.68,0.84,Limited,LDK2-ENS05,Secret Rare,SPELL,,Normal Spell,,,
123613,Eternal Soul,Eternal Soul,https://tcgplayer-cdn.tcgplayer.com/product/123613_200w.jpg,2,1841,https://cpt.tcgcsv.com/hs_,2024-06-29T08:15:46.887,1,"Every ""Dark Magician"" in your Monster Zone is unaffected by your opponent's card effects. If this face-up card leaves the field: Destroy all monsters you control. You can only use the following effect of ""Eternal Soul"" once per turn. You can activate 1 of these effects;
<br><b>-</b> Special Summon 1 ""Dark Magician"" from your hand or Graveyard.
<br><b>-</b> Add 1 ""Dark Magic Attack"" or ""Thousand Knives"" from your Deck to your hand.",0.15,1.04,19.99,0.98,0.99,Limited,LDK2-ENS06,Secret Rare,TRAP,,Normal Trap,,,
123620,Blue-Eyes White Dragon (Version 4),Blue Eyes White Dragon Version 4,https://tcgplayer-cdn.tcgplayer.com/product/123620_200w.jpg,2,1841,https://cpt.tcgcsv.com/qs_,2019-07-09T15:16:09.94,1,"<i>This legendary dragon is a powerful engine of destruction. Virtually invincible, very few have faced this awesome creature and lived to tell the tale.",0.12,0.4,3.01,0.33,0.2,1st Edition,LDK2-ENK01,Common,LIGHT,Dragon,Normal Monster,3000,2500,
123620,Blue-Eyes White Dragon (Version 4),Blue Eyes White Dragon Version 4,https://tcgplayer-cdn.tcgplayer.com/product/123620_200w.jpg,2,1841,https://cpt.tcgcsv.com/qs_,2019-07-09T15:16:09.94,1,"<i>This legendary dragon is a powerful engine of destruction. Virtually invincible, very few have faced this awesome creature and lived to tell the tale.",0.1,0.32,1.53,0.32,0.14,Unlimited,LDK2-ENK01,Common,LIGHT,Dragon,Normal Monster,3000,2500,
123621,Blue-Eyes White Dragon (Version 1),Blue Eyes White Dragon Version 1,https://tcgplayer-cdn.tcgplayer.com/product/123621_200w.jpg,2,1841,https://cpt.tcgcsv.com/rs_,2024-10-18T16:53:13.85,1,"<i>This legendary dragon is a powerful engine of destruction. Virtually invincible, very few have faced this awesome creature and lived to tell the tale.",0.15,0.46,5.0,0.38,0.36,1st Edition,LDK2-ENK01,Common,LIGHT,Dragon,Normal Monster,3000,2500,
123621,Blue-Eyes White Dragon (Version 1),Blue Eyes White Dragon Version 1,https://tcgplayer-cdn.tcgplayer.com/product/123621_200w.jpg,2,1841,https://cpt.tcgcsv.com/rs_,2024-10-18T16:53:13.85,1,"<i>This legendary dragon is a powerful engine of destruction. Virtually invincible, very few have faced this awesome creature and lived to tell the tale.",0.08,0.45,1.53,0.46,0.33,Unlimited,LDK2-ENK01,Common,LIGHT,Dragon,Normal Monster,3000,2500,
194227,Legendary Decks II Collector's Set [Unlimited Edition],Legendary Decks II Collectors Set Unlimited Edition,https://tcgplayer-cdn.tcgplayer.com/product/194227_200w.jpg,2,1841,https://cpt.tcgcsv.com/zJz2,2024-03-13T21:44:01.307,2,"Each Legendary Decks II Collector's Set contains:
<br>
<br><b>-</b> 43-card Deck based on Yugi and his ""Exodia the Forbidden One"", including the 3 playable versions of the Egyptian God cards.
<br><b>-</b> 43-card Deck based on Kaiba and his ""Blue-Eyes White Dragon"".
<br><b>-</b> 43-card Deck based on Joey and his ""Red-Eyes B. Dragon"", including ""Red-Eyes Black Flare Dragon"" and ""Red-Eyes Archfiend of Lightning"".
<br><b>-</b> 3 new Secret Rare cards: ""Eternal Soul"", ""Dark Burning Attack"", and ""Dark Burning Magic"".
<br><b>-</b> 3 Ultra Rare Token cards.
<br>
<br>Each of the three decks include 3 Ultra Rares and 40 commons.
<br><em>(Disclaimer: This sealed product features a 1996/2017 Copyright date.)</em>",21.0,32.99,79.96,28.03,,Normal,,,,,,,,083717845010
