productId,name,cleanName,imageUrl,categoryId,groupId,url,modifiedOn,imageCount,extDescription,extUPC,lowPrice,midPrice,highPrice,marketPrice,directLowPrice,subTypeName,extNumber,extRarity,extAttribute,extMonsterType,extCardType,extAttack,extDefense,extLinkRating,extLinkArrows
227889,Legendary Duelists: Season 2 Box [1st Edition],Legendary Duelists Season 2 Box 1st Edition,https://tcgplayer-cdn.tcgplayer.com/product/227889_200w.jpg,2,2743,https://cpt.tcgcsv.com/P9R2,2022-12-19T13:00:14.553,1,"Each Legendary Duelists: Season 2 box contains:
<br>• 1 of 5 collectible dice
<br>• 1 of 10 Secret Rare variant cards
<br>• 2 packs with 18 cards each: 1 standard Ultra Rare, 2 colorful Ultra Rares (blue, green, or purple), and 15 Commons.
<br>• The set contains: 30 Ultra Rares, 91 Commons",083717851820,18.7,27.96,41.98,24.18,,Normal,,,,,,,,,
227893,Legendary Duelists: Season 2 Booster Pack [1st Edition],Legendary Duelists Season 2 Booster Pack 1st Edition,https://tcgplayer-cdn.tcgplayer.com/product/227893_200w.jpg,2,2743,https://cpt.tcgcsv.com/T9R2,2021-01-27T21:20:42.487,1,Each booster pack contains 3 Ultra Rares and 15 Commons.,083717851813,10.66,11.99,19.96,9.33,,Normal,,,,,,,,,
229435,Legendary Duelists: Season 2 Box Display [1st Edition],Legendary Duelists Season 2 Box Display 1st Edition,https://tcgplayer-cdn.tcgplayer.com/product/229435_200w.jpg,2,2743,https://cpt.tcgcsv.com/KNR2,2021-01-27T21:21:06.76,1,"Contains 8 <em>Legendary Duelists: Season 2</em> boxes. Each Legendary Duelists: Season 2 box contains a grand total of:
<br>• 1 Secret Rare
<br>• 6 Ultra Rares (2 standard Ultra Rares, 4 colorful Ultra Rares)
<br>• 30 Commons",083717851837,146.99,165.0,166.6,107.99,,Normal,,,,,,,,,
230221,Blue-Eyes White Dragon,Blue Eyes White Dragon,https://tcgplayer-cdn.tcgplayer.com/product/230221_200w.jpg,2,2743,https://cpt.tcgcsv.com/r6S2,2023-11-29T10:35:27.947,1,"<em>This legendary dragon is a powerful engine of destruction. Virtually invincible, very few have faced this awesome creature and lived to tell the tale.</em>",,1.76,2.82,6.5,2.59,1.94,1st Edition,LDS2-EN001,Ultra Rare,LIGHT,Dragon,Normal Monster,3000,2500,,
230222,Kaibaman,Kaibaman,https://tcgplayer-cdn.tcgplayer.com/product/230222_200w.jpg,2,2743,https://cpt.tcgcsv.com/s6S2,2021-01-22T05:03:22.56,1,"You can Tribute this card; Special Summon 1 ""Blue-Eyes White Dragon"" from your hand.",,0.05,0.25,1.49,0.19,0.18,1st Edition,LDS2-EN002,Common,LIGHT,Warrior,Effect Monster,200,700,,
230223,Decoy Dragon,Decoy Dragon,https://tcgplayer-cdn.tcgplayer.com/product/230223_200w.jpg,2,2743,https://cpt.tcgcsv.com/t6S2,2021-01-22T05:03:22.56,1,"If this card is targeted for an attack: Target 1 Level 7 or higher Dragon-Type monster in your Graveyard; Special Summon it, and if you do, change the attack target to it and perform damage calculation.",,0.05,0.25,1.55,0.15,0.18,1st Edition,LDS2-EN003,Common,FIRE,Dragon,Effect Monster,300,200,,
230224,The White Stone of Legend,The White Stone of Legend,https://tcgplayer-cdn.tcgplayer.com/product/230224_200w.jpg,2,2743,https://cpt.tcgcsv.com/v6S2,2024-08-12T19:53:01.58,1,"If this card is sent to the GY: Add 1 ""Blue-Eyes White Dragon"" from your Deck to your hand.",,0.1,0.34,1.67,0.28,0.25,1st Edition,LDS2-EN004,Common,LIGHT,Dragon,Tuner/Effect Monster,300,250,,
230226,Malefic Blue-Eyes White Dragon,Malefic Blue Eyes White Dragon,https://tcgplayer-cdn.tcgplayer.com/product/230226_200w.jpg,2,2743,https://cpt.tcgcsv.com/x6S2,2024-08-12T19:53:01.627,1,"Cannot be Normal Summoned/Set. Must first be Special Summoned (from your hand) by banishing 1 ""Blue-Eyes White Dragon"" from your Deck. There can only be 1 ""Malefic"" monster on the field. Other monsters you control cannot declare an attack. If there is no face-up Field Spell Card on the field, destroy this card.",,0.1,0.36,3.97,0.33,0.37,1st Edition,LDS2-EN005,Common,DARK,Dragon,Effect Monster,3000,2500,,
230227,Maiden with Eyes of Blue,Maiden with Eyes of Blue,https://tcgplayer-cdn.tcgplayer.com/product/230227_200w.jpg,2,2743,https://cpt.tcgcsv.com/z6S2,2024-08-12T19:53:01.66,1,"When a card or effect is activated that targets this card (Quick Effect): You can Special Summon 1 ""Blue-Eyes White Dragon"" from your hand, Deck, or GY. When this card is targeted for an attack: You can negate the attack, and if you do, change the battle position of this card, then you can Special Summon 1 ""Blue-Eyes White Dragon"" from your hand, Deck, or GY. You can only use 1 ""Maiden with Eyes of Blue"" effect per turn, and only once that turn.",,0.15,0.3,1.57,0.28,1.37,1st Edition,LDS2-EN006,Common,LIGHT,Spellcaster,Tuner/Effect Monster,0,0,,
230228,Priestess with Eyes of Blue,Priestess with Eyes of Blue,https://tcgplayer-cdn.tcgplayer.com/product/230228_200w.jpg,2,2743,https://cpt.tcgcsv.com/B6S2,2024-08-12T19:53:01.69,1,"When a card or effect is activated that targets this card (Quick Effect): You can send 1 Effect Monster you control to the GY, and if you do, add up to 2 ""Blue-Eyes"" monsters with different names from your Deck to your hand. If this card is in your GY: You can target 1 ""Blue-Eyes"" monster you control; shuffle it into the Deck, and if you do, Special Summon this card. You can only use 1 ""Priestess with Eyes of Blue"" effect per turn, and only once that turn.",,0.15,0.4,1.99,0.26,0.27,1st Edition,LDS2-EN007,Common,LIGHT,Spellcaster,Tuner/Effect Monster,0,0,,
230230,Blue-Eyes Alternative White Dragon,Blue Eyes Alternative White Dragon,https://tcgplayer-cdn.tcgplayer.com/product/230230_200w.jpg,2,2743,https://cpt.tcgcsv.com/D6S2,2023-06-26T12:16:20.66,1,"Cannot be Normal Summoned/Set. Must first be Special Summoned (from your hand) by revealing ""Blue-Eyes White Dragon"" in your hand. You can only Special Summon ""Blue-Eyes Alternative White Dragon"" once per turn this way. This card's name becomes ""Blue-Eyes White Dragon"" while it is on the field or in the Graveyard. Once per turn: You can target 1 monster your opponent controls; destroy it. This card cannot attack the turn this effect is activated.",,0.5,1.11,39.87,0.73,,1st Edition,LDS2-EN008,Ultra Rare,LIGHT,Dragon,Effect Monster,3000,2500,,
230231,Dragon Spirit of White,Dragon Spirit of White,https://tcgplayer-cdn.tcgplayer.com/product/230231_200w.jpg,2,2743,https://cpt.tcgcsv.com/F6S2,2024-08-12T19:53:01.723,1,"(This card is always treated as a ""Blue-Eyes"" card.)
<br>This card is treated as a Normal Monster while in the hand or GY. When this card is Normal or Special Summoned: You can target 1 Spell/Trap your opponent controls; banish it. If your opponent controls a monster (Quick Effect): You can Tribute this card; Special Summon 1 ""Blue-Eyes White Dragon"" from your hand.",,0.05,0.33,1.97,0.21,0.24,1st Edition,LDS2-EN009,Common,LIGHT,Dragon,Effect Monster,2500,2000,,
230233,Protector with Eyes of Blue,Protector with Eyes of Blue,https://tcgplayer-cdn.tcgplayer.com/product/230233_200w.jpg,2,2743,https://cpt.tcgcsv.com/H6S2,2024-08-12T19:53:01.753,1,"When this card is Normal Summoned: You can Special Summon 1 Level 1 LIGHT Tuner from your hand. You can target 1 Effect Monster you control; send it to the GY, and if you do, Special Summon 1 ""Blue-Eyes"" monster from your hand. You can only use this effect of ""Protector with Eyes of Blue"" once per turn.",,0.07,0.28,1.99,0.28,0.25,1st Edition,LDS2-EN010,Common,LIGHT,Spellcaster,Tuner/Effect Monster,800,1300,,
230234,Sage with Eyes of Blue,Sage with Eyes of Blue,https://tcgplayer-cdn.tcgplayer.com/product/230234_200w.jpg,2,2743,https://cpt.tcgcsv.com/J6S2,2021-01-22T05:03:22.56,1,"When this card is Normal Summoned: You can add 1 Level 1 LIGHT Tuner from your Deck to your hand, except ""Sage with Eyes of Blue"". You can discard this card, then target 1 Effect Monster you control; send it to the GY, and if you do, Special Summon 1 ""Blue-Eyes"" monster from your Deck. You can only use this effect of ""Sage with Eyes of Blue"" once per turn.",,1.75,3.0,28.99,2.88,5.99,1st Edition,LDS2-EN011,Ultra Rare,LIGHT,Spellcaster,Tuner/Effect Monster,0,1500,,
230235,Master with Eyes of Blue,Master with Eyes of Blue,https://tcgplayer-cdn.tcgplayer.com/product/230235_200w.jpg,2,2743,https://cpt.tcgcsv.com/K6S2,2023-05-28T07:38:34.16,1,"When this card is Normal Summoned: You can target 1 Level 1 LIGHT Tuner in your GY; add it to your hand. You can shuffle this card from your GY into the Deck, then target 1 Effect Monster you control; send it to the GY, and if you do, Special Summon 1 ""Blue-Eyes"" monster from your GY, other than the sent monster. You can only use this effect of ""Master with Eyes of Blue"" once per turn.",,0.08,0.31,1.49,0.32,0.14,1st Edition,LDS2-EN012,Common,LIGHT,Spellcaster,Tuner/Effect Monster,300,1200,,
230236,The White Stone of Ancients,The White Stone of Ancients,https://tcgplayer-cdn.tcgplayer.com/product/230236_200w.jpg,2,2743,https://cpt.tcgcsv.com/L6S2,2024-06-24T08:16:15.49,1,"Once per turn, during the End Phase, if this card is in the GY because it was sent there this turn: You can Special Summon 1 ""Blue-Eyes"" monster from your Deck. You can banish this card from your GY, then target 1 ""Blue-Eyes"" monster in your GY; add it to your hand. You can only use this effect of ""The White Stone of Ancients"" once per turn.",,0.15,0.87,19.69,0.55,1.11,1st Edition,LDS2-EN013,Ultra Rare,LIGHT,Dragon,Tuner/Effect Monster,600,500,,
230239,Blue-Eyes Solid Dragon,Blue Eyes Solid Dragon,https://tcgplayer-cdn.tcgplayer.com/product/230239_200w.jpg,2,2743,https://cpt.tcgcsv.com/P6S2,2024-05-08T15:40:11.763,1,"If this card is Normal or Special Summoned: You can target 1 face-up monster your opponent controls; negate its effects. When your opponent activates a card or effect (Quick Effect): You can shuffle this card from the field into the Deck, and if you do, Special Summon 1 ""Blue-Eyes White Dragon"" from your Deck. You can only use each effect of ""Blue-Eyes Solid Dragon"" once per turn.",,2.69,3.25,9.73,3.04,,1st Edition,LDS2-EN014,Ultra Rare,LIGHT,Dragon,Effect Monster,2500,2000,,
230240,Blue-Eyes Abyss Dragon,Blue Eyes Abyss Dragon,https://tcgplayer-cdn.tcgplayer.com/product/230240_200w.jpg,2,2743,https://cpt.tcgcsv.com/Q6S2,2023-04-27T15:50:20.677,1,"If this card is Special Summoned: You can add 1 Ritual Spell or 1 ""Polymerization"" from your Deck to your hand. During your End Phase: You can add 1 Level 8 or higher Dragon monster from your Deck to your hand. You can banish this card from your GY; all Level 8 or higher Dragon monsters you control gain 1000 ATK. You can only use each effect of ""Blue-Eyes Abyss Dragon"" once per turn, and can only activate them while ""Blue-Eyes White Dragon"" is on your field or in your GY.",,1.15,2.44,18.0,1.94,6.45,1st Edition,LDS2-EN015,Secret Rare,LIGHT,Dragon,Effect Monster,2500,2500,,
230242,Blue-Eyes Chaos MAX Dragon,Blue Eyes Chaos MAX Dragon,https://tcgplayer-cdn.tcgplayer.com/product/230242_200w.jpg,2,2743,https://cpt.tcgcsv.com/S6S2,2023-05-09T10:53:30.457,1,"You can Ritual Summon this card with ""Chaos Form"". Must be Ritual Summoned. Your opponent cannot target this card with card effects, also it cannot be destroyed by your opponent's card effects. If this card attacks a Defense Position monster, inflict double piercing battle damage.",,0.5,2.24,11.98,1.43,9.57,1st Edition,LDS2-EN016,Ultra Rare,DARK,Dragon,Ritual/Effect Monster,4000,0,,
230243,Blue-Eyes Chaos Dragon,Blue Eyes Chaos Dragon,https://tcgplayer-cdn.tcgplayer.com/product/230243_200w.jpg,2,2743,https://cpt.tcgcsv.com/T6S2,2023-01-25T19:50:41.69,1,"You can Ritual Summon this card with ""Chaos Form"". Must be Ritual Summoned. Your opponent cannot target this card with card effects, also it cannot be destroyed by your opponent's card effects. If this card was Ritual Summoned using ""Blue-Eyes White Dragon"", when it declares an attack: You can change the battle positions of as many monsters your opponent controls as possible, and if you do, the ATK/DEF of those changed monsters become 0, also, this turn, if this card attacks a Defense Position monster, inflict piercing battle damage.",,4.45,8.52,39.98,6.71,7.48,1st Edition,LDS2-EN017,Secret Rare,DARK,Dragon,Ritual/Effect Monster,3000,0,,
230245,Blue-Eyes Ultimate Dragon,Blue Eyes Ultimate Dragon,https://tcgplayer-cdn.tcgplayer.com/product/230245_200w.jpg,2,2743,https://cpt.tcgcsv.com/W6S2,2023-06-14T08:14:46.87,1,"""Blue-Eyes White Dragon"" + ""Blue-Eyes White Dragon"" + ""Blue-Eyes White Dragon""",,1.0,1.75,16.0,1.7,5.49,1st Edition,LDS2-EN018,Ultra Rare,LIGHT,Dragon,Fusion Monster,4500,3800,,
230247,Blue-Eyes Twin Burst Dragon,Blue Eyes Twin Burst Dragon,https://tcgplayer-cdn.tcgplayer.com/product/230247_200w.jpg,2,2743,https://cpt.tcgcsv.com/Z6S2,2023-08-21T15:58:34.35,1,"""Blue-Eyes White Dragon"" + ""Blue-Eyes White Dragon""
<br>Must be either Fusion Summoned, or Special Summoned by sending the above monsters you control to the GY (in which case you do not use ""Polymerization""). Cannot be destroyed by battle. This card can make up to 2 attacks on monsters during each Battle Phase. At the end of the Damage Step, when this card attacks an opponent's monster, but the opponent's monster was not destroyed by the battle: You can banish that opponent's monster.",,1.45,2.66,19.95,1.75,1.78,1st Edition,LDS2-EN019,Ultra Rare,LIGHT,Dragon,Fusion/Effect Monster,3000,2500,,
230249,Blue-Eyes Spirit Dragon,Blue Eyes Spirit Dragon,https://tcgplayer-cdn.tcgplayer.com/product/230249_200w.jpg,2,2743,https://cpt.tcgcsv.com/_6S2,2022-12-12T14:28:15.197,1,"1 Tuner + 1 or more non-Tuner ""Blue-Eyes"" monsters
<br>Neither player can Special Summon 2 or more monsters at the same time. Once per turn, during either player's turn, when an effect of a card in the Graveyard is activated: You can negate the activation. During either player's turn: You can Tribute this Synchro Summoned card; Special Summon 1 LIGHT Dragon Synchro Monster from your Extra Deck in Defense Position, except ""Blue-Eyes Spirit Dragon"", but destroy it during the End Phase of this turn.",,0.6,1.6,19.0,1.59,,1st Edition,LDS2-EN020,Ultra Rare,LIGHT,Dragon,Synchro/Effect Monster,2500,3000,,
230251,Burst Stream of Destruction,Burst Stream of Destruction,https://tcgplayer-cdn.tcgplayer.com/product/230251_200w.jpg,2,2743,https://cpt.tcgcsv.com/27S2,2021-01-22T05:03:22.56,1,"If you control ""Blue-Eyes White Dragon"": Destroy all monsters your opponent controls. ""Blue-Eyes White Dragon"" you control cannot attack the turn you activate this card.",,0.05,0.24,1.55,0.1,,1st Edition,LDS2-EN021,Common,SPELL,,Normal Spell,,,,
230252,Dragon Shrine,Dragon Shrine,https://tcgplayer-cdn.tcgplayer.com/product/230252_200w.jpg,2,2743,https://cpt.tcgcsv.com/37S2,2024-08-12T19:53:01.783,1,"Send 1 Dragon monster from your Deck to the GY, then, if that monster in your GY is a Dragon Normal Monster, you can send 1 more Dragon monster from your Deck to the GY. You can only activate 1 ""Dragon Shrine"" per turn.",,0.19,0.44,4.99,0.24,0.2,1st Edition,LDS2-EN022,Common,SPELL,,Normal Spell,,,,
230253,Mausoleum of White,Mausoleum of White,https://tcgplayer-cdn.tcgplayer.com/product/230253_200w.jpg,2,2743,https://cpt.tcgcsv.com/57S2,2024-08-12T19:53:01.817,1,"During your Main Phase, you can Normal Summon 1 Level 1 LIGHT Tuner in addition to your Normal Summon/Set. (You can only gain this effect once per turn.) Once per turn: You can target 1 face-up monster you control; send 1 Normal Monster from your hand or Deck to the GY, and if you do, the targeted monster gains ATK/DEF equal to the Level of the monster sent to the GY x 100, until the end of this turn (even if this card leaves the field). You can banish this card from your GY; add 1 ""Burst Stream of Destruction"" from your Deck to your hand.",,0.1,0.25,1.49,0.2,,1st Edition,LDS2-EN023,Common,SPELL,,Field Spell,,,,
230254,Beacon of White,Beacon of White,https://tcgplayer-cdn.tcgplayer.com/product/230254_200w.jpg,2,2743,https://cpt.tcgcsv.com/67S2,2021-01-22T05:03:22.56,1,"If you do not control another ""Beacon of White"", and you have 3 or more ""Blue-Eyes"" monsters in your GY: Target 1 of them; Special Summon it, but it has its effects negated, also equip it with this card. When this card leaves the field, banish the equipped monster. Other monsters you control cannot attack, also if you have any number of ""Blue-Eyes"" monster(s) in your GY, the equipped monster can attack up to that number of times during each Battle Phase.",,0.05,0.23,1.49,0.13,0.15,1st Edition,LDS2-EN024,Common,SPELL,,Equip Spell,,,,
230256,Chaos Form,Chaos Form,https://tcgplayer-cdn.tcgplayer.com/product/230256_200w.jpg,2,2743,https://cpt.tcgcsv.com/87S2,2024-08-12T19:53:01.847,1,"This card can be used to Ritual Summon any ""Chaos"" or ""Black Luster Soldier"" Ritual Monster. You must also Tribute monsters from your hand or field and/or banish ""Blue-Eyes White Dragon"" or ""Dark Magician"" from your GY, whose total Levels exactly equal the Level of the ""Chaos"" or ""Black Luster Soldier"" Ritual Monster you Ritual Summon.",,0.05,0.3,2.99,0.17,0.25,1st Edition,LDS2-EN025,Common,SPELL,,Ritual Spell,,,,
230258,Neutron Blast,Neutron Blast,https://tcgplayer-cdn.tcgplayer.com/product/230258_200w.jpg,2,2743,https://cpt.tcgcsv.com/b7S2,2021-01-22T05:03:22.56,1,"Target 1 Fusion Summoned ""Blue-Eyes Ultimate Dragon"" you control; this turn, it can make a second and third attack during each Battle Phase, also when it attacks, your opponent's cards and effects cannot be activated until the end of the Damage Step.",,0.04,0.25,1.49,0.15,0.05,1st Edition,LDS2-EN026,Common,SPELL,,Normal Spell,,,,
230259,Majesty with Eyes of Blue,Majesty with Eyes of Blue,https://tcgplayer-cdn.tcgplayer.com/product/230259_200w.jpg,2,2743,https://cpt.tcgcsv.com/c7S2,2024-08-12T19:53:01.877,1,"Send 1 ""Blue-Eyes"" monster from your hand or Deck to the GY, then target 1 face-up monster on the field; it cannot attack while it is face-up on the field. You can only activate 1 ""Majesty with Eyes of Blue"" per turn.",,0.2,0.45,1.29,0.36,,1st Edition,LDS2-EN027,Common,SPELL,,Quick-Play Spell,,,,
230261,"Bingo Machine, Go!!!",Bingo Machine Go,https://tcgplayer-cdn.tcgplayer.com/product/230261_200w.jpg,2,2743,https://cpt.tcgcsv.com/f7S2,2023-12-16T08:49:07.783,1,"Reveal 3 cards from your Deck that each meets at least 1 of the criteria listed below, your opponent randomly picks 1 for you to add to your hand, and you shuffle the rest into your Deck. You can only activate 1 ""Bingo Machine, Go!!!"" per turn.
<br>• ""Blue-Eyes"" monster
<br>• Spell/Trap that specifically lists the card ""Blue-Eyes White Dragon"" or ""Blue-Eyes Ultimate Dragon"", except ""Bingo Machine, Go!!!""",,0.84,3.71,43.92,2.02,3.78,1st Edition,LDS2-EN028,Secret Rare,SPELL,,Normal Spell,,,,
230262,Rage with Eyes of Blue,Rage with Eyes of Blue,https://tcgplayer-cdn.tcgplayer.com/product/230262_200w.jpg,2,2743,https://cpt.tcgcsv.com/g7S2,2021-01-22T05:03:22.56,1,"Banish this card, and as many cards as possible from your hand, field, and GY, face-down, and if you do, Special Summon up to 3 copies of ""Blue-Eyes White Dragon"" from your Deck. You cannot Normal or Special Summon monsters the turn you activate this card, except ""Blue-Eyes White Dragon"".",,1.4,1.8,4.38,1.51,2.14,1st Edition,LDS2-EN029,Ultra Rare,SPELL,,Quick-Play Spell,,,,
230263,The Ultimate Creature of Destruction,The Ultimate Creature of Destruction,https://tcgplayer-cdn.tcgplayer.com/product/230263_200w.jpg,2,2743,https://cpt.tcgcsv.com/h7S2,2024-01-21T21:16:25.843,1,"Target 1 ""Blue-Eyes"" monster you control; this turn, that face-up monster is unaffected by card effects, except its own, it cannot be destroyed by battle, also any opponent's monster it battles is destroyed at the end of the Damage Step. While this card is in your GY, if you Normal or Special Summon a ""Blue-Eyes White Dragon"": You can Set this card, but banish it when it leaves the field. You can only use this effect of ""The Ultimate Creature of Destruction"" once per turn.",,0.79,2.73,19.99,1.21,1.25,1st Edition,LDS2-EN030,Ultra Rare,TRAP,,Normal Trap,,,,
230265,Cyber Pharos,Cyber Pharos,https://tcgplayer-cdn.tcgplayer.com/product/230265_200w.jpg,2,2743,https://cpt.tcgcsv.com/k7S2,2021-01-22T05:03:22.56,1,"You can Special Summon this card (from your hand) by Tributing 1 Machine monster. Once per turn, during your Main Phase: You can Fusion Summon 1 Machine Fusion Monster from your Extra Deck, using monsters from your hand and/or field as material. When a Fusion Monster you control is destroyed by battle: You can banish this card from your GY; add 1 ""Power Bond"" from your Deck to your hand. You can only use this effect of ""Cyber Pharos"" once per turn.",,0.03,0.25,1.49,0.08,0.05,1st Edition,LDS2-EN031,Common,LIGHT,Machine,Effect Monster,0,2100,,
230266,Cyber Dragon Nachster,Cyber Dragon Nachster,https://tcgplayer-cdn.tcgplayer.com/product/230266_200w.jpg,2,2743,https://cpt.tcgcsv.com/l7S2,2021-01-22T05:03:22.56,1,"This card's name becomes ""Cyber Dragon"" while on the field or in the GY. You can discard 1 other monster; Special Summon this card from your hand. If this card is Normal or Special Summoned: You can target 1 Machine monster with 2100 ATK or DEF in your GY; Special Summon it, also, you cannot Special Summon monsters for the rest of this turn, except Machine monsters. You can only use each effect of ""Cyber Dragon Nachster"" once per turn.",,0.65,1.87,8.39,1.87,4.04,1st Edition,LDS2-EN032,Ultra Rare,LIGHT,Machine,Effect Monster,200,200,,
230267,Cyber Eternity Dragon,Cyber Eternity Dragon,https://tcgplayer-cdn.tcgplayer.com/product/230267_200w.jpg,2,2743,https://cpt.tcgcsv.com/m7S2,2023-03-24T08:51:56.907,1,"1 ""Cyber Dragon"" monster + 2 Machine monsters
<br>If you have a Machine Fusion Monster(s) in your GY, your opponent cannot target this card with card effects, also it cannot be destroyed by your opponent's card effects. If this Fusion Summoned card you control is sent to your GY by an opponent's card: You can Special Summon 1 ""Cyber Dragon"" from your hand, Deck, or GY. You can banish this card from your GY; this turn, your opponent cannot target Fusion Monsters you control with card effects, also they cannot be destroyed by your opponent's card effects.",,2.96,3.58,17.99,3.58,17.98,1st Edition,LDS2-EN033,Ultra Rare,LIGHT,Machine,Fusion/Effect Monster,2800,4000,,
230268,Cyber Dragon Sieger,Cyber Dragon Sieger,https://tcgplayer-cdn.tcgplayer.com/product/230268_200w.jpg,2,2743,https://cpt.tcgcsv.com/n7S2,2022-01-07T09:32:31.843,1,"2 Machine monsters, including ""Cyber Dragon""
<br>This card's name becomes ""Cyber Dragon"" while on the field or in the GY. During each Battle Phase, if this card has not declared an attack (Quick Effect): You can target 1 Machine monster you control with 2100 or more ATK; for the rest of this turn, that monster gains 2100 ATK/DEF, also neither player takes any battle damage from attacks involving this monster. You can only use this effect of ""Cyber Dragon Sieger"" once per turn.",,1.1,1.5,4.99,1.44,1.34,1st Edition,LDS2-EN034,Common,LIGHT,Machine,Link/Effect Monster,2100,,2,Left;Bottom
230269,Cyberload Fusion,Cyberload Fusion,https://tcgplayer-cdn.tcgplayer.com/product/230269_200w.jpg,2,2743,https://cpt.tcgcsv.com/p7S2,2021-01-22T05:03:22.56,1,"Fusion Summon 1 Fusion Monster from your Extra Deck that lists a ""Cyber Dragon"" monster as material, by shuffling the Fusion Materials listed on it into the Deck, from among your cards on the field and/or your face-up banished cards, but monsters you control cannot attack for the rest of this turn, except that Fusion Summoned monster. You can only activate 1 ""Cyberload Fusion"" per turn.",,0.34,0.75,5.98,0.64,1.59,1st Edition,LDS2-EN035,Ultra Rare,SPELL,,Quick-Play Spell,,,,
230270,Super Strident Blaze,Super Strident Blaze,https://tcgplayer-cdn.tcgplayer.com/product/230270_200w.jpg,2,2743,https://cpt.tcgcsv.com/q7S2,2025-08-14T18:13:06.61,1,"Equip only to a Machine Fusion Monster. Your opponent cannot activate cards or effects during your Battle Phase. At the end of the Damage Step, if the equipped monster attacked an opponent's monster: You can banish 1 ""Cyber Dragon"" monster from your GY; the equipped monster can attack an opponent's monster again in a row. Your other monsters cannot attack the turn you activate this effect.",,0.03,0.25,1.49,0.15,0.05,1st Edition,LDS2-EN036,Common,SPELL,,Equip Spell,,,,
230272,Cybernetic Revolution,Cybernetic Revolution,https://tcgplayer-cdn.tcgplayer.com/product/230272_200w.jpg,2,2743,https://cpt.tcgcsv.com/s7S2,2024-08-12T19:53:01.957,1,"Tribute 1 ""Cyber Dragon""; Special Summon 1 Fusion Monster from your Extra Deck that lists a ""Cyber Dragon"" monster as material, but it cannot attack directly, and is destroyed during the End Phase of the next turn. You can only activate 1 ""Cybernetic Revolution"" per turn.",,0.01,0.22,1.49,0.09,0.06,1st Edition,LDS2-EN037,Common,TRAP,,Normal Trap,,,,
230273,Blackwing - Gust the Backblast,Blackwing Gust the Backblast,https://tcgplayer-cdn.tcgplayer.com/product/230273_200w.jpg,2,2743,https://cpt.tcgcsv.com/t7S2,2024-08-12T19:53:01.99,1,"If you control no cards, you can Special Summon this card (from your hand). If your opponent's monster attacks a ""Blackwing"" monster you control, the attacking monster loses 300 ATK during the Damage Step only.",,0.05,0.25,1.49,0.23,0.05,1st Edition,LDS2-EN038,Common,DARK,Winged Beast,Effect Monster,900,1400,,
230274,Blackwing - Pinaki the Waxing Moon,Blackwing Pinaki the Waxing Moon,https://tcgplayer-cdn.tcgplayer.com/product/230274_200w.jpg,2,2743,https://cpt.tcgcsv.com/v7S2,2024-08-12T19:53:02.027,1,"Cannot be used as a Synchro Material, except for the Synchro Summon of a ""Blackwing"" Synchro Monster. During the End Phase, if this card is in the Graveyard because it was sent there from the field this turn: You can add 1 ""Blackwing"" monster from your Deck to your hand, except ""Blackwing - Pinaki the Waxing Moon"". You can only use this effect of ""Blackwing - Pinaki the Waxing Moon"" once per turn.",,0.1,0.26,1.49,0.24,0.15,1st Edition,LDS2-EN039,Common,DARK,Winged Beast,Tuner/Effect Monster,1200,1000,,
230275,Blackwing - Simoon the Poison Wind,Blackwing Simoon the Poison Wind,https://tcgplayer-cdn.tcgplayer.com/product/230275_200w.jpg,2,2743,https://cpt.tcgcsv.com/w7S2,2024-08-12T19:53:02.247,1,"If you control no monsters and have this card in your hand: You can banish 1 other ""Blackwing"" monster from your hand; place 1 ""Black Whirlwind"" from your Deck face-up in your Spell & Trap Zone, then, either send this card to the GY, or immediately after this effect resolves, Normal Summon it without Tributing. You cannot Special Summon monsters from the Extra Deck for the rest of this turn, except DARK monsters. You can only use this effect of ""Blackwing - Simoon the Poison Wind"" once per turn. During the End Phase, send the ""Black Whirlwind"" placed by this effect to the GY, and if you do, take 1000 damage.",,0.05,0.4,9.99,0.22,0.2,1st Edition,LDS2-EN040,Ultra Rare,DARK,Winged Beast,Effect Monster,1600,2000,,
230280,Blackwing - Auster the South Wind,Blackwing Auster the South Wind,https://tcgplayer-cdn.tcgplayer.com/product/230280_200w.jpg,2,2743,https://cpt.tcgcsv.com/D7S2,2024-08-12T19:53:02.293,1,"Cannot be Special Summoned. When this card is Normal Summoned: You can target 1 of your banished Level 4 or lower ""Blackwing"" monsters; Special Summon it in Defense Position. You can banish this card from the GY to activate 1 of the following effects;
<br>• Place Black Feather Counter(s) on 1 ""Black-Winged Dragon"" you control, equal to the number of card(s) your opponent controls.
<br>• Place 1 Wedge Counter on each face-up monster your opponent controls that does not have one.",,0.13,0.3,3.99,0.26,0.19,1st Edition,LDS2-EN041,Common,DARK,Winged Beast,Tuner/Effect Monster,1300,0,,
230282,Blackwing Tamer - Obsidian Hawk Joe,Blackwing Tamer Obsidian Hawk Joe,https://tcgplayer-cdn.tcgplayer.com/product/230282_200w.jpg,2,2743,https://cpt.tcgcsv.com/G7S2,2024-08-12T19:53:02.327,1,"1 ""Blackwing"" Tuner + 1 or more non-Tuner ""Blackwing"" monsters
<br>You can target 1 Level 5 or higher Winged Beast-Type monster in your Graveyard; Special Summon it. During either player's turn, when your opponent activates a card or effect that targets only this card, or when your opponent targets this card for an attack: You can target 1 other ""Blackwing"" monster you control that would be an appropriate target; that card/effect/attack now targets the new target. You can only use each effect of ""Blackwing Tamer - Obsidian Hawk Joe"" once per turn.",,0.1,0.58,2.99,0.27,0.45,1st Edition,LDS2-EN042,Common,DARK,Warrior,Synchro/Effect Monster,2600,2000,,
230284,Blackwing - Nothung the Starlight,Blackwing Nothung the Starlight,https://tcgplayer-cdn.tcgplayer.com/product/230284_200w.jpg,2,2743,https://cpt.tcgcsv.com/J7S2,2021-01-22T05:03:22.56,1,"1 Tuner + 1 or more non-Tuner monsters
<br>If this card is Special Summoned: Inflict 800 damage to your opponent, then 1 face-up monster your opponent controls loses 800 ATK and DEF. You can only use this effect of ""Blackwing - Nothung the Starlight"" once per turn. During your Main Phase, you can Normal Summon 1 ""Blackwing"" monster in addition to your Normal Summon/Set. (You can only gain this effect once per turn.)",,0.12,0.29,1.77,0.21,0.25,1st Edition,LDS2-EN043,Common,DARK,Winged Beast,Synchro/Effect Monster,2400,1600,,
230285,Blackwing Full Armor Master,Blackwing Full Armor Master,https://tcgplayer-cdn.tcgplayer.com/product/230285_200w.jpg,2,2743,https://cpt.tcgcsv.com/K7S2,2023-05-16T04:30:33.09,1,"1 ""Blackwing"" Tuner + 1+ non-Tuner monsters
<br>Unaffected by other cards' effects. Each time a monster your opponent controls activates its effect, place 1 Wedge Counter on that opponent's monster (max. 1) after that effect resolves. Once per turn: You can target 1 monster your opponent controls with a Wedge Counter; take control of it. Once per turn, during your End Phase: You can destroy all monsters on the field that have a Wedge Counter.",,0.74,2.0,25.0,1.17,3.75,1st Edition,LDS2-EN044,Secret Rare,DARK,Winged Beast,Synchro/Effect Monster,3000,3000,,
230286,Glowing Crossbow,Glowing Crossbow,https://tcgplayer-cdn.tcgplayer.com/product/230286_200w.jpg,2,2743,https://cpt.tcgcsv.com/L7S2,2021-01-22T05:03:22.56,1,"Equip only to a ""Blackwing"" monster. It gains 500 ATK/DEF. You can only use each of the following effects of ""Glowing Crossbow"" once per turn.
<br>• If the equipped monster destroys an opponent's monster by battle: You can discard 1 random card from your opponent's hand.
<br>• If this card is sent to the GY because the equipped monster was used as a Synchro Material: You can add this card from the GY to your hand.",,0.03,0.19,1.49,0.09,0.05,1st Edition,LDS2-EN045,Common,SPELL,,Equip Spell,,,,
230287,Blackbird Close,Blackbird Close,https://tcgplayer-cdn.tcgplayer.com/product/230287_200w.jpg,2,2743,https://cpt.tcgcsv.com/M7S2,2021-01-22T05:03:22.56,1,"When a monster your opponent controls activates its effect: You can send 1 face-up ""Blackwing"" monster you control to the GY; negate the activation, and if you do, destroy it, then, you can Special Summon 1 ""Black-Winged Dragon"" from your Extra Deck. If you control a ""Blackwing"" Synchro Monster or ""Black-Winged Dragon"", you can activate this card from your hand.",,0.1,0.25,1.49,0.16,0.22,1st Edition,LDS2-EN046,Common,TRAP,,Counter Trap,,,,
230288,Galaxy-Eyes Photon Dragon,Galaxy Eyes Photon Dragon,https://tcgplayer-cdn.tcgplayer.com/product/230288_200w.jpg,2,2743,https://cpt.tcgcsv.com/N7S2,2023-11-12T10:35:17.127,1,"You can Special Summon this card (from your hand) by Tributing 2 monsters with 2000 or more ATK. During the Battle Step, if this card battles an opponent's monster (Quick Effect): You can target that opponent's monster; banish both this card from the field and that target. Return those banished monsters to the field at the end of the Battle Phase, and if you banished an Xyz Monster, this card gains 500 ATK for each material it had when it was banished.",,1.69,2.66,19.98,2.07,15.98,1st Edition,LDS2-EN047,Ultra Rare,LIGHT,Dragon,Effect Monster,3000,2500,,
230290,Galaxy Wizard,Galaxy Wizard,https://tcgplayer-cdn.tcgplayer.com/product/230290_200w.jpg,2,2743,https://cpt.tcgcsv.com/Q7S2,2021-01-22T05:03:22.56,1,"Once per turn: You can increase this card's Level by 4 until the end of this turn. You can Tribute this card; add 1 ""Galaxy"" card from your Deck to your hand, except ""Galaxy Wizard"".",,0.75,1.38,7.99,1.43,3.72,1st Edition,LDS2-EN048,Common,LIGHT,Spellcaster,Effect Monster,0,1800,,
230292,Galaxy Knight,Galaxy Knight,https://tcgplayer-cdn.tcgplayer.com/product/230292_200w.jpg,2,2743,https://cpt.tcgcsv.com/S7S2,2021-12-20T08:34:25.153,1,"If you control a ""Photon"" or ""Galaxy"" monster, you can Normal Summon this card without Tributing. If Summoned this way: Target 1 ""Galaxy-Eyes Photon Dragon"" in your GY (if possible); regardless, this card loses 1000 ATK, and if it does, Special Summon that target (if any) in Defense Position. This ATK decrease lasts until the end of this turn.",,0.2,0.8,9.45,0.37,,1st Edition,LDS2-EN049,Ultra Rare,LIGHT,Warrior,Effect Monster,2800,2600,,
230293,Photon Vanisher,Photon Vanisher,https://tcgplayer-cdn.tcgplayer.com/product/230293_200w.jpg,2,2743,https://cpt.tcgcsv.com/T7S2,2024-08-12T19:53:02.357,1,"Cannot be Normal Summoned/Set. Must first be Special Summoned (from your hand) while you control a ""Photon"" or ""Galaxy"" monster. Cannot attack the turn it is Special Summoned. You can only Special Summon ""Photon Vanisher(s)"" once per turn. If this card is Special Summoned: You can add 1 ""Galaxy-Eyes Photon Dragon"" from your Deck to your hand. An Xyz Monster that was Summoned using this card on the field as material gains this effect.",,0.1,0.35,4.89,0.17,0.17,1st Edition,LDS2-EN050,Common,LIGHT,Warrior,Effect Monster,2000,0,,
230294,Photon Orbital,Photon Orbital,https://tcgplayer-cdn.tcgplayer.com/product/230294_200w.jpg,2,2743,https://cpt.tcgcsv.com/V7S2,2021-01-22T05:03:22.56,1,"During your Main Phase: You can target 1 ""Photon"" or ""Galaxy"" monster you control; equip this monster from your hand or field to that target. It gains 500 ATK, also it cannot be destroyed by battle. You can send this Equip Card to the GY; add 1 ""Photon"" or ""Galaxy"" monster from your Deck to your hand, except ""Photon Orbital"". You can only use this effect of ""Photon Orbital"" once per turn.",,0.75,1.99,39.99,1.41,1.33,1st Edition,LDS2-EN051,Secret Rare,LIGHT,Machine,Effect Monster,500,2000,,
230295,Galaxy-Eyes Afterglow Dragon,Galaxy Eyes Afterglow Dragon,https://tcgplayer-cdn.tcgplayer.com/product/230295_200w.jpg,2,2743,https://cpt.tcgcsv.com/W7S2,2023-12-13T10:04:54.433,1,"If you control a ""Galaxy-Eyes"" monster: You can Special Summon this card from your hand in Defense Position. If this card is detached from an Xyz Monster to activate that monster's effect: You can take 1 ""Galaxy-Eyes Photon Dragon"" from your hand or Deck, and either Special Summon it, or attach it to an Xyz Monster you control as material, then if you activated this effect during the Battle Phase, double the ATK of all ""Number"" Xyz Monsters you control. You can only use each effect of ""Galaxy-Eyes Afterglow Dragon"" once per turn.",,0.69,1.95,42.99,1.78,2.12,1st Edition,LDS2-EN052,Secret Rare,LIGHT,Dragon,Effect Monster,3000,2500,,
230296,Number 62: Galaxy-Eyes Prime Photon Dragon,Number 62 Galaxy Eyes Prime Photon Dragon,https://tcgplayer-cdn.tcgplayer.com/product/230296_200w.jpg,2,2743,https://cpt.tcgcsv.com/X7S2,2024-08-12T19:53:02.387,1,"2 Level 8 monsters
<br>If this card battles, during damage calculation (Quick Effect): You can detach 1 material from this card once per battle; this card gains ATK equal to the combined Ranks of all Xyz Monsters currently on the field x 200, during that damage calculation only. If this card in its owner's control is destroyed by an opponent's card effect while it has ""Galaxy-Eyes Photon Dragon"" as Xyz Material: You can Special Summon this card during your 2nd Standby Phase after activation and double its ATK. Any battle damage this card inflicts to your opponent is halved unless it has ""Galaxy-Eyes Photon Dragon"" as Xyz Material.",,0.8,0.99,1.98,1.02,,1st Edition,LDS2-EN053,Common,LIGHT,Dragon,Xyz/Effect Monster,4000,3000,,
230298,Starliege Photon Blast Dragon,Starliege Photon Blast Dragon,https://tcgplayer-cdn.tcgplayer.com/product/230298_200w.jpg,2,2743,https://cpt.tcgcsv.com/-7S2,2021-01-22T05:03:22.56,1,"2 Level 4 monsters
<br>If this card is Xyz Summoned: You can Special Summon 1 ""Photon"" monster from your hand. While this Xyz Summoned monster is on the field, your opponent cannot target monsters you control with 2000 or more ATK with card effects, also they cannot be destroyed by your opponent's card effects. Once per opponent's turn (Quick Effect): You can detach 1 material from this card, then target 1 of your ""Galaxy-Eyes Photon Dragon"" that is banished or in your GY; Special Summon it.",,1.7,2.85,19.86,2.5,3.39,1st Edition,LDS2-EN054,Ultra Rare,LIGHT,Dragon,Xyz/Effect Monster,1800,2500,,
230299,Galaxy Zero,Galaxy Zero,https://tcgplayer-cdn.tcgplayer.com/product/230299_200w.jpg,2,2743,https://cpt.tcgcsv.com/_7S2,2024-08-12T19:53:02.433,1,"Target 1 ""Photon"" or ""Galaxy"" monster in your Graveyard; Special Summon it in face-up Attack Position and equip it with this card. It cannot attack or activate its effects. If it would be destroyed during the Battle Phase, you can destroy this card instead. When this card leaves the field: The equipped monster's ATK becomes 0. You can only activate 1 ""Galaxy Zero"" per turn.",,0.06,0.25,1.49,0.15,0.06,1st Edition,LDS2-EN055,Common,SPELL,,Equip Spell,,,,
230300,Photon Hand,Photon Hand,https://tcgplayer-cdn.tcgplayer.com/product/230300_200w.jpg,2,2743,https://cpt.tcgcsv.com/08S2,2021-01-22T05:03:22.56,1,"If you control a ""Photon"" or ""Galaxy"" monster: Pay 1000 LP, then target 1 monster your opponent controls; take control of it. If you do not control ""Galaxy-Eyes Photon Dragon"" at activation, you can only target an Xyz Monster. You can only activate 1 ""Photon Hand"" per turn.",,0.06,0.25,1.49,0.11,0.25,1st Edition,LDS2-EN056,Common,SPELL,,Normal Spell,,,,
230301,Photon Change,Photon Change,https://tcgplayer-cdn.tcgplayer.com/product/230301_200w.jpg,2,2743,https://cpt.tcgcsv.com/28S2,2024-08-12T19:53:02.467,1,"Send this card to the GY during your 2nd Standby Phase after activation. You can only use the following effect of ""Photon Change"" once per turn. Send 1 ""Photon"" or ""Galaxy"" monster you control to the GY to activate 1 of these effects, or, if you send ""Galaxy-Eyes Photon Dragon"", you can activate both, in sequence;
<br>• Special Summon 1 ""Photon"" monster from your Deck with a different original name than the sent monster.
<br>• Add 1 ""Photon"" card from your Deck to your hand, except ""Photon Change"".",,0.09,0.23,1.55,0.16,0.09,1st Edition,LDS2-EN057,Common,TRAP,,Continuous Trap,,,,
230302,Abyss Actor - Extras,Abyss Actor Extras,https://tcgplayer-cdn.tcgplayer.com/product/230302_200w.jpg,2,2743,https://cpt.tcgcsv.com/38S2,2024-08-12T19:53:02.5,1,"<strong>Pendulum Effect:</strong>
<br>If your opponent controls a monster: You can Special Summon this card from your Pendulum Zone. You can only use this effect of ""Abyss Actor - Extras"" once per turn.
<br><strong>Monster Effect:</strong>
<br>You can Tribute this card; place 1 ""Abyss Actor"" Pendulum Monster from your Deck in your Pendulum Zone, also for the rest of this turn, you cannot Special Summon monsters, except ""Abyss Actor"" monsters, nor activate the Pendulum Effect of ""Abyss Actor - Extras"". You can only use this effect of ""Abyss Actor - Extras"" once per turn.",,0.15,0.3,1.54,0.21,0.16,1st Edition,LDS2-EN058,Common,DARK,Fiend,Pendulum/Effect Monster,100,100,,
230303,Abyss Actor - Wild Hope,Abyss Actor Wild Hope,https://tcgplayer-cdn.tcgplayer.com/product/230303_200w.jpg,2,2743,https://cpt.tcgcsv.com/58S2,2024-08-12T19:53:02.617,1,"<strong>Pendulum Effect:</strong>
<br>Once per turn: You can target 1 ""Abyss Actor"" card in your other Pendulum Zone; its Pendulum Scale becomes 9 until the end of this turn, also you cannot Special Summon monsters for the rest of this turn, except ""Abyss Actor"" monsters (even if this card leaves the field).
<br><strong>Monster Effect:</strong>
<br>Once per turn: You can make this card gain 100 ATK for each ""Abyss Actor"" monster you currently control with different names, until the end of this turn. If this card is destroyed by battle or card effect: You can add 1 ""Abyss Actor"" card from your Deck to your hand, except ""Abyss Actor - Wild Hope"". You can only use this effect of ""Abyss Actor - Wild Hope"" once per turn.",,0.1,0.3,1.59,0.22,0.25,1st Edition,LDS2-EN059,Common,DARK,Fiend,Pendulum/Effect Monster,1600,1200,,
230304,Abyss Actor - Mellow Madonna,Abyss Actor Mellow Madonna,https://tcgplayer-cdn.tcgplayer.com/product/230304_200w.jpg,2,2743,https://cpt.tcgcsv.com/68S2,2024-08-12T19:53:02.68,1,"<strong>Pendulum Effect:</strong>
<br>You can pay 1000 LP; add 1 ""Abyss Actor"" Pendulum Monster from your Deck to your hand, except ""Abyss Actor - Mellow Madonna"", also you cannot Special Summon monsters for the rest of this turn, except ""Abyss Actor"" Pendulum Monsters (even if this card leaves the field). You can only use this effect of ""Abyss Actor - Mellow Madonna"" once per turn.
<br><strong>Monster Effect:</strong>
<br>Gains 100 ATK for each ""Abyss Script"" Spell in your GY. You can only use each of the following effects of ""Abyss Actor - Mellow Madonna"" once per turn.
<br>• When a Pendulum Monster you control is destroyed by battle: You can Special Summon this card from your hand.
<br>• If an ""Abyss Script"" Spell Card or effect is activated: You can Special Summon 1 Level 4 or lower ""Abyss Actor"" Pendulum Monster from your Deck, but return it to the hand during the End Phase.",,0.16,0.39,1.49,0.28,0.27,1st Edition,LDS2-EN060,Common,DARK,Fiend,Pendulum/Effect Monster,1800,2500,,
230306,Abyss Actor - Comic Relief,Abyss Actor Comic Relief,https://tcgplayer-cdn.tcgplayer.com/product/230306_200w.jpg,2,2743,https://cpt.tcgcsv.com/88S2,2024-08-12T19:53:02.727,1,"<strong>Pendulum Effect:</strong>
<br>You can target 1 ""Abyss Actor"" Pendulum Monster you control and 1 monster your opponent controls; switch control of both monsters, then destroy this card. You can only use this effect of ""Abyss Actor - Comic Relief"" once per turn.
<br><strong>Monster Effect:</strong>
<br>You take no battle damage from attacks involving this card. Once per turn, during your Standby Phase: Give control of this card to your opponent. Once per turn, if control of this face-up card changes: Activate this effect; the owner of this card can destroy 1 Set ""Abyss Script"" Spell in their Spell & Trap Zone.",,0.06,0.25,1.49,0.15,0.08,1st Edition,LDS2-EN061,Common,DARK,Fiend,Pendulum/Effect Monster,1000,2000,,
230307,Abyss Script - Romantic Terror,Abyss Script Romantic Terror,https://tcgplayer-cdn.tcgplayer.com/product/230307_200w.jpg,2,2743,https://cpt.tcgcsv.com/98S2,2024-08-12T19:53:02.757,1,"Return 1 ""Abyss Actor"" Pendulum Monster you control to the hand, and if you do, Special Summon from your Extra Deck in Defense Position, 1 face-up ""Abyss Actor"" Pendulum Monster with a different original name from that monster. If this Set card in its owner's control is destroyed by an opponent's card effect, and you have a face-up ""Abyss Actor"" Pendulum Monster in your Extra Deck: You can Set any number of ""Abyss Script"" Spells directly from your Deck. You can only activate 1 ""Abyss Script - Romantic Terror"" per turn.",,0.01,0.2,1.49,0.1,0.05,1st Edition,LDS2-EN062,Common,SPELL,,Quick-Play Spell,,,,
230308,Abyss Playhouse - Fantastic Theater,Abyss Playhouse Fantastic Theater,https://tcgplayer-cdn.tcgplayer.com/product/230308_200w.jpg,2,2743,https://cpt.tcgcsv.com/b8S2,2024-08-12T19:53:02.82,1,"You can reveal 1 ""Abyss Actor"" Pendulum Monster and 1 ""Abyss Script"" Spell in your hand; add 1 ""Abyss Script"" Spell from your Deck to your hand, with a different name than that revealed Spell. While you control a Pendulum Summoned ""Abyss Actor"" Pendulum Monster, any monster effect activated by your opponent becomes ""Destroy 1 Set Spell/Trap your opponent controls"". You can only use each effect of ""Abyss Playhouse - Fantastic Theater"" once per turn.",,0.1,0.25,1.49,0.15,0.1,1st Edition,LDS2-EN063,Common,SPELL,,Field Spell,,,,
230309,Abyss Actors' Curtain Call,Abyss Actors Curtain Call,https://tcgplayer-cdn.tcgplayer.com/product/230309_200w.jpg,2,2743,https://cpt.tcgcsv.com/c8S2,2021-01-22T05:03:22.56,1,"If an ""Abyss Script"" Spell Card or effect is activated this turn: Add face-up ""Abyss Actor"" Pendulum Monsters from your Extra Deck to your hand, up to the number of ""Abyss Script"" Spells in your GY. Then, you can Special Summon ""Abyss Actor"" Pendulum Monsters from your hand with different names, up to the number of monsters added to the hand by this effect. You cannot Special Summon monsters for the rest of this turn, except ""Abyss Actor"" Pendulum Monsters. You can only activate 1 ""Abyss Actors' Curtain Call"" per turn.",,0.03,0.2,1.49,0.1,,1st Edition,LDS2-EN064,Common,TRAP,,Normal Trap,,,,
230310,Harpie Lady Sisters,Harpie Lady Sisters,https://tcgplayer-cdn.tcgplayer.com/product/230310_200w.jpg,2,2743,https://cpt.tcgcsv.com/d8S2,2024-08-12T19:53:02.883,1,"Cannot be Normal Summoned/Set. Must first be Special Summoned with ""Elegant Egotist"".",,0.37,0.82,10.0,0.8,0.5,1st Edition,LDS2-EN065,Ultra Rare,WIND,Winged Beast,Effect Monster,1950,2100,,
230311,Harpie's Pet Dragon,Harpies Pet Dragon,https://tcgplayer-cdn.tcgplayer.com/product/230311_200w.jpg,2,2743,https://cpt.tcgcsv.com/f8S2,2024-08-12T19:53:02.977,1,"Gains 300 ATK/DEF for each ""Harpie Lady"" on the field.",,0.68,1.0,5.0,0.88,0.78,1st Edition,LDS2-EN066,Ultra Rare,WIND,Dragon,Effect Monster,2000,2500,,
230312,Cyber Harpie Lady,Cyber Harpie Lady,https://tcgplayer-cdn.tcgplayer.com/product/230312_200w.jpg,2,2743,https://cpt.tcgcsv.com/g8S2,2024-08-12T19:53:03.05,1,"(This card's name is always treated as ""Harpie Lady"".)",,0.25,0.52,1.49,0.32,,1st Edition,LDS2-EN067,Common,WIND,Winged Beast,Effect Monster,1800,1300,,
230313,Harpie Lady 1,Harpie Lady 1,https://tcgplayer-cdn.tcgplayer.com/product/230313_200w.jpg,2,2743,https://cpt.tcgcsv.com/h8S2,2024-08-12T19:53:03.143,1,"(This card's name is always treated as ""Harpie Lady"".)
<br>All WIND monsters gain 300 ATK.",,0.12,0.25,1.88,0.19,0.16,1st Edition,LDS2-EN068,Common,WIND,Winged Beast,Effect Monster,1300,1400,,
230314,Harpie Lady 2,Harpie Lady 2,https://tcgplayer-cdn.tcgplayer.com/product/230314_200w.jpg,2,2743,https://cpt.tcgcsv.com/j8S2,2024-08-12T19:53:03.207,1,"(This card's name is always treated as ""Harpie Lady"".)
<br>Negate the effects of Flip monsters this card destroys by battle.",,0.01,0.25,1.57,0.16,0.15,1st Edition,LDS2-EN069,Common,WIND,Winged Beast,Effect Monster,1300,1400,,
230315,Harpie Lady 3,Harpie Lady 3,https://tcgplayer-cdn.tcgplayer.com/product/230315_200w.jpg,2,2743,https://cpt.tcgcsv.com/k8S2,2021-01-22T05:03:22.56,1,"(This card's name is always treated as ""Harpie Lady"".)
<br>An opponent's monster that battles this card cannot declare an attack during your opponent's next 2 turns.",,0.1,0.25,1.49,0.21,0.25,1st Edition,LDS2-EN070,Common,WIND,Winged Beast,Effect Monster,1300,1400,,
230316,Harpie's Pet Baby Dragon,Harpies Pet Baby Dragon,https://tcgplayer-cdn.tcgplayer.com/product/230316_200w.jpg,2,2743,https://cpt.tcgcsv.com/l8S2,2024-08-12T19:53:03.44,1,"This card gains effects based on the number of ""Harpie"" monsters you control, except ""Harpie's Pet Baby Dragon"".
<br>• 1 or more: Your opponent cannot target ""Harpie"" monsters you control for attacks, except ""Harpie's Pet Baby Dragon"".
<br>• 2 or more: Double the original ATK and DEF of this card.
<br>• 3 or more: Once per turn: You can target 1 card your opponent controls; destroy that target.",,0.19,0.49,6.98,0.65,5.98,1st Edition,LDS2-EN071,Common,WIND,Dragon,Effect Monster,1200,600,,
230317,Harpie Queen,Harpie Queen,https://tcgplayer-cdn.tcgplayer.com/product/230317_200w.jpg,2,2743,https://cpt.tcgcsv.com/m8S2,2024-08-12T19:53:03.493,1,"This card's name becomes ""Harpie Lady"" while on the field or in the GY. You can discard this card to the GY; add 1 ""Harpies' Hunting Ground"" from your Deck to your hand.",,0.1,0.35,1.49,0.26,0.26,1st Edition,LDS2-EN072,Common,WIND,Winged Beast,Effect Monster,1900,1200,,
230318,Harpie Channeler,Harpie Channeler,https://tcgplayer-cdn.tcgplayer.com/product/230318_200w.jpg,2,2743,https://cpt.tcgcsv.com/n8S2,2021-01-22T05:03:22.56,1,"You can discard 1 ""Harpie"" card; Special Summon 1 ""Harpie"" monster from your Deck in Defense Position, except ""Harpie Channeler"". You can only use this effect of ""Harpie Channeler"" once per turn. While you control a Dragon monster, this card's Level becomes 7. This card's name becomes ""Harpie Lady"" while on the field or in the GY.",,0.8,2.39,9.99,2.15,1.79,1st Edition,LDS2-EN073,Ultra Rare,WIND,Winged Beast,Effect Monster,1400,1300,,
230319,Harpie Dancer,Harpie Dancer,https://tcgplayer-cdn.tcgplayer.com/product/230319_200w.jpg,2,2743,https://cpt.tcgcsv.com/p8S2,2024-08-12T19:53:03.533,1,"You can target 1 WIND monster you control; return it to the hand, then you can Normal Summon 1 WIND monster. You can only use this effect of ""Harpie Dancer"" once per turn. This card's name becomes ""Harpie Lady"" while on the field or in the GY.",,0.1,0.35,1.49,0.26,0.25,1st Edition,LDS2-EN074,Common,WIND,Winged Beast,Effect Monster,1200,1400,,
230320,Harpie Harpist,Harpie Harpist,https://tcgplayer-cdn.tcgplayer.com/product/230320_200w.jpg,2,2743,https://cpt.tcgcsv.com/q8S2,2024-08-12T19:53:03.573,1,"This card's name becomes ""Harpie Lady"" while it is on the field or in the Graveyard. You can only use each of these effects of ""Harpie Harpist"" once per turn.
<br>• When this card is Normal Summoned: You can target 1 Winged Beast-Type monster you control (other than this card) and 1 face-up monster your opponent controls; return them to the hand.
<br>• During the End Phase, if this card is in the Graveyard because it was sent there this turn: You can add 1 Level 4 Winged Beast-Type monster with 1500 or less ATK from your Deck to your hand.",,0.2,0.65,1.78,0.83,,1st Edition,LDS2-EN075,Common,WIND,Winged Beast,Effect Monster,1700,600,,
230321,Harpie Perfumer,Harpie Perfumer,https://tcgplayer-cdn.tcgplayer.com/product/230321_200w.jpg,2,2743,https://cpt.tcgcsv.com/r8S2,2022-01-15T20:34:02.19,1,"This card's name becomes ""Harpie Lady"" while on the field or in the GY. If this card is Normal or Special Summoned: You can add 1 Spell/Trap from your Deck to your hand that specifically lists the card ""Harpie Lady Sisters"" in its text. If you controlled a Level 5 or higher ""Harpie"" monster when you activated this effect, you can also add a second such card, with a different name from the first. You can only use this effect of ""Harpie Perfumer"" once per turn.",,1.5,4.04,24.99,2.43,2.94,1st Edition,LDS2-EN076,Secret Rare,WIND,Winged Beast,Effect Monster,1400,1300,,
230322,Harpie Oracle,Harpie Oracle,https://tcgplayer-cdn.tcgplayer.com/product/230322_200w.jpg,2,2743,https://cpt.tcgcsv.com/s8S2,2021-01-22T05:03:22.56,1,"This card's name becomes ""Harpie Lady"" while on the field or in the GY. You can only use each of these effects of ""Harpie Oracle"" once per turn.
<br>• If you control a Level 5 or higher ""Harpie"" monster: You can Special Summon this card from your hand.
<br>• If this card is Normal or Special Summoned: You can add 1 Spell/Trap from your GY to your hand, that specifically lists the card ""Harpie Lady Sisters"" in its text, during the End Phase of this turn.",,2.39,3.2,12.71,2.71,2.48,1st Edition,LDS2-EN077,Ultra Rare,WIND,Winged Beast,Effect Monster,1300,1400,,
230323,Harpie Conductor,Harpie Conductor,https://tcgplayer-cdn.tcgplayer.com/product/230323_200w.jpg,2,2743,https://cpt.tcgcsv.com/t8S2,2024-08-12T19:53:03.65,1,"2 WIND monsters
<br>This card's name becomes ""Harpie Lady"" while on the field or in the GY. You can only use each of the following effects of ""Harpie Conductor"" once per turn.
<br>• If a ""Harpie"" monster(s) you control would be destroyed by battle or card effect, you can destroy 1 Spell/Trap you control instead.
<br>• If another face-up ""Harpie"" monster you control returns to your hand (except during the Damage Step): You can target 1 Special Summoned monster your opponent controls; return it to the hand.",,0.18,0.39,1.99,0.29,0.28,1st Edition,LDS2-EN078,Common,WIND,Winged Beast,Link/Effect Monster,1900,,2,Bottom-Right;Bottom-Left
230324,Cyber Shield,Cyber Shield,https://tcgplayer-cdn.tcgplayer.com/product/230324_200w.jpg,2,2743,https://cpt.tcgcsv.com/v8S2,2024-08-12T19:53:03.72,1,"Equip only to ""Harpie Lady"" or ""Harpie Lady Sisters"". It gains 500 ATK.",,0.04,0.25,1.49,0.18,0.25,1st Edition,LDS2-EN079,Common,SPELL,,Equip Spell,,,,
230325,Elegant Egotist,Elegant Egotist,https://tcgplayer-cdn.tcgplayer.com/product/230325_200w.jpg,2,2743,https://cpt.tcgcsv.com/w8S2,2024-10-07T20:46:54.99,1,"If ""Harpie Lady"" is on the field: Special Summon 1 ""Harpie Lady"" or ""Harpie Lady Sisters"" from your hand or Deck.",,0.1,0.25,1.49,0.16,0.1,1st Edition,LDS2-EN080,Common,SPELL,,Normal Spell,,,,
230326,Harpies' Hunting Ground,Harpies Hunting Ground,https://tcgplayer-cdn.tcgplayer.com/product/230326_200w.jpg,2,2743,https://cpt.tcgcsv.com/x8S2,2024-08-12T19:53:04.04,1,"All Winged Beast monsters gain 200 ATK/DEF. If any ""Harpie Lady"" or ""Harpie Lady Sisters"" is Normal or Special Summoned: The player who conducted the Summon targets 1 Spell/Trap on the field; that player destroys that target.",,0.15,0.25,1.49,0.2,0.18,1st Edition,LDS2-EN081,Common,SPELL,,Field Spell,,,,
230327,Triangle Ecstasy Spark,Triangle Ecstasy Spark,https://tcgplayer-cdn.tcgplayer.com/product/230327_200w.jpg,2,2743,https://cpt.tcgcsv.com/z8S2,2022-04-17T09:50:26.553,1,"Until the end of this turn, the ATK of all ""Harpie Lady Sisters"" currently on the field becomes 2700, your opponent cannot activate any Trap Cards, also negate all your opponent's Trap effects on the field.",,0.05,0.25,1.49,0.13,,1st Edition,LDS2-EN082,Common,SPELL,,Normal Spell,,,,
230328,Hysteric Sign,Hysteric Sign,https://tcgplayer-cdn.tcgplayer.com/product/230328_200w.jpg,2,2743,https://cpt.tcgcsv.com/B8S2,2024-08-12T19:53:04.213,1,"When this card is activated: Add 1 ""Elegant Egotist"" from your Deck or GY to your hand. During the End Phase, if this card is in the GY because it was sent there from the hand or field this turn: Add up to 3 ""Harpie"" cards with different names from each other from your Deck to your hand. You can only use 1 ""Hysteric Sign"" effect per turn, and only once that turn.",,0.15,0.34,1.49,0.21,0.18,1st Edition,LDS2-EN083,Common,SPELL,,Continuous Spell,,,,
230329,Harpie Lady Phoenix Formation,Harpie Lady Phoenix Formation,https://tcgplayer-cdn.tcgplayer.com/product/230329_200w.jpg,2,2743,https://cpt.tcgcsv.com/C8S2,2021-01-22T05:03:22.56,1,"If you control 3 or more ""Harpie Lady"" and/or ""Harpie Lady Sisters"": Target as many monsters your opponent controls as possible, but not more than the total number of ""Harpie Lady"" and ""Harpie Lady Sisters"" you control; destroy those targets, and if you do, inflict damage to your opponent equal to the highest original ATK among those destroyed monsters (your choice, if tied). You cannot Special Summon monsters from the Main Deck or Extra Deck, nor conduct your Battle Phase, the turn you activate this card.",,0.1,0.25,1.49,0.15,,1st Edition,LDS2-EN084,Common,SPELL,,Normal Spell,,,,
230330,Alluring Mirror Split,Alluring Mirror Split,https://tcgplayer-cdn.tcgplayer.com/product/230330_200w.jpg,2,2743,https://cpt.tcgcsv.com/D8S2,2024-08-12T19:53:04.367,1,"When a ""Harpie Lady"" or ""Harpie Lady Sisters"" you control is destroyed by battle: You can Special Summon 1 ""Harpie"" monster from your Deck with a different original name than the destroyed monster. If this card you control is destroyed by a ""Harpie"" card's effect or your opponent's card effect: Target 1 ""Harpie"" monster in your GY; Special Summon it. You can only use each effect of ""Alluring Mirror Split"" once per turn.",,0.23,0.48,15.0,0.33,0.46,1st Edition,LDS2-EN085,Common,SPELL,,Continuous Spell,,,,
230331,Harpie's Feather Rest,Harpies Feather Rest,https://tcgplayer-cdn.tcgplayer.com/product/230331_200w.jpg,2,2743,https://cpt.tcgcsv.com/F8S2,2024-08-12T19:53:04.42,1,"Target 3 ""Harpie Lady"" and/or ""Harpie Lady Sisters"" in your GY; shuffle them into the Deck, then draw 1 card. If you controlled a Level 5 or higher ""Harpie"" monster when you activated this effect, draw 2 cards instead. For the rest of this turn after this card resolves, you cannot Special Summon monsters, except WIND monsters. You can only activate 1 ""Harpie's Feather Rest"" per turn.",,0.25,0.43,2.98,0.37,0.4,1st Edition,LDS2-EN086,Common,SPELL,,Normal Spell,,,,
230332,Hysteric Party,Hysteric Party,https://tcgplayer-cdn.tcgplayer.com/product/230332_200w.jpg,2,2743,https://cpt.tcgcsv.com/G8S2,2024-08-12T19:53:04.57,1,"Activate this card by discarding 1 card; Special Summon as many copies of ""Harpie Lady"" as possible from your Graveyard. When this face-up card leaves the field, destroy those monsters.",,0.18,0.37,1.49,0.37,0.3,1st Edition,LDS2-EN087,Common,TRAP,,Continuous Trap,,,,
230333,Harpie's Feather Storm,Harpies Feather Storm,https://tcgplayer-cdn.tcgplayer.com/product/230333_200w.jpg,2,2743,https://cpt.tcgcsv.com/H8S2,2021-01-22T05:03:22.56,1,"If you control a WIND Winged Beast monster: Until the end of this turn, negate any monster effects your opponent activates. If you control a ""Harpie"" monster, you can activate this card from your hand. If this card in its owner's Spell & Trap Zone is destroyed by an opponent's card effect: You can add 1 ""Harpie's Feather Duster"" from your Deck or GY to your hand.",,0.3,0.96,10.0,0.71,1.62,1st Edition,LDS2-EN088,Common,TRAP,,Normal Trap,,,,
230334,Harpie Lady Elegance,Harpie Lady Elegance,https://tcgplayer-cdn.tcgplayer.com/product/230334_200w.jpg,2,2743,https://cpt.tcgcsv.com/J8S2,2024-08-12T19:53:04.657,1,"Shuffle 1 ""Harpie Lady Sisters"" from your Monster Zone into the Deck, then you can Special Summon 3 ""Harpie"" monsters with different original names, 1 each from your hand, Deck, and GY. For the rest of this turn after this card resolves, you cannot Special Summon monsters, except WIND monsters. If this card you control is destroyed by a ""Harpie"" card's effect or your opponent's card effect: Add 1 ""Harpie"" monster from your Deck to your hand. You can only use each effect of ""Harpie Lady Elegance"" once per turn.",,0.1,0.28,1.49,0.31,0.23,1st Edition,LDS2-EN089,Common,TRAP,,Normal Trap,,,,
230335,Cyber Egg Angel,Cyber Egg Angel,https://tcgplayer-cdn.tcgplayer.com/product/230335_200w.jpg,2,2743,https://cpt.tcgcsv.com/K8S2,2024-08-12T19:53:04.733,1,"If this card is Summoned: You can add 1 ""Machine Angel"" Spell or 1 ""Ritual Sanctuary"" from your Deck to your hand. You can only use this effect of ""Cyber Egg Angel"" once per turn.",,0.05,0.25,1.49,0.15,0.05,1st Edition,LDS2-EN090,Common,LIGHT,Fairy,Effect Monster,200,300,,
230336,Cyber Angel Izana,Cyber Angel Izana,https://tcgplayer-cdn.tcgplayer.com/product/230336_200w.jpg,2,2743,https://cpt.tcgcsv.com/L8S2,2024-08-12T19:53:04.857,1,"You can Ritual Summon this card with ""Machine Angel Ritual"". If this card is Ritual Summoned: You can make your opponent send 1 Spell/Trap they control to the GY. When this attacking card destroys an opponent's monster by battle and sends it to the GY: You can activate this effect; this card can make a second attack on an opponent's monster in a row. Once per turn, when your opponent activates a card or effect that targets a ""Cyber Angel"" Ritual Monster you control (Quick Effect): You can shuffle 1 Ritual Monster from your GY into the Deck, and if you do, destroy 1 card your opponent controls.",,0.05,0.23,1.49,0.17,0.15,1st Edition,LDS2-EN091,Common,LIGHT,Fairy,Ritual/Effect Monster,2500,2600,,
230337,Merciful Machine Angel,Merciful Machine Angel,https://tcgplayer-cdn.tcgplayer.com/product/230337_200w.jpg,2,2743,https://cpt.tcgcsv.com/M8S2,2021-01-22T05:03:22.56,1,"Tribute 1 ""Cyber Angel"" Ritual Monster from your hand or field; draw 2 cards, then place 1 card from your hand on the bottom of the Deck. For the rest of this turn after this card resolves, you cannot Special Summon monsters, except Ritual Monsters. You can only activate 1 ""Merciful Machine Angel"" per turn.",,0.05,0.25,1.49,0.19,0.19,1st Edition,LDS2-EN092,Common,SPELL,,Normal Spell,,,,
230338,Incarnated Machine Angel,Incarnated Machine Angel,https://tcgplayer-cdn.tcgplayer.com/product/230338_200w.jpg,2,2743,https://cpt.tcgcsv.com/N8S2,2024-08-17T14:54:07.227,1,"Your ""Cyber Angel"" Ritual Monsters cannot be destroyed by battle. When you take damage by battle or an opponent's card effect: You can Tribute 1 ""Cyber Angel"" Ritual Monster from your hand or field; Special Summon 1 ""Cyber Angel"" Ritual Monster from your hand. (This is treated as a Ritual Summon.) You can only use this effect of ""Incarnated Machine Angel"" once per turn.",,0.04,0.2,1.49,0.11,0.05,1st Edition,LDS2-EN093,Common,SPELL,,Continuous Spell,,,,
230339,Magnificent Machine Angel,Magnificent Machine Angel,https://tcgplayer-cdn.tcgplayer.com/product/230339_200w.jpg,2,2743,https://cpt.tcgcsv.com/P8S2,2021-01-22T05:03:22.56,1,"Tribute 1 ""Cyber Angel"" Ritual Monster from your hand or field, then target 1 LIGHT Fairy monster you control; it gains ATK/DEF equal to the Level the monster had when Tributed x 200, until the end of this turn. This turn, if it battles an opponent's monster that was Special Summoned from the Extra Deck, that opponent's monster's effects are negated during that Battle Phase only. You can only activate 1 ""Magnificent Machine Angel"" per turn.",,0.02,0.2,1.49,0.11,0.04,1st Edition,LDS2-EN094,Common,SPELL,,Quick-Play Spell,,,,
230340,Rose Tentacles,Rose Tentacles,https://tcgplayer-cdn.tcgplayer.com/product/230340_200w.jpg,2,2743,https://cpt.tcgcsv.com/Q8S2,2021-01-22T05:03:22.56,1,"Cannot be Special Summoned. At the start of your Battle Phase, for each Plant-Type monster your opponent currently controls, this card gains 1 additional attack during each Battle Phase this turn. Each time this card destroys a Plant-Type monster by battle: Inflict 300 damage to your opponent.",,0.04,0.22,1.49,0.15,0.08,1st Edition,LDS2-EN095,Common,EARTH,Plant,Effect Monster,2200,1200,,
230341,Twilight Rose Knight,Twilight Rose Knight,https://tcgplayer-cdn.tcgplayer.com/product/230341_200w.jpg,2,2743,https://cpt.tcgcsv.com/R8S2,2024-08-12T19:53:04.953,1,Monsters your opponent controls cannot target Plant monsters for attacks. When this card is Normal Summoned: You can Special Summon 1 Level 4 or lower Plant monster from your hand.,,0.05,0.32,1.55,0.31,0.23,1st Edition,LDS2-EN096,Common,DARK,Warrior,Tuner/Effect Monster,1000,1000,,
230342,Witch of the Black Rose,Witch of the Black Rose,https://tcgplayer-cdn.tcgplayer.com/product/230342_200w.jpg,2,2743,https://cpt.tcgcsv.com/S8S2,2021-01-22T05:03:22.56,1,"Cannot be Special Summoned. If this card is Normal Summoned, and you control no other cards: Draw 1 card and show it, then, if it is not a monster, send it to the GY, also destroy this card.",,0.24,0.5,1.49,0.47,0.57,1st Edition,LDS2-EN097,Common,DARK,Spellcaster,Tuner/Effect Monster,1700,1200,,
230343,Revival Rose,Revival Rose,https://tcgplayer-cdn.tcgplayer.com/product/230343_200w.jpg,2,2743,https://cpt.tcgcsv.com/T8S2,2024-08-12T19:53:05,1,"If a Level 5 or higher Plant-Type monster you control is destroyed, you can Special Summon this card from the Graveyard.",,0.07,0.25,1.49,0.21,0.25,1st Edition,LDS2-EN098,Common,DARK,Plant,Effect Monster,1300,1300,,
230344,Bird of Roses,Bird of Roses,https://tcgplayer-cdn.tcgplayer.com/product/230344_200w.jpg,2,2743,https://cpt.tcgcsv.com/V8S2,2021-01-22T05:03:22.56,1,"When this face-up Attack Position card is destroyed by battle with an opponent's attacking monster and sent to the Graveyard, you can Special Summon 2 Plant-Type Tuner monsters from your Deck in face-up Defense Position.",,0.08,0.22,1.55,0.14,,1st Edition,LDS2-EN099,Common,WIND,Plant,Effect Monster,1800,1500,,
230345,Rose Witch,Rose Witch,https://tcgplayer-cdn.tcgplayer.com/product/230345_200w.jpg,2,2743,https://cpt.tcgcsv.com/W8S2,2021-01-22T05:03:22.56,1,This card can be treated as 2 Tributes for the Tribute Summon of a Plant-Type monster.,,0.05,0.22,1.55,0.1,,1st Edition,LDS2-EN100,Common,EARTH,Plant,Effect Monster,1600,1000,,
230346,Queen Angel of Roses,Queen Angel of Roses,https://tcgplayer-cdn.tcgplayer.com/product/230346_200w.jpg,2,2743,https://cpt.tcgcsv.com/X8S2,2024-08-12T19:53:05.133,1,"You can Tribute Summon this card in face-up Attack Position by Tributing 1 Plant monster. Once per turn, during your Standby Phase: Destroy the 1 face-up monster on the field that has the lowest ATK (your choice, if tied).",,0.08,0.29,1.99,0.27,0.26,1st Edition,LDS2-EN101,Common,EARTH,Plant,Effect Monster,2400,1300,,
230347,Rose Lover,Rose Lover,https://tcgplayer-cdn.tcgplayer.com/product/230347_200w.jpg,2,2743,https://cpt.tcgcsv.com/Z8S2,2024-08-12T19:53:05.217,1,"You can banish this card from your GY; Special Summon 1 Plant monster from your hand, and if you do, it is unaffected by your opponent's Trap effects this turn. You can only use this effect of ""Rose Lover"" once per turn.",,0.03,0.25,1.55,0.14,,1st Edition,LDS2-EN102,Common,EARTH,Plant,Effect Monster,800,800,,
230348,Fallen Angel of Roses,Fallen Angel of Roses,https://tcgplayer-cdn.tcgplayer.com/product/230348_200w.jpg,2,2743,https://cpt.tcgcsv.com/-8S2,2024-08-12T19:53:05.277,1,"You can Special Summon this card (from your hand) by returning 1 Plant-Type monster you control to the hand, except ""Fallen Angel of Roses"", but banish it when it leaves the field.",,0.08,0.25,1.55,0.18,0.2,1st Edition,LDS2-EN103,Common,EARTH,Plant,Effect Monster,2400,1300,,
230349,Blue Rose Dragon,Blue Rose Dragon,https://tcgplayer-cdn.tcgplayer.com/product/230349_200w.jpg,2,2743,https://cpt.tcgcsv.com/_8S2,2024-08-12T19:53:05.307,1,"When this card on the field is destroyed and sent to the GY: You can target 1 ""Black Rose Dragon"" or 1 Plant monster in your GY; Special Summon that monster.",,0.15,0.5,2.99,0.27,0.4,1st Edition,LDS2-EN104,Ultra Rare,DARK,Dragon,Effect Monster,1600,1200,,
230350,Rose Archer,Rose Archer,https://tcgplayer-cdn.tcgplayer.com/product/230350_200w.jpg,2,2743,https://cpt.tcgcsv.com/09S2,2022-03-23T20:10:58.473,1,"During either player's turn, when your opponent activates a Trap Card while you control a Plant-Type monster: You can send this card from your hand to the Graveyard; negate the activation, and if you do, destroy it.",,0.07,0.3,1.55,0.27,0.23,1st Edition,LDS2-EN105,Common,EARTH,Warrior,Effect Monster,1000,100,,
230351,Rose Paladin,Rose Paladin,https://tcgplayer-cdn.tcgplayer.com/product/230351_200w.jpg,2,2743,https://cpt.tcgcsv.com/29S2,2024-08-12T19:53:05.353,1,"When this card destroys an opponent's monster by battle and sends it to the Graveyard: You can Tribute this card; Special Summon 1 Plant-Type monster from your hand or Deck in Defense Position. You can send this card from your hand to the Graveyard; add 1 Level 7 or higher Plant-Type monster from your Deck to your hand. You can only use this effect of ""Rose Paladin"" once per turn.",,0.1,0.28,1.55,0.24,0.22,1st Edition,LDS2-EN106,Common,EARTH,Warrior,Effect Monster,1800,200,,
230352,Dark Rose Fairy,Dark Rose Fairy,https://tcgplayer-cdn.tcgplayer.com/product/230352_200w.jpg,2,2743,https://cpt.tcgcsv.com/39S2,2024-08-12T19:53:05.403,1,"If a Tuner(s) is Special Summoned (except during the Damage Step): You can Special Summon this card from your hand. If this card is in your GY: You can send 1 card from your hand or field to the GY; place this card on the top or bottom of your Deck. You can only use each effect of ""Dark Rose Fairy"" once per turn.",,0.12,0.29,1.55,0.34,0.19,1st Edition,LDS2-EN107,Common,DARK,Fairy,Effect Monster,800,1000,,
230353,Red Rose Dragon,Red Rose Dragon,https://tcgplayer-cdn.tcgplayer.com/product/230353_200w.jpg,2,2743,https://cpt.tcgcsv.com/59S2,2023-02-06T20:58:43.07,1,"If this card is sent to the GY as Synchro Material: You can Special Summon 1 ""Rose Dragon"" monster from your hand or Deck, except ""Red Rose Dragon"", then, if it was sent for the Synchro Summon of ""Black Rose Dragon"" or a Plant Synchro Monster, you can also add 1 ""Frozen Rose"" or 1 ""Blooming of the Darkest Rose"" from your Deck to your hand. You can only use this effect of ""Red Rose Dragon"" once per turn.",,2.8,6.86,49.87,6.58,39.83,1st Edition,LDS2-EN108,Ultra Rare,DARK,Dragon,Tuner/Effect Monster,1000,1800,,
230354,White Rose Dragon,White Rose Dragon,https://tcgplayer-cdn.tcgplayer.com/product/230354_200w.jpg,2,2743,https://cpt.tcgcsv.com/69S2,2021-01-22T05:03:22.56,1,"When this card is Normal Summoned: You can Special Summon 1 ""Rose Dragon"" monster from your hand or GY, except ""White Rose Dragon"". You can only use each of these effects of ""White Rose Dragon"" once per turn:
<br>• If you control a Dragon Tuner or Plant Tuner: You can Special Summon this card from your hand.
<br>• If this card is sent to the GY as Synchro Material: You can send 1 Level 4 or higher Plant monster from your Deck to the GY.",,0.99,1.28,3.5,1.18,,1st Edition,LDS2-EN109,Ultra Rare,DARK,Dragon,Effect Monster,1200,1000,,
230355,Black Rose Dragon,Black Rose Dragon,https://tcgplayer-cdn.tcgplayer.com/product/230355_200w.jpg,2,2743,https://cpt.tcgcsv.com/79S2,2021-01-22T05:03:22.56,1,"1 Tuner + 1+ non-Tuner monsters
<br>When this card is Synchro Summoned: You can destroy all cards on the field. Once per turn: You can banish 1 Plant monster from your GY, then target 1 Defense Position monster your opponent controls; change that target to face-up Attack Position, and if you do, its ATK becomes 0 until the end of this turn.",,0.33,0.78,1.95,0.73,,1st Edition,LDS2-EN110,Ultra Rare,FIRE,Dragon,Synchro/Effect Monster,2400,1800,,
230356,Splendid Rose,Splendid Rose,https://tcgplayer-cdn.tcgplayer.com/product/230356_200w.jpg,2,2743,https://cpt.tcgcsv.com/89S2,2024-08-12T19:53:05.433,1,"1 Tuner + 1 or more non-Tuner monsters
<br>Once per turn: You can banish 1 Plant-Type monster from your Graveyard, then target 1 face-up monster your opponent controls; halve that target's ATK, until the end of this turn. During the Battle Phase, if this card attacked: You can banish 1 Plant-Type monster from your Graveyard; halve this card's ATK until the end of this turn, and if you do, this card can make a second attack during this Battle Phase.",,0.14,0.3,1.55,0.27,0.26,1st Edition,LDS2-EN111,Common,WIND,Plant,Synchro/Effect Monster,2200,2000,,
230357,Black Rose Moonlight Dragon,Black Rose Moonlight Dragon,https://tcgplayer-cdn.tcgplayer.com/product/230357_200w.jpg,2,2743,https://cpt.tcgcsv.com/99S2,2021-01-22T05:03:22.56,1,"1 Tuner + 1 or more non-Tuner monsters
<br>If this card is Special Summoned, or a Level 5 or higher monster(s) is Special Summoned to your opponent's side of the field: Target 1 Special Summoned monster your opponent controls; return that target to the hand. You can only use this effect of ""Black Rose Moonlight Dragon"" once per turn.",,0.69,2.19,39.99,2.24,3.44,1st Edition,LDS2-EN112,Ultra Rare,LIGHT,Dragon,Synchro/Effect Monster,2400,1800,,
230358,Garden Rose Maiden,Garden Rose Maiden,https://tcgplayer-cdn.tcgplayer.com/product/230358_200w.jpg,2,2743,https://cpt.tcgcsv.com/b9S2,2021-01-22T05:03:22.56,1,"1 Tuner + 1+ non-Tuner monsters
<br>If this card is Special Summoned: You can add 1 ""Black Garden"" from your Deck or GY to your hand. You can banish this card from your GY, then target 1 ""Rose Dragon"" monster or 1 Dragon Synchro Monster in your GY; Special Summon it. You can only use each effect of ""Garden Rose Maiden"" once per turn.",,22.8,29.9,49.99,26.93,39.98,1st Edition,LDS2-EN113,Secret Rare,DARK,Plant,Synchro/Effect Monster,1600,2400,,
230359,Crossrose Dragon,Crossrose Dragon,https://tcgplayer-cdn.tcgplayer.com/product/230359_200w.jpg,2,2743,https://cpt.tcgcsv.com/c9S2,2021-11-06T02:27:50.303,1,"2 monsters with different Types
<br>During the Main Phase (Quick Effect): You can Tribute this card and 1 Plant monster; Special Summon 1 ""Rose"" Synchro Monster or 1 Plant Synchro Monster from your Extra Deck. (This is treated as a Synchro Summon.) If a monster(s) you control is destroyed by card effect, while this card is in your GY (except during the Damage Step): You can banish this card; Special Summon 1 ""Rose Dragon"" monster from your GY. You can only use each effect of ""Crossrose Dragon"" once per turn.",,0.15,0.62,2.99,0.61,,1st Edition,LDS2-EN114,Ultra Rare,DARK,Dragon,Link/Effect Monster,800,,2,Left;Bottom
230360,Mark of the Rose,Mark of the Rose,https://tcgplayer-cdn.tcgplayer.com/product/230360_200w.jpg,2,2743,https://cpt.tcgcsv.com/d9S2,2021-01-22T05:03:22.56,1,"Activate this card by banishing 1 Plant monster from your GY, then target 1 face-up monster your opponent controls; equip this card to it. Take control of the equipped monster. Once per turn, during your End Phase: Negate this card's effect until your next Standby Phase.",,0.1,0.28,1.55,0.16,,1st Edition,LDS2-EN115,Common,SPELL,,Equip Spell,,,,
230361,Black Garden,Black Garden,https://tcgplayer-cdn.tcgplayer.com/product/230361_200w.jpg,2,2743,https://cpt.tcgcsv.com/f9S2,2024-08-12T19:53:05.473,1,"If a monster(s) is Normal or Special Summoned face-up, except by the effect of ""Black Garden"": Halve its ATK, then, the controller of that monster Special Summons 1 ""Rose Token"" (Plant/DARK/Level 2/ATK 800/DEF 800) to their opponent's field in Attack Position. (This ATK loss remains even if this card leaves the field.) You can target 1 monster in your GY with ATK equal to the total ATK of all Plant monsters on the field; destroy this card and as many Plant monsters on the field as possible, then, if you destroyed all of them, Special Summon that targeted monster.",,0.17,0.43,1.98,0.21,,1st Edition,LDS2-EN116,Common,SPELL,,Field Spell,,,,
230362,Thorn of Malice,Thorn of Malice,https://tcgplayer-cdn.tcgplayer.com/product/230362_200w.jpg,2,2743,https://cpt.tcgcsv.com/g9S2,2024-08-12T19:53:05.513,1,"Equip only to ""Black Rose Dragon"" or a Plant-Type monster. It gains 600 ATK. If the equipped monster attacks a Defense Position monster, inflict piercing battle damage to your opponent. If the equipped monster attacks a monster, after damage calculation: The attacked monster loses 600 ATK and DEF. An opponent's monster that battles with the equipped monster cannot be destroyed by that battle.",,0.05,0.25,1.55,0.17,,1st Edition,LDS2-EN117,Common,SPELL,,Equip Spell,,,,
230363,Rose Bell of Revelation,Rose Bell of Revelation,https://tcgplayer-cdn.tcgplayer.com/product/230363_200w.jpg,2,2743,https://cpt.tcgcsv.com/h9S2,2024-08-12T19:53:05.56,1,"Add 1 Plant monster with 2400 or more ATK from your Deck to your hand. You can banish this card from your GY; Special Summon 1 Plant monster with 2400 or more ATK from your hand. You can only use 1 ""Rose Bell of Revelation"" effect per turn, and only once that turn.",,0.14,0.31,1.55,0.29,0.2,1st Edition,LDS2-EN118,Common,SPELL,,Normal Spell,,,,
230364,Frozen Rose,Frozen Rose,https://tcgplayer-cdn.tcgplayer.com/product/230364_200w.jpg,2,2743,https://cpt.tcgcsv.com/j9S2,2021-01-22T05:03:22.56,1,"Send 1 face-up monster you control to the GY; apply this effect, depending on the Type it had on the field.
<br>• Plant: During the End Phase of this turn, draw 2 cards, then discard 1 card.
<br>• Non-Plant: Add 1 Level 4 or lower Plant monster from your Deck to your hand.
<br>You can only activate 1 ""Frozen Rose"" per turn.",,1.02,1.42,2.48,1.39,,1st Edition,LDS2-EN119,Ultra Rare,SPELL,,Quick-Play Spell,,,,
230365,Blooming of the Darkest Rose,Blooming of the Darkest Rose,https://tcgplayer-cdn.tcgplayer.com/product/230365_200w.jpg,2,2743,https://cpt.tcgcsv.com/k9S2,2024-08-12T19:53:05.61,1,"Special Summon ""Rose Tokens"" (Plant/DARK/Level 2/ATK 800/DEF 800) in Defense Position to either field, up to the combined number of cards in the Field Zones and Field Spells in the GYs. If this card is in your GY: You can target 1 ""Black Rose Dragon"", or 1 Plant monster, in your Monster Zone; banish it, and if you do, place this card on the bottom of the Deck. During the next Standby Phase, return that banished monster to the field. You can only use this effect of ""Blooming of the Darkest Rose"" once per turn.",,0.18,0.31,1.55,0.33,0.25,1st Edition,LDS2-EN120,Common,TRAP,,Normal Trap,,,,
230366,Super Express Bullet Train,Super Express Bullet Train,https://tcgplayer-cdn.tcgplayer.com/product/230366_200w.jpg,2,2743,https://cpt.tcgcsv.com/l9S2,2024-08-12T19:53:05.68,1,"Cannot declare an attack unless you send 2 other cards you control to the GY. You can only use each of these effects of ""Super Express Bullet Train"" once per turn.
<br>• If all monsters you control are EARTH Machines (min. 1): You can Special Summon this card from your hand.
<br>• During the End Phase, if this card is in the GY because it was sent there this turn: You can target 1 Machine monster in your GY, except ""Super Express Bullet Train""; add it to your hand.",,0.22,0.63,10.0,0.48,0.43,1st Edition,LDS2-EN121,Ultra Rare,EARTH,Machine,Effect Monster,3000,0,,
230367,Flying Pegasus Railroad Stampede,Flying Pegasus Railroad Stampede,https://tcgplayer-cdn.tcgplayer.com/product/230367_200w.jpg,2,2743,https://cpt.tcgcsv.com/m9S2,2024-08-12T19:53:05.837,1,"If this card is Normal or Special Summoned: You can target 1 EARTH Machine monster in your GY, except ""Flying Pegasus Railroad Stampede""; Special Summon it in Defense Position, but negate its effects. You can target 1 other face-up monster you control; the Level of that monster or this card becomes the Level of the other. You cannot declare attacks the turn you activate this effect, except with Xyz Monsters. You can only use each effect of ""Flying Pegasus Railroad Stampede"" once per turn.",,0.3,0.65,5.49,0.78,3.33,1st Edition,LDS2-EN122,Common,EARTH,Machine,Effect Monster,1800,1000,,
230368,Number 81: Superdreadnought Rail Cannon Super Dora,Number 81 Superdreadnought Rail Cannon Super Dora,https://tcgplayer-cdn.tcgplayer.com/product/230368_200w.jpg,2,2743,https://cpt.tcgcsv.com/n9S2,2024-08-12T19:53:05.883,1,"2 Level 10 monsters
<br>Once per turn (Quick Effect): You can detach 1 material from this card, then target 1 face-up monster on the field; that target is unaffected by card effects, except its own, until the end of this turn.",,0.09,0.31,1.49,0.28,,1st Edition,LDS2-EN123,Common,EARTH,Machine,Xyz/Effect Monster,3200,4000,,
230369,Superdreadnought Rail Cannon Juggernaut Liebe,Superdreadnought Rail Cannon Juggernaut Liebe,https://tcgplayer-cdn.tcgplayer.com/product/230369_200w.jpg,2,2743,https://cpt.tcgcsv.com/p9S2,2023-08-28T18:14:44.883,1,"3 Level 11 monsters
<br>Once per turn, you can also Xyz Summon ""Superdreadnought Rail Cannon Juggernaut Liebe"" by using 1 Rank 10 Machine Xyz Monster you control as material. (Transfer its materials to this card.) Once per turn: You can detach 1 material from this card; it gains 2000 ATK/DEF, also for the rest of this turn, you can only declare an attack with this card. During each Battle Phase, this card can make attacks on monsters up to the number of Xyz Materials it has +1.",,0.25,1.08,25.0,1.13,1.1,1st Edition,LDS2-EN124,Secret Rare,EARTH,Machine,Xyz/Effect Monster,4000,4000,,
230370,Urgent Schedule,Urgent Schedule,https://tcgplayer-cdn.tcgplayer.com/product/230370_200w.jpg,2,2743,https://cpt.tcgcsv.com/q9S2,2021-01-22T05:03:22.56,1,"If your opponent controls more monsters than you do: Special Summon 1 Level 4 or lower and 1 Level 5 or higher EARTH Machine monsters from your Deck in Defense Position, but negate their effects. You cannot declare attacks the turn you activate this card, except with Machine monsters. If this Set card is sent from the field to the GY: You can add 1 Level 10 Machine monster from your Deck to your hand. You can only use each effect of ""Urgent Schedule"" once per turn.",,2.49,4.71,24.94,4.42,7.28,1st Edition,LDS2-EN125,Secret Rare,SPELL,,Quick-Play Spell,,,,
230371,Barrage Blast,Barrage Blast,https://tcgplayer-cdn.tcgplayer.com/product/230371_200w.jpg,2,2743,https://cpt.tcgcsv.com/r9S2,2024-08-12T19:53:05.917,1,"Once per turn, you can detach any number of materials from Machine Xyz Monsters you control, then target that many cards on the field; destroy them. If a Machine Xyz Monster(s) you control is destroyed by battle or an opponent's card effect while this card is in your GY: You can banish this card and 1 Machine Xyz Monster from your GY; inflict damage to your opponent equal to the banished monster's Rank x 200.",,0.05,0.24,1.49,0.16,0.06,1st Edition,LDS2-EN126,Common,TRAP,,Continuous Trap,,,,
230372,Lunalight Emerald Bird,Lunalight Emerald Bird,https://tcgplayer-cdn.tcgplayer.com/product/230372_200w.jpg,2,2743,https://cpt.tcgcsv.com/s9S2,2024-08-12T19:53:05.963,1,"If this card is Normal or Special Summoned: You can send 1 ""Lunalight"" card from your hand to the GY, and if you do, draw 1 card. If this card is sent to the GY by a card effect: You can target 1 of your Level 4 or lower ""Lunalight"" monsters that is banished or in your GY, except ""Lunalight Emerald Bird""; Special Summon it in Defense Position, but negate its effects. You can only use each effect of ""Lunalight Emerald Bird"" once per turn.",,0.35,0.81,2.88,0.91,1.88,1st Edition,LDS2-EN127,Common,DARK,Beast-Warrior,Effect Monster,1200,1000,,
230373,Lunalight Yellow Marten,Lunalight Yellow Marten,https://tcgplayer-cdn.tcgplayer.com/product/230373_200w.jpg,2,2743,https://cpt.tcgcsv.com/t9S2,2022-01-11T14:18:39.437,1,"If this card is in your hand or GY: You can target 1 ""Lunalight"" card you control, except ""Lunalight Yellow Marten""; return it to the hand, and if you do, Special Summon this card in Defense Position, but banish this card when it leaves the field. If this card is sent to the GY by a card effect: You can add 1 ""Lunalight"" Spell/Trap from your Deck to your hand. You can only use each effect of ""Lunalight Yellow Marten"" once per turn.",,0.24,0.79,5.67,0.82,3.84,1st Edition,LDS2-EN128,Common,DARK,Beast-Warrior,Effect Monster,800,2000,,
230374,Lunalight Sabre Dancer,Lunalight Sabre Dancer,https://tcgplayer-cdn.tcgplayer.com/product/230374_200w.jpg,2,2743,https://cpt.tcgcsv.com/v9S2,2024-08-12T19:53:06.02,1,"3 ""Lunalight"" monsters
<br>Must be Fusion Summoned. Gains 200 ATK for each Beast-Warrior monster that is banished or in the GYs. Your opponent cannot target this card with card effects. During your Main Phase, except the turn this card was sent to the GY: You can banish this card from your GY, then target 1 Fusion Monster you control; it gains 3000 ATK until the end of this turn. You can only use this effect of ""Lunalight Sabre Dancer"" once per turn.",,0.25,1.13,7.99,1.43,5.58,1st Edition,LDS2-EN129,Common,DARK,Beast-Warrior,Fusion/Effect Monster,3000,2600,,
230375,Lunalight Fusion,Lunalight Fusion,https://tcgplayer-cdn.tcgplayer.com/product/230375_200w.jpg,2,2743,https://cpt.tcgcsv.com/w9S2,2024-08-12T19:53:06.067,1,"Fusion Summon 1 ""Lunalight"" Fusion Monster from your Extra Deck, using monsters from your hand or field as Fusion Material. If your opponent controls a monster that was Special Summoned from the Extra Deck, you can also use 1 ""Lunalight"" monster in your Deck or Extra Deck as Fusion Material. You can only activate 1 ""Lunalight Fusion"" per turn.",,0.6,0.93,6.99,0.78,0.68,1st Edition,LDS2-EN130,Common,SPELL,,Normal Spell,,,,
230376,Lunalight Serenade Dance,Lunalight Serenade Dance,https://tcgplayer-cdn.tcgplayer.com/product/230376_200w.jpg,2,2743,https://cpt.tcgcsv.com/x9S2,2024-08-12T19:53:06.113,1,"When a Fusion Monster(s) is Fusion Summoned to your field (except during the Damage Step): You can target 1 of those monsters; apply these effects in sequence.
<br>• Special Summon 1 ""Lunalight Token"" (Beast-Warrior/DARK/Level 4/ATK 2000/DEF 2000) to your opponent's field. • That target gains 500 ATK for each monster your opponent controls (even if this card leaves the field).
<br>During your Main Phase: You can banish this card from your GY; send 1 card from your hand to the GY, and if you do, Special Summon 1 ""Lunalight"" monster from your Deck. You can only use this effect of ""Lunalight Serenade Dance"" once per turn.",,0.2,0.51,1.75,0.43,0.46,1st Edition,LDS2-EN131,Common,TRAP,,Continuous Trap,,,,
230754,Blue-Eyes White Dragon (Blue),Blue Eyes White Dragon Blue,https://tcgplayer-cdn.tcgplayer.com/product/230754_200w.jpg,2,2743,https://cpt.tcgcsv.com/6kS2,2021-01-27T21:09:10.047,1,"<em>This legendary dragon is a powerful engine of destruction. Virtually invincible, very few have faced this awesome creature and lived to tell the tale.</em>",,2.0,2.88,43.79,2.81,2.18,1st Edition,LDS2-EN001,Ultra Rare,LIGHT,Dragon,Normal Monster,3000,2500,,
230755,Blue-Eyes White Dragon (Green),Blue Eyes White Dragon Green,https://tcgplayer-cdn.tcgplayer.com/product/230755_200w.jpg,2,2743,https://cpt.tcgcsv.com/7kS2,2022-03-30T15:08:24.41,1,"<em>This legendary dragon is a powerful engine of destruction. Virtually invincible, very few have faced this awesome creature and lived to tell the tale.</em>",,1.89,2.92,6.5,1.95,6.44,1st Edition,LDS2-EN001,Ultra Rare,LIGHT,Dragon,Normal Monster,3000,2500,,
230756,Blue-Eyes White Dragon (Purple),Blue Eyes White Dragon Purple,https://tcgplayer-cdn.tcgplayer.com/product/230756_200w.jpg,2,2743,https://cpt.tcgcsv.com/8kS2,2022-04-14T18:14:49.457,1,"<em>This legendary dragon is a powerful engine of destruction. Virtually invincible, very few have faced this awesome creature and lived to tell the tale.</em>",,1.0,2.4,6.5,1.46,,1st Edition,LDS2-EN001,Ultra Rare,LIGHT,Dragon,Normal Monster,3000,2500,,
230757,Blue-Eyes Alternative White Dragon (Blue),Blue Eyes Alternative White Dragon Blue,https://tcgplayer-cdn.tcgplayer.com/product/230757_200w.jpg,2,2743,https://cpt.tcgcsv.com/9kS2,2021-01-26T14:52:26.243,1,"Cannot be Normal Summoned/Set. Must first be Special Summoned (from your hand) by revealing ""Blue-Eyes White Dragon"" in your hand. You can only Special Summon ""Blue-Eyes Alternative White Dragon"" once per turn this way. This card's name becomes ""Blue-Eyes White Dragon"" while it is on the field or in the Graveyard. Once per turn: You can target 1 monster your opponent controls; destroy it. This card cannot attack the turn this effect is activated.",,0.9,1.83,33.94,1.77,1.48,1st Edition,LDS2-EN008,Ultra Rare,LIGHT,Dragon,Effect Monster,3000,2500,,
230758,Blue-Eyes Alternative White Dragon (Green),Blue Eyes Alternative White Dragon Green,https://tcgplayer-cdn.tcgplayer.com/product/230758_200w.jpg,2,2743,https://cpt.tcgcsv.com/bkS2,2021-01-26T14:52:33.423,1,"Cannot be Normal Summoned/Set. Must first be Special Summoned (from your hand) by revealing ""Blue-Eyes White Dragon"" in your hand. You can only Special Summon ""Blue-Eyes Alternative White Dragon"" once per turn this way. This card's name becomes ""Blue-Eyes White Dragon"" while it is on the field or in the Graveyard. Once per turn: You can target 1 monster your opponent controls; destroy it. This card cannot attack the turn this effect is activated.",,0.34,1.0,14.99,0.62,0.6,1st Edition,LDS2-EN008,Ultra Rare,LIGHT,Dragon,Effect Monster,3000,2500,,
230759,Blue-Eyes Alternative White Dragon (Purple),Blue Eyes Alternative White Dragon Purple,https://tcgplayer-cdn.tcgplayer.com/product/230759_200w.jpg,2,2743,https://cpt.tcgcsv.com/ckS2,2021-01-26T14:52:41.993,1,"Cannot be Normal Summoned/Set. Must first be Special Summoned (from your hand) by revealing ""Blue-Eyes White Dragon"" in your hand. You can only Special Summon ""Blue-Eyes Alternative White Dragon"" once per turn this way. This card's name becomes ""Blue-Eyes White Dragon"" while it is on the field or in the Graveyard. Once per turn: You can target 1 monster your opponent controls; destroy it. This card cannot attack the turn this effect is activated.",,0.6,1.32,37.45,1.11,0.78,1st Edition,LDS2-EN008,Ultra Rare,LIGHT,Dragon,Effect Monster,3000,2500,,
230760,Sage with Eyes of Blue (Blue),Sage with Eyes of Blue Blue,https://tcgplayer-cdn.tcgplayer.com/product/230760_200w.jpg,2,2743,https://cpt.tcgcsv.com/dkS2,2024-09-22T09:15:54.06,1,"When this card is Normal Summoned: You can add 1 Level 1 LIGHT Tuner from your Deck to your hand, except ""Sage with Eyes of Blue"". You can discard this card, then target 1 Effect Monster you control; send it to the GY, and if you do, Special Summon 1 ""Blue-Eyes"" monster from your Deck. You can only use this effect of ""Sage with Eyes of Blue"" once per turn.",,1.89,4.17,19.99,3.97,2.14,1st Edition,LDS2-EN011,Ultra Rare,LIGHT,Spellcaster,Tuner/Effect Monster,0,1500,,
230761,Sage with Eyes of Blue (Green),Sage with Eyes of Blue Green,https://tcgplayer-cdn.tcgplayer.com/product/230761_200w.jpg,2,2743,https://cpt.tcgcsv.com/fkS2,2021-01-26T14:53:09.417,1,"When this card is Normal Summoned: You can add 1 Level 1 LIGHT Tuner from your Deck to your hand, except ""Sage with Eyes of Blue"". You can discard this card, then target 1 Effect Monster you control; send it to the GY, and if you do, Special Summon 1 ""Blue-Eyes"" monster from your Deck. You can only use this effect of ""Sage with Eyes of Blue"" once per turn.",,0.85,3.52,18.98,3.62,2.92,1st Edition,LDS2-EN011,Ultra Rare,LIGHT,Spellcaster,Tuner/Effect Monster,0,1500,,
230762,Sage with Eyes of Blue (Purple),Sage with Eyes of Blue Purple,https://tcgplayer-cdn.tcgplayer.com/product/230762_200w.jpg,2,2743,https://cpt.tcgcsv.com/gkS2,2021-01-26T14:53:24.793,1,"When this card is Normal Summoned: You can add 1 Level 1 LIGHT Tuner from your Deck to your hand, except ""Sage with Eyes of Blue"". You can discard this card, then target 1 Effect Monster you control; send it to the GY, and if you do, Special Summon 1 ""Blue-Eyes"" monster from your Deck. You can only use this effect of ""Sage with Eyes of Blue"" once per turn.",,1.37,3.92,19.94,4.25,2.86,1st Edition,LDS2-EN011,Ultra Rare,LIGHT,Spellcaster,Tuner/Effect Monster,0,1500,,
230763,The White Stone of Ancients (Blue),The White Stone of Ancients Blue,https://tcgplayer-cdn.tcgplayer.com/product/230763_200w.jpg,2,2743,https://cpt.tcgcsv.com/hkS2,2021-01-26T14:53:39.05,1,"Once per turn, during the End Phase, if this card is in the GY because it was sent there this turn: You can Special Summon 1 ""Blue-Eyes"" monster from your Deck. You can banish this card from your GY, then target 1 ""Blue-Eyes"" monster in your GY; add it to your hand. You can only use this effect of ""The White Stone of Ancients"" once per turn.",,0.2,0.89,9.99,0.81,0.62,1st Edition,LDS2-EN013,Ultra Rare,LIGHT,Dragon,Tuner/Effect Monster,600,500,,
230764,The White Stone of Ancients (Green),The White Stone of Ancients Green,https://tcgplayer-cdn.tcgplayer.com/product/230764_200w.jpg,2,2743,https://cpt.tcgcsv.com/jkS2,2022-05-13T14:53:40.633,1,"Once per turn, during the End Phase, if this card is in the GY because it was sent there this turn: You can Special Summon 1 ""Blue-Eyes"" monster from your Deck. You can banish this card from your GY, then target 1 ""Blue-Eyes"" monster in your GY; add it to your hand. You can only use this effect of ""The White Stone of Ancients"" once per turn.",,0.35,0.85,9.99,0.49,0.39,1st Edition,LDS2-EN013,Ultra Rare,LIGHT,Dragon,Tuner/Effect Monster,600,500,,
230765,The White Stone of Ancients (Purple),The White Stone of Ancients Purple,https://tcgplayer-cdn.tcgplayer.com/product/230765_200w.jpg,2,2743,https://cpt.tcgcsv.com/kkS2,2021-01-26T14:53:56.927,1,"Once per turn, during the End Phase, if this card is in the GY because it was sent there this turn: You can Special Summon 1 ""Blue-Eyes"" monster from your Deck. You can banish this card from your GY, then target 1 ""Blue-Eyes"" monster in your GY; add it to your hand. You can only use this effect of ""The White Stone of Ancients"" once per turn.",,0.2,0.89,9.97,0.57,,1st Edition,LDS2-EN013,Ultra Rare,LIGHT,Dragon,Tuner/Effect Monster,600,500,,
230766,Blue-Eyes Solid Dragon (Blue),Blue Eyes Solid Dragon Blue,https://tcgplayer-cdn.tcgplayer.com/product/230766_200w.jpg,2,2743,https://cpt.tcgcsv.com/lkS2,2021-01-26T14:54:11.187,1,"If this card is Normal or Special Summoned: You can target 1 face-up monster your opponent controls; negate its effects. When your opponent activates a card or effect (Quick Effect): You can shuffle this card from the field into the Deck, and if you do, Special Summon 1 ""Blue-Eyes White Dragon"" from your Deck. You can only use each effect of ""Blue-Eyes Solid Dragon"" once per turn.",,0.75,1.1,5.65,0.93,,1st Edition,LDS2-EN014,Ultra Rare,LIGHT,Dragon,Effect Monster,2500,2000,,
230767,Blue-Eyes Solid Dragon (Green),Blue Eyes Solid Dragon Green,https://tcgplayer-cdn.tcgplayer.com/product/230767_200w.jpg,2,2743,https://cpt.tcgcsv.com/mkS2,2021-01-26T14:54:22.193,1,"If this card is Normal or Special Summoned: You can target 1 face-up monster your opponent controls; negate its effects. When your opponent activates a card or effect (Quick Effect): You can shuffle this card from the field into the Deck, and if you do, Special Summon 1 ""Blue-Eyes White Dragon"" from your Deck. You can only use each effect of ""Blue-Eyes Solid Dragon"" once per turn.",,0.78,1.52,11.64,1.46,2.7,1st Edition,LDS2-EN014,Ultra Rare,LIGHT,Dragon,Effect Monster,2500,2000,,
230768,Blue-Eyes Solid Dragon (Purple),Blue Eyes Solid Dragon Purple,https://tcgplayer-cdn.tcgplayer.com/product/230768_200w.jpg,2,2743,https://cpt.tcgcsv.com/nkS2,2021-01-26T14:54:31.693,1,"If this card is Normal or Special Summoned: You can target 1 face-up monster your opponent controls; negate its effects. When your opponent activates a card or effect (Quick Effect): You can shuffle this card from the field into the Deck, and if you do, Special Summon 1 ""Blue-Eyes White Dragon"" from your Deck. You can only use each effect of ""Blue-Eyes Solid Dragon"" once per turn.",,0.86,1.31,5.99,1.23,,1st Edition,LDS2-EN014,Ultra Rare,LIGHT,Dragon,Effect Monster,2500,2000,,
230769,Blue-Eyes Chaos MAX Dragon (Blue),Blue Eyes Chaos MAX Dragon Blue,https://tcgplayer-cdn.tcgplayer.com/product/230769_200w.jpg,2,2743,https://cpt.tcgcsv.com/pkS2,2021-01-26T14:54:42.33,1,"You can Ritual Summon this card with ""Chaos Form"". Must be Ritual Summoned. Your opponent cannot target this card with card effects, also it cannot be destroyed by your opponent's card effects. If this card attacks a Defense Position monster, inflict double piercing battle damage.",,0.59,1.75,12.0,1.52,1.52,1st Edition,LDS2-EN016,Ultra Rare,DARK,Dragon,Ritual/Effect Monster,4000,0,,
230770,Blue-Eyes Chaos MAX Dragon (Green),Blue Eyes Chaos MAX Dragon Green,https://tcgplayer-cdn.tcgplayer.com/product/230770_200w.jpg,2,2743,https://cpt.tcgcsv.com/qkS2,2021-01-27T21:09:17.663,1,"You can Ritual Summon this card with ""Chaos Form"". Must be Ritual Summoned. Your opponent cannot target this card with card effects, also it cannot be destroyed by your opponent's card effects. If this card attacks a Defense Position monster, inflict double piercing battle damage.",,0.72,1.5,11.8,0.93,,1st Edition,LDS2-EN016,Ultra Rare,DARK,Dragon,Ritual/Effect Monster,4000,0,,
230771,Blue-Eyes Chaos MAX Dragon (Purple),Blue Eyes Chaos MAX Dragon Purple,https://tcgplayer-cdn.tcgplayer.com/product/230771_200w.jpg,2,2743,https://cpt.tcgcsv.com/rkS2,2021-01-26T14:55:08.403,1,"You can Ritual Summon this card with ""Chaos Form"". Must be Ritual Summoned. Your opponent cannot target this card with card effects, also it cannot be destroyed by your opponent's card effects. If this card attacks a Defense Position monster, inflict double piercing battle damage.",,0.65,1.61,11.67,1.22,0.99,1st Edition,LDS2-EN016,Ultra Rare,DARK,Dragon,Ritual/Effect Monster,4000,0,,
230772,Blue-Eyes Ultimate Dragon (Blue),Blue Eyes Ultimate Dragon Blue,https://tcgplayer-cdn.tcgplayer.com/product/230772_200w.jpg,2,2743,https://cpt.tcgcsv.com/skS2,2021-01-26T14:55:20.077,1,"""Blue-Eyes White Dragon"" + ""Blue-Eyes White Dragon"" + ""Blue-Eyes White Dragon""",,1.0,1.92,11.99,1.6,5.69,1st Edition,LDS2-EN018,Ultra Rare,LIGHT,Dragon,Fusion Monster,4500,3800,,
230773,Blue-Eyes Ultimate Dragon (Green),Blue Eyes Ultimate Dragon Green,https://tcgplayer-cdn.tcgplayer.com/product/230773_200w.jpg,2,2743,https://cpt.tcgcsv.com/tkS2,2023-11-18T09:46:24.163,1,"""Blue-Eyes White Dragon"" + ""Blue-Eyes White Dragon"" + ""Blue-Eyes White Dragon""",,1.0,1.52,4.99,1.25,1.78,1st Edition,LDS2-EN018,Ultra Rare,LIGHT,Dragon,Fusion Monster,4500,3800,,
230774,Blue-Eyes Ultimate Dragon (Purple),Blue Eyes Ultimate Dragon Purple,https://tcgplayer-cdn.tcgplayer.com/product/230774_200w.jpg,2,2743,https://cpt.tcgcsv.com/vkS2,2022-02-11T08:44:55.79,1,"""Blue-Eyes White Dragon"" + ""Blue-Eyes White Dragon"" + ""Blue-Eyes White Dragon""",,0.88,1.51,12.69,1.26,4.64,1st Edition,LDS2-EN018,Ultra Rare,LIGHT,Dragon,Fusion Monster,4500,3800,,
230775,Blue-Eyes Twin Burst Dragon (Blue),Blue Eyes Twin Burst Dragon Blue,https://tcgplayer-cdn.tcgplayer.com/product/230775_200w.jpg,2,2743,https://cpt.tcgcsv.com/wkS2,2024-06-06T20:24:16.163,1,"""Blue-Eyes White Dragon"" + ""Blue-Eyes White Dragon""
<br>Must be either Fusion Summoned, or Special Summoned by sending the above monsters you control to the GY (in which case you do not use ""Polymerization""). Cannot be destroyed by battle. This card can make up to 2 attacks on monsters during each Battle Phase. At the end of the Damage Step, when this card attacks an opponent's monster, but the opponent's monster was not destroyed by the battle: You can banish that opponent's monster.",,0.31,2.0,29.99,1.54,1.49,1st Edition,LDS2-EN019,Ultra Rare,LIGHT,Dragon,Fusion/Effect Monster,3000,2500,,
230776,Blue-Eyes Twin Burst Dragon (Green),Blue Eyes Twin Burst Dragon Green,https://tcgplayer-cdn.tcgplayer.com/product/230776_200w.jpg,2,2743,https://cpt.tcgcsv.com/xkS2,2021-01-26T14:56:46.037,1,"""Blue-Eyes White Dragon"" + ""Blue-Eyes White Dragon""
<br>Must be either Fusion Summoned, or Special Summoned by sending the above monsters you control to the GY (in which case you do not use ""Polymerization""). Cannot be destroyed by battle. This card can make up to 2 attacks on monsters during each Battle Phase. At the end of the Damage Step, when this card attacks an opponent's monster, but the opponent's monster was not destroyed by the battle: You can banish that opponent's monster.",,0.7,1.81,10.19,1.32,2.24,1st Edition,LDS2-EN019,Ultra Rare,LIGHT,Dragon,Fusion/Effect Monster,3000,2500,,
230777,Blue-Eyes Twin Burst Dragon (Purple),Blue Eyes Twin Burst Dragon Purple,https://tcgplayer-cdn.tcgplayer.com/product/230777_200w.jpg,2,2743,https://cpt.tcgcsv.com/zkS2,2021-01-26T14:56:12.797,1,"""Blue-Eyes White Dragon"" + ""Blue-Eyes White Dragon""
<br>Must be either Fusion Summoned, or Special Summoned by sending the above monsters you control to the GY (in which case you do not use ""Polymerization""). Cannot be destroyed by battle. This card can make up to 2 attacks on monsters during each Battle Phase. At the end of the Damage Step, when this card attacks an opponent's monster, but the opponent's monster was not destroyed by the battle: You can banish that opponent's monster.",,0.95,1.99,19.99,1.29,1.04,1st Edition,LDS2-EN019,Ultra Rare,LIGHT,Dragon,Fusion/Effect Monster,3000,2500,,
230778,Blue-Eyes Spirit Dragon (Blue),Blue Eyes Spirit Dragon Blue,https://tcgplayer-cdn.tcgplayer.com/product/230778_200w.jpg,2,2743,https://cpt.tcgcsv.com/BkS2,2023-11-13T06:25:02.707,1,"1 Tuner + 1 or more non-Tuner ""Blue-Eyes"" monsters
<br>Neither player can Special Summon 2 or more monsters at the same time. Once per turn, during either player's turn, when an effect of a card in the Graveyard is activated: You can negate the activation. During either player's turn: You can Tribute this Synchro Summoned card; Special Summon 1 LIGHT Dragon Synchro Monster from your Extra Deck in Defense Position, except ""Blue-Eyes Spirit Dragon"", but destroy it during the End Phase of this turn.",,0.5,1.21,5.23,1.15,,1st Edition,LDS2-EN020,Ultra Rare,LIGHT,Dragon,Synchro/Effect Monster,2500,3000,,
230779,Blue-Eyes Spirit Dragon (Green),Blue Eyes Spirit Dragon Green,https://tcgplayer-cdn.tcgplayer.com/product/230779_200w.jpg,2,2743,https://cpt.tcgcsv.com/CkS2,2021-01-26T14:57:52.333,1,"1 Tuner + 1 or more non-Tuner ""Blue-Eyes"" monsters
<br>Neither player can Special Summon 2 or more monsters at the same time. Once per turn, during either player's turn, when an effect of a card in the Graveyard is activated: You can negate the activation. During either player's turn: You can Tribute this Synchro Summoned card; Special Summon 1 LIGHT Dragon Synchro Monster from your Extra Deck in Defense Position, except ""Blue-Eyes Spirit Dragon"", but destroy it during the End Phase of this turn.",,0.4,1.22,9.94,1.27,0.97,1st Edition,LDS2-EN020,Ultra Rare,LIGHT,Dragon,Synchro/Effect Monster,2500,3000,,
230780,Blue-Eyes Spirit Dragon (Purple),Blue Eyes Spirit Dragon Purple,https://tcgplayer-cdn.tcgplayer.com/product/230780_200w.jpg,2,2743,https://cpt.tcgcsv.com/DkS2,2021-01-26T14:58:13.1,1,"1 Tuner + 1 or more non-Tuner ""Blue-Eyes"" monsters
<br>Neither player can Special Summon 2 or more monsters at the same time. Once per turn, during either player's turn, when an effect of a card in the Graveyard is activated: You can negate the activation. During either player's turn: You can Tribute this Synchro Summoned card; Special Summon 1 LIGHT Dragon Synchro Monster from your Extra Deck in Defense Position, except ""Blue-Eyes Spirit Dragon"", but destroy it during the End Phase of this turn.",,0.47,0.92,9.69,0.69,0.47,1st Edition,LDS2-EN020,Ultra Rare,LIGHT,Dragon,Synchro/Effect Monster,2500,3000,,
230781,Rage with Eyes of Blue (Blue),Rage with Eyes of Blue Blue,https://tcgplayer-cdn.tcgplayer.com/product/230781_200w.jpg,2,2743,https://cpt.tcgcsv.com/FkS2,2021-01-26T14:58:28.503,1,"Banish this card, and as many cards as possible from your hand, field, and GY, face-down, and if you do, Special Summon up to 3 copies of ""Blue-Eyes White Dragon"" from your Deck. You cannot Normal or Special Summon monsters the turn you activate this card, except ""Blue-Eyes White Dragon"".",,0.25,0.81,9.99,0.47,0.35,1st Edition,LDS2-EN029,Ultra Rare,SPELL,,Quick-Play Spell,,,,
230782,Rage with Eyes of Blue (Green),Rage with Eyes of Blue Green,https://tcgplayer-cdn.tcgplayer.com/product/230782_200w.jpg,2,2743,https://cpt.tcgcsv.com/GkS2,2025-04-22T10:47:08.167,1,"Banish this card, and as many cards as possible from your hand, field, and GY, face-down, and if you do, Special Summon up to 3 copies of ""Blue-Eyes White Dragon"" from your Deck. You cannot Normal or Special Summon monsters the turn you activate this card, except ""Blue-Eyes White Dragon"".",,0.25,0.62,2.99,0.53,0.35,1st Edition,LDS2-EN029,Ultra Rare,SPELL,,Quick-Play Spell,,,,
230783,Rage with Eyes of Blue (Purple),Rage with Eyes of Blue Purple,https://tcgplayer-cdn.tcgplayer.com/product/230783_200w.jpg,2,2743,https://cpt.tcgcsv.com/HkS2,2021-01-26T14:58:48.26,1,"Banish this card, and as many cards as possible from your hand, field, and GY, face-down, and if you do, Special Summon up to 3 copies of ""Blue-Eyes White Dragon"" from your Deck. You cannot Normal or Special Summon monsters the turn you activate this card, except ""Blue-Eyes White Dragon"".",,0.25,0.66,2.99,0.55,0.51,1st Edition,LDS2-EN029,Ultra Rare,SPELL,,Quick-Play Spell,,,,
230784,The Ultimate Creature of Destruction (Blue),The Ultimate Creature of Destruction Blue,https://tcgplayer-cdn.tcgplayer.com/product/230784_200w.jpg,2,2743,https://cpt.tcgcsv.com/JkS2,2024-05-29T08:23:51.87,1,"Target 1 ""Blue-Eyes"" monster you control; this turn, that face-up monster is unaffected by card effects, except its own, it cannot be destroyed by battle, also any opponent's monster it battles is destroyed at the end of the Damage Step. While this card is in your GY, if you Normal or Special Summon a ""Blue-Eyes White Dragon"": You can Set this card, but banish it when it leaves the field. You can only use this effect of ""The Ultimate Creature of Destruction"" once per turn.",,0.9,1.99,14.99,1.92,,1st Edition,LDS2-EN030,Ultra Rare,TRAP,,Normal Trap,,,,
230785,The Ultimate Creature of Destruction (Green),The Ultimate Creature of Destruction Green,https://tcgplayer-cdn.tcgplayer.com/product/230785_200w.jpg,2,2743,https://cpt.tcgcsv.com/KkS2,2024-01-28T08:56:54.873,1,"Target 1 ""Blue-Eyes"" monster you control; this turn, that face-up monster is unaffected by card effects, except its own, it cannot be destroyed by battle, also any opponent's monster it battles is destroyed at the end of the Damage Step. While this card is in your GY, if you Normal or Special Summon a ""Blue-Eyes White Dragon"": You can Set this card, but banish it when it leaves the field. You can only use this effect of ""The Ultimate Creature of Destruction"" once per turn.",,0.47,1.3,13.76,0.74,,1st Edition,LDS2-EN030,Ultra Rare,TRAP,,Normal Trap,,,,
230786,The Ultimate Creature of Destruction (Purple),The Ultimate Creature of Destruction Purple,https://tcgplayer-cdn.tcgplayer.com/product/230786_200w.jpg,2,2743,https://cpt.tcgcsv.com/LkS2,2024-05-29T09:02:23.257,1,"Target 1 ""Blue-Eyes"" monster you control; this turn, that face-up monster is unaffected by card effects, except its own, it cannot be destroyed by battle, also any opponent's monster it battles is destroyed at the end of the Damage Step. While this card is in your GY, if you Normal or Special Summon a ""Blue-Eyes White Dragon"": You can Set this card, but banish it when it leaves the field. You can only use this effect of ""The Ultimate Creature of Destruction"" once per turn.",,0.79,1.26,13.99,1.26,0.84,1st Edition,LDS2-EN030,Ultra Rare,TRAP,,Normal Trap,,,,
230787,Cyber Dragon Nachster (Blue),Cyber Dragon Nachster Blue,https://tcgplayer-cdn.tcgplayer.com/product/230787_200w.jpg,2,2743,https://cpt.tcgcsv.com/MkS2,2024-08-12T19:53:06.163,1,"This card's name becomes ""Cyber Dragon"" while on the field or in the GY. You can discard 1 other monster; Special Summon this card from your hand. If this card is Normal or Special Summoned: You can target 1 Machine monster with 2100 ATK or DEF in your GY; Special Summon it, also, you cannot Special Summon monsters for the rest of this turn, except Machine monsters. You can only use each effect of ""Cyber Dragon Nachster"" once per turn.",,0.33,0.72,4.48,0.48,,1st Edition,LDS2-EN032,Ultra Rare,LIGHT,Machine,Effect Monster,200,200,,
230788,Cyber Dragon Nachster (Green),Cyber Dragon Nachster Green,https://tcgplayer-cdn.tcgplayer.com/product/230788_200w.jpg,2,2743,https://cpt.tcgcsv.com/NkS2,2021-01-26T15:00:06.963,1,"This card's name becomes ""Cyber Dragon"" while on the field or in the GY. You can discard 1 other monster; Special Summon this card from your hand. If this card is Normal or Special Summoned: You can target 1 Machine monster with 2100 ATK or DEF in your GY; Special Summon it, also, you cannot Special Summon monsters for the rest of this turn, except Machine monsters. You can only use each effect of ""Cyber Dragon Nachster"" once per turn.",,0.25,0.56,4.33,0.57,0.34,1st Edition,LDS2-EN032,Ultra Rare,LIGHT,Machine,Effect Monster,200,200,,
230789,Cyber Dragon Nachster (Purple),Cyber Dragon Nachster Purple,https://tcgplayer-cdn.tcgplayer.com/product/230789_200w.jpg,2,2743,https://cpt.tcgcsv.com/PkS2,2024-08-12T19:53:06.24,1,"This card's name becomes ""Cyber Dragon"" while on the field or in the GY. You can discard 1 other monster; Special Summon this card from your hand. If this card is Normal or Special Summoned: You can target 1 Machine monster with 2100 ATK or DEF in your GY; Special Summon it, also, you cannot Special Summon monsters for the rest of this turn, except Machine monsters. You can only use each effect of ""Cyber Dragon Nachster"" once per turn.",,0.25,0.63,4.99,0.49,,1st Edition,LDS2-EN032,Ultra Rare,LIGHT,Machine,Effect Monster,200,200,,
230790,Cyber Eternity Dragon (Blue),Cyber Eternity Dragon Blue,https://tcgplayer-cdn.tcgplayer.com/product/230790_200w.jpg,2,2743,https://cpt.tcgcsv.com/QkS2,2021-01-26T15:00:36.447,1,"1 ""Cyber Dragon"" monster + 2 Machine monsters
<br>If you have a Machine Fusion Monster(s) in your GY, your opponent cannot target this card with card effects, also it cannot be destroyed by your opponent's card effects. If this Fusion Summoned card you control is sent to your GY by an opponent's card: You can Special Summon 1 ""Cyber Dragon"" from your hand, Deck, or GY. You can banish this card from your GY; this turn, your opponent cannot target Fusion Monsters you control with card effects, also they cannot be destroyed by your opponent's card effects.",,0.5,1.65,9.99,1.51,1.23,1st Edition,LDS2-EN033,Ultra Rare,LIGHT,Machine,Fusion/Effect Monster,2800,4000,,
230791,Cyber Eternity Dragon (Green),Cyber Eternity Dragon Green,https://tcgplayer-cdn.tcgplayer.com/product/230791_200w.jpg,2,2743,https://cpt.tcgcsv.com/RkS2,2021-01-26T15:01:01.36,1,"1 ""Cyber Dragon"" monster + 2 Machine monsters
<br>If you have a Machine Fusion Monster(s) in your GY, your opponent cannot target this card with card effects, also it cannot be destroyed by your opponent's card effects. If this Fusion Summoned card you control is sent to your GY by an opponent's card: You can Special Summon 1 ""Cyber Dragon"" from your hand, Deck, or GY. You can banish this card from your GY; this turn, your opponent cannot target Fusion Monsters you control with card effects, also they cannot be destroyed by your opponent's card effects.",,1.03,1.62,6.88,1.22,1.03,1st Edition,LDS2-EN033,Ultra Rare,LIGHT,Machine,Fusion/Effect Monster,2800,4000,,
230792,Cyber Eternity Dragon (Purple),Cyber Eternity Dragon Purple,https://tcgplayer-cdn.tcgplayer.com/product/230792_200w.jpg,2,2743,https://cpt.tcgcsv.com/SkS2,2021-01-26T15:01:11.927,1,"1 ""Cyber Dragon"" monster + 2 Machine monsters
<br>If you have a Machine Fusion Monster(s) in your GY, your opponent cannot target this card with card effects, also it cannot be destroyed by your opponent's card effects. If this Fusion Summoned card you control is sent to your GY by an opponent's card: You can Special Summon 1 ""Cyber Dragon"" from your hand, Deck, or GY. You can banish this card from your GY; this turn, your opponent cannot target Fusion Monsters you control with card effects, also they cannot be destroyed by your opponent's card effects.",,1.0,1.48,9.99,1.33,1.29,1st Edition,LDS2-EN033,Ultra Rare,LIGHT,Machine,Fusion/Effect Monster,2800,4000,,
230793,Cyberload Fusion (Blue),Cyberload Fusion Blue,https://tcgplayer-cdn.tcgplayer.com/product/230793_200w.jpg,2,2743,https://cpt.tcgcsv.com/TkS2,2024-08-12T19:53:06.317,1,"Fusion Summon 1 Fusion Monster from your Extra Deck that lists a ""Cyber Dragon"" monster as material, by shuffling the Fusion Materials listed on it into the Deck, from among your cards on the field and/or your face-up banished cards, but monsters you control cannot attack for the rest of this turn, except that Fusion Summoned monster. You can only activate 1 ""Cyberload Fusion"" per turn.",,0.21,0.5,4.8,0.25,,1st Edition,LDS2-EN035,Ultra Rare,SPELL,,Quick-Play Spell,,,,
230794,Cyberload Fusion (Green),Cyberload Fusion Green,https://tcgplayer-cdn.tcgplayer.com/product/230794_200w.jpg,2,2743,https://cpt.tcgcsv.com/VkS2,2024-08-12T19:53:06.413,1,"Fusion Summon 1 Fusion Monster from your Extra Deck that lists a ""Cyber Dragon"" monster as material, by shuffling the Fusion Materials listed on it into the Deck, from among your cards on the field and/or your face-up banished cards, but monsters you control cannot attack for the rest of this turn, except that Fusion Summoned monster. You can only activate 1 ""Cyberload Fusion"" per turn.",,0.13,0.52,4.8,0.44,,1st Edition,LDS2-EN035,Ultra Rare,SPELL,,Quick-Play Spell,,,,
230795,Cyberload Fusion (Purple),Cyberload Fusion Purple,https://tcgplayer-cdn.tcgplayer.com/product/230795_200w.jpg,2,2743,https://cpt.tcgcsv.com/WkS2,2024-08-12T19:53:06.517,1,"Fusion Summon 1 Fusion Monster from your Extra Deck that lists a ""Cyber Dragon"" monster as material, by shuffling the Fusion Materials listed on it into the Deck, from among your cards on the field and/or your face-up banished cards, but monsters you control cannot attack for the rest of this turn, except that Fusion Summoned monster. You can only activate 1 ""Cyberload Fusion"" per turn.",,0.19,0.68,4.8,0.34,,1st Edition,LDS2-EN035,Ultra Rare,SPELL,,Quick-Play Spell,,,,
230796,Blackwing - Simoon the Poison Wind (Blue),Blackwing Simoon the Poison Wind Blue,https://tcgplayer-cdn.tcgplayer.com/product/230796_200w.jpg,2,2743,https://cpt.tcgcsv.com/XkS2,2024-08-12T19:53:06.58,1,"If you control no monsters and have this card in your hand: You can banish 1 other ""Blackwing"" monster from your hand; place 1 ""Black Whirlwind"" from your Deck face-up in your Spell & Trap Zone, then, either send this card to the GY, or immediately after this effect resolves, Normal Summon it without Tributing. You cannot Special Summon monsters from the Extra Deck for the rest of this turn, except DARK monsters. You can only use this effect of ""Blackwing - Simoon the Poison Wind"" once per turn. During the End Phase, send the ""Black Whirlwind"" placed by this effect to the GY, and if you do, take 1000 damage.",,0.12,0.39,4.88,0.3,0.14,1st Edition,LDS2-EN040,Ultra Rare,DARK,Winged Beast,Effect Monster,1600,2000,,
230797,Blackwing - Simoon the Poison Wind (Green),Blackwing Simoon the Poison Wind Green,https://tcgplayer-cdn.tcgplayer.com/product/230797_200w.jpg,2,2743,https://cpt.tcgcsv.com/ZkS2,2024-08-12T19:53:06.62,1,"If you control no monsters and have this card in your hand: You can banish 1 other ""Blackwing"" monster from your hand; place 1 ""Black Whirlwind"" from your Deck face-up in your Spell & Trap Zone, then, either send this card to the GY, or immediately after this effect resolves, Normal Summon it without Tributing. You cannot Special Summon monsters from the Extra Deck for the rest of this turn, except DARK monsters. You can only use this effect of ""Blackwing - Simoon the Poison Wind"" once per turn. During the End Phase, send the ""Black Whirlwind"" placed by this effect to the GY, and if you do, take 1000 damage.",,0.05,0.35,3.28,0.15,,1st Edition,LDS2-EN040,Ultra Rare,DARK,Winged Beast,Effect Monster,1600,2000,,
230798,Blackwing - Simoon the Poison Wind (Purple),Blackwing Simoon the Poison Wind Purple,https://tcgplayer-cdn.tcgplayer.com/product/230798_200w.jpg,2,2743,https://cpt.tcgcsv.com/-kS2,2024-08-12T19:53:07.027,1,"If you control no monsters and have this card in your hand: You can banish 1 other ""Blackwing"" monster from your hand; place 1 ""Black Whirlwind"" from your Deck face-up in your Spell & Trap Zone, then, either send this card to the GY, or immediately after this effect resolves, Normal Summon it without Tributing. You cannot Special Summon monsters from the Extra Deck for the rest of this turn, except DARK monsters. You can only use this effect of ""Blackwing - Simoon the Poison Wind"" once per turn. During the End Phase, send the ""Black Whirlwind"" placed by this effect to the GY, and if you do, take 1000 damage.",,0.09,0.45,5.99,0.22,0.11,1st Edition,LDS2-EN040,Ultra Rare,DARK,Winged Beast,Effect Monster,1600,2000,,
230799,Galaxy-Eyes Photon Dragon (Blue),Galaxy Eyes Photon Dragon Blue,https://tcgplayer-cdn.tcgplayer.com/product/230799_200w.jpg,2,2743,https://cpt.tcgcsv.com/_kS2,2022-11-13T06:29:17.67,1,"You can Special Summon this card (from your hand) by Tributing 2 monsters with 2000 or more ATK. During the Battle Step, if this card battles an opponent's monster (Quick Effect): You can target that opponent's monster; banish both this card from the field and that target. Return those banished monsters to the field at the end of the Battle Phase, and if you banished an Xyz Monster, this card gains 500 ATK for each material it had when it was banished.",,0.89,1.34,18.62,1.29,0.99,1st Edition,LDS2-EN047,Ultra Rare,LIGHT,Dragon,Effect Monster,3000,2500,,
230800,Galaxy-Eyes Photon Dragon (Green),Galaxy Eyes Photon Dragon Green,https://tcgplayer-cdn.tcgplayer.com/product/230800_200w.jpg,2,2743,https://cpt.tcgcsv.com/0lS2,2021-01-26T15:03:24.56,1,"You can Special Summon this card (from your hand) by Tributing 2 monsters with 2000 or more ATK. During the Battle Step, if this card battles an opponent's monster (Quick Effect): You can target that opponent's monster; banish both this card from the field and that target. Return those banished monsters to the field at the end of the Battle Phase, and if you banished an Xyz Monster, this card gains 500 ATK for each material it had when it was banished.",,0.5,1.9,18.42,1.71,0.89,1st Edition,LDS2-EN047,Ultra Rare,LIGHT,Dragon,Effect Monster,3000,2500,,
230801,Galaxy-Eyes Photon Dragon (Purple),Galaxy Eyes Photon Dragon Purple,https://tcgplayer-cdn.tcgplayer.com/product/230801_200w.jpg,2,2743,https://cpt.tcgcsv.com/2lS2,2021-01-27T21:09:42.42,1,"You can Special Summon this card (from your hand) by Tributing 2 monsters with 2000 or more ATK. During the Battle Step, if this card battles an opponent's monster (Quick Effect): You can target that opponent's monster; banish both this card from the field and that target. Return those banished monsters to the field at the end of the Battle Phase, and if you banished an Xyz Monster, this card gains 500 ATK for each material it had when it was banished.",,0.49,1.28,9.99,1.31,1.05,1st Edition,LDS2-EN047,Ultra Rare,LIGHT,Dragon,Effect Monster,3000,2500,,
230802,Galaxy Knight (Blue),Galaxy Knight Blue,https://tcgplayer-cdn.tcgplayer.com/product/230802_200w.jpg,2,2743,https://cpt.tcgcsv.com/3lS2,2021-01-26T15:03:38.433,1,"If you control a ""Photon"" or ""Galaxy"" monster, you can Normal Summon this card without Tributing. If Summoned this way: Target 1 ""Galaxy-Eyes Photon Dragon"" in your GY (if possible); regardless, this card loses 1000 ATK, and if it does, Special Summon that target (if any) in Defense Position. This ATK decrease lasts until the end of this turn.",,0.1,0.4,2.99,0.23,0.28,1st Edition,LDS2-EN049,Ultra Rare,LIGHT,Warrior,Effect Monster,2800,2600,,
230803,Galaxy Knight (Green),Galaxy Knight Green,https://tcgplayer-cdn.tcgplayer.com/product/230803_200w.jpg,2,2743,https://cpt.tcgcsv.com/5lS2,2021-01-27T21:09:49.627,1,"If you control a ""Photon"" or ""Galaxy"" monster, you can Normal Summon this card without Tributing. If Summoned this way: Target 1 ""Galaxy-Eyes Photon Dragon"" in your GY (if possible); regardless, this card loses 1000 ATK, and if it does, Special Summon that target (if any) in Defense Position. This ATK decrease lasts until the end of this turn.",,0.2,0.4,2.99,0.32,0.21,1st Edition,LDS2-EN049,Ultra Rare,LIGHT,Warrior,Effect Monster,2800,2600,,
230804,Galaxy Knight (Purple),Galaxy Knight Purple,https://tcgplayer-cdn.tcgplayer.com/product/230804_200w.jpg,2,2743,https://cpt.tcgcsv.com/6lS2,2024-08-12T19:53:07.11,1,"If you control a ""Photon"" or ""Galaxy"" monster, you can Normal Summon this card without Tributing. If Summoned this way: Target 1 ""Galaxy-Eyes Photon Dragon"" in your GY (if possible); regardless, this card loses 1000 ATK, and if it does, Special Summon that target (if any) in Defense Position. This ATK decrease lasts until the end of this turn.",,0.07,0.4,2.99,0.27,0.22,1st Edition,LDS2-EN049,Ultra Rare,LIGHT,Warrior,Effect Monster,2800,2600,,
230805,Starliege Photon Blast Dragon (Blue),Starliege Photon Blast Dragon Blue,https://tcgplayer-cdn.tcgplayer.com/product/230805_200w.jpg,2,2743,https://cpt.tcgcsv.com/7lS2,2024-04-14T14:01:24.377,1,"2 Level 4 monsters
<br>If this card is Xyz Summoned: You can Special Summon 1 ""Photon"" monster from your hand. While this Xyz Summoned monster is on the field, your opponent cannot target monsters you control with 2000 or more ATK with card effects, also they cannot be destroyed by your opponent's card effects. Once per opponent's turn (Quick Effect): You can detach 1 material from this card, then target 1 of your ""Galaxy-Eyes Photon Dragon"" that is banished or in your GY; Special Summon it.",,0.59,1.5,29.88,1.28,0.98,1st Edition,LDS2-EN054,Ultra Rare,LIGHT,Dragon,Xyz/Effect Monster,1800,2500,,
230806,Starliege Photon Blast Dragon (Green),Starliege Photon Blast Dragon Green,https://tcgplayer-cdn.tcgplayer.com/product/230806_200w.jpg,2,2743,https://cpt.tcgcsv.com/8lS2,2021-01-26T15:05:59.96,1,"2 Level 4 monsters
<br>If this card is Xyz Summoned: You can Special Summon 1 ""Photon"" monster from your hand. While this Xyz Summoned monster is on the field, your opponent cannot target monsters you control with 2000 or more ATK with card effects, also they cannot be destroyed by your opponent's card effects. Once per opponent's turn (Quick Effect): You can detach 1 material from this card, then target 1 of your ""Galaxy-Eyes Photon Dragon"" that is banished or in your GY; Special Summon it.",,0.75,1.19,39.99,1.05,0.98,1st Edition,LDS2-EN054,Ultra Rare,LIGHT,Dragon,Xyz/Effect Monster,1800,2500,,
230807,Starliege Photon Blast Dragon (Purple),Starliege Photon Blast Dragon Purple,https://tcgplayer-cdn.tcgplayer.com/product/230807_200w.jpg,2,2743,https://cpt.tcgcsv.com/9lS2,2022-04-15T04:37:05.783,1,"2 Level 4 monsters
<br>If this card is Xyz Summoned: You can Special Summon 1 ""Photon"" monster from your hand. While this Xyz Summoned monster is on the field, your opponent cannot target monsters you control with 2000 or more ATK with card effects, also they cannot be destroyed by your opponent's card effects. Once per opponent's turn (Quick Effect): You can detach 1 material from this card, then target 1 of your ""Galaxy-Eyes Photon Dragon"" that is banished or in your GY; Special Summon it.",,0.66,1.34,19.99,0.87,0.68,1st Edition,LDS2-EN054,Ultra Rare,LIGHT,Dragon,Xyz/Effect Monster,1800,2500,,
230808,Harpie Lady Sisters (Blue),Harpie Lady Sisters Blue,https://tcgplayer-cdn.tcgplayer.com/product/230808_200w.jpg,2,2743,https://cpt.tcgcsv.com/blS2,2021-01-26T15:06:23.783,1,"Cannot be Normal Summoned/Set. Must first be Special Summoned with ""Elegant Egotist"".",,0.24,0.57,5.0,0.49,0.5,1st Edition,LDS2-EN065,Ultra Rare,WIND,Winged Beast,Effect Monster,1950,2100,,
230809,Harpie Lady Sisters (Green),Harpie Lady Sisters Green,https://tcgplayer-cdn.tcgplayer.com/product/230809_200w.jpg,2,2743,https://cpt.tcgcsv.com/clS2,2021-01-26T15:06:32.507,1,"Cannot be Normal Summoned/Set. Must first be Special Summoned with ""Elegant Egotist"".",,0.25,0.54,4.44,0.39,0.5,1st Edition,LDS2-EN065,Ultra Rare,WIND,Winged Beast,Effect Monster,1950,2100,,
230810,Harpie Lady Sisters (Purple),Harpie Lady Sisters Purple,https://tcgplayer-cdn.tcgplayer.com/product/230810_200w.jpg,2,2743,https://cpt.tcgcsv.com/dlS2,2021-01-26T15:06:46.297,1,"Cannot be Normal Summoned/Set. Must first be Special Summoned with ""Elegant Egotist"".",,0.25,0.5,4.44,0.36,,1st Edition,LDS2-EN065,Ultra Rare,WIND,Winged Beast,Effect Monster,1950,2100,,
230811,Harpie's Pet Dragon (Blue),Harpies Pet Dragon Blue,https://tcgplayer-cdn.tcgplayer.com/product/230811_200w.jpg,2,2743,https://cpt.tcgcsv.com/flS2,2024-08-12T19:53:07.173,1,"Gains 300 ATK/DEF for each ""Harpie Lady"" on the field.",,0.25,0.87,6.86,0.89,0.81,1st Edition,LDS2-EN066,Ultra Rare,WIND,Dragon,Effect Monster,2000,2500,,
230812,Harpie's Pet Dragon (Green),Harpies Pet Dragon Green,https://tcgplayer-cdn.tcgplayer.com/product/230812_200w.jpg,2,2743,https://cpt.tcgcsv.com/glS2,2022-01-10T22:08:39.017,1,"Gains 300 ATK/DEF for each ""Harpie Lady"" on the field.",,0.5,0.75,2.99,0.57,,1st Edition,LDS2-EN066,Ultra Rare,WIND,Dragon,Effect Monster,2000,2500,,
230813,Harpie's Pet Dragon (Purple),Harpies Pet Dragon Purple,https://tcgplayer-cdn.tcgplayer.com/product/230813_200w.jpg,2,2743,https://cpt.tcgcsv.com/hlS2,2021-01-26T15:07:34.263,1,"Gains 300 ATK/DEF for each ""Harpie Lady"" on the field.",,0.63,0.99,2.99,0.66,1.36,1st Edition,LDS2-EN066,Ultra Rare,WIND,Dragon,Effect Monster,2000,2500,,
230814,Harpie Channeler (Blue),Harpie Channeler Blue,https://tcgplayer-cdn.tcgplayer.com/product/230814_200w.jpg,2,2743,https://cpt.tcgcsv.com/jlS2,2021-01-26T15:07:43.847,1,"You can discard 1 ""Harpie"" card; Special Summon 1 ""Harpie"" monster from your Deck in Defense Position, except ""Harpie Channeler"". You can only use this effect of ""Harpie Channeler"" once per turn. While you control a Dragon monster, this card's Level becomes 7. This card's name becomes ""Harpie Lady"" while on the field or in the GY.",,0.57,0.98,5.2,0.77,0.95,1st Edition,LDS2-EN073,Ultra Rare,WIND,Winged Beast,Effect Monster,1400,1300,,
230815,Harpie Channeler (Green),Harpie Channeler Green,https://tcgplayer-cdn.tcgplayer.com/product/230815_200w.jpg,2,2743,https://cpt.tcgcsv.com/klS2,2021-01-26T15:07:54.083,1,"You can discard 1 ""Harpie"" card; Special Summon 1 ""Harpie"" monster from your Deck in Defense Position, except ""Harpie Channeler"". You can only use this effect of ""Harpie Channeler"" once per turn. While you control a Dragon monster, this card's Level becomes 7. This card's name becomes ""Harpie Lady"" while on the field or in the GY.",,0.37,0.9,5.2,0.81,0.97,1st Edition,LDS2-EN073,Ultra Rare,WIND,Winged Beast,Effect Monster,1400,1300,,
230816,Harpie Channeler (Purple),Harpie Channeler Purple,https://tcgplayer-cdn.tcgplayer.com/product/230816_200w.jpg,2,2743,https://cpt.tcgcsv.com/llS2,2021-01-26T15:08:03.143,1,"You can discard 1 ""Harpie"" card; Special Summon 1 ""Harpie"" monster from your Deck in Defense Position, except ""Harpie Channeler"". You can only use this effect of ""Harpie Channeler"" once per turn. While you control a Dragon monster, this card's Level becomes 7. This card's name becomes ""Harpie Lady"" while on the field or in the GY.",,0.65,0.99,5.2,0.79,0.68,1st Edition,LDS2-EN073,Ultra Rare,WIND,Winged Beast,Effect Monster,1400,1300,,
230817,Harpie Oracle (Blue),Harpie Oracle Blue,https://tcgplayer-cdn.tcgplayer.com/product/230817_200w.jpg,2,2743,https://cpt.tcgcsv.com/mlS2,2024-08-12T19:53:07.233,1,"This card's name becomes ""Harpie Lady"" while on the field or in the GY. You can only use each of these effects of ""Harpie Oracle"" once per turn.
<br>• If you control a Level 5 or higher ""Harpie"" monster: You can Special Summon this card from your hand.
<br>• If this card is Normal or Special Summoned: You can add 1 Spell/Trap from your GY to your hand, that specifically lists the card ""Harpie Lady Sisters"" in its text, during the End Phase of this turn.",,0.48,1.75,3.95,1.48,1.97,1st Edition,LDS2-EN077,Ultra Rare,WIND,Winged Beast,Effect Monster,1300,1400,,
230818,Harpie Oracle (Green),Harpie Oracle Green,https://tcgplayer-cdn.tcgplayer.com/product/230818_200w.jpg,2,2743,https://cpt.tcgcsv.com/nlS2,2024-08-12T19:53:07.327,1,"This card's name becomes ""Harpie Lady"" while on the field or in the GY. You can only use each of these effects of ""Harpie Oracle"" once per turn.
<br>• If you control a Level 5 or higher ""Harpie"" monster: You can Special Summon this card from your hand.
<br>• If this card is Normal or Special Summoned: You can add 1 Spell/Trap from your GY to your hand, that specifically lists the card ""Harpie Lady Sisters"" in its text, during the End Phase of this turn.",,0.84,1.55,3.99,1.12,0.98,1st Edition,LDS2-EN077,Ultra Rare,WIND,Winged Beast,Effect Monster,1300,1400,,
230819,Harpie Oracle (Purple),Harpie Oracle Purple,https://tcgplayer-cdn.tcgplayer.com/product/230819_200w.jpg,2,2743,https://cpt.tcgcsv.com/plS2,2024-08-12T19:53:07.377,1,"This card's name becomes ""Harpie Lady"" while on the field or in the GY. You can only use each of these effects of ""Harpie Oracle"" once per turn.
<br>• If you control a Level 5 or higher ""Harpie"" monster: You can Special Summon this card from your hand.
<br>• If this card is Normal or Special Summoned: You can add 1 Spell/Trap from your GY to your hand, that specifically lists the card ""Harpie Lady Sisters"" in its text, during the End Phase of this turn.",,0.8,1.8,3.99,1.35,,1st Edition,LDS2-EN077,Ultra Rare,WIND,Winged Beast,Effect Monster,1300,1400,,
230820,Blue Rose Dragon (Blue),Blue Rose Dragon Blue,https://tcgplayer-cdn.tcgplayer.com/product/230820_200w.jpg,2,2743,https://cpt.tcgcsv.com/qlS2,2021-01-26T15:09:06.69,1,"When this card on the field is destroyed and sent to the GY: You can target 1 ""Black Rose Dragon"" or 1 Plant monster in your GY; Special Summon that monster.",,0.05,0.48,2.99,0.33,,1st Edition,LDS2-EN104,Ultra Rare,DARK,Dragon,Effect Monster,1600,1200,,
230821,Blue Rose Dragon (Green),Blue Rose Dragon Green,https://tcgplayer-cdn.tcgplayer.com/product/230821_200w.jpg,2,2743,https://cpt.tcgcsv.com/rlS2,2021-01-26T15:09:22.583,1,"When this card on the field is destroyed and sent to the GY: You can target 1 ""Black Rose Dragon"" or 1 Plant monster in your GY; Special Summon that monster.",,0.1,0.39,2.99,0.32,0.22,1st Edition,LDS2-EN104,Ultra Rare,DARK,Dragon,Effect Monster,1600,1200,,
230822,Blue Rose Dragon (Purple),Blue Rose Dragon Purple,https://tcgplayer-cdn.tcgplayer.com/product/230822_200w.jpg,2,2743,https://cpt.tcgcsv.com/slS2,2024-08-12T19:53:07.423,1,"When this card on the field is destroyed and sent to the GY: You can target 1 ""Black Rose Dragon"" or 1 Plant monster in your GY; Special Summon that monster.",,0.19,0.48,2.99,0.28,,1st Edition,LDS2-EN104,Ultra Rare,DARK,Dragon,Effect Monster,1600,1200,,
230823,Red Rose Dragon (Blue),Red Rose Dragon Blue,https://tcgplayer-cdn.tcgplayer.com/product/230823_200w.jpg,2,2743,https://cpt.tcgcsv.com/tlS2,2023-01-18T15:52:05.007,1,"If this card is sent to the GY as Synchro Material: You can Special Summon 1 ""Rose Dragon"" monster from your hand or Deck, except ""Red Rose Dragon"", then, if it was sent for the Synchro Summon of ""Black Rose Dragon"" or a Plant Synchro Monster, you can also add 1 ""Frozen Rose"" or 1 ""Blooming of the Darkest Rose"" from your Deck to your hand. You can only use this effect of ""Red Rose Dragon"" once per turn.",,2.7,4.19,29.98,3.54,,1st Edition,LDS2-EN108,Ultra Rare,DARK,Dragon,Tuner/Effect Monster,1000,1800,,
230824,Red Rose Dragon (Green),Red Rose Dragon Green,https://tcgplayer-cdn.tcgplayer.com/product/230824_200w.jpg,2,2743,https://cpt.tcgcsv.com/vlS2,2022-09-26T14:37:15.063,1,"If this card is sent to the GY as Synchro Material: You can Special Summon 1 ""Rose Dragon"" monster from your hand or Deck, except ""Red Rose Dragon"", then, if it was sent for the Synchro Summon of ""Black Rose Dragon"" or a Plant Synchro Monster, you can also add 1 ""Frozen Rose"" or 1 ""Blooming of the Darkest Rose"" from your Deck to your hand. You can only use this effect of ""Red Rose Dragon"" once per turn.",,2.5,3.58,29.98,3.5,,1st Edition,LDS2-EN108,Ultra Rare,DARK,Dragon,Tuner/Effect Monster,1000,1800,,
230825,Red Rose Dragon (Purple),Red Rose Dragon Purple,https://tcgplayer-cdn.tcgplayer.com/product/230825_200w.jpg,2,2743,https://cpt.tcgcsv.com/wlS2,2024-08-12T19:53:07.47,1,"If this card is sent to the GY as Synchro Material: You can Special Summon 1 ""Rose Dragon"" monster from your hand or Deck, except ""Red Rose Dragon"", then, if it was sent for the Synchro Summon of ""Black Rose Dragon"" or a Plant Synchro Monster, you can also add 1 ""Frozen Rose"" or 1 ""Blooming of the Darkest Rose"" from your Deck to your hand. You can only use this effect of ""Red Rose Dragon"" once per turn.",,2.5,4.4,29.98,4.2,,1st Edition,LDS2-EN108,Ultra Rare,DARK,Dragon,Tuner/Effect Monster,1000,1800,,
230826,White Rose Dragon (Blue),White Rose Dragon Blue,https://tcgplayer-cdn.tcgplayer.com/product/230826_200w.jpg,2,2743,https://cpt.tcgcsv.com/xlS2,2021-01-26T15:10:40.447,1,"When this card is Normal Summoned: You can Special Summon 1 ""Rose Dragon"" monster from your hand or GY, except ""White Rose Dragon"". You can only use each of these effects of ""White Rose Dragon"" once per turn:
<br>• If you control a Dragon Tuner or Plant Tuner: You can Special Summon this card from your hand.
<br>• If this card is sent to the GY as Synchro Material: You can send 1 Level 4 or higher Plant monster from your Deck to the GY.",,0.3,0.64,2.99,0.54,0.44,1st Edition,LDS2-EN109,Ultra Rare,DARK,Dragon,Effect Monster,1200,1000,,
230827,White Rose Dragon (Green),White Rose Dragon Green,https://tcgplayer-cdn.tcgplayer.com/product/230827_200w.jpg,2,2743,https://cpt.tcgcsv.com/zlS2,2024-08-12T19:53:07.557,1,"When this card is Normal Summoned: You can Special Summon 1 ""Rose Dragon"" monster from your hand or GY, except ""White Rose Dragon"". You can only use each of these effects of ""White Rose Dragon"" once per turn:
<br>• If you control a Dragon Tuner or Plant Tuner: You can Special Summon this card from your hand.
<br>• If this card is sent to the GY as Synchro Material: You can send 1 Level 4 or higher Plant monster from your Deck to the GY.",,0.2,0.5,2.99,0.36,0.23,1st Edition,LDS2-EN109,Ultra Rare,DARK,Dragon,Effect Monster,1200,1000,,
230828,White Rose Dragon (Purple),White Rose Dragon Purple,https://tcgplayer-cdn.tcgplayer.com/product/230828_200w.jpg,2,2743,https://cpt.tcgcsv.com/BlS2,2023-12-11T08:55:20.743,1,"When this card is Normal Summoned: You can Special Summon 1 ""Rose Dragon"" monster from your hand or GY, except ""White Rose Dragon"". You can only use each of these effects of ""White Rose Dragon"" once per turn:
<br>• If you control a Dragon Tuner or Plant Tuner: You can Special Summon this card from your hand.
<br>• If this card is sent to the GY as Synchro Material: You can send 1 Level 4 or higher Plant monster from your Deck to the GY.",,0.2,0.68,2.99,0.6,0.53,1st Edition,LDS2-EN109,Ultra Rare,DARK,Dragon,Effect Monster,1200,1000,,
230829,Black Rose Dragon (Blue),Black Rose Dragon Blue,https://tcgplayer-cdn.tcgplayer.com/product/230829_200w.jpg,2,2743,https://cpt.tcgcsv.com/ClS2,2022-06-18T04:53:44.053,1,"1 Tuner + 1+ non-Tuner monsters
<br>When this card is Synchro Summoned: You can destroy all cards on the field. Once per turn: You can banish 1 Plant monster from your GY, then target 1 Defense Position monster your opponent controls; change that target to face-up Attack Position, and if you do, its ATK becomes 0 until the end of this turn.",,0.5,0.9,7.87,0.66,,1st Edition,LDS2-EN110,Ultra Rare,FIRE,Dragon,Synchro/Effect Monster,2400,1800,,
230830,Black Rose Dragon (Green),Black Rose Dragon Green,https://tcgplayer-cdn.tcgplayer.com/product/230830_200w.jpg,2,2743,https://cpt.tcgcsv.com/DlS2,2024-08-12T19:53:07.62,1,"1 Tuner + 1+ non-Tuner monsters
<br>When this card is Synchro Summoned: You can destroy all cards on the field. Once per turn: You can banish 1 Plant monster from your GY, then target 1 Defense Position monster your opponent controls; change that target to face-up Attack Position, and if you do, its ATK becomes 0 until the end of this turn.",,0.55,1.08,8.98,0.89,0.6,1st Edition,LDS2-EN110,Ultra Rare,FIRE,Dragon,Synchro/Effect Monster,2400,1800,,
230831,Black Rose Dragon (Purple),Black Rose Dragon Purple,https://tcgplayer-cdn.tcgplayer.com/product/230831_200w.jpg,2,2743,https://cpt.tcgcsv.com/FlS2,2021-01-26T15:12:23.013,1,"1 Tuner + 1+ non-Tuner monsters
<br>When this card is Synchro Summoned: You can destroy all cards on the field. Once per turn: You can banish 1 Plant monster from your GY, then target 1 Defense Position monster your opponent controls; change that target to face-up Attack Position, and if you do, its ATK becomes 0 until the end of this turn.",,0.45,0.96,7.0,0.77,0.95,1st Edition,LDS2-EN110,Ultra Rare,FIRE,Dragon,Synchro/Effect Monster,2400,1800,,
230832,Black Rose Moonlight Dragon (Blue),Black Rose Moonlight Dragon Blue,https://tcgplayer-cdn.tcgplayer.com/product/230832_200w.jpg,2,2743,https://cpt.tcgcsv.com/GlS2,2021-01-26T15:12:36.333,1,"1 Tuner + 1 or more non-Tuner monsters
<br>If this card is Special Summoned, or a Level 5 or higher monster(s) is Special Summoned to your opponent's side of the field: Target 1 Special Summoned monster your opponent controls; return that target to the hand. You can only use this effect of ""Black Rose Moonlight Dragon"" once per turn.",,0.59,1.26,19.99,1.05,0.79,1st Edition,LDS2-EN112,Ultra Rare,LIGHT,Dragon,Synchro/Effect Monster,2400,1800,,
230833,Black Rose Moonlight Dragon (Green),Black Rose Moonlight Dragon Green,https://tcgplayer-cdn.tcgplayer.com/product/230833_200w.jpg,2,2743,https://cpt.tcgcsv.com/HlS2,2021-01-27T21:10:37,1,"1 Tuner + 1 or more non-Tuner monsters
<br>If this card is Special Summoned, or a Level 5 or higher monster(s) is Special Summoned to your opponent's side of the field: Target 1 Special Summoned monster your opponent controls; return that target to the hand. You can only use this effect of ""Black Rose Moonlight Dragon"" once per turn.",,0.42,1.3,29.99,1.27,0.59,1st Edition,LDS2-EN112,Ultra Rare,LIGHT,Dragon,Synchro/Effect Monster,2400,1800,,
230834,Black Rose Moonlight Dragon (Purple),Black Rose Moonlight Dragon Purple,https://tcgplayer-cdn.tcgplayer.com/product/230834_200w.jpg,2,2743,https://cpt.tcgcsv.com/JlS2,2022-12-10T12:00:07.24,1,"1 Tuner + 1 or more non-Tuner monsters
<br>If this card is Special Summoned, or a Level 5 or higher monster(s) is Special Summoned to your opponent's side of the field: Target 1 Special Summoned monster your opponent controls; return that target to the hand. You can only use this effect of ""Black Rose Moonlight Dragon"" once per turn.",,0.31,1.34,12.77,0.5,0.72,1st Edition,LDS2-EN112,Ultra Rare,LIGHT,Dragon,Synchro/Effect Monster,2400,1800,,
230835,Crossrose Dragon (Blue),Crossrose Dragon Blue,https://tcgplayer-cdn.tcgplayer.com/product/230835_200w.jpg,2,2743,https://cpt.tcgcsv.com/KlS2,2024-08-12T19:53:07.713,1,"2 monsters with different Types
<br>During the Main Phase (Quick Effect): You can Tribute this card and 1 Plant monster; Special Summon 1 ""Rose"" Synchro Monster or 1 Plant Synchro Monster from your Extra Deck. (This is treated as a Synchro Summon.) If a monster(s) you control is destroyed by card effect, while this card is in your GY (except during the Damage Step): You can banish this card; Special Summon 1 ""Rose Dragon"" monster from your GY. You can only use each effect of ""Crossrose Dragon"" once per turn.",,0.05,0.4,2.99,0.19,0.19,1st Edition,LDS2-EN114,Ultra Rare,DARK,Dragon,Link/Effect Monster,800,,2,Left;Bottom
230836,Crossrose Dragon (Green),Crossrose Dragon Green,https://tcgplayer-cdn.tcgplayer.com/product/230836_200w.jpg,2,2743,https://cpt.tcgcsv.com/LlS2,2024-08-12T19:53:07.79,1,"2 monsters with different Types
<br>During the Main Phase (Quick Effect): You can Tribute this card and 1 Plant monster; Special Summon 1 ""Rose"" Synchro Monster or 1 Plant Synchro Monster from your Extra Deck. (This is treated as a Synchro Summon.) If a monster(s) you control is destroyed by card effect, while this card is in your GY (except during the Damage Step): You can banish this card; Special Summon 1 ""Rose Dragon"" monster from your GY. You can only use each effect of ""Crossrose Dragon"" once per turn.",,0.09,0.31,2.99,0.24,0.28,1st Edition,LDS2-EN114,Ultra Rare,DARK,Dragon,Link/Effect Monster,800,,2,Left;Bottom
230837,Crossrose Dragon (Purple),Crossrose Dragon Purple,https://tcgplayer-cdn.tcgplayer.com/product/230837_200w.jpg,2,2743,https://cpt.tcgcsv.com/MlS2,2021-01-27T21:10:50.833,1,"2 monsters with different Types
<br>During the Main Phase (Quick Effect): You can Tribute this card and 1 Plant monster; Special Summon 1 ""Rose"" Synchro Monster or 1 Plant Synchro Monster from your Extra Deck. (This is treated as a Synchro Summon.) If a monster(s) you control is destroyed by card effect, while this card is in your GY (except during the Damage Step): You can banish this card; Special Summon 1 ""Rose Dragon"" monster from your GY. You can only use each effect of ""Crossrose Dragon"" once per turn.",,0.2,0.49,4.99,0.31,,1st Edition,LDS2-EN114,Ultra Rare,DARK,Dragon,Link/Effect Monster,800,,2,Left;Bottom
230838,Frozen Rose (Blue),Frozen Rose Blue,https://tcgplayer-cdn.tcgplayer.com/product/230838_200w.jpg,2,2743,https://cpt.tcgcsv.com/NlS2,2024-08-12T19:53:07.87,1,"Send 1 face-up monster you control to the GY; apply this effect, depending on the Type it had on the field.
<br>• Plant: During the End Phase of this turn, draw 2 cards, then discard 1 card.
<br>• Non-Plant: Add 1 Level 4 or lower Plant monster from your Deck to your hand.
<br>You can only activate 1 ""Frozen Rose"" per turn.",,0.38,0.76,8.99,0.64,,1st Edition,LDS2-EN119,Ultra Rare,SPELL,,Quick-Play Spell,,,,
230839,Frozen Rose (Green),Frozen Rose Green,https://tcgplayer-cdn.tcgplayer.com/product/230839_200w.jpg,2,2743,https://cpt.tcgcsv.com/PlS2,2021-01-26T15:14:07.12,1,"Send 1 face-up monster you control to the GY; apply this effect, depending on the Type it had on the field.
<br>• Plant: During the End Phase of this turn, draw 2 cards, then discard 1 card.
<br>• Non-Plant: Add 1 Level 4 or lower Plant monster from your Deck to your hand.
<br>You can only activate 1 ""Frozen Rose"" per turn.",,0.5,0.9,8.99,0.6,,1st Edition,LDS2-EN119,Ultra Rare,SPELL,,Quick-Play Spell,,,,
230840,Frozen Rose (Purple),Frozen Rose Purple,https://tcgplayer-cdn.tcgplayer.com/product/230840_200w.jpg,2,2743,https://cpt.tcgcsv.com/QlS2,2024-08-12T19:53:07.933,1,"Send 1 face-up monster you control to the GY; apply this effect, depending on the Type it had on the field.
<br>• Plant: During the End Phase of this turn, draw 2 cards, then discard 1 card.
<br>• Non-Plant: Add 1 Level 4 or lower Plant monster from your Deck to your hand.
<br>You can only activate 1 ""Frozen Rose"" per turn.",,0.35,0.81,8.99,0.67,,1st Edition,LDS2-EN119,Ultra Rare,SPELL,,Quick-Play Spell,,,,
230841,Super Express Bullet Train (Blue),Super Express Bullet Train Blue,https://tcgplayer-cdn.tcgplayer.com/product/230841_200w.jpg,2,2743,https://cpt.tcgcsv.com/RlS2,2024-08-12T19:53:08,1,"Cannot declare an attack unless you send 2 other cards you control to the GY. You can only use each of these effects of ""Super Express Bullet Train"" once per turn.
<br>• If all monsters you control are EARTH Machines (min. 1): You can Special Summon this card from your hand.
<br>• During the End Phase, if this card is in the GY because it was sent there this turn: You can target 1 Machine monster in your GY, except ""Super Express Bullet Train""; add it to your hand.",,0.15,0.49,4.99,0.19,,1st Edition,LDS2-EN121,Ultra Rare,EARTH,Machine,Effect Monster,3000,0,,
230842,Super Express Bullet Train (Green),Super Express Bullet Train Green,https://tcgplayer-cdn.tcgplayer.com/product/230842_200w.jpg,2,2743,https://cpt.tcgcsv.com/SlS2,2024-08-12T19:53:08.117,1,"Cannot declare an attack unless you send 2 other cards you control to the GY. You can only use each of these effects of ""Super Express Bullet Train"" once per turn.
<br>• If all monsters you control are EARTH Machines (min. 1): You can Special Summon this card from your hand.
<br>• During the End Phase, if this card is in the GY because it was sent there this turn: You can target 1 Machine monster in your GY, except ""Super Express Bullet Train""; add it to your hand.",,0.17,0.42,4.33,0.22,,1st Edition,LDS2-EN121,Ultra Rare,EARTH,Machine,Effect Monster,3000,0,,
230843,Super Express Bullet Train (Purple),Super Express Bullet Train Purple,https://tcgplayer-cdn.tcgplayer.com/product/230843_200w.jpg,2,2743,https://cpt.tcgcsv.com/TlS2,2024-08-12T19:53:08.18,1,"Cannot declare an attack unless you send 2 other cards you control to the GY. You can only use each of these effects of ""Super Express Bullet Train"" once per turn.
<br>• If all monsters you control are EARTH Machines (min. 1): You can Special Summon this card from your hand.
<br>• During the End Phase, if this card is in the GY because it was sent there this turn: You can target 1 Machine monster in your GY, except ""Super Express Bullet Train""; add it to your hand.",,0.22,0.43,4.33,0.3,,1st Edition,LDS2-EN121,Ultra Rare,EARTH,Machine,Effect Monster,3000,0,,
