productId,name,cleanName,imageUrl,categoryId,groupId,url,modifiedOn,imageCount,extNumber,extRarity,extAttribute,extCardType,extAttack,extDefense,extDescription,lowPrice,midPrice,highPrice,marketPrice,directLowPrice,subTypeName,extMonsterType
68106,Abyss-scale of the Mizuchi,Abyss scale of the Mizuchi,https://tcgplayer-cdn.tcgplayer.com/product/68106_200w.jpg,2,1112,https://cpt.tcgcsv.com/8gz,2013-05-20T19:28:53.283,1,LTGY-EN064,Common,SPELL,Normal Spell,0,0,"Equip only to a ""Mermail"" monster. It gains 800 ATK. When a Spell effect that was activated on your opponent's side of the field resolves, negate that effect, then send this card to the Graveyard.",0.15,0.47,1.35,0.32,,Unlimited,
68106,Abyss-scale of the Mizuchi,Abyss scale of the Mizuchi,https://tcgplayer-cdn.tcgplayer.com/product/68106_200w.jpg,2,1112,https://cpt.tcgcsv.com/8gz,2013-05-20T19:28:53.283,1,LTGY-EN064,Common,SPELL,Normal Spell,0,0,"Equip only to a ""Mermail"" monster. It gains 800 ATK. When a Spell effect that was activated on your opponent's side of the field resolves, negate that effect, then send this card to the Graveyard.",0.2,0.45,1.55,0.45,,1st Edition,
68107,Aerial Recharge,Aerial Recharge,https://tcgplayer-cdn.tcgplayer.com/product/68107_200w.jpg,2,1112,https://cpt.tcgcsv.com/9gz,2013-05-20T19:28:53.283,1,LTGY-EN073,Common,TRAP,Normal Trap,0,0,"Once per turn: You can Special Summon 1 ""Mecha Phantom Beast Token"" (Machine-Type/WIND/Level 3/ATK 0/DEF 0). During each player#s End Phase, Tribute 1 Token or ""Mecha Phantom Beast"" monster, or send this card to the Graveyard.",0.05,0.24,20.0,0.16,,Unlimited,
68107,Aerial Recharge,Aerial Recharge,https://tcgplayer-cdn.tcgplayer.com/product/68107_200w.jpg,2,1112,https://cpt.tcgcsv.com/9gz,2013-05-20T19:28:53.283,1,LTGY-EN073,Common,TRAP,Normal Trap,0,0,"Once per turn: You can Special Summon 1 ""Mecha Phantom Beast Token"" (Machine-Type/WIND/Level 3/ATK 0/DEF 0). During each player#s End Phase, Tribute 1 Token or ""Mecha Phantom Beast"" monster, or send this card to the Graveyard.",0.09,0.25,1.42,0.18,,1st Edition,
68108,Altitude Knight,Altitude Knight,https://tcgplayer-cdn.tcgplayer.com/product/68108_200w.jpg,2,1112,https://cpt.tcgcsv.com/bgz,2013-05-20T19:28:53.283,1,LTGY-EN036,Rare,WIND,Effect Monster,1400,1200,"Once per turn, when another monster on the field returns to the hand or Main Deck: Send 1 WIN monster from your Deck to the Graveyard.",0.02,0.25,3.0,0.28,,Unlimited,Warrior
68108,Altitude Knight,Altitude Knight,https://tcgplayer-cdn.tcgplayer.com/product/68108_200w.jpg,2,1112,https://cpt.tcgcsv.com/bgz,2013-05-20T19:28:53.283,1,LTGY-EN036,Rare,WIND,Effect Monster,1400,1200,"Once per turn, when another monster on the field returns to the hand or Main Deck: Send 1 WIN monster from your Deck to the Graveyard.",0.03,0.23,1.36,0.1,,1st Edition,Warrior
68109,Aurora Wing,Aurora Wing,https://tcgplayer-cdn.tcgplayer.com/product/68109_200w.jpg,2,1112,https://cpt.tcgcsv.com/cgz,2013-05-20T19:28:53.283,1,LTGY-EN013,Common,WATER,Effect Monster,1200,1600,"When this card is destroyed by battle and sent to the Graveyard: You can Special Summon this card in face-up Attack Position. You can only use the effect of ""Aurora Wing"" once per turn.",0.07,0.22,1.49,0.18,,Unlimited,Winged Beast
68109,Aurora Wing,Aurora Wing,https://tcgplayer-cdn.tcgplayer.com/product/68109_200w.jpg,2,1112,https://cpt.tcgcsv.com/cgz,2013-05-20T19:28:53.283,1,LTGY-EN013,Common,WATER,Effect Monster,1200,1600,"When this card is destroyed by battle and sent to the Graveyard: You can Special Summon this card in face-up Attack Position. You can only use the effect of ""Aurora Wing"" once per turn.",0.09,0.22,1.49,0.16,,1st Edition,Winged Beast
68110,Bachibachibachi,Bachibachibachi,https://tcgplayer-cdn.tcgplayer.com/product/68110_200w.jpg,2,1112,https://cpt.tcgcsv.com/dgz,2013-05-20T19:28:53.283,1,LTGY-EN001,Common,LIGHT,Effect Monster,800,800,"An Xyz Monster that was Summoned using this card on the field as Xyz Material gains this effect. // * If this card attacks a Defense Position monster, inflict piercing battle damage to your opponent.",0.01,0.24,1.39,0.28,,Unlimited,Insect
68110,Bachibachibachi,Bachibachibachi,https://tcgplayer-cdn.tcgplayer.com/product/68110_200w.jpg,2,1112,https://cpt.tcgcsv.com/dgz,2013-05-20T19:28:53.283,1,LTGY-EN001,Common,LIGHT,Effect Monster,800,800,"An Xyz Monster that was Summoned using this card on the field as Xyz Material gains this effect. // * If this card attacks a Defense Position monster, inflict piercing battle damage to your opponent.",0.05,0.22,1.42,0.17,,1st Edition,Insect
68111,Battlin' Boxer Counterpunch,Battlin Boxer Counterpunch,https://tcgplayer-cdn.tcgplayer.com/product/68111_200w.jpg,2,1112,https://cpt.tcgcsv.com/fgz,2013-05-20T19:28:53.283,1,LTGY-EN020,Common,FIRE,Effect Monster,0,1100,"During the Damage Step of either player's turn, when a ""Battlin' Boxer"" monster you control is attacking or being attacked: You can banish this card from your hand or Graveyard; that monster gains 1000 ATK until the End Phase. You can only use the effect of ""Battlin' Boxer Counterpunch"" once per turn.",0.18,0.3,1.49,0.28,,Unlimited,Warrior
68111,Battlin' Boxer Counterpunch,Battlin Boxer Counterpunch,https://tcgplayer-cdn.tcgplayer.com/product/68111_200w.jpg,2,1112,https://cpt.tcgcsv.com/fgz,2013-05-20T19:28:53.283,1,LTGY-EN020,Common,FIRE,Effect Monster,0,1100,"During the Damage Step of either player's turn, when a ""Battlin' Boxer"" monster you control is attacking or being attacked: You can banish this card from your hand or Graveyard; that monster gains 1000 ATK until the End Phase. You can only use the effect of ""Battlin' Boxer Counterpunch"" once per turn.",0.18,0.32,1.99,0.32,,1st Edition,Warrior
68112,Battlin' Boxer Glassjaw,Battlin Boxer Glassjaw,https://tcgplayer-cdn.tcgplayer.com/product/68112_200w.jpg,2,1112,https://cpt.tcgcsv.com/ggz,2013-05-20T19:28:53.283,1,LTGY-EN017,Common,FIRE,Effect Monster,2000,0,"When this card is targeted for an attack: Destroy this card. When this card is sent to the Graveyard by a card effect: You can target 1 ""Battlin' Boxer"" monster in your Graveyard, except ""Battlin' Boxer Glassjaw""; add that target to your hand.",0.03,0.21,1.86,0.11,,Unlimited,Warrior
68112,Battlin' Boxer Glassjaw,Battlin Boxer Glassjaw,https://tcgplayer-cdn.tcgplayer.com/product/68112_200w.jpg,2,1112,https://cpt.tcgcsv.com/ggz,2013-05-20T19:28:53.283,1,LTGY-EN017,Common,FIRE,Effect Monster,2000,0,"When this card is targeted for an attack: Destroy this card. When this card is sent to the Graveyard by a card effect: You can target 1 ""Battlin' Boxer"" monster in your Graveyard, except ""Battlin' Boxer Glassjaw""; add that target to your hand.",0.08,0.2,2.5,0.17,,1st Edition,Warrior
68113,Battlin' Boxer Headgeared,Battlin Boxer Headgeared,https://tcgplayer-cdn.tcgplayer.com/product/68113_200w.jpg,2,1112,https://cpt.tcgcsv.com/hgz,2013-05-20T19:28:53.283,1,LTGY-EN016,Common,FIRE,Effect Monster,1000,1800,"When this card is Normal Summoned: You can send 1 ""Battlin' Boxer"" monster from your Deck to the Graveyard. Once per turn, this face-up Attack Position card cannot be destroyed by battle.",0.01,0.24,1.49,0.12,,Unlimited,Warrior
68113,Battlin' Boxer Headgeared,Battlin Boxer Headgeared,https://tcgplayer-cdn.tcgplayer.com/product/68113_200w.jpg,2,1112,https://cpt.tcgcsv.com/hgz,2013-05-20T19:28:53.283,1,LTGY-EN016,Common,FIRE,Effect Monster,1000,1800,"When this card is Normal Summoned: You can send 1 ""Battlin' Boxer"" monster from your Deck to the Graveyard. Once per turn, this face-up Attack Position card cannot be destroyed by battle.",0.05,0.22,2.5,0.12,,1st Edition,Warrior
68114,Battlin' Boxer Lead Yoke,Battlin Boxer Lead Yoke,https://tcgplayer-cdn.tcgplayer.com/product/68114_200w.jpg,2,1112,https://cpt.tcgcsv.com/jgz,2013-05-20T19:28:53.283,1,LTGY-EN050,Rare,FIRE,Xyz/Effect Monster,2200,2000,"2 Level 4 ""Battlin' Boxer"" monsters // If a ""Battlin' Boxer"" monster(s) you control would be destroyed by battle or by a card effect, you can detach 1 Xyz Material from this card instead of destroying 1 of those monsters. When an Xyz Material(s) is detach from this card: This card gains 800 ATK.",0.02,0.3,5.0,0.24,,Unlimited,Warior
68114,Battlin' Boxer Lead Yoke,Battlin Boxer Lead Yoke,https://tcgplayer-cdn.tcgplayer.com/product/68114_200w.jpg,2,1112,https://cpt.tcgcsv.com/jgz,2013-05-20T19:28:53.283,1,LTGY-EN050,Rare,FIRE,Xyz/Effect Monster,2200,2000,"2 Level 4 ""Battlin' Boxer"" monsters // If a ""Battlin' Boxer"" monster(s) you control would be destroyed by battle or by a card effect, you can detach 1 Xyz Material from this card instead of destroying 1 of those monsters. When an Xyz Material(s) is detach from this card: This card gains 800 ATK.",0.04,0.29,25.0,0.15,,1st Edition,Warior
68115,Battlin' Boxer Sparrer,Battlin Boxer Sparrer,https://tcgplayer-cdn.tcgplayer.com/product/68115_200w.jpg,2,1112,https://cpt.tcgcsv.com/kgz,2013-05-20T19:28:53.283,1,LTGY-EN018,Common,FIRE,Effect Monster,1200,1400,"If you control a ""Battlin' Boxer"" monster, you can Special Summon this card (from your hand). If you do, you cannot conduct your Battle Phase for the rest of this turn.",0.3,0.75,2.97,0.6,,Unlimited,Warrior
68115,Battlin' Boxer Sparrer,Battlin Boxer Sparrer,https://tcgplayer-cdn.tcgplayer.com/product/68115_200w.jpg,2,1112,https://cpt.tcgcsv.com/kgz,2013-05-20T19:28:53.283,1,LTGY-EN018,Common,FIRE,Effect Monster,1200,1400,"If you control a ""Battlin' Boxer"" monster, you can Special Summon this card (from your hand). If you do, you cannot conduct your Battle Phase for the rest of this turn.",0.4,0.83,4.0,0.61,,1st Edition,Warrior
68116,Battlin' Boxer Switchitter,Battlin Boxer Switchitter,https://tcgplayer-cdn.tcgplayer.com/product/68116_200w.jpg,2,1112,https://cpt.tcgcsv.com/lgz,2013-05-20T19:28:53.283,1,LTGY-EN019,Common,FIRE,Effect Monster,1500,1400,"When this card is Normal Summoned: You can target 1 ""Battlin' Boxer"" monster in your Graveyard; Special Summon that target. You cannot Special Summon any monsters during the turn you activate this effect except ""Battlin' Boxer"" monsters.",0.08,0.23,1.5,0.11,,Unlimited,Warrior
68116,Battlin' Boxer Switchitter,Battlin Boxer Switchitter,https://tcgplayer-cdn.tcgplayer.com/product/68116_200w.jpg,2,1112,https://cpt.tcgcsv.com/lgz,2013-05-20T19:28:53.283,1,LTGY-EN019,Common,FIRE,Effect Monster,1500,1400,"When this card is Normal Summoned: You can target 1 ""Battlin' Boxer"" monster in your Graveyard; Special Summon that target. You cannot Special Summon any monsters during the turn you activate this effect except ""Battlin' Boxer"" monsters.",0.08,0.25,2.5,0.2,,1st Edition,Warrior
68117,Big Whale,Big Whale,https://tcgplayer-cdn.tcgplayer.com/product/68117_200w.jpg,2,1112,https://cpt.tcgcsv.com/mgz,2013-05-20T19:28:53.283,1,LTGY-EN008,Rare,WATER,Effect Monster,1000,3000,When this card is Tribute Summoned: You can Tribute this card; Special Summon 3 Level 3 WATER monsters from your Deck. Their effects are negated.,0.11,0.25,1.0,0.18,,Unlimited,Fish
68117,Big Whale,Big Whale,https://tcgplayer-cdn.tcgplayer.com/product/68117_200w.jpg,2,1112,https://cpt.tcgcsv.com/mgz,2013-05-20T19:28:53.283,1,LTGY-EN008,Rare,WATER,Effect Monster,1000,3000,When this card is Tribute Summoned: You can Tribute this card; Special Summon 3 Level 3 WATER monsters from your Deck. Their effects are negated.,0.03,0.25,1.41,0.24,,1st Edition,Fish
68118,"Blaster, Dragon Ruler of Infernos",Blaster Dragon Ruler of Infernos,https://tcgplayer-cdn.tcgplayer.com/product/68118_200w.jpg,2,1112,https://cpt.tcgcsv.com/ngz,2013-05-20T19:28:53.283,1,LTGY-EN040,Rare,FIRE,Effect Monster,2800,1800,"If this card is in your hand or Graveyard: You can banish a total of 2 FIRE and/or Dragon-Type monsters from your hand and/or Graveyard, except this card; Special Summon this card. During your opponent's End Phase, if this card was Special Summoned: Return it to the hand. You can discard this card and 1 FIRE monster to the Graveyard, then target 1 card on the field: destroy that target. If this card is banished: You can add 1 FIRE Dragon-Type monster from your Deck to your hand. You can only use 1 ""Blaster, Dragon Ruler of Infernos"" effect per turn, and only once that turn.",0.31,0.69,5.0,0.47,0.61,Unlimited,Dragon
68118,"Blaster, Dragon Ruler of Infernos",Blaster Dragon Ruler of Infernos,https://tcgplayer-cdn.tcgplayer.com/product/68118_200w.jpg,2,1112,https://cpt.tcgcsv.com/ngz,2013-05-20T19:28:53.283,1,LTGY-EN040,Rare,FIRE,Effect Monster,2800,1800,"If this card is in your hand or Graveyard: You can banish a total of 2 FIRE and/or Dragon-Type monsters from your hand and/or Graveyard, except this card; Special Summon this card. During your opponent's End Phase, if this card was Special Summoned: Return it to the hand. You can discard this card and 1 FIRE monster to the Graveyard, then target 1 card on the field: destroy that target. If this card is banished: You can add 1 FIRE Dragon-Type monster from your Deck to your hand. You can only use 1 ""Blaster, Dragon Ruler of Infernos"" effect per turn, and only once that turn.",0.19,1.05,14.99,1.05,,1st Edition,Dragon
68119,Blizzard Falcon,Blizzard Falcon,https://tcgplayer-cdn.tcgplayer.com/product/68119_200w.jpg,2,1112,https://cpt.tcgcsv.com/pgz,2013-05-20T19:28:53.283,1,LTGY-EN012,Common,WATER,Effect Monster,1500,1500,"If this card's current ATK is higher than its original ATK: you can inflict 1500 damage to your opponent. This effect can only be used once while this card is face-up on the field. You can only use the effect of ""Blizzard Falcon"" once per turn.",0.08,0.2,1.49,0.15,,Unlimited,Winged Beast
68119,Blizzard Falcon,Blizzard Falcon,https://tcgplayer-cdn.tcgplayer.com/product/68119_200w.jpg,2,1112,https://cpt.tcgcsv.com/pgz,2013-05-20T19:28:53.283,1,LTGY-EN012,Common,WATER,Effect Monster,1500,1500,"If this card's current ATK is higher than its original ATK: you can inflict 1500 damage to your opponent. This effect can only be used once while this card is face-up on the field. You can only use the effect of ""Blizzard Falcon"" once per turn.",0.05,0.25,1.42,0.26,,1st Edition,Winged Beast
68120,Brotherhood of the Fire Fist - Buffalo,Brotherhood of the Fire Fist Buffalo,https://tcgplayer-cdn.tcgplayer.com/product/68120_200w.jpg,2,1112,https://cpt.tcgcsv.com/qgz,2013-05-20T19:28:53.283,1,LTGY-EN029,Rare,FIRE,Effect Monster,1700,1000,"If this card is in your Graveyard: You can send a total of 2 ""Fire Fist"" / ""Fire Formation"" cards from your hand and/or face-up on your side of the field to the Graveyard; Special Summon this card from your Graveyard. You can only use the effect of ""Brotherhood of the Fire Fist - Buffalo"" once per turn.",0.08,0.31,2.15,0.28,,Unlimited,Beast-Warrior
68120,Brotherhood of the Fire Fist - Buffalo,Brotherhood of the Fire Fist Buffalo,https://tcgplayer-cdn.tcgplayer.com/product/68120_200w.jpg,2,1112,https://cpt.tcgcsv.com/qgz,2013-05-20T19:28:53.283,1,LTGY-EN029,Rare,FIRE,Effect Monster,1700,1000,"If this card is in your Graveyard: You can send a total of 2 ""Fire Fist"" / ""Fire Formation"" cards from your hand and/or face-up on your side of the field to the Graveyard; Special Summon this card from your Graveyard. You can only use the effect of ""Brotherhood of the Fire Fist - Buffalo"" once per turn.",0.03,0.28,3.0,0.21,,1st Edition,Beast-Warrior
68121,Brotherhood of the Fire Fist - Leopard,Brotherhood of the Fire Fist Leopard,https://tcgplayer-cdn.tcgplayer.com/product/68121_200w.jpg,2,1112,https://cpt.tcgcsv.com/rgz,2013-07-30T23:55:04.28,1,LTGY-EN027,Common,FIRE,Effect Monster,0,200,"During your Main Phase, if this card was Normal or Special Summoned this turn: You can Tribute 1 ""Fire Fist"" monster; Set 1 ""Fire Formation"" Spell/Trap Card directly from your Deck. You can only use the effect of ""Brotherhood of the Fire Fist - Leopard"" once per turn.",0.05,0.25,1.94,0.22,,Unlimited,Beast-Warrior
68121,Brotherhood of the Fire Fist - Leopard,Brotherhood of the Fire Fist Leopard,https://tcgplayer-cdn.tcgplayer.com/product/68121_200w.jpg,2,1112,https://cpt.tcgcsv.com/rgz,2013-07-30T23:55:04.28,1,LTGY-EN027,Common,FIRE,Effect Monster,0,200,"During your Main Phase, if this card was Normal or Special Summoned this turn: You can Tribute 1 ""Fire Fist"" monster; Set 1 ""Fire Formation"" Spell/Trap Card directly from your Deck. You can only use the effect of ""Brotherhood of the Fire Fist - Leopard"" once per turn.",0.1,0.33,1.99,0.36,,1st Edition,Beast-Warrior
68122,Brotherhood of the Fire Fist - Rhino,Brotherhood of the Fire Fist Rhino,https://tcgplayer-cdn.tcgplayer.com/product/68122_200w.jpg,2,1112,https://cpt.tcgcsv.com/sgz,2013-05-20T19:28:53.283,1,LTGY-EN028,Rare,FIRE,Effect Monster,1700,1400,"If a ""Fire Fist"" monster you control attacks or is attacked, during damage calculation (in either player's turn): You can send 1 face-up ""Fire Formation"" Spell/Trap Card you control and 1 ""Fire Fist"" monster from your hand to the Graveyard once per battle; your attacking/attacked monster gains ATK equal to the original ATK of the monster sent to the Graveyard, during damage calculation only.",0.1,0.25,1.5,0.23,,Unlimited,Beast-Warrior
68122,Brotherhood of the Fire Fist - Rhino,Brotherhood of the Fire Fist Rhino,https://tcgplayer-cdn.tcgplayer.com/product/68122_200w.jpg,2,1112,https://cpt.tcgcsv.com/sgz,2013-05-20T19:28:53.283,1,LTGY-EN028,Rare,FIRE,Effect Monster,1700,1400,"If a ""Fire Fist"" monster you control attacks or is attacked, during damage calculation (in either player's turn): You can send 1 face-up ""Fire Formation"" Spell/Trap Card you control and 1 ""Fire Fist"" monster from your hand to the Graveyard once per battle; your attacking/attacked monster gains ATK equal to the original ATK of the monster sent to the Graveyard, during damage calculation only.",0.03,0.26,1.5,0.18,,1st Edition,Beast-Warrior
68123,Brotherhood of the Fire Fist - Wolf,Brotherhood of the Fire Fist Wolf,https://tcgplayer-cdn.tcgplayer.com/product/68123_200w.jpg,2,1112,https://cpt.tcgcsv.com/tgz,2013-05-20T19:28:53.283,1,LTGY-EN026,Common,FIRE,Effect Monster,0,1900,"If this card is flipped face-up: You can Set 1 ""Fire Formation"" Trap Card directly from your Deck, then, if this card was Flip Summoned, you can also Set 1 ""Fire Formation"" Spell Card directly from your Deck.",0.03,0.2,1.54,0.15,,Unlimited,Beast-Warrior
68123,Brotherhood of the Fire Fist - Wolf,Brotherhood of the Fire Fist Wolf,https://tcgplayer-cdn.tcgplayer.com/product/68123_200w.jpg,2,1112,https://cpt.tcgcsv.com/tgz,2013-05-20T19:28:53.283,1,LTGY-EN026,Common,FIRE,Effect Monster,0,1900,"If this card is flipped face-up: You can Set 1 ""Fire Formation"" Trap Card directly from your Deck, then, if this card was Flip Summoned, you can also Set 1 ""Fire Formation"" Spell Card directly from your Deck.",0.03,0.23,1.56,0.17,,1st Edition,Beast-Warrior
68124,Brotherhood of the Fire Fist - Cardinal,Brotherhood of the Fire Fist Cardinal,https://tcgplayer-cdn.tcgplayer.com/product/68124_200w.jpg,2,1112,https://cpt.tcgcsv.com/vgz,2020-01-22T15:06:19.553,1,LTGY-EN054,Secret Rare,FIRE,Xyz/Effect Monster,1800,2200,"2 Level 4 ""Fire Fist"" monsters
<br>You can detach 2 Xyz Materials from this card, then target 2 “Fire Fist” / “Fire Formation” cards in your Graveyard and/or face-up on your side of the field, and 2 cards in your opponent’s Graveyard and/or face-up on their side of the field; shuffle those targets into the Deck. You can only use the effect of “Brotherhood of the Fire Fist – Cardinal” once per turn.",0.76,1.21,9.97,1.11,,Unlimited,Beast-Warrior
68124,Brotherhood of the Fire Fist - Cardinal,Brotherhood of the Fire Fist Cardinal,https://tcgplayer-cdn.tcgplayer.com/product/68124_200w.jpg,2,1112,https://cpt.tcgcsv.com/vgz,2020-01-22T15:06:19.553,1,LTGY-EN054,Secret Rare,FIRE,Xyz/Effect Monster,1800,2200,"2 Level 4 ""Fire Fist"" monsters
<br>You can detach 2 Xyz Materials from this card, then target 2 “Fire Fist” / “Fire Formation” cards in your Graveyard and/or face-up on your side of the field, and 2 cards in your opponent’s Graveyard and/or face-up on their side of the field; shuffle those targets into the Deck. You can only use the effect of “Brotherhood of the Fire Fist – Cardinal” once per turn.",1.39,2.05,19.99,2.25,,1st Edition,Beast-Warrior
68125,Brotherhood of the Fire Fist - Coyote,Brotherhood of the Fire Fist Coyote,https://tcgplayer-cdn.tcgplayer.com/product/68125_200w.jpg,2,1112,https://cpt.tcgcsv.com/wgz,2019-08-21T19:01:15.753,1,LTGY-EN082,Secret Rare,FIRE,Effect Monster,2000,500,"If you control a “Fire Formation” Spell/Trap Card, and no monsters, you can Special Summon this card (from your hand).",0.22,0.59,1.98,0.57,,Unlimited,Beast-Warrior
68125,Brotherhood of the Fire Fist - Coyote,Brotherhood of the Fire Fist Coyote,https://tcgplayer-cdn.tcgplayer.com/product/68125_200w.jpg,2,1112,https://cpt.tcgcsv.com/wgz,2019-08-21T19:01:15.753,1,LTGY-EN082,Secret Rare,FIRE,Effect Monster,2000,500,"If you control a “Fire Formation” Spell/Trap Card, and no monsters, you can Special Summon this card (from your hand).",0.13,1.0,5.0,0.47,,1st Edition,Beast-Warrior
68126,"Burner, Dragon Ruler of Sparks",Burner Dragon Ruler of Sparks,https://tcgplayer-cdn.tcgplayer.com/product/68126_200w.jpg,2,1112,https://cpt.tcgcsv.com/xgz,2013-05-20T19:28:53.283,1,LTGY-EN097,Common,FIRE,Effect Monster,1000,200,"You can discard this card AND 1 Dragon-Type or FIRE monster; Special Summon 1 ""Blaster, Dragon Ruler of Infernos"" from your Deck. It cannot attack this turn. You can only use the effect of ""Burner, Dragon Ruler of Sparks"" once per turn.",0.02,0.35,6.99,0.31,,Unlimited,Dragon
68126,"Burner, Dragon Ruler of Sparks",Burner Dragon Ruler of Sparks,https://tcgplayer-cdn.tcgplayer.com/product/68126_200w.jpg,2,1112,https://cpt.tcgcsv.com/xgz,2013-05-20T19:28:53.283,1,LTGY-EN097,Common,FIRE,Effect Monster,1000,200,"You can discard this card AND 1 Dragon-Type or FIRE monster; Special Summon 1 ""Blaster, Dragon Ruler of Infernos"" from your Deck. It cannot attack this turn. You can only use the effect of ""Burner, Dragon Ruler of Sparks"" once per turn.",0.02,0.4,9.99,0.35,,1st Edition,Dragon
68127,Constellar Omega,Constellar Omega,https://tcgplayer-cdn.tcgplayer.com/product/68127_200w.jpg,2,1112,https://cpt.tcgcsv.com/zgz,2013-05-20T19:28:53.283,1,LTGY-EN091,Ultra Rare,LIGHT,Xyz/Effect Monster,2400,500,"2 Level 4 LIGHT monsters // Once per turn, during either play'ers turn. You can detach 1 Xyz Material from this card; all ""Constellar"" monsters your currently control are unaffected by Spell/Trap effects this turn.",0.31,1.04,3.28,0.85,,Unlimited,Beast-Warrior
68127,Constellar Omega,Constellar Omega,https://tcgplayer-cdn.tcgplayer.com/product/68127_200w.jpg,2,1112,https://cpt.tcgcsv.com/zgz,2013-05-20T19:28:53.283,1,LTGY-EN091,Ultra Rare,LIGHT,Xyz/Effect Monster,2400,500,"2 Level 4 LIGHT monsters // Once per turn, during either play'ers turn. You can detach 1 Xyz Material from this card; all ""Constellar"" monsters your currently control are unaffected by Spell/Trap effects this turn.",0.49,1.14,3.99,1.09,,1st Edition,Beast-Warrior
68128,Constellar Omega (UTR),Constellar Omega UTR,https://tcgplayer-cdn.tcgplayer.com/product/68128_200w.jpg,2,1112,https://cpt.tcgcsv.com/Bgz,2015-11-23T20:22:25.477,1,LTGY-EN091,Ultimate Rare,LIGHT,Xyz/Effect Monster,2400,500,"2 Level 4 LIGHT monsters 
<br>Once per turn, during either play'ers turn. You can detach 1 Xyz Material from this card; all ""Constellar"" monsters your currently control are unaffected by Spell/Trap effects this turn.",2.78,5.94,14.0,3.53,,Unlimited,Beast-Warrior
68128,Constellar Omega (UTR),Constellar Omega UTR,https://tcgplayer-cdn.tcgplayer.com/product/68128_200w.jpg,2,1112,https://cpt.tcgcsv.com/Bgz,2015-11-23T20:22:25.477,1,LTGY-EN091,Ultimate Rare,LIGHT,Xyz/Effect Monster,2400,500,"2 Level 4 LIGHT monsters 
<br>Once per turn, during either play'ers turn. You can detach 1 Xyz Material from this card; all ""Constellar"" monsters your currently control are unaffected by Spell/Trap effects this turn.",3.99,5.88,49.99,5.74,,1st Edition,Beast-Warrior
68129,Constellar Sombre,Constellar Sombre,https://tcgplayer-cdn.tcgplayer.com/product/68129_200w.jpg,2,1112,https://cpt.tcgcsv.com/Cgz,2013-05-20T19:28:53.283,1,LTGY-EN093,Super Rare,LIGHT,Effect Monster,1550,1600,"You can only use each effect of ""Constellar Sombre"" once per turn. While this card is in the Graveyard, if it was sent there this turn, you can Normal Summon 1 ""Constellar"" monster for 1 less Tribute. // You can banish 1 ""Constellar"" monster from your Graveyard, then target 1 ""Constellar"" monster in your Graveyard; add that target to your hand, also. this card gains the following effect. // * This turn: you can activate this effect; Normal Summon 1 ""Constellar"" monster.",1.3,1.65,7.95,1.85,,Unlimited,Fairy
68129,Constellar Sombre,Constellar Sombre,https://tcgplayer-cdn.tcgplayer.com/product/68129_200w.jpg,2,1112,https://cpt.tcgcsv.com/Cgz,2013-05-20T19:28:53.283,1,LTGY-EN093,Super Rare,LIGHT,Effect Monster,1550,1600,"You can only use each effect of ""Constellar Sombre"" once per turn. While this card is in the Graveyard, if it was sent there this turn, you can Normal Summon 1 ""Constellar"" monster for 1 less Tribute. // You can banish 1 ""Constellar"" monster from your Graveyard, then target 1 ""Constellar"" monster in your Graveyard; add that target to your hand, also. this card gains the following effect. // * This turn: you can activate this effect; Normal Summon 1 ""Constellar"" monster.",2.25,3.14,8.5,2.99,,1st Edition,Fairy
68130,CXyz Dark Fairy Cheer Girl,CXyz Dark Fairy Cheer Girl,https://tcgplayer-cdn.tcgplayer.com/product/68130_200w.jpg,2,1112,https://cpt.tcgcsv.com/Dgz,2013-05-20T19:28:53.283,1,LTGY-EN047,Rare,DARK,Xyz/Effect Monster,2500,1900,"3 Level 5 monsters // When this card is sent from the field to the Graveyard: Draw 1 card. If this card has ""Fairy Cheer Girl"" as an Xyz Material, it gains this effect. // * When this card destroys an opponent's monster by battle and remains on the field: You can detach 1 Xyz Material from this card; inflict 400 damage to your opponent for each card in your hand.",0.08,0.35,1.99,0.21,,Unlimited,Fairy
68130,CXyz Dark Fairy Cheer Girl,CXyz Dark Fairy Cheer Girl,https://tcgplayer-cdn.tcgplayer.com/product/68130_200w.jpg,2,1112,https://cpt.tcgcsv.com/Dgz,2013-05-20T19:28:53.283,1,LTGY-EN047,Rare,DARK,Xyz/Effect Monster,2500,1900,"3 Level 5 monsters // When this card is sent from the field to the Graveyard: Draw 1 card. If this card has ""Fairy Cheer Girl"" as an Xyz Material, it gains this effect. // * When this card destroys an opponent's monster by battle and remains on the field: You can detach 1 Xyz Material from this card; inflict 400 damage to your opponent for each card in your hand.",0.05,0.26,1.41,0.24,,1st Edition,Fairy
68131,Do a Barrel Roll,Do a Barrel Roll,https://tcgplayer-cdn.tcgplayer.com/product/68131_200w.jpg,2,1112,https://cpt.tcgcsv.com/Fgz,2013-05-20T19:28:53.283,1,LTGY-EN074,Rare,TRAP,Normal Trap,0,0,"When a Spell Card, Trap Card, or monster effect is activated: Tribute all ""Mecha Phantom Beast Tokens"" you control; negate the activation, and if you do, destroy it.",0.05,0.25,1.42,0.2,,Unlimited,
68131,Do a Barrel Roll,Do a Barrel Roll,https://tcgplayer-cdn.tcgplayer.com/product/68131_200w.jpg,2,1112,https://cpt.tcgcsv.com/Fgz,2013-05-20T19:28:53.283,1,LTGY-EN074,Rare,TRAP,Normal Trap,0,0,"When a Spell Card, Trap Card, or monster effect is activated: Tribute all ""Mecha Phantom Beast Tokens"" you control; negate the activation, and if you do, destroy it.",0.1,0.25,1.0,0.19,,1st Edition,
68132,Dotedotengu,Dotedotengu,https://tcgplayer-cdn.tcgplayer.com/product/68132_200w.jpg,2,1112,https://cpt.tcgcsv.com/Ggz,2013-05-20T19:28:53.283,1,LTGY-EN004,Common,WIND,Effect Monster,0,800,If this card in your possession is sent to your Graveyard by an opponent's card effect: You can target 1 card your opponent controls; return it to the hand.,0.01,0.21,1.49,0.29,,Unlimited,Fiend
68132,Dotedotengu,Dotedotengu,https://tcgplayer-cdn.tcgplayer.com/product/68132_200w.jpg,2,1112,https://cpt.tcgcsv.com/Ggz,2013-05-20T19:28:53.283,1,LTGY-EN004,Common,WIND,Effect Monster,0,800,If this card in your possession is sent to your Graveyard by an opponent's card effect: You can target 1 card your opponent controls; return it to the hand.,0.01,0.18,1.32,0.08,,1st Edition,Fiend
68133,Dragoncarnation,Dragoncarnation,https://tcgplayer-cdn.tcgplayer.com/product/68133_200w.jpg,2,1112,https://cpt.tcgcsv.com/Hgz,2013-05-20T19:28:53.283,1,LTGY-EN080,Common,TRAP,Normal Trap,0,0,Target 1 of your banished Dragon-Type monsters; add that target to your hand.,0.23,0.43,1.98,0.29,,Unlimited,
68133,Dragoncarnation,Dragoncarnation,https://tcgplayer-cdn.tcgplayer.com/product/68133_200w.jpg,2,1112,https://cpt.tcgcsv.com/Hgz,2013-05-20T19:28:53.283,1,LTGY-EN080,Common,TRAP,Normal Trap,0,0,Target 1 of your banished Dragon-Type monsters; add that target to your hand.,0.26,0.48,2.0,0.48,,1st Edition,
68134,Duck Fighter,Duck Fighter,https://tcgplayer-cdn.tcgplayer.com/product/68134_200w.jpg,2,1112,https://cpt.tcgcsv.com/Jgz,2013-05-20T19:28:53.283,1,LTGY-EN099,Super Rare,WIND,Effect Monster,1300,1400,If this card is in your hand or Graveyard: You can Tribute Tokens whose total Levels equal 3 or more; Special Summon this card. You can only use the effect of “Duck Fighter” once per turn.,0.02,0.25,1.99,0.09,,Unlimited,Machine
68134,Duck Fighter,Duck Fighter,https://tcgplayer-cdn.tcgplayer.com/product/68134_200w.jpg,2,1112,https://cpt.tcgcsv.com/Jgz,2013-05-20T19:28:53.283,1,LTGY-EN099,Super Rare,WIND,Effect Monster,1300,1400,If this card is in your hand or Graveyard: You can Tribute Tokens whose total Levels equal 3 or more; Special Summon this card. You can only use the effect of “Duck Fighter” once per turn.,0.05,0.25,1.42,0.24,,1st Edition,Machine
68135,Eagle Shark,Eagle Shark,https://tcgplayer-cdn.tcgplayer.com/product/68135_200w.jpg,2,1112,https://cpt.tcgcsv.com/Kgz,2013-05-20T19:28:53.283,1,LTGY-EN011,Common,WATER,Effect Monster,1000,1800,"If your opponent controls 2 or more monsters, you can Normal Summon this card without Tributing. If you control ""Panther Shark"", you can Special Summon this card (from your hand). You can only control 1 ""Eagle Shark"".",0.1,0.24,1.49,0.22,,Unlimited,Fish
68135,Eagle Shark,Eagle Shark,https://tcgplayer-cdn.tcgplayer.com/product/68135_200w.jpg,2,1112,https://cpt.tcgcsv.com/Kgz,2013-05-20T19:28:53.283,1,LTGY-EN011,Common,WATER,Effect Monster,1000,1800,"If your opponent controls 2 or more monsters, you can Normal Summon this card without Tributing. If you control ""Panther Shark"", you can Special Summon this card (from your hand). You can only control 1 ""Eagle Shark"".",0.14,0.25,1.49,0.19,,1st Edition,Fish
68136,Evilswarm Kerykeion,Evilswarm Kerykeion,https://tcgplayer-cdn.tcgplayer.com/product/68136_200w.jpg,2,1112,https://cpt.tcgcsv.com/Lgz,2013-05-20T19:28:53.283,1,LTGY-EN094,Super Rare,DARK,Effect Monster,1600,1550,"You can only use each effect of ""Evilswarm Kerykeion"" once per turn. While this card is in the Graveyard, if it was sent there this turn, you can Normal Summon 1 ""lswarm"" monster for 1 less Tribute. // You can banish 1 ""lswarm"" monster from your Graveyard; then target 1 ""lswarm"" monster in your Graveyard; add that target to your hand, also, this card gains the following effect. // * This turn: You can activate this effect; Normal Summon 1 ""lswarm"" monster.",0.99,2.76,12.75,2.15,,Unlimited,Spellcaster
68136,Evilswarm Kerykeion,Evilswarm Kerykeion,https://tcgplayer-cdn.tcgplayer.com/product/68136_200w.jpg,2,1112,https://cpt.tcgcsv.com/Lgz,2013-05-20T19:28:53.283,1,LTGY-EN094,Super Rare,DARK,Effect Monster,1600,1550,"You can only use each effect of ""Evilswarm Kerykeion"" once per turn. While this card is in the Graveyard, if it was sent there this turn, you can Normal Summon 1 ""lswarm"" monster for 1 less Tribute. // You can banish 1 ""lswarm"" monster from your Graveyard; then target 1 ""lswarm"" monster in your Graveyard; add that target to your hand, also, this card gains the following effect. // * This turn: You can activate this effect; Normal Summon 1 ""lswarm"" monster.",2.0,3.56,19.99,3.54,,1st Edition,Spellcaster
68137,Fairy Cheer Girl,Fairy Cheer Girl,https://tcgplayer-cdn.tcgplayer.com/product/68137_200w.jpg,2,1112,https://cpt.tcgcsv.com/Mgz,2013-05-20T19:28:53.283,1,LTGY-EN046,Rare,LIGHT,Xyz/Effect Monster,1900,1500,"2 Level 4 Fairy-Type monsters // You can detach 1 Xyz Material from this card; draw 1 card. You can only use the effect of ""Fairy Cheer Girl"" once per turn.",0.2,0.49,2.5,0.37,,Unlimited,Fairy
68137,Fairy Cheer Girl,Fairy Cheer Girl,https://tcgplayer-cdn.tcgplayer.com/product/68137_200w.jpg,2,1112,https://cpt.tcgcsv.com/Mgz,2013-05-20T19:28:53.283,1,LTGY-EN046,Rare,LIGHT,Xyz/Effect Monster,1900,1500,"2 Level 4 Fairy-Type monsters // You can detach 1 Xyz Material from this card; draw 1 card. You can only use the effect of ""Fairy Cheer Girl"" once per turn.",0.05,0.43,21.0,0.43,,1st Edition,Fairy
68138,Fire Formation - Kaiyo,Fire Formation Kaiyo,https://tcgplayer-cdn.tcgplayer.com/product/68138_200w.jpg,2,1112,https://cpt.tcgcsv.com/Ngz,2013-05-20T19:28:53.283,1,LTGY-EN075,Common,TRAP,Normal Trap,0,0,"During the turn this card is activated, if a Beast-Warrior-Type monster you control attacks a Defense Position monster, inflict piecring battle damage to your opponent. (This applies even if this card leaves the field.) All Beast-Warrior-Type monsters you control gain 300 ATK.",0.03,0.22,1.54,0.19,,Unlimited,
68138,Fire Formation - Kaiyo,Fire Formation Kaiyo,https://tcgplayer-cdn.tcgplayer.com/product/68138_200w.jpg,2,1112,https://cpt.tcgcsv.com/Ngz,2013-05-20T19:28:53.283,1,LTGY-EN075,Common,TRAP,Normal Trap,0,0,"During the turn this card is activated, if a Beast-Warrior-Type monster you control attacks a Defense Position monster, inflict piecring battle damage to your opponent. (This applies even if this card leaves the field.) All Beast-Warrior-Type monsters you control gain 300 ATK.",0.01,0.23,1.49,0.14,,1st Edition,
68139,Fire Formation - Gyokkou,Fire Formation Gyokkou,https://tcgplayer-cdn.tcgplayer.com/product/68139_200w.jpg,2,1112,https://cpt.tcgcsv.com/Pgz,2013-09-23T13:41:51.12,1,LTGY-EN062,Super Rare,SPELL,Normal Spell,0,0,"Activate this card by targeting 1 Set Spell/Trap Card your opponent controls. Your opponent cannot activate the targeted card in response to this card’s activation. While this card is face-up on the field, that Set card cannot be activated. All Beast-Warrior-Type monsters you control gain 100 ATK.",0.23,0.74,2.9,0.74,,Unlimited,
68139,Fire Formation - Gyokkou,Fire Formation Gyokkou,https://tcgplayer-cdn.tcgplayer.com/product/68139_200w.jpg,2,1112,https://cpt.tcgcsv.com/Pgz,2013-09-23T13:41:51.12,1,LTGY-EN062,Super Rare,SPELL,Normal Spell,0,0,"Activate this card by targeting 1 Set Spell/Trap Card your opponent controls. Your opponent cannot activate the targeted card in response to this card’s activation. While this card is face-up on the field, that Set card cannot be activated. All Beast-Warrior-Type monsters you control gain 100 ATK.",0.35,1.0,2.99,0.94,,1st Edition,
68140,Fire King Avatar Garunix,Fire King Avatar Garunix,https://tcgplayer-cdn.tcgplayer.com/product/68140_200w.jpg,2,1112,https://cpt.tcgcsv.com/Qgz,2013-05-20T19:28:53.283,1,LTGY-EN034,Common,FIRE,Effect Monster,700,1700,"If a face-up ""Fire King"" monster you control is destroyed by a card effect (except during the Damage Step): You can Special Summon this card from your hand. If this card in your possession is destroyed by your opponent's card (either by battle or by card effect) and sent to your Graveyard: You can Special Summon 1 ""Fire King Avatar"" monster from your Deck.",0.03,0.21,1.49,0.14,,Unlimited,Winged Beast
68140,Fire King Avatar Garunix,Fire King Avatar Garunix,https://tcgplayer-cdn.tcgplayer.com/product/68140_200w.jpg,2,1112,https://cpt.tcgcsv.com/Qgz,2013-05-20T19:28:53.283,1,LTGY-EN034,Common,FIRE,Effect Monster,700,1700,"If a face-up ""Fire King"" monster you control is destroyed by a card effect (except during the Damage Step): You can Special Summon this card from your hand. If this card in your possession is destroyed by your opponent's card (either by battle or by card effect) and sent to your Graveyard: You can Special Summon 1 ""Fire King Avatar"" monster from your Deck.",0.05,0.25,1.35,0.08,,1st Edition,Winged Beast
68141,Five Brothers Explosion,Five Brothers Explosion,https://tcgplayer-cdn.tcgplayer.com/product/68141_200w.jpg,2,1112,https://cpt.tcgcsv.com/Rgz,2013-05-20T19:28:53.283,1,LTGY-EN089,Common,TRAP,Normal Trap,0,0,When this card is activated: Gain 500 Life Points for each Continuous Spell/Trap Card you control. If this face-up card you control is sent to your Graveyard by your opponent's card effects: Inflict 500 damage to your opponent for each Continuous Spell/Trap Card in your Graveyard.,0.01,0.21,1.34,0.08,,Unlimited,
68141,Five Brothers Explosion,Five Brothers Explosion,https://tcgplayer-cdn.tcgplayer.com/product/68141_200w.jpg,2,1112,https://cpt.tcgcsv.com/Rgz,2013-05-20T19:28:53.283,1,LTGY-EN089,Common,TRAP,Normal Trap,0,0,When this card is activated: Gain 500 Life Points for each Continuous Spell/Trap Card you control. If this face-up card you control is sent to your Graveyard by your opponent's card effects: Inflict 500 damage to your opponent for each Continuous Spell/Trap Card in your Graveyard.,0.03,0.23,1.75,0.03,,1st Edition,
68142,Gagagawind,Gagagawind,https://tcgplayer-cdn.tcgplayer.com/product/68142_200w.jpg,2,1112,https://cpt.tcgcsv.com/Sgz,2013-05-20T19:28:53.283,1,LTGY-EN057,Common,SPELL,Normal Spell,0,0,"Special Summon 1 ""Gagaga"" monster from your hand as a Level 4 monster.",0.1,0.23,1.49,0.21,,Unlimited,
68142,Gagagawind,Gagagawind,https://tcgplayer-cdn.tcgplayer.com/product/68142_200w.jpg,2,1112,https://cpt.tcgcsv.com/Sgz,2013-05-20T19:28:53.283,1,LTGY-EN057,Common,SPELL,Normal Spell,0,0,"Special Summon 1 ""Gagaga"" monster from your hand as a Level 4 monster.",0.08,0.25,1.41,0.2,,1st Edition,
68143,Gauntlet Launcher,Gauntlet Launcher,https://tcgplayer-cdn.tcgplayer.com/product/68143_200w.jpg,2,1112,https://cpt.tcgcsv.com/Tgz,2013-05-20T19:28:53.283,1,LTGY-EN045,Ultra Rare,EARTH,Xyz/Effect Monster,2400,2800,"2 Level 6 monsters // You can detach 1 Xyz Material from this card, then target 1 monster your opponent controls; destroy it.",0.1,0.5,1.98,0.39,,Unlimited,Warior
68143,Gauntlet Launcher,Gauntlet Launcher,https://tcgplayer-cdn.tcgplayer.com/product/68143_200w.jpg,2,1112,https://cpt.tcgcsv.com/Tgz,2013-05-20T19:28:53.283,1,LTGY-EN045,Ultra Rare,EARTH,Xyz/Effect Monster,2400,2800,"2 Level 6 monsters // You can detach 1 Xyz Material from this card, then target 1 monster your opponent controls; destroy it.",0.15,0.5,4.0,0.35,,1st Edition,Warior
68144,Gauntlet Launcher (UTR),Gauntlet Launcher UTR,https://tcgplayer-cdn.tcgplayer.com/product/68144_200w.jpg,2,1112,https://cpt.tcgcsv.com/Vgz,2015-11-23T20:23:15.813,1,LTGY-EN045,Ultimate Rare,EARTH,Xyz/Effect Monster,2400,2800,"2 Level 6 monsters 
<br>You can detach 1 Xyz Material from this card, then target 1 monster your opponent controls; destroy it.",1.85,2.65,9.95,2.76,,Unlimited,Warior
68144,Gauntlet Launcher (UTR),Gauntlet Launcher UTR,https://tcgplayer-cdn.tcgplayer.com/product/68144_200w.jpg,2,1112,https://cpt.tcgcsv.com/Vgz,2015-11-23T20:23:15.813,1,LTGY-EN045,Ultimate Rare,EARTH,Xyz/Effect Monster,2400,2800,"2 Level 6 monsters 
<br>You can detach 1 Xyz Material from this card, then target 1 monster your opponent controls; destroy it.",2.65,4.42,20.0,3.93,,1st Edition,Warior
68145,Geargiagear,Geargiagear,https://tcgplayer-cdn.tcgplayer.com/product/68145_200w.jpg,2,1112,https://cpt.tcgcsv.com/Wgz,2013-05-20T19:28:53.283,1,LTGY-EN077,Super Rare,TRAP,Normal Trap,0,0,"Special Summon 2 ""Geargiano"" monster from your Deck and increase their Levels by 1. You can only activate 1 ""Geargiagear"" per turn.",0.25,0.97,3.95,0.83,,Unlimited,
68145,Geargiagear,Geargiagear,https://tcgplayer-cdn.tcgplayer.com/product/68145_200w.jpg,2,1112,https://cpt.tcgcsv.com/Wgz,2013-05-20T19:28:53.283,1,LTGY-EN077,Super Rare,TRAP,Normal Trap,0,0,"Special Summon 2 ""Geargiano"" monster from your Deck and increase their Levels by 1. You can only activate 1 ""Geargiagear"" per turn.",0.69,1.99,4.99,2.1,,1st Edition,
68146,Ghost Fairy Elfobia,Ghost Fairy Elfobia,https://tcgplayer-cdn.tcgplayer.com/product/68146_200w.jpg,2,1112,https://cpt.tcgcsv.com/Xgz,2013-05-20T19:28:53.283,1,LTGY-EN085,Super Rare,WIND,Effect Monster,900,500,"Once per turn: You can reveal 1 WIND monster in your hand; until the end of your opponent’s next Main Phase 1, monsters with a Level higher than the revealed monster cannot activate their effects.",12.63,13.57,15.44,2.94,,Unlimited,Psychic
68146,Ghost Fairy Elfobia,Ghost Fairy Elfobia,https://tcgplayer-cdn.tcgplayer.com/product/68146_200w.jpg,2,1112,https://cpt.tcgcsv.com/Xgz,2013-05-20T19:28:53.283,1,LTGY-EN085,Super Rare,WIND,Effect Monster,900,500,"Once per turn: You can reveal 1 WIND monster in your hand; until the end of your opponent’s next Main Phase 1, monsters with a Level higher than the revealed monster cannot activate their effects.",13.94,21.98,21.99,10.19,,1st Edition,Psychic
68147,Gogogo Gigas,Gogogo Gigas,https://tcgplayer-cdn.tcgplayer.com/product/68147_200w.jpg,2,1112,https://cpt.tcgcsv.com/Zgz,2020-04-17T12:31:49.383,1,LTGY-EN002,Rare,EARTH,Effect Monster,0,2200,"While this card is in your Graveyard, if you Special Summon a ""Gogogo"" monster(s) (except during the Damage Step): You can Special Summon this card from your Graveyard in face-up Defense Position. You cannot conduct your Battle Phase the turn you activate this effect. You can only use the effect of ""Gogogo Gigas"" once per turn.",0.06,0.33,6.0,0.28,,Unlimited,Rock
68147,Gogogo Gigas,Gogogo Gigas,https://tcgplayer-cdn.tcgplayer.com/product/68147_200w.jpg,2,1112,https://cpt.tcgcsv.com/Zgz,2020-04-17T12:31:49.383,1,LTGY-EN002,Rare,EARTH,Effect Monster,0,2200,"While this card is in your Graveyard, if you Special Summon a ""Gogogo"" monster(s) (except during the Damage Step): You can Special Summon this card from your Graveyard in face-up Defense Position. You cannot conduct your Battle Phase the turn you activate this effect. You can only use the effect of ""Gogogo Gigas"" once per turn.",0.1,0.27,7.95,0.25,,1st Edition,Rock
68148,Green Duston,Green Duston,https://tcgplayer-cdn.tcgplayer.com/product/68148_200w.jpg,2,1112,https://cpt.tcgcsv.com/-gz,2013-05-20T19:28:53.283,1,LTGY-EN043,Common,WIND,Effect Monster,0,1000,"Cannot be used as a Fusion, Synchro or Xyz Material for a Summon. While this card is face-up on the field, it cannot be Tributed. When this card on the field is destroyed: The controller targets 1 Spell/Trap Card they control; return that target to the hand. You can only control 1 face-up ""Green Duston"".",0.05,0.25,1.36,0.19,,Unlimited,Fiend
68148,Green Duston,Green Duston,https://tcgplayer-cdn.tcgplayer.com/product/68148_200w.jpg,2,1112,https://cpt.tcgcsv.com/-gz,2013-05-20T19:28:53.283,1,LTGY-EN043,Common,WIND,Effect Monster,0,1000,"Cannot be used as a Fusion, Synchro or Xyz Material for a Summon. While this card is face-up on the field, it cannot be Tributed. When this card on the field is destroyed: The controller targets 1 Spell/Trap Card they control; return that target to the hand. You can only control 1 face-up ""Green Duston"".",0.1,0.39,1.08,0.43,,1st Edition,Fiend
68149,Harpie Channeler,Harpie Channeler,https://tcgplayer-cdn.tcgplayer.com/product/68149_200w.jpg,2,1112,https://cpt.tcgcsv.com/_gz,2013-05-20T19:28:53.283,1,LTGY-EN035,Ultra Rare,WIND,Effect Monster,1400,1300,"You can discard 1 “Harpie” card; Special Summon 1 “Harpie” monster from your Deck in face-up Defense Position, except “Harpie Channeler”. You can only use this effect of “Harpie Channeler” once per turn. While you control a Dragon-Type monster, this card’s Level becomes 7. This card’s name becomes “Harpie Lady” while it is on the field or in the Graveyard.",1.71,2.5,21.95,2.48,,Unlimited,Winged Beast
68149,Harpie Channeler,Harpie Channeler,https://tcgplayer-cdn.tcgplayer.com/product/68149_200w.jpg,2,1112,https://cpt.tcgcsv.com/_gz,2013-05-20T19:28:53.283,1,LTGY-EN035,Ultra Rare,WIND,Effect Monster,1400,1300,"You can discard 1 “Harpie” card; Special Summon 1 “Harpie” monster from your Deck in face-up Defense Position, except “Harpie Channeler”. You can only use this effect of “Harpie Channeler” once per turn. While you control a Dragon-Type monster, this card’s Level becomes 7. This card’s name becomes “Harpie Lady” while it is on the field or in the Graveyard.",2.38,3.19,19.99,2.9,,1st Edition,Winged Beast
68150,Harpie Channeler (UTR),Harpie Channeler UTR,https://tcgplayer-cdn.tcgplayer.com/product/68150_200w.jpg,2,1112,https://cpt.tcgcsv.com/0hz,2015-11-23T20:24:49.493,1,LTGY-EN035,Ultimate Rare,WIND,Effect Monster,1400,1300,"You can discard 1 “Harpie” card; Special Summon 1 “Harpie” monster from your Deck in face-up Defense Position, except “Harpie Channeler”. You can only use this effect of “Harpie Channeler” once per turn. While you control a Dragon-Type monster, this card’s Level becomes 7. This card’s name becomes “Harpie Lady” while it is on the field or in the Graveyard.",7.87,11.28,39.94,11.36,,Unlimited,Winged Beast
68150,Harpie Channeler (UTR),Harpie Channeler UTR,https://tcgplayer-cdn.tcgplayer.com/product/68150_200w.jpg,2,1112,https://cpt.tcgcsv.com/0hz,2015-11-23T20:24:49.493,1,LTGY-EN035,Ultimate Rare,WIND,Effect Monster,1400,1300,"You can discard 1 “Harpie” card; Special Summon 1 “Harpie” monster from your Deck in face-up Defense Position, except “Harpie Channeler”. You can only use this effect of “Harpie Channeler” once per turn. While you control a Dragon-Type monster, this card’s Level becomes 7. This card’s name becomes “Harpie Lady” while it is on the field or in the Graveyard.",11.89,17.65,49.99,12.79,,1st Edition,Winged Beast
68151,Harpie's Pet Phantasmal Dragon,Harpies Pet Phantasmal Dragon,https://tcgplayer-cdn.tcgplayer.com/product/68151_200w.jpg,2,1112,https://cpt.tcgcsv.com/2hz,2013-05-20T19:28:53.283,1,LTGY-EN055,Rare,WIND,Xyz/Effect Monster,2000,2500,"3 Level 4 WIND monsters // This card's effects can only be applied/resolved while it has Xyz Material. This card can attack your opponent directly. Your opponent cannot target any ""Harpie"" monsters with effects or for attacks. During each of your End Phases: Detach 1 Xyz Material from this card.",0.2,0.5,1.46,0.37,0.5,Unlimited,Dragon
68151,Harpie's Pet Phantasmal Dragon,Harpies Pet Phantasmal Dragon,https://tcgplayer-cdn.tcgplayer.com/product/68151_200w.jpg,2,1112,https://cpt.tcgcsv.com/2hz,2013-05-20T19:28:53.283,1,LTGY-EN055,Rare,WIND,Xyz/Effect Monster,2000,2500,"3 Level 4 WIND monsters // This card's effects can only be applied/resolved while it has Xyz Material. This card can attack your opponent directly. Your opponent cannot target any ""Harpie"" monsters with effects or for attacks. During each of your End Phases: Detach 1 Xyz Material from this card.",0.2,0.5,2.99,0.5,0.5,1st Edition,Dragon
68152,High Tide on Fire Island,High Tide on Fire Island,https://tcgplayer-cdn.tcgplayer.com/product/68152_200w.jpg,2,1112,https://cpt.tcgcsv.com/3hz,2013-05-20T19:28:53.283,1,LTGY-EN078,Common,TRAP,Normal Trap,0,0,"If you control a Level 7 or higher WATER of FIRE monster: Apply the appropriate, in sequence, depending on the Attributes of monsters you control at that time. // * WATER: Special Summon as many WATER monsters as possible that were sent to your GRaveyard to activate monster effects this turn, then destroy 1 monster you control. // * FIRE: Destroy 1 monster on the field, then if you have any cards in your hand, discard 1 card to the Graveyard.",0.03,0.2,1.49,0.17,,Unlimited,
68152,High Tide on Fire Island,High Tide on Fire Island,https://tcgplayer-cdn.tcgplayer.com/product/68152_200w.jpg,2,1112,https://cpt.tcgcsv.com/3hz,2013-05-20T19:28:53.283,1,LTGY-EN078,Common,TRAP,Normal Trap,0,0,"If you control a Level 7 or higher WATER of FIRE monster: Apply the appropriate, in sequence, depending on the Attributes of monsters you control at that time. // * WATER: Special Summon as many WATER monsters as possible that were sent to your GRaveyard to activate monster effects this turn, then destroy 1 monster you control. // * FIRE: Destroy 1 monster on the field, then if you have any cards in your hand, discard 1 card to the Graveyard.",0.04,0.25,6.2,0.31,,1st Edition,
68153,Hysteric Sign,Hysteric Sign,https://tcgplayer-cdn.tcgplayer.com/product/68153_200w.jpg,2,1112,https://cpt.tcgcsv.com/5hz,2013-05-20T19:28:53.283,1,LTGY-EN065,Super Rare,SPELL,Normal Spell,0,0,"When this card is activated: Add 1 ""Elegant Egotist"" from your Deck or Graveyard to your hand. During the End Phase of the turn this card was sent from the field or hand to the Graveyard: Add up to 3 ""Harpie"" cards with different names from your Deck to your hand. You can only activate 1 ""Hysteric Sign"" effect per turn, and only once that turn.",0.25,0.6,6.0,0.61,,Unlimited,
68153,Hysteric Sign,Hysteric Sign,https://tcgplayer-cdn.tcgplayer.com/product/68153_200w.jpg,2,1112,https://cpt.tcgcsv.com/5hz,2013-05-20T19:28:53.283,1,LTGY-EN065,Super Rare,SPELL,Normal Spell,0,0,"When this card is activated: Add 1 ""Elegant Egotist"" from your Deck or Graveyard to your hand. During the End Phase of the turn this card was sent from the field or hand to the Graveyard: Add up to 3 ""Harpie"" cards with different names from your Deck to your hand. You can only activate 1 ""Hysteric Sign"" effect per turn, and only once that turn.",0.2,0.81,5.49,0.49,,1st Edition,
68154,Ice Beast Zerofyne,Ice Beast Zerofyne,https://tcgplayer-cdn.tcgplayer.com/product/68154_200w.jpg,2,1112,https://cpt.tcgcsv.com/6hz,2013-05-20T19:28:53.283,1,LTGY-EN049,Rare,WATER,Xyz/Effect Monster,2000,2200,"2 Level 4 Winged Beast-Type monsters // Once per turn: You can detach 1 Xyz Material from this card; negate the effects of all face-up cards your opponent currently controls, and if you do, this card gains 300 ATK for each face-up card currently on the field, except this card (these effect are applied until your next Standby Phase).",0.21,0.85,2.97,0.75,,Unlimited,Winged Beast
68154,Ice Beast Zerofyne,Ice Beast Zerofyne,https://tcgplayer-cdn.tcgplayer.com/product/68154_200w.jpg,2,1112,https://cpt.tcgcsv.com/6hz,2013-05-20T19:28:53.283,1,LTGY-EN049,Rare,WATER,Xyz/Effect Monster,2000,2200,"2 Level 4 Winged Beast-Type monsters // Once per turn: You can detach 1 Xyz Material from this card; negate the effects of all face-up cards your opponent currently controls, and if you do, this card gains 300 ATK for each face-up card currently on the field, except this card (these effect are applied until your next Standby Phase).",0.27,0.75,3.0,0.69,,1st Edition,Winged Beast
68155,Jewels of the Valiant,Jewels of the Valiant,https://tcgplayer-cdn.tcgplayer.com/product/68155_200w.jpg,2,1112,https://cpt.tcgcsv.com/7hz,2013-05-20T19:28:53.283,1,LTGY-EN067,Common,SPELL,Normal Spell,0,0,"If exactly 1 monster is banished from your Graveyard (and no other card are banished at the same time), except during the Damage Step: You can send, from your Deck to the Graveyard, 1 monster that has a different Attribute from that banished monster. You can only use the effect of ""Jewels of the Valiant"" once per turn.",0.05,0.22,1.36,0.12,,Unlimited,
68155,Jewels of the Valiant,Jewels of the Valiant,https://tcgplayer-cdn.tcgplayer.com/product/68155_200w.jpg,2,1112,https://cpt.tcgcsv.com/7hz,2013-05-20T19:28:53.283,1,LTGY-EN067,Common,SPELL,Normal Spell,0,0,"If exactly 1 monster is banished from your Graveyard (and no other card are banished at the same time), except during the Damage Step: You can send, from your Deck to the Graveyard, 1 monster that has a different Attribute from that banished monster. You can only use the effect of ""Jewels of the Valiant"" once per turn.",0.01,0.25,1.36,0.2,,1st Edition,
68156,King of the Feral Imps,King of the Feral Imps,https://tcgplayer-cdn.tcgplayer.com/product/68156_200w.jpg,2,1112,https://cpt.tcgcsv.com/8hz,2013-05-20T19:28:53.283,1,LTGY-EN056,Common,DARK,Xyz/Effect Monster,2300,2000,2 Level 4 monsters // Once per turn: You can detach 1 Xyz Material from this card; add 1 Reptile-Type monster from your Deck to your hand.,0.1,0.55,3.99,0.55,,Unlimited,Reptile
68156,King of the Feral Imps,King of the Feral Imps,https://tcgplayer-cdn.tcgplayer.com/product/68156_200w.jpg,2,1112,https://cpt.tcgcsv.com/8hz,2013-05-20T19:28:53.283,1,LTGY-EN056,Common,DARK,Xyz/Effect Monster,2300,2000,2 Level 4 monsters // Once per turn: You can detach 1 Xyz Material from this card; add 1 Reptile-Type monster from your Deck to your hand.,0.24,0.71,4.99,0.66,,1st Edition,Reptile
68157,Legendary Atlantean Tridon,Legendary Atlantean Tridon,https://tcgplayer-cdn.tcgplayer.com/product/68157_200w.jpg,2,1112,https://cpt.tcgcsv.com/9hz,2013-05-20T19:28:53.283,1,LTGY-EN033,Common,WATER,Effect Monster,1600,800,"You can Tribute this card and 1 Sea Serpent-Type monster; Special Summon 1 ""Poseidra, the Atlantean Dragon"" from your hand or Deck, then all monsters your opponent currently controls lose 300 ATK.",0.07,0.21,1.39,0.17,,Unlimited,Sea Serpent
68157,Legendary Atlantean Tridon,Legendary Atlantean Tridon,https://tcgplayer-cdn.tcgplayer.com/product/68157_200w.jpg,2,1112,https://cpt.tcgcsv.com/9hz,2013-05-20T19:28:53.283,1,LTGY-EN033,Common,WATER,Effect Monster,1600,800,"You can Tribute this card and 1 Sea Serpent-Type monster; Special Summon 1 ""Poseidra, the Atlantean Dragon"" from your hand or Deck, then all monsters your opponent currently controls lose 300 ATK.",0.09,0.25,1.7,0.22,,1st Edition,Sea Serpent
68158,"Lightning, Dragon Ruler of Drafts",Lightning Dragon Ruler of Drafts,https://tcgplayer-cdn.tcgplayer.com/product/68158_200w.jpg,2,1112,https://cpt.tcgcsv.com/bhz,2013-05-20T19:28:53.283,1,LTGY-EN098,Common,WIND,Effect Monster,500,1800,"You can discard this card AND 1 Dragon-Type or WIND monster; Special Summon 1 ""Tempest, Dragon Ruler of Storms"" from your Deck. It cannot attack this turn. You can only use the effect of ""Lightning, Dragon Ruler of Drafts"" once per turn.",0.14,1.0,4.99,1.3,,Unlimited,Dragon
68158,"Lightning, Dragon Ruler of Drafts",Lightning Dragon Ruler of Drafts,https://tcgplayer-cdn.tcgplayer.com/product/68158_200w.jpg,2,1112,https://cpt.tcgcsv.com/bhz,2013-05-20T19:28:53.283,1,LTGY-EN098,Common,WIND,Effect Monster,500,1800,"You can discard this card AND 1 Dragon-Type or WIND monster; Special Summon 1 ""Tempest, Dragon Ruler of Storms"" from your Deck. It cannot attack this turn. You can only use the effect of ""Lightning, Dragon Ruler of Drafts"" once per turn.",0.04,1.05,6.99,1.3,,1st Edition,Dragon
68159,Little Fairy,Little Fairy,https://tcgplayer-cdn.tcgplayer.com/product/68159_200w.jpg,2,1112,https://cpt.tcgcsv.com/chz,2013-05-20T19:28:53.283,1,LTGY-EN006,Common,LIGHT,Effect Monster,800,800,Up to twice per turn: You can send 1 card from your hand to the Graveyard; increase this card's Level by 1.,0.05,0.22,1.38,0.14,,Unlimited,Fairy
68159,Little Fairy,Little Fairy,https://tcgplayer-cdn.tcgplayer.com/product/68159_200w.jpg,2,1112,https://cpt.tcgcsv.com/chz,2013-05-20T19:28:53.283,1,LTGY-EN006,Common,LIGHT,Effect Monster,800,800,Up to twice per turn: You can send 1 card from your hand to the Graveyard; increase this card's Level by 1.,0.1,0.25,6.1,0.3,,1st Edition,Fairy
68160,Madolche Hootcake,Madolche Hootcake,https://tcgplayer-cdn.tcgplayer.com/product/68160_200w.jpg,2,1112,https://cpt.tcgcsv.com/dhz,2013-05-20T19:28:53.283,1,LTGY-EN032,Super Rare,EARTH,Effect Monster,1500,1100,"When this card in your possession is destroyed by your opponent's card (either by battle or by card effect) and sent to your Graveyard: Shuffle this card into the Deck. You can target 1 monster in your Graveyard; banish it, and if you do, Special Summon 1 ""Madolche"" monster from your Deck, except ""Madolche Hootcake"". You can only use this effect of ""Madolche Hootcake"" once per turn.",3.0,4.0,9.97,3.51,,Unlimited,Beast
68160,Madolche Hootcake,Madolche Hootcake,https://tcgplayer-cdn.tcgplayer.com/product/68160_200w.jpg,2,1112,https://cpt.tcgcsv.com/dhz,2013-05-20T19:28:53.283,1,LTGY-EN032,Super Rare,EARTH,Effect Monster,1500,1100,"When this card in your possession is destroyed by your opponent's card (either by battle or by card effect) and sent to your Graveyard: Shuffle this card into the Deck. You can target 1 monster in your Graveyard; banish it, and if you do, Special Summon 1 ""Madolche"" monster from your Deck, except ""Madolche Hootcake"". You can only use this effect of ""Madolche Hootcake"" once per turn.",3.63,5.0,11.0,5.04,,1st Edition,Beast
68161,Madolche Nights,Madolche Nights,https://tcgplayer-cdn.tcgplayer.com/product/68161_200w.jpg,2,1112,https://cpt.tcgcsv.com/fhz,2021-07-27T12:08:41.317,1,LTGY-EN076,Super Rare,TRAP,Normal Trap,0,0,"When a monster effect is activated, if you have no monsters in your Graveyard: Negate the activation, then if you control ""Madolche Puddingcess"", shuffle 1 random card from your opponent's hand into the Deck.",0.16,0.5,3.13,0.36,,Unlimited,
68161,Madolche Nights,Madolche Nights,https://tcgplayer-cdn.tcgplayer.com/product/68161_200w.jpg,2,1112,https://cpt.tcgcsv.com/fhz,2021-07-27T12:08:41.317,1,LTGY-EN076,Super Rare,TRAP,Normal Trap,0,0,"When a monster effect is activated, if you have no monsters in your Graveyard: Negate the activation, then if you control ""Madolche Puddingcess"", shuffle 1 random card from your opponent's hand into the Deck.",0.25,0.78,2.97,0.61,,1st Edition,
68162,Magnum Shield,Magnum Shield,https://tcgplayer-cdn.tcgplayer.com/product/68162_200w.jpg,2,1112,https://cpt.tcgcsv.com/ghz,2013-05-20T19:28:53.283,1,LTGY-EN058,Common,SPELL,Normal Spell,0,0,"Equip only to a Warrior-Type monster. Apply this effect, depending on its battle position. // * Attack Position: It gains ATK equal to its original DEF. // * Defense Position: It gains DEF equal to its original ATK.",0.25,0.35,1.98,0.35,,Unlimited,
68162,Magnum Shield,Magnum Shield,https://tcgplayer-cdn.tcgplayer.com/product/68162_200w.jpg,2,1112,https://cpt.tcgcsv.com/ghz,2013-05-20T19:28:53.283,1,LTGY-EN058,Common,SPELL,Normal Spell,0,0,"Equip only to a Warrior-Type monster. Apply this effect, depending on its battle position. // * Attack Position: It gains ATK equal to its original DEF. // * Defense Position: It gains DEF equal to its original ATK.",0.2,0.41,1.0,0.4,,1st Edition,
68163,Mecha Phantom Beast Blackfalcon,Mecha Phantom Beast Blackfalcon,https://tcgplayer-cdn.tcgplayer.com/product/68163_200w.jpg,2,1112,https://cpt.tcgcsv.com/hhz,2013-05-20T19:28:53.283,1,LTGY-EN023,Common,WIND,Effect Monster,1200,1700,"When this card declares an attack: Special Summon 1 ""Mecha Phantom Beast Token"" (Machine-Type/WIND/Level 3/ATK 0/DEF 0). This card's Level is increased by the total Levels of all ""Mecha Phantom Beast Tokens"" you control. While you control a Token, this card cannot be destroyed by battle or by card effects. Once per turn, during either player's turn: You can Tribute 1 Token, then target 1 monster your opponent controls; change that target to face-up Defense Position.",0.09,0.22,1.49,0.15,,Unlimited,Machine
68163,Mecha Phantom Beast Blackfalcon,Mecha Phantom Beast Blackfalcon,https://tcgplayer-cdn.tcgplayer.com/product/68163_200w.jpg,2,1112,https://cpt.tcgcsv.com/hhz,2013-05-20T19:28:53.283,1,LTGY-EN023,Common,WIND,Effect Monster,1200,1700,"When this card declares an attack: Special Summon 1 ""Mecha Phantom Beast Token"" (Machine-Type/WIND/Level 3/ATK 0/DEF 0). This card's Level is increased by the total Levels of all ""Mecha Phantom Beast Tokens"" you control. While you control a Token, this card cannot be destroyed by battle or by card effects. Once per turn, during either player's turn: You can Tribute 1 Token, then target 1 monster your opponent controls; change that target to face-up Defense Position.",0.06,0.25,1.49,0.12,,1st Edition,Machine
68164,Mecha Phantom Beast Dracossack,Mecha Phantom Beast Dracossack,https://tcgplayer-cdn.tcgplayer.com/product/68164_200w.jpg,2,1112,https://cpt.tcgcsv.com/jhz,2013-05-20T19:28:53.283,1,LTGY-EN053,Secret Rare,WIND,Xyz/Effect Monster,2600,2200,"2 Level 7 monsters // Once per turn: You can detach 1 Xyz Material from this card; Special Summon 2 ""Mecha Phantom Beast Tokens"" (Machine-Type/WIND/Level 3/ATK 0/DEF 0). While you control a Token, this card cannot be destroyed by battle or by card effects. Once per turn: You can Tribute 1 ""Mech Phantom Beast"" monster, then target 1 card on the field; destroy that target. This card cannot attack during the turn your activate this effect.",2.98,5.08,29.99,5.05,,Unlimited,Machine
68164,Mecha Phantom Beast Dracossack,Mecha Phantom Beast Dracossack,https://tcgplayer-cdn.tcgplayer.com/product/68164_200w.jpg,2,1112,https://cpt.tcgcsv.com/jhz,2013-05-20T19:28:53.283,1,LTGY-EN053,Secret Rare,WIND,Xyz/Effect Monster,2600,2200,"2 Level 7 monsters // Once per turn: You can detach 1 Xyz Material from this card; Special Summon 2 ""Mecha Phantom Beast Tokens"" (Machine-Type/WIND/Level 3/ATK 0/DEF 0). While you control a Token, this card cannot be destroyed by battle or by card effects. Once per turn: You can Tribute 1 ""Mech Phantom Beast"" monster, then target 1 card on the field; destroy that target. This card cannot attack during the turn your activate this effect.",7.5,13.26,54.99,12.93,,1st Edition,Machine
68165,Mecha Phantom Beast Hamstrat,Mecha Phantom Beast Hamstrat,https://tcgplayer-cdn.tcgplayer.com/product/68165_200w.jpg,2,1112,https://cpt.tcgcsv.com/khz,2013-05-20T19:28:53.283,1,LTGY-EN025,Ultra Rare,WIND,Effect Monster,1100,1600,"When this card is flipped face-up: Special Summon 2 ""Mecha Phantom Beast Tokens"" (Machine-Type/WIND/Level 3/ATK 0/DEF 0). This card's Level is increased by the total Levels of all ""Mecha Phantom Beast Tokens"" you control. While you control a Token; this card cannot be destroyed by battle or card effects. You can Tribute 1 Token; then target 1 ""Mecha Phantom Beast"" monster in your Graveyard; Special Summon that target. You can only use this effect of ""Mecha Phantom Beast Hamstrat"" once per turn.",0.18,0.49,1.97,0.33,,Unlimited,Machine
68165,Mecha Phantom Beast Hamstrat,Mecha Phantom Beast Hamstrat,https://tcgplayer-cdn.tcgplayer.com/product/68165_200w.jpg,2,1112,https://cpt.tcgcsv.com/khz,2013-05-20T19:28:53.283,1,LTGY-EN025,Ultra Rare,WIND,Effect Monster,1100,1600,"When this card is flipped face-up: Special Summon 2 ""Mecha Phantom Beast Tokens"" (Machine-Type/WIND/Level 3/ATK 0/DEF 0). This card's Level is increased by the total Levels of all ""Mecha Phantom Beast Tokens"" you control. While you control a Token; this card cannot be destroyed by battle or card effects. You can Tribute 1 Token; then target 1 ""Mecha Phantom Beast"" monster in your Graveyard; Special Summon that target. You can only use this effect of ""Mecha Phantom Beast Hamstrat"" once per turn.",0.24,0.54,1.98,0.31,,1st Edition,Machine
68166,Mecha Phantom Beast Hamstrat (UTR),Mecha Phantom Beast Hamstrat UTR,https://tcgplayer-cdn.tcgplayer.com/product/68166_200w.jpg,2,1112,https://cpt.tcgcsv.com/lhz,2015-11-23T20:24:13.527,1,LTGY-EN025,Ultimate Rare,WIND,Effect Monster,1100,1600,"When this card is flipped face-up: Special Summon 2 ""Mecha Phantom Beast Tokens"" (Machine-Type/WIND/Level 3/ATK 0/DEF 0). This card's Level is increased by the total Levels of all ""Mecha Phantom Beast Tokens"" you control. While you control a Token; this card cannot be destroyed by battle or card effects. You can Tribute 1 Token; then target 1 ""Mecha Phantom Beast"" monster in your Graveyard; Special Summon that target. You can only use this effect of ""Mecha Phantom Beast Hamstrat"" once per turn.",0.95,2.38,13.0,1.42,,Unlimited,Machine
68166,Mecha Phantom Beast Hamstrat (UTR),Mecha Phantom Beast Hamstrat UTR,https://tcgplayer-cdn.tcgplayer.com/product/68166_200w.jpg,2,1112,https://cpt.tcgcsv.com/lhz,2015-11-23T20:24:13.527,1,LTGY-EN025,Ultimate Rare,WIND,Effect Monster,1100,1600,"When this card is flipped face-up: Special Summon 2 ""Mecha Phantom Beast Tokens"" (Machine-Type/WIND/Level 3/ATK 0/DEF 0). This card's Level is increased by the total Levels of all ""Mecha Phantom Beast Tokens"" you control. While you control a Token; this card cannot be destroyed by battle or card effects. You can Tribute 1 Token; then target 1 ""Mecha Phantom Beast"" monster in your Graveyard; Special Summon that target. You can only use this effect of ""Mecha Phantom Beast Hamstrat"" once per turn.",1.0,3.0,14.74,2.31,,1st Edition,Machine
68167,Mecha Phantom Beast Megaraptor,Mecha Phantom Beast Megaraptor,https://tcgplayer-cdn.tcgplayer.com/product/68167_200w.jpg,2,1112,https://cpt.tcgcsv.com/mhz,2013-05-20T19:28:53.283,1,LTGY-EN021,Super Rare,WIND,Effect Monster,1900,1000,"When a Token(s) is Special Summoned to your side of the field: Special Summon 1 ""Mecha Phantom Beast Token"" (Machine-Type/WIND/Level 3/ATK 0/DEF 0). You can only use this effect of ""Mecha Phantom Beast Megaraptor"" once per turn. This card's Level is increased by the total Levels of all ""Mecha Phantom Beast Tokens"" you control. While you control a Token, this card cannot be destroyed by battle or card effects. Once per turn: You can Tribute 1 Token; add 1 ""Mecha Phantom Beast"" monster from your Deck to your hand.",0.4,0.86,1.67,0.63,,Unlimited,Machine
68167,Mecha Phantom Beast Megaraptor,Mecha Phantom Beast Megaraptor,https://tcgplayer-cdn.tcgplayer.com/product/68167_200w.jpg,2,1112,https://cpt.tcgcsv.com/mhz,2013-05-20T19:28:53.283,1,LTGY-EN021,Super Rare,WIND,Effect Monster,1900,1000,"When a Token(s) is Special Summoned to your side of the field: Special Summon 1 ""Mecha Phantom Beast Token"" (Machine-Type/WIND/Level 3/ATK 0/DEF 0). You can only use this effect of ""Mecha Phantom Beast Megaraptor"" once per turn. This card's Level is increased by the total Levels of all ""Mecha Phantom Beast Tokens"" you control. While you control a Token, this card cannot be destroyed by battle or card effects. Once per turn: You can Tribute 1 Token; add 1 ""Mecha Phantom Beast"" monster from your Deck to your hand.",0.39,0.75,1.73,0.64,,1st Edition,Machine
68168,Mecha Phantom Beast Stealthray,Mecha Phantom Beast Stealthray,https://tcgplayer-cdn.tcgplayer.com/product/68168_200w.jpg,2,1112,https://cpt.tcgcsv.com/nhz,2013-05-20T19:28:53.283,1,LTGY-EN024,Common,WIND,Effect Monster,100,2100,"When this card inflicts battle damage to your opponent: Special Summon 1 ""Mecha Phantom Beast Token"" (Machine-Type/WIND/Level 3/ATK 0/DEF 0). This card's Level is increased by the total Levels of all ""Mecha Phantom Beast Tokens"" you control. While you control a Token, this card cannot be destroyed by battle or card effects. Once per turn: You can Tribute 1 Token, then target 1 Spell/Trap Card on the field; destroy that target.",0.05,0.22,1.49,0.17,,Unlimited,Machine
68168,Mecha Phantom Beast Stealthray,Mecha Phantom Beast Stealthray,https://tcgplayer-cdn.tcgplayer.com/product/68168_200w.jpg,2,1112,https://cpt.tcgcsv.com/nhz,2013-05-20T19:28:53.283,1,LTGY-EN024,Common,WIND,Effect Monster,100,2100,"When this card inflicts battle damage to your opponent: Special Summon 1 ""Mecha Phantom Beast Token"" (Machine-Type/WIND/Level 3/ATK 0/DEF 0). This card's Level is increased by the total Levels of all ""Mecha Phantom Beast Tokens"" you control. While you control a Token, this card cannot be destroyed by battle or card effects. Once per turn: You can Tribute 1 Token, then target 1 Spell/Trap Card on the field; destroy that target.",0.03,0.23,1.37,0.21,,1st Edition,Machine
68169,Mecha Phantom Beast Tetherwolf,Mecha Phantom Beast Tetherwolf,https://tcgplayer-cdn.tcgplayer.com/product/68169_200w.jpg,2,1112,https://cpt.tcgcsv.com/phz,2013-05-20T19:28:53.283,1,LTGY-EN022,Rare,WIND,Effect Monster,1700,1200,"When this card is Normal Summoned: Special Summon 1 ""Mecha Phantom Beast Token"" (Machine-Type/WIND/Level 3/ATK 0/DEF 0). This card's Level is increased by the total Levels of all ""Mecha Phantom Beast Tokens"" you control. While you control a Token, this card cannot be destroyed by battle or card effects. During the Damage Step of either player's turn, if this card battles any opponent's monster: You can Tribute 1 Token once per battle; this card gains 800 ATK, until the End Phase.",0.01,0.33,6.45,0.32,,Unlimited,Machine
68169,Mecha Phantom Beast Tetherwolf,Mecha Phantom Beast Tetherwolf,https://tcgplayer-cdn.tcgplayer.com/product/68169_200w.jpg,2,1112,https://cpt.tcgcsv.com/phz,2013-05-20T19:28:53.283,1,LTGY-EN022,Rare,WIND,Effect Monster,1700,1200,"When this card is Normal Summoned: Special Summon 1 ""Mecha Phantom Beast Token"" (Machine-Type/WIND/Level 3/ATK 0/DEF 0). This card's Level is increased by the total Levels of all ""Mecha Phantom Beast Tokens"" you control. While you control a Token, this card cannot be destroyed by battle or card effects. During the Damage Step of either player's turn, if this card battles any opponent's monster: You can Tribute 1 Token once per battle; this card gains 800 ATK, until the End Phase.",0.02,0.3,1.42,0.28,,1st Edition,Machine
68170,Mecha Phantom Beast Turtletracer,Mecha Phantom Beast Turtletracer,https://tcgplayer-cdn.tcgplayer.com/product/68170_200w.jpg,2,1112,https://cpt.tcgcsv.com/qhz,2013-05-20T19:28:53.283,1,LTGY-EN000,Super Rare,WIND,Effect Monster,500,2000,"This card's Level is increased by the total Levels of all ""Mecha Phantom Beast Tokens"" you control. While you control a Token, this card cannot be destroyed by battle or card effects. Each turn, the first ""Mecha Phantom Beast Token"" you control that would be destroyed by battle, is not destroyed.",0.09,0.25,1.41,0.14,,Unlimited,Machine
68170,Mecha Phantom Beast Turtletracer,Mecha Phantom Beast Turtletracer,https://tcgplayer-cdn.tcgplayer.com/product/68170_200w.jpg,2,1112,https://cpt.tcgcsv.com/qhz,2013-05-20T19:28:53.283,1,LTGY-EN000,Super Rare,WIND,Effect Monster,500,2000,"This card's Level is increased by the total Levels of all ""Mecha Phantom Beast Tokens"" you control. While you control a Token, this card cannot be destroyed by battle or card effects. Each turn, the first ""Mecha Phantom Beast Token"" you control that would be destroyed by battle, is not destroyed.",0.1,0.28,1.41,0.13,,1st Edition,Machine
68171,Memory Loss,Memory Loss,https://tcgplayer-cdn.tcgplayer.com/product/68171_200w.jpg,2,1112,https://cpt.tcgcsv.com/rhz,2013-05-20T19:28:53.283,1,LTGY-EN070,Common,TRAP,Normal Trap,0,0,"When a face-up Attack Position monster your opponent controls just activated an effect: Negate that effect, and if you do, change that monster to face-up Defense Position.",0.03,0.22,1.49,0.05,,Unlimited,
68171,Memory Loss,Memory Loss,https://tcgplayer-cdn.tcgplayer.com/product/68171_200w.jpg,2,1112,https://cpt.tcgcsv.com/rhz,2013-05-20T19:28:53.283,1,LTGY-EN070,Common,TRAP,Normal Trap,0,0,"When a face-up Attack Position monster your opponent controls just activated an effect: Negate that effect, and if you do, change that monster to face-up Defense Position.",0.01,0.25,1.49,0.24,,1st Edition,
68172,Mermail Abyssbalaen,Mermail Abyssbalaen,https://tcgplayer-cdn.tcgplayer.com/product/68172_200w.jpg,2,1112,https://cpt.tcgcsv.com/shz,2013-05-20T19:28:53.283,1,LTGY-EN083,Ultra Rare,WATER,Effect Monster,2500,2000,"You can discard 4 other ""Mermail"" monsters to the Graveyard; Special Summon this card from your hand. When you do: Target cards your opponent controls, up to the number of ""Mermail"" monsters in your Graveyard (if possible); this card gains 500 ATK, and if it does, destroy thos targets (if any). You can Tribute 1 other face-up Attack Position ""Mermail"" monster; this card gains the following effect this turn. // * At the start of the Damage Step, if this card battles a Defense Position monster. Destroy that monster.",0.25,0.5,1.55,0.41,,Unlimited,Aqua
68172,Mermail Abyssbalaen,Mermail Abyssbalaen,https://tcgplayer-cdn.tcgplayer.com/product/68172_200w.jpg,2,1112,https://cpt.tcgcsv.com/shz,2013-05-20T19:28:53.283,1,LTGY-EN083,Ultra Rare,WATER,Effect Monster,2500,2000,"You can discard 4 other ""Mermail"" monsters to the Graveyard; Special Summon this card from your hand. When you do: Target cards your opponent controls, up to the number of ""Mermail"" monsters in your Graveyard (if possible); this card gains 500 ATK, and if it does, destroy thos targets (if any). You can Tribute 1 other face-up Attack Position ""Mermail"" monster; this card gains the following effect this turn. // * At the start of the Damage Step, if this card battles a Defense Position monster. Destroy that monster.",0.17,0.44,1.55,0.33,,1st Edition,Aqua
68173,Mermail Abyssbalaen (UTR),Mermail Abyssbalaen UTR,https://tcgplayer-cdn.tcgplayer.com/product/68173_200w.jpg,2,1112,https://cpt.tcgcsv.com/thz,2015-11-23T20:25:12.663,1,LTGY-EN083,Ultimate Rare,WATER,Effect Monster,2500,2000,"You can discard 4 other ""Mermail"" monsters to the Graveyard; Special Summon this card from your hand. When you do: Target cards your opponent controls, up to the number of ""Mermail"" monsters in your Graveyard (if possible); this card gains 500 ATK, and if it does, destroy thos targets (if any). You can Tribute 1 other face-up Attack Position ""Mermail"" monster; this card gains the following effect this turn. // * At the start of the Damage Step, if this card battles a Defense Position monster. Destroy that monster.",1.6,2.74,7.9,2.44,,Unlimited,Aqua
68173,Mermail Abyssbalaen (UTR),Mermail Abyssbalaen UTR,https://tcgplayer-cdn.tcgplayer.com/product/68173_200w.jpg,2,1112,https://cpt.tcgcsv.com/thz,2015-11-23T20:25:12.663,1,LTGY-EN083,Ultimate Rare,WATER,Effect Monster,2500,2000,"You can discard 4 other ""Mermail"" monsters to the Graveyard; Special Summon this card from your hand. When you do: Target cards your opponent controls, up to the number of ""Mermail"" monsters in your Graveyard (if possible); this card gains 500 ATK, and if it does, destroy thos targets (if any). You can Tribute 1 other face-up Attack Position ""Mermail"" monster; this card gains the following effect this turn. // * At the start of the Damage Step, if this card battles a Defense Position monster. Destroy that monster.",1.5,3.5,12.99,3.22,,1st Edition,Aqua
68174,Mermail Abyssocea,Mermail Abyssocea,https://tcgplayer-cdn.tcgplayer.com/product/68174_200w.jpg,2,1112,https://cpt.tcgcsv.com/vhz,2019-12-27T13:24:59.11,1,LTGY-EN030,Common,WATER,Effect Monster,1100,1900,"You can target 1 ""Mermail"" monster you control; Special Summon any number of Level 4 or lower ""Mermail"" monsters from your Deck whose combined Levels are less than or equal to the Level of that monster, then send that monster to the Graveyard. You can only use the effect of ""Mermail Abyssocea"" once per turn.",0.14,0.26,1.49,0.26,,Unlimited,Aqua
68174,Mermail Abyssocea,Mermail Abyssocea,https://tcgplayer-cdn.tcgplayer.com/product/68174_200w.jpg,2,1112,https://cpt.tcgcsv.com/vhz,2019-12-27T13:24:59.11,1,LTGY-EN030,Common,WATER,Effect Monster,1100,1900,"You can target 1 ""Mermail"" monster you control; Special Summon any number of Level 4 or lower ""Mermail"" monsters from your Deck whose combined Levels are less than or equal to the Level of that monster, then send that monster to the Graveyard. You can only use the effect of ""Mermail Abyssocea"" once per turn.",0.09,0.25,1.95,0.21,,1st Edition,Aqua
68175,Mimimic,Mimimic,https://tcgplayer-cdn.tcgplayer.com/product/68175_200w.jpg,2,1112,https://cpt.tcgcsv.com/whz,2013-05-20T19:28:53.283,1,LTGY-EN003,Common,EARTH,Effect Monster,300,300,"If your opponent controls a monster and you control a Level 3 monster, you can Special Summon this card (from your hand). You can only Special Summon ""Mimimic"" once per turn this way.",0.01,0.2,1.49,0.09,,Unlimited,Machine
68175,Mimimic,Mimimic,https://tcgplayer-cdn.tcgplayer.com/product/68175_200w.jpg,2,1112,https://cpt.tcgcsv.com/whz,2013-05-20T19:28:53.283,1,LTGY-EN003,Common,EARTH,Effect Monster,300,300,"If your opponent controls a monster and you control a Level 3 monster, you can Special Summon this card (from your hand). You can only Special Summon ""Mimimic"" once per turn this way.",0.01,0.2,1.38,0.11,,1st Edition,Machine
68176,Mind Drain,Mind Drain,https://tcgplayer-cdn.tcgplayer.com/product/68176_200w.jpg,2,1112,https://cpt.tcgcsv.com/xhz,2013-05-20T19:28:53.283,1,LTGY-EN079,Common,TRAP,Normal Trap,0,0,Activate this card by paying 1000 Life Points: Effects of monster in the hand cannot be activated.,0.05,0.33,2.46,0.32,,Unlimited,
68176,Mind Drain,Mind Drain,https://tcgplayer-cdn.tcgplayer.com/product/68176_200w.jpg,2,1112,https://cpt.tcgcsv.com/xhz,2013-05-20T19:28:53.283,1,LTGY-EN079,Common,TRAP,Normal Trap,0,0,Activate this card by paying 1000 Life Points: Effects of monster in the hand cannot be activated.,0.08,0.49,2.46,0.45,,1st Edition,
68177,Noble Arms of Destiny,Noble Arms of Destiny,https://tcgplayer-cdn.tcgplayer.com/product/68177_200w.jpg,2,1112,https://cpt.tcgcsv.com/zhz,2013-05-20T19:28:53.283,1,LTGY-EN087,Super Rare,SPELL,Normal Spell,0,0,"You can only control 1 face-up “Noble Arms of Destiny”. Equip only to a Warrior-Type monster. Once per turn, the equipped monster cannot be destroyed by battle or by card effects. If this face-up card on the field is destroyed and sent to the Graveyard: You can target 1 Warrior-Type “Noble Knight” monster you control; equip this card to that target. You can only use this effect of “Noble Arms of Destiny” once per turn.",0.25,1.09,6.2,0.99,,Unlimited,
68177,Noble Arms of Destiny,Noble Arms of Destiny,https://tcgplayer-cdn.tcgplayer.com/product/68177_200w.jpg,2,1112,https://cpt.tcgcsv.com/zhz,2013-05-20T19:28:53.283,1,LTGY-EN087,Super Rare,SPELL,Normal Spell,0,0,"You can only control 1 face-up “Noble Arms of Destiny”. Equip only to a Warrior-Type monster. Once per turn, the equipped monster cannot be destroyed by battle or by card effects. If this face-up card on the field is destroyed and sent to the Graveyard: You can target 1 Warrior-Type “Noble Knight” monster you control; equip this card to that target. You can only use this effect of “Noble Arms of Destiny” once per turn.",0.33,1.25,5.0,1.23,,1st Edition,
68178,Noble Knight Gwalchavad,Noble Knight Gwalchavad,https://tcgplayer-cdn.tcgplayer.com/product/68178_200w.jpg,2,1112,https://cpt.tcgcsv.com/Bhz,2013-05-20T19:28:53.283,1,LTGY-EN081,Ultra Rare,LIGHT,Effect Monster,1500,1800,"This card is treated as a Normal Monster while face-up on the field. While equipped with a “Noble Arms” Equip Spell Card, this card becomes an Effect Monster with this effect. // * You can target 1 “Noble Knight” monster in your Graveyard; add it to your hand, and if you do, destroy 1 “Noble Arms” Equip Spell Card you control. You can only use this effect of “Noble Knight Gwalchavad” once per turn.",0.33,0.59,1.98,0.6,,Unlimited,Warrior
68178,Noble Knight Gwalchavad,Noble Knight Gwalchavad,https://tcgplayer-cdn.tcgplayer.com/product/68178_200w.jpg,2,1112,https://cpt.tcgcsv.com/Bhz,2013-05-20T19:28:53.283,1,LTGY-EN081,Ultra Rare,LIGHT,Effect Monster,1500,1800,"This card is treated as a Normal Monster while face-up on the field. While equipped with a “Noble Arms” Equip Spell Card, this card becomes an Effect Monster with this effect. // * You can target 1 “Noble Knight” monster in your Graveyard; add it to your hand, and if you do, destroy 1 “Noble Arms” Equip Spell Card you control. You can only use this effect of “Noble Knight Gwalchavad” once per turn.",0.35,0.84,2.01,0.8,,1st Edition,Warrior
68179,Noble Knight Gwalchavad (UTR),Noble Knight Gwalchavad UTR,https://tcgplayer-cdn.tcgplayer.com/product/68179_200w.jpg,2,1112,https://cpt.tcgcsv.com/Chz,2015-11-23T20:25:44.87,1,LTGY-EN081,Ultimate Rare,LIGHT,Effect Monster,1500,1800,"This card is treated as a Normal Monster while face-up on the field. While equipped with a “Noble Arms” Equip Spell Card, this card becomes an Effect Monster with this effect. // * You can target 1 “Noble Knight” monster in your Graveyard; add it to your hand, and if you do, destroy 1 “Noble Arms” Equip Spell Card you control. You can only use this effect of “Noble Knight Gwalchavad” once per turn.",1.7,2.47,8.99,2.02,,Unlimited,Warrior
68179,Noble Knight Gwalchavad (UTR),Noble Knight Gwalchavad UTR,https://tcgplayer-cdn.tcgplayer.com/product/68179_200w.jpg,2,1112,https://cpt.tcgcsv.com/Chz,2015-11-23T20:25:44.87,1,LTGY-EN081,Ultimate Rare,LIGHT,Effect Monster,1500,1800,"This card is treated as a Normal Monster while face-up on the field. While equipped with a “Noble Arms” Equip Spell Card, this card becomes an Effect Monster with this effect. // * You can target 1 “Noble Knight” monster in your Graveyard; add it to your hand, and if you do, destroy 1 “Noble Arms” Equip Spell Card you control. You can only use this effect of “Noble Knight Gwalchavad” once per turn.",1.96,4.99,14.99,2.48,,1st Edition,Warrior
68180,Number 105: Battlin' Boxer Star Cestus,Number 105 Battlin Boxer Star Cestus,https://tcgplayer-cdn.tcgplayer.com/product/68180_200w.jpg,2,1112,https://cpt.tcgcsv.com/Dhz,2013-08-08T02:47:53.823,1,LTGY-EN051,Super Rare,FIRE,Xyz/Effect Monster,2500,1600,"3 Level 4 monsters
During either player's Battle Step, if a ""Battlin' Boxer"" monster you control battles an opponent's monster: You can detach 1 Xyz Material from this card; negate the effects of the opponent's monster until the end of the turn, that monster you control cannot be destroyed by that battle, also your opponent takes any battle damage you would have taken from that battle.",3.75,6.28,12.99,5.26,,Unlimited,Warior
68180,Number 105: Battlin' Boxer Star Cestus,Number 105 Battlin Boxer Star Cestus,https://tcgplayer-cdn.tcgplayer.com/product/68180_200w.jpg,2,1112,https://cpt.tcgcsv.com/Dhz,2013-08-08T02:47:53.823,1,LTGY-EN051,Super Rare,FIRE,Xyz/Effect Monster,2500,1600,"3 Level 4 monsters
During either player's Battle Step, if a ""Battlin' Boxer"" monster you control battles an opponent's monster: You can detach 1 Xyz Material from this card; negate the effects of the opponent's monster until the end of the turn, that monster you control cannot be destroyed by that battle, also your opponent takes any battle damage you would have taken from that battle.",5.14,7.39,17.13,7.13,,1st Edition,Warior
68181,Xyz Revenge,Xyz Revenge,https://tcgplayer-cdn.tcgplayer.com/product/68181_200w.jpg,2,1112,https://cpt.tcgcsv.com/Fhz,2013-05-20T19:28:53.283,1,LTGY-EN059,Rare,SPELL,Normal Spell,0,0,"If your opponent controls a face-up Xyz Monster that has Xyz Material: Target 1 Xyz monster in your Graveyard; Special Summon it, then detach 1 Xyz Material from a monster your opponent controls and attach it to that monster as an Xyz Material. You can only activate 1 ""Xyz Revenge"" per turn.",0.03,0.27,1.49,0.33,,Unlimited,
68181,Xyz Revenge,Xyz Revenge,https://tcgplayer-cdn.tcgplayer.com/product/68181_200w.jpg,2,1112,https://cpt.tcgcsv.com/Fhz,2013-05-20T19:28:53.283,1,LTGY-EN059,Rare,SPELL,Normal Spell,0,0,"If your opponent controls a face-up Xyz Monster that has Xyz Material: Target 1 Xyz monster in your Graveyard; Special Summon it, then detach 1 Xyz Material from a monster your opponent controls and attach it to that monster as an Xyz Material. You can only activate 1 ""Xyz Revenge"" per turn.",0.09,0.25,1.4,0.37,,1st Edition,
68182,Number 107: Galaxy-Eyes Tachyon Dragon,Number 107 Galaxy Eyes Tachyon Dragon,https://tcgplayer-cdn.tcgplayer.com/product/68182_200w.jpg,2,1112,https://cpt.tcgcsv.com/Ghz,2018-02-27T19:42:28.38,1,LTGY-EN044,Ultra Rare,LIGHT,Xyz/Effect Monster,3000,2500,"2 Level 8 monsters
<br>Once per Battle Phase, at the start of your Battle Phase: You can detach 1 Xyz Material from this card; negate the effects of all other face-up monsters currently on the field, also their ATK and DEF becomes their original ATK and DEF, and if you do any of these, during the Battle Phase this turn, each time an opponent's card effect resolves, this card gains 1000 ATK until the end of the Battle Phase, also, it can make a second attack during each Battle Phase this turn.",3.39,4.5,61.0,5.4,,Unlimited,Dragon
68182,Number 107: Galaxy-Eyes Tachyon Dragon,Number 107 Galaxy Eyes Tachyon Dragon,https://tcgplayer-cdn.tcgplayer.com/product/68182_200w.jpg,2,1112,https://cpt.tcgcsv.com/Ghz,2018-02-27T19:42:28.38,1,LTGY-EN044,Ultra Rare,LIGHT,Xyz/Effect Monster,3000,2500,"2 Level 8 monsters
<br>Once per Battle Phase, at the start of your Battle Phase: You can detach 1 Xyz Material from this card; negate the effects of all other face-up monsters currently on the field, also their ATK and DEF becomes their original ATK and DEF, and if you do any of these, during the Battle Phase this turn, each time an opponent's card effect resolves, this card gains 1000 ATK until the end of the Battle Phase, also, it can make a second attack during each Battle Phase this turn.",7.0,7.75,14.0,8.34,,1st Edition,Dragon
68183,Number 107: Galaxy-Eyes Tachyon Dragon (UTR),Number 107 Galaxy Eyes Tachyon Dragon UTR,https://tcgplayer-cdn.tcgplayer.com/product/68183_200w.jpg,2,1112,https://cpt.tcgcsv.com/Hhz,2018-02-27T19:41:45.023,1,LTGY-EN044,Ultimate Rare,LIGHT,Xyz/Effect Monster,3000,2500,"2 Level 8 monsters
<br>Once per Battle Phase, at the start of your Battle Phase: You can detach 1 Xyz Material from this card; negate the effects of all other face-up monsters currently on the field, also their ATK and DEF becomes their original ATK and DEF, and if you do any of these, during the Battle Phase this turn, each time an opponent's card effect resolves, this card gains 1000 ATK until the end of the Battle Phase, also, it can make a second attack during each Battle Phase this turn.",26.91,30.5,42.27,33.46,,Unlimited,Dragon
68183,Number 107: Galaxy-Eyes Tachyon Dragon (UTR),Number 107 Galaxy Eyes Tachyon Dragon UTR,https://tcgplayer-cdn.tcgplayer.com/product/68183_200w.jpg,2,1112,https://cpt.tcgcsv.com/Hhz,2018-02-27T19:41:45.023,1,LTGY-EN044,Ultimate Rare,LIGHT,Xyz/Effect Monster,3000,2500,"2 Level 8 monsters
<br>Once per Battle Phase, at the start of your Battle Phase: You can detach 1 Xyz Material from this card; negate the effects of all other face-up monsters currently on the field, also their ATK and DEF becomes their original ATK and DEF, and if you do any of these, during the Battle Phase this turn, each time an opponent's card effect resolves, this card gains 1000 ATK until the end of the Battle Phase, also, it can make a second attack during each Battle Phase this turn.",35.0,42.33,59.99,42.96,,1st Edition,Dragon
68184,Number 107: Galaxy-Eyes Tachyon Dragon (Ghost Rare),Number 107 Galaxy Eyes Tachyon Dragon Ghost Rare,https://tcgplayer-cdn.tcgplayer.com/product/68184_200w.jpg,2,1112,https://cpt.tcgcsv.com/Jhz,2022-05-09T20:17:55.81,1,LTGY-EN044,Ghost Rare,LIGHT,Xyz/Effect Monster,3000,2500,"2 Level 8 monsters
<br>Once per Battle Phase, at the start of your Battle Phase: You can detach 1 Xyz Material from this card; negate the effects of all other face-up monsters currently on the field, also their ATK and DEF becomes their original ATK and DEF, and if you do any of these, during the Battle Phase this turn, each time an opponent's card effect resolves, this card gains 1000 ATK until the end of the Battle Phase, also, it can make a second attack during each Battle Phase this turn.",47.74,56.98,69.99,60.51,,Unlimited,Dragon
68184,Number 107: Galaxy-Eyes Tachyon Dragon (Ghost Rare),Number 107 Galaxy Eyes Tachyon Dragon Ghost Rare,https://tcgplayer-cdn.tcgplayer.com/product/68184_200w.jpg,2,1112,https://cpt.tcgcsv.com/Jhz,2022-05-09T20:17:55.81,1,LTGY-EN044,Ghost Rare,LIGHT,Xyz/Effect Monster,3000,2500,"2 Level 8 monsters
<br>Once per Battle Phase, at the start of your Battle Phase: You can detach 1 Xyz Material from this card; negate the effects of all other face-up monsters currently on the field, also their ATK and DEF becomes their original ATK and DEF, and if you do any of these, during the Battle Phase this turn, each time an opponent's card effect resolves, this card gains 1000 ATK until the end of the Battle Phase, also, it can make a second attack during each Battle Phase this turn.",49.98,66.33,175.99,83.04,,1st Edition,Dragon
68185,Number 69: Heraldry Crest,Number 69 Heraldry Crest,https://tcgplayer-cdn.tcgplayer.com/product/68185_200w.jpg,2,1112,https://cpt.tcgcsv.com/Khz,2013-05-20T19:28:53.283,1,LTGY-EN092,Rare,LIGHT,Xyz/Effect Monster,2600,1400,"3 Level 4 monsters // When this card is Special Summoned: Negate the effects of all other face-up Xyz Monster currently on the field. You can target 1 other face-up Xyz Monster on the field; until the End Phase, this card's name and original effect become the same as that monster. You can only use this effect of ""Number 69: Heraldry Crest"" once per turn.",0.21,1.76,6.79,6.09,,Unlimited,Psychic
68185,Number 69: Heraldry Crest,Number 69 Heraldry Crest,https://tcgplayer-cdn.tcgplayer.com/product/68185_200w.jpg,2,1112,https://cpt.tcgcsv.com/Khz,2013-05-20T19:28:53.283,1,LTGY-EN092,Rare,LIGHT,Xyz/Effect Monster,2600,1400,"3 Level 4 monsters // When this card is Special Summoned: Negate the effects of all other face-up Xyz Monster currently on the field. You can target 1 other face-up Xyz Monster on the field; until the End Phase, this card's name and original effect become the same as that monster. You can only use this effect of ""Number 69: Heraldry Crest"" once per turn.",0.01,1.85,8.95,5.09,,1st Edition,Psychic
68186,Number C105: Battlin' Boxer Comet Cestus,Number C105 Battlin Boxer Comet Cestus,https://tcgplayer-cdn.tcgplayer.com/product/68186_200w.jpg,2,1112,https://cpt.tcgcsv.com/Lhz,2013-05-20T19:28:53.283,1,LTGY-EN052,Ultra Rare,FIRE,Xyz/Effect Monster,2800,2000,"4 Level 5 monsters // When this card destroys an opponent's monster by battle and sends it to the Graveyard: Inflict damage to your opponent equal to half the destroyed monster's original ATK. IF this card has ""Number 105: Battlin' Boxer Star Cestus"" as an Xyz Material, it gains this effect. // * Once per turn: You can detach 1 Xyz Material from this card, then target 1 monster your opponent controls; destroy it, and if you do, inflict damage to your opponent equal to the destroyed monster's ATK on the field.",0.5,1.5,3.37,1.58,,Unlimited,Warior
68186,Number C105: Battlin' Boxer Comet Cestus,Number C105 Battlin Boxer Comet Cestus,https://tcgplayer-cdn.tcgplayer.com/product/68186_200w.jpg,2,1112,https://cpt.tcgcsv.com/Lhz,2013-05-20T19:28:53.283,1,LTGY-EN052,Ultra Rare,FIRE,Xyz/Effect Monster,2800,2000,"4 Level 5 monsters // When this card destroys an opponent's monster by battle and sends it to the Graveyard: Inflict damage to your opponent equal to half the destroyed monster's original ATK. IF this card has ""Number 105: Battlin' Boxer Star Cestus"" as an Xyz Material, it gains this effect. // * Once per turn: You can detach 1 Xyz Material from this card, then target 1 monster your opponent controls; destroy it, and if you do, inflict damage to your opponent equal to the destroyed monster's ATK on the field.",1.17,2.16,15.0,2.01,,1st Edition,Warior
68187,Number C105: Battlin' Boxer Comet Cestus (UTR),Number C105 Battlin Boxer Comet Cestus UTR,https://tcgplayer-cdn.tcgplayer.com/product/68187_200w.jpg,2,1112,https://cpt.tcgcsv.com/Mhz,2015-11-23T20:26:32.297,1,LTGY-EN052,Ultimate Rare,FIRE,Xyz/Effect Monster,2800,2000,"4 Level 5 monsters 
<br>When this card destroys an opponent's monster by battle and sends it to the Graveyard: Inflict damage to your opponent equal to half the destroyed monster's original ATK. If this card has ""Number 105: Battlin' Boxer Star Cestus"" as an Xyz Material, it gains this effect. 
<Br>Once per turn: You can detach 1 Xyz Material from this card, then target 1 monster your opponent controls; destroy it, and if you do, inflict damage to your opponent equal to the destroyed monster's ATK on the field.",18.99,26.64,38.36,11.06,,Unlimited,Warior
68187,Number C105: Battlin' Boxer Comet Cestus (UTR),Number C105 Battlin Boxer Comet Cestus UTR,https://tcgplayer-cdn.tcgplayer.com/product/68187_200w.jpg,2,1112,https://cpt.tcgcsv.com/Mhz,2015-11-23T20:26:32.297,1,LTGY-EN052,Ultimate Rare,FIRE,Xyz/Effect Monster,2800,2000,"4 Level 5 monsters 
<br>When this card destroys an opponent's monster by battle and sends it to the Graveyard: Inflict damage to your opponent equal to half the destroyed monster's original ATK. If this card has ""Number 105: Battlin' Boxer Star Cestus"" as an Xyz Material, it gains this effect. 
<Br>Once per turn: You can detach 1 Xyz Material from this card, then target 1 monster your opponent controls; destroy it, and if you do, inflict damage to your opponent equal to the destroyed monster's ATK on the field.",30.93,33.15,39.49,14.75,,1st Edition,Warior
68188,Panther Shark,Panther Shark,https://tcgplayer-cdn.tcgplayer.com/product/68188_200w.jpg,2,1112,https://cpt.tcgcsv.com/Nhz,2013-05-20T19:28:53.283,1,LTGY-EN010,Common,WATER,Effect Monster,1100,2000,"If your opponent controls 2 or more monsters, you can Normal Summon this card without Tributing. If you control ""Eagle Shark"", you can Special Summon this card (from your hand). You can only control 1 ""Panther Shark"".",0.1,0.24,1.49,0.18,,Unlimited,Fish
68188,Panther Shark,Panther Shark,https://tcgplayer-cdn.tcgplayer.com/product/68188_200w.jpg,2,1112,https://cpt.tcgcsv.com/Nhz,2013-05-20T19:28:53.283,1,LTGY-EN010,Common,WATER,Effect Monster,1100,2000,"If your opponent controls 2 or more monsters, you can Normal Summon this card without Tributing. If you control ""Eagle Shark"", you can Special Summon this card (from your hand). You can only control 1 ""Panther Shark"".",0.05,0.23,1.0,0.2,,1st Edition,Fish
68189,"Parsec, the Interstellar Dragon",Parsec the Interstellar Dragon,https://tcgplayer-cdn.tcgplayer.com/product/68189_200w.jpg,2,1112,https://cpt.tcgcsv.com/Phz,2013-05-20T19:28:53.283,1,LTGY-EN015,Common,LIGHT,Effect Monster,800,800,"If you control a Level 8 monster, you can Normal Summon this card without Tributing.",0.16,0.3,1.98,0.25,,Unlimited,Dragon
68189,"Parsec, the Interstellar Dragon",Parsec the Interstellar Dragon,https://tcgplayer-cdn.tcgplayer.com/product/68189_200w.jpg,2,1112,https://cpt.tcgcsv.com/Phz,2013-05-20T19:28:53.283,1,LTGY-EN015,Common,LIGHT,Effect Monster,800,800,"If you control a Level 8 monster, you can Normal Summon this card without Tributing.",0.16,0.33,2.0,0.33,,1st Edition,Dragon
68190,Pinpoint Guard,Pinpoint Guard,https://tcgplayer-cdn.tcgplayer.com/product/68190_200w.jpg,2,1112,https://cpt.tcgcsv.com/Qhz,2013-05-20T19:28:53.283,1,LTGY-EN069,Secret Rare,TRAP,Normal Trap,0,0,When an opponent's monster declares an attack: Target 1 Level 4 or lower monster in your Graveyard; Special Summon it in face-up Defense Position. It cannot be destroyed by battle or by card effect this turn.,0.28,1.0,4.9,0.5,,Unlimited,
68190,Pinpoint Guard,Pinpoint Guard,https://tcgplayer-cdn.tcgplayer.com/product/68190_200w.jpg,2,1112,https://cpt.tcgcsv.com/Qhz,2013-05-20T19:28:53.283,1,LTGY-EN069,Secret Rare,TRAP,Normal Trap,0,0,When an opponent's monster declares an attack: Target 1 Level 4 or lower monster in your Graveyard; Special Summon it in face-up Defense Position. It cannot be destroyed by battle or by card effect this turn.,0.43,1.0,2.39,1.34,,1st Edition,
68191,"Radius, the Half-Moon Dragon",Radius the Half Moon Dragon,https://tcgplayer-cdn.tcgplayer.com/product/68191_200w.jpg,2,1112,https://cpt.tcgcsv.com/Rhz,2013-05-20T19:28:53.283,1,LTGY-EN014,Common,LIGHT,Effect Monster,1400,1200,"If your opponent controls a face-up Xyz Monster, you can Special Summon this card (from your hand). If you do, this card's Level becomes 8.",0.06,0.2,1.49,0.15,,Unlimited,Dragon
68191,"Radius, the Half-Moon Dragon",Radius the Half Moon Dragon,https://tcgplayer-cdn.tcgplayer.com/product/68191_200w.jpg,2,1112,https://cpt.tcgcsv.com/Rhz,2013-05-20T19:28:53.283,1,LTGY-EN014,Common,LIGHT,Effect Monster,1400,1200,"If your opponent controls a face-up Xyz Monster, you can Special Summon this card (from your hand). If you do, this card's Level becomes 8.",0.05,0.23,1.49,0.2,,1st Edition,Dragon
68192,Rank-Up-Magic Barian's Force,Rank Up Magic Barians Force,https://tcgplayer-cdn.tcgplayer.com/product/68192_200w.jpg,2,1112,https://cpt.tcgcsv.com/Shz,2013-05-20T19:28:53.283,1,LTGY-EN060,Ultra Rare,SPELL,Normal Spell,0,0,"Target 1 face-up Xyz Monster you control; Special Summon from your Extra Deck, 1 ""Number C"" or ""CXyz"" monster with the same Type as that monster you control but 1 Rank higher, by using it as the Xyz Material. (This Special Summon is treated as an Xyz Summon. Xyz Materials attached to that target also become Xyz Materials on the Summoned monster.) Then, if possible detach 1 Xyz Material from a monster your opponent control and attach it to the Summoned monster as an Xyz Material.",0.28,1.0,3.26,1.15,,Unlimited,
68192,Rank-Up-Magic Barian's Force,Rank Up Magic Barians Force,https://tcgplayer-cdn.tcgplayer.com/product/68192_200w.jpg,2,1112,https://cpt.tcgcsv.com/Shz,2013-05-20T19:28:53.283,1,LTGY-EN060,Ultra Rare,SPELL,Normal Spell,0,0,"Target 1 face-up Xyz Monster you control; Special Summon from your Extra Deck, 1 ""Number C"" or ""CXyz"" monster with the same Type as that monster you control but 1 Rank higher, by using it as the Xyz Material. (This Special Summon is treated as an Xyz Summon. Xyz Materials attached to that target also become Xyz Materials on the Summoned monster.) Then, if possible detach 1 Xyz Material from a monster your opponent control and attach it to the Summoned monster as an Xyz Material.",0.25,0.97,3.26,0.94,,1st Edition,
68193,Rank-Up-Magic Barian's Force (UTR),Rank Up Magic Barians Force UTR,https://tcgplayer-cdn.tcgplayer.com/product/68193_200w.jpg,2,1112,https://cpt.tcgcsv.com/Thz,2015-11-23T20:27:00.333,1,LTGY-EN060,Ultimate Rare,SPELL,Normal Spell,,,"Target 1 face-up Xyz Monster you control; Special Summon from your Extra Deck, 1 ""Number C"" or ""CXyz"" monster with the same Type as that monster you control but 1 Rank higher, by using it as the Xyz Material. (This Special Summon is treated as an Xyz Summon. Xyz Materials attached to that target also become Xyz Materials on the Summoned monster.) Then, if possible detach 1 Xyz Material from a monster your opponent control and attach it to the Summoned monster as an Xyz Material.",2.0,4.39,9.99,4.38,,Unlimited,
68193,Rank-Up-Magic Barian's Force (UTR),Rank Up Magic Barians Force UTR,https://tcgplayer-cdn.tcgplayer.com/product/68193_200w.jpg,2,1112,https://cpt.tcgcsv.com/Thz,2015-11-23T20:27:00.333,1,LTGY-EN060,Ultimate Rare,SPELL,Normal Spell,,,"Target 1 face-up Xyz Monster you control; Special Summon from your Extra Deck, 1 ""Number C"" or ""CXyz"" monster with the same Type as that monster you control but 1 Rank higher, by using it as the Xyz Material. (This Special Summon is treated as an Xyz Summon. Xyz Materials attached to that target also become Xyz Materials on the Summoned monster.) Then, if possible detach 1 Xyz Material from a monster your opponent control and attach it to the Summoned monster as an Xyz Material.",2.7,5.26,12.99,5.27,,1st Edition,
68194,"Reactan, Dragon Ruler of Pebbles",Reactan Dragon Ruler of Pebbles,https://tcgplayer-cdn.tcgplayer.com/product/68194_200w.jpg,2,1112,https://cpt.tcgcsv.com/Vhz,2013-05-20T19:28:53.283,1,LTGY-EN095,Common,EARTH,Effect Monster,1800,1200,"You can discard this card AND 1 Dragon-Type or EARTH monster; Special Summon 1 ""Redox, Dragon Ruler of Boulders"" from your Deck. It cannot attack this turn. You can only use the effect of ""Reactan, Dragon Ruler of Pebbles"" once per turn.",0.09,1.4,9.99,3.5,,Unlimited,Dragon
68194,"Reactan, Dragon Ruler of Pebbles",Reactan Dragon Ruler of Pebbles,https://tcgplayer-cdn.tcgplayer.com/product/68194_200w.jpg,2,1112,https://cpt.tcgcsv.com/Vhz,2013-05-20T19:28:53.283,1,LTGY-EN095,Common,EARTH,Effect Monster,1800,1200,"You can discard this card AND 1 Dragon-Type or EARTH monster; Special Summon 1 ""Redox, Dragon Ruler of Boulders"" from your Deck. It cannot attack this turn. You can only use the effect of ""Reactan, Dragon Ruler of Pebbles"" once per turn.",0.05,2.2,4.95,2.77,0.97,1st Edition,Dragon
68195,"Redox, Dragon Ruler of Boulders",Redox Dragon Ruler of Boulders,https://tcgplayer-cdn.tcgplayer.com/product/68195_200w.jpg,2,1112,https://cpt.tcgcsv.com/Whz,2013-05-20T19:28:53.283,1,LTGY-EN038,Rare,EARTH,Effect Monster,1600,3000,"If this card is in your hand or Graveyard: you can banish a total of 2 EARTH and/or Dragon-Type monsters from your hand and/or Graveyard, except this card; Special Summon this card. During your opponent's End Phase, if this card was Special Summoned: Return it to the hand. You can discard this card and 1 EARTH monster to the Graveyard, then target 1 monster in your Graveyard; Special Summon that target. If this card is banished: You can add 1 EARTH Dragon-Type monster from your Deck to your hand. Yo can only use 1 ""Redox, Dragon Ruler of Boulders"" effect per turn, and only once that turn.",0.25,0.75,8.09,0.55,,Unlimited,Dragon
68195,"Redox, Dragon Ruler of Boulders",Redox Dragon Ruler of Boulders,https://tcgplayer-cdn.tcgplayer.com/product/68195_200w.jpg,2,1112,https://cpt.tcgcsv.com/Whz,2013-05-20T19:28:53.283,1,LTGY-EN038,Rare,EARTH,Effect Monster,1600,3000,"If this card is in your hand or Graveyard: you can banish a total of 2 EARTH and/or Dragon-Type monsters from your hand and/or Graveyard, except this card; Special Summon this card. During your opponent's End Phase, if this card was Special Summoned: Return it to the hand. You can discard this card and 1 EARTH monster to the Graveyard, then target 1 monster in your Graveyard; Special Summon that target. If this card is banished: You can add 1 EARTH Dragon-Type monster from your Deck to your hand. Yo can only use 1 ""Redox, Dragon Ruler of Boulders"" effect per turn, and only once that turn.",0.29,0.99,9.99,0.65,,1st Edition,Dragon
68196,Risebell the Star Adjuster,Risebell the Star Adjuster,https://tcgplayer-cdn.tcgplayer.com/product/68196_200w.jpg,2,1112,https://cpt.tcgcsv.com/Xhz,2013-05-20T19:28:53.283,1,LTGY-EN042,Common,WIND,Effect Monster,800,800,When this card is Special Summoned: You can target 1 face-up monster on the field; increase its Level by up to 3 until the End Phase.,0.05,0.25,1.41,0.25,,Unlimited,Psychic
68196,Risebell the Star Adjuster,Risebell the Star Adjuster,https://tcgplayer-cdn.tcgplayer.com/product/68196_200w.jpg,2,1112,https://cpt.tcgcsv.com/Xhz,2013-05-20T19:28:53.283,1,LTGY-EN042,Common,WIND,Effect Monster,800,800,When this card is Special Summoned: You can target 1 face-up monster on the field; increase its Level by up to 3 until the End Phase.,0.08,0.25,1.42,0.16,,1st Edition,Psychic
68197,Sacred Sword of Seven Stars,Sacred Sword of Seven Stars,https://tcgplayer-cdn.tcgplayer.com/product/68197_200w.jpg,2,1112,https://cpt.tcgcsv.com/Zhz,2013-05-20T19:28:53.283,1,LTGY-EN066,Super Rare,SPELL,Normal Spell,0,0,"Banish 1 Level 7 monster from your hand or face-up from your side of the field: draw 2 cards. You can only activate 1 ""Sacred Sword of Seven Stars"" per turn.",3.19,3.89,14.0,4.06,,Unlimited,
68197,Sacred Sword of Seven Stars,Sacred Sword of Seven Stars,https://tcgplayer-cdn.tcgplayer.com/product/68197_200w.jpg,2,1112,https://cpt.tcgcsv.com/Zhz,2013-05-20T19:28:53.283,1,LTGY-EN066,Super Rare,SPELL,Normal Spell,0,0,"Banish 1 Level 7 monster from your hand or face-up from your side of the field: draw 2 cards. You can only activate 1 ""Sacred Sword of Seven Stars"" per turn.",3.39,5.22,19.0,5.81,,1st Edition,
68198,Scramble!! Scramble!!,Scramble Scramble,https://tcgplayer-cdn.tcgplayer.com/product/68198_200w.jpg,2,1112,https://cpt.tcgcsv.com/-hz,2013-05-20T19:28:53.283,1,LTGY-EN061,Ultra Rare,SPELL,Normal Spell,0,0,"If your opponent's monsters on the field outnumber your non-Token monsters on the field: Tribute any number of ""Mecha Phantom Beast Tokens""; Special Summon an equal number of ""Mecha Phantom Beast"" monsters from your Deck. Shuffle them into the Deck during the End Phase. You can only activate 1 ""Scramble!! Scramble!!"" per turn.",0.24,0.5,1.8,0.4,,Unlimited,
68198,Scramble!! Scramble!!,Scramble Scramble,https://tcgplayer-cdn.tcgplayer.com/product/68198_200w.jpg,2,1112,https://cpt.tcgcsv.com/-hz,2013-05-20T19:28:53.283,1,LTGY-EN061,Ultra Rare,SPELL,Normal Spell,0,0,"If your opponent's monsters on the field outnumber your non-Token monsters on the field: Tribute any number of ""Mecha Phantom Beast Tokens""; Special Summon an equal number of ""Mecha Phantom Beast"" monsters from your Deck. Shuffle them into the Deck during the End Phase. You can only activate 1 ""Scramble!! Scramble!!"" per turn.",0.25,0.53,2.76,0.29,,1st Edition,
68199,Scramble!! Scramble!! (UTR),Scramble Scramble UTR,https://tcgplayer-cdn.tcgplayer.com/product/68199_200w.jpg,2,1112,https://cpt.tcgcsv.com/_hz,2015-11-23T20:27:19.3,1,LTGY-EN061,Ultimate Rare,SPELL,Normal Spell,,,"If your opponent's monsters on the field outnumber your non-Token monsters on the field: Tribute any number of ""Mecha Phantom Beast Tokens""; Special Summon an equal number of ""Mecha Phantom Beast"" monsters from your Deck. Shuffle them into the Deck during the End Phase. You can only activate 1 ""Scramble!! Scramble!!"" per turn.",1.49,2.25,4.08,1.7,,Unlimited,
68199,Scramble!! Scramble!! (UTR),Scramble Scramble UTR,https://tcgplayer-cdn.tcgplayer.com/product/68199_200w.jpg,2,1112,https://cpt.tcgcsv.com/_hz,2015-11-23T20:27:19.3,1,LTGY-EN061,Ultimate Rare,SPELL,Normal Spell,,,"If your opponent's monsters on the field outnumber your non-Token monsters on the field: Tribute any number of ""Mecha Phantom Beast Tokens""; Special Summon an equal number of ""Mecha Phantom Beast"" monsters from your Deck. Shuffle them into the Deck during the End Phase. You can only activate 1 ""Scramble!! Scramble!!"" per turn.",1.19,2.76,25.0,3.24,,1st Edition,
68200,Shark Fortress,Shark Fortress,https://tcgplayer-cdn.tcgplayer.com/product/68200_200w.jpg,2,1112,https://cpt.tcgcsv.com/0jz,2013-05-20T19:28:53.283,1,LTGY-EN048,Common,DARK,Xyz/Effect Monster,2400,1800,"2 Level 5 monsters // Your opponent cannot target monsters for attacks, except this one. Once per turn: You can detach 1 Xyz Material from this card, then target 1 face-up monster you control; it can make a second attack during each Battle Phase this turn.",0.11,0.27,1.47,0.21,,Unlimited,Fish
68200,Shark Fortress,Shark Fortress,https://tcgplayer-cdn.tcgplayer.com/product/68200_200w.jpg,2,1112,https://cpt.tcgcsv.com/0jz,2013-05-20T19:28:53.283,1,LTGY-EN048,Common,DARK,Xyz/Effect Monster,2400,1800,"2 Level 5 monsters // Your opponent cannot target monsters for attacks, except this one. Once per turn: You can detach 1 Xyz Material from this card, then target 1 face-up monster you control; it can make a second attack during each Battle Phase this turn.",0.08,0.33,6.6,0.32,,1st Edition,Fish
68201,Sharkraken,Sharkraken,https://tcgplayer-cdn.tcgplayer.com/product/68201_200w.jpg,2,1112,https://cpt.tcgcsv.com/2jz,2013-05-20T19:28:53.283,1,LTGY-EN007,Common,WATER,Effect Monster,2400,2100,You can Special Summon this card (from your hand) by Tributing 1 WATER monster.,0.07,0.22,1.49,0.21,,Unlimited,Fish
68201,Sharkraken,Sharkraken,https://tcgplayer-cdn.tcgplayer.com/product/68201_200w.jpg,2,1112,https://cpt.tcgcsv.com/2jz,2013-05-20T19:28:53.283,1,LTGY-EN007,Common,WATER,Effect Monster,2400,2100,You can Special Summon this card (from your hand) by Tributing 1 WATER monster.,0.09,0.23,1.49,0.13,,1st Edition,Fish
68202,Sonic Warrior,Sonic Warrior,https://tcgplayer-cdn.tcgplayer.com/product/68202_200w.jpg,2,1112,https://cpt.tcgcsv.com/3jz,2013-05-20T19:28:53.283,1,LTGY-EN090,Common,WIND,Effect Monster,1000,0,When this card is sent to the Graveyard: All Level 2 or lower monsters you currently control gain 500 ATK.,0.03,0.24,1.49,0.23,,Unlimited,Warrior
68202,Sonic Warrior,Sonic Warrior,https://tcgplayer-cdn.tcgplayer.com/product/68202_200w.jpg,2,1112,https://cpt.tcgcsv.com/3jz,2013-05-20T19:28:53.283,1,LTGY-EN090,Common,WIND,Effect Monster,1000,0,When this card is sent to the Graveyard: All Level 2 or lower monsters you currently control gain 500 ATK.,0.05,0.25,1.49,0.36,,1st Edition,Warrior
68203,Spellbook of Judgment,Spellbook of Judgment,https://tcgplayer-cdn.tcgplayer.com/product/68203_200w.jpg,2,1112,https://cpt.tcgcsv.com/5jz,2013-06-02T14:11:38.067,1,LTGY-EN063,Secret Rare,SPELL,Normal Spell,0,0,"During the End Phase of the turn this card was activated, add “Spellbook” Spell Cards from your Deck to your hand, except “Spellbook of Judgment”, up to the number of Spell Cards activated after this card’s resolution, then, you can Special Summon from your Deck 1 Spellcaster-Type monster whose Level is less than or equal to the number of cards added to your hand by this effect. You can only activate 1 “Spellbook of Judgment” per turn.",0.24,1.69,44.0,0.84,,Unlimited,
68203,Spellbook of Judgment,Spellbook of Judgment,https://tcgplayer-cdn.tcgplayer.com/product/68203_200w.jpg,2,1112,https://cpt.tcgcsv.com/5jz,2013-06-02T14:11:38.067,1,LTGY-EN063,Secret Rare,SPELL,Normal Spell,0,0,"During the End Phase of the turn this card was activated, add “Spellbook” Spell Cards from your Deck to your hand, except “Spellbook of Judgment”, up to the number of Spell Cards activated after this card’s resolution, then, you can Special Summon from your Deck 1 Spellcaster-Type monster whose Level is less than or equal to the number of cards added to your hand by this effect. You can only activate 1 “Spellbook of Judgment” per turn.",0.7,3.89,59.99,3.79,,1st Edition,
68204,Spellbook of Miracles,Spellbook of Miracles,https://tcgplayer-cdn.tcgplayer.com/product/68204_200w.jpg,2,1112,https://cpt.tcgcsv.com/6jz,2013-05-20T19:28:53.283,1,LTGY-EN088,Common,SPELL,Normal Spell,0,0,"Target 1 Spellcaster-Type Xyz Monster in your Graveyad and up to 2 of your banished ""Spellbook"" Spell Cards; Special Summon that monster, and if you do, attach the targeted ""Spellbook"" Spell Card(s) to it as Xyz Material. You can only activate 1 ""Spellbook of Miracles"" per turn.",0.06,0.2,1.49,0.17,,Unlimited,
68204,Spellbook of Miracles,Spellbook of Miracles,https://tcgplayer-cdn.tcgplayer.com/product/68204_200w.jpg,2,1112,https://cpt.tcgcsv.com/6jz,2013-05-20T19:28:53.283,1,LTGY-EN088,Common,SPELL,Normal Spell,0,0,"Target 1 Spellcaster-Type Xyz Monster in your Graveyad and up to 2 of your banished ""Spellbook"" Spell Cards; Special Summon that monster, and if you do, attach the targeted ""Spellbook"" Spell Card(s) to it as Xyz Material. You can only activate 1 ""Spellbook of Miracles"" per turn.",0.05,0.21,1.49,0.16,,1st Edition,
68205,Starfish,Starfish,https://tcgplayer-cdn.tcgplayer.com/product/68205_200w.jpg,2,1112,https://cpt.tcgcsv.com/7jz,2013-05-20T19:28:53.283,1,LTGY-EN009,Common,WATER,Effect Monster,300,300,"Once per turn: You can increase the Levels of all ""Starfish"" you currently control by 1.",0.04,0.2,1.38,0.12,,Unlimited,Aqua
68205,Starfish,Starfish,https://tcgplayer-cdn.tcgplayer.com/product/68205_200w.jpg,2,1112,https://cpt.tcgcsv.com/7jz,2013-05-20T19:28:53.283,1,LTGY-EN009,Common,WATER,Effect Monster,300,300,"Once per turn: You can increase the Levels of all ""Starfish"" you currently control by 1.",0.05,0.24,14.0,0.15,,1st Edition,Aqua
68206,"Stream, Dragon Ruler of Droplets",Stream Dragon Ruler of Droplets,https://tcgplayer-cdn.tcgplayer.com/product/68206_200w.jpg,2,1112,https://cpt.tcgcsv.com/8jz,2024-12-20T13:39:36.31,1,LTGY-EN096,Common,WATER,Effect Monster,1600,2000,"You can discard this card AND 1 Dragon-Type or WATER monster; Special Summon 1 ""Tidal, Dragon Ruler of Waterfalls"" from your Deck. It cannot attack this turn. You can only use the effect of ""Stream, Dragon Ruler of Droplets"" once per turn.",0.11,1.71,7.97,1.71,0.47,Unlimited,Dragon
68206,"Stream, Dragon Ruler of Droplets",Stream Dragon Ruler of Droplets,https://tcgplayer-cdn.tcgplayer.com/product/68206_200w.jpg,2,1112,https://cpt.tcgcsv.com/8jz,2024-12-20T13:39:36.31,1,LTGY-EN096,Common,WATER,Effect Monster,1600,2000,"You can discard this card AND 1 Dragon-Type or WATER monster; Special Summon 1 ""Tidal, Dragon Ruler of Waterfalls"" from your Deck. It cannot attack this turn. You can only use the effect of ""Stream, Dragon Ruler of Droplets"" once per turn.",0.09,1.97,7.97,2.21,0.73,1st Edition,Dragon
68207,Summon Breaker,Summon Breaker,https://tcgplayer-cdn.tcgplayer.com/product/68207_200w.jpg,2,1112,https://cpt.tcgcsv.com/9jz,2013-05-20T19:28:53.283,1,LTGY-EN068,Common,SPELL,Normal Spell,0,0,"During Main Phase 1, if the turn player successfully conducts their third Summon of a monster(s) this turn: It becomes the End Phase.",1.0,2.23,8.99,1.25,,Unlimited,
68207,Summon Breaker,Summon Breaker,https://tcgplayer-cdn.tcgplayer.com/product/68207_200w.jpg,2,1112,https://cpt.tcgcsv.com/9jz,2013-05-20T19:28:53.283,1,LTGY-EN068,Common,SPELL,Normal Spell,0,0,"During Main Phase 1, if the turn player successfully conducts their third Summon of a monster(s) this turn: It becomes the End Phase.",1.0,2.31,5.4,1.55,,1st Edition,
68208,Tatakawa Knight,Tatakawa Knight,https://tcgplayer-cdn.tcgplayer.com/product/68208_200w.jpg,2,1112,https://cpt.tcgcsv.com/bjz,2013-05-20T19:28:53.283,1,LTGY-EN005,Common,EARTH,Effect Monster,1500,0,If the activation of your Spell/Trap Card is negated by your opponent's card effect. You can send this card from your hand to the Graveyard; inflict 1500 damage to your opponent.,0.03,0.24,1.36,0.32,,Unlimited,Warrior
68208,Tatakawa Knight,Tatakawa Knight,https://tcgplayer-cdn.tcgplayer.com/product/68208_200w.jpg,2,1112,https://cpt.tcgcsv.com/bjz,2013-05-20T19:28:53.283,1,LTGY-EN005,Common,EARTH,Effect Monster,1500,0,If the activation of your Spell/Trap Card is negated by your opponent's card effect. You can send this card from your hand to the Graveyard; inflict 1500 damage to your opponent.,0.05,0.21,1.49,0.09,,1st Edition,Warrior
68209,"Tempest, Dragon Ruler of Storms",Tempest Dragon Ruler of Storms,https://tcgplayer-cdn.tcgplayer.com/product/68209_200w.jpg,2,1112,https://cpt.tcgcsv.com/cjz,2013-05-20T19:28:53.283,1,LTGY-EN041,Rare,WIND,Effect Monster,2400,2200,"If this card is in your hand or Graveyard: You can banish a total of 2 WIND and/or Dragon-Type monsters from your hand and/or Graveyard, except this card; Special Summon this card. During your opponent's End Phase, if this card was Special Summoned: Return it to the hand. You can discard this card and 1 WIND monster to the Graveyard; add 1 Dragon-Type monster from your Deck to your hand. If this card is banished: You can add 1 WIND Dragon-Type monster from your Deck to your hand. You can only use 1 ""Tempest, Dragon Ruler of Storms"" effect per turn, and only once per turn.",0.14,0.69,2.97,0.3,,Unlimited,Dragon
68209,"Tempest, Dragon Ruler of Storms",Tempest Dragon Ruler of Storms,https://tcgplayer-cdn.tcgplayer.com/product/68209_200w.jpg,2,1112,https://cpt.tcgcsv.com/cjz,2013-05-20T19:28:53.283,1,LTGY-EN041,Rare,WIND,Effect Monster,2400,2200,"If this card is in your hand or Graveyard: You can banish a total of 2 WIND and/or Dragon-Type monsters from your hand and/or Graveyard, except this card; Special Summon this card. During your opponent's End Phase, if this card was Special Summoned: Return it to the hand. You can discard this card and 1 WIND monster to the Graveyard; add 1 Dragon-Type monster from your Deck to your hand. If this card is banished: You can add 1 WIND Dragon-Type monster from your Deck to your hand. You can only use 1 ""Tempest, Dragon Ruler of Storms"" effect per turn, and only once per turn.",0.12,0.71,29.99,0.59,,1st Edition,Dragon
68210,"Tidal, Dragon Ruler of Waterfalls",Tidal Dragon Ruler of Waterfalls,https://tcgplayer-cdn.tcgplayer.com/product/68210_200w.jpg,2,1112,https://cpt.tcgcsv.com/djz,2013-05-20T19:28:53.283,1,LTGY-EN039,Rare,WATER,Effect Monster,2600,2000,"If this card is in your hand or Graveyard: You can banish a total of 2 WATER and/or Dragon-Type monsters from your hand and/or Graveyard, except this card; Special Summon this card. During your opponent's End Phase, if this card was Special Summoned: Return it to the hand. You can discard this card and 1 WATER monster to the Graveyard; send 1 monster from your Deck to the Graveyard. If this card is banished: You can add 1 WATER Dragon-Type monster from your Deck to your hand. You can only use 1 ""Tidal, Dragon Ruler of Waterfalls"" effect per turn, and only once that turn.",0.19,0.99,9.99,0.79,,Unlimited,Dragon
68210,"Tidal, Dragon Ruler of Waterfalls",Tidal Dragon Ruler of Waterfalls,https://tcgplayer-cdn.tcgplayer.com/product/68210_200w.jpg,2,1112,https://cpt.tcgcsv.com/djz,2013-05-20T19:28:53.283,1,LTGY-EN039,Rare,WATER,Effect Monster,2600,2000,"If this card is in your hand or Graveyard: You can banish a total of 2 WATER and/or Dragon-Type monsters from your hand and/or Graveyard, except this card; Special Summon this card. During your opponent's End Phase, if this card was Special Summoned: Return it to the hand. You can discard this card and 1 WATER monster to the Graveyard; send 1 monster from your Deck to the Graveyard. If this card is banished: You can add 1 WATER Dragon-Type monster from your Deck to your hand. You can only use 1 ""Tidal, Dragon Ruler of Waterfalls"" effect per turn, and only once that turn.",0.47,1.43,19.99,1.36,,1st Edition,Dragon
68211,Torrential Reborn,Torrential Reborn,https://tcgplayer-cdn.tcgplayer.com/product/68211_200w.jpg,2,1112,https://cpt.tcgcsv.com/fjz,2013-05-20T19:28:53.283,1,LTGY-EN071,Secret Rare,TRAP,Normal Trap,0,0,"When a face-up WATER monster you control is destroyed by battle or by a card effect and sent to the Graveyard: Special Summon the monster destroyed and sent from the field to your Graveyard at that time, then inflict 500 damage to your opponent for each of those Special Summoned monsters. You can only activate 1 ""Torrential Reborn"" per turn.",2.83,3.49,9.83,3.43,,Unlimited,
68211,Torrential Reborn,Torrential Reborn,https://tcgplayer-cdn.tcgplayer.com/product/68211_200w.jpg,2,1112,https://cpt.tcgcsv.com/fjz,2013-05-20T19:28:53.283,1,LTGY-EN071,Secret Rare,TRAP,Normal Trap,0,0,"When a face-up WATER monster you control is destroyed by battle or by a card effect and sent to the Graveyard: Special Summon the monster destroyed and sent from the field to your Graveyard at that time, then inflict 500 damage to your opponent for each of those Special Summoned monsters. You can only activate 1 ""Torrential Reborn"" per turn.",1.99,3.75,9.99,3.22,,1st Edition,
68212,Totem Bird,Totem Bird,https://tcgplayer-cdn.tcgplayer.com/product/68212_200w.jpg,2,1112,https://cpt.tcgcsv.com/gjz,2013-05-20T19:28:53.283,1,LTGY-EN086,Secret Rare,WIND,Xyz/Effect Monster,1900,1400,"2 Level 3 WIND monsters // During either player’s turn, when a Spell/Trap Card is activated: You can detach 2 Xyz Materials from this card; negate the activation, and if you do, destroy it. This card loses 300 ATK while it has no Xyz Materials.",6.75,10.48,13.3,3.3,,Unlimited,Winged Beast
68212,Totem Bird,Totem Bird,https://tcgplayer-cdn.tcgplayer.com/product/68212_200w.jpg,2,1112,https://cpt.tcgcsv.com/gjz,2013-05-20T19:28:53.283,1,LTGY-EN086,Secret Rare,WIND,Xyz/Effect Monster,1900,1400,"2 Level 3 WIND monsters // During either player’s turn, when a Spell/Trap Card is activated: You can detach 2 Xyz Materials from this card; negate the activation, and if you do, destroy it. This card loses 300 ATK while it has no Xyz Materials.",8.69,9.86,20.0,4.29,,1st Edition,Winged Beast
68213,Trifortressops,Trifortressops,https://tcgplayer-cdn.tcgplayer.com/product/68213_200w.jpg,2,1112,https://cpt.tcgcsv.com/hjz,2013-05-20T19:28:53.283,1,LTGY-EN084,Rare,DARK,Effect Monster,1600,2800,"During either player’s turn, if your opponent Summoned 3 or more monsters this turn: You can Special Summon this card from your hand. If this card is Special Summoned this way, it is unaffected by other card effects, but loses 500 DEF during each player’s Standby Phase.",0.02,0.25,1.49,0.1,,Unlimited,Machine
68213,Trifortressops,Trifortressops,https://tcgplayer-cdn.tcgplayer.com/product/68213_200w.jpg,2,1112,https://cpt.tcgcsv.com/hjz,2013-05-20T19:28:53.283,1,LTGY-EN084,Rare,DARK,Effect Monster,1600,2800,"During either player’s turn, if your opponent Summoned 3 or more monsters this turn: You can Special Summon this card from your hand. If this card is Special Summoned this way, it is unaffected by other card effects, but loses 500 DEF during each player’s Standby Phase.",0.02,0.25,1.99,0.09,,1st Edition,Machine
68214,Wheel of Prophecy,Wheel of Prophecy,https://tcgplayer-cdn.tcgplayer.com/product/68214_200w.jpg,2,1112,https://cpt.tcgcsv.com/jjz,2013-05-20T19:28:53.283,1,LTGY-EN031,Rare,DARK,Effect Monster,2700,1700,"When this card is Special Summoned by the effect of a Spellcaster-Type monster: You can target any number of your banished ""Spellbook"" Spell Cards; shuffle them into the Deck, and if you do, return your other banished ""Spellbook"" Spell Cards to your Graveyard. You can only use the effect of ""Wheel of Prophecy"" once per turn.",0.03,0.25,1.49,0.13,,Unlimited,Spellcaster
68214,Wheel of Prophecy,Wheel of Prophecy,https://tcgplayer-cdn.tcgplayer.com/product/68214_200w.jpg,2,1112,https://cpt.tcgcsv.com/jjz,2013-05-20T19:28:53.283,1,LTGY-EN031,Rare,DARK,Effect Monster,2700,1700,"When this card is Special Summoned by the effect of a Spellcaster-Type monster: You can target any number of your banished ""Spellbook"" Spell Cards; shuffle them into the Deck, and if you do, return your other banished ""Spellbook"" Spell Cards to your Graveyard. You can only use the effect of ""Wheel of Prophecy"" once per turn.",0.04,0.25,1.49,0.19,,1st Edition,Spellcaster
68215,Windrose the Elemental Lord,Windrose the Elemental Lord,https://tcgplayer-cdn.tcgplayer.com/product/68215_200w.jpg,2,1112,https://cpt.tcgcsv.com/kjz,2013-05-20T19:28:53.283,1,LTGY-EN037,Secret Rare,WIND,Effect Monster,2800,2200,"Cannot be Normal Summoned/set. Must be Special Summoned (from your hand) by having exactly 5 WIND monsters in your Graveyard, and cannot be Special Summoned by other ways. When this card is Special Summoned: Destroy all Spell and Trap Card your opponent controls: You can only use this effect of ""Windrose the Elemental Lord"" once per turn. If this card leaves the field, skip the Battle Phase of your next turn.",0.35,0.69,4.99,0.51,,Unlimited,Winged Beast
68215,Windrose the Elemental Lord,Windrose the Elemental Lord,https://tcgplayer-cdn.tcgplayer.com/product/68215_200w.jpg,2,1112,https://cpt.tcgcsv.com/kjz,2013-05-20T19:28:53.283,1,LTGY-EN037,Secret Rare,WIND,Effect Monster,2800,2200,"Cannot be Normal Summoned/set. Must be Special Summoned (from your hand) by having exactly 5 WIND monsters in your Graveyard, and cannot be Special Summoned by other ways. When this card is Special Summoned: Destroy all Spell and Trap Card your opponent controls: You can only use this effect of ""Windrose the Elemental Lord"" once per turn. If this card leaves the field, skip the Battle Phase of your next turn.",0.41,0.99,20.0,0.91,,1st Edition,Winged Beast
68216,Xyz Block,Xyz Block,https://tcgplayer-cdn.tcgplayer.com/product/68216_200w.jpg,2,1112,https://cpt.tcgcsv.com/ljz,2013-05-20T19:28:53.283,1,LTGY-EN072,Common,TRAP,Normal Trap,0,0,"When your opponent activates a monster effect: Detach 1 Xyz Material from a monster you control; negate the activation, and if you do, destroy that monster.",0.19,0.3,1.43,0.35,,Unlimited,
68216,Xyz Block,Xyz Block,https://tcgplayer-cdn.tcgplayer.com/product/68216_200w.jpg,2,1112,https://cpt.tcgcsv.com/ljz,2013-05-20T19:28:53.283,1,LTGY-EN072,Common,TRAP,Normal Trap,0,0,"When your opponent activates a monster effect: Detach 1 Xyz Material from a monster you control; negate the activation, and if you do, destroy that monster.",0.15,0.3,1.52,0.29,,1st Edition,
79258,Mecha Phantom Beast Turtletracer (LTGY-ENSP1),Mecha Phantom Beast Turtletracer LTGY ENSP1,https://tcgplayer-cdn.tcgplayer.com/product/79258_200w.jpg,2,1112,https://cpt.tcgcsv.com/bKF,2022-08-31T14:25:19.397,1,LTGY-ENSP1,Ultra Rare,WIND,Effect Monster,500,2000,"This card's Level is increased by the total Levels of all ""Mecha Phantom Beast Tokens"" you control. While you control a Token, this card cannot be destroyed by battle or card effects. Each turn, the first ""Mecha Phantom Beast Token"" you control that would be destroyed by battle, is not destroyed.",0.05,0.31,1.79,0.17,,Limited,Machine
91361,Lord of the Tachyon Galaxy Booster Box,Lord of the Tachyon Galaxy Booster Box,https://tcgplayer-cdn.tcgplayer.com/product/91361_200w.jpg,2,1112,https://cpt.tcgcsv.com/fzL,2020-08-19T19:33:41.35,1,,,,,,,,244.99,299.99,499.99,,,Normal,
235095,Lord of the Tachyon Galaxy Booster Pack,Lord of the Tachyon Galaxy Booster Pack,https://tcgplayer-cdn.tcgplayer.com/product/235095_200w.jpg,2,1112,https://cpt.tcgcsv.com/W2V2,2021-03-24T20:40:03.983,1,,,,,,,Each pack contains 9 cards.,11.0,11.4,37.49,11.12,,Normal,
