productId,name,cleanName,imageUrl,categoryId,groupId,url,modifiedOn,imageCount,lowPrice,midPrice,highPrice,marketPrice,directLowPrice,subTypeName,extNumber,extRarity,extAttribute,extCardType,extDescription,extMonsterType,extAttack,extDefense
130610,Maximum Crisis Booster Box,Maximum Crisis Booster Box,https://tcgplayer-cdn.tcgplayer.com/product/130610_200w.jpg,2,1922,https://cpt.tcgcsv.com/dg32,2018-05-16T18:04:28.373,1,60.0,95.49,249.95,,,Normal,,,,,,,,
130611,Maximum Crisis Booster Pack,Maximum Crisis Booster Pack,https://tcgplayer-cdn.tcgplayer.com/product/130611_200w.jpg,2,1922,https://cpt.tcgcsv.com/fg32,2021-10-25T12:28:12.367,1,4.96,5.99,15.0,,,Normal,,,,,,,,
131117,Pendulum Switch,Pendulum Switch,https://tcgplayer-cdn.tcgplayer.com/product/131117_200w.jpg,2,1922,https://cpt.tcgcsv.com/ms32,2024-08-12T20:06:15.427,1,0.04,0.22,1.08,0.09,,Unlimited,MACR-EN000,Rare,TRAP,Continuous Trap,"You can target 1 card in your Pendulum Zone; Special Summon it. You can target 1 Pendulum Monster in your Monster Zone; place it in your Pendulum Zone. You can only use 1 ""Pendulum Switch"" effect per turn, and only once that turn.",,,
131117,Pendulum Switch,Pendulum Switch,https://tcgplayer-cdn.tcgplayer.com/product/131117_200w.jpg,2,1922,https://cpt.tcgcsv.com/ms32,2024-08-12T20:06:15.427,1,0.01,0.25,1.35,0.74,,1st Edition,MACR-EN000,Rare,TRAP,Continuous Trap,"You can target 1 card in your Pendulum Zone; Special Summon it. You can target 1 Pendulum Monster in your Monster Zone; place it in your Pendulum Zone. You can only use 1 ""Pendulum Switch"" effect per turn, and only once that turn.",,,
131118,Performapal Sky Magician,Performapal Sky Magician,https://tcgplayer-cdn.tcgplayer.com/product/131118_200w.jpg,2,1922,https://cpt.tcgcsv.com/ns32,2017-06-22T18:59:34.503,1,0.01,0.26,1.41,0.18,,1st Edition,MACR-EN001,Rare,WIND,Effect Monster,"Once per turn, if you activate a Spell Card: This card gains 300 ATK. During either player's turn: You can target 1 Continuous Spell Card you control; return it to the hand, then you can activate 1 ""Magician"" Continuous Spell Card from your hand. You can only use this effect of ""Performapal Sky Magician"" once per turn. If this face-up card leaves the field: You can target 1 card on the field; destroy it.",Spellcaster,2500,2000
131118,Performapal Sky Magician,Performapal Sky Magician,https://tcgplayer-cdn.tcgplayer.com/product/131118_200w.jpg,2,1922,https://cpt.tcgcsv.com/ns32,2017-06-22T18:59:34.503,1,0.05,0.25,1.49,0.14,,Unlimited,MACR-EN001,Rare,WIND,Effect Monster,"Once per turn, if you activate a Spell Card: This card gains 300 ATK. During either player's turn: You can target 1 Continuous Spell Card you control; return it to the hand, then you can activate 1 ""Magician"" Continuous Spell Card from your hand. You can only use this effect of ""Performapal Sky Magician"" once per turn. If this face-up card leaves the field: You can target 1 card on the field; destroy it.",Spellcaster,2500,2000
131119,Performapal Sky Pupil,Performapal Sky Pupil,https://tcgplayer-cdn.tcgplayer.com/product/131119_200w.jpg,2,1922,https://cpt.tcgcsv.com/ps32,2023-01-20T06:28:28.4,1,0.05,0.23,1.55,0.11,0.11,Unlimited,MACR-EN002,Rare,LIGHT,Effect Monster,"During either player's turn: You can return 1 Level 5 or higher ""Performapal"" monster you control to the hand; Special Summon this card from your hand. You can only use this effect of ""Performapal Sky Pupil"" once per turn. If this card battles an opponent's monster, that monster has its effects negated until the end of the Damage Step. Before damage calculation, if this card attacked an opponent's monster while you control another ""Performapal"" monster: You can destroy that opponent's monster.",Spellcaster,800,800
131119,Performapal Sky Pupil,Performapal Sky Pupil,https://tcgplayer-cdn.tcgplayer.com/product/131119_200w.jpg,2,1922,https://cpt.tcgcsv.com/ps32,2023-01-20T06:28:28.4,1,0.01,0.25,1.49,0.15,0.11,1st Edition,MACR-EN002,Rare,LIGHT,Effect Monster,"During either player's turn: You can return 1 Level 5 or higher ""Performapal"" monster you control to the hand; Special Summon this card from your hand. You can only use this effect of ""Performapal Sky Pupil"" once per turn. If this card battles an opponent's monster, that monster has its effects negated until the end of the Damage Step. Before damage calculation, if this card attacked an opponent's monster while you control another ""Performapal"" monster: You can destroy that opponent's monster.",Spellcaster,800,800
131120,Performapal Revue Dancer,Performapal Revue Dancer,https://tcgplayer-cdn.tcgplayer.com/product/131120_200w.jpg,2,1922,https://cpt.tcgcsv.com/qs32,2024-08-12T20:06:15.713,1,0.02,0.21,1.38,0.19,,1st Edition,MACR-EN003,Common,LIGHT,Effect Monster,"If your opponent controls a monster and you control no monsters, you can Special Summon this card (from your hand). This card can be treated as 2 Tributes for the Tribute Summon of a ""Performapal"" monster.",Spellcaster,800,1000
131120,Performapal Revue Dancer,Performapal Revue Dancer,https://tcgplayer-cdn.tcgplayer.com/product/131120_200w.jpg,2,1922,https://cpt.tcgcsv.com/qs32,2024-08-12T20:06:15.713,1,0.03,0.2,1.49,0.11,0.11,Unlimited,MACR-EN003,Common,LIGHT,Effect Monster,"If your opponent controls a monster and you control no monsters, you can Special Summon this card (from your hand). This card can be treated as 2 Tributes for the Tribute Summon of a ""Performapal"" monster.",Spellcaster,800,1000
131121,Performapal U Go Golem,Performapal U Go Golem,https://tcgplayer-cdn.tcgplayer.com/product/131121_200w.jpg,2,1922,https://cpt.tcgcsv.com/rs32,2017-06-22T19:00:10.387,1,0.05,0.25,1.49,0.11,,Unlimited,MACR-EN004,Rare,DARK,Pendulum/Effect Monster,"<b>Pendulum Effect :</b> Once per turn, if a monster is Fusion Summoned to your field (except during the Damage Step): You can add 1 ""Performapal"", ""Odd-Eyes"", or ""Magician"" Pendulum Monster from your Graveyard or face-up in your Extra Deck to your hand.
<br><b>Monster Effect :</b> Once per turn, during your Main Phase, if this card was Pendulum Summoned this turn: You can Fusion Summon 1 Fusion Monster from your Extra Deck, using this card you control and Dragon-Type monsters you control as Fusion Materials.",Fiend,1600,1000
131121,Performapal U Go Golem,Performapal U Go Golem,https://tcgplayer-cdn.tcgplayer.com/product/131121_200w.jpg,2,1922,https://cpt.tcgcsv.com/rs32,2017-06-22T19:00:10.387,1,0.04,0.25,1.35,0.15,0.11,1st Edition,MACR-EN004,Rare,DARK,Pendulum/Effect Monster,"<b>Pendulum Effect :</b> Once per turn, if a monster is Fusion Summoned to your field (except during the Damage Step): You can add 1 ""Performapal"", ""Odd-Eyes"", or ""Magician"" Pendulum Monster from your Graveyard or face-up in your Extra Deck to your hand.
<br><b>Monster Effect :</b> Once per turn, during your Main Phase, if this card was Pendulum Summoned this turn: You can Fusion Summon 1 Fusion Monster from your Extra Deck, using this card you control and Dragon-Type monsters you control as Fusion Materials.",Fiend,1600,1000
131122,Performapal Coin Dragon,Performapal Coin Dragon,https://tcgplayer-cdn.tcgplayer.com/product/131122_200w.jpg,2,1922,https://cpt.tcgcsv.com/ss32,2022-02-08T09:45:55.843,1,0.1,0.25,1.46,0.25,,1st Edition,MACR-EN005,Rare,WATER,Pendulum/Effect Monster,"<b>Pendulum Effect :</b> Once per turn: You can target 1 Dragon-Type monster you control that was Special Summoned from the Extra Deck; this turn, if that monster you control battles an opponent's monster, banish that opponent's monster after damage calculation (even if this card leaves the field).
<br><b>Monster Effect :</b> Other Dragon-Type monsters you control gain 500 ATK, also they cannot be destroyed by card effects.",Dragon,1700,1000
131122,Performapal Coin Dragon,Performapal Coin Dragon,https://tcgplayer-cdn.tcgplayer.com/product/131122_200w.jpg,2,1922,https://cpt.tcgcsv.com/ss32,2022-02-08T09:45:55.843,1,0.04,0.24,1.49,0.22,0.23,Unlimited,MACR-EN005,Rare,WATER,Pendulum/Effect Monster,"<b>Pendulum Effect :</b> Once per turn: You can target 1 Dragon-Type monster you control that was Special Summoned from the Extra Deck; this turn, if that monster you control battles an opponent's monster, banish that opponent's monster after damage calculation (even if this card leaves the field).
<br><b>Monster Effect :</b> Other Dragon-Type monsters you control gain 500 ATK, also they cannot be destroyed by card effects.",Dragon,1700,1000
131123,Speedroid Skull Marbles,Speedroid Skull Marbles,https://tcgplayer-cdn.tcgplayer.com/product/131123_200w.jpg,2,1922,https://cpt.tcgcsv.com/ts32,2024-08-12T20:06:15.743,1,0.05,0.2,1.36,0.18,0.11,Unlimited,MACR-EN006,Common,WIND,Effect Monster,"Once per turn, during the Standby Phase, if your opponent controls a face-up monster that was Special Summoned from the Extra Deck: You can Special Summon this card from your hand. Cannot be destroyed by battle with a Normal Summoned/Set monster. Your opponent takes any battle damage you would have taken from battles involving this card. You can only use this effect of ""Speedroid Skull Marbles"" once per turn. If you control a face-up monster that is not a ""Speedroid"" monster, destroy this card.",Machine,0,3000
131123,Speedroid Skull Marbles,Speedroid Skull Marbles,https://tcgplayer-cdn.tcgplayer.com/product/131123_200w.jpg,2,1922,https://cpt.tcgcsv.com/ts32,2024-08-12T20:06:15.743,1,0.07,0.2,1.49,0.15,,1st Edition,MACR-EN006,Common,WIND,Effect Monster,"Once per turn, during the Standby Phase, if your opponent controls a face-up monster that was Special Summoned from the Extra Deck: You can Special Summon this card from your hand. Cannot be destroyed by battle with a Normal Summoned/Set monster. Your opponent takes any battle damage you would have taken from battles involving this card. You can only use this effect of ""Speedroid Skull Marbles"" once per turn. If you control a face-up monster that is not a ""Speedroid"" monster, destroy this card.",Machine,0,3000
131124,Speedroid Maliciousmagnet,Speedroid Maliciousmagnet,https://tcgplayer-cdn.tcgplayer.com/product/131124_200w.jpg,2,1922,https://cpt.tcgcsv.com/vs32,2024-08-12T20:06:15.807,1,0.01,0.2,1.49,0.13,,Unlimited,MACR-EN007,Common,WIND,Tuner/Effect Monster,"Cannot be used as Synchro Material except for a Synchro Summon by its own effect. During your Main Phase, if this card is Normal or Special Summoned: You can target 1 face-up monster your opponent controls; immediately after this effect resolves, Synchro Summon 1 WIND Synchro Monster using only this card you control and that monster. You can only use this effect of ""Speedroid Maliciousmagnet"" once per turn.",Machine,0,0
131124,Speedroid Maliciousmagnet,Speedroid Maliciousmagnet,https://tcgplayer-cdn.tcgplayer.com/product/131124_200w.jpg,2,1922,https://cpt.tcgcsv.com/vs32,2024-08-12T20:06:15.807,1,0.05,0.25,1.49,0.22,0.12,1st Edition,MACR-EN007,Common,WIND,Tuner/Effect Monster,"Cannot be used as Synchro Material except for a Synchro Summon by its own effect. During your Main Phase, if this card is Normal or Special Summoned: You can target 1 face-up monster your opponent controls; immediately after this effect resolves, Synchro Summon 1 WIND Synchro Monster using only this card you control and that monster. You can only use this effect of ""Speedroid Maliciousmagnet"" once per turn.",Machine,0,0
131125,Speedroid Rubberband Plane,Speedroid Rubberband Plane,https://tcgplayer-cdn.tcgplayer.com/product/131125_200w.jpg,2,1922,https://cpt.tcgcsv.com/ws32,2024-08-12T20:06:15.837,1,0.02,0.35,1.54,0.32,0.36,Unlimited,MACR-EN008,Rare,WIND,Effect Monster,"If a monster is Special Summoned to your field (except during the Damage Step): You can Special Summon this card from your hand, also you cannot Special Summon monsters for the rest of this turn, except WIND monsters. You can only use this effect of ""Speedroid Rubberband Plane"" once per turn. If this card is Normal or Special Summoned: You can target 1 face-up monster on the field; it loses 600 ATK until the end of this turn.",Machine,1800,0
131125,Speedroid Rubberband Plane,Speedroid Rubberband Plane,https://tcgplayer-cdn.tcgplayer.com/product/131125_200w.jpg,2,1922,https://cpt.tcgcsv.com/ws32,2024-08-12T20:06:15.837,1,0.09,0.37,1.7,0.37,0.23,1st Edition,MACR-EN008,Rare,WIND,Effect Monster,"If a monster is Special Summoned to your field (except during the Damage Step): You can Special Summon this card from your hand, also you cannot Special Summon monsters for the rest of this turn, except WIND monsters. You can only use this effect of ""Speedroid Rubberband Plane"" once per turn. If this card is Normal or Special Summoned: You can target 1 face-up monster on the field; it loses 600 ATK until the end of this turn.",Machine,1800,0
131126,Predaplant Ophrys Scorpio,Predaplant Ophrys Scorpio,https://tcgplayer-cdn.tcgplayer.com/product/131126_200w.jpg,2,1922,https://cpt.tcgcsv.com/xs32,2024-08-12T20:06:16.043,1,0.2,0.5,2.96,0.26,,Unlimited,MACR-EN009,Rare,DARK,Effect Monster,"If this card is Normal or Special Summoned: You can send 1 monster from your hand to the Graveyard; Special Summon 1 ""Predaplant"" monster from your Deck, except ""Predaplant Ophrys Scorpio"". You can only use this effect of ""Predaplant Ophyrs Scorpio"" once per turn.",Plant,1200,800
131126,Predaplant Ophrys Scorpio,Predaplant Ophrys Scorpio,https://tcgplayer-cdn.tcgplayer.com/product/131126_200w.jpg,2,1922,https://cpt.tcgcsv.com/xs32,2024-08-12T20:06:16.043,1,0.09,0.5,2.96,0.35,0.37,1st Edition,MACR-EN009,Rare,DARK,Effect Monster,"If this card is Normal or Special Summoned: You can send 1 monster from your hand to the Graveyard; Special Summon 1 ""Predaplant"" monster from your Deck, except ""Predaplant Ophrys Scorpio"". You can only use this effect of ""Predaplant Ophyrs Scorpio"" once per turn.",Plant,1200,800
131127,Predaplant Darlingtonia Cobra,Predaplant Darlingtonia Cobra,https://tcgplayer-cdn.tcgplayer.com/product/131127_200w.jpg,2,1922,https://cpt.tcgcsv.com/zs32,2024-11-05T09:40:28.263,1,0.2,0.5,9.99,0.38,0.45,1st Edition,MACR-EN010,Common,DARK,Effect Monster,"If this card is Special Summoned by the effect of a ""Predaplant"" monster: You can add 1 ""Polymerization"" Spell Card or ""Fusion"" Spell Card from your Deck to your hand. You can only use this effect of ""Predaplant Darlingtonia Cobra"" once per Duel.",Plant,1000,1500
131127,Predaplant Darlingtonia Cobra,Predaplant Darlingtonia Cobra,https://tcgplayer-cdn.tcgplayer.com/product/131127_200w.jpg,2,1922,https://cpt.tcgcsv.com/zs32,2024-11-05T09:40:28.263,1,0.22,0.43,1.89,0.35,,Unlimited,MACR-EN010,Common,DARK,Effect Monster,"If this card is Special Summoned by the effect of a ""Predaplant"" monster: You can add 1 ""Polymerization"" Spell Card or ""Fusion"" Spell Card from your Deck to your hand. You can only use this effect of ""Predaplant Darlingtonia Cobra"" once per Duel.",Plant,1000,1500
131128,Predaplant Cordyceps,Predaplant Cordyceps,https://tcgplayer-cdn.tcgplayer.com/product/131128_200w.jpg,2,1922,https://cpt.tcgcsv.com/Bs32,2024-08-12T20:06:16.247,1,0.09,0.25,1.4,0.17,,1st Edition,MACR-EN011,Common,DARK,Effect Monster,"During your Standby Phase: You can banish this card from your Graveyard, then target 2 Level 4 or lower ""Predaplant"" monsters in your Graveyard; Special Summon them, also, for the rest of this turn, you cannot Special Summon monsters, except Fusion Monsters, nor Normal Summon/Set any monsters.",Plant,0,0
131128,Predaplant Cordyceps,Predaplant Cordyceps,https://tcgplayer-cdn.tcgplayer.com/product/131128_200w.jpg,2,1922,https://cpt.tcgcsv.com/Bs32,2024-08-12T20:06:16.247,1,0.05,0.24,1.49,0.17,,Unlimited,MACR-EN011,Common,DARK,Effect Monster,"During your Standby Phase: You can banish this card from your Graveyard, then target 2 Level 4 or lower ""Predaplant"" monsters in your Graveyard; Special Summon them, also, for the rest of this turn, you cannot Special Summon monsters, except Fusion Monsters, nor Normal Summon/Set any monsters.",Plant,0,0
131129,Lyrilusc - Cobalt Sparrow,Lyrilusc Cobalt Sparrow,https://tcgplayer-cdn.tcgplayer.com/product/131129_200w.jpg,2,1922,https://cpt.tcgcsv.com/Cs32,2024-08-12T20:06:16.333,1,0.05,0.25,2.5,0.14,,1st Edition,MACR-EN012,Common,WIND,Effect Monster,"If this card is Special Summoned: You can add 1 Level 1 Winged Beast-Type monster from your Deck to your hand. You can only use this effect of ""Lyrilusc - Cobalt Sparrow"" once per turn. A WIND Xyz Monster that was Summoned using this card on the field as Xyz Material gains this effect.
<br><b>-</b> Your opponent cannot target this card with card effects.",Winged Beast,0,100
131129,Lyrilusc - Cobalt Sparrow,Lyrilusc Cobalt Sparrow,https://tcgplayer-cdn.tcgplayer.com/product/131129_200w.jpg,2,1922,https://cpt.tcgcsv.com/Cs32,2024-08-12T20:06:16.333,1,0.01,0.24,1.99,0.15,0.1,Unlimited,MACR-EN012,Common,WIND,Effect Monster,"If this card is Special Summoned: You can add 1 Level 1 Winged Beast-Type monster from your Deck to your hand. You can only use this effect of ""Lyrilusc - Cobalt Sparrow"" once per turn. A WIND Xyz Monster that was Summoned using this card on the field as Xyz Material gains this effect.
<br><b>-</b> Your opponent cannot target this card with card effects.",Winged Beast,0,100
131130,Lyrilusc - Sapphire Swallow,Lyrilusc Sapphire Swallow,https://tcgplayer-cdn.tcgplayer.com/product/131130_200w.jpg,2,1922,https://cpt.tcgcsv.com/Ds32,2024-08-12T20:06:16.413,1,0.04,0.25,3.0,0.12,,1st Edition,MACR-EN013,Common,WIND,Effect Monster,"If you control a Winged Beast-Type monster: You can Special Summon both this card and 1 Level 1 Winged Beast-Type monster from your hand. You can only use this effect of ""Lyrilusc - Sapphire Swallow"" once per turn. A WIND Xyz Monster that was Summoned using this card on the field as Xyz Material gains this effect.
<br><b>-</b> If it is Xyz Summoned: You can target 1 ""Lyrilusc"" monster in your Graveyard; attach it to this card as Xyz Material.",Winged Beast,100,0
131130,Lyrilusc - Sapphire Swallow,Lyrilusc Sapphire Swallow,https://tcgplayer-cdn.tcgplayer.com/product/131130_200w.jpg,2,1922,https://cpt.tcgcsv.com/Ds32,2024-08-12T20:06:16.413,1,0.05,0.22,1.5,0.15,,Unlimited,MACR-EN013,Common,WIND,Effect Monster,"If you control a Winged Beast-Type monster: You can Special Summon both this card and 1 Level 1 Winged Beast-Type monster from your hand. You can only use this effect of ""Lyrilusc - Sapphire Swallow"" once per turn. A WIND Xyz Monster that was Summoned using this card on the field as Xyz Material gains this effect.
<br><b>-</b> If it is Xyz Summoned: You can target 1 ""Lyrilusc"" monster in your Graveyard; attach it to this card as Xyz Material.",Winged Beast,100,0
131131,Lyrilusc - Turquoise Warbler,Lyrilusc Turquoise Warbler,https://tcgplayer-cdn.tcgplayer.com/product/131131_200w.jpg,2,1922,https://cpt.tcgcsv.com/Fs32,2024-08-12T20:06:16.487,1,0.05,0.25,3.5,0.13,0.24,1st Edition,MACR-EN014,Common,WIND,Effect Monster,"If you control no monsters, you can Special Summon this card (from your hand). If this card is Special Summoned from the hand: You can Special Summon 1 ""Lyrilusc"" monster from your hand or Graveyard. You can only use this effect of ""Lyrilusc - Turquoise Warbler"" once per turn.",Winged Beast,100,100
131131,Lyrilusc - Turquoise Warbler,Lyrilusc Turquoise Warbler,https://tcgplayer-cdn.tcgplayer.com/product/131131_200w.jpg,2,1922,https://cpt.tcgcsv.com/Fs32,2024-08-12T20:06:16.487,1,0.01,0.24,1.99,0.14,,Unlimited,MACR-EN014,Common,WIND,Effect Monster,"If you control no monsters, you can Special Summon this card (from your hand). If this card is Special Summoned from the hand: You can Special Summon 1 ""Lyrilusc"" monster from your hand or Graveyard. You can only use this effect of ""Lyrilusc - Turquoise Warbler"" once per turn.",Winged Beast,100,100
131132,D/D Ghost,D D Ghost,https://tcgplayer-cdn.tcgplayer.com/product/131132_200w.jpg,2,1922,https://cpt.tcgcsv.com/Gs32,2024-08-12T20:06:16.57,1,0.08,0.3,4.99,0.22,0.12,1st Edition,MACR-EN015,Common,DARK,Tuner/Effect Monster,"If this card is sent to the Graveyard: You can target 1 ""D/D"" monster or ""Dark Contract"" card in your Graveyard, except ""D/D Ghost""; send 1 card from your Deck to the Graveyard with that name. If this card is banished: You can target 1 of your banished ""D/D"" monsters or ""Dark Contract"" cards, except ""D/D Ghost""; return it to the Graveyard.",Fiend,600,300
131132,D/D Ghost,D D Ghost,https://tcgplayer-cdn.tcgplayer.com/product/131132_200w.jpg,2,1922,https://cpt.tcgcsv.com/Gs32,2024-08-12T20:06:16.57,1,0.01,0.25,1.49,0.17,,Unlimited,MACR-EN015,Common,DARK,Tuner/Effect Monster,"If this card is sent to the Graveyard: You can target 1 ""D/D"" monster or ""Dark Contract"" card in your Graveyard, except ""D/D Ghost""; send 1 card from your Deck to the Graveyard with that name. If this card is banished: You can target 1 of your banished ""D/D"" monsters or ""Dark Contract"" cards, except ""D/D Ghost""; return it to the Graveyard.",Fiend,600,300
131133,Double Resonator,Double Resonator,https://tcgplayer-cdn.tcgplayer.com/product/131133_200w.jpg,2,1922,https://cpt.tcgcsv.com/Hs32,2022-11-01T13:21:52.62,1,0.01,0.21,1.49,0.15,,Unlimited,MACR-EN016,Common,FIRE,Tuner/Effect Monster,"If this card is Normal or Special Summoned: You can target 1 face-up monster on the field; that target is treated as a Tuner this turn. You can banish this card from your Graveyard, then target 1 Fiend-Type monster you control; that Fiend-Type monster is treated as a Tuner this turn. You can only use this effect of ""Double Resonator"" once per turn.",Fiend,0,0
131133,Double Resonator,Double Resonator,https://tcgplayer-cdn.tcgplayer.com/product/131133_200w.jpg,2,1922,https://cpt.tcgcsv.com/Hs32,2022-11-01T13:21:52.62,1,0.05,0.21,1.37,0.16,0.11,1st Edition,MACR-EN016,Common,FIRE,Tuner/Effect Monster,"If this card is Normal or Special Summoned: You can target 1 face-up monster on the field; that target is treated as a Tuner this turn. You can banish this card from your Graveyard, then target 1 Fiend-Type monster you control; that Fiend-Type monster is treated as a Tuner this turn. You can only use this effect of ""Double Resonator"" once per turn.",Fiend,0,0
131134,Supreme King Gate Zero,Supreme King Gate Zero,https://tcgplayer-cdn.tcgplayer.com/product/131134_200w.jpg,2,1922,https://cpt.tcgcsv.com/Js32,2023-02-03T19:26:47.447,1,0.08,0.5,5.0,0.4,0.26,1st Edition,MACR-EN017,Super Rare,DARK,Pendulum/Effect Monster,"<b>Pendulum Effect :</b> If you control ""Supreme King Z-ARC"", you take no damage. Once per turn, if you have ""Supreme King Gate Infinity"" in your other Pendulum Zone: You can destroy both cards in your Pendulum Zones, and if you do, add 1 ""Polymerization"" Spell Card or ""Fusion"" Spell Card from your Deck to your hand.
<br><b>Monster Effect :</b> Once per turn: You can target 1 other face-up card you control; destroy both it and this card, and if you do, Special Summon 1 Dragon-Type Fusion or Synchro Monster from your Extra Deck, but its ATK and DEF become 0, it has its effects negated, also it cannot be used as a Material for a Synchro or Xyz Summon. If this card in the Monster Zone is destroyed by battle or card effect: You can place this card in your Pendulum Zone.",Fiend,0,0
131134,Supreme King Gate Zero,Supreme King Gate Zero,https://tcgplayer-cdn.tcgplayer.com/product/131134_200w.jpg,2,1922,https://cpt.tcgcsv.com/Js32,2023-02-03T19:26:47.447,1,0.15,0.49,3.73,0.32,,Unlimited,MACR-EN017,Super Rare,DARK,Pendulum/Effect Monster,"<b>Pendulum Effect :</b> If you control ""Supreme King Z-ARC"", you take no damage. Once per turn, if you have ""Supreme King Gate Infinity"" in your other Pendulum Zone: You can destroy both cards in your Pendulum Zones, and if you do, add 1 ""Polymerization"" Spell Card or ""Fusion"" Spell Card from your Deck to your hand.
<br><b>Monster Effect :</b> Once per turn: You can target 1 other face-up card you control; destroy both it and this card, and if you do, Special Summon 1 Dragon-Type Fusion or Synchro Monster from your Extra Deck, but its ATK and DEF become 0, it has its effects negated, also it cannot be used as a Material for a Synchro or Xyz Summon. If this card in the Monster Zone is destroyed by battle or card effect: You can place this card in your Pendulum Zone.",Fiend,0,0
131135,Supreme King Gate Infinity,Supreme King Gate Infinity,https://tcgplayer-cdn.tcgplayer.com/product/131135_200w.jpg,2,1922,https://cpt.tcgcsv.com/Ks32,2022-02-08T09:46:07.597,1,0.05,0.43,1.55,0.3,,Unlimited,MACR-EN018,Super Rare,DARK,Pendulum/Effect Monster,"<b>Pendulum Effect :</b> If you control a monster, you cannot Pendulum Summon. This effect cannot be negated. Once per turn, if you control ""Supreme King Z-ARC"": You can target 1 face-up monster your opponent controls; gain LP equal to its ATK.
<br><b>Monster Effect :</b> Once per turn: You can target 1 other face-up card you control; destroy both it and this card, and if you do, Special Summon 1 Dragon-Type Xyz or Pendulum Monster from your Extra Deck, but its ATK and DEF become 0, it has its effects negated, also it cannot be used as a Material for a Synchro or Xyz Summon. If this card in the Monster Zone is destroyed by battle or card effect: You can place this card in your Pendulum Zone.",Fiend,0,0
131135,Supreme King Gate Infinity,Supreme King Gate Infinity,https://tcgplayer-cdn.tcgplayer.com/product/131135_200w.jpg,2,1922,https://cpt.tcgcsv.com/Ks32,2022-02-08T09:46:07.597,1,0.09,0.35,1.55,0.22,,1st Edition,MACR-EN018,Super Rare,DARK,Pendulum/Effect Monster,"<b>Pendulum Effect :</b> If you control a monster, you cannot Pendulum Summon. This effect cannot be negated. Once per turn, if you control ""Supreme King Z-ARC"": You can target 1 face-up monster your opponent controls; gain LP equal to its ATK.
<br><b>Monster Effect :</b> Once per turn: You can target 1 other face-up card you control; destroy both it and this card, and if you do, Special Summon 1 Dragon-Type Xyz or Pendulum Monster from your Extra Deck, but its ATK and DEF become 0, it has its effects negated, also it cannot be used as a Material for a Synchro or Xyz Summon. If this card in the Monster Zone is destroyed by battle or card effect: You can place this card in your Pendulum Zone.",Fiend,0,0
131136,Supreme King Dragon Darkwurm,Supreme King Dragon Darkwurm,https://tcgplayer-cdn.tcgplayer.com/product/131136_200w.jpg,2,1922,https://cpt.tcgcsv.com/Ls32,2024-08-12T20:06:16.82,1,0.03,0.41,1.88,0.14,0.07,1st Edition,MACR-EN019,Common,DARK,Pendulum/Effect Monster,"<b>Pendulum Effect :</b> Once per turn, if you control no monsters: You can place 1 ""Supreme King Gate"" Pendulum Monster from your Deck in your Pendulum Zone, also you cannot Pendulum Summon monsters for the rest of this turn, except DARK monsters.
<br><b>Monster Effect :</b> If this card is Normal or Special Summoned: You can add 1 ""Supreme King Gate"" Pendulum Monster from your Deck to your hand. If this card is in your Graveyard and you control no monsters: You can Special Summon this card. You can only use each monster effect of ""Supreme King Dragon Darkwurm"" once per turn.",Dragon,1800,1200
131136,Supreme King Dragon Darkwurm,Supreme King Dragon Darkwurm,https://tcgplayer-cdn.tcgplayer.com/product/131136_200w.jpg,2,1922,https://cpt.tcgcsv.com/Ls32,2024-08-12T20:06:16.82,1,0.09,0.35,2.29,0.18,0.09,Unlimited,MACR-EN019,Common,DARK,Pendulum/Effect Monster,"<b>Pendulum Effect :</b> Once per turn, if you control no monsters: You can place 1 ""Supreme King Gate"" Pendulum Monster from your Deck in your Pendulum Zone, also you cannot Pendulum Summon monsters for the rest of this turn, except DARK monsters.
<br><b>Monster Effect :</b> If this card is Normal or Special Summoned: You can add 1 ""Supreme King Gate"" Pendulum Monster from your Deck to your hand. If this card is in your Graveyard and you control no monsters: You can Special Summon this card. You can only use each monster effect of ""Supreme King Dragon Darkwurm"" once per turn.",Dragon,1800,1200
131137,"Majesty Maiden, the True Dracocaster",Majesty Maiden the True Dracocaster,https://tcgplayer-cdn.tcgplayer.com/product/131137_200w.jpg,2,1922,https://cpt.tcgcsv.com/Ms32,2023-06-29T19:23:20.857,1,0.25,0.89,3.88,0.95,,Unlimited,MACR-EN020,Ultra Rare,WIND,Effect Monster,"To Tribute Summon this card face-up, you can Tribute a Continuous Spell/Trap Card you control, instead of a monster. Once per turn, during either player's turn, when your opponent activates a card or effect while you control this Tribute Summoned monster: You can add 1 ""True Draco"" or ""True King"" monster from your Deck to your hand.",Wyrm,2300,1500
131137,"Majesty Maiden, the True Dracocaster",Majesty Maiden the True Dracocaster,https://tcgplayer-cdn.tcgplayer.com/product/131137_200w.jpg,2,1922,https://cpt.tcgcsv.com/Ms32,2023-06-29T19:23:20.857,1,0.4,1.36,5.0,1.42,,1st Edition,MACR-EN020,Ultra Rare,WIND,Effect Monster,"To Tribute Summon this card face-up, you can Tribute a Continuous Spell/Trap Card you control, instead of a monster. Once per turn, during either player's turn, when your opponent activates a card or effect while you control this Tribute Summoned monster: You can add 1 ""True Draco"" or ""True King"" monster from your Deck to your hand.",Wyrm,2300,1500
131138,"Ignis Heat, the True Dracowarrior",Ignis Heat the True Dracowarrior,https://tcgplayer-cdn.tcgplayer.com/product/131138_200w.jpg,2,1922,https://cpt.tcgcsv.com/Ns32,2017-06-22T19:08:14.05,1,5.69,9.36,19.95,8.22,12.97,1st Edition,MACR-EN021,Ultra Rare,FIRE,Effect Monster,"To Tribute Summon this card face-up, you can Tribute a Continuous Spell/Trap Card you control, instead of a monster. Once per turn, during either player's turn, when your opponent activates a card or effect while you control this Tribute Summoned monster: You can take 1 ""True Draco"" or ""True King"" Continuous Spell Card from your Deck, and either activate it or add it to your hand.",Wyrm,2400,1000
131138,"Ignis Heat, the True Dracowarrior",Ignis Heat the True Dracowarrior,https://tcgplayer-cdn.tcgplayer.com/product/131138_200w.jpg,2,1922,https://cpt.tcgcsv.com/Ns32,2017-06-22T19:08:14.05,1,4.18,10.16,29.95,3.23,,Unlimited,MACR-EN021,Ultra Rare,FIRE,Effect Monster,"To Tribute Summon this card face-up, you can Tribute a Continuous Spell/Trap Card you control, instead of a monster. Once per turn, during either player's turn, when your opponent activates a card or effect while you control this Tribute Summoned monster: You can take 1 ""True Draco"" or ""True King"" Continuous Spell Card from your Deck, and either activate it or add it to your hand.",Wyrm,2400,1000
131139,"Dinomight Knight, the True Dracofighter",Dinomight Knight the True Dracofighter,https://tcgplayer-cdn.tcgplayer.com/product/131139_200w.jpg,2,1922,https://cpt.tcgcsv.com/Ps32,2023-07-06T05:56:43.187,1,0.37,2.0,11.56,1.51,0.95,Unlimited,MACR-EN022,Ultra Rare,WATER,Effect Monster,"To Tribute Summon this card face-up, you can Tribute a Continuous Spell/Trap Card you control, instead of a monster. Once per turn, during either player's turn, when your opponent activates a card or effect while you control this Tribute Summoned monster: You can take 1 ""True Draco"" or ""True King"" Continuous Trap Card from your Deck, and either activate it or add it to your hand.",Wyrm,2500,1200
131139,"Dinomight Knight, the True Dracofighter",Dinomight Knight the True Dracofighter,https://tcgplayer-cdn.tcgplayer.com/product/131139_200w.jpg,2,1922,https://cpt.tcgcsv.com/Ps32,2023-07-06T05:56:43.187,1,0.4,1.79,111.0,1.55,1.02,1st Edition,MACR-EN022,Ultra Rare,WATER,Effect Monster,"To Tribute Summon this card face-up, you can Tribute a Continuous Spell/Trap Card you control, instead of a monster. Once per turn, during either player's turn, when your opponent activates a card or effect while you control this Tribute Summoned monster: You can take 1 ""True Draco"" or ""True King"" Continuous Trap Card from your Deck, and either activate it or add it to your hand.",Wyrm,2500,1200
131140,"Dreiath III, the True Dracocavalry General",Dreiath III the True Dracocavalry General,https://tcgplayer-cdn.tcgplayer.com/product/131140_200w.jpg,2,1922,https://cpt.tcgcsv.com/Qs32,2017-06-22T19:08:39.86,1,0.3,1.0,6.48,0.92,,Unlimited,MACR-EN023,Ultra Rare,EARTH,Effect Monster,"To Tribute Summon this card face-up, you can Tribute a Continuous Spell/Trap Card you control, instead of a monster. Your opponent cannot target face-up ""True Draco"" or ""True King"" monsters on the field with card effects, except this one, also they cannot be destroyed by your opponent's card effects. If this face-up Tribute Summoned monster leaves the field: You can Special Summon 1 ""True Draco"" or ""True King"" monster from your Deck in Defense Position.",Wyrm,2100,2800
131140,"Dreiath III, the True Dracocavalry General",Dreiath III the True Dracocavalry General,https://tcgplayer-cdn.tcgplayer.com/product/131140_200w.jpg,2,1922,https://cpt.tcgcsv.com/Qs32,2017-06-22T19:08:39.86,1,0.65,1.42,6.99,1.42,,1st Edition,MACR-EN023,Ultra Rare,EARTH,Effect Monster,"To Tribute Summon this card face-up, you can Tribute a Continuous Spell/Trap Card you control, instead of a monster. Your opponent cannot target face-up ""True Draco"" or ""True King"" monsters on the field with card effects, except this one, also they cannot be destroyed by your opponent's card effects. If this face-up Tribute Summoned monster leaves the field: You can Special Summon 1 ""True Draco"" or ""True King"" monster from your Deck in Defense Position.",Wyrm,2100,2800
131141,"Master Peace, the True Dracoslaying King",Master Peace the True Dracoslaying King,https://tcgplayer-cdn.tcgplayer.com/product/131141_200w.jpg,2,1922,https://cpt.tcgcsv.com/Rs32,2023-05-03T10:33:40.863,1,1.28,9.84,39.99,2.11,,Unlimited,MACR-EN024,Secret Rare,LIGHT,Effect Monster,"To Tribute Summon this card face-up, you can Tribute Continuous Spell/Trap Card(s) you control, as well as monsters. Unaffected by the effects of cards with the same card type (Monster, Spell, and/or Trap) as the original card type of the cards Tributed for its Tribute Summon. Once per turn, during either player's turn, if you control this Tribute Summoned monster: You can banish 1 Continuous Spell/Trap Card from your Graveyard, then target 1 other card on the field; destroy it.",Wyrm,2950,2950
131141,"Master Peace, the True Dracoslaying King",Master Peace the True Dracoslaying King,https://tcgplayer-cdn.tcgplayer.com/product/131141_200w.jpg,2,1922,https://cpt.tcgcsv.com/Rs32,2023-05-03T10:33:40.863,1,1.9,14.99,80.0,2.71,,1st Edition,MACR-EN024,Secret Rare,LIGHT,Effect Monster,"To Tribute Summon this card face-up, you can Tribute Continuous Spell/Trap Card(s) you control, as well as monsters. Unaffected by the effects of cards with the same card type (Monster, Spell, and/or Trap) as the original card type of the cards Tributed for its Tribute Summon. Once per turn, during either player's turn, if you control this Tribute Summoned monster: You can banish 1 Continuous Spell/Trap Card from your Graveyard, then target 1 other card on the field; destroy it.",Wyrm,2950,2950
131142,"Metaltron XII, the True Dracombatant",Metaltron XII the True Dracombatant,https://tcgplayer-cdn.tcgplayer.com/product/131142_200w.jpg,2,1922,https://cpt.tcgcsv.com/Ss32,2022-02-25T11:26:36.723,1,0.1,0.35,1.99,0.26,,Unlimited,MACR-EN025,Super Rare,LIGHT,Effect Monster,"Requires 3 Tributes to Normal Summon (cannot be Normal Set). To Tribute Summon this card face-up, you can Tribute Continuous Spell/Trap Card(s) you control, as well as monsters. Unaffected by the effects of cards with the same card type (Monster, Spell, and/or Trap) as the original card type of the cards Tributed for its Tribute Summon. If this Tribute Summoned monster in its owner's control is destroyed by an opponent's card (by battle or card effect): You can Special Summon 1 Fusion, Synchro, or Xyz Monster that is EARTH, WATER, FIRE, or WIND from your Extra Deck.",Wyrm,3000,3000
131142,"Metaltron XII, the True Dracombatant",Metaltron XII the True Dracombatant,https://tcgplayer-cdn.tcgplayer.com/product/131142_200w.jpg,2,1922,https://cpt.tcgcsv.com/Ss32,2022-02-25T11:26:36.723,1,0.1,0.4,9.99,0.24,,1st Edition,MACR-EN025,Super Rare,LIGHT,Effect Monster,"Requires 3 Tributes to Normal Summon (cannot be Normal Set). To Tribute Summon this card face-up, you can Tribute Continuous Spell/Trap Card(s) you control, as well as monsters. Unaffected by the effects of cards with the same card type (Monster, Spell, and/or Trap) as the original card type of the cards Tributed for its Tribute Summon. If this Tribute Summoned monster in its owner's control is destroyed by an opponent's card (by battle or card effect): You can Special Summon 1 Fusion, Synchro, or Xyz Monster that is EARTH, WATER, FIRE, or WIND from your Extra Deck.",Wyrm,3000,3000
131143,"Mariamne, the True Dracophoenix",Mariamne the True Dracophoenix,https://tcgplayer-cdn.tcgplayer.com/product/131143_200w.jpg,2,1922,https://cpt.tcgcsv.com/Ts32,2017-06-22T19:09:20.017,1,0.12,0.49,9.99,0.37,,1st Edition,MACR-EN026,Ultra Rare,WIND,Effect Monster,"If this card is in your hand: You can destroy 2 other monsters in your hand and/or face-up on your field, including a WIND monster, and if you do, Special Summon this card, and if you do that, and both destroyed monsters were WIND, you can also banish exactly 4 cards from the top of your opponent's Deck. If this card is destroyed by card effect: You can add 1 non-WIND Wyrm-Type monster from your Deck to your hand. You can only use each effect of ""Mariamne, the True Dracophoenix"" once per turn.",Wyrm,2700,2100
131143,"Mariamne, the True Dracophoenix",Mariamne the True Dracophoenix,https://tcgplayer-cdn.tcgplayer.com/product/131143_200w.jpg,2,1922,https://cpt.tcgcsv.com/Ts32,2017-06-22T19:09:20.017,1,0.05,0.5,3.5,0.26,,Unlimited,MACR-EN026,Ultra Rare,WIND,Effect Monster,"If this card is in your hand: You can destroy 2 other monsters in your hand and/or face-up on your field, including a WIND monster, and if you do, Special Summon this card, and if you do that, and both destroyed monsters were WIND, you can also banish exactly 4 cards from the top of your opponent's Deck. If this card is destroyed by card effect: You can add 1 non-WIND Wyrm-Type monster from your Deck to your hand. You can only use each effect of ""Mariamne, the True Dracophoenix"" once per turn.",Wyrm,2700,2100
131144,Zoodiac Kataroost,Zoodiac Kataroost,https://tcgplayer-cdn.tcgplayer.com/product/131144_200w.jpg,2,1922,https://cpt.tcgcsv.com/Vs32,2024-09-07T12:13:40.58,1,0.01,0.25,1.49,0.21,,1st Edition,MACR-EN027,Common,EARTH,Effect Monster,"If this card is destroyed by battle or card effect: You can target 1 ""Zoodiac"" card in your Graveyard, except ""Zoodiac Kataroost""; shuffle it into the Deck. An Xyz Monster whose original Type is Beast-Warrior and has this card as Xyz Material gains this effect.
<br><b>-</b> During either player's turn, when your opponent activates a monster effect that targets this card: You can detach 1 Xyz Material from this card; negate the activation.",Beast-Warrior,800,1200
131144,Zoodiac Kataroost,Zoodiac Kataroost,https://tcgplayer-cdn.tcgplayer.com/product/131144_200w.jpg,2,1922,https://cpt.tcgcsv.com/Vs32,2024-09-07T12:13:40.58,1,0.03,0.21,1.99,0.16,,Unlimited,MACR-EN027,Common,EARTH,Effect Monster,"If this card is destroyed by battle or card effect: You can target 1 ""Zoodiac"" card in your Graveyard, except ""Zoodiac Kataroost""; shuffle it into the Deck. An Xyz Monster whose original Type is Beast-Warrior and has this card as Xyz Material gains this effect.
<br><b>-</b> During either player's turn, when your opponent activates a monster effect that targets this card: You can detach 1 Xyz Material from this card; negate the activation.",Beast-Warrior,800,1200
131145,Phantasm Spiral Dragon,Phantasm Spiral Dragon,https://tcgplayer-cdn.tcgplayer.com/product/131145_200w.jpg,2,1922,https://cpt.tcgcsv.com/Ws32,2024-08-12T20:06:16.85,1,0.35,0.73,30.0,0.71,,Unlimited,MACR-EN028,Rare,WATER,Normal Monster,"<i>A ferocious serpent that was being hunted by Atlanteans. Battle-weary and ragged, it came upon an ancient light, and gained new strength for its battle. With its increased power, it launched an invasion of enemy territory with a renewed assault.",Wyrm,2900,2900
131145,Phantasm Spiral Dragon,Phantasm Spiral Dragon,https://tcgplayer-cdn.tcgplayer.com/product/131145_200w.jpg,2,1922,https://cpt.tcgcsv.com/Ws32,2024-08-12T20:06:16.85,1,0.2,0.7,1.97,0.67,,1st Edition,MACR-EN028,Rare,WATER,Normal Monster,"<i>A ferocious serpent that was being hunted by Atlanteans. Battle-weary and ragged, it came upon an ancient light, and gained new strength for its battle. With its increased power, it launched an invasion of enemy territory with a renewed assault.",Wyrm,2900,2900
131146,Digital Bug LEDybug,Digital Bug LEDybug,https://tcgplayer-cdn.tcgplayer.com/product/131146_200w.jpg,2,1922,https://cpt.tcgcsv.com/Xs32,2024-08-12T20:06:16.93,1,0.01,0.2,1.32,0.09,0.08,Unlimited,MACR-EN029,Common,LIGHT,Effect Monster,"Cannot be used as an Xyz Material for an Xyz Summon, except for the Xyz Summon of an Insect-Type monster. Once per turn, when this face-up card is changed from Attack Position to Defense Position: You can add 1 Level 3 Insect-Type monster from your Deck to your hand. An Xyz Monster that was Summoned using this card on the field as Xyz Material gains this effect.
<br><b>-</b> When this card destroys a monster by battle, draw 1 card.",Insect,500,0
131146,Digital Bug LEDybug,Digital Bug LEDybug,https://tcgplayer-cdn.tcgplayer.com/product/131146_200w.jpg,2,1922,https://cpt.tcgcsv.com/Xs32,2024-08-12T20:06:16.93,1,0.02,0.2,1.33,0.13,0.03,1st Edition,MACR-EN029,Common,LIGHT,Effect Monster,"Cannot be used as an Xyz Material for an Xyz Summon, except for the Xyz Summon of an Insect-Type monster. Once per turn, when this face-up card is changed from Attack Position to Defense Position: You can add 1 Level 3 Insect-Type monster from your Deck to your hand. An Xyz Monster that was Summoned using this card on the field as Xyz Material gains this effect.
<br><b>-</b> When this card destroys a monster by battle, draw 1 card.",Insect,500,0
131147,Zefraath,Zefraath,https://tcgplayer-cdn.tcgplayer.com/product/131147_200w.jpg,2,1922,https://cpt.tcgcsv.com/Zs32,2024-08-12T20:06:17.137,1,0.02,0.38,5.0,0.16,,Unlimited,MACR-EN030,Super Rare,EARTH,Pendulum/Effect Monster,"<b>Pendulum Effect :</b> During your Main Phase: You can add 1 ""Zefra"" Pendulum Monster from your Deck to your Extra Deck face-up, and if you do, change this card's Pendulum Scale to be the same as that Pendulum Monster's, until the end of this turn. You can only use this effect of ""Zefraath"" once per turn.
<br><b>Monster Effect :</b> Cannot be Normal Summoned/Set. Must be Special Summoned (from your face-up Extra Deck) by Tributing all monsters you control, including at least 3 ""Zefra"" monsters, and cannot be Special Summoned by other ways. After you Special Summon this card, you can conduct 1 Pendulum Summon of a ""Zefra"" monster(s) during your Main Phase this turn, in addition to your Pendulum Summon. (You can only gain this effect once per turn.) Once per turn: You can Tribute 1 monster; Special Summon 1 ""Zefra"" monster from your Deck.",Rock,3450,2950
131147,Zefraath,Zefraath,https://tcgplayer-cdn.tcgplayer.com/product/131147_200w.jpg,2,1922,https://cpt.tcgcsv.com/Zs32,2024-08-12T20:06:17.137,1,0.09,0.37,2.11,0.16,,1st Edition,MACR-EN030,Super Rare,EARTH,Pendulum/Effect Monster,"<b>Pendulum Effect :</b> During your Main Phase: You can add 1 ""Zefra"" Pendulum Monster from your Deck to your Extra Deck face-up, and if you do, change this card's Pendulum Scale to be the same as that Pendulum Monster's, until the end of this turn. You can only use this effect of ""Zefraath"" once per turn.
<br><b>Monster Effect :</b> Cannot be Normal Summoned/Set. Must be Special Summoned (from your face-up Extra Deck) by Tributing all monsters you control, including at least 3 ""Zefra"" monsters, and cannot be Special Summoned by other ways. After you Special Summon this card, you can conduct 1 Pendulum Summon of a ""Zefra"" monster(s) during your Main Phase this turn, in addition to your Pendulum Summon. (You can only gain this effect once per turn.) Once per turn: You can Tribute 1 monster; Special Summon 1 ""Zefra"" monster from your Deck.",Rock,3450,2950
131148,"Ariel, Priestess of the Nekroz",Ariel Priestess of the Nekroz,https://tcgplayer-cdn.tcgplayer.com/product/131148_200w.jpg,2,1922,https://cpt.tcgcsv.com/-s32,2024-08-12T20:06:17.2,1,0.05,0.25,1.49,0.18,0.2,Unlimited,MACR-EN031,Rare,WATER,Effect Monster,"Once per turn: You can reveal any number of ""Nekroz"" cards in your hand; increase or reduce this card's Level by the number of revealed cards until the end of this turn. If this card is Tributed by a card effect: You can add 1 ""Nekroz"" monster from your Deck to your hand, except a Ritual Monster. You can only use this effect of ""Ariel, Priestess of the Nekroz"" once per turn.",Psychic,1000,1800
131148,"Ariel, Priestess of the Nekroz",Ariel Priestess of the Nekroz,https://tcgplayer-cdn.tcgplayer.com/product/131148_200w.jpg,2,1922,https://cpt.tcgcsv.com/-s32,2024-08-12T20:06:17.2,1,0.14,0.26,1.51,0.23,0.23,1st Edition,MACR-EN031,Rare,WATER,Effect Monster,"Once per turn: You can reveal any number of ""Nekroz"" cards in your hand; increase or reduce this card's Level by the number of revealed cards until the end of this turn. If this card is Tributed by a card effect: You can add 1 ""Nekroz"" monster from your Deck to your hand, except a Ritual Monster. You can only use this effect of ""Ariel, Priestess of the Nekroz"" once per turn.",Psychic,1000,1800
131149,B.E.S. Big Core MK-3,BES Big Core MK 3,https://tcgplayer-cdn.tcgplayer.com/product/131149_200w.jpg,2,1922,https://cpt.tcgcsv.com/_s32,2024-08-12T20:06:17.28,1,0.07,0.25,1.49,0.22,,Unlimited,MACR-EN032,Rare,LIGHT,Effect Monster,"If your opponent controls a monster and you control no monsters, you can Special Summon this card (from your hand) in Defense Position. If this card is Normal or Special Summoned: Place 3 counters on this card. Cannot be destroyed by battle. At the end of the Damage Step, if this card battles a monster: Remove 1 counter from this card. If you cannot, destroy it. You can banish this card from your Graveyard; shuffle all ""B.E.S."" monsters from your Graveyard into the Deck.",Machine,2700,1900
131149,B.E.S. Big Core MK-3,BES Big Core MK 3,https://tcgplayer-cdn.tcgplayer.com/product/131149_200w.jpg,2,1922,https://cpt.tcgcsv.com/_s32,2024-08-12T20:06:17.28,1,0.05,0.25,1.5,0.17,0.17,1st Edition,MACR-EN032,Rare,LIGHT,Effect Monster,"If your opponent controls a monster and you control no monsters, you can Special Summon this card (from your hand) in Defense Position. If this card is Normal or Special Summoned: Place 3 counters on this card. Cannot be destroyed by battle. At the end of the Damage Step, if this card battles a monster: Remove 1 counter from this card. If you cannot, destroy it. You can banish this card from your Graveyard; shuffle all ""B.E.S."" monsters from your Graveyard into the Deck.",Machine,2700,1900
131150,Pendulumucho,Pendulumucho,https://tcgplayer-cdn.tcgplayer.com/product/131150_200w.jpg,2,1922,https://cpt.tcgcsv.com/0t32,2017-06-22T19:11:01.213,1,0.01,0.28,1.49,0.34,,Unlimited,MACR-EN033,Super Rare,EARTH,Pendulum/Effect Monster,"<b>Pendulum Effect :</b> Once per turn, during your Main Phase, if this card was activated this turn: You can target 1 of your Pendulum Monsters, that is banished or in your Graveyard, except ""Pendulumucho""; add it to your Extra Deck face-up.
<br><b>Monster Effect : </b> If this card is Normal or Special Summoned: You can Special Summon 1 face-up Level 1 Pendulum Monster from your Extra Deck, except ""Pendulumucho"", but banish it when it leaves the field.",Winged Beast,0,0
131150,Pendulumucho,Pendulumucho,https://tcgplayer-cdn.tcgplayer.com/product/131150_200w.jpg,2,1922,https://cpt.tcgcsv.com/0t32,2017-06-22T19:11:01.213,1,0.03,0.25,3.01,0.12,0.11,1st Edition,MACR-EN033,Super Rare,EARTH,Pendulum/Effect Monster,"<b>Pendulum Effect :</b> Once per turn, during your Main Phase, if this card was activated this turn: You can target 1 of your Pendulum Monsters, that is banished or in your Graveyard, except ""Pendulumucho""; add it to your Extra Deck face-up.
<br><b>Monster Effect : </b> If this card is Normal or Special Summoned: You can Special Summon 1 face-up Level 1 Pendulum Monster from your Extra Deck, except ""Pendulumucho"", but banish it when it leaves the field.",Winged Beast,0,0
131151,Baobaboon,Baobaboon,https://tcgplayer-cdn.tcgplayer.com/product/131151_200w.jpg,2,1922,https://cpt.tcgcsv.com/2t32,2024-08-12T20:06:17.357,1,0.01,0.2,1.49,0.12,0.09,Unlimited,MACR-EN034,Common,DARK,Effect Monster,"If this card is Normal or Special Summoned: You can draw 1 card, then place 1 card from your hand on either the top or bottom of your Deck. If this card is destroyed by battle or card effect: You can Special Summon any number of ""Baobaboon"" from your Deck.",Plant,1200,1000
131151,Baobaboon,Baobaboon,https://tcgplayer-cdn.tcgplayer.com/product/131151_200w.jpg,2,1922,https://cpt.tcgcsv.com/2t32,2024-08-12T20:06:17.357,1,0.01,0.2,1.32,0.09,0.11,1st Edition,MACR-EN034,Common,DARK,Effect Monster,"If this card is Normal or Special Summoned: You can draw 1 card, then place 1 card from your hand on either the top or bottom of your Deck. If this card is destroyed by battle or card effect: You can Special Summon any number of ""Baobaboon"" from your Deck.",Plant,1200,1000
131152,Fire Cracker,Fire Cracker,https://tcgplayer-cdn.tcgplayer.com/product/131152_200w.jpg,2,1922,https://cpt.tcgcsv.com/3t32,2017-06-22T19:11:24.68,1,0.11,0.25,1.0,0.17,,Unlimited,MACR-EN035,Common,FIRE,Effect Monster,"During either player's turn: You can discard this card; inflict 1000 damage to your opponent, and if you do, skip your next Draw Phase. You can only use this effect of ""Fire Cracker"" once per turn. Each time your opponent takes effect damage, place 1 counter on this card. Once per turn, during the End Phase: Remove all counters from this card that were placed by its effect, and if you do, inflict 300 damage to your opponent for each.",Fiend,1700,200
131152,Fire Cracker,Fire Cracker,https://tcgplayer-cdn.tcgplayer.com/product/131152_200w.jpg,2,1922,https://cpt.tcgcsv.com/3t32,2017-06-22T19:11:24.68,1,0.1,0.25,1.88,0.18,0.18,1st Edition,MACR-EN035,Common,FIRE,Effect Monster,"During either player's turn: You can discard this card; inflict 1000 damage to your opponent, and if you do, skip your next Draw Phase. You can only use this effect of ""Fire Cracker"" once per turn. Each time your opponent takes effect damage, place 1 counter on this card. Once per turn, during the End Phase: Remove all counters from this card that were placed by its effect, and if you do, inflict 300 damage to your opponent for each.",Fiend,1700,200
131153,Ash Blossom & Joyous Spring,Ash Blossom and Joyous Spring,https://tcgplayer-cdn.tcgplayer.com/product/131153_200w.jpg,2,1922,https://cpt.tcgcsv.com/5t32,2023-06-10T04:58:41.623,1,14.45,25.0,250.0,16.76,,1st Edition,MACR-EN036,Secret Rare,FIRE,Tuner/Effect Monster,"During either player's turn, when a card or effect is activated that includes any of these effects: You can discard this card; negate that effect.
<br><b>-</b> Add a card from the Deck to the hand.
<br><b>-</b> Special Summon from the Deck.
<br><b>-</b> Send a card from the Deck to the Graveyard.
<br>You can only use this effect of ""Ash Blossom & Joyous Spring"" once per turn.",Zombie,0,1800
131153,Ash Blossom & Joyous Spring,Ash Blossom and Joyous Spring,https://tcgplayer-cdn.tcgplayer.com/product/131153_200w.jpg,2,1922,https://cpt.tcgcsv.com/5t32,2023-06-10T04:58:41.623,1,10.55,15.99,95.0,12.68,,Unlimited,MACR-EN036,Secret Rare,FIRE,Tuner/Effect Monster,"During either player's turn, when a card or effect is activated that includes any of these effects: You can discard this card; negate that effect.
<br><b>-</b> Add a card from the Deck to the hand.
<br><b>-</b> Special Summon from the Deck.
<br><b>-</b> Send a card from the Deck to the Graveyard.
<br>You can only use this effect of ""Ash Blossom & Joyous Spring"" once per turn.",Zombie,0,1800
131154,Familiar-Possessed - Lyna,Familiar Possessed Lyna,https://tcgplayer-cdn.tcgplayer.com/product/131154_200w.jpg,2,1922,https://cpt.tcgcsv.com/6t32,2024-08-12T20:06:17.407,1,0.1,0.3,1.0,0.15,,1st Edition,MACR-EN037,Common,LIGHT,Effect Monster,"You can Special Summon this card (from your hand or Deck) by sending 1 face-up ""Lyna the Light Charmer"" you control and 1 face-up LIGHT monster you control to the Graveyard. When Summoned this way: You can add 1 Spellcaster-Type monster with 1500 DEF from your Deck to your hand, except ""Familiar-Possessed - Lyna"". If this card Special Summoned by its own effect attacks a Defense Position monster, inflict piercing battle damage to your opponent.",Spellcaster,1850,1500
131154,Familiar-Possessed - Lyna,Familiar Possessed Lyna,https://tcgplayer-cdn.tcgplayer.com/product/131154_200w.jpg,2,1922,https://cpt.tcgcsv.com/6t32,2024-08-12T20:06:17.407,1,0.1,0.28,1.7,0.27,0.11,Unlimited,MACR-EN037,Common,LIGHT,Effect Monster,"You can Special Summon this card (from your hand or Deck) by sending 1 face-up ""Lyna the Light Charmer"" you control and 1 face-up LIGHT monster you control to the Graveyard. When Summoned this way: You can add 1 Spellcaster-Type monster with 1500 DEF from your Deck to your hand, except ""Familiar-Possessed - Lyna"". If this card Special Summoned by its own effect attacks a Defense Position monster, inflict piercing battle damage to your opponent.",Spellcaster,1850,1500
131155,Fairy Tail - Luna,Fairy Tail Luna,https://tcgplayer-cdn.tcgplayer.com/product/131155_200w.jpg,2,1922,https://cpt.tcgcsv.com/7t32,2024-08-12T20:06:17.453,1,0.07,0.38,3.5,0.15,0.1,1st Edition,MACR-EN038,Super Rare,LIGHT,Effect Monster,"When this card is Normal Summoned: You can add 1 Spellcaster-Type monster with 1850 ATK from your Deck to your hand. Once per turn, during either player's turn: You can target 1 face-up monster your opponent controls; your opponent can send 1 card with that monster's name from their Deck or Extra Deck to the Graveyard to negate this effect, otherwise return both this card and that monster to the hand.",Spellcaster,1850,1000
131155,Fairy Tail - Luna,Fairy Tail Luna,https://tcgplayer-cdn.tcgplayer.com/product/131155_200w.jpg,2,1922,https://cpt.tcgcsv.com/7t32,2024-08-12T20:06:17.453,1,0.09,0.4,4.99,0.22,,Unlimited,MACR-EN038,Super Rare,LIGHT,Effect Monster,"When this card is Normal Summoned: You can add 1 Spellcaster-Type monster with 1850 ATK from your Deck to your hand. Once per turn, during either player's turn: You can target 1 face-up monster your opponent controls; your opponent can send 1 card with that monster's name from their Deck or Extra Deck to the Graveyard to negate this effect, otherwise return both this card and that monster to the hand.",Spellcaster,1850,1000
131156,Supreme King Z-ARC,Supreme King Z ARC,https://tcgplayer-cdn.tcgplayer.com/product/131156_200w.jpg,2,1922,https://cpt.tcgcsv.com/8t32,2017-06-22T19:13:47.557,1,1.71,3.48,29.99,3.24,19.98,1st Edition,MACR-EN039,Secret Rare,DARK,Fusion/Pendulum/Effect Monster,"<b>Pendulum Effect :</b> Fusion, Synchro, and Xyz Monsters your opponent controls cannot activate their effects. Once per turn, when your opponent adds a card(s) from their Deck to their hand (except during the Draw Phase or the Damage Step): You can destroy that card(s).
<br><b>Monster Effect :</b> 4 Dragon-Type monsters (1 Fusion, 1 Synchro, 1 Xyz, and 1 Pendulum)<br>
Must be Fusion Summoned and cannot be Special Summoned by other ways. If this card is Special Summoned: Destroy all cards your opponent controls. Cannot be destroyed by your opponent's card effects. Your opponent cannot target this card with card effects. When this card destroys an opponent's monster by battle: You can Special Summon 1 ""Supreme King Dragon"" monster from your Deck or Extra Deck. If this card in the Monster Zone is destroyed by battle or card effect: You can place this card in your Pendulum Zone.",Dragon,4000,4000
131156,Supreme King Z-ARC,Supreme King Z ARC,https://tcgplayer-cdn.tcgplayer.com/product/131156_200w.jpg,2,1922,https://cpt.tcgcsv.com/8t32,2017-06-22T19:13:47.557,1,1.03,3.0,29.99,1.41,,Unlimited,MACR-EN039,Secret Rare,DARK,Fusion/Pendulum/Effect Monster,"<b>Pendulum Effect :</b> Fusion, Synchro, and Xyz Monsters your opponent controls cannot activate their effects. Once per turn, when your opponent adds a card(s) from their Deck to their hand (except during the Draw Phase or the Damage Step): You can destroy that card(s).
<br><b>Monster Effect :</b> 4 Dragon-Type monsters (1 Fusion, 1 Synchro, 1 Xyz, and 1 Pendulum)<br>
Must be Fusion Summoned and cannot be Special Summoned by other ways. If this card is Special Summoned: Destroy all cards your opponent controls. Cannot be destroyed by your opponent's card effects. Your opponent cannot target this card with card effects. When this card destroys an opponent's monster by battle: You can Special Summon 1 ""Supreme King Dragon"" monster from your Deck or Extra Deck. If this card in the Monster Zone is destroyed by battle or card effect: You can place this card in your Pendulum Zone.",Dragon,4000,4000
131157,Performapal Gatlinghoul,Performapal Gatlinghoul,https://tcgplayer-cdn.tcgplayer.com/product/131157_200w.jpg,2,1922,https://cpt.tcgcsv.com/9t32,2023-03-14T08:11:42.453,1,0.22,0.5,4.99,0.36,0.98,1st Edition,MACR-EN040,Ultra Rare,DARK,Fusion/Effect Monster,"1 ""Performapal"" monster + 1 Level 5 or higher DARK monster
<br>If this card is Fusion Summoned: You can inflict 200 damage to your opponent for each card on the field, then, if this card was Fusion Summoned using a Pendulum Monster as Material, destroy 1 monster your opponent controls, and if you do, inflict damage to your opponent equal to that monster's original ATK. You can only use this effect of ""Performapal Gatlinghoul"" once per turn.",Fiend,2900,900
131157,Performapal Gatlinghoul,Performapal Gatlinghoul,https://tcgplayer-cdn.tcgplayer.com/product/131157_200w.jpg,2,1922,https://cpt.tcgcsv.com/9t32,2023-03-14T08:11:42.453,1,0.22,0.49,2.9,0.26,,Unlimited,MACR-EN040,Ultra Rare,DARK,Fusion/Effect Monster,"1 ""Performapal"" monster + 1 Level 5 or higher DARK monster
<br>If this card is Fusion Summoned: You can inflict 200 damage to your opponent for each card on the field, then, if this card was Fusion Summoned using a Pendulum Monster as Material, destroy 1 monster your opponent controls, and if you do, inflict damage to your opponent equal to that monster's original ATK. You can only use this effect of ""Performapal Gatlinghoul"" once per turn.",Fiend,2900,900
131158,Lyrilusc - Independent Nightingale,Lyrilusc Independent Nightingale,https://tcgplayer-cdn.tcgplayer.com/product/131158_200w.jpg,2,1922,https://cpt.tcgcsv.com/bt32,2024-12-01T10:39:27.32,1,0.1,0.44,5.0,0.32,0.3,1st Edition,MACR-EN041,Super Rare,WIND,Fusion/Effect Monster,"""Lyrilusc - Assembled Nightingale"" + 1 ""Lyrilusc"" monster
<br>If this card is Fusion Summoned using an Xyz Monster on the field as Fusion Material whose original name includes ""Lyrilusc"": You can increase this card's Level by the number of Xyz Materials that monster(s) had. This card gains ATK equal to its Level x 500. Unaffected by other cards' effects. Once per turn: You can inflict damage to your opponent equal to this card's Level x 500.",Winged Beast,1000,0
131158,Lyrilusc - Independent Nightingale,Lyrilusc Independent Nightingale,https://tcgplayer-cdn.tcgplayer.com/product/131158_200w.jpg,2,1922,https://cpt.tcgcsv.com/bt32,2024-12-01T10:39:27.32,1,0.2,0.4,4.94,0.32,0.31,Unlimited,MACR-EN041,Super Rare,WIND,Fusion/Effect Monster,"""Lyrilusc - Assembled Nightingale"" + 1 ""Lyrilusc"" monster
<br>If this card is Fusion Summoned using an Xyz Monster on the field as Fusion Material whose original name includes ""Lyrilusc"": You can increase this card's Level by the number of Xyz Materials that monster(s) had. This card gains ATK equal to its Level x 500. Unaffected by other cards' effects. Once per turn: You can inflict damage to your opponent equal to this card's Level x 500.",Winged Beast,1000,0
131159,The Phantom Knights of Cursed Javelin,The Phantom Knights of Cursed Javelin,https://tcgplayer-cdn.tcgplayer.com/product/131159_200w.jpg,2,1922,https://cpt.tcgcsv.com/ct32,2017-06-22T19:14:24.367,1,0.05,0.35,2.5,0.15,,1st Edition,MACR-EN042,Super Rare,DARK,Xyz/Effect Monster,"2 Level 2 monsters
<br>You can detach 1 Xyz Material from this card, then target 1 face-up monster your opponent controls; until the end of this turn, change its ATK to 0, also it has its effects negated. This effect can be activated during either player's turn, if this card has a ""The Phantom Knights"" card as Xyz Material. You can only use this effect of ""The Phantom Knights of Cursed Javelin"" once per turn.",Warior,1600,0
131159,The Phantom Knights of Cursed Javelin,The Phantom Knights of Cursed Javelin,https://tcgplayer-cdn.tcgplayer.com/product/131159_200w.jpg,2,1922,https://cpt.tcgcsv.com/ct32,2017-06-22T19:14:24.367,1,0.05,0.33,2.01,0.17,,Unlimited,MACR-EN042,Super Rare,DARK,Xyz/Effect Monster,"2 Level 2 monsters
<br>You can detach 1 Xyz Material from this card, then target 1 face-up monster your opponent controls; until the end of this turn, change its ATK to 0, also it has its effects negated. This effect can be activated during either player's turn, if this card has a ""The Phantom Knights"" card as Xyz Material. You can only use this effect of ""The Phantom Knights of Cursed Javelin"" once per turn.",Warior,1600,0
131160,Lyrilusc - Assembled Nightingale,Lyrilusc Assembled Nightingale,https://tcgplayer-cdn.tcgplayer.com/product/131160_200w.jpg,2,1922,https://cpt.tcgcsv.com/dt32,2025-01-20T03:05:41.483,1,0.08,0.75,4.39,0.67,0.5,1st Edition,MACR-EN043,Super Rare,WIND,Xyz/Effect Monster,"2 or more Level 1 monsters
<br>This card gains 200 ATK for each Xyz Material attached to it. This card can attack directly. While this card has Xyz Material, it can attack a number of times each Battle Phase, up to the number of Xyz Material attached to it. Once per turn, during either player's turn: You can detach 1 Xyz Material from this card; until the end of this turn, ""Lyrilusc"" monsters you control cannot be destroyed by battle or card effects, also you take no battle damage.",Winged Beast,0,0
131160,Lyrilusc - Assembled Nightingale,Lyrilusc Assembled Nightingale,https://tcgplayer-cdn.tcgplayer.com/product/131160_200w.jpg,2,1922,https://cpt.tcgcsv.com/dt32,2025-01-20T03:05:41.483,1,0.1,0.63,3.0,0.49,0.66,Unlimited,MACR-EN043,Super Rare,WIND,Xyz/Effect Monster,"2 or more Level 1 monsters
<br>This card gains 200 ATK for each Xyz Material attached to it. This card can attack directly. While this card has Xyz Material, it can attack a number of times each Battle Phase, up to the number of Xyz Material attached to it. Once per turn, during either player's turn: You can detach 1 Xyz Material from this card; until the end of this turn, ""Lyrilusc"" monsters you control cannot be destroyed by battle or card effects, also you take no battle damage.",Winged Beast,0,0
131161,Raidraptor - Stranger Falcon,Raidraptor Stranger Falcon,https://tcgplayer-cdn.tcgplayer.com/product/131161_200w.jpg,2,1922,https://cpt.tcgcsv.com/ft32,2024-08-12T20:06:17.657,1,0.1,0.45,1.41,0.39,,Unlimited,MACR-EN044,Rare,DARK,Xyz/Effect Monster,"2 Level 5 monsters
<br>If this card has an Xyz Monster as an Xyz Material, it gains this effect.
<br><b>-</b> Once per turn: You can detach 1 Xyz Material from this card, then target 1 monster your opponent controls; destroy it, and if you do, inflict damage to your opponent equal to its original ATK.
If this card in your possession is destroyed by your opponent's card (by battle or card effect) and sent to your Graveyard: You can target 1 ""Raidraptor"" Xyz Monster in your Graveyard, except ""Raidraptor - Stranger Falcon""; Special Summon it, and if you do, attach this card to it as Xyz Material.",Winged Beast,2000,2000
131161,Raidraptor - Stranger Falcon,Raidraptor Stranger Falcon,https://tcgplayer-cdn.tcgplayer.com/product/131161_200w.jpg,2,1922,https://cpt.tcgcsv.com/ft32,2024-08-12T20:06:17.657,1,0.15,0.38,1.57,0.27,,1st Edition,MACR-EN044,Rare,DARK,Xyz/Effect Monster,"2 Level 5 monsters
<br>If this card has an Xyz Monster as an Xyz Material, it gains this effect.
<br><b>-</b> Once per turn: You can detach 1 Xyz Material from this card, then target 1 monster your opponent controls; destroy it, and if you do, inflict damage to your opponent equal to its original ATK.
If this card in your possession is destroyed by your opponent's card (by battle or card effect) and sent to your Graveyard: You can target 1 ""Raidraptor"" Xyz Monster in your Graveyard, except ""Raidraptor - Stranger Falcon""; Special Summon it, and if you do, attach this card to it as Xyz Material.",Winged Beast,2000,2000
131162,D/D/D Stone King Darius,D D D Stone King Darius,https://tcgplayer-cdn.tcgplayer.com/product/131162_200w.jpg,2,1922,https://cpt.tcgcsv.com/gt32,2023-08-22T14:35:18.14,1,0.18,0.53,4.09,0.47,0.86,Unlimited,MACR-EN045,Rare,EARTH,Xyz/Effect Monster,"2 Level 3 Fiend-Type monsters
<br>Once per turn, during either player's turn: You can detach 1 Xyz Material from this card, then target 1 ""Dark Contract"" card you control; destroy it, and if you do, draw 1 card. If this card battles an opponent's monster, during damage calculation: You can detach 1 Xyz Material from this card; make this card unable to be destroyed by that battle, destroy the opponent's monster that battled it after damage calculation, and if you do, inflict 500 damage to your opponent.",Fiend,1900,1000
131162,D/D/D Stone King Darius,D D D Stone King Darius,https://tcgplayer-cdn.tcgplayer.com/product/131162_200w.jpg,2,1922,https://cpt.tcgcsv.com/gt32,2023-08-22T14:35:18.14,1,0.2,0.56,9.11,0.52,0.49,1st Edition,MACR-EN045,Rare,EARTH,Xyz/Effect Monster,"2 Level 3 Fiend-Type monsters
<br>Once per turn, during either player's turn: You can detach 1 Xyz Material from this card, then target 1 ""Dark Contract"" card you control; destroy it, and if you do, draw 1 card. If this card battles an opponent's monster, during damage calculation: You can detach 1 Xyz Material from this card; make this card unable to be destroyed by that battle, destroy the opponent's monster that battled it after damage calculation, and if you do, inflict 500 damage to your opponent.",Fiend,1900,1000
131163,True King of All Calamities,True King of All Calamities,https://tcgplayer-cdn.tcgplayer.com/product/131163_200w.jpg,2,1922,https://cpt.tcgcsv.com/ht32,2024-08-12T20:06:17.78,1,0.05,0.49,4.99,0.22,,Unlimited,MACR-EN046,Super Rare,DARK,Xyz/Effect Monster,"2 or more Level 9 monsters
<br>Once per turn, during either player's turn: You can detach 1 Xyz Material from this card and declare 1 Attribute; this turn, all face-up monsters on the field become that Attribute, also all monsters in your opponent's possession with that Attribute cannot activate their effects or attack. Monsters that ""True Draco"" and ""True King"" monsters in your hand would destroy with their effects can be chosen from your opponent's field.",Wyrm,3000,3000
131163,True King of All Calamities,True King of All Calamities,https://tcgplayer-cdn.tcgplayer.com/product/131163_200w.jpg,2,1922,https://cpt.tcgcsv.com/ht32,2024-08-12T20:06:17.78,1,0.15,0.49,9.97,0.39,0.37,1st Edition,MACR-EN046,Super Rare,DARK,Xyz/Effect Monster,"2 or more Level 9 monsters
<br>Once per turn, during either player's turn: You can detach 1 Xyz Material from this card and declare 1 Attribute; this turn, all face-up monsters on the field become that Attribute, also all monsters in your opponent's possession with that Attribute cannot activate their effects or attack. Monsters that ""True Draco"" and ""True King"" monsters in your hand would destroy with their effects can be chosen from your opponent's field.",Wyrm,3000,3000
131164,Zoodiac Hammerkong,Zoodiac Hammerkong,https://tcgplayer-cdn.tcgplayer.com/product/131164_200w.jpg,2,1922,https://cpt.tcgcsv.com/jt32,2024-08-12T20:06:17.83,1,0.1,0.31,1.4,0.36,,Unlimited,MACR-EN047,Common,EARTH,Xyz/Effect Monster,"3 or more Level 4 monsters
<br>Once per turn, you can also Xyz Summon ""Zoodiac Hammerkong"" by using 1 ""Zoodiac"" monster you control with a different name as Xyz Material. (If you used an Xyz Monster, any Xyz Materials attached to it also become Xyz Materials on this card.) This card gains ATK and DEF equal to the ATK and DEF of all ""Zoodiac"" monsters attached to it as Materials. While this card has Xyz Material, your opponent cannot target face-up ""Zoodiac"" monsters on the field with card effects, except this one. Once per turn, during the End Phase: Detach 1 Xyz Material from this card.",Beast-Warrior,0,0
131164,Zoodiac Hammerkong,Zoodiac Hammerkong,https://tcgplayer-cdn.tcgplayer.com/product/131164_200w.jpg,2,1922,https://cpt.tcgcsv.com/jt32,2024-08-12T20:06:17.83,1,0.05,0.39,1.79,0.34,,1st Edition,MACR-EN047,Common,EARTH,Xyz/Effect Monster,"3 or more Level 4 monsters
<br>Once per turn, you can also Xyz Summon ""Zoodiac Hammerkong"" by using 1 ""Zoodiac"" monster you control with a different name as Xyz Material. (If you used an Xyz Monster, any Xyz Materials attached to it also become Xyz Materials on this card.) This card gains ATK and DEF equal to the ATK and DEF of all ""Zoodiac"" monsters attached to it as Materials. While this card has Xyz Material, your opponent cannot target face-up ""Zoodiac"" monsters on the field with card effects, except this one. Once per turn, during the End Phase: Detach 1 Xyz Material from this card.",Beast-Warrior,0,0
131165,Zoodiac Chakanine,Zoodiac Chakanine,https://tcgplayer-cdn.tcgplayer.com/product/131165_200w.jpg,2,1922,https://cpt.tcgcsv.com/kt32,2023-05-21T08:34:38.32,1,3.82,4.78,14.0,3.64,,Unlimited,MACR-EN048,Ultra Rare,EARTH,Xyz/Effect Monster,"2 or more Level 4 monsters
<br>Once per turn, you can also Xyz Summon ""Zoodiac Chakanine"" by using 1 ""Zoodiac"" monster you control with a different name as Xyz Material. (If you used an Xyz Monster, any Xyz Materials attached to it also become Xyz Materials on this card.) This card gains ATK and DEF equal to the ATK and DEF of all ""Zoodiac"" monsters attached to it as Materials. Once per turn: You can detach 1 Xyz Material from this card, then target 1 ""Zoodiac"" monster in your Graveyard; Special Summon it, but for the rest of this turn, it has its effects negated, also it cannot be used as an Xyz Material for a Summon.",Beast-Warrior,0,0
131165,Zoodiac Chakanine,Zoodiac Chakanine,https://tcgplayer-cdn.tcgplayer.com/product/131165_200w.jpg,2,1922,https://cpt.tcgcsv.com/kt32,2023-05-21T08:34:38.32,1,3.25,7.5,18.98,4.39,7.99,1st Edition,MACR-EN048,Ultra Rare,EARTH,Xyz/Effect Monster,"2 or more Level 4 monsters
<br>Once per turn, you can also Xyz Summon ""Zoodiac Chakanine"" by using 1 ""Zoodiac"" monster you control with a different name as Xyz Material. (If you used an Xyz Monster, any Xyz Materials attached to it also become Xyz Materials on this card.) This card gains ATK and DEF equal to the ATK and DEF of all ""Zoodiac"" monsters attached to it as Materials. Once per turn: You can detach 1 Xyz Material from this card, then target 1 ""Zoodiac"" monster in your Graveyard; Special Summon it, but for the rest of this turn, it has its effects negated, also it cannot be used as an Xyz Material for a Summon.",Beast-Warrior,0,0
131166,Magician's Right Hand,Magicians Right Hand,https://tcgplayer-cdn.tcgplayer.com/product/131166_200w.jpg,2,1922,https://cpt.tcgcsv.com/lt32,2017-06-22T19:17:07.863,1,0.1,0.28,1.52,0.22,,Unlimited,MACR-EN049,Common,SPELL,Continuous Spell,"Negate the effect of your opponent's first Spell Card or effect that resolves each turn while you control a Spellcaster-Type monster, and if you do, or if it did not have an effect, destroy that card.",,,
131166,Magician's Right Hand,Magicians Right Hand,https://tcgplayer-cdn.tcgplayer.com/product/131166_200w.jpg,2,1922,https://cpt.tcgcsv.com/lt32,2017-06-22T19:17:07.863,1,0.2,0.38,2.4,0.36,0.38,1st Edition,MACR-EN049,Common,SPELL,Continuous Spell,"Negate the effect of your opponent's first Spell Card or effect that resolves each turn while you control a Spellcaster-Type monster, and if you do, or if it did not have an effect, destroy that card.",,,
131167,Magician's Left Hand,Magicians Left Hand,https://tcgplayer-cdn.tcgplayer.com/product/131167_200w.jpg,2,1922,https://cpt.tcgcsv.com/mt32,2024-08-12T20:06:17.89,1,0.05,0.24,1.37,0.22,0.24,Unlimited,MACR-EN050,Common,SPELL,Continuous Spell,"Negate the effect of your opponent's first Trap Card or effect that resolves each turn while you control a Spellcaster-Type monster, and if you do, destroy that card.",,,
131167,Magician's Left Hand,Magicians Left Hand,https://tcgplayer-cdn.tcgplayer.com/product/131167_200w.jpg,2,1922,https://cpt.tcgcsv.com/mt32,2024-08-12T20:06:17.89,1,0.1,0.25,4.99,0.22,0.23,1st Edition,MACR-EN050,Common,SPELL,Continuous Spell,"Negate the effect of your opponent's first Trap Card or effect that resolves each turn while you control a Spellcaster-Type monster, and if you do, destroy that card.",,,
131168,Magician's Restage,Magicians Restage,https://tcgplayer-cdn.tcgplayer.com/product/131168_200w.jpg,2,1922,https://cpt.tcgcsv.com/nt32,2024-08-12T20:06:17.923,1,0.08,0.33,5.0,0.17,0.11,Unlimited,MACR-EN051,Rare,SPELL,Continuous Spell,"You can target 1 Level 3 or lower Spellcaster-Type monster in your Graveyard; Special Summon it. This effect can only be used once while this card is face-up on the field. If this card is sent to the Graveyard: You can add 1 ""Magician"" Continuous Spell Card from your Deck to your hand, except ""Magician's Restage"".",,,
131168,Magician's Restage,Magicians Restage,https://tcgplayer-cdn.tcgplayer.com/product/131168_200w.jpg,2,1922,https://cpt.tcgcsv.com/nt32,2024-08-12T20:06:17.923,1,0.01,0.3,5.0,0.18,,1st Edition,MACR-EN051,Rare,SPELL,Continuous Spell,"You can target 1 Level 3 or lower Spellcaster-Type monster in your Graveyard; Special Summon it. This effect can only be used once while this card is face-up on the field. If this card is sent to the Graveyard: You can add 1 ""Magician"" Continuous Spell Card from your Deck to your hand, except ""Magician's Restage"".",,,
131169,Ultra Polymerization,Ultra Polymerization,https://tcgplayer-cdn.tcgplayer.com/product/131169_200w.jpg,2,1922,https://cpt.tcgcsv.com/pt32,2022-12-30T22:54:17.55,1,0.89,1.75,6.0,1.26,,1st Edition,MACR-EN052,Secret Rare,SPELL,Normal Spell,"Pay 2000 LP; Fusion Summon 1 Fusion Monster from your Extra Deck, using 2 monsters you control as Fusion Materials. Neither player can activate cards or effects in response to this card's activation. You can banish this card from your Graveyard, then target 1 Fusion Monster that was Fusion Summoned with this card's effect; Special Summon all the Fusion Materials used for its Fusion Summon from your Graveyard, but change their ATK and DEF to 0, also they have their effects negated.",,,
131169,Ultra Polymerization,Ultra Polymerization,https://tcgplayer-cdn.tcgplayer.com/product/131169_200w.jpg,2,1922,https://cpt.tcgcsv.com/pt32,2022-12-30T22:54:17.55,1,0.5,1.03,3.53,0.96,,Unlimited,MACR-EN052,Secret Rare,SPELL,Normal Spell,"Pay 2000 LP; Fusion Summon 1 Fusion Monster from your Extra Deck, using 2 monsters you control as Fusion Materials. Neither player can activate cards or effects in response to this card's activation. You can banish this card from your Graveyard, then target 1 Fusion Monster that was Fusion Summoned with this card's effect; Special Summon all the Fusion Materials used for its Fusion Summon from your Graveyard, but change their ATK and DEF to 0, also they have their effects negated.",,,
131170,Dragonic Diagram,Dragonic Diagram,https://tcgplayer-cdn.tcgplayer.com/product/131170_200w.jpg,2,1922,https://cpt.tcgcsv.com/qt32,2017-06-22T19:17:58.593,1,2.99,6.56,53.95,5.65,3.36,1st Edition,MACR-EN053,Secret Rare,SPELL,Field Spell,"All ""True Draco"" and ""True King"" monsters on the field gain 300 ATK and DEF. The first time each Tribute Summoned ""True Draco"" or ""True King"" monster would be destroyed by battle each turn, it is not destroyed. Once per turn: You can destroy 1 other card you control or in your hand, and if you do, add 1 ""True Draco"" or ""True King"" card from your Deck to your hand.",,,
131170,Dragonic Diagram,Dragonic Diagram,https://tcgplayer-cdn.tcgplayer.com/product/131170_200w.jpg,2,1922,https://cpt.tcgcsv.com/qt32,2017-06-22T19:17:58.593,1,2.97,4.4,52.95,3.07,,Unlimited,MACR-EN053,Secret Rare,SPELL,Field Spell,"All ""True Draco"" and ""True King"" monsters on the field gain 300 ATK and DEF. The first time each Tribute Summoned ""True Draco"" or ""True King"" monster would be destroyed by battle each turn, it is not destroyed. Once per turn: You can destroy 1 other card you control or in your hand, and if you do, add 1 ""True Draco"" or ""True King"" card from your Deck to your hand.",,,
131171,True Draco Heritage,True Draco Heritage,https://tcgplayer-cdn.tcgplayer.com/product/131171_200w.jpg,2,1922,https://cpt.tcgcsv.com/rt32,2017-06-22T19:18:10.117,1,0.2,0.99,5.0,0.62,,1st Edition,MACR-EN054,Ultra Rare,SPELL,Continuous Spell,"During your Main Phase: You can draw cards equal to the number of ""True Draco"" and ""True King"" card types (Monster, Spell, and Trap) sent from the field to the Graveyard this turn. During your Main Phase, you can: Immediately after this effect resolves, Tribute Summon 1 ""True Draco"" or ""True King"" monster face-up. If this card is sent from the Spell & Trap Zone to the Graveyard: You can target 1 Spell/Trap Card on the field; destroy it. You can only use each effect of ""True Draco Heritage"" once per turn.",,,
131171,True Draco Heritage,True Draco Heritage,https://tcgplayer-cdn.tcgplayer.com/product/131171_200w.jpg,2,1922,https://cpt.tcgcsv.com/rt32,2017-06-22T19:18:10.117,1,0.02,0.91,4.95,0.76,,Unlimited,MACR-EN054,Ultra Rare,SPELL,Continuous Spell,"During your Main Phase: You can draw cards equal to the number of ""True Draco"" and ""True King"" card types (Monster, Spell, and Trap) sent from the field to the Graveyard this turn. During your Main Phase, you can: Immediately after this effect resolves, Tribute Summon 1 ""True Draco"" or ""True King"" monster face-up. If this card is sent from the Spell & Trap Zone to the Graveyard: You can target 1 Spell/Trap Card on the field; destroy it. You can only use each effect of ""True Draco Heritage"" once per turn.",,,
131172,Disciples of the True Dracophoenix,Disciples of the True Dracophoenix,https://tcgplayer-cdn.tcgplayer.com/product/131172_200w.jpg,2,1922,https://cpt.tcgcsv.com/st32,2024-08-12T20:06:17.97,1,0.09,0.25,1.49,0.19,0.22,1st Edition,MACR-EN055,Common,SPELL,Continuous Spell,"You can target 3 ""True Draco"" and/or ""True King"" cards in your Graveyard; shuffle them into the Deck, then draw 1 card. During your Main Phase, you can: Immediately after this effect resolves, Tribute Summon 1 ""True Draco"" or ""True King"" monster face-up. If this card is sent from the Spell & Trap Zone to the Graveyard: You can target 1 Spell/Trap Card on the field; destroy it. You can only use each effect of ""Disciples of the True Dracophoenix"" once per turn.",,,
131172,Disciples of the True Dracophoenix,Disciples of the True Dracophoenix,https://tcgplayer-cdn.tcgplayer.com/product/131172_200w.jpg,2,1922,https://cpt.tcgcsv.com/st32,2024-08-12T20:06:17.97,1,0.01,0.25,1.49,0.23,,Unlimited,MACR-EN055,Common,SPELL,Continuous Spell,"You can target 3 ""True Draco"" and/or ""True King"" cards in your Graveyard; shuffle them into the Deck, then draw 1 card. During your Main Phase, you can: Immediately after this effect resolves, Tribute Summon 1 ""True Draco"" or ""True King"" monster face-up. If this card is sent from the Spell & Trap Zone to the Graveyard: You can target 1 Spell/Trap Card on the field; destroy it. You can only use each effect of ""Disciples of the True Dracophoenix"" once per turn.",,,
131173,"Pacifis, the Phantasm City",Pacifis the Phantasm City,https://tcgplayer-cdn.tcgplayer.com/product/131173_200w.jpg,2,1922,https://cpt.tcgcsv.com/tt32,2017-06-22T19:19:18.99,1,0.3,1.09,2.97,1.01,0.97,1st Edition,MACR-EN056,Rare,SPELL,Field Spell,"(This card's name is always treated as ""Umi"".)
<br>You cannot Normal or Special Summon Effect Monsters the turn you activate either of this card's effects (even if this card leaves the field). Once per turn, if you Normal or Special Summon exactly 1 Normal Monster (and no other cards): Add 1 ""Phantasm Spiral"" card from your Deck to your hand. If your opponent activates a card or effect (except during the Damage Step), and you control no Tokens: You can Special Summon 1 ""Phantasm Spiral Token"" (Wyrm-Type/WATER/Level 8/ATK 2000/DEF 2000).",,,
131173,"Pacifis, the Phantasm City",Pacifis the Phantasm City,https://tcgplayer-cdn.tcgplayer.com/product/131173_200w.jpg,2,1922,https://cpt.tcgcsv.com/tt32,2017-06-22T19:19:18.99,1,0.5,1.06,2.97,1.08,,Unlimited,MACR-EN056,Rare,SPELL,Field Spell,"(This card's name is always treated as ""Umi"".)
<br>You cannot Normal or Special Summon Effect Monsters the turn you activate either of this card's effects (even if this card leaves the field). Once per turn, if you Normal or Special Summon exactly 1 Normal Monster (and no other cards): Add 1 ""Phantasm Spiral"" card from your Deck to your hand. If your opponent activates a card or effect (except during the Damage Step), and you control no Tokens: You can Special Summon 1 ""Phantasm Spiral Token"" (Wyrm-Type/WATER/Level 8/ATK 2000/DEF 2000).",,,
131174,Phantasm Spiral Crash,Phantasm Spiral Crash,https://tcgplayer-cdn.tcgplayer.com/product/131174_200w.jpg,2,1922,https://cpt.tcgcsv.com/vt32,2017-06-22T19:19:31.237,1,0.01,0.23,1.49,0.11,,1st Edition,MACR-EN057,Common,SPELL,Equip Spell,"Equip only to a Normal Monster. If the equipped monster attacks a Defense Position monster, inflict piercing battle damage to your opponent. When the equipped monster inflicts battle damage to your opponent: You can Special Summon 1 ""Phantasm Spiral Dragon"" from your hand, Deck, or Graveyard, and equip it with this card, then you can change 1 Attack Position monster your opponent controls to Defense Position. You can only use this effect of ""Phantasm Spiral Crash"" once per turn.",,,
131174,Phantasm Spiral Crash,Phantasm Spiral Crash,https://tcgplayer-cdn.tcgplayer.com/product/131174_200w.jpg,2,1922,https://cpt.tcgcsv.com/vt32,2017-06-22T19:19:31.237,1,0.02,0.2,1.49,0.16,0.11,Unlimited,MACR-EN057,Common,SPELL,Equip Spell,"Equip only to a Normal Monster. If the equipped monster attacks a Defense Position monster, inflict piercing battle damage to your opponent. When the equipped monster inflicts battle damage to your opponent: You can Special Summon 1 ""Phantasm Spiral Dragon"" from your hand, Deck, or Graveyard, and equip it with this card, then you can change 1 Attack Position monster your opponent controls to Defense Position. You can only use this effect of ""Phantasm Spiral Crash"" once per turn.",,,
131175,Phantasm Spiral Grip,Phantasm Spiral Grip,https://tcgplayer-cdn.tcgplayer.com/product/131175_200w.jpg,2,1922,https://cpt.tcgcsv.com/wt32,2024-08-12T20:06:18.05,1,0.04,0.25,1.61,0.19,0.18,1st Edition,MACR-EN058,Common,SPELL,Equip Spell,"Equip only to a Normal Monster. It gains 500 ATK. When the equipped monster destroys an opponent's monster by battle: You can Special Summon 1 ""Phantasm Spiral Dragon"" from your hand, Deck, or Graveyard, and equip it with this card, then inflict 1000 damage to your opponent. You can only use this effect of ""Phantasm Spiral Grip"" once per turn.",,,
131175,Phantasm Spiral Grip,Phantasm Spiral Grip,https://tcgplayer-cdn.tcgplayer.com/product/131175_200w.jpg,2,1922,https://cpt.tcgcsv.com/wt32,2024-08-12T20:06:18.05,1,0.05,0.22,1.49,0.12,0.12,Unlimited,MACR-EN058,Common,SPELL,Equip Spell,"Equip only to a Normal Monster. It gains 500 ATK. When the equipped monster destroys an opponent's monster by battle: You can Special Summon 1 ""Phantasm Spiral Dragon"" from your hand, Deck, or Graveyard, and equip it with this card, then inflict 1000 damage to your opponent. You can only use this effect of ""Phantasm Spiral Grip"" once per turn.",,,
131176,Phantasm Spiral Wave,Phantasm Spiral Wave,https://tcgplayer-cdn.tcgplayer.com/product/131176_200w.jpg,2,1922,https://cpt.tcgcsv.com/xt32,2024-08-12T20:06:18.1,1,0.07,0.25,1.38,0.19,,1st Edition,MACR-EN059,Common,SPELL,Equip Spell,"Equip only to a Normal Monster. The first time the equipped monster would be destroyed by battle each turn, it is not destroyed. At the end of the Battle Phase, if the equipped monster battled: You can Special Summon 1 ""Phantasm Spiral Dragon"" from your hand, Deck, or Graveyard, and equip it with this card, then if they have any, your opponent discards 1 card. You can only use this effect of ""Phantasm Spiral Wave"" once per turn.",,,
131176,Phantasm Spiral Wave,Phantasm Spiral Wave,https://tcgplayer-cdn.tcgplayer.com/product/131176_200w.jpg,2,1922,https://cpt.tcgcsv.com/xt32,2024-08-12T20:06:18.1,1,0.09,0.25,1.61,0.16,,Unlimited,MACR-EN059,Common,SPELL,Equip Spell,"Equip only to a Normal Monster. The first time the equipped monster would be destroyed by battle each turn, it is not destroyed. At the end of the Battle Phase, if the equipped monster battled: You can Special Summon 1 ""Phantasm Spiral Dragon"" from your hand, Deck, or Graveyard, and equip it with this card, then if they have any, your opponent discards 1 card. You can only use this effect of ""Phantasm Spiral Wave"" once per turn.",,,
131177,Bug Signal,Bug Signal,https://tcgplayer-cdn.tcgplayer.com/product/131177_200w.jpg,2,1922,https://cpt.tcgcsv.com/zt32,2017-06-22T19:20:09.99,1,0.03,0.2,1.49,0.16,,Unlimited,MACR-EN060,Common,SPELL,Quick-Play Spell,"Target 1 Insect-Type Xyz Monster you control; Special Summon from your Extra Deck, 1 Insect-Type monster that is 2 Ranks higher or lower than that monster you control, by using it as the Xyz Material. (This Special Summon is treated as an Xyz Summon. Xyz Materials attached to it also become Xyz Materials on the Summoned monster.) You can only activate 1 ""Bug Signal"" per turn.",,,
131177,Bug Signal,Bug Signal,https://tcgplayer-cdn.tcgplayer.com/product/131177_200w.jpg,2,1922,https://cpt.tcgcsv.com/zt32,2017-06-22T19:20:09.99,1,0.03,0.22,1.36,0.1,0.11,1st Edition,MACR-EN060,Common,SPELL,Quick-Play Spell,"Target 1 Insect-Type Xyz Monster you control; Special Summon from your Extra Deck, 1 Insect-Type monster that is 2 Ranks higher or lower than that monster you control, by using it as the Xyz Material. (This Special Summon is treated as an Xyz Summon. Xyz Materials attached to it also become Xyz Materials on the Summoned monster.) You can only activate 1 ""Bug Signal"" per turn.",,,
131178,Zefra Providence,Zefra Providence,https://tcgplayer-cdn.tcgplayer.com/product/131178_200w.jpg,2,1922,https://cpt.tcgcsv.com/Bt32,2024-08-12T20:06:18.16,1,0.07,0.36,1.99,0.19,,Unlimited,MACR-EN061,Rare,SPELL,Normal Spell,"Add 1 ""Zefra"" card from your Deck to your hand, except ""Zefra Providence"". If a ""Zefra"" card(s) you control would be destroyed, except the turn this card was sent to the Graveyard, you can banish this card from your Graveyard instead. You can only activate 1 ""Zefra Providence"" per turn.",,,
131178,Zefra Providence,Zefra Providence,https://tcgplayer-cdn.tcgplayer.com/product/131178_200w.jpg,2,1922,https://cpt.tcgcsv.com/Bt32,2024-08-12T20:06:18.16,1,0.1,0.33,1.99,0.21,,1st Edition,MACR-EN061,Rare,SPELL,Normal Spell,"Add 1 ""Zefra"" card from your Deck to your hand, except ""Zefra Providence"". If a ""Zefra"" card(s) you control would be destroyed, except the turn this card was sent to the Graveyard, you can banish this card from your Graveyard instead. You can only activate 1 ""Zefra Providence"" per turn.",,,
131179,B.E.F. Zelos,BEF Zelos,https://tcgplayer-cdn.tcgplayer.com/product/131179_200w.jpg,2,1922,https://cpt.tcgcsv.com/Ct32,2022-09-23T08:40:05,1,0.03,0.21,1.35,0.21,0.16,Unlimited,MACR-EN062,Common,SPELL,Field Spell,"When this card is activated: You can add 1 ""Boss Rush"" from your Deck to your hand. All ""B.E.S."" monsters you control gain 500 ATK and DEF, your opponent cannot target them with card effects, and they cannot be destroyed by your opponent's card effects. Once per turn: You can Special Summon 1 ""B.E.S."" monster from your hand. If a ""B.E.S."" monster(s) is Normal or Special Summoned to your field: Place 1 counter on it.",,,
131179,B.E.F. Zelos,BEF Zelos,https://tcgplayer-cdn.tcgplayer.com/product/131179_200w.jpg,2,1922,https://cpt.tcgcsv.com/Ct32,2022-09-23T08:40:05,1,0.07,0.24,1.0,0.15,0.17,1st Edition,MACR-EN062,Common,SPELL,Field Spell,"When this card is activated: You can add 1 ""Boss Rush"" from your Deck to your hand. All ""B.E.S."" monsters you control gain 500 ATK and DEF, your opponent cannot target them with card effects, and they cannot be destroyed by your opponent's card effects. Once per turn: You can Special Summon 1 ""B.E.S."" monster from your hand. If a ""B.E.S."" monster(s) is Normal or Special Summoned to your field: Place 1 counter on it.",,,
131180,Duelist Alliance,Duelist Alliance,https://tcgplayer-cdn.tcgplayer.com/product/131180_200w.jpg,2,1922,https://cpt.tcgcsv.com/Dt32,2021-11-16T14:52:28.523,1,0.5,2.26,17.79,0.63,3.82,Unlimited,MACR-EN063,Secret Rare,SPELL,Normal Spell,"If there is a card in the Pendulum Zone: Add 1 ""Pendulum"" Pendulum Monster or ""Pendulum"" Spell/Trap Card from your Deck to your hand. You can only activate 1 ""Duelist Alliance"" per turn.",,,
131180,Duelist Alliance,Duelist Alliance,https://tcgplayer-cdn.tcgplayer.com/product/131180_200w.jpg,2,1922,https://cpt.tcgcsv.com/Dt32,2021-11-16T14:52:28.523,1,0.79,1.82,30.0,1.18,1.41,1st Edition,MACR-EN063,Secret Rare,SPELL,Normal Spell,"If there is a card in the Pendulum Zone: Add 1 ""Pendulum"" Pendulum Monster or ""Pendulum"" Spell/Trap Card from your Deck to your hand. You can only activate 1 ""Duelist Alliance"" per turn.",,,
131181,Set Rotation,Set Rotation,https://tcgplayer-cdn.tcgplayer.com/product/131181_200w.jpg,2,1922,https://cpt.tcgcsv.com/Ft32,2023-05-05T18:10:49.057,1,0.1,0.35,3.95,0.2,,1st Edition,MACR-EN064,Common,SPELL,Quick-Play Spell,"Set 2 Field Spell Cards with different names from your Deck on the field (1 on your field, and 1 on your opponent's field). While either of those cards remain Set on the field, neither player can activate or Set other Field Spell Cards.",,,
131181,Set Rotation,Set Rotation,https://tcgplayer-cdn.tcgplayer.com/product/131181_200w.jpg,2,1922,https://cpt.tcgcsv.com/Ft32,2023-05-05T18:10:49.057,1,0.11,0.39,2.15,0.2,0.11,Unlimited,MACR-EN064,Common,SPELL,Quick-Play Spell,"Set 2 Field Spell Cards with different names from your Deck on the field (1 on your field, and 1 on your opponent's field). While either of those cards remain Set on the field, neither player can activate or Set other Field Spell Cards.",,,
131182,Break Away,Break Away,https://tcgplayer-cdn.tcgplayer.com/product/131182_200w.jpg,2,1922,https://cpt.tcgcsv.com/Gt32,2017-06-22T19:21:46.583,1,0.02,0.22,1.34,0.13,,1st Edition,MACR-EN065,Common,TRAP,Normal Trap,"During your opponent's Battle Phase: Send 1 Spell Card from your hand to the Graveyard; end the Battle Phase, then face-up monsters currently on the field have their effects negated until the end of this turn.",,,
131182,Break Away,Break Away,https://tcgplayer-cdn.tcgplayer.com/product/131182_200w.jpg,2,1922,https://cpt.tcgcsv.com/Gt32,2017-06-22T19:21:46.583,1,0.02,0.2,1.49,0.13,,Unlimited,MACR-EN065,Common,TRAP,Normal Trap,"During your opponent's Battle Phase: Send 1 Spell Card from your hand to the Graveyard; end the Battle Phase, then face-up monsters currently on the field have their effects negated until the end of this turn.",,,
131183,The Phantom Knights of Lost Vambrace,The Phantom Knights of Lost Vambrace,https://tcgplayer-cdn.tcgplayer.com/product/131183_200w.jpg,2,1922,https://cpt.tcgcsv.com/Ht32,2024-08-12T20:06:18.207,1,0.02,0.19,1.49,0.1,,Unlimited,MACR-EN066,Common,TRAP,Normal Trap,"Target 1 face-up monster on the field; if that target is still face-up on the field, ""The Phantom Knights"" monsters you control cannot be destroyed by battle, also that target loses 600 ATK, also its Level becomes 2. These effects last until the end of this turn. Then, Special Summon this card in Defense Position as a Normal Monster (Warrior-Type/DARK/Level 2/ATK 600/DEF 0). (This card is NOT treated as a Trap Card.)",,,
131183,The Phantom Knights of Lost Vambrace,The Phantom Knights of Lost Vambrace,https://tcgplayer-cdn.tcgplayer.com/product/131183_200w.jpg,2,1922,https://cpt.tcgcsv.com/Ht32,2024-08-12T20:06:18.207,1,0.02,0.23,1.49,0.1,,1st Edition,MACR-EN066,Common,TRAP,Normal Trap,"Target 1 face-up monster on the field; if that target is still face-up on the field, ""The Phantom Knights"" monsters you control cannot be destroyed by battle, also that target loses 600 ATK, also its Level becomes 2. These effects last until the end of this turn. Then, Special Summon this card in Defense Position as a Normal Monster (Warrior-Type/DARK/Level 2/ATK 600/DEF 0). (This card is NOT treated as a Trap Card.)",,,
131184,The Phantom Knights of Wrong Magnetring,The Phantom Knights of Wrong Magnetring,https://tcgplayer-cdn.tcgplayer.com/product/131184_200w.jpg,2,1922,https://cpt.tcgcsv.com/Jt32,2024-08-12T20:06:18.253,1,0.03,0.2,1.49,0.12,,1st Edition,MACR-EN067,Common,TRAP,Normal Trap,"When an opponent's monster declares an attack: Negate that attack, then Special Summon this card in Attack Position as an Effect Monster (Warrior-Type/DARK/Level 2/0 ATK/0 DEF) with the following effect. (This card is NOT treated as a Trap Card.)
<br><b>-</b> During either player's turn: You can send this card and 1 face-up card you control to the Graveyard (either a ""The Phantom Knights"" monster or a ""Phantom Knights"" Continuous Spell/Trap Card); draw 2 cards.",,,
131184,The Phantom Knights of Wrong Magnetring,The Phantom Knights of Wrong Magnetring,https://tcgplayer-cdn.tcgplayer.com/product/131184_200w.jpg,2,1922,https://cpt.tcgcsv.com/Jt32,2024-08-12T20:06:18.253,1,0.01,0.18,1.7,0.09,0.06,Unlimited,MACR-EN067,Common,TRAP,Normal Trap,"When an opponent's monster declares an attack: Negate that attack, then Special Summon this card in Attack Position as an Effect Monster (Warrior-Type/DARK/Level 2/0 ATK/0 DEF) with the following effect. (This card is NOT treated as a Trap Card.)
<br><b>-</b> During either player's turn: You can send this card and 1 face-up card you control to the Graveyard (either a ""The Phantom Knights"" monster or a ""Phantom Knights"" Continuous Spell/Trap Card); draw 2 cards.",,,
131185,Dark Contract with the Eternal Darkness,Dark Contract with the Eternal Darkness,https://tcgplayer-cdn.tcgplayer.com/product/131185_200w.jpg,2,1922,https://cpt.tcgcsv.com/Kt32,2024-12-19T20:40:19.76,1,0.05,0.7,4.0,0.69,,Unlimited,MACR-EN068,Rare,TRAP,Continuous Trap,"While you have 2 ""D/D"" cards in your Pendulum Zones, your opponent cannot target monsters on the field with Spell/Trap effects, Tribute them for a Tribute Summon, nor use them as Materials for a Fusion, Synchro, or Xyz Summon. Once per turn, during your Standby Phase: Take 1000 damage.",,,
131185,Dark Contract with the Eternal Darkness,Dark Contract with the Eternal Darkness,https://tcgplayer-cdn.tcgplayer.com/product/131185_200w.jpg,2,1922,https://cpt.tcgcsv.com/Kt32,2024-12-19T20:40:19.76,1,0.2,0.92,5.0,0.73,,1st Edition,MACR-EN068,Rare,TRAP,Continuous Trap,"While you have 2 ""D/D"" cards in your Pendulum Zones, your opponent cannot target monsters on the field with Spell/Trap effects, Tribute them for a Tribute Summon, nor use them as Materials for a Fusion, Synchro, or Xyz Summon. Once per turn, during your Standby Phase: Take 1000 damage.",,,
131186,True King's Return,True Kings Return,https://tcgplayer-cdn.tcgplayer.com/product/131186_200w.jpg,2,1922,https://cpt.tcgcsv.com/Lt32,2017-06-22T19:22:36.607,1,0.48,2.92,15.14,2.69,,Unlimited,MACR-EN069,Ultra Rare,TRAP,Continuous Trap,"If this card is sent from the Spell & Trap Zone to the Graveyard: You can target 1 monster on the field; destroy it. You cannot activate the following effects of ""True King's Return"" in the same Chain.
<br><b>-</b> You can target 1 ""True Draco"" or ""True King"" monster in your Graveyard; Special Summon it in Defense Position, also for the rest of this turn, you cannot Special Summon.
<br><b>-</b> During your opponent's Main Phase, you can: Immediately after this effect resolves, Tribute Summon 1 ""True Draco"" or ""True King"" monster face-up.
<br>You can only use each effect of ""True King's Return"" once per turn.",,,
131186,True King's Return,True Kings Return,https://tcgplayer-cdn.tcgplayer.com/product/131186_200w.jpg,2,1922,https://cpt.tcgcsv.com/Lt32,2017-06-22T19:22:36.607,1,0.52,2.25,14.41,3.0,,1st Edition,MACR-EN069,Ultra Rare,TRAP,Continuous Trap,"If this card is sent from the Spell & Trap Zone to the Graveyard: You can target 1 monster on the field; destroy it. You cannot activate the following effects of ""True King's Return"" in the same Chain.
<br><b>-</b> You can target 1 ""True Draco"" or ""True King"" monster in your Graveyard; Special Summon it in Defense Position, also for the rest of this turn, you cannot Special Summon.
<br><b>-</b> During your opponent's Main Phase, you can: Immediately after this effect resolves, Tribute Summon 1 ""True Draco"" or ""True King"" monster face-up.
<br>You can only use each effect of ""True King's Return"" once per turn.",,,
131187,True Draco Apocalypse,True Draco Apocalypse,https://tcgplayer-cdn.tcgplayer.com/product/131187_200w.jpg,2,1922,https://cpt.tcgcsv.com/Mt32,2024-08-12T20:06:18.393,1,0.01,0.27,1.49,0.25,,Unlimited,MACR-EN070,Common,TRAP,Continuous Trap,"If this card is sent from the Spell & Trap Zone to the Graveyard: You can target 1 monster on the field; destroy it. You cannot activate the following effects of ""True Draco Apocalypse"" in the same Chain.
<br><b>-</b> You can target 1 other ""True Draco"" or ""True King"" card you control; destroy it, and if you do, the ATK and DEF of all face-up monsters your opponent controls become half their current ATK and DEF (even if this card leaves the field).
<br><b>-</b> During your opponent's Main Phase, you can: Immediately after this effect resolves, Tribute Summon 1 ""True Draco"" or ""True King"" monster face-up.
<br>You can only use each effect of ""True Draco Apocalypse"" once per turn.",,,
131187,True Draco Apocalypse,True Draco Apocalypse,https://tcgplayer-cdn.tcgplayer.com/product/131187_200w.jpg,2,1922,https://cpt.tcgcsv.com/Mt32,2024-08-12T20:06:18.393,1,0.13,0.3,1.97,0.22,,1st Edition,MACR-EN070,Common,TRAP,Continuous Trap,"If this card is sent from the Spell & Trap Zone to the Graveyard: You can target 1 monster on the field; destroy it. You cannot activate the following effects of ""True Draco Apocalypse"" in the same Chain.
<br><b>-</b> You can target 1 other ""True Draco"" or ""True King"" card you control; destroy it, and if you do, the ATK and DEF of all face-up monsters your opponent controls become half their current ATK and DEF (even if this card leaves the field).
<br><b>-</b> During your opponent's Main Phase, you can: Immediately after this effect resolves, Tribute Summon 1 ""True Draco"" or ""True King"" monster face-up.
<br>You can only use each effect of ""True Draco Apocalypse"" once per turn.",,,
131188,Zoodiac Gathering,Zoodiac Gathering,https://tcgplayer-cdn.tcgplayer.com/product/131188_200w.jpg,2,1922,https://cpt.tcgcsv.com/Nt32,2017-06-22T19:24:52.653,1,0.04,0.23,1.4,0.17,0.11,Unlimited,MACR-EN071,Common,TRAP,Continuous Trap,"If a ""Zoodiac"" Xyz Monster you control would detach its Xyz Material(s) to activate an effect, you can detach Xyz Material(s) from another Xyz Monster(s) you control instead. You can only use this effect of ""Zoodiac Gathering"" once per turn. You can banish this card from your Graveyard, then target 2 ""Zoodiac"" Xyz Monsters you control; attach 1 of those monsters to the other monster as Xyz Material.",,,
131188,Zoodiac Gathering,Zoodiac Gathering,https://tcgplayer-cdn.tcgplayer.com/product/131188_200w.jpg,2,1922,https://cpt.tcgcsv.com/Nt32,2017-06-22T19:24:52.653,1,0.07,0.25,1.38,0.26,0.2,1st Edition,MACR-EN071,Common,TRAP,Continuous Trap,"If a ""Zoodiac"" Xyz Monster you control would detach its Xyz Material(s) to activate an effect, you can detach Xyz Material(s) from another Xyz Monster(s) you control instead. You can only use this effect of ""Zoodiac Gathering"" once per turn. You can banish this card from your Graveyard, then target 2 ""Zoodiac"" Xyz Monsters you control; attach 1 of those monsters to the other monster as Xyz Material.",,,
131189,Phantasm Spiral Battle,Phantasm Spiral Battle,https://tcgplayer-cdn.tcgplayer.com/product/131189_200w.jpg,2,1922,https://cpt.tcgcsv.com/Pt32,2024-03-03T09:26:50.93,1,0.1,0.79,1.99,0.81,,Unlimited,MACR-EN072,Rare,TRAP,Normal Trap,"If all monsters you control are Normal Monsters (min. 1): Target 1 card your opponent controls; destroy it. If ""Umi"" is on the field, you can activate this card from your hand. You can banish this card from your Graveyard, then target 1 Normal Monster you control; equip that Normal Monster with all ""Phantasm Spiral"" Equip Spell Cards you control that can equip to it.",,,
131189,Phantasm Spiral Battle,Phantasm Spiral Battle,https://tcgplayer-cdn.tcgplayer.com/product/131189_200w.jpg,2,1922,https://cpt.tcgcsv.com/Pt32,2024-03-03T09:26:50.93,1,0.45,0.81,1.97,0.76,0.77,1st Edition,MACR-EN072,Rare,TRAP,Normal Trap,"If all monsters you control are Normal Monsters (min. 1): Target 1 card your opponent controls; destroy it. If ""Umi"" is on the field, you can activate this card from your hand. You can banish this card from your Graveyard, then target 1 Normal Monster you control; equip that Normal Monster with all ""Phantasm Spiral"" Equip Spell Cards you control that can equip to it.",,,
131190,Phantasm Spiral Power,Phantasm Spiral Power,https://tcgplayer-cdn.tcgplayer.com/product/131190_200w.jpg,2,1922,https://cpt.tcgcsv.com/Qt32,2017-06-22T19:25:27.363,1,0.1,0.25,1.46,0.22,0.19,1st Edition,MACR-EN073,Common,TRAP,Normal Trap,"If all monsters you control are Normal Monsters (min. 1): Target 1 Effect Monster your opponent controls; until the end of this turn, it loses 1000 ATK and DEF, also it has its effects negated. If ""Umi"" is on the field, you can activate this card from your hand. You can banish this card from your Graveyard, then target 1 Normal Monster you control; equip 1 ""Phantasm Spiral"" Equip Spell Card from your hand or Graveyard to that Normal Monster.",,,
131190,Phantasm Spiral Power,Phantasm Spiral Power,https://tcgplayer-cdn.tcgplayer.com/product/131190_200w.jpg,2,1922,https://cpt.tcgcsv.com/Qt32,2017-06-22T19:25:27.363,1,0.03,0.25,1.6,0.17,,Unlimited,MACR-EN073,Common,TRAP,Normal Trap,"If all monsters you control are Normal Monsters (min. 1): Target 1 Effect Monster your opponent controls; until the end of this turn, it loses 1000 ATK and DEF, also it has its effects negated. If ""Umi"" is on the field, you can activate this card from your hand. You can banish this card from your Graveyard, then target 1 Normal Monster you control; equip 1 ""Phantasm Spiral"" Equip Spell Card from your hand or Graveyard to that Normal Monster.",,,
131191,Phantasm Spiral Assault,Phantasm Spiral Assault,https://tcgplayer-cdn.tcgplayer.com/product/131191_200w.jpg,2,1922,https://cpt.tcgcsv.com/Rt32,2017-06-22T19:25:40.707,1,0.05,0.23,1.38,0.11,0.11,1st Edition,MACR-EN074,Common,TRAP,Normal Trap,"Target 1 ""Phantasm Spiral Dragon"" you control; when it destroys 3 Effect Monsters your opponent controls, by battle, while equipped with 3 or more ""Phantasm Spiral"" Equip Spell Cards with different names, you win the Duel. If ""Umi"" is on the field, you can activate this card from your hand. If a Normal Monster(s) you control would be destroyed by battle or card effect, you can banish this card from your Graveyard instead.",,,
131191,Phantasm Spiral Assault,Phantasm Spiral Assault,https://tcgplayer-cdn.tcgplayer.com/product/131191_200w.jpg,2,1922,https://cpt.tcgcsv.com/Rt32,2017-06-22T19:25:40.707,1,0.05,0.2,1.49,0.12,0.15,Unlimited,MACR-EN074,Common,TRAP,Normal Trap,"Target 1 ""Phantasm Spiral Dragon"" you control; when it destroys 3 Effect Monsters your opponent controls, by battle, while equipped with 3 or more ""Phantasm Spiral"" Equip Spell Cards with different names, you win the Duel. If ""Umi"" is on the field, you can activate this card from your hand. If a Normal Monster(s) you control would be destroyed by battle or card effect, you can banish this card from your Graveyard instead.",,,
131192,Prologue of the Destruction Swordsman,Prologue of the Destruction Swordsman,https://tcgplayer-cdn.tcgplayer.com/product/131192_200w.jpg,2,1922,https://cpt.tcgcsv.com/St32,2024-08-12T20:06:18.44,1,0.78,1.98,6.95,1.46,2.47,1st Edition,MACR-EN075,Common,TRAP,Normal Trap,"Send 1 ""Destruction Sword"" card and 1 ""Buster Blader"" monster from your Deck to the Graveyard, except ""Prologue of the Destruction Swordsman""; Special Summon 1 ""Buster Dragon"" from your Extra Deck or Graveyard, but destroy it during the End Phase of the next turn. You can banish this card from your Graveyard; this turn, ""Destruction Sword"" cards you control cannot be destroyed by battle or card effects. You can only activate 1 ""Prologue of the Destruction Swordsman"" per turn.",,,
131192,Prologue of the Destruction Swordsman,Prologue of the Destruction Swordsman,https://tcgplayer-cdn.tcgplayer.com/product/131192_200w.jpg,2,1922,https://cpt.tcgcsv.com/St32,2024-08-12T20:06:18.44,1,0.4,1.87,5.0,1.35,,Unlimited,MACR-EN075,Common,TRAP,Normal Trap,"Send 1 ""Destruction Sword"" card and 1 ""Buster Blader"" monster from your Deck to the Graveyard, except ""Prologue of the Destruction Swordsman""; Special Summon 1 ""Buster Dragon"" from your Extra Deck or Graveyard, but destroy it during the End Phase of the next turn. You can banish this card from your Graveyard; this turn, ""Destruction Sword"" cards you control cannot be destroyed by battle or card effects. You can only activate 1 ""Prologue of the Destruction Swordsman"" per turn.",,,
131193,Dinomists Howling,Dinomists Howling,https://tcgplayer-cdn.tcgplayer.com/product/131193_200w.jpg,2,1922,https://cpt.tcgcsv.com/Tt32,2024-08-12T20:06:18.537,1,0.07,0.29,1.5,0.22,0.11,1st Edition,MACR-EN076,Common,TRAP,Continuous Trap,"When this card is activated: You can place 1 or 2 ""Dinomist"" Pendulum Monster(s) from your Deck in your Pendulum Zone, but you cannot Pendulum Summon monsters until the end of the next turn, except ""Dinomist"" monsters (even if this card leaves the field). Once per turn, if this card is already face-up in your Spell & Trap Zone: You can Tribute 1 ""Dinomist"" monster, then target 1 card your opponent controls; return it to the hand.",,,
131193,Dinomists Howling,Dinomists Howling,https://tcgplayer-cdn.tcgplayer.com/product/131193_200w.jpg,2,1922,https://cpt.tcgcsv.com/Tt32,2024-08-12T20:06:18.537,1,0.11,0.25,1.49,0.19,0.11,Unlimited,MACR-EN076,Common,TRAP,Continuous Trap,"When this card is activated: You can place 1 or 2 ""Dinomist"" Pendulum Monster(s) from your Deck in your Pendulum Zone, but you cannot Pendulum Summon monsters until the end of the next turn, except ""Dinomist"" monsters (even if this card leaves the field). Once per turn, if this card is already face-up in your Spell & Trap Zone: You can Tribute 1 ""Dinomist"" monster, then target 1 card your opponent controls; return it to the hand.",,,
131194,Zefra War,Zefra War,https://tcgplayer-cdn.tcgplayer.com/product/131194_200w.jpg,2,1922,https://cpt.tcgcsv.com/Vt32,2024-08-12T20:06:18.583,1,0.03,0.25,1.41,0.18,,1st Edition,MACR-EN077,Common,TRAP,Normal Trap,"Target 1 ""Zefra"" card you control and 1 card your opponent controls; destroy them. If you have 2 ""Zefra"" cards in your Pendulum Zones, you can activate this card from your hand. You can only activate 1 ""Zefra War"" per turn.",,,
131194,Zefra War,Zefra War,https://tcgplayer-cdn.tcgplayer.com/product/131194_200w.jpg,2,1922,https://cpt.tcgcsv.com/Vt32,2024-08-12T20:06:18.583,1,0.01,0.2,1.49,0.12,0.11,Unlimited,MACR-EN077,Common,TRAP,Normal Trap,"Target 1 ""Zefra"" card you control and 1 card your opponent controls; destroy them. If you have 2 ""Zefra"" cards in your Pendulum Zones, you can activate this card from your hand. You can only activate 1 ""Zefra War"" per turn.",,,
131195,Waterfall of Dragon Souls,Waterfall of Dragon Souls,https://tcgplayer-cdn.tcgplayer.com/product/131195_200w.jpg,2,1922,https://cpt.tcgcsv.com/Wt32,2017-06-22T19:26:36.657,1,0.04,0.25,2.0,0.19,,Unlimited,MACR-EN078,Super Rare,TRAP,Normal Trap,"Activate 1 of these effects.
<br><b>-</b> Add 1 Wyrm-Type monster from your Deck to your hand.
<br><b>-</b> Send any number of Wyrm-Type monsters from your hand and/or face-up from your field to the Graveyard; draw cards equal to the number of monsters you sent to the Graveyard +1.",,,
131195,Waterfall of Dragon Souls,Waterfall of Dragon Souls,https://tcgplayer-cdn.tcgplayer.com/product/131195_200w.jpg,2,1922,https://cpt.tcgcsv.com/Wt32,2017-06-22T19:26:36.657,1,0.09,0.3,2.5,0.18,0.1,1st Edition,MACR-EN078,Super Rare,TRAP,Normal Trap,"Activate 1 of these effects.
<br><b>-</b> Add 1 Wyrm-Type monster from your Deck to your hand.
<br><b>-</b> Send any number of Wyrm-Type monsters from your hand and/or face-up from your field to the Graveyard; draw cards equal to the number of monsters you sent to the Graveyard +1.",,,
131196,Unending Nightmare,Unending Nightmare,https://tcgplayer-cdn.tcgplayer.com/product/131196_200w.jpg,2,1922,https://cpt.tcgcsv.com/Xt32,2022-12-23T15:30:02.193,1,0.45,1.49,19.99,0.78,3.5,Unlimited,MACR-EN079,Secret Rare,TRAP,Continuous Trap,"You can pay 1000 LP, then target 1 face-up Spell/Trap Card on the field; destroy it. You can only activate this effect of ""Unending Nightmare"" once per Chain.",,,
131196,Unending Nightmare,Unending Nightmare,https://tcgplayer-cdn.tcgplayer.com/product/131196_200w.jpg,2,1922,https://cpt.tcgcsv.com/Xt32,2022-12-23T15:30:02.193,1,0.69,2.0,23.99,1.24,1.47,1st Edition,MACR-EN079,Secret Rare,TRAP,Continuous Trap,"You can pay 1000 LP, then target 1 face-up Spell/Trap Card on the field; destroy it. You can only activate this effect of ""Unending Nightmare"" once per Chain.",,,
131197,Diamond Duston,Diamond Duston,https://tcgplayer-cdn.tcgplayer.com/product/131197_200w.jpg,2,1922,https://cpt.tcgcsv.com/Zt32,2023-05-05T18:10:40.393,1,0.01,0.2,1.49,0.09,,Unlimited,MACR-EN080,Common,TRAP,Normal Trap,"When a card(s) on the field is destroyed by battle or card effect: Special Summon ""Duston"" monsters from your Deck to anywhere on the field, equal to the number of those destroyed cards. If this card is in your Graveyard: You can banish 1 ""Duston"" monster from your Graveyard; Special Summon this card in Defense Position as a Normal Monster (Fiend-Type/DARK/Level 1/ATK 0/DEF 1000) to your opponent's field. (This card is NOT treated as a Trap Card.) This effect can only be used once while this card is in the Graveyard. If Summoned this way, it cannot be Tributed, or be used as Material for a Fusion, Synchro, or Xyz Summon.",,,
131197,Diamond Duston,Diamond Duston,https://tcgplayer-cdn.tcgplayer.com/product/131197_200w.jpg,2,1922,https://cpt.tcgcsv.com/Zt32,2023-05-05T18:10:40.393,1,0.01,0.24,1.32,0.2,0.11,1st Edition,MACR-EN080,Common,TRAP,Normal Trap,"When a card(s) on the field is destroyed by battle or card effect: Special Summon ""Duston"" monsters from your Deck to anywhere on the field, equal to the number of those destroyed cards. If this card is in your Graveyard: You can banish 1 ""Duston"" monster from your Graveyard; Special Summon this card in Defense Position as a Normal Monster (Fiend-Type/DARK/Level 1/ATK 0/DEF 1000) to your opponent's field. (This card is NOT treated as a Trap Card.) This effect can only be used once while this card is in the Graveyard. If Summoned this way, it cannot be Tributed, or be used as Material for a Fusion, Synchro, or Xyz Summon.",,,
131198,Tornado Dragon,Tornado Dragon,https://tcgplayer-cdn.tcgplayer.com/product/131198_200w.jpg,2,1922,https://cpt.tcgcsv.com/-t32,2022-10-12T19:43:26.21,1,0.68,1.99,14.99,1.11,,1st Edition,MACR-EN081,Secret Rare,WIND,Xyz/Effect Monster,"2 Level 4 monsters
<br>Once per turn, during either player’s turn: You can detach 1 Xyz Material from this card, then target 1 Spell/Trap Card on the field; destroy it.",Wyrm,2100,2000
131198,Tornado Dragon,Tornado Dragon,https://tcgplayer-cdn.tcgplayer.com/product/131198_200w.jpg,2,1922,https://cpt.tcgcsv.com/-t32,2022-10-12T19:43:26.21,1,0.92,1.67,11.21,1.24,,Unlimited,MACR-EN081,Secret Rare,WIND,Xyz/Effect Monster,"2 Level 4 monsters
<br>Once per turn, during either player’s turn: You can detach 1 Xyz Material from this card, then target 1 Spell/Trap Card on the field; destroy it.",Wyrm,2100,2000
131199,Subterror Fiendess,Subterror Fiendess,https://tcgplayer-cdn.tcgplayer.com/product/131199_200w.jpg,2,1922,https://cpt.tcgcsv.com/_t32,2017-06-22T19:31:48.483,1,0.08,0.31,2.69,0.17,,1st Edition,MACR-EN082,Super Rare,EARTH,Effect Monster,"During either player's turn, when your opponent activates a card or effect: You can send this card from your hand or field to the Graveyard, then target 1 ""Subterror"" monster you control; negate the activation, then change the targeted monster to face-down Defense Position. You can target 1 face-up monster you control; change it to face-down Defense Position, and if you do, Special Summon 1 ""Subterror"" monster from your hand or Graveyard, in face-up or face-down Defense Position. You can only use each effect of ""Subterror Fiendess"" once per turn.",Spellcaster,800,500
131199,Subterror Fiendess,Subterror Fiendess,https://tcgplayer-cdn.tcgplayer.com/product/131199_200w.jpg,2,1922,https://cpt.tcgcsv.com/_t32,2017-06-22T19:31:48.483,1,0.02,0.37,3.0,0.19,,Unlimited,MACR-EN082,Super Rare,EARTH,Effect Monster,"During either player's turn, when your opponent activates a card or effect: You can send this card from your hand or field to the Graveyard, then target 1 ""Subterror"" monster you control; negate the activation, then change the targeted monster to face-down Defense Position. You can target 1 face-up monster you control; change it to face-down Defense Position, and if you do, Special Summon 1 ""Subterror"" monster from your hand or Graveyard, in face-up or face-down Defense Position. You can only use each effect of ""Subterror Fiendess"" once per turn.",Spellcaster,800,500
131200,Subterror Behemoth Phospheroglacier,Subterror Behemoth Phospheroglacier,https://tcgplayer-cdn.tcgplayer.com/product/131200_200w.jpg,2,1922,https://cpt.tcgcsv.com/0v32,2024-08-12T20:06:18.63,1,0.1,0.25,1.49,0.17,0.2,1st Edition,MACR-EN083,Common,EARTH,Flip/Effect Monster,"FLIP: You can send 1 card from your Deck to the Graveyard. You can only use this effect of ""Subterror Behemoth Phospheroglacier"" once per turn.
<br>When a face-up monster you control is flipped face-down, if you control no face-up monsters: You can Special Summon this card from your hand in Defense Position. Once per turn: You can change this card to face-down Defense Position.",Aqua,2600,2500
131200,Subterror Behemoth Phospheroglacier,Subterror Behemoth Phospheroglacier,https://tcgplayer-cdn.tcgplayer.com/product/131200_200w.jpg,2,1922,https://cpt.tcgcsv.com/0v32,2024-08-12T20:06:18.63,1,0.05,0.22,1.49,0.17,0.2,Unlimited,MACR-EN083,Common,EARTH,Flip/Effect Monster,"FLIP: You can send 1 card from your Deck to the Graveyard. You can only use this effect of ""Subterror Behemoth Phospheroglacier"" once per turn.
<br>When a face-up monster you control is flipped face-down, if you control no face-up monsters: You can Special Summon this card from your hand in Defense Position. Once per turn: You can change this card to face-down Defense Position.",Aqua,2600,2500
131201,Subterror Behemoth Speleogeist,Subterror Behemoth Speleogeist,https://tcgplayer-cdn.tcgplayer.com/product/131201_200w.jpg,2,1922,https://cpt.tcgcsv.com/2v32,2024-08-12T20:06:18.663,1,0.1,0.25,1.49,0.16,0.15,1st Edition,MACR-EN084,Common,EARTH,Flip/Effect Monster,"FLIP: You can target 1 monster on the field; change it to face-up Attack Position if it is in Defense Position, also change its ATK to 0. You can only use this effect of ""Subterror Behemoth Speleogeist"" once per turn.
<br>When a face-up monster you control is flipped face-down, if you control no face-up monsters: You can Special Summon this card from your hand in Defense Position. Once per turn: You can change this card to face-down Defense Position.",Rock,3000,1400
131201,Subterror Behemoth Speleogeist,Subterror Behemoth Speleogeist,https://tcgplayer-cdn.tcgplayer.com/product/131201_200w.jpg,2,1922,https://cpt.tcgcsv.com/2v32,2024-08-12T20:06:18.663,1,0.05,0.23,1.49,0.2,0.22,Unlimited,MACR-EN084,Common,EARTH,Flip/Effect Monster,"FLIP: You can target 1 monster on the field; change it to face-up Attack Position if it is in Defense Position, also change its ATK to 0. You can only use this effect of ""Subterror Behemoth Speleogeist"" once per turn.
<br>When a face-up monster you control is flipped face-down, if you control no face-up monsters: You can Special Summon this card from your hand in Defense Position. Once per turn: You can change this card to face-down Defense Position.",Rock,3000,1400
131202,Subterror Final Battle,Subterror Final Battle,https://tcgplayer-cdn.tcgplayer.com/product/131202_200w.jpg,2,1922,https://cpt.tcgcsv.com/3v32,2017-06-22T19:32:33.49,1,0.01,0.3,1.95,0.24,,Unlimited,MACR-EN085,Rare,TRAP,Normal Trap,"Activate 1 of these effects, also, after that, Set this card face-down instead of sending it to the Graveyard.
<br><b>-</b> Change 1 Set ""Subterror"" monster on the field to face-up Attack or Defense Position.
<br><b>-</b> Change 1 face-up ""Subterror"" monster on the field to face-down Defense Position.
<br><b>-</b> ATK and DEF of 1 ""Subterror"" monster on the field become equal to its combined original ATK and DEF until the end of this turn.
<br><b>-</b> This turn, activated effects of ""Subterror"" cards cannot be negated.",,,
131202,Subterror Final Battle,Subterror Final Battle,https://tcgplayer-cdn.tcgplayer.com/product/131202_200w.jpg,2,1922,https://cpt.tcgcsv.com/3v32,2017-06-22T19:32:33.49,1,0.09,0.33,3.78,0.14,,1st Edition,MACR-EN085,Rare,TRAP,Normal Trap,"Activate 1 of these effects, also, after that, Set this card face-down instead of sending it to the Graveyard.
<br><b>-</b> Change 1 Set ""Subterror"" monster on the field to face-up Attack or Defense Position.
<br><b>-</b> Change 1 face-up ""Subterror"" monster on the field to face-down Defense Position.
<br><b>-</b> ATK and DEF of 1 ""Subterror"" monster on the field become equal to its combined original ATK and DEF until the end of this turn.
<br><b>-</b> This turn, activated effects of ""Subterror"" cards cannot be negated.",,,
131203,SPYRAL Sleeper,SPYRAL Sleeper,https://tcgplayer-cdn.tcgplayer.com/product/131203_200w.jpg,2,1922,https://cpt.tcgcsv.com/5v32,2024-10-31T04:37:57.217,1,0.01,0.35,3.92,0.26,0.11,Unlimited,MACR-EN086,Super Rare,LIGHT,Effect Monster,"Cannot be Normal Summoned/Set. Must be Special Summoned (from your hand) by banishing 3 ""SPYRAL"" cards from your Graveyard, and cannot be Special Summoned by other ways. Once per turn, during either player's turn: You can target 1 ""SPYRAL"" card you control and up to 2 cards your opponent controls; destroy them. If this card on the field is destroyed by battle or card effect and sent to the Graveyard: Destroy as many cards you control as possible, and if you do, Special Summon 1 ""SPYRAL Super Agent"" from your hand, Deck, or Graveyard.",Fiend,2800,1200
131203,SPYRAL Sleeper,SPYRAL Sleeper,https://tcgplayer-cdn.tcgplayer.com/product/131203_200w.jpg,2,1922,https://cpt.tcgcsv.com/5v32,2024-10-31T04:37:57.217,1,0.07,0.39,5.0,0.23,0.28,1st Edition,MACR-EN086,Super Rare,LIGHT,Effect Monster,"Cannot be Normal Summoned/Set. Must be Special Summoned (from your hand) by banishing 3 ""SPYRAL"" cards from your Graveyard, and cannot be Special Summoned by other ways. Once per turn, during either player's turn: You can target 1 ""SPYRAL"" card you control and up to 2 cards your opponent controls; destroy them. If this card on the field is destroyed by battle or card effect and sent to the Graveyard: Destroy as many cards you control as possible, and if you do, Special Summon 1 ""SPYRAL Super Agent"" from your hand, Deck, or Graveyard.",Fiend,2800,1200
131204,SPYRAL GEAR - Last Resort,SPYRAL GEAR Last Resort,https://tcgplayer-cdn.tcgplayer.com/product/131204_200w.jpg,2,1922,https://cpt.tcgcsv.com/6v32,2024-08-12T20:06:18.833,1,0.01,0.38,1.49,0.23,,Unlimited,MACR-EN087,Rare,EARTH,Effect Monster,"You can target 1 ""SPYRAL"" monster you control; equip this monster from your hand or field to that target. While this card is equipped to a monster by this effect, the equipped monster cannot be destroyed by battle or card effects, also your opponent cannot target it with card effects. Once per turn, if this card is equipped to a monster by this effect: You can send 1 other card you control to the Graveyard; the equipped monster can attack directly this turn.",Machine,1000,1000
131204,SPYRAL GEAR - Last Resort,SPYRAL GEAR Last Resort,https://tcgplayer-cdn.tcgplayer.com/product/131204_200w.jpg,2,1922,https://cpt.tcgcsv.com/6v32,2024-08-12T20:06:18.833,1,0.09,0.44,4.99,0.24,0.19,1st Edition,MACR-EN087,Rare,EARTH,Effect Monster,"You can target 1 ""SPYRAL"" monster you control; equip this monster from your hand or field to that target. While this card is equipped to a monster by this effect, the equipped monster cannot be destroyed by battle or card effects, also your opponent cannot target it with card effects. Once per turn, if this card is equipped to a monster by this effect: You can send 1 other card you control to the Graveyard; the equipped monster can attack directly this turn.",Machine,1000,1000
131205,SPYRAL GEAR - Fully Armed,SPYRAL GEAR Fully Armed,https://tcgplayer-cdn.tcgplayer.com/product/131205_200w.jpg,2,1922,https://cpt.tcgcsv.com/7v32,2017-06-22T19:33:27.713,1,0.2,0.5,3.9,0.4,,Unlimited,MACR-EN088,Ultra Rare,SPELL,Equip Spell,"Equip only to ""SPYRAL Super Agent"". It gains 1000 ATK. If it destroys your opponent's monster by battle: You can banish both the opponent's destroyed monster and 1 other card your opponent controls. When this face-up card on the field is destroyed and sent to the Graveyard: You can target 1 ""SPYRAL Super Agent"" in your Graveyard; Special Summon it.",,,
131205,SPYRAL GEAR - Fully Armed,SPYRAL GEAR Fully Armed,https://tcgplayer-cdn.tcgplayer.com/product/131205_200w.jpg,2,1922,https://cpt.tcgcsv.com/7v32,2017-06-22T19:33:27.713,1,0.25,0.5,4.9,0.4,,1st Edition,MACR-EN088,Ultra Rare,SPELL,Equip Spell,"Equip only to ""SPYRAL Super Agent"". It gains 1000 ATK. If it destroys your opponent's monster by battle: You can banish both the opponent's destroyed monster and 1 other card your opponent controls. When this face-up card on the field is destroyed and sent to the Graveyard: You can target 1 ""SPYRAL Super Agent"" in your Graveyard; Special Summon it.",,,
131206,SPYRAL MISSION - Rescue,SPYRAL MISSION Rescue,https://tcgplayer-cdn.tcgplayer.com/product/131206_200w.jpg,2,1922,https://cpt.tcgcsv.com/8v32,2024-08-12T20:06:18.863,1,0.01,0.25,1.65,0.2,0.25,Unlimited,MACR-EN089,Common,TRAP,Continuous Trap,"Destroy this card during your 3rd End Phase after activation. Once per turn: You can target 1 ""SPYRAL"" monster in your Graveyard; return it to the hand. You can banish this card from your Graveyard, then target 1 ""SPYRAL"" monster in your Graveyard; Special Summon it. You can only control 1 ""SPYRAL MISSION - Rescue"".",,,
131206,SPYRAL MISSION - Rescue,SPYRAL MISSION Rescue,https://tcgplayer-cdn.tcgplayer.com/product/131206_200w.jpg,2,1922,https://cpt.tcgcsv.com/8v32,2024-08-12T20:06:18.863,1,0.05,0.25,1.49,0.13,,1st Edition,MACR-EN089,Common,TRAP,Continuous Trap,"Destroy this card during your 3rd End Phase after activation. Once per turn: You can target 1 ""SPYRAL"" monster in your Graveyard; return it to the hand. You can banish this card from your Graveyard, then target 1 ""SPYRAL"" monster in your Graveyard; Special Summon it. You can only control 1 ""SPYRAL MISSION - Rescue"".",,,
131207,Gift Exchange,Gift Exchange,https://tcgplayer-cdn.tcgplayer.com/product/131207_200w.jpg,2,1922,https://cpt.tcgcsv.com/9v32,2017-06-22T19:33:54.67,1,0.05,0.24,1.49,0.11,0.11,1st Edition,MACR-EN090,Common,SPELL,Normal Spell,"Both players banish 1 card from their Decks, face-down, and if they do, during the End Phase of this turn, both players add to their hands the card their opponent banished by this effect.",,,
131207,Gift Exchange,Gift Exchange,https://tcgplayer-cdn.tcgplayer.com/product/131207_200w.jpg,2,1922,https://cpt.tcgcsv.com/9v32,2017-06-22T19:33:54.67,1,0.03,0.24,1.49,0.25,,Unlimited,MACR-EN090,Common,SPELL,Normal Spell,"Both players banish 1 card from their Decks, face-down, and if they do, during the End Phase of this turn, both players add to their hands the card their opponent banished by this effect.",,,
131208,Kaiser Sea Snake,Kaiser Sea Snake,https://tcgplayer-cdn.tcgplayer.com/product/131208_200w.jpg,2,1922,https://cpt.tcgcsv.com/bv32,2022-06-27T05:49:10.9,1,0.01,0.2,1.32,0.07,0.07,1st Edition,MACR-EN091,Common,WIND,Effect Monster,"If your opponent controls a monster and you control no monsters, you can Special Summon this card (from your hand). You can only Special Summon ""Kaiser Sea Snake"" once per turn this way. When Summoned this way: You can Special Summon 1 Level 8 Sea Serpent-Type monster from your hand or Graveyard, but its ATK and DEF become 0. If this card is Special Summoned, its Level becomes 4 and original ATK becomes 0.",Sea Serpent,2500,1000
131208,Kaiser Sea Snake,Kaiser Sea Snake,https://tcgplayer-cdn.tcgplayer.com/product/131208_200w.jpg,2,1922,https://cpt.tcgcsv.com/bv32,2022-06-27T05:49:10.9,1,0.01,0.18,1.49,0.08,0.07,Unlimited,MACR-EN091,Common,WIND,Effect Monster,"If your opponent controls a monster and you control no monsters, you can Special Summon this card (from your hand). You can only Special Summon ""Kaiser Sea Snake"" once per turn this way. When Summoned this way: You can Special Summon 1 Level 8 Sea Serpent-Type monster from your hand or Graveyard, but its ATK and DEF become 0. If this card is Special Summoned, its Level becomes 4 and original ATK becomes 0.",Sea Serpent,2500,1000
131209,Bujin Hiruko,Bujin Hiruko,https://tcgplayer-cdn.tcgplayer.com/product/131209_200w.jpg,2,1922,https://cpt.tcgcsv.com/cv32,2024-08-12T20:06:18.913,1,0.08,0.32,6.55,0.29,,1st Edition,MACR-EN092,Rare,LIGHT,Pendulum Monster,"<b>Pendulum Effect :</b> You can banish this card in your Pendulum Zone, then target 1 ""Bujin"" Xyz Monster you control; Special Summon from your Extra Deck, 1 ""Bujin"" Xyz Monster with a different name, by using that target as the Xyz Material. (This Special Summon is treated as an Xyz Summon. Xyz Materials attached to it also become Xyz Materials on the Summoned monster.)
<br><b>Monster Effect :</b> <i>Imprisoned after a showdown with ""Bujin Hirume"" over the Sky Throne, this master schemer eventually escaped by manipulating Hirume and creating the sinister ""Bujinki Amaterasu"", then went on to almost engulf the world in darkness, but was finally defeated by Yamato and his allies.</i>",Beast-Warrior,1000,2000
131209,Bujin Hiruko,Bujin Hiruko,https://tcgplayer-cdn.tcgplayer.com/product/131209_200w.jpg,2,1922,https://cpt.tcgcsv.com/cv32,2024-08-12T20:06:18.913,1,0.08,0.25,1.7,0.21,0.21,Unlimited,MACR-EN092,Rare,LIGHT,Pendulum Monster,"<b>Pendulum Effect :</b> You can banish this card in your Pendulum Zone, then target 1 ""Bujin"" Xyz Monster you control; Special Summon from your Extra Deck, 1 ""Bujin"" Xyz Monster with a different name, by using that target as the Xyz Material. (This Special Summon is treated as an Xyz Summon. Xyz Materials attached to it also become Xyz Materials on the Summoned monster.)
<br><b>Monster Effect :</b> <i>Imprisoned after a showdown with ""Bujin Hirume"" over the Sky Throne, this master schemer eventually escaped by manipulating Hirume and creating the sinister ""Bujinki Amaterasu"", then went on to almost engulf the world in darkness, but was finally defeated by Yamato and his allies.</i>",Beast-Warrior,1000,2000
131210,Sylvan Princessprite,Sylvan Princessprite,https://tcgplayer-cdn.tcgplayer.com/product/131210_200w.jpg,2,1922,https://cpt.tcgcsv.com/dv32,2024-08-22T16:35:02.29,1,0.29,0.5,2.21,0.35,,1st Edition,MACR-EN093,Super Rare,LIGHT,Xyz/Effect Monster,"2 Level 1 monsters
<br>You can detach 1 Xyz Material from this card; excavate the top card of your Deck, and if it is a Spell/Trap Card, add it to your hand. Otherwise, send it to the Graveyard. You can send 1 other Plant-Type monster from your hand or face-up from your field to the Graveyard, then target 1 ""Sylvan"" monster in your Graveyard; Special Summon it. You can only use each effect of ""Sylvan Princessprite"" once per turn.",Plant,1800,100
131210,Sylvan Princessprite,Sylvan Princessprite,https://tcgplayer-cdn.tcgplayer.com/product/131210_200w.jpg,2,1922,https://cpt.tcgcsv.com/dv32,2024-08-22T16:35:02.29,1,0.23,0.5,2.0,0.31,,Unlimited,MACR-EN093,Super Rare,LIGHT,Xyz/Effect Monster,"2 Level 1 monsters
<br>You can detach 1 Xyz Material from this card; excavate the top card of your Deck, and if it is a Spell/Trap Card, add it to your hand. Otherwise, send it to the Graveyard. You can send 1 other Plant-Type monster from your hand or face-up from your field to the Graveyard, then target 1 ""Sylvan"" monster in your Graveyard; Special Summon it. You can only use each effect of ""Sylvan Princessprite"" once per turn.",Plant,1800,100
131211,Artifact Vajra,Artifact Vajra,https://tcgplayer-cdn.tcgplayer.com/product/131211_200w.jpg,2,1922,https://cpt.tcgcsv.com/fv32,2024-08-12T20:06:19.07,1,0.02,0.19,1.35,0.11,0.1,Unlimited,MACR-EN094,Common,LIGHT,Effect Monster,"You can Set this card from your hand to your Spell & Trap Zone as a Spell Card. During your opponent's turn, if this Set card in the Spell & Trap Zone is destroyed and sent to your Graveyard: Special Summon it. If this card is Special Summoned during your opponent's turn: Destroy all cards in your Spell & Trap Zones. When an opponent's monster declares a direct attack: You can Special Summon this card from your hand.",Fairy,1800,1900
131211,Artifact Vajra,Artifact Vajra,https://tcgplayer-cdn.tcgplayer.com/product/131211_200w.jpg,2,1922,https://cpt.tcgcsv.com/fv32,2024-08-12T20:06:19.07,1,0.05,0.22,1.38,0.16,0.11,1st Edition,MACR-EN094,Common,LIGHT,Effect Monster,"You can Set this card from your hand to your Spell & Trap Zone as a Spell Card. During your opponent's turn, if this Set card in the Spell & Trap Zone is destroyed and sent to your Graveyard: Special Summon it. If this card is Special Summoned during your opponent's turn: Destroy all cards in your Spell & Trap Zones. When an opponent's monster declares a direct attack: You can Special Summon this card from your hand.",Fairy,1800,1900
131212,Mild Turkey,Mild Turkey,https://tcgplayer-cdn.tcgplayer.com/product/131212_200w.jpg,2,1922,https://cpt.tcgcsv.com/gv32,2017-06-22T19:35:27.89,1,0.01,0.15,1.49,0.09,,Unlimited,MACR-EN095,Common,FIRE,Pendulum Monster,"<b>Pendulum Effect :</b> Once per turn: You can roll a six-sided die. Until the end of this turn, reduce this card's Pendulum Scale by that number (min. 1).
<br><b>Monster Effect :</b> <i>The taste of victory will bowl you over.</i>",Winged Beast,1000,2000
131212,Mild Turkey,Mild Turkey,https://tcgplayer-cdn.tcgplayer.com/product/131212_200w.jpg,2,1922,https://cpt.tcgcsv.com/gv32,2017-06-22T19:35:27.89,1,0.01,0.2,1.36,0.11,,1st Edition,MACR-EN095,Common,FIRE,Pendulum Monster,"<b>Pendulum Effect :</b> Once per turn: You can roll a six-sided die. Until the end of this turn, reduce this card's Pendulum Scale by that number (min. 1).
<br><b>Monster Effect :</b> <i>The taste of victory will bowl you over.</i>",Winged Beast,1000,2000
131213,Ghost Beef,Ghost Beef,https://tcgplayer-cdn.tcgplayer.com/product/131213_200w.jpg,2,1922,https://cpt.tcgcsv.com/hv32,2025-09-05T16:57:26.307,1,0.01,0.19,1.49,0.13,,Unlimited,MACR-EN096,Common,DARK,Pendulum Monster,"<b>Pendulum Effect :</b> Once per turn: You can roll a six-sided die. Until the end of this turn, increase this card's Pendulum Scale by that number (max. 10).
<br><b>Monster Effect :</b> <i>The Ghost of Christmas Dinner.</i>",,2000,1000
131213,Ghost Beef,Ghost Beef,https://tcgplayer-cdn.tcgplayer.com/product/131213_200w.jpg,2,1922,https://cpt.tcgcsv.com/hv32,2025-09-05T16:57:26.307,1,0.01,0.21,1.0,0.15,,1st Edition,MACR-EN096,Common,DARK,Pendulum Monster,"<b>Pendulum Effect :</b> Once per turn: You can roll a six-sided die. Until the end of this turn, increase this card's Pendulum Scale by that number (max. 10).
<br><b>Monster Effect :</b> <i>The Ghost of Christmas Dinner.</i>",,2000,1000
131214,"Vennu, Bright Bird of Divinity",Vennu Bright Bird of Divinity,https://tcgplayer-cdn.tcgplayer.com/product/131214_200w.jpg,2,1922,https://cpt.tcgcsv.com/jv32,2022-10-03T07:59:20.147,1,0.01,0.2,1.49,0.1,0.05,1st Edition,MACR-EN097,Common,LIGHT,Ritual/Effect Monster,"You can Ritual Summon this card with ""Primal Cry"". Once per turn: You can reveal 1 monster in your hand, then target 1 face-up monster on the field; that target's Level becomes equal to the Level the revealed monster had, until the end of this turn. Once per turn, if another monster is Tributed from your hand or field (except during the Damage Step): You can target 1 monster in your Graveyard; add it to your hand.",Fairy,2800,2000
131214,"Vennu, Bright Bird of Divinity",Vennu Bright Bird of Divinity,https://tcgplayer-cdn.tcgplayer.com/product/131214_200w.jpg,2,1922,https://cpt.tcgcsv.com/jv32,2022-10-03T07:59:20.147,1,0.01,0.2,1.33,0.19,,Unlimited,MACR-EN097,Common,LIGHT,Ritual/Effect Monster,"You can Ritual Summon this card with ""Primal Cry"". Once per turn: You can reveal 1 monster in your hand, then target 1 face-up monster on the field; that target's Level becomes equal to the Level the revealed monster had, until the end of this turn. Once per turn, if another monster is Tributed from your hand or field (except during the Damage Step): You can target 1 monster in your Graveyard; add it to your hand.",Fairy,2800,2000
131215,Primal Cry,Primal Cry,https://tcgplayer-cdn.tcgplayer.com/product/131215_200w.jpg,2,1922,https://cpt.tcgcsv.com/kv32,2023-09-01T10:43:33.8,1,0.01,0.21,1.32,0.2,0.1,1st Edition,MACR-EN098,Common,SPELL,Ritual Spell,"This card is used to Ritual Summon ""Vennu, Bright Bird of Divinity"". You must also Tribute monsters from your hand or field whose total Levels equal 8 or more. During your End Phase: You can banish this card from your Graveyard, then target 1 Ritual Monster in your Graveyard that was sent there from the field this turn; Special Summon it.",,,
131215,Primal Cry,Primal Cry,https://tcgplayer-cdn.tcgplayer.com/product/131215_200w.jpg,2,1922,https://cpt.tcgcsv.com/kv32,2023-09-01T10:43:33.8,1,0.01,0.2,1.49,0.13,0.05,Unlimited,MACR-EN098,Common,SPELL,Ritual Spell,"This card is used to Ritual Summon ""Vennu, Bright Bird of Divinity"". You must also Tribute monsters from your hand or field whose total Levels equal 8 or more. During your End Phase: You can banish this card from your Graveyard, then target 1 Ritual Monster in your Graveyard that was sent there from the field this turn; Special Summon it.",,,
131216,Onikuji,Onikuji,https://tcgplayer-cdn.tcgplayer.com/product/131216_200w.jpg,2,1922,https://cpt.tcgcsv.com/lv32,2017-06-22T19:37:18.623,1,0.01,0.2,1.49,0.11,,1st Edition,MACR-EN099,Common,TRAP,Continuous Trap,"Once per turn, during your Standby Phase: Your opponent declares 1 card type (Monster, Spell, or Trap). Excavate the top card of your Deck, then if it is that type of card, your opponent draws 1 card. Otherwise, discard 1 random card from their hand. Place the excavated card on the bottom of your Deck.",,,
131216,Onikuji,Onikuji,https://tcgplayer-cdn.tcgplayer.com/product/131216_200w.jpg,2,1922,https://cpt.tcgcsv.com/lv32,2017-06-22T19:37:18.623,1,0.01,0.19,1.49,0.04,,Unlimited,MACR-EN099,Common,TRAP,Continuous Trap,"Once per turn, during your Standby Phase: Your opponent declares 1 card type (Monster, Spell, or Trap). Excavate the top card of your Deck, then if it is that type of card, your opponent draws 1 card. Otherwise, discard 1 random card from their hand. Place the excavated card on the bottom of your Deck.",,,
131360,Pendulum Switch (MACR-ENSP1),Pendulum Switch MACR ENSP1,https://tcgplayer-cdn.tcgplayer.com/product/131360_200w.jpg,2,1922,https://cpt.tcgcsv.com/dz32,2020-12-07T13:55:29.007,1,0.12,0.36,2.99,0.25,,Limited,MACR-ENSP1,Ultra Rare,TRAP,Continuous Trap,"You can target 1 card in your Pendulum Zone; Special Summon it. You can target 1 Pendulum Monster in your Monster Zone; place it in your Pendulum Zone. You can only use 1 ""Pendulum Switch"" effect per turn, and only once that turn.",,,
133440,Maximum Crisis: Special Edition Display,Maximum Crisis Special Edition Display,https://tcgplayer-cdn.tcgplayer.com/product/133440_200w.jpg,2,1922,https://cpt.tcgcsv.com/Qn52,2017-06-22T18:55:46.46,1,86.0,90.95,159.96,90.99,,Normal,,,,,,,,
133441,Maximum Crisis: Special Edition Box,Maximum Crisis Special Edition Box,https://tcgplayer-cdn.tcgplayer.com/product/133441_200w.jpg,2,1922,https://cpt.tcgcsv.com/Rn52,2017-06-22T18:55:38.62,1,12.99,16.48,19.96,12.38,,Normal,,,,,,,,
133442,Kachi Kochi Dragon,Kachi Kochi Dragon,https://tcgplayer-cdn.tcgplayer.com/product/133442_200w.jpg,2,1922,https://cpt.tcgcsv.com/Sn52,2017-06-22T18:56:35.477,1,0.05,0.3,1.85,0.25,0.2,Limited,MACR-ENSE1,Super Rare,EARTH,Xyz/Effect Monster,"2 Level 4 monsters<BR>Once per turn, when this card destroys an opponent's monster by battle and sends it to the Graveyard: You can detach 1 Xyz Material from this card; it can attack once again in a row.",Dragon,2100,1300
133443,Number S0: Utopic ZEXAL,Number S0 Utopic ZEXAL,https://tcgplayer-cdn.tcgplayer.com/product/133443_200w.jpg,2,1922,https://cpt.tcgcsv.com/Tn52,2021-12-16T14:38:08.117,1,0.25,0.5,6.0,0.39,,Limited,MACR-ENSE2,Super Rare,LIGHT,Xyz/Effect Monster,"3 ""Number"" Xyz Monsters with the same Rank
<br><i>(This card's original Rank is always treated as 1.)</i> You can also Xyz Summon this card by discarding 1 ""Rank-Up-Magic"" Normal Spell Card, then using a ""Utopia"" monster you control as the Xyz Material. (Transfer its Xyz Materials to this card.) This card's Xyz Summon cannot be negated. When Xyz Summoned, your opponent's cards and effects cannot be activated. Gains 1000 ATK and DEF for each Xyz Material attached to it. Once per opponent's turn (Quick Effect): You can detach 1 Xyz Material from this card; your opponent's cards and effects cannot be activated this turn.",Warior,0,0
133444,Emerging Emergency Rescute Rescue,Emerging Emergency Rescute Rescue,https://tcgplayer-cdn.tcgplayer.com/product/133444_200w.jpg,2,1922,https://cpt.tcgcsv.com/Vn52,2017-06-22T18:57:00.17,1,0.08,0.29,5.0,0.19,,Limited,MACR-ENSE3,Super Rare,SPELL,Normal Spell,"If your LP is lower than your opponent's: Reveal 3 Beast monsters with 300 ATK and 100 DEF from your Deck, your opponent chooses 1 for you to add to your hand, and you shuffle the rest back into your Deck. You can only activate 1 ""Emerging Emergency Rescute Rescue"" per turn.",,,
133445,Boogie Trap,Boogie Trap,https://tcgplayer-cdn.tcgplayer.com/product/133445_200w.jpg,2,1922,https://cpt.tcgcsv.com/Wn52,2017-06-22T18:57:13.39,1,0.04,0.25,2.5,0.2,,Limited,MACR-ENSE4,Super Rare,SPELL,Normal Spell,"Discard 2 cards, then target 1 Trap in your GY; Set that target. It can be activated this turn. You can only activate 1 ""Boogie Trap"" per turn.",,,
