productId,name,cleanName,imageUrl,categoryId,groupId,url,modifiedOn,imageCount,extNumber,extRarity,extAttribute,extCardType,extAttack,extDefense,extDescription,lowPrice,midPrice,highPrice,marketPrice,directLowPrice,subTypeName,extMonsterType,extUPC
57690,Inzektor Axe - Zektahawk,Inzektor Axe Zektahawk,https://tcgplayer-cdn.tcgplayer.com/product/57690_200w.jpg,2,257,https://cpt.tcgcsv.com/Q5t,2013-05-09T12:13:41.653,1,ORCS-EN000,Super Rare,SPELL,Normal Spell,0,0,"Equip only to an ""Inzektor"" monster. It gains 1000 ATK. When the equipped monster declares an attack, your opponent cannot activate Spell/Trap Cards.",0.18,0.45,2.07,0.38,,Unlimited,,
57690,Inzektor Axe - Zektahawk,Inzektor Axe Zektahawk,https://tcgplayer-cdn.tcgplayer.com/product/57690_200w.jpg,2,257,https://cpt.tcgcsv.com/Q5t,2013-05-09T12:13:41.653,1,ORCS-EN000,Super Rare,SPELL,Normal Spell,0,0,"Equip only to an ""Inzektor"" monster. It gains 1000 ATK. When the equipped monster declares an attack, your opponent cannot activate Spell/Trap Cards.",0.12,0.5,1.54,0.45,,1st Edition,,
57691,Kurivolt,Kurivolt,https://tcgplayer-cdn.tcgplayer.com/product/57691_200w.jpg,2,257,https://cpt.tcgcsv.com/R5t,2013-05-09T12:13:41.653,1,ORCS-EN001,Common,LIGHT,Effect Monster,300,200,"During your Main Phase: You can target 1 face-up Xyz Monster that has Xyz Material; detach 1 Xyz Material from it, and Special Summon 1 ""Kurivolt"" from your Deck. This card cannot be used as a Synchro Material Monster.",0.05,0.23,10000.0,0.14,,Unlimited,Thunder,
57691,Kurivolt,Kurivolt,https://tcgplayer-cdn.tcgplayer.com/product/57691_200w.jpg,2,257,https://cpt.tcgcsv.com/R5t,2013-05-09T12:13:41.653,1,ORCS-EN001,Common,LIGHT,Effect Monster,300,200,"During your Main Phase: You can target 1 face-up Xyz Monster that has Xyz Material; detach 1 Xyz Material from it, and Special Summon 1 ""Kurivolt"" from your Deck. This card cannot be used as a Synchro Material Monster.",0.09,0.25,10000.0,0.19,,1st Edition,Thunder,
57692,Darklon,Darklon,https://tcgplayer-cdn.tcgplayer.com/product/57692_200w.jpg,2,257,https://cpt.tcgcsv.com/S5t,2013-05-09T12:13:41.653,1,ORCS-EN002,Common,DARK,Effect Monster,100,100,"When this card is Normal Summoned: You can have all face-up monsters you currently control gain 1 Level, also, they become DARK (these effects last until the End Phase).",0.04,0.2,1.75,0.1,,Unlimited,Fiend,
57692,Darklon,Darklon,https://tcgplayer-cdn.tcgplayer.com/product/57692_200w.jpg,2,257,https://cpt.tcgcsv.com/S5t,2013-05-09T12:13:41.653,1,ORCS-EN002,Common,DARK,Effect Monster,100,100,"When this card is Normal Summoned: You can have all face-up monsters you currently control gain 1 Level, also, they become DARK (these effects last until the End Phase).",0.05,0.24,0.94,0.05,,1st Edition,Fiend,
57693,Gagaga Girl,Gagaga Girl,https://tcgplayer-cdn.tcgplayer.com/product/57693_200w.jpg,2,257,https://cpt.tcgcsv.com/T5t,2013-05-09T12:13:41.653,1,ORCS-EN003,Secret Rare,DARK,Effect Monster,1000,800,"You can target 1 face-up ""Gagaga Magician"" you control; this card's Level becomes the Level of that monster. An Xyz Monster that was Summoned using only this card and other ""Gagaga"" monsters as Xyz Material gains this effect. *When it is Xyz Summoned: You can target 1 Special Summoned monster your opponent controls; its ATK becomes 0.",4.24,5.99,15.7,6.56,,Unlimited,Spellcaster,
57693,Gagaga Girl,Gagaga Girl,https://tcgplayer-cdn.tcgplayer.com/product/57693_200w.jpg,2,257,https://cpt.tcgcsv.com/T5t,2013-05-09T12:13:41.653,1,ORCS-EN003,Secret Rare,DARK,Effect Monster,1000,800,"You can target 1 face-up ""Gagaga Magician"" you control; this card's Level becomes the Level of that monster. An Xyz Monster that was Summoned using only this card and other ""Gagaga"" monsters as Xyz Material gains this effect. *When it is Xyz Summoned: You can target 1 Special Summoned monster your opponent controls; its ATK becomes 0.",4.94,10.99,99.99,9.87,,1st Edition,Spellcaster,
57694,Gogogo Giant,Gogogo Giant,https://tcgplayer-cdn.tcgplayer.com/product/57694_200w.jpg,2,257,https://cpt.tcgcsv.com/V5t,2013-05-09T12:13:41.653,1,ORCS-EN004,Rare,EARTH,Effect Monster,2000,0,"When this card is Normal Summoned: You can target 1 ""Gogogo"" monster in your Graveyard; Special Summon that target in face-up Defense Position, then change this card to Defense Position. If this card attacks, it is changed to Defense Position at the end of the Battle Phase.",0.05,0.25,1.36,0.1,,Unlimited,Rock,
57694,Gogogo Giant,Gogogo Giant,https://tcgplayer-cdn.tcgplayer.com/product/57694_200w.jpg,2,257,https://cpt.tcgcsv.com/V5t,2013-05-09T12:13:41.653,1,ORCS-EN004,Rare,EARTH,Effect Monster,2000,0,"When this card is Normal Summoned: You can target 1 ""Gogogo"" monster in your Graveyard; Special Summon that target in face-up Defense Position, then change this card to Defense Position. If this card attacks, it is changed to Defense Position at the end of the Battle Phase.",0.1,0.27,1.0,0.27,,1st Edition,Rock,
57695,ZW - Unicorn Spear,ZW Unicorn Spear,https://tcgplayer-cdn.tcgplayer.com/product/57695_200w.jpg,2,257,https://cpt.tcgcsv.com/W5t,2013-05-09T12:13:41.653,1,ORCS-EN005,Rare,LIGHT,Effect Monster,1900,0,"You can target 1 face-up ""Number C39: Utopia Ray"" you control; equip this card from your hand to that target. It gains 1900 ATK. If the equipped monster battles an opponent's monster, the opponent's monster's effect is negated during the Battle Phase only. You can only control 1 face-up ""ZW - Unicorn Spear"".",0.1,0.25,1.41,0.14,,Unlimited,Beast,
57695,ZW - Unicorn Spear,ZW Unicorn Spear,https://tcgplayer-cdn.tcgplayer.com/product/57695_200w.jpg,2,257,https://cpt.tcgcsv.com/W5t,2013-05-09T12:13:41.653,1,ORCS-EN005,Rare,LIGHT,Effect Monster,1900,0,"You can target 1 face-up ""Number C39: Utopia Ray"" you control; equip this card from your hand to that target. It gains 1900 ATK. If the equipped monster battles an opponent's monster, the opponent's monster's effect is negated during the Battle Phase only. You can only control 1 face-up ""ZW - Unicorn Spear"".",0.09,0.25,1.0,0.19,,1st Edition,Beast,
57696,Shocktopus,Shocktopus,https://tcgplayer-cdn.tcgplayer.com/product/57696_200w.jpg,2,257,https://cpt.tcgcsv.com/X5t,2013-05-09T12:13:41.653,1,ORCS-EN006,Common,WATER,Effect Monster,1600,800,When this card is destroyed by battle with an opponent's monster and sent to the Graveyard: You can equip this card to that opponent's monster. That monster's ATK becomes 0 and it cannot change its battle position.,0.05,0.23,1.75,0.16,,Unlimited,Fish,
57696,Shocktopus,Shocktopus,https://tcgplayer-cdn.tcgplayer.com/product/57696_200w.jpg,2,257,https://cpt.tcgcsv.com/X5t,2013-05-09T12:13:41.653,1,ORCS-EN006,Common,WATER,Effect Monster,1600,800,When this card is destroyed by battle with an opponent's monster and sent to the Graveyard: You can equip this card to that opponent's monster. That monster's ATK becomes 0 and it cannot change its battle position.,0.05,0.25,10000.0,0.11,,1st Edition,Fish,
57697,Photon Lizard,Photon Lizard,https://tcgplayer-cdn.tcgplayer.com/product/57697_200w.jpg,2,257,https://cpt.tcgcsv.com/Z5t,2013-05-09T12:13:41.653,1,ORCS-EN007,Rare,LIGHT,Effect Monster,900,1200,"You can Tribute this card; add 1 Level 4 or lower ""Photon"" monster from your Deck to your hand. The effect of ""Photon Lizard"" can only be used once per turn.",0.05,0.28,1.42,0.31,,Unlimited,Dragon,
57697,Photon Lizard,Photon Lizard,https://tcgplayer-cdn.tcgplayer.com/product/57697_200w.jpg,2,257,https://cpt.tcgcsv.com/Z5t,2013-05-09T12:13:41.653,1,ORCS-EN007,Rare,LIGHT,Effect Monster,900,1200,"You can Tribute this card; add 1 Level 4 or lower ""Photon"" monster from your Deck to your hand. The effect of ""Photon Lizard"" can only be used once per turn.",0.05,0.26,1.49,0.18,,1st Edition,Dragon,
57698,Photon Thrasher,Photon Thrasher,https://tcgplayer-cdn.tcgplayer.com/product/57698_200w.jpg,2,257,https://cpt.tcgcsv.com/-5t,2013-05-09T12:13:41.653,1,ORCS-EN008,Rare,LIGHT,Effect Monster,2100,0,"Cannot be Normal Summoned or Set. Must first be Special Summoned (from your hand) while you control no monsters. If you control another monster, this card cannot attack.",0.1,0.32,2.9,0.16,,Unlimited,Warrior,
57698,Photon Thrasher,Photon Thrasher,https://tcgplayer-cdn.tcgplayer.com/product/57698_200w.jpg,2,257,https://cpt.tcgcsv.com/-5t,2013-05-09T12:13:41.653,1,ORCS-EN008,Rare,LIGHT,Effect Monster,2100,0,"Cannot be Normal Summoned or Set. Must first be Special Summoned (from your hand) while you control no monsters. If you control another monster, this card cannot attack.",0.15,0.45,5.95,0.39,,1st Edition,Warrior,
57699,Photon Crusher,Photon Crusher,https://tcgplayer-cdn.tcgplayer.com/product/57699_200w.jpg,2,257,https://cpt.tcgcsv.com/_5t,2013-05-09T12:13:41.653,1,ORCS-EN009,Common,LIGHT,Effect Monster,2000,0,"If this card attack, it is changed to Defense Position at the end of the Damage Step.",0.08,0.25,10000.0,0.28,,Unlimited,Warrior,
57699,Photon Crusher,Photon Crusher,https://tcgplayer-cdn.tcgplayer.com/product/57699_200w.jpg,2,257,https://cpt.tcgcsv.com/_5t,2013-05-09T12:13:41.653,1,ORCS-EN009,Common,LIGHT,Effect Monster,2000,0,"If this card attack, it is changed to Defense Position at the end of the Damage Step.",0.05,0.25,1.0,0.22,,1st Edition,Warrior,
57700,Photon Leo,Photon Leo,https://tcgplayer-cdn.tcgplayer.com/product/57700_200w.jpg,2,257,https://cpt.tcgcsv.com/06t,2013-05-09T12:13:41.653,1,ORCS-EN010,Common,LIGHT,Effect Monster,2100,1100,"When this card is Normal Summoned: You can have your opponent shuffle their entire hand into the Deck, then they draw the same number of cards as they shuffled into the Deck.",0.05,0.21,1.7,0.14,,Unlimited,Beast,
57700,Photon Leo,Photon Leo,https://tcgplayer-cdn.tcgplayer.com/product/57700_200w.jpg,2,257,https://cpt.tcgcsv.com/06t,2013-05-09T12:13:41.653,1,ORCS-EN010,Common,LIGHT,Effect Monster,2100,1100,"When this card is Normal Summoned: You can have your opponent shuffle their entire hand into the Deck, then they draw the same number of cards as they shuffled into the Deck.",0.05,0.25,10000.0,0.21,,1st Edition,Beast,
57701,Photon Circle,Photon Circle,https://tcgplayer-cdn.tcgplayer.com/product/57701_200w.jpg,2,257,https://cpt.tcgcsv.com/26t,2013-05-09T12:13:41.653,1,ORCS-EN011,Common,LIGHT,Effect Monster,1000,1000,Any Battle Damage you take from battles involving this card is halved.,0.05,0.21,1.75,0.17,,Unlimited,Spellcaster,
57701,Photon Circle,Photon Circle,https://tcgplayer-cdn.tcgplayer.com/product/57701_200w.jpg,2,257,https://cpt.tcgcsv.com/26t,2013-05-09T12:13:41.653,1,ORCS-EN011,Common,LIGHT,Effect Monster,1000,1000,Any Battle Damage you take from battles involving this card is halved.,0.1,0.25,10000.0,0.19,,1st Edition,Spellcaster,
57702,Reverse Buster,Reverse Buster,https://tcgplayer-cdn.tcgplayer.com/product/57702_200w.jpg,2,257,https://cpt.tcgcsv.com/36t,2013-05-09T12:13:41.653,1,ORCS-EN012,Rare,LIGHT,Effect Monster,1500,0,"This card can only attack face-down Defense Position monsters. If this card attacks, your opponent cannot activate any Spell/Trap Cards until the end of the Damage Step. At the start of the Damage Step, if this card attacked a face-down Defense Position monster: You can destroy that monster immediately with this card's effect without flipping it face-up or applying damage calculation.",0.02,0.25,1.4,0.21,,Unlimited,Fiend,
57702,Reverse Buster,Reverse Buster,https://tcgplayer-cdn.tcgplayer.com/product/57702_200w.jpg,2,257,https://cpt.tcgcsv.com/36t,2013-05-09T12:13:41.653,1,ORCS-EN012,Rare,LIGHT,Effect Monster,1500,0,"This card can only attack face-down Defense Position monsters. If this card attacks, your opponent cannot activate any Spell/Trap Cards until the end of the Damage Step. At the start of the Damage Step, if this card attacked a face-down Defense Position monster: You can destroy that monster immediately with this card's effect without flipping it face-up or applying damage calculation.",0.02,0.25,10000.0,0.17,,1st Edition,Fiend,
57703,Flame Armor Ninja,Flame Armor Ninja,https://tcgplayer-cdn.tcgplayer.com/product/57703_200w.jpg,2,257,https://cpt.tcgcsv.com/56t,2013-05-09T12:13:41.653,1,ORCS-EN013,Common,WATER,Effect Monster,800,1600,"When this card is Summoned: You can target 1 face-up ""Ninja"" monster you control, increase its Level by 1.",0.05,0.24,1.49,0.15,,Unlimited,Warrior,
57703,Flame Armor Ninja,Flame Armor Ninja,https://tcgplayer-cdn.tcgplayer.com/product/57703_200w.jpg,2,257,https://cpt.tcgcsv.com/56t,2013-05-09T12:13:41.653,1,ORCS-EN013,Common,WATER,Effect Monster,800,1600,"When this card is Summoned: You can target 1 face-up ""Ninja"" monster you control, increase its Level by 1.",0.05,0.25,1.49,0.52,,1st Edition,Warrior,
57704,Air Armor Ninja,Air Armor Ninja,https://tcgplayer-cdn.tcgplayer.com/product/57704_200w.jpg,2,257,https://cpt.tcgcsv.com/66t,2013-05-09T12:13:41.653,1,ORCS-EN014,Common,WIND,Effect Monster,1400,1400,"When this card is Summoned: You can target 1 face-up ""Ninja"" monster you control; reduce its Level by 1.",0.04,0.21,10000.0,0.15,,Unlimited,Warrior,
57704,Air Armor Ninja,Air Armor Ninja,https://tcgplayer-cdn.tcgplayer.com/product/57704_200w.jpg,2,257,https://cpt.tcgcsv.com/66t,2013-05-09T12:13:41.653,1,ORCS-EN014,Common,WIND,Effect Monster,1400,1400,"When this card is Summoned: You can target 1 face-up ""Ninja"" monster you control; reduce its Level by 1.",0.01,0.25,1.49,0.13,,1st Edition,Warrior,
57705,Aqua Armor Ninja,Aqua Armor Ninja,https://tcgplayer-cdn.tcgplayer.com/product/57705_200w.jpg,2,257,https://cpt.tcgcsv.com/76t,2013-05-09T12:13:41.653,1,ORCS-EN015,Common,FIRE,Effect Monster,1700,1000,"When your opponent's monster declares a direct attack, if you have another ""Ninja"" monster in your Graveyard: You can banish this card from your Graveyard to target the attacking monster; negate that attack.",0.05,0.25,1.49,0.15,,Unlimited,Warrior,
57705,Aqua Armor Ninja,Aqua Armor Ninja,https://tcgplayer-cdn.tcgplayer.com/product/57705_200w.jpg,2,257,https://cpt.tcgcsv.com/76t,2013-05-09T12:13:41.653,1,ORCS-EN015,Common,FIRE,Effect Monster,1700,1000,"When your opponent's monster declares a direct attack, if you have another ""Ninja"" monster in your Graveyard: You can banish this card from your Graveyard to target the attacking monster; negate that attack.",0.04,0.25,1.0,0.16,,1st Edition,Warrior,
57706,Earth Armor Ninja,Earth Armor Ninja,https://tcgplayer-cdn.tcgplayer.com/product/57706_200w.jpg,2,257,https://cpt.tcgcsv.com/86t,2013-05-09T12:13:41.653,1,ORCS-EN016,Common,EARTH,Effect Monster,1600,1200,"If your opponent controls a monster and you control no monsters, you can Special Summon this card (from your hand).",0.08,0.22,1.49,0.21,,Unlimited,Warrior,
57706,Earth Armor Ninja,Earth Armor Ninja,https://tcgplayer-cdn.tcgplayer.com/product/57706_200w.jpg,2,257,https://cpt.tcgcsv.com/86t,2013-05-09T12:13:41.653,1,ORCS-EN016,Common,EARTH,Effect Monster,1600,1200,"If your opponent controls a monster and you control no monsters, you can Special Summon this card (from your hand).",0.05,0.25,1.49,0.24,,1st Edition,Warrior,
57707,Inzektor Hornet,Inzektor Hornet,https://tcgplayer-cdn.tcgplayer.com/product/57707_200w.jpg,2,257,https://cpt.tcgcsv.com/96t,2013-05-09T12:13:41.653,1,ORCS-EN017,Super Rare,DARK,Effect Monster,500,200,"Once per turn: You can equip 1 ""Inzektor"" monster from your hand or Graveyard to this card. While this card is equipped to a monster, that monster's Level is increased by 3, also it gains ATK and DEF equal to this card's ATK and DEF. While this card is equipped to a monster: You can send this Equip Card to the Graveyard to target 1 card on the field; destroy that target.",0.1,0.74,11.49,0.26,,Unlimited,Insect,
57707,Inzektor Hornet,Inzektor Hornet,https://tcgplayer-cdn.tcgplayer.com/product/57707_200w.jpg,2,257,https://cpt.tcgcsv.com/96t,2013-05-09T12:13:41.653,1,ORCS-EN017,Super Rare,DARK,Effect Monster,500,200,"Once per turn: You can equip 1 ""Inzektor"" monster from your hand or Graveyard to this card. While this card is equipped to a monster, that monster's Level is increased by 3, also it gains ATK and DEF equal to this card's ATK and DEF. While this card is equipped to a monster: You can send this Equip Card to the Graveyard to target 1 card on the field; destroy that target.",0.2,0.83,25.0,0.35,,1st Edition,Insect,
57708,Inzektor Ant,Inzektor Ant,https://tcgplayer-cdn.tcgplayer.com/product/57708_200w.jpg,2,257,https://cpt.tcgcsv.com/b6t,2013-05-09T12:13:41.653,1,ORCS-EN018,Common,DARK,Effect Monster,200,600,"Once per turn: You can equip 1 ""Inzektor"" monster from your hand or Graveyard to this card. While this card is equipped to a monster, that monster's Level is increased by 3, also it gains ATK and DEF equal to this card's ATK and DEF. If the equipped monster would be destroyed, you can destroy this Equip Card instead.",0.09,0.22,1.49,0.17,,Unlimited,Insect,
57708,Inzektor Ant,Inzektor Ant,https://tcgplayer-cdn.tcgplayer.com/product/57708_200w.jpg,2,257,https://cpt.tcgcsv.com/b6t,2013-05-09T12:13:41.653,1,ORCS-EN018,Common,DARK,Effect Monster,200,600,"Once per turn: You can equip 1 ""Inzektor"" monster from your hand or Graveyard to this card. While this card is equipped to a monster, that monster's Level is increased by 3, also it gains ATK and DEF equal to this card's ATK and DEF. If the equipped monster would be destroyed, you can destroy this Equip Card instead.",0.08,0.25,1.49,0.18,,1st Edition,Insect,
57709,Inzektor Centipede,Inzektor Centipede,https://tcgplayer-cdn.tcgplayer.com/product/57709_200w.jpg,2,257,https://cpt.tcgcsv.com/c6t,2013-05-09T12:13:41.653,1,ORCS-EN019,Common,DARK,Effect Monster,1600,1200,"Once per turn: You can equip 1 ""Inzektor"" monster from your hand or Graveyard to this card. If an Equip Card(s) is sent to your Graveyard while equipped to this card (except during the Damage Step): You can add 1 ""Inzektor"" card from your Deck to your hand. While this card is equipped to a monster, that monster's Level is increased by 3.",0.04,0.24,1.7,0.13,,Unlimited,Insect,
57709,Inzektor Centipede,Inzektor Centipede,https://tcgplayer-cdn.tcgplayer.com/product/57709_200w.jpg,2,257,https://cpt.tcgcsv.com/c6t,2013-05-09T12:13:41.653,1,ORCS-EN019,Common,DARK,Effect Monster,1600,1200,"Once per turn: You can equip 1 ""Inzektor"" monster from your hand or Graveyard to this card. If an Equip Card(s) is sent to your Graveyard while equipped to this card (except during the Damage Step): You can add 1 ""Inzektor"" card from your Deck to your hand. While this card is equipped to a monster, that monster's Level is increased by 3.",0.04,0.25,1.37,0.23,,1st Edition,Insect,
57710,Inzektor Dragonfly,Inzektor Dragonfly,https://tcgplayer-cdn.tcgplayer.com/product/57710_200w.jpg,2,257,https://cpt.tcgcsv.com/d6t,2013-05-09T12:13:41.653,1,ORCS-EN020,Rare,DARK,Effect Monster,1000,1800,"Once per turn: You can equip 1 ""Inzektor"" monster from your hand or Graveyard to this card. If an Equip Card(s) is sent to your Graveyard while equipped to this card (Except during the Damage Step): You can Special Summon 1 ""Inzektor"" monster from your Deck, except ""Inzektor Dragonfly"". While this card is equipped to a monster, that monster's Level is increased by 3.",0.08,0.25,2.5,0.22,,Unlimited,Insect,
57710,Inzektor Dragonfly,Inzektor Dragonfly,https://tcgplayer-cdn.tcgplayer.com/product/57710_200w.jpg,2,257,https://cpt.tcgcsv.com/d6t,2013-05-09T12:13:41.653,1,ORCS-EN020,Rare,DARK,Effect Monster,1000,1800,"Once per turn: You can equip 1 ""Inzektor"" monster from your hand or Graveyard to this card. If an Equip Card(s) is sent to your Graveyard while equipped to this card (Except during the Damage Step): You can Special Summon 1 ""Inzektor"" monster from your Deck, except ""Inzektor Dragonfly"". While this card is equipped to a monster, that monster's Level is increased by 3.",0.1,0.5,1.95,0.36,,1st Edition,Insect,
57711,Inzektor Giga-Mantis,Inzektor Giga Mantis,https://tcgplayer-cdn.tcgplayer.com/product/57711_200w.jpg,2,257,https://cpt.tcgcsv.com/f6t,2024-02-24T18:09:05.877,1,ORCS-EN021,Ultra Rare,DARK,Effect Monster,2400,0,"You can target 1 face-up ""Inzektor"" monster you control; equip this card from your hand to that target. While this card is equipped to a monster, that monster's original ATK becomes 2400. If this card is sent to the Graveyard while equipped to a monster: You can target 1 ""Inzektor"" monster in your Graveyard except ""Inzektor Giga-Mantis""; Special Summon that target. This effect of ""Inzektor Giga-Mantis"" can only be used once per turn.",0.2,0.75,5.0,0.54,,Unlimited,Insect,
57711,Inzektor Giga-Mantis,Inzektor Giga Mantis,https://tcgplayer-cdn.tcgplayer.com/product/57711_200w.jpg,2,257,https://cpt.tcgcsv.com/f6t,2024-02-24T18:09:05.877,1,ORCS-EN021,Ultra Rare,DARK,Effect Monster,2400,0,"You can target 1 face-up ""Inzektor"" monster you control; equip this card from your hand to that target. While this card is equipped to a monster, that monster's original ATK becomes 2400. If this card is sent to the Graveyard while equipped to a monster: You can target 1 ""Inzektor"" monster in your Graveyard except ""Inzektor Giga-Mantis""; Special Summon that target. This effect of ""Inzektor Giga-Mantis"" can only be used once per turn.",0.24,0.75,7.99,0.58,,1st Edition,Insect,
57712,Inzektor Giga-Weevil,Inzektor Giga Weevil,https://tcgplayer-cdn.tcgplayer.com/product/57712_200w.jpg,2,257,https://cpt.tcgcsv.com/g6t,2013-05-09T12:13:41.653,1,ORCS-EN022,Common,DARK,Effect Monster,0,2600,"You can target 1 face-up ""Inzektor"" monster you control; equip this card from your hand to that target. While this card is equipped to a monster, that monster's original DEF becomes 2600. If this card is sent to the Graveyard while equipped to a monster: You can target 1 ""Inzektor"" monster in your Graveyard; Special Summon that target. This effect of ""Inzektor Giga-Weevil"" can only be used once per turn.",0.16,0.36,1.49,0.33,,Unlimited,Insect,
57712,Inzektor Giga-Weevil,Inzektor Giga Weevil,https://tcgplayer-cdn.tcgplayer.com/product/57712_200w.jpg,2,257,https://cpt.tcgcsv.com/g6t,2013-05-09T12:13:41.653,1,ORCS-EN022,Common,DARK,Effect Monster,0,2600,"You can target 1 face-up ""Inzektor"" monster you control; equip this card from your hand to that target. While this card is equipped to a monster, that monster's original DEF becomes 2600. If this card is sent to the Graveyard while equipped to a monster: You can target 1 ""Inzektor"" monster in your Graveyard; Special Summon that target. This effect of ""Inzektor Giga-Weevil"" can only be used once per turn.",0.15,0.49,1.43,0.35,,1st Edition,Insect,
57713,Wind-Up Rat,Wind Up Rat,https://tcgplayer-cdn.tcgplayer.com/product/57713_200w.jpg,2,257,https://cpt.tcgcsv.com/h6t,2013-05-09T12:13:41.653,1,ORCS-EN023,Super Rare,EARTH,Effect Monster,600,600,"During your Main Phase: You can target 1 ""Wind-Up"" monster in your Graveyard; change this face-up Attack Position card you control to face-up Defense Position, and Special Summon that target in face-up Defense Position. This effect can only be used once while this card is face-up on the field.",6.57,10.16,28.9,9.57,,Unlimited,Beast,
57713,Wind-Up Rat,Wind Up Rat,https://tcgplayer-cdn.tcgplayer.com/product/57713_200w.jpg,2,257,https://cpt.tcgcsv.com/h6t,2013-05-09T12:13:41.653,1,ORCS-EN023,Super Rare,EARTH,Effect Monster,600,600,"During your Main Phase: You can target 1 ""Wind-Up"" monster in your Graveyard; change this face-up Attack Position card you control to face-up Defense Position, and Special Summon that target in face-up Defense Position. This effect can only be used once while this card is face-up on the field.",9.19,11.16,39.99,11.68,,1st Edition,Beast,
57714,Wind-Up Honeybee,Wind Up Honeybee,https://tcgplayer-cdn.tcgplayer.com/product/57714_200w.jpg,2,257,https://cpt.tcgcsv.com/j6t,2013-05-09T12:13:41.653,1,ORCS-EN024,Common,EARTH,Effect Monster,300,300,"When this card is destroyed by battle and sent to the Graveyard: You can Special Summon 1 Level 4 or lower ""Wind-Up"" monster from your Deck.",0.03,0.2,1.36,0.09,,Unlimited,Insect,
57714,Wind-Up Honeybee,Wind Up Honeybee,https://tcgplayer-cdn.tcgplayer.com/product/57714_200w.jpg,2,257,https://cpt.tcgcsv.com/j6t,2013-05-09T12:13:41.653,1,ORCS-EN024,Common,EARTH,Effect Monster,300,300,"When this card is destroyed by battle and sent to the Graveyard: You can Special Summon 1 Level 4 or lower ""Wind-Up"" monster from your Deck.",0.03,0.25,1.49,0.21,,1st Edition,Insect,
57715,Evoltile Pleuro,Evoltile Pleuro,https://tcgplayer-cdn.tcgplayer.com/product/57715_200w.jpg,2,257,https://cpt.tcgcsv.com/k6t,2013-05-09T12:13:41.653,1,ORCS-EN025,Common,FIRE,Effect Monster,200,200,"If this card you control is destroyed and sent to your Graveyard: You can Special Summon 1 ""Evolsaur"" monster from your hand.",0.05,0.23,1.36,0.1,,Unlimited,Reptile,
57715,Evoltile Pleuro,Evoltile Pleuro,https://tcgplayer-cdn.tcgplayer.com/product/57715_200w.jpg,2,257,https://cpt.tcgcsv.com/k6t,2013-05-09T12:13:41.653,1,ORCS-EN025,Common,FIRE,Effect Monster,200,200,"If this card you control is destroyed and sent to your Graveyard: You can Special Summon 1 ""Evolsaur"" monster from your hand.",0.07,0.23,1.49,0.15,,1st Edition,Reptile,
57716,Evoltile Casinerio,Evoltile Casinerio,https://tcgplayer-cdn.tcgplayer.com/product/57716_200w.jpg,2,257,https://cpt.tcgcsv.com/l6t,2013-05-09T12:13:41.653,1,ORCS-EN026,Rare,FIRE,Effect Monster,1600,1400,"At the end of the Battle Phase, if this card destroyed an opponent's monster by battle: You can Tribute this card; Special Summon 2 Level 6 or lower FIRE Dinosaur-Type monster with the same name from your Deck. Their effects are negated and they are banished during the End Phase.",0.11,0.25,1.49,0.18,,Unlimited,Reptile,
57716,Evoltile Casinerio,Evoltile Casinerio,https://tcgplayer-cdn.tcgplayer.com/product/57716_200w.jpg,2,257,https://cpt.tcgcsv.com/l6t,2013-05-09T12:13:41.653,1,ORCS-EN026,Rare,FIRE,Effect Monster,1600,1400,"At the end of the Battle Phase, if this card destroyed an opponent's monster by battle: You can Tribute this card; Special Summon 2 Level 6 or lower FIRE Dinosaur-Type monster with the same name from your Deck. Their effects are negated and they are banished during the End Phase.",0.02,0.25,1.0,0.17,,1st Edition,Reptile,
57717,Evolsaur Elias,Evolsaur Elias,https://tcgplayer-cdn.tcgplayer.com/product/57717_200w.jpg,2,257,https://cpt.tcgcsv.com/m6t,2013-05-09T12:13:41.653,1,ORCS-EN027,Common,FIRE,Effect Monster,100,2400,"When this card is Special Summoned by the effect of an ""Evoltile"" monster: You can Special Summon 1 Level 6 or lower FIRE Dinosaur-Type monster from your hand.",0.12,0.25,1.44,0.23,,Unlimited,Dinosaur,
57717,Evolsaur Elias,Evolsaur Elias,https://tcgplayer-cdn.tcgplayer.com/product/57717_200w.jpg,2,257,https://cpt.tcgcsv.com/m6t,2013-05-09T12:13:41.653,1,ORCS-EN027,Common,FIRE,Effect Monster,100,2400,"When this card is Special Summoned by the effect of an ""Evoltile"" monster: You can Special Summon 1 Level 6 or lower FIRE Dinosaur-Type monster from your hand.",0.11,0.3,1.0,0.23,,1st Edition,Dinosaur,
57718,Evolsaur Terias,Evolsaur Terias,https://tcgplayer-cdn.tcgplayer.com/product/57718_200w.jpg,2,257,https://cpt.tcgcsv.com/n6t,2013-05-09T12:13:41.653,1,ORCS-EN028,Common,FIRE,Effect Monster,2400,600,"When this card is Special Summoned by the effect of an ""Evoltile"" monster: This card loses 500 ATK.",0.07,0.22,1.4,0.2,,Unlimited,Dinosaur,
57718,Evolsaur Terias,Evolsaur Terias,https://tcgplayer-cdn.tcgplayer.com/product/57718_200w.jpg,2,257,https://cpt.tcgcsv.com/n6t,2013-05-09T12:13:41.653,1,ORCS-EN028,Common,FIRE,Effect Monster,2400,600,"When this card is Special Summoned by the effect of an ""Evoltile"" monster: This card loses 500 ATK.",0.03,0.25,1.49,0.2,,1st Edition,Dinosaur,
57719,Ninja Grandmaster Hanzo,Ninja Grandmaster Hanzo,https://tcgplayer-cdn.tcgplayer.com/product/57719_200w.jpg,2,257,https://cpt.tcgcsv.com/p6t,2025-05-06T18:23:38.533,1,ORCS-EN029,Ultra Rare,DARK,Effect Monster,1800,1000,"When this card is Normal Summoned: You can add 1 ""Ninjitsu Art"" card from your Deck to your hand. When this card is Flip or Special Summoned: You can add 1 ""Ninja"" monster from your Deck to your hand, except ""Ninja Grandmaster Hanzo"".",0.38,1.0,9.9,0.43,,Unlimited,Warrior,
57719,Ninja Grandmaster Hanzo,Ninja Grandmaster Hanzo,https://tcgplayer-cdn.tcgplayer.com/product/57719_200w.jpg,2,257,https://cpt.tcgcsv.com/p6t,2025-05-06T18:23:38.533,1,ORCS-EN029,Ultra Rare,DARK,Effect Monster,1800,1000,"When this card is Normal Summoned: You can add 1 ""Ninjitsu Art"" card from your Deck to your hand. When this card is Flip or Special Summoned: You can add 1 ""Ninja"" monster from your Deck to your hand, except ""Ninja Grandmaster Hanzo"".",0.5,1.38,17.0,1.29,,1st Edition,Warrior,
57720,Masked Ninja Ebisu,Masked Ninja Ebisu,https://tcgplayer-cdn.tcgplayer.com/product/57720_200w.jpg,2,257,https://cpt.tcgcsv.com/q6t,2013-05-09T12:13:41.653,1,ORCS-EN030,Common,WIND,Effect Monster,1200,1800,"Once per turn, if you control a face-up ""Ninja"" monster other than ""Masked Ninja Ebisu"", you can activate this effect: Return a number of your opponent's Spell/Trap Cards to the hand, equal to the number of ""Ninja"" monsters you control, also every face-up ""Goe Goe the Gallant Ninja"" you control can attack your opponent directly this turn.",0.09,0.25,1.7,0.17,,Unlimited,Warrior,
57720,Masked Ninja Ebisu,Masked Ninja Ebisu,https://tcgplayer-cdn.tcgplayer.com/product/57720_200w.jpg,2,257,https://cpt.tcgcsv.com/q6t,2013-05-09T12:13:41.653,1,ORCS-EN030,Common,WIND,Effect Monster,1200,1800,"Once per turn, if you control a face-up ""Ninja"" monster other than ""Masked Ninja Ebisu"", you can activate this effect: Return a number of your opponent's Spell/Trap Cards to the hand, equal to the number of ""Ninja"" monsters you control, also every face-up ""Goe Goe the Gallant Ninja"" you control can attack your opponent directly this turn.",0.1,0.25,10000.0,0.17,,1st Edition,Warrior,
57721,Upstart Golden Ninja,Upstart Golden Ninja,https://tcgplayer-cdn.tcgplayer.com/product/57721_200w.jpg,2,257,https://cpt.tcgcsv.com/r6t,2013-05-09T12:13:41.653,1,ORCS-EN031,Common,LIGHT,Effect Monster,500,1000,"Once per turn: You can send 1 Trap Card from your hand to the Graveyard; Special Summon 1 Level 4 or lower ""Ninja"" monster from your Deck in face-up Defense Position or face-down Defense Position.",0.1,0.23,1.49,0.14,,Unlimited,Warrior,
57721,Upstart Golden Ninja,Upstart Golden Ninja,https://tcgplayer-cdn.tcgplayer.com/product/57721_200w.jpg,2,257,https://cpt.tcgcsv.com/r6t,2013-05-09T12:13:41.653,1,ORCS-EN031,Common,LIGHT,Effect Monster,500,1000,"Once per turn: You can send 1 Trap Card from your hand to the Graveyard; Special Summon 1 Level 4 or lower ""Ninja"" monster from your Deck in face-up Defense Position or face-down Defense Position.",0.14,0.25,1.41,0.19,,1st Edition,Warrior,
57722,Chow Len the Prophet,Chow Len the Prophet,https://tcgplayer-cdn.tcgplayer.com/product/57722_200w.jpg,2,257,https://cpt.tcgcsv.com/s6t,2013-05-09T12:13:41.653,1,ORCS-EN032,Common,FIRE,Effect Monster,1800,200,"Once per turn: You can declare either Spell or Trap, and target 1 Set card in your opponent's Spell & Trap Card Zone; look at that target, and if it is the declared card type, that card cannot be activated this turn.",0.05,0.21,1.0,0.13,,Unlimited,Spellcaster,
57722,Chow Len the Prophet,Chow Len the Prophet,https://tcgplayer-cdn.tcgplayer.com/product/57722_200w.jpg,2,257,https://cpt.tcgcsv.com/s6t,2013-05-09T12:13:41.653,1,ORCS-EN032,Common,FIRE,Effect Monster,1800,200,"Once per turn: You can declare either Spell or Trap, and target 1 Set card in your opponent's Spell & Trap Card Zone; look at that target, and if it is the declared card type, that card cannot be activated this turn.",0.04,0.25,10000.0,0.18,,1st Edition,Spellcaster,
57723,Familiar-Possessed - Dharc,Familiar Possessed Dharc,https://tcgplayer-cdn.tcgplayer.com/product/57723_200w.jpg,2,257,https://cpt.tcgcsv.com/t6t,2013-05-09T12:13:41.653,1,ORCS-EN033,Common,DARK,Effect Monster,1850,1500,"You can Special Summon this card (from your hand or Deck) by sending 1 face-up ""Dharc the Dark Charmer"" you control and 1 face-up DARK monster you control to the Graveyard. When you do: You can add 1 Level 3 or 4 LIGHT Spellcaster-Type monster from your Deck to your hand. If this card was Special Summoned by this effect and attacks a Defense Position monster, inflict piecring Battle Damage to your opponent.",0.18,0.36,1.95,0.35,,Unlimited,Spellcaster,
57723,Familiar-Possessed - Dharc,Familiar Possessed Dharc,https://tcgplayer-cdn.tcgplayer.com/product/57723_200w.jpg,2,257,https://cpt.tcgcsv.com/t6t,2013-05-09T12:13:41.653,1,ORCS-EN033,Common,DARK,Effect Monster,1850,1500,"You can Special Summon this card (from your hand or Deck) by sending 1 face-up ""Dharc the Dark Charmer"" you control and 1 face-up DARK monster you control to the Graveyard. When you do: You can add 1 Level 3 or 4 LIGHT Spellcaster-Type monster from your Deck to your hand. If this card was Special Summoned by this effect and attacks a Defense Position monster, inflict piecring Battle Damage to your opponent.",0.11,0.39,1.49,0.38,,1st Edition,Spellcaster,
57724,Dark Blade the Captain of the Evil World,Dark Blade the Captain of the Evil World,https://tcgplayer-cdn.tcgplayer.com/product/57724_200w.jpg,2,257,https://cpt.tcgcsv.com/v6t,2013-05-09T12:13:41.653,1,ORCS-EN034,Rare,DARK,Effect Monster,1800,1500,"Once per turn: You can banish 1 DARK monster from your Graveyard to target 1 Level 4 or lower LIGHT monster your opponent controls; equip it to this card. (You can only equip 1 monster at a time to this card with this effect.) If this card on the field would be destroyed, the monster equipped to it with this effect is destroyed, instead.",0.09,0.25,1.49,0.16,,Unlimited,Warrior,
57724,Dark Blade the Captain of the Evil World,Dark Blade the Captain of the Evil World,https://tcgplayer-cdn.tcgplayer.com/product/57724_200w.jpg,2,257,https://cpt.tcgcsv.com/v6t,2013-05-09T12:13:41.653,1,ORCS-EN034,Rare,DARK,Effect Monster,1800,1500,"Once per turn: You can banish 1 DARK monster from your Graveyard to target 1 Level 4 or lower LIGHT monster your opponent controls; equip it to this card. (You can only equip 1 monster at a time to this card with this effect.) If this card on the field would be destroyed, the monster equipped to it with this effect is destroyed, instead.",0.1,0.31,1.4,0.21,,1st Edition,Warrior,
57725,Trance Archfiend,Trance Archfiend,https://tcgplayer-cdn.tcgplayer.com/product/57725_200w.jpg,2,257,https://cpt.tcgcsv.com/w6t,2013-05-09T12:13:41.653,1,ORCS-EN035,Common,DARK,Effect Monster,1500,500,"Once per turn: You can discard 1 Fiend-Type monster, and this card gains 500 ATK until the End Phase. When this card you control is destroyed and sent to the Graveyard: You can target 1 of your banished DARK monsters; add that target to your hand.",0.1,0.38,1.23,0.42,,Unlimited,Fiend,
57725,Trance Archfiend,Trance Archfiend,https://tcgplayer-cdn.tcgplayer.com/product/57725_200w.jpg,2,257,https://cpt.tcgcsv.com/w6t,2013-05-09T12:13:41.653,1,ORCS-EN035,Common,DARK,Effect Monster,1500,500,"Once per turn: You can discard 1 Fiend-Type monster, and this card gains 500 ATK until the End Phase. When this card you control is destroyed and sent to the Graveyard: You can target 1 of your banished DARK monsters; add that target to your hand.",0.1,0.43,1.49,0.46,,1st Edition,Fiend,
57726,Divine Dragon Apocralyph,Divine Dragon Apocralyph,https://tcgplayer-cdn.tcgplayer.com/product/57726_200w.jpg,2,257,https://cpt.tcgcsv.com/x6t,2013-05-09T12:13:41.653,1,ORCS-EN036,Common,DARK,Effect Monster,1000,1500,"Once per turn: You can discard 1 card, then target 1 Dragon-Type monster in your Graveyard; add that target to your hand.",0.02,0.23,1.49,0.24,,Unlimited,Dragon,
57726,Divine Dragon Apocralyph,Divine Dragon Apocralyph,https://tcgplayer-cdn.tcgplayer.com/product/57726_200w.jpg,2,257,https://cpt.tcgcsv.com/x6t,2013-05-09T12:13:41.653,1,ORCS-EN036,Common,DARK,Effect Monster,1000,1500,"Once per turn: You can discard 1 card, then target 1 Dragon-Type monster in your Graveyard; add that target to your hand.",0.02,0.25,11.5,0.2,,1st Edition,Dragon,
57727,Darkstorm Dragon,Darkstorm Dragon,https://tcgplayer-cdn.tcgplayer.com/product/57727_200w.jpg,2,257,https://cpt.tcgcsv.com/z6t,2013-05-09T12:13:41.653,1,ORCS-EN037,Super Rare,DARK,Gemini Monster,2700,2500,"This card is treated as a Normal Monster while face-up on the field or in the Graveyard. While this card is face-up on the field, you can Normal Summon it to have it become an Effect Monster with this effect. *Once per turn: You can send 1 face-up Spell/Trap Card you control to the Graveyard; destroy all Spell/Trap Cards on the field.",0.1,0.4,1.98,0.3,,Unlimited,Dragon,
57727,Darkstorm Dragon,Darkstorm Dragon,https://tcgplayer-cdn.tcgplayer.com/product/57727_200w.jpg,2,257,https://cpt.tcgcsv.com/z6t,2013-05-09T12:13:41.653,1,ORCS-EN037,Super Rare,DARK,Gemini Monster,2700,2500,"This card is treated as a Normal Monster while face-up on the field or in the Graveyard. While this card is face-up on the field, you can Normal Summon it to have it become an Effect Monster with this effect. *Once per turn: You can send 1 face-up Spell/Trap Card you control to the Graveyard; destroy all Spell/Trap Cards on the field.",0.1,0.5,1.99,0.24,,1st Edition,Dragon,
57728,Numen erat Testudo,Numen erat Testudo,https://tcgplayer-cdn.tcgplayer.com/product/57728_200w.jpg,2,257,https://cpt.tcgcsv.com/B6t,2023-02-22T13:41:49.277,1,ORCS-EN038,Common,WATER,Effect Monster,1800,0,Neither player can Special Summon monsters with 1800 or less ATK.,0.1,0.39,1.7,0.37,,Unlimited,Aqua,
57728,Numen erat Testudo,Numen erat Testudo,https://tcgplayer-cdn.tcgplayer.com/product/57728_200w.jpg,2,257,https://cpt.tcgcsv.com/B6t,2023-02-22T13:41:49.277,1,ORCS-EN038,Common,WATER,Effect Monster,1800,0,Neither player can Special Summon monsters with 1800 or less ATK.,0.13,0.43,9.99,0.34,,1st Edition,Aqua,
57729,Twin Photon Lizard,Twin Photon Lizard,https://tcgplayer-cdn.tcgplayer.com/product/57729_200w.jpg,2,257,https://cpt.tcgcsv.com/C6t,2013-05-09T12:13:41.653,1,ORCS-EN039,Ultra Rare,LIGHT,Fusion/Effect Monster,2400,1000,"2 ""Photon"" monsters // You can Tribute this face-up card on the field; Special Summon, from your Graveyard, both of the Fusion Material Monsters used for the Fusion of this card.",0.2,0.49,4.9,0.28,,Unlimited,Dragon,
57729,Twin Photon Lizard,Twin Photon Lizard,https://tcgplayer-cdn.tcgplayer.com/product/57729_200w.jpg,2,257,https://cpt.tcgcsv.com/C6t,2013-05-09T12:13:41.653,1,ORCS-EN039,Ultra Rare,LIGHT,Fusion/Effect Monster,2400,1000,"2 ""Photon"" monsters // You can Tribute this face-up card on the field; Special Summon, from your Graveyard, both of the Fusion Material Monsters used for the Fusion of this card.",0.17,0.62,3.99,0.31,,1st Edition,Dragon,
57730,Number C39: Utopia Ray,Number C39 Utopia Ray,https://tcgplayer-cdn.tcgplayer.com/product/57730_200w.jpg,2,257,https://cpt.tcgcsv.com/D6t,2013-05-09T12:13:41.653,1,ORCS-EN040,Ultra Rare,LIGHT,Xyz/Effect Monster,2500,2000,"3 Level 4 LIGHT monsters // You can also Xyz Summon this card by using a ""Number 39: Utopia"" you control as the Xyz Material. (Xyz Materials attached to that monster als become Xyz Materials on this card.) You can detach 1 Xyz Material from this card; it gains 500 ATK and 1 monster your opponent controls loses 1000 ATK, until the End Phase. You must have 1000 Life Points or less to activate and to resolve this effect.",0.3,0.85,2.99,0.79,,Unlimited,Warior,
57730,Number C39: Utopia Ray,Number C39 Utopia Ray,https://tcgplayer-cdn.tcgplayer.com/product/57730_200w.jpg,2,257,https://cpt.tcgcsv.com/D6t,2013-05-09T12:13:41.653,1,ORCS-EN040,Ultra Rare,LIGHT,Xyz/Effect Monster,2500,2000,"3 Level 4 LIGHT monsters // You can also Xyz Summon this card by using a ""Number 39: Utopia"" you control as the Xyz Material. (Xyz Materials attached to that monster als become Xyz Materials on this card.) You can detach 1 Xyz Material from this card; it gains 500 ATK and 1 monster your opponent controls loses 1000 ATK, until the End Phase. You must have 1000 Life Points or less to activate and to resolve this effect.",0.65,1.95,25.0,1.62,,1st Edition,Warior,
57731,Blade Armor Ninja,Blade Armor Ninja,https://tcgplayer-cdn.tcgplayer.com/product/57731_200w.jpg,2,257,https://cpt.tcgcsv.com/F6t,2013-05-09T12:13:41.653,1,ORCS-EN041,Super Rare,WIND,Xyz/Effect Monster,2200,1000,"2 Level 4 Warrior-Type monsters // Once per turn: You can detach 1 Xyz Material from this card to target 1 face-up ""Ninja"" monster you control; this turn, that monster can attack twice during each Battle Phase.",1.5,3.62,18.0,1.94,,Unlimited,Warior,
57731,Blade Armor Ninja,Blade Armor Ninja,https://tcgplayer-cdn.tcgplayer.com/product/57731_200w.jpg,2,257,https://cpt.tcgcsv.com/F6t,2013-05-09T12:13:41.653,1,ORCS-EN041,Super Rare,WIND,Xyz/Effect Monster,2200,1000,"2 Level 4 Warrior-Type monsters // Once per turn: You can detach 1 Xyz Material from this card to target 1 face-up ""Ninja"" monster you control; this turn, that monster can attack twice during each Battle Phase.",1.99,3.22,12.0,3.07,,1st Edition,Warior,
57732,Number 12: Crimson Shadow Armor Ninja,Number 12 Crimson Shadow Armor Ninja,https://tcgplayer-cdn.tcgplayer.com/product/57732_200w.jpg,2,257,https://cpt.tcgcsv.com/G6t,2013-05-09T12:13:41.653,1,ORCS-EN042,Ultra Rare,EARTH,Xyz/Effect Monster,2400,1700,"2 Level 5 monsters // Once per turn, during either player's turn: You can detach 1 Xyz Material from this card; this turn, face-up ""Ninja"" monster you control cannot be destroyed by battle or by card effects.",1.64,2.07,5.0,2.06,,Unlimited,Warior,
57732,Number 12: Crimson Shadow Armor Ninja,Number 12 Crimson Shadow Armor Ninja,https://tcgplayer-cdn.tcgplayer.com/product/57732_200w.jpg,2,257,https://cpt.tcgcsv.com/G6t,2013-05-09T12:13:41.653,1,ORCS-EN042,Ultra Rare,EARTH,Xyz/Effect Monster,2400,1700,"2 Level 5 monsters // Once per turn, during either player's turn: You can detach 1 Xyz Material from this card; this turn, face-up ""Ninja"" monster you control cannot be destroyed by battle or by card effects.",2.38,2.85,8.0,2.38,,1st Edition,Warior,
57733,Number 96: Dark Mist,Number 96 Dark Mist,https://tcgplayer-cdn.tcgplayer.com/product/57733_200w.jpg,2,257,https://cpt.tcgcsv.com/H6t,2013-05-09T12:13:41.653,1,ORCS-EN043,Ultra Rare,DARK,Xyz/Effect Monster,100,1000,"3 Level 2 monsters // Once per battle, during either player's turn, when an attack is declared involving this card and an opponent's monster: You can detach 1 Xyz Material from this card, halve the ATK of the opponent's monster, and this card gains that same amount of ATK.",0.4,1.01,9.9,0.75,,Unlimited,Fiend,
57733,Number 96: Dark Mist,Number 96 Dark Mist,https://tcgplayer-cdn.tcgplayer.com/product/57733_200w.jpg,2,257,https://cpt.tcgcsv.com/H6t,2013-05-09T12:13:41.653,1,ORCS-EN043,Ultra Rare,DARK,Xyz/Effect Monster,100,1000,"3 Level 2 monsters // Once per battle, during either player's turn, when an attack is declared involving this card and an opponent's monster: You can detach 1 Xyz Material from this card, halve the ATK of the opponent's monster, and this card gains that same amount of ATK.",0.76,2.39,5.97,1.74,,1st Edition,Fiend,
57734,Wind-Up Carrier Zenmaity,Wind Up Carrier Zenmaity,https://tcgplayer-cdn.tcgplayer.com/product/57734_200w.jpg,2,257,https://cpt.tcgcsv.com/J6t,2017-07-06T15:28:48.04,1,ORCS-EN044,Ultra Rare,WATER,Xyz/Effect Monster,1500,1500,"2 Level 3 monsters // Once per turn: You can detach 1 Xyz Material from this card; Special Summon 1 ""Wind-Up"" monster from your hand or Deck. When a face-up ""Wind-Up"" monster on the field is destroyed and sent to the Graveyard (except during the Damage Step): You can detach 1 Xyz Material from this card to target that monster; return that target to the hand.",0.5,2.85,29.99,1.59,,Unlimited,Machine,
57734,Wind-Up Carrier Zenmaity,Wind Up Carrier Zenmaity,https://tcgplayer-cdn.tcgplayer.com/product/57734_200w.jpg,2,257,https://cpt.tcgcsv.com/J6t,2017-07-06T15:28:48.04,1,ORCS-EN044,Ultra Rare,WATER,Xyz/Effect Monster,1500,1500,"2 Level 3 monsters // Once per turn: You can detach 1 Xyz Material from this card; Special Summon 1 ""Wind-Up"" monster from your hand or Deck. When a face-up ""Wind-Up"" monster on the field is destroyed and sent to the Graveyard (except during the Damage Step): You can detach 1 Xyz Material from this card to target that monster; return that target to the hand.",0.5,3.65,29.99,1.96,,1st Edition,Machine,
57735,Evolzar Solda,Evolzar Solda,https://tcgplayer-cdn.tcgplayer.com/product/57735_200w.jpg,2,257,https://cpt.tcgcsv.com/K6t,2013-05-09T12:13:41.653,1,ORCS-EN045,Ultra Rare,FIRE,Xyz/Effect Monster,2600,1000,2 Level 6 Dinosaur-Type monsters // This card cannot be destroyed by card effect while it has Xyz Material. When your opponent Special Summons a monster(s): You can detach 1 Xyz Material from this card; destroy that monster(s).,0.9,1.65,8.0,1.16,,Unlimited,Dragon,
57735,Evolzar Solda,Evolzar Solda,https://tcgplayer-cdn.tcgplayer.com/product/57735_200w.jpg,2,257,https://cpt.tcgcsv.com/K6t,2013-05-09T12:13:41.653,1,ORCS-EN045,Ultra Rare,FIRE,Xyz/Effect Monster,2600,1000,2 Level 6 Dinosaur-Type monsters // This card cannot be destroyed by card effect while it has Xyz Material. When your opponent Special Summons a monster(s): You can detach 1 Xyz Material from this card; destroy that monster(s).,0.8,1.44,8.99,1.3,,1st Edition,Dragon,
57736,Inzektor Exa-Beetle,Inzektor Exa Beetle,https://tcgplayer-cdn.tcgplayer.com/product/57736_200w.jpg,2,257,https://cpt.tcgcsv.com/L6t,2013-05-09T12:13:41.653,1,ORCS-EN046,Secret Rare,DARK,Xyz/Effect Monster,1000,1000,2 Level 6 monsters // When this card is Xyz Summon: You can target 1 monster in either player's Graveyard; equip that target to this card. This card gains ATK and DEF equal to half the original ATK and DEF of the monster equipped by this effect. Once per turn: You can detach 1 Xyz Material from this card to target 1 face-up card on each side of the field; send those targets to the Graveyard.,1.68,5.42,29.0,2.15,,Unlimited,Insect,
57736,Inzektor Exa-Beetle,Inzektor Exa Beetle,https://tcgplayer-cdn.tcgplayer.com/product/57736_200w.jpg,2,257,https://cpt.tcgcsv.com/L6t,2013-05-09T12:13:41.653,1,ORCS-EN046,Secret Rare,DARK,Xyz/Effect Monster,1000,1000,2 Level 6 monsters // When this card is Xyz Summon: You can target 1 monster in either player's Graveyard; equip that target to this card. This card gains ATK and DEF equal to half the original ATK and DEF of the monster equipped by this effect. Once per turn: You can detach 1 Xyz Material from this card to target 1 face-up card on each side of the field; send those targets to the Graveyard.,4.8,10.12,30.0,7.92,,1st Edition,Insect,
57737,Full-Force Strike,Full Force Strike,https://tcgplayer-cdn.tcgplayer.com/product/57737_200w.jpg,2,257,https://cpt.tcgcsv.com/M6t,2013-05-09T12:13:41.653,1,ORCS-EN047,Common,SPELL,Normal Spell,0,0,"Target 1 face-up monster you control; this turn, it cannot be destroyed by battle, player take no Battle Damage from its attack, and if it attacks an opponent's monster, destroy the opponent's monster after damage calculation.",0.03,0.2,1.75,0.18,,Unlimited,,
57737,Full-Force Strike,Full Force Strike,https://tcgplayer-cdn.tcgplayer.com/product/57737_200w.jpg,2,257,https://cpt.tcgcsv.com/M6t,2013-05-09T12:13:41.653,1,ORCS-EN047,Common,SPELL,Normal Spell,0,0,"Target 1 face-up monster you control; this turn, it cannot be destroyed by battle, player take no Battle Damage from its attack, and if it attacks an opponent's monster, destroy the opponent's monster after damage calculation.",0.05,0.21,10000.0,0.1,,1st Edition,,
57738,Gagagabolt,Gagagabolt,https://tcgplayer-cdn.tcgplayer.com/product/57738_200w.jpg,2,257,https://cpt.tcgcsv.com/N6t,2013-05-09T12:13:41.653,1,ORCS-EN048,Rare,SPELL,Normal Spell,0,0,"If you control a face-up ""Gagaga"" monster: Target 1 card on the field; destroy that target.",0.02,0.25,1.0,0.14,,Unlimited,,
57738,Gagagabolt,Gagagabolt,https://tcgplayer-cdn.tcgplayer.com/product/57738_200w.jpg,2,257,https://cpt.tcgcsv.com/N6t,2013-05-09T12:13:41.653,1,ORCS-EN048,Rare,SPELL,Normal Spell,0,0,"If you control a face-up ""Gagaga"" monster: Target 1 card on the field; destroy that target.",0.02,0.3,1.24,0.74,,1st Edition,,
57739,Double Defender,Double Defender,https://tcgplayer-cdn.tcgplayer.com/product/57739_200w.jpg,2,257,https://cpt.tcgcsv.com/P6t,2013-05-09T12:13:41.653,1,ORCS-EN049,Common,SPELL,Normal Spell,0,0,"Once per turn, when an opponent's monster declares an attack while you control 2 or more face-up Defense Position monsters: You can target the attacking monster; negate that attack.",0.01,0.2,1.75,0.14,,Unlimited,,
57739,Double Defender,Double Defender,https://tcgplayer-cdn.tcgplayer.com/product/57739_200w.jpg,2,257,https://cpt.tcgcsv.com/P6t,2013-05-09T12:13:41.653,1,ORCS-EN049,Common,SPELL,Normal Spell,0,0,"Once per turn, when an opponent's monster declares an attack while you control 2 or more face-up Defense Position monsters: You can target the attacking monster; negate that attack.",0.04,0.25,1.4,0.15,,1st Edition,,
57740,Galaxy Storm,Galaxy Storm,https://tcgplayer-cdn.tcgplayer.com/product/57740_200w.jpg,2,257,https://cpt.tcgcsv.com/Q6t,2013-05-09T12:13:41.653,1,ORCS-EN050,Common,SPELL,Normal Spell,0,0,Target 1 face-up Xyz Monster on the field that has no Xyz Material; destroy that target.,0.05,0.2,1.7,0.15,,Unlimited,,
57740,Galaxy Storm,Galaxy Storm,https://tcgplayer-cdn.tcgplayer.com/product/57740_200w.jpg,2,257,https://cpt.tcgcsv.com/Q6t,2013-05-09T12:13:41.653,1,ORCS-EN050,Common,SPELL,Normal Spell,0,0,Target 1 face-up Xyz Monster on the field that has no Xyz Material; destroy that target.,0.05,0.25,10000.0,0.23,,1st Edition,,
57741,Armor Ninjitsu Art of Alchemy,Armor Ninjitsu Art of Alchemy,https://tcgplayer-cdn.tcgplayer.com/product/57741_200w.jpg,2,257,https://cpt.tcgcsv.com/R6t,2013-05-09T12:13:41.653,1,ORCS-EN051,Super Rare,SPELL,Normal Spell,0,0,"If you control a ""Ninjitsu Art"" card: Destroy all face-up ""Ninjitsu Art"" cards you control, then draw 2 cards.",0.1,0.5,4.99,0.1,,Unlimited,,
57741,Armor Ninjitsu Art of Alchemy,Armor Ninjitsu Art of Alchemy,https://tcgplayer-cdn.tcgplayer.com/product/57741_200w.jpg,2,257,https://cpt.tcgcsv.com/R6t,2013-05-09T12:13:41.653,1,ORCS-EN051,Super Rare,SPELL,Normal Spell,0,0,"If you control a ""Ninjitsu Art"" card: Destroy all face-up ""Ninjitsu Art"" cards you control, then draw 2 cards.",0.11,0.49,1.99,0.23,,1st Edition,,
57742,"Star Light, Star Bright",Star Light Star Bright,https://tcgplayer-cdn.tcgplayer.com/product/57742_200w.jpg,2,257,https://cpt.tcgcsv.com/S6t,2013-05-09T12:13:41.653,1,ORCS-EN052,Common,SPELL,Normal Spell,0,0,"Target 1 face-up monster you control; all face-up monsters you currently control with an ATK or DEF equal to that monster's become the same Level as that monster, until the End Phase.",0.03,0.22,1.7,0.22,,Unlimited,,
57742,"Star Light, Star Bright",Star Light Star Bright,https://tcgplayer-cdn.tcgplayer.com/product/57742_200w.jpg,2,257,https://cpt.tcgcsv.com/S6t,2013-05-09T12:13:41.653,1,ORCS-EN052,Common,SPELL,Normal Spell,0,0,"Target 1 face-up monster you control; all face-up monsters you currently control with an ATK or DEF equal to that monster's become the same Level as that monster, until the End Phase.",0.05,0.25,1.0,0.3,,1st Edition,,
57743,Armor Blast,Armor Blast,https://tcgplayer-cdn.tcgplayer.com/product/57743_200w.jpg,2,257,https://cpt.tcgcsv.com/T6t,2022-02-28T13:27:47.053,1,ORCS-EN053,Super Rare,SPELL,Normal Spell,0,0,"Target 1 face-up ""Inzektor"" card you control and 2 face-up cards your opponent controls; destroy them.",0.11,0.37,1.63,0.21,,Unlimited,,
57743,Armor Blast,Armor Blast,https://tcgplayer-cdn.tcgplayer.com/product/57743_200w.jpg,2,257,https://cpt.tcgcsv.com/T6t,2022-02-28T13:27:47.053,1,ORCS-EN053,Super Rare,SPELL,Normal Spell,0,0,"Target 1 face-up ""Inzektor"" card you control and 2 face-up cards your opponent controls; destroy them.",0.1,0.41,1.99,0.25,,1st Edition,,
57744,Inzektor Sword - Zektkaliber,Inzektor Sword Zektkaliber,https://tcgplayer-cdn.tcgplayer.com/product/57744_200w.jpg,2,257,https://cpt.tcgcsv.com/V6t,2013-05-09T12:13:41.653,1,ORCS-EN054,Ultra Rare,SPELL,Normal Spell,0,0,"Equip only to an ""Inzektor"" monster. It gains 800 ATK and DEF. When this face-up card on the field is sent to the Graveyard: Target 1 ""Inzektor"" monster in your Graveyard; add that target to your hand.",0.14,0.75,8.89,0.41,,Unlimited,,
57744,Inzektor Sword - Zektkaliber,Inzektor Sword Zektkaliber,https://tcgplayer-cdn.tcgplayer.com/product/57744_200w.jpg,2,257,https://cpt.tcgcsv.com/V6t,2013-05-09T12:13:41.653,1,ORCS-EN054,Ultra Rare,SPELL,Normal Spell,0,0,"Equip only to an ""Inzektor"" monster. It gains 800 ATK and DEF. When this face-up card on the field is sent to the Graveyard: Target 1 ""Inzektor"" monster in your Graveyard; add that target to your hand.",0.21,0.75,10.0,0.66,,1st Edition,,
57745,Weights & Zenmaisures,Weights and Zenmaisures,https://tcgplayer-cdn.tcgplayer.com/product/57745_200w.jpg,2,257,https://cpt.tcgcsv.com/W6t,2013-05-09T12:13:41.653,1,ORCS-EN055,Rare,SPELL,Normal Spell,0,0,"Target 2 face-up ""Wind-Up"" monsters you control with different Levels; your opponent chooses 1 of them, and the Level of the other monster becomes the same as the chosen monster's, until the End Phase. Then, if your opponent chose the monster with a lower Level, you can draw 1 card.",0.07,0.25,10000.0,0.12,,Unlimited,,
57745,Weights & Zenmaisures,Weights and Zenmaisures,https://tcgplayer-cdn.tcgplayer.com/product/57745_200w.jpg,2,257,https://cpt.tcgcsv.com/W6t,2013-05-09T12:13:41.653,1,ORCS-EN055,Rare,SPELL,Normal Spell,0,0,"Target 2 face-up ""Wind-Up"" monsters you control with different Levels; your opponent chooses 1 of them, and the Level of the other monster becomes the same as the chosen monster's, until the End Phase. Then, if your opponent chose the monster with a lower Level, you can draw 1 card.",0.03,0.25,1.4,0.16,,1st Edition,,
57746,Primordial Soup,Primordial Soup,https://tcgplayer-cdn.tcgplayer.com/product/57746_200w.jpg,2,257,https://cpt.tcgcsv.com/X6t,2013-05-09T12:13:41.653,1,ORCS-EN056,Common,SPELL,Normal Spell,0,0,"Once per turn, during your Main Phase: You can shuffle up to 2 ""Evolsaur"" monsters from your hand into the Deck, then draw the same number of cards. You can only control 1 face-up ""Primordial Soup"".",0.04,0.21,1.35,0.17,,Unlimited,,
57746,Primordial Soup,Primordial Soup,https://tcgplayer-cdn.tcgplayer.com/product/57746_200w.jpg,2,257,https://cpt.tcgcsv.com/X6t,2013-05-09T12:13:41.653,1,ORCS-EN056,Common,SPELL,Normal Spell,0,0,"Once per turn, during your Main Phase: You can shuffle up to 2 ""Evolsaur"" monsters from your hand into the Deck, then draw the same number of cards. You can only control 1 face-up ""Primordial Soup"".",0.03,0.23,1.0,0.2,,1st Edition,,
57747,Evo-Force,Evo Force,https://tcgplayer-cdn.tcgplayer.com/product/57747_200w.jpg,2,257,https://cpt.tcgcsv.com/Z6t,2013-05-09T12:13:41.653,1,ORCS-EN057,Super Rare,SPELL,Normal Spell,0,0,"Tribute 1 ""Evoltile"" monster, Special Summon 1 ""Evolsaur"" monster from your Deck. It is treated as if it was Special Summoned by the effect of an ""Evoltile"" monster.",0.22,0.95,10.38,0.37,,Unlimited,,
57747,Evo-Force,Evo Force,https://tcgplayer-cdn.tcgplayer.com/product/57747_200w.jpg,2,257,https://cpt.tcgcsv.com/Z6t,2013-05-09T12:13:41.653,1,ORCS-EN057,Super Rare,SPELL,Normal Spell,0,0,"Tribute 1 ""Evoltile"" monster, Special Summon 1 ""Evolsaur"" monster from your Deck. It is treated as if it was Special Summoned by the effect of an ""Evoltile"" monster.",0.35,1.27,17.99,1.14,,1st Edition,,
57748,Dark Mambele,Dark Mambele,https://tcgplayer-cdn.tcgplayer.com/product/57748_200w.jpg,2,257,https://cpt.tcgcsv.com/-6t,2013-05-09T12:13:41.653,1,ORCS-EN058,Common,SPELL,Normal Spell,0,0,If you control 3 or more DARK monsters: Target 1 face-up card on the field; banish that target.,0.03,0.2,1.35,0.15,,Unlimited,,
57748,Dark Mambele,Dark Mambele,https://tcgplayer-cdn.tcgplayer.com/product/57748_200w.jpg,2,257,https://cpt.tcgcsv.com/-6t,2013-05-09T12:13:41.653,1,ORCS-EN058,Common,SPELL,Normal Spell,0,0,If you control 3 or more DARK monsters: Target 1 face-up card on the field; banish that target.,0.05,0.25,1.49,0.05,,1st Edition,,
57749,Creeping Darkness,Creeping Darkness,https://tcgplayer-cdn.tcgplayer.com/product/57749_200w.jpg,2,257,https://cpt.tcgcsv.com/_6t,2013-05-09T12:13:41.653,1,ORCS-EN059,Super Rare,SPELL,Normal Spell,0,0,Banish 2 DARK monsters from your Graveyard; add 1 Level 4 DARK monster from your Deck to your hand.,0.15,0.69,1.99,1.02,,Unlimited,,
57749,Creeping Darkness,Creeping Darkness,https://tcgplayer-cdn.tcgplayer.com/product/57749_200w.jpg,2,257,https://cpt.tcgcsv.com/_6t,2013-05-09T12:13:41.653,1,ORCS-EN059,Super Rare,SPELL,Normal Spell,0,0,Banish 2 DARK monsters from your Graveyard; add 1 Level 4 DARK monster from your Deck to your hand.,0.19,0.5,2.5,0.21,,1st Edition,,
57750,Shrine of Mist Valley,Shrine of Mist Valley,https://tcgplayer-cdn.tcgplayer.com/product/57750_200w.jpg,2,257,https://cpt.tcgcsv.com/07t,2013-05-09T12:13:41.653,1,ORCS-EN060,Rare,SPELL,Normal Spell,0,0,"Once per turn, when a WIND monster(s) is destroyed by a card effect and sent to your Graveyard (except during the Damage Step): You can Special Summon 1 Level 3 or lower WIND monster from your hand or Deck, but its effects are negated.",0.07,0.25,1.4,0.2,,Unlimited,,
57750,Shrine of Mist Valley,Shrine of Mist Valley,https://tcgplayer-cdn.tcgplayer.com/product/57750_200w.jpg,2,257,https://cpt.tcgcsv.com/07t,2013-05-09T12:13:41.653,1,ORCS-EN060,Rare,SPELL,Normal Spell,0,0,"Once per turn, when a WIND monster(s) is destroyed by a card effect and sent to your Graveyard (except during the Damage Step): You can Special Summon 1 Level 3 or lower WIND monster from your hand or Deck, but its effects are negated.",0.03,0.25,1.0,0.22,,1st Edition,,
57751,Xyz Burst,Xyz Burst,https://tcgplayer-cdn.tcgplayer.com/product/57751_200w.jpg,2,257,https://cpt.tcgcsv.com/27t,2013-05-09T12:13:41.653,1,ORCS-EN061,Common,SPELL,Normal Spell,0,0,If you control a Rank 6 or higher Xyz Monster: Destroy all Set cards your opponent controls.,0.05,0.2,1.35,0.1,,Unlimited,,
57751,Xyz Burst,Xyz Burst,https://tcgplayer-cdn.tcgplayer.com/product/57751_200w.jpg,2,257,https://cpt.tcgcsv.com/27t,2013-05-09T12:13:41.653,1,ORCS-EN061,Common,SPELL,Normal Spell,0,0,If you control a Rank 6 or higher Xyz Monster: Destroy all Set cards your opponent controls.,0.05,0.25,1.63,0.24,,1st Edition,,
57752,Galaxy Wave,Galaxy Wave,https://tcgplayer-cdn.tcgplayer.com/product/57752_200w.jpg,2,257,https://cpt.tcgcsv.com/37t,2013-05-09T12:13:41.653,1,ORCS-EN062,Common,SPELL,Normal Spell,0,0,Each time you Xyz Summon: Inflict 500 damage to your opponent.,0.1,0.25,1.48,0.17,,Unlimited,,
57752,Galaxy Wave,Galaxy Wave,https://tcgplayer-cdn.tcgplayer.com/product/57752_200w.jpg,2,257,https://cpt.tcgcsv.com/37t,2013-05-09T12:13:41.653,1,ORCS-EN062,Common,SPELL,Normal Spell,0,0,Each time you Xyz Summon: Inflict 500 damage to your opponent.,0.1,0.3,10000.0,0.25,,1st Edition,,
57753,Dicephoon,Dicephoon,https://tcgplayer-cdn.tcgplayer.com/product/57753_200w.jpg,2,257,https://cpt.tcgcsv.com/57t,2013-05-09T12:13:41.653,1,ORCS-EN063,Common,SPELL,Normal Spell,0,0,"Roll a six-sided die. If the result is 2, 3 or 4, destroy 1 Spell/Trap Card on the field. If it is 5, destroy 2 Spell/Trap Cards on the field. If it is 1 or 6, you take 1000 damage.",0.11,0.25,0.94,0.25,,Unlimited,,
57753,Dicephoon,Dicephoon,https://tcgplayer-cdn.tcgplayer.com/product/57753_200w.jpg,2,257,https://cpt.tcgcsv.com/57t,2013-05-09T12:13:41.653,1,ORCS-EN063,Common,SPELL,Normal Spell,0,0,"Roll a six-sided die. If the result is 2, 3 or 4, destroy 1 Spell/Trap Card on the field. If it is 5, destroy 2 Spell/Trap Cards on the field. If it is 1 or 6, you take 1000 damage.",0.15,0.26,0.9,0.2,,1st Edition,,
57754,Counterforce,Counterforce,https://tcgplayer-cdn.tcgplayer.com/product/57754_200w.jpg,2,257,https://cpt.tcgcsv.com/67t,2013-05-09T12:13:41.653,1,ORCS-EN064,Common,TRAP,Normal Trap,0,0,When a monster's attack is negated that targeted a face-up Attack Position monster: Inflict damage to your opponent equal to the difference in ATK between the 2 monsters.,0.03,0.2,10.0,0.09,,Unlimited,,
57754,Counterforce,Counterforce,https://tcgplayer-cdn.tcgplayer.com/product/57754_200w.jpg,2,257,https://cpt.tcgcsv.com/67t,2013-05-09T12:13:41.653,1,ORCS-EN064,Common,TRAP,Normal Trap,0,0,When a monster's attack is negated that targeted a face-up Attack Position monster: Inflict damage to your opponent equal to the difference in ATK between the 2 monsters.,0.07,0.25,10000.0,0.15,,1st Edition,,
57755,Gagagaguard,Gagagaguard,https://tcgplayer-cdn.tcgplayer.com/product/57755_200w.jpg,2,257,https://cpt.tcgcsv.com/77t,2013-05-09T12:13:41.653,1,ORCS-EN065,Rare,TRAP,Normal Trap,0,0,"If you control 2 or more face-up ""Gagaga"" monsters: This turn, monsters you control cannot be destroyed by battle or by card effects.",0.1,0.26,1.49,0.26,,Unlimited,,
57755,Gagagaguard,Gagagaguard,https://tcgplayer-cdn.tcgplayer.com/product/57755_200w.jpg,2,257,https://cpt.tcgcsv.com/77t,2013-05-09T12:13:41.653,1,ORCS-EN065,Rare,TRAP,Normal Trap,0,0,"If you control 2 or more face-up ""Gagaga"" monsters: This turn, monsters you control cannot be destroyed by battle or by card effects.",0.1,0.28,3.3,0.27,,1st Edition,,
57756,Xyz Reflect,Xyz Reflect,https://tcgplayer-cdn.tcgplayer.com/product/57756_200w.jpg,2,257,https://cpt.tcgcsv.com/87t,2013-05-09T12:13:41.653,1,ORCS-EN066,Ultra Rare,TRAP,Normal Trap,0,0,"When a Spell Card, Trap Card, or Effect Monster's effect is activated that targets a face-up Xyz Monster(s) on the field: Negate the activation and destroy it, then inflict 800 damage to your opponent.",0.48,1.0,2.99,0.76,,Unlimited,,
57756,Xyz Reflect,Xyz Reflect,https://tcgplayer-cdn.tcgplayer.com/product/57756_200w.jpg,2,257,https://cpt.tcgcsv.com/87t,2013-05-09T12:13:41.653,1,ORCS-EN066,Ultra Rare,TRAP,Normal Trap,0,0,"When a Spell Card, Trap Card, or Effect Monster's effect is activated that targets a face-up Xyz Monster(s) on the field: Negate the activation and destroy it, then inflict 800 damage to your opponent.",0.77,1.14,3.99,0.99,,1st Edition,,
57757,Splash Capture,Splash Capture,https://tcgplayer-cdn.tcgplayer.com/product/57757_200w.jpg,2,257,https://cpt.tcgcsv.com/97t,2013-05-09T12:13:41.653,1,ORCS-EN067,Common,TRAP,Normal Trap,0,0,When your opponent Xyz Summons: Banish 2 Fish-Type monsters from your Graveyard to target that face-up Xyz Monster; take control of that target.,0.05,0.21,1.49,0.11,,Unlimited,,
57757,Splash Capture,Splash Capture,https://tcgplayer-cdn.tcgplayer.com/product/57757_200w.jpg,2,257,https://cpt.tcgcsv.com/97t,2013-05-09T12:13:41.653,1,ORCS-EN067,Common,TRAP,Normal Trap,0,0,When your opponent Xyz Summons: Banish 2 Fish-Type monsters from your Graveyard to target that face-up Xyz Monster; take control of that target.,0.06,0.25,10000.0,0.14,,1st Edition,,
57758,Armor Ninjitsu Art of Freezing,Armor Ninjitsu Art of Freezing,https://tcgplayer-cdn.tcgplayer.com/product/57758_200w.jpg,2,257,https://cpt.tcgcsv.com/b7t,2013-05-09T12:13:41.653,1,ORCS-EN068,Common,TRAP,Normal Trap,0,0,"When an opponent's monster declares an attack, if you control a face-up ""Ninja"" monster: You can flip this card face-up; negate that attack and end the Battle Phase. Once this card is face-up on the field, monsters your opponent controls cannot change their Battle Positions while you control a face-up ""Ninja"" monster(s).",0.04,0.2,1.75,0.19,,Unlimited,,
57758,Armor Ninjitsu Art of Freezing,Armor Ninjitsu Art of Freezing,https://tcgplayer-cdn.tcgplayer.com/product/57758_200w.jpg,2,257,https://cpt.tcgcsv.com/b7t,2013-05-09T12:13:41.653,1,ORCS-EN068,Common,TRAP,Normal Trap,0,0,"When an opponent's monster declares an attack, if you control a face-up ""Ninja"" monster: You can flip this card face-up; negate that attack and end the Battle Phase. Once this card is face-up on the field, monsters your opponent controls cannot change their Battle Positions while you control a face-up ""Ninja"" monster(s).",0.1,0.25,10000.0,0.24,,1st Edition,,
57759,Armor Ninjitsu Art of Rust Mist,Armor Ninjitsu Art of Rust Mist,https://tcgplayer-cdn.tcgplayer.com/product/57759_200w.jpg,2,257,https://cpt.tcgcsv.com/c7t,2013-05-09T12:13:41.653,1,ORCS-EN069,Super Rare,TRAP,Normal Trap,0,0,"When a monster(s) is Special Summoned to your opponent's side of the field, if you control a face-up ""Ninja"" monster: Halve the ATK of that Special Summoned monster(s).",0.07,0.35,1.0,0.17,,Unlimited,,
57759,Armor Ninjitsu Art of Rust Mist,Armor Ninjitsu Art of Rust Mist,https://tcgplayer-cdn.tcgplayer.com/product/57759_200w.jpg,2,257,https://cpt.tcgcsv.com/c7t,2013-05-09T12:13:41.653,1,ORCS-EN069,Super Rare,TRAP,Normal Trap,0,0,"When a monster(s) is Special Summoned to your opponent's side of the field, if you control a face-up ""Ninja"" monster: Halve the ATK of that Special Summoned monster(s).",0.11,0.49,6.0,0.39,,1st Edition,,
57760,Inzektor Orb,Inzektor Orb,https://tcgplayer-cdn.tcgplayer.com/product/57760_200w.jpg,2,257,https://cpt.tcgcsv.com/d7t,2013-05-09T12:13:41.653,1,ORCS-EN070,Rare,TRAP,Normal Trap,0,0,"Target 1 face-up ""Inzektor"" monster you control; equip this card to that target. It gains 500 ATK and DEF. When exactly 1 ""Inzektor"" monster you control is targeted by a card effect (except during the Damage Step): You can send this Equip Card to the Graveyard; negate that effect.",0.04,0.27,1.49,0.27,,Unlimited,,
57760,Inzektor Orb,Inzektor Orb,https://tcgplayer-cdn.tcgplayer.com/product/57760_200w.jpg,2,257,https://cpt.tcgcsv.com/d7t,2013-05-09T12:13:41.653,1,ORCS-EN070,Rare,TRAP,Normal Trap,0,0,"Target 1 face-up ""Inzektor"" monster you control; equip this card to that target. It gains 500 ATK and DEF. When exactly 1 ""Inzektor"" monster you control is targeted by a card effect (except during the Damage Step): You can send this Equip Card to the Graveyard; negate that effect.",0.04,0.3,10000.0,0.25,,1st Edition,,
57761,Variable Form,Variable Form,https://tcgplayer-cdn.tcgplayer.com/product/57761_200w.jpg,2,257,https://cpt.tcgcsv.com/f7t,2013-05-09T12:13:41.653,1,ORCS-EN071,Common,TRAP,Normal Trap,0,0,"Once per turn, you can activate 1 of these effects. // *Target 2 face-up ""Inzektor"" monsters you control; equip one to the other. // *Target 1 ""Inzektor"" monster you control that is an Equip Card; Special Summon that target in face-up Defense Position.",0.02,0.2,10000.0,0.13,,Unlimited,,
57761,Variable Form,Variable Form,https://tcgplayer-cdn.tcgplayer.com/product/57761_200w.jpg,2,257,https://cpt.tcgcsv.com/f7t,2013-05-09T12:13:41.653,1,ORCS-EN071,Common,TRAP,Normal Trap,0,0,"Once per turn, you can activate 1 of these effects. // *Target 2 face-up ""Inzektor"" monsters you control; equip one to the other. // *Target 1 ""Inzektor"" monster you control that is an Equip Card; Special Summon that target in face-up Defense Position.",0.09,0.25,1.0,0.18,,1st Edition,,
57762,Zenmailstrom,Zenmailstrom,https://tcgplayer-cdn.tcgplayer.com/product/57762_200w.jpg,2,257,https://cpt.tcgcsv.com/g7t,2013-05-09T12:13:41.653,1,ORCS-EN072,Common,TRAP,Normal Trap,0,0,"Tribute 1 ""Wind-Up"" monster with 1500 or more ATK; Special Summon 1 ""Wind-Up"" monster from your hand, then you can Special Summon 1 ""Wind-Up"" monster from your Deck with the same ATK as the monster Special Summoned by this effect.",0.01,0.2,1.75,0.1,,Unlimited,,
57762,Zenmailstrom,Zenmailstrom,https://tcgplayer-cdn.tcgplayer.com/product/57762_200w.jpg,2,257,https://cpt.tcgcsv.com/g7t,2013-05-09T12:13:41.653,1,ORCS-EN072,Common,TRAP,Normal Trap,0,0,"Tribute 1 ""Wind-Up"" monster with 1500 or more ATK; Special Summon 1 ""Wind-Up"" monster from your hand, then you can Special Summon 1 ""Wind-Up"" monster from your Deck with the same ATK as the monster Special Summoned by this effect.",0.03,0.25,10000.0,0.2,,1st Edition,,
57763,Degen-Force,Degen Force,https://tcgplayer-cdn.tcgplayer.com/product/57763_200w.jpg,2,257,https://cpt.tcgcsv.com/h7t,2013-05-09T12:13:41.653,1,ORCS-EN073,Common,TRAP,Normal Trap,0,0,Tribute 1 Level 4 or higher Dinosaur-Type monster; Special Summon 2 Level 3 or lower Reptile-Type monsters from your hand/or Graveyard.,0.01,0.21,1.49,0.06,,Unlimited,,
57763,Degen-Force,Degen Force,https://tcgplayer-cdn.tcgplayer.com/product/57763_200w.jpg,2,257,https://cpt.tcgcsv.com/h7t,2013-05-09T12:13:41.653,1,ORCS-EN073,Common,TRAP,Normal Trap,0,0,Tribute 1 Level 4 or higher Dinosaur-Type monster; Special Summon 2 Level 3 or lower Reptile-Type monsters from your hand/or Graveyard.,0.05,0.25,1.49,0.11,,1st Edition,,
57764,Evo-Branch,Evo Branch,https://tcgplayer-cdn.tcgplayer.com/product/57764_200w.jpg,2,257,https://cpt.tcgcsv.com/j7t,2013-05-09T12:13:41.653,1,ORCS-EN074,Common,TRAP,Normal Trap,0,0,"Target 1 face-up Reptile-Type monster you control; destroy it and Special Summon 1 ""Evoltile"" monster in face-down Defense Position from your Deck.",0.04,0.23,1.49,0.11,,Unlimited,,
57764,Evo-Branch,Evo Branch,https://tcgplayer-cdn.tcgplayer.com/product/57764_200w.jpg,2,257,https://cpt.tcgcsv.com/j7t,2013-05-09T12:13:41.653,1,ORCS-EN074,Common,TRAP,Normal Trap,0,0,"Target 1 face-up Reptile-Type monster you control; destroy it and Special Summon 1 ""Evoltile"" monster in face-down Defense Position from your Deck.",0.05,0.25,1.49,0.2,,1st Edition,,
57765,Ninjitsu Art of Super-Transformation,Ninjitsu Art of Super Transformation,https://tcgplayer-cdn.tcgplayer.com/product/57765_200w.jpg,2,257,https://cpt.tcgcsv.com/k7t,2013-05-09T12:13:41.653,1,ORCS-EN075,Super Rare,TRAP,Normal Trap,0,0,"Target 1 face-up ôNinjaö monster you control and 1 face-up monster your opponent controls; send them to the Graveyard, then Special Summon to your side of the field 1 Dragon, Dinosaur, or Sea Serpent-Type monster from your Deck whose Level is less than or equal to the combined Levels of the sent monster(s). When this card leaves the field, banish that monster.",0.18,0.45,3.01,0.38,,Unlimited,,
57765,Ninjitsu Art of Super-Transformation,Ninjitsu Art of Super Transformation,https://tcgplayer-cdn.tcgplayer.com/product/57765_200w.jpg,2,257,https://cpt.tcgcsv.com/k7t,2013-05-09T12:13:41.653,1,ORCS-EN075,Super Rare,TRAP,Normal Trap,0,0,"Target 1 face-up ôNinjaö monster you control and 1 face-up monster your opponent controls; send them to the Graveyard, then Special Summon to your side of the field 1 Dragon, Dinosaur, or Sea Serpent-Type monster from your Deck whose Level is less than or equal to the combined Levels of the sent monster(s). When this card leaves the field, banish that monster.",0.24,0.89,3.24,0.85,,1st Edition,,
57766,Xyz Reborn,Xyz Reborn,https://tcgplayer-cdn.tcgplayer.com/product/57766_200w.jpg,2,257,https://cpt.tcgcsv.com/l7t,2018-12-10T13:53:17.303,1,ORCS-EN076,Secret Rare,TRAP,Normal Trap,0,0,"Target 1 Xyz Monster in your Graveyard, Special Summon it and attach this card to it as an Xyz Material.",0.99,2.12,14.9,2.24,,Unlimited,,
57766,Xyz Reborn,Xyz Reborn,https://tcgplayer-cdn.tcgplayer.com/product/57766_200w.jpg,2,257,https://cpt.tcgcsv.com/l7t,2018-12-10T13:53:17.303,1,ORCS-EN076,Secret Rare,TRAP,Normal Trap,0,0,"Target 1 Xyz Monster in your Graveyard, Special Summon it and attach this card to it as an Xyz Material.",1.0,3.01,17.99,2.73,,1st Edition,,
57767,Over Capacity,Over Capacity,https://tcgplayer-cdn.tcgplayer.com/product/57767_200w.jpg,2,257,https://cpt.tcgcsv.com/m7t,2013-05-09T12:13:41.653,1,ORCS-EN077,Rare,TRAP,Normal Trap,0,0,When your opponent Special Summons a monster: Banish all face-up Level 2 or lower monsters on the field.,0.02,0.25,1.36,0.17,,Unlimited,,
57767,Over Capacity,Over Capacity,https://tcgplayer-cdn.tcgplayer.com/product/57767_200w.jpg,2,257,https://cpt.tcgcsv.com/m7t,2013-05-09T12:13:41.653,1,ORCS-EN077,Rare,TRAP,Normal Trap,0,0,When your opponent Special Summons a monster: Banish all face-up Level 2 or lower monsters on the field.,0.05,0.3,1.25,0.14,,1st Edition,,
57768,The Huge Revolution is Over,The Huge Revolution is Over,https://tcgplayer-cdn.tcgplayer.com/product/57768_200w.jpg,2,257,https://cpt.tcgcsv.com/n7t,2013-05-09T12:13:41.653,1,ORCS-EN078,Common,TRAP,Normal Trap,0,0,"When a Spell Card, Trap Card, or Effect Monster's effect is activated that destroys 2 or more cards on the field: Negate the activation and banish it.",0.17,0.47,1.49,0.34,,Unlimited,,
57768,The Huge Revolution is Over,The Huge Revolution is Over,https://tcgplayer-cdn.tcgplayer.com/product/57768_200w.jpg,2,257,https://cpt.tcgcsv.com/n7t,2013-05-09T12:13:41.653,1,ORCS-EN078,Common,TRAP,Normal Trap,0,0,"When a Spell Card, Trap Card, or Effect Monster's effect is activated that destroys 2 or more cards on the field: Negate the activation and banish it.",0.14,0.49,1.5,0.51,,1st Edition,,
57769,Royal Prison,Royal Prison,https://tcgplayer-cdn.tcgplayer.com/product/57769_200w.jpg,2,257,https://cpt.tcgcsv.com/p7t,2013-05-09T12:13:41.653,1,ORCS-EN079,Rare,TRAP,Normal Trap,0,0,Monsters cannot be Special Summoned from the Graveyard.,0.03,0.26,1.99,0.19,,Unlimited,,
57769,Royal Prison,Royal Prison,https://tcgplayer-cdn.tcgplayer.com/product/57769_200w.jpg,2,257,https://cpt.tcgcsv.com/p7t,2013-05-09T12:13:41.653,1,ORCS-EN079,Rare,TRAP,Normal Trap,0,0,Monsters cannot be Special Summoned from the Graveyard.,0.09,0.33,1.4,0.32,,1st Edition,,
57770,Sealing Ceremony of Katon,Sealing Ceremony of Katon,https://tcgplayer-cdn.tcgplayer.com/product/57770_200w.jpg,2,257,https://cpt.tcgcsv.com/q7t,2013-05-09T12:13:41.653,1,ORCS-EN080,Common,TRAP,Normal Trap,0,0,"Once per turn: You can banish 1 FIRE monster from your Graveyard to target 1 card in your opponent's Graveyard, banish that target.",0.05,0.25,6.35,0.3,,Unlimited,,
57770,Sealing Ceremony of Katon,Sealing Ceremony of Katon,https://tcgplayer-cdn.tcgplayer.com/product/57770_200w.jpg,2,257,https://cpt.tcgcsv.com/q7t,2013-05-09T12:13:41.653,1,ORCS-EN080,Common,TRAP,Normal Trap,0,0,"Once per turn: You can banish 1 FIRE monster from your Graveyard to target 1 card in your opponent's Graveyard, banish that target.",0.05,0.25,10000.0,0.14,,1st Edition,,
57771,Inzektor Hopper,Inzektor Hopper,https://tcgplayer-cdn.tcgplayer.com/product/57771_200w.jpg,2,257,https://cpt.tcgcsv.com/r7t,2013-05-09T12:13:41.653,1,ORCS-EN081,Rare,DARK,Effect Monster,1700,1400,"Once per turn: You can equip 1 ""Inzektor"" monster in your hand or Graveyard to this card. While this card is equiped its level increases by 2. You can send this Equip Card to the Graveyard to make the monster that was equiped attack your opponent directly this turn.",0.05,0.27,1.5,0.24,,Unlimited,Insect,
57771,Inzektor Hopper,Inzektor Hopper,https://tcgplayer-cdn.tcgplayer.com/product/57771_200w.jpg,2,257,https://cpt.tcgcsv.com/r7t,2013-05-09T12:13:41.653,1,ORCS-EN081,Rare,DARK,Effect Monster,1700,1400,"Once per turn: You can equip 1 ""Inzektor"" monster in your hand or Graveyard to this card. While this card is equiped its level increases by 2. You can send this Equip Card to the Graveyard to make the monster that was equiped attack your opponent directly this turn.",0.08,0.41,1.49,0.34,,1st Edition,Insect,
57772,Wind-Up Shark,Wind Up Shark,https://tcgplayer-cdn.tcgplayer.com/product/57772_200w.jpg,2,257,https://cpt.tcgcsv.com/s7t,2013-05-09T12:13:41.653,1,ORCS-EN082,Super Rare,WATER,Effect Monster,1500,1300,"When a ôWind-Upö monster is Normal or Special Summoned to your side of the field: You can Special Summon this card from your hand. Once per turn: You can activate 1 of these effects. // *Increase this cardÆs Level by 1, until the End Phase. // *Reduce this cardÆs Level by 1, until the End Phase.",0.62,1.48,9.95,1.7,,Unlimited,Fish,
57772,Wind-Up Shark,Wind Up Shark,https://tcgplayer-cdn.tcgplayer.com/product/57772_200w.jpg,2,257,https://cpt.tcgcsv.com/s7t,2013-05-09T12:13:41.653,1,ORCS-EN082,Super Rare,WATER,Effect Monster,1500,1300,"When a ôWind-Upö monster is Normal or Special Summoned to your side of the field: You can Special Summon this card from your hand. Once per turn: You can activate 1 of these effects. // *Increase this cardÆs Level by 1, until the End Phase. // *Reduce this cardÆs Level by 1, until the End Phase.",1.49,4.97,14.99,4.1,,1st Edition,Fish,
57773,Evoltile Najasho,Evoltile Najasho,https://tcgplayer-cdn.tcgplayer.com/product/57773_200w.jpg,2,257,https://cpt.tcgcsv.com/t7t,2013-05-09T12:13:41.653,1,ORCS-EN083,Super Rare,FIRE,Effect Monster,100,2000,"If this card on the field is Tributed : You can Special Summon 1 ""Evolsaur"" monster from your Deck.",0.24,0.82,4.0,0.46,,Unlimited,Reptile,
57773,Evoltile Najasho,Evoltile Najasho,https://tcgplayer-cdn.tcgplayer.com/product/57773_200w.jpg,2,257,https://cpt.tcgcsv.com/t7t,2013-05-09T12:13:41.653,1,ORCS-EN083,Super Rare,FIRE,Effect Monster,100,2000,"If this card on the field is Tributed : You can Special Summon 1 ""Evolsaur"" monster from your Deck.",0.35,0.98,4.97,0.76,,1st Edition,Reptile,
57774,White Dragon Ninja,White Dragon Ninja,https://tcgplayer-cdn.tcgplayer.com/product/57774_200w.jpg,2,257,https://cpt.tcgcsv.com/v7t,2024-07-08T08:47:15.01,1,ORCS-EN084,Secret Rare,LIGHT,Effect Monster,2700,1200,"Cannot be Special Summoned, except with a ""Ninjitsu Art"" card's effect. Spell/Trap Cards you control cannot be destroyed by card effects.",1.59,3.07,12.88,2.88,,Unlimited,Dragon,
57774,White Dragon Ninja,White Dragon Ninja,https://tcgplayer-cdn.tcgplayer.com/product/57774_200w.jpg,2,257,https://cpt.tcgcsv.com/v7t,2024-07-08T08:47:15.01,1,ORCS-EN084,Secret Rare,LIGHT,Effect Monster,2700,1200,"Cannot be Special Summoned, except with a ""Ninjitsu Art"" card's effect. Spell/Trap Cards you control cannot be destroyed by card effects.",1.6,4.45,13.58,3.98,4.23,1st Edition,Dragon,
57775,Interplanetarypurplythorny Dragon,Interplanetarypurplythorny Dragon,https://tcgplayer-cdn.tcgplayer.com/product/57775_200w.jpg,2,257,https://cpt.tcgcsv.com/w7t,2013-05-09T12:13:41.653,1,ORCS-EN085,Common,DARK,Effect Monster,2200,1100,When a monster you control is destroyed by battle or by a card effect : You can Special Summon this card from your hand.,0.09,0.25,10000.0,0.15,,Unlimited,Dragon,
57775,Interplanetarypurplythorny Dragon,Interplanetarypurplythorny Dragon,https://tcgplayer-cdn.tcgplayer.com/product/57775_200w.jpg,2,257,https://cpt.tcgcsv.com/w7t,2013-05-09T12:13:41.653,1,ORCS-EN085,Common,DARK,Effect Monster,2200,1100,When a monster you control is destroyed by battle or by a card effect : You can Special Summon this card from your hand.,0.09,0.25,10000.0,0.21,,1st Edition,Dragon,
57776,Tour Bus From the Underworld,Tour Bus From the Underworld,https://tcgplayer-cdn.tcgplayer.com/product/57776_200w.jpg,2,257,https://cpt.tcgcsv.com/x7t,2013-05-09T12:13:41.653,1,ORCS-EN086,Secret Rare,DARK,Effect Monster,1000,1000,"When this card is sent to the Graveyard: Target 1 monster in either playerÆs Graveyard, except ôTour Bus From the Underworldö; shuffle that target into the Deck.",1.4,2.34,10.0,1.72,,Unlimited,Fiend,
57776,Tour Bus From the Underworld,Tour Bus From the Underworld,https://tcgplayer-cdn.tcgplayer.com/product/57776_200w.jpg,2,257,https://cpt.tcgcsv.com/x7t,2013-05-09T12:13:41.653,1,ORCS-EN086,Secret Rare,DARK,Effect Monster,1000,1000,"When this card is sent to the Graveyard: Target 1 monster in either playerÆs Graveyard, except ôTour Bus From the Underworldö; shuffle that target into the Deck.",2.13,4.01,18.99,4.05,,1st Edition,Fiend,
57777,Photon Trident,Photon Trident,https://tcgplayer-cdn.tcgplayer.com/product/57777_200w.jpg,2,257,https://cpt.tcgcsv.com/z7t,2013-05-09T12:13:41.653,1,ORCS-EN087,Common,SPELL,Normal Spell,0,0,"Target 1 face-up ""Photon"" monster you control; until the End Phase, it gains 700 ATK, and if it attacks a Defense Position monster, inflict piercing Battle Damage to your opponent. When it inflicts Battle Damage to your opponent this turn: You can target 1 Spell/Trap Card on the field; destroy that target.",0.06,0.25,1.49,0.19,,Unlimited,,
57777,Photon Trident,Photon Trident,https://tcgplayer-cdn.tcgplayer.com/product/57777_200w.jpg,2,257,https://cpt.tcgcsv.com/z7t,2013-05-09T12:13:41.653,1,ORCS-EN087,Common,SPELL,Normal Spell,0,0,"Target 1 face-up ""Photon"" monster you control; until the End Phase, it gains 700 ATK, and if it attacks a Defense Position monster, inflict piercing Battle Damage to your opponent. When it inflicts Battle Damage to your opponent this turn: You can target 1 Spell/Trap Card on the field; destroy that target.",0.1,0.25,1.0,0.2,,1st Edition,,
57778,Evo-Instant,Evo Instant,https://tcgplayer-cdn.tcgplayer.com/product/57778_200w.jpg,2,257,https://cpt.tcgcsv.com/B7t,2013-05-09T12:13:41.653,1,ORCS-EN088,Rare,TRAP,Normal Trap,0,0,"Tribute 1 Reptile-Type monster; Special Summon 1 ""Evolsaur"" monster from your Deck.",0.08,0.25,1.7,0.21,,Unlimited,,
57778,Evo-Instant,Evo Instant,https://tcgplayer-cdn.tcgplayer.com/product/57778_200w.jpg,2,257,https://cpt.tcgcsv.com/B7t,2013-05-09T12:13:41.653,1,ORCS-EN088,Rare,TRAP,Normal Trap,0,0,"Tribute 1 Reptile-Type monster; Special Summon 1 ""Evolsaur"" monster from your Deck.",0.03,0.26,1.5,0.15,,1st Edition,,
57779,Ninjitsu Art of Duplication,Ninjitsu Art of Duplication,https://tcgplayer-cdn.tcgplayer.com/product/57779_200w.jpg,2,257,https://cpt.tcgcsv.com/C7t,2013-05-09T12:13:41.653,1,ORCS-EN089,Rare,TRAP,Normal Trap,0,0,"Tribute 1 ""Ninja"" monster; Special Summon any number of ""Ninja"" monsters from your Deck in face-up Attack Position or face-down Defense Position, with combined Levels less than or equal to the Level of the Tributed monster. When this card leaves the field: Destroy those monsters.",0.2,0.75,4.99,0.62,,Unlimited,,
57779,Ninjitsu Art of Duplication,Ninjitsu Art of Duplication,https://tcgplayer-cdn.tcgplayer.com/product/57779_200w.jpg,2,257,https://cpt.tcgcsv.com/C7t,2013-05-09T12:13:41.653,1,ORCS-EN089,Rare,TRAP,Normal Trap,0,0,"Tribute 1 ""Ninja"" monster; Special Summon any number of ""Ninja"" monsters from your Deck in face-up Attack Position or face-down Defense Position, with combined Levels less than or equal to the Level of the Tributed monster. When this card leaves the field: Destroy those monsters.",0.55,1.25,4.6,0.91,,1st Edition,,
57780,White Night Queen,White Night Queen,https://tcgplayer-cdn.tcgplayer.com/product/57780_200w.jpg,2,257,https://cpt.tcgcsv.com/D7t,2013-05-09T12:13:41.653,1,ORCS-EN090,Rare,LIGHT,Effect Monster,2100,800,Cannot be Special Summoned. Once per turn: You can target 1 Set card; destroy that target.,0.11,0.25,1.45,0.16,,Unlimited,Fairy,
57780,White Night Queen,White Night Queen,https://tcgplayer-cdn.tcgplayer.com/product/57780_200w.jpg,2,257,https://cpt.tcgcsv.com/D7t,2013-05-09T12:13:41.653,1,ORCS-EN090,Rare,LIGHT,Effect Monster,2100,800,Cannot be Special Summoned. Once per turn: You can target 1 Set card; destroy that target.,0.11,0.25,1.5,0.24,,1st Edition,Fairy,
57781,Danipon,Danipon,https://tcgplayer-cdn.tcgplayer.com/product/57781_200w.jpg,2,257,https://cpt.tcgcsv.com/F7t,2013-05-09T12:13:41.653,1,ORCS-EN091,Common,EARTH,Effect Monster,600,600,When this card is destroyed by battle and sent to the Graveyard: You can add 1 Insect-Type monster with 1000 DEF or less from your Deck to your hand.,0.05,0.23,1.49,0.11,,Unlimited,Insect,
57781,Danipon,Danipon,https://tcgplayer-cdn.tcgplayer.com/product/57781_200w.jpg,2,257,https://cpt.tcgcsv.com/F7t,2013-05-09T12:13:41.653,1,ORCS-EN091,Common,EARTH,Effect Monster,600,600,When this card is destroyed by battle and sent to the Graveyard: You can add 1 Insect-Type monster with 1000 DEF or less from your Deck to your hand.,0.03,0.25,1.49,0.13,,1st Edition,Insect,
57782,Sweet Corn,Sweet Corn,https://tcgplayer-cdn.tcgplayer.com/product/57782_200w.jpg,2,257,https://cpt.tcgcsv.com/G7t,2013-05-09T12:13:41.653,1,ORCS-EN092,Common,EARTH,Effect Monster,0,0,"Once per turn, during your Main Phase 2: You can pay 500 Life Points; Special Summon 1 ""Maize Token"" (Plant-Type/EARTH/Level 1/ATK 0/DEF 0).",0.05,0.25,1.4,0.17,,Unlimited,Plant,
57782,Sweet Corn,Sweet Corn,https://tcgplayer-cdn.tcgplayer.com/product/57782_200w.jpg,2,257,https://cpt.tcgcsv.com/G7t,2013-05-09T12:13:41.653,1,ORCS-EN092,Common,EARTH,Effect Monster,0,0,"Once per turn, during your Main Phase 2: You can pay 500 Life Points; Special Summon 1 ""Maize Token"" (Plant-Type/EARTH/Level 1/ATK 0/DEF 0).",0.09,0.25,10000.0,0.2,,1st Edition,Plant,
57783,Vampire Koala,Vampire Koala,https://tcgplayer-cdn.tcgplayer.com/product/57783_200w.jpg,2,257,https://cpt.tcgcsv.com/H7t,2013-05-09T12:13:41.653,1,ORCS-EN093,Common,EARTH,Effect Monster,1800,1500,When this card inflicts Battle Damage to your opponent by battle with a monster: Gain Life Points equal to the Battle Damage inflicted.,0.04,0.2,1.35,0.16,,Unlimited,Beast,
57783,Vampire Koala,Vampire Koala,https://tcgplayer-cdn.tcgplayer.com/product/57783_200w.jpg,2,257,https://cpt.tcgcsv.com/H7t,2013-05-09T12:13:41.653,1,ORCS-EN093,Common,EARTH,Effect Monster,1800,1500,When this card inflicts Battle Damage to your opponent by battle with a monster: Gain Life Points equal to the Battle Damage inflicted.,0.05,0.3,1.49,0.36,,1st Edition,Beast,
57784,Koalo-Koala,Koalo Koala,https://tcgplayer-cdn.tcgplayer.com/product/57784_200w.jpg,2,257,https://cpt.tcgcsv.com/J7t,2013-05-09T12:13:41.653,1,ORCS-EN094,Common,EARTH,Fusion/Effect Monster,2800,200,"Sea Koala + ""Tree Otter"" // You can send 1 Beast-Type monster from your hand to the Graveyard to target 1 monster your opponent controls; destroy it.",0.05,0.25,1.5,0.18,,Unlimited,Beast,
57784,Koalo-Koala,Koalo Koala,https://tcgplayer-cdn.tcgplayer.com/product/57784_200w.jpg,2,257,https://cpt.tcgcsv.com/J7t,2013-05-09T12:13:41.653,1,ORCS-EN094,Common,EARTH,Fusion/Effect Monster,2800,200,"Sea Koala + ""Tree Otter"" // You can send 1 Beast-Type monster from your hand to the Graveyard to target 1 monster your opponent controls; destroy it.",0.1,0.25,10000.0,0.17,,1st Edition,Beast,
57785,Dark Diviner,Dark Diviner,https://tcgplayer-cdn.tcgplayer.com/product/57785_200w.jpg,2,257,https://cpt.tcgcsv.com/K7t,2013-05-09T12:13:41.653,1,ORCS-EN095,Super Rare,DARK,Synchro/Effect Monster,2000,1000,"1 DARK Tuner + 1 non-Tuner Insect monster // This card cannot be destroyed by battle. When this card declares an attack, if the ATK of the attack target is higher than this card: The ATK of the attack target becomes equal to this face-up card's current ATK. This change lasts until the end of the Battle Phase. When this card destroys an opponent's monster by battle and sends it to the Graveyard: Send the top 3 cards of your opponent's Deck to the Graveyard.",0.22,0.45,2.32,0.36,,Unlimited,Fiend,
57785,Dark Diviner,Dark Diviner,https://tcgplayer-cdn.tcgplayer.com/product/57785_200w.jpg,2,257,https://cpt.tcgcsv.com/K7t,2013-05-09T12:13:41.653,1,ORCS-EN095,Super Rare,DARK,Synchro/Effect Monster,2000,1000,"1 DARK Tuner + 1 non-Tuner Insect monster // This card cannot be destroyed by battle. When this card declares an attack, if the ATK of the attack target is higher than this card: The ATK of the attack target becomes equal to this face-up card's current ATK. This change lasts until the end of the Battle Phase. When this card destroys an opponent's monster by battle and sends it to the Graveyard: Send the top 3 cards of your opponent's Deck to the Graveyard.",0.15,0.5,1.98,0.38,,1st Edition,Fiend,
57786,Dark Flattop,Dark Flattop,https://tcgplayer-cdn.tcgplayer.com/product/57786_200w.jpg,2,257,https://cpt.tcgcsv.com/L7t,2013-05-09T12:13:41.653,1,ORCS-EN096,Rare,DARK,Synchro/Effect Monster,0,3000,"1 DARK Tuner + 1 or more non-Tuner Machine-Type monsters // Once per turn: You can target 1 ""Reactor"" monster or ""Flying Fortress SKY FIRE"" in your Graveyard; Special Summon that target, ignoring its Summoning conditions. If this card is destroyed and sent to the Graveyard: You can Special Summon 1 Level 5 or lower Machine-Type monster from your hand.",0.02,0.29,1.34,0.13,,Unlimited,Machine,
57786,Dark Flattop,Dark Flattop,https://tcgplayer-cdn.tcgplayer.com/product/57786_200w.jpg,2,257,https://cpt.tcgcsv.com/L7t,2013-05-09T12:13:41.653,1,ORCS-EN096,Rare,DARK,Synchro/Effect Monster,0,3000,"1 DARK Tuner + 1 or more non-Tuner Machine-Type monsters // Once per turn: You can target 1 ""Reactor"" monster or ""Flying Fortress SKY FIRE"" in your Graveyard; Special Summon that target, ignoring its Summoning conditions. If this card is destroyed and sent to the Graveyard: You can Special Summon 1 Level 5 or lower Machine-Type monster from your hand.",0.1,0.26,2.0,0.19,,1st Edition,Machine,
57787,Driven Daredevil,Driven Daredevil,https://tcgplayer-cdn.tcgplayer.com/product/57787_200w.jpg,2,257,https://cpt.tcgcsv.com/M7t,2013-05-09T12:13:41.653,1,ORCS-EN097,Secret Rare,EARTH,Synchro/Effect Monster,2400,2100,"1 Warrior-Type Tuner + 1 or more non-Tuner Warrior-Type monsters // This card cannot be destroye by battle when attack by a monster with higher ATK. After damage calculation, if this card was attacked by a monster with higher ATK: Destroy the opponent's monster it battled.",0.47,0.99,4.9,0.67,,Unlimited,Warrior,
57787,Driven Daredevil,Driven Daredevil,https://tcgplayer-cdn.tcgplayer.com/product/57787_200w.jpg,2,257,https://cpt.tcgcsv.com/M7t,2013-05-09T12:13:41.653,1,ORCS-EN097,Secret Rare,EARTH,Synchro/Effect Monster,2400,2100,"1 Warrior-Type Tuner + 1 or more non-Tuner Warrior-Type monsters // This card cannot be destroye by battle when attack by a monster with higher ATK. After damage calculation, if this card was attacked by a monster with higher ATK: Destroy the opponent's monster it battled.",0.45,1.08,2.0,0.91,,1st Edition,Warrior,
57788,Wind-Up Arsenal Zenmaioh,Wind Up Arsenal Zenmaioh,https://tcgplayer-cdn.tcgplayer.com/product/57788_200w.jpg,2,257,https://cpt.tcgcsv.com/N7t,2013-05-09T12:13:41.653,1,ORCS-EN098,Secret Rare,WIND,Xyz/Effect Monster,2600,1900,2 Level 5 monsters // Once per turn: You can detach 1 Xyz Material from this card to target 2 Set cards on the field; destroy them.,8.99,11.25,24.99,10.3,,Unlimited,Machine,
57788,Wind-Up Arsenal Zenmaioh,Wind Up Arsenal Zenmaioh,https://tcgplayer-cdn.tcgplayer.com/product/57788_200w.jpg,2,257,https://cpt.tcgcsv.com/N7t,2013-05-09T12:13:41.653,1,ORCS-EN098,Secret Rare,WIND,Xyz/Effect Monster,2600,1900,2 Level 5 monsters // Once per turn: You can detach 1 Xyz Material from this card to target 2 Set cards on the field; destroy them.,11.35,13.34,49.99,18.53,,1st Edition,Machine,
57789,M-X-Saber Invoker,M X Saber Invoker,https://tcgplayer-cdn.tcgplayer.com/product/57789_200w.jpg,2,257,https://cpt.tcgcsv.com/P7t,2013-05-09T12:13:41.653,1,ORCS-EN099,Secret Rare,EARTH,Xyz/Effect Monster,1600,500,"2 Level 3 monsters // Once per turn: You can detach 1 Xyz Material from this card, Special Summon 1 Level 4 EARTH Warrior or Beast-Warrior-Type monster from your Deck, in face-up Defense Position. Destroy it during the End Phase.",3.0,6.13,34.99,3.98,,Unlimited,Warior,
57789,M-X-Saber Invoker,M X Saber Invoker,https://tcgplayer-cdn.tcgplayer.com/product/57789_200w.jpg,2,257,https://cpt.tcgcsv.com/P7t,2013-05-09T12:13:41.653,1,ORCS-EN099,Secret Rare,EARTH,Xyz/Effect Monster,1600,500,"2 Level 3 monsters // Once per turn: You can detach 1 Xyz Material from this card, Special Summon 1 Level 4 EARTH Warrior or Beast-Warrior-Type monster from your Deck, in face-up Defense Position. Destroy it during the End Phase.",4.01,8.0,999.0,7.92,,1st Edition,Warior,
57790,Number C39: Utopia Ray (Ghost Rare),Number C39 Utopia Ray Ghost Rare,https://tcgplayer-cdn.tcgplayer.com/product/57790_200w.jpg,2,257,https://cpt.tcgcsv.com/Q7t,2022-05-10T13:21:52.28,1,ORCS-EN040,Ghost Rare,LIGHT,Xyz/Effect Monster,2500,2000,"3 Level 4 LIGHT monsters // You can also Xyz Summon this card by using a ""Number 39: Utopia"" you control as the Xyz Material. (Xyz Materials attached to that monster als become Xyz Materials on this card.) You can detach 1 Xyz Material from this card; it gains 500 ATK and 1 monster your opponent controls loses 1000 ATK, until the End Phase. You must have 1000 Life Points or less to activate and to resolve this effect.",13.99,20.96,39.99,18.87,,Unlimited,Warior,
57790,Number C39: Utopia Ray (Ghost Rare),Number C39 Utopia Ray Ghost Rare,https://tcgplayer-cdn.tcgplayer.com/product/57790_200w.jpg,2,257,https://cpt.tcgcsv.com/Q7t,2022-05-10T13:21:52.28,1,ORCS-EN040,Ghost Rare,LIGHT,Xyz/Effect Monster,2500,2000,"3 Level 4 LIGHT monsters // You can also Xyz Summon this card by using a ""Number 39: Utopia"" you control as the Xyz Material. (Xyz Materials attached to that monster als become Xyz Materials on this card.) You can detach 1 Xyz Material from this card; it gains 500 ATK and 1 monster your opponent controls loses 1000 ATK, until the End Phase. You must have 1000 Life Points or less to activate and to resolve this effect.",17.53,19.48,149.95,25.32,17.98,1st Edition,Warior,
57897,Order of Chaos - Booster Box [1st Edition],Order of Chaos Booster Box 1st Edition,https://tcgplayer-cdn.tcgplayer.com/product/57897_200w.jpg,2,257,https://cpt.tcgcsv.com/Z9t,2020-06-01T20:03:27.257,1,,,,,,,Sealed booster box of 24 - 9 card booster packs.,240.0,259.99,298.44,,,Normal,,083717888840
58374,Inzektor Giga-Mantis (UTR),Inzektor Giga Mantis UTR,https://tcgplayer-cdn.tcgplayer.com/product/58374_200w.jpg,2,257,https://cpt.tcgcsv.com/vmt,2021-11-26T14:05:14.403,1,ORCS-EN021,Ultimate Rare,DARK,Effect Monster,2400,0,"You can target 1 face-up ""Inzektor"" monster you control; equip this card from your hand to that target. While this card is equipped to a monster, that monster's original ATK becomes 2400. If this card is sent to the Graveyard while equipped to a monster: You can target 1 ""Inzektor"" monster in your Graveyard except ""Inzektor Giga-Mantis""; Special Summon that target. This effect of ""Inzektor Giga-Mantis"" can only be used once per turn.",2.49,4.63,30.99,3.05,,Unlimited,Insect,
58374,Inzektor Giga-Mantis (UTR),Inzektor Giga Mantis UTR,https://tcgplayer-cdn.tcgplayer.com/product/58374_200w.jpg,2,257,https://cpt.tcgcsv.com/vmt,2021-11-26T14:05:14.403,1,ORCS-EN021,Ultimate Rare,DARK,Effect Monster,2400,0,"You can target 1 face-up ""Inzektor"" monster you control; equip this card from your hand to that target. While this card is equipped to a monster, that monster's original ATK becomes 2400. If this card is sent to the Graveyard while equipped to a monster: You can target 1 ""Inzektor"" monster in your Graveyard except ""Inzektor Giga-Mantis""; Special Summon that target. This effect of ""Inzektor Giga-Mantis"" can only be used once per turn.",6.02,8.0,39.99,8.82,,1st Edition,Insect,
58375,Ninja Grandmaster Hanzo (UTR),Ninja Grandmaster Hanzo UTR,https://tcgplayer-cdn.tcgplayer.com/product/58375_200w.jpg,2,257,https://cpt.tcgcsv.com/wmt,2015-11-23T20:54:40.397,1,ORCS-EN029,Ultimate Rare,DARK,Effect Monster,1800,1000,"When this card is Normal Summoned: You can add 1 ""Ninjitsu Art"" card from your Deck to your hand. When this card is Flip or Special Summoned: You can add 1 ""Ninja"" monster from your Deck to your hand, except ""Ninja Grandmaster Hanzo"".",9.85,13.28,34.94,10.16,,Unlimited,Warrior,
58375,Ninja Grandmaster Hanzo (UTR),Ninja Grandmaster Hanzo UTR,https://tcgplayer-cdn.tcgplayer.com/product/58375_200w.jpg,2,257,https://cpt.tcgcsv.com/wmt,2015-11-23T20:54:40.397,1,ORCS-EN029,Ultimate Rare,DARK,Effect Monster,1800,1000,"When this card is Normal Summoned: You can add 1 ""Ninjitsu Art"" card from your Deck to your hand. When this card is Flip or Special Summoned: You can add 1 ""Ninja"" monster from your Deck to your hand, except ""Ninja Grandmaster Hanzo"".",15.95,20.13,89.98,23.27,,1st Edition,Warrior,
58376,Twin Photon Lizard (UTR),Twin Photon Lizard UTR,https://tcgplayer-cdn.tcgplayer.com/product/58376_200w.jpg,2,257,https://cpt.tcgcsv.com/xmt,2015-11-23T20:57:14.947,1,ORCS-EN039,Ultimate Rare,LIGHT,Fusion/Effect Monster,2400,1000,"2 ""Photon"" monsters
<br>You can Tribute this face-up card on the field; Special Summon, from your Graveyard, both of the Fusion Material Monsters used for the Fusion of this card.",0.97,1.99,6.2,1.46,,Unlimited,Dragon,
58376,Twin Photon Lizard (UTR),Twin Photon Lizard UTR,https://tcgplayer-cdn.tcgplayer.com/product/58376_200w.jpg,2,257,https://cpt.tcgcsv.com/xmt,2015-11-23T20:57:14.947,1,ORCS-EN039,Ultimate Rare,LIGHT,Fusion/Effect Monster,2400,1000,"2 ""Photon"" monsters
<br>You can Tribute this face-up card on the field; Special Summon, from your Graveyard, both of the Fusion Material Monsters used for the Fusion of this card.",1.41,3.0,16.84,2.95,,1st Edition,Dragon,
58377,Number C39: Utopia Ray (UTR),Number C39 Utopia Ray UTR,https://tcgplayer-cdn.tcgplayer.com/product/58377_200w.jpg,2,257,https://cpt.tcgcsv.com/zmt,2015-11-23T20:56:50.057,1,ORCS-EN040,Ultimate Rare,LIGHT,Xyz/Effect Monster,2500,2000,"3 Level 4 LIGHT monsters 
<br>You can also Xyz Summon this card by using a ""Number 39: Utopia"" you control as the Xyz Material. (Xyz Materials attached to that monster als become Xyz Materials on this card.) You can detach 1 Xyz Material from this card; it gains 500 ATK and 1 monster your opponent controls loses 1000 ATK, until the End Phase. You must have 1000 Life Points or less to activate and to resolve this effect.",5.13,6.0,9.97,6.53,,Unlimited,Warior,
58377,Number C39: Utopia Ray (UTR),Number C39 Utopia Ray UTR,https://tcgplayer-cdn.tcgplayer.com/product/58377_200w.jpg,2,257,https://cpt.tcgcsv.com/zmt,2015-11-23T20:56:50.057,1,ORCS-EN040,Ultimate Rare,LIGHT,Xyz/Effect Monster,2500,2000,"3 Level 4 LIGHT monsters 
<br>You can also Xyz Summon this card by using a ""Number 39: Utopia"" you control as the Xyz Material. (Xyz Materials attached to that monster als become Xyz Materials on this card.) You can detach 1 Xyz Material from this card; it gains 500 ATK and 1 monster your opponent controls loses 1000 ATK, until the End Phase. You must have 1000 Life Points or less to activate and to resolve this effect.",10.99,15.0,40.0,12.16,,1st Edition,Warior,
58378,Number 12: Crimson Shadow Armor Ninja (UTR),Number 12 Crimson Shadow Armor Ninja UTR,https://tcgplayer-cdn.tcgplayer.com/product/58378_200w.jpg,2,257,https://cpt.tcgcsv.com/Bmt,2015-11-23T20:55:36.98,1,ORCS-EN042,Ultimate Rare,EARTH,Xyz/Effect Monster,2400,1700,"2 Level 5 monsters // Once per turn, during either player's turn: You can detach 1 Xyz Material from this card; this turn, face-up ""Ninja"" monster you control cannot be destroyed by battle or by card effects.",5.69,10.91,19.47,6.54,,Unlimited,Warior,
58378,Number 12: Crimson Shadow Armor Ninja (UTR),Number 12 Crimson Shadow Armor Ninja UTR,https://tcgplayer-cdn.tcgplayer.com/product/58378_200w.jpg,2,257,https://cpt.tcgcsv.com/Bmt,2015-11-23T20:55:36.98,1,ORCS-EN042,Ultimate Rare,EARTH,Xyz/Effect Monster,2400,1700,"2 Level 5 monsters // Once per turn, during either player's turn: You can detach 1 Xyz Material from this card; this turn, face-up ""Ninja"" monster you control cannot be destroyed by battle or by card effects.",8.47,12.05,20.0,13.93,,1st Edition,Warior,
58379,Number 96: Dark Mist (UTR),Number 96 Dark Mist UTR,https://tcgplayer-cdn.tcgplayer.com/product/58379_200w.jpg,2,257,https://cpt.tcgcsv.com/Cmt,2015-11-23T20:56:20.08,1,ORCS-EN043,Ultimate Rare,DARK,Xyz/Effect Monster,100,1000,"3 Level 2 monsters
<br>Once per battle, during either player's turn, when an attack is declared involving this card and an opponent's monster: You can detach 1 Xyz Material from this card, halve the ATK of the opponent's monster, and this card gains that same amount of ATK.",5.79,9.3,30.0,6.37,,Unlimited,Fiend,
58379,Number 96: Dark Mist (UTR),Number 96 Dark Mist UTR,https://tcgplayer-cdn.tcgplayer.com/product/58379_200w.jpg,2,257,https://cpt.tcgcsv.com/Cmt,2015-11-23T20:56:20.08,1,ORCS-EN043,Ultimate Rare,DARK,Xyz/Effect Monster,100,1000,"3 Level 2 monsters
<br>Once per battle, during either player's turn, when an attack is declared involving this card and an opponent's monster: You can detach 1 Xyz Material from this card, halve the ATK of the opponent's monster, and this card gains that same amount of ATK.",9.51,23.49,23.95,17.75,,1st Edition,Fiend,
58380,Wind-Up Carrier Zenmaity (UTR),Wind Up Carrier Zenmaity UTR,https://tcgplayer-cdn.tcgplayer.com/product/58380_200w.jpg,2,257,https://cpt.tcgcsv.com/Dmt,2015-10-22T13:53:05.667,1,ORCS-EN044,Ultimate Rare,WATER,Xyz/Effect Monster,1500,1500,"2 Level 3 monsters // Once per turn: You can detach 1 Xyz Material from this card; Special Summon 1 ""Wind-Up"" monster from your hand or Deck. When a face-up ""Wind-Up"" monster on the field is destroyed and sent to the Graveyard (except during the Damage Step): You can detach 1 Xyz Material from this card to target that monster; return that target to the hand.",6.48,12.25,49.99,9.42,,Unlimited,Machine,
58380,Wind-Up Carrier Zenmaity (UTR),Wind Up Carrier Zenmaity UTR,https://tcgplayer-cdn.tcgplayer.com/product/58380_200w.jpg,2,257,https://cpt.tcgcsv.com/Dmt,2015-10-22T13:53:05.667,1,ORCS-EN044,Ultimate Rare,WATER,Xyz/Effect Monster,1500,1500,"2 Level 3 monsters // Once per turn: You can detach 1 Xyz Material from this card; Special Summon 1 ""Wind-Up"" monster from your hand or Deck. When a face-up ""Wind-Up"" monster on the field is destroyed and sent to the Graveyard (except during the Damage Step): You can detach 1 Xyz Material from this card to target that monster; return that target to the hand.",13.49,20.99,99.99,20.21,,1st Edition,Machine,
58381,Evolzar Solda (UTR),Evolzar Solda UTR,https://tcgplayer-cdn.tcgplayer.com/product/58381_200w.jpg,2,257,https://cpt.tcgcsv.com/Fmt,2015-11-23T20:53:40.97,1,ORCS-EN045,Ultimate Rare,FIRE,Xyz/Effect Monster,2600,1000,2 Level 6 Dinosaur-Type monsters // This card cannot be destroyed by card effect while it has Xyz Material. When your opponent Special Summons a monster(s): You can detach 1 Xyz Material from this card; destroy that monster(s).,2.5,3.98,22.0,3.2,,Unlimited,Dragon,
58381,Evolzar Solda (UTR),Evolzar Solda UTR,https://tcgplayer-cdn.tcgplayer.com/product/58381_200w.jpg,2,257,https://cpt.tcgcsv.com/Fmt,2015-11-23T20:53:40.97,1,ORCS-EN045,Ultimate Rare,FIRE,Xyz/Effect Monster,2600,1000,2 Level 6 Dinosaur-Type monsters // This card cannot be destroyed by card effect while it has Xyz Material. When your opponent Special Summons a monster(s): You can detach 1 Xyz Material from this card; destroy that monster(s).,2.98,11.99,75.0,5.44,,1st Edition,Dragon,
58382,Inzektor Sword - Zektkaliber (UTR),Inzektor Sword Zektkaliber UTR,https://tcgplayer-cdn.tcgplayer.com/product/58382_200w.jpg,2,257,https://cpt.tcgcsv.com/Gmt,2015-11-23T20:54:18.673,1,ORCS-EN054,Ultimate Rare,SPELL,Normal Spell,0,0,"Equip only to an ""Inzektor"" monster. It gains 800 ATK and DEF. When this face-up card on the field is sent to the Graveyard: Target 1 ""Inzektor"" monster in your Graveyard; add that target to your hand.",6.32,9.36,24.99,8.25,,Unlimited,,
58382,Inzektor Sword - Zektkaliber (UTR),Inzektor Sword Zektkaliber UTR,https://tcgplayer-cdn.tcgplayer.com/product/58382_200w.jpg,2,257,https://cpt.tcgcsv.com/Gmt,2015-11-23T20:54:18.673,1,ORCS-EN054,Ultimate Rare,SPELL,Normal Spell,0,0,"Equip only to an ""Inzektor"" monster. It gains 800 ATK and DEF. When this face-up card on the field is sent to the Graveyard: Target 1 ""Inzektor"" monster in your Graveyard; add that target to your hand.",8.89,16.69,32.99,16.69,,1st Edition,,
58383,Xyz Reflect (UTR),Xyz Reflect UTR,https://tcgplayer-cdn.tcgplayer.com/product/58383_200w.jpg,2,257,https://cpt.tcgcsv.com/Hmt,2015-11-23T20:57:41.713,1,ORCS-EN066,Ultimate Rare,TRAP,Normal Trap,,,"When a Spell Card, Trap Card, or Effect Monster's effect is activated that targets a face-up Xyz Monster(s) on the field: Negate the activation and destroy it, then inflict 800 damage to your opponent.",0.98,1.99,5.0,1.74,,Unlimited,,
58383,Xyz Reflect (UTR),Xyz Reflect UTR,https://tcgplayer-cdn.tcgplayer.com/product/58383_200w.jpg,2,257,https://cpt.tcgcsv.com/Hmt,2015-11-23T20:57:41.713,1,ORCS-EN066,Ultimate Rare,TRAP,Normal Trap,,,"When a Spell Card, Trap Card, or Effect Monster's effect is activated that targets a face-up Xyz Monster(s) on the field: Negate the activation and destroy it, then inflict 800 damage to your opponent.",1.45,2.92,9.94,2.69,,1st Edition,,
60106,Effect Veiler,Effect Veiler,https://tcgplayer-cdn.tcgplayer.com/product/60106_200w.jpg,2,257,https://cpt.tcgcsv.com/83v,2022-01-21T21:02:11.54,1,ORCS-ENSE1,Super Rare,LIGHT,Tuner/Effect Monster,0,0,During your opponent's Main Phase: You can send this card from your hand to the Graveyard to target 1 face-up Effect monster your opponent controls; negate that target's effects until the End Phase.,1.44,2.51,8.99,2.42,,Limited,Spellcaster,
60107,The Winged Dragon of Ra,The Winged Dragon of Ra,https://tcgplayer-cdn.tcgplayer.com/product/60107_200w.jpg,2,257,https://cpt.tcgcsv.com/93v,2022-01-21T21:02:17.28,1,ORCS-ENSE2,Super Rare,DIVINE,Effect Monster,0,0,"Cannot be Special Summoned. You must Tribute 3 monsters to Normal Summon this card (you cannot Set this card). The Normal Summon of this card cannot be negated. When this card is Normal Summoned, Spells, Traps, and the effects of other cards cannot be activated. When this card is Normal Summoned: You can pay Life Points so that you only have 100 left; this card gains ATK and DEF equal to the amount of Life Points paid. You can pay 1000 Life Points to target 1 monster on the field; destroy that target.",0.5,1.1,9.0,1.04,,Limited,Divine-Beast,
77836,Inzektor Axe - Zektahawk (ORCS-ENSP1),Inzektor Axe Zektahawk ORCS ENSP1,https://tcgplayer-cdn.tcgplayer.com/product/77836_200w.jpg,2,257,https://cpt.tcgcsv.com/L8F,2022-08-31T14:26:03.357,1,ORCS-ENSP1,Ultra Rare,SPELL,Normal Spell,,,"Equip only to an ""Inzektor"" monster. It gains 1000 ATK. When the equipped monster declares an attack, your opponent cannot activate Spell/Trap Cards.",0.1,0.5,4.49,0.25,,Limited,,
215267,Order of Chaos - Booster Box [Unlimited Edition],Order of Chaos Booster Box Unlimited Edition,https://tcgplayer-cdn.tcgplayer.com/product/215267_200w.jpg,2,257,https://cpt.tcgcsv.com/m7L2,2020-06-01T20:03:59.167,1,,,,,,,Sealed booster box of 24 - 9 card booster packs.,199.9,199.9,199.9,,,Normal,,
215268,Order of Chaos - Booster Pack [1st Edition],Order of Chaos Booster Pack 1st Edition,https://tcgplayer-cdn.tcgplayer.com/product/215268_200w.jpg,2,257,https://cpt.tcgcsv.com/n7L2,2023-06-16T19:48:54.243,1,,,,,,,There are 9 cards per pack.,9.0,9.61,10.0,,,Normal,,
215269,Order of Chaos - Booster Pack [Unlimited Edition],Order of Chaos Booster Pack Unlimited Edition,https://tcgplayer-cdn.tcgplayer.com/product/215269_200w.jpg,2,257,https://cpt.tcgcsv.com/p7L2,2023-06-20T15:50:32.227,1,,,,,,,There are 9 cards per pack.,4.99,5.0,5.0,,,Normal,,
