productId,name,cleanName,imageUrl,categoryId,groupId,url,modifiedOn,imageCount,lowPrice,midPrice,highPrice,marketPrice,directLowPrice,subTypeName,extNumber,extRarity,extAttribute,extMonsterType,extCardType,extAttack,extDefense,extDescription
71187,Shadow Specters Booster Pack [1st Edition],Shadow Specters Booster Pack 1st Edition,https://tcgplayer-cdn.tcgplayer.com/product/71187_200w.jpg,2,1156,https://cpt.tcgcsv.com/MtB,2019-01-29T13:57:39.007,1,3.81,5.36,10.0,4.42,,Normal,,,,,,,,
71188,Shadow Specters [1st Edition] - Booster Box,Shadow Specters 1st Edition Booster Box,https://tcgplayer-cdn.tcgplayer.com/product/71188_200w.jpg,2,1156,https://cpt.tcgcsv.com/NtB,2019-01-16T19:18:52.95,1,135.24,155.6,348.97,146.23,,Normal,,,,,,,,
72355,Ghostrick Ghoul,Ghostrick Ghoul,https://tcgplayer-cdn.tcgplayer.com/product/72355_200w.jpg,2,1156,https://cpt.tcgcsv.com/7ZB,2013-11-08T15:27:35.25,1,0.98,1.24,2.99,1.26,,Unlimited,SHSP-EN000,Super Rare,DARK,Zombie,Effect Monster,1100,1200,"Cannot be Normal Summoned, unless you control a ""Ghostrick"" monster. Once per turn: You can change this card to face-down Defense Position. Once per turn, during your Main Phase 1: You can target 1 ""Ghostrick"" monster you control; its ATK becomes equal to the combined original ATK of all ""Ghostrick"" monsters currently on the field, until your opponent's next End Phase, but if it does, only that monster can attack this turn."
72355,Ghostrick Ghoul,Ghostrick Ghoul,https://tcgplayer-cdn.tcgplayer.com/product/72355_200w.jpg,2,1156,https://cpt.tcgcsv.com/7ZB,2013-11-08T15:27:35.25,1,1.13,1.47,2.5,1.39,,1st Edition,SHSP-EN000,Super Rare,DARK,Zombie,Effect Monster,1100,1200,"Cannot be Normal Summoned, unless you control a ""Ghostrick"" monster. Once per turn: You can change this card to face-down Defense Position. Once per turn, during your Main Phase 1: You can target 1 ""Ghostrick"" monster you control; its ATK becomes equal to the combined original ATK of all ""Ghostrick"" monsters currently on the field, until your opponent's next End Phase, but if it does, only that monster can attack this turn."
72356,Labradorite Dragon,Labradorite Dragon,https://tcgplayer-cdn.tcgplayer.com/product/72356_200w.jpg,2,1156,https://cpt.tcgcsv.com/8ZB,2013-11-03T17:34:42.203,1,1.34,3.5,9.99,3.89,,Unlimited,SHSP-EN001,Super Rare,DARK,Dragon,Tuner Monster,0,2400,
72356,Labradorite Dragon,Labradorite Dragon,https://tcgplayer-cdn.tcgplayer.com/product/72356_200w.jpg,2,1156,https://cpt.tcgcsv.com/8ZB,2013-11-03T17:34:42.203,1,3.99,5.19,9.35,5.19,,1st Edition,SHSP-EN001,Super Rare,DARK,Dragon,Tuner Monster,0,2400,
72357,Chow Chow Chan,Chow Chow Chan,https://tcgplayer-cdn.tcgplayer.com/product/72357_200w.jpg,2,1156,https://cpt.tcgcsv.com/9ZB,2013-11-08T15:46:03.937,1,0.07,0.21,1.49,0.14,,Unlimited,SHSP-EN002,Common,EARTH,Beast,Effect Monster,800,800,"When your opponent activates a Normal Trap Card at an attack declaration involving an attacking monster you control and an opponent's monster: You can discard this card; negate the activation, and if you do, destroy it."
72357,Chow Chow Chan,Chow Chow Chan,https://tcgplayer-cdn.tcgplayer.com/product/72357_200w.jpg,2,1156,https://cpt.tcgcsv.com/9ZB,2013-11-08T15:46:03.937,1,0.04,0.2,1.35,0.13,,1st Edition,SHSP-EN002,Common,EARTH,Beast,Effect Monster,800,800,"When your opponent activates a Normal Trap Card at an attack declaration involving an attacking monster you control and an opponent's monster: You can discard this card; negate the activation, and if you do, destroy it."
72358,Malicevorous Spoon,Malicevorous Spoon,https://tcgplayer-cdn.tcgplayer.com/product/72358_200w.jpg,2,1156,https://cpt.tcgcsv.com/bZB,2013-11-08T15:31:43.07,1,0.03,0.21,1.34,0.11,,Unlimited,SHSP-EN003,Common,DARK,Fiend,Effect Monster,100,500,"When a ""Malicevorous"" monster, except ""Malicevorous Spoon"", is Normal or Special Summoned to your side of the field while you control this face-up card: You can target 1 Level 2 Fiend-Type monster in your Graveyard; Special Summon that target. Its effects are negated. You can only use the effect of ""Malicevorous Spoon"" once per turn."
72358,Malicevorous Spoon,Malicevorous Spoon,https://tcgplayer-cdn.tcgplayer.com/product/72358_200w.jpg,2,1156,https://cpt.tcgcsv.com/bZB,2013-11-08T15:31:43.07,1,0.04,0.21,1.49,0.12,,1st Edition,SHSP-EN003,Common,DARK,Fiend,Effect Monster,100,500,"When a ""Malicevorous"" monster, except ""Malicevorous Spoon"", is Normal or Special Summoned to your side of the field while you control this face-up card: You can target 1 Level 2 Fiend-Type monster in your Graveyard; Special Summon that target. Its effects are negated. You can only use the effect of ""Malicevorous Spoon"" once per turn."
72359,Malicevorous Fork,Malicevorous Fork,https://tcgplayer-cdn.tcgplayer.com/product/72359_200w.jpg,2,1156,https://cpt.tcgcsv.com/cZB,2013-11-06T15:06:33.887,1,0.03,0.22,1.49,0.14,,Unlimited,SHSP-EN004,Common,DARK,Fiend,Effect Monster,400,400,You can send 1 other Fiend-Type monster from your hand to the Graveyard; Special Summon this card from your hand.
72359,Malicevorous Fork,Malicevorous Fork,https://tcgplayer-cdn.tcgplayer.com/product/72359_200w.jpg,2,1156,https://cpt.tcgcsv.com/cZB,2013-11-06T15:06:33.887,1,0.05,0.21,1.49,0.12,,1st Edition,SHSP-EN004,Common,DARK,Fiend,Effect Monster,400,400,You can send 1 other Fiend-Type monster from your hand to the Graveyard; Special Summon this card from your hand.
72360,Malicevorous Knife,Malicevorous Knife,https://tcgplayer-cdn.tcgplayer.com/product/72360_200w.jpg,2,1156,https://cpt.tcgcsv.com/dZB,2013-11-06T15:06:37.7,1,0.01,0.2,1.49,0.08,,Unlimited,SHSP-EN005,Common,DARK,Fiend,Effect Monster,600,100,"When this card is Normal Summoned: You can target 1 ""Malicevorous"" monster in your Graveyard, except ""Malicevorous Knife""; Special Summon that target."
72360,Malicevorous Knife,Malicevorous Knife,https://tcgplayer-cdn.tcgplayer.com/product/72360_200w.jpg,2,1156,https://cpt.tcgcsv.com/dZB,2013-11-06T15:06:37.7,1,0.04,0.2,1.49,0.12,,1st Edition,SHSP-EN005,Common,DARK,Fiend,Effect Monster,600,100,"When this card is Normal Summoned: You can target 1 ""Malicevorous"" monster in your Graveyard, except ""Malicevorous Knife""; Special Summon that target."
72361,Battlin' Boxer Rib Gardna,Battlin Boxer Rib Gardna,https://tcgplayer-cdn.tcgplayer.com/product/72361_200w.jpg,2,1156,https://cpt.tcgcsv.com/fZB,2013-11-06T15:06:40.127,1,0.05,0.21,1.41,0.12,,Unlimited,SHSP-EN006,Common,FIRE,Warior,Effect Monster,100,1400,"During either player's turn: You can banish this card from your hand or Graveyard, then target 1 ""Battlin' Boxer"" monster you control; banish it until your next Standby Phase."
72361,Battlin' Boxer Rib Gardna,Battlin Boxer Rib Gardna,https://tcgplayer-cdn.tcgplayer.com/product/72361_200w.jpg,2,1156,https://cpt.tcgcsv.com/fZB,2013-11-06T15:06:40.127,1,0.05,0.22,1.5,0.18,,1st Edition,SHSP-EN006,Common,FIRE,Warior,Effect Monster,100,1400,"During either player's turn: You can banish this card from your hand or Graveyard, then target 1 ""Battlin' Boxer"" monster you control; banish it until your next Standby Phase."
72362,Battlin' Boxer Rabbit Puncher,Battlin Boxer Rabbit Puncher,https://tcgplayer-cdn.tcgplayer.com/product/72362_200w.jpg,2,1156,https://cpt.tcgcsv.com/gZB,2013-11-06T15:06:42.94,1,0.03,0.2,1.34,0.1,,Unlimited,SHSP-EN007,Common,FIRE,Warior,Effect Monster,800,100,"At the start of the Damage Step, if this card attacks a Defense Position monster: Destroy that monster."
72362,Battlin' Boxer Rabbit Puncher,Battlin Boxer Rabbit Puncher,https://tcgplayer-cdn.tcgplayer.com/product/72362_200w.jpg,2,1156,https://cpt.tcgcsv.com/gZB,2013-11-06T15:06:42.94,1,0.03,0.2,1.7,0.11,,1st Edition,SHSP-EN007,Common,FIRE,Warior,Effect Monster,800,100,"At the start of the Damage Step, if this card attacks a Defense Position monster: Destroy that monster."
72363,Vivid Knight,Vivid Knight,https://tcgplayer-cdn.tcgplayer.com/product/72363_200w.jpg,2,1156,https://cpt.tcgcsv.com/hZB,2013-12-16T13:45:54.543,1,0.08,0.25,1.39,0.23,,Unlimited,SHSP-EN099,Rare,LIGHT,Beast-Warrior,Effect Monster,1700,800,"When exactly 1 LIGHT Beast-Warrior-Type monster you control is targeted for an attack or by an opponent's card effect: You can banish that target, then Special Summon this card from your hand. The banished monster returns to the field during your next Standby Phase."
72363,Vivid Knight,Vivid Knight,https://tcgplayer-cdn.tcgplayer.com/product/72363_200w.jpg,2,1156,https://cpt.tcgcsv.com/hZB,2013-12-16T13:45:54.543,1,0.03,0.26,1.49,0.26,,1st Edition,SHSP-EN099,Rare,LIGHT,Beast-Warrior,Effect Monster,1700,800,"When exactly 1 LIGHT Beast-Warrior-Type monster you control is targeted for an attack or by an opponent's card effect: You can banish that target, then Special Summon this card from your hand. The banished monster returns to the field during your next Standby Phase."
72364,Secret Sect Druid Wid,Secret Sect Druid Wid,https://tcgplayer-cdn.tcgplayer.com/product/72364_200w.jpg,2,1156,https://cpt.tcgcsv.com/jZB,2013-11-08T15:32:36.18,1,0.03,0.2,1.36,0.11,,Unlimited,SHSP-EN008,Common,DARK,Spellcaster,Effect Monster,0,1800,"If this card is sent from the field to the Graveyard: You can target 1 Continuous Spell Card in your Graveyard; Set that target, but it cannot be activated this turn. You can only use the effect of ""Wid the Duplicitous Druid"" once per turn."
72364,Secret Sect Druid Wid,Secret Sect Druid Wid,https://tcgplayer-cdn.tcgplayer.com/product/72364_200w.jpg,2,1156,https://cpt.tcgcsv.com/jZB,2013-11-08T15:32:36.18,1,0.01,0.2,1.75,0.15,,1st Edition,SHSP-EN008,Common,DARK,Spellcaster,Effect Monster,0,1800,"If this card is sent from the field to the Graveyard: You can target 1 Continuous Spell Card in your Graveyard; Set that target, but it cannot be activated this turn. You can only use the effect of ""Wid the Duplicitous Druid"" once per turn."
72365,Secret Sect Druid Dru,Secret Sect Druid Dru,https://tcgplayer-cdn.tcgplayer.com/product/72365_200w.jpg,2,1156,https://cpt.tcgcsv.com/kZB,2013-11-06T15:07:04.903,1,0.03,0.24,1.36,0.25,,Unlimited,SHSP-EN009,Common,DARK,Spellcaster,Effect Monster,1800,0,"When this card is Normal Summoned: You can target 1 Level 4 DARK monster with either 0 ATK or DEF in your Graveyard, except ""Druise the Duplicitous Druid""; Special Summon that target in face-up Defense Position. Its effects are negated. You can only use the effect of ""Druise the Duplicitous Druid"" once per turn."
72365,Secret Sect Druid Dru,Secret Sect Druid Dru,https://tcgplayer-cdn.tcgplayer.com/product/72365_200w.jpg,2,1156,https://cpt.tcgcsv.com/kZB,2013-11-06T15:07:04.903,1,0.03,0.22,1.25,0.18,,1st Edition,SHSP-EN009,Common,DARK,Spellcaster,Effect Monster,1800,0,"When this card is Normal Summoned: You can target 1 Level 4 DARK monster with either 0 ATK or DEF in your Graveyard, except ""Druise the Duplicitous Druid""; Special Summon that target in face-up Defense Position. Its effects are negated. You can only use the effect of ""Druise the Duplicitous Druid"" once per turn."
72366,Mythic Tree Dragon,Mythic Tree Dragon,https://tcgplayer-cdn.tcgplayer.com/product/72366_200w.jpg,2,1156,https://cpt.tcgcsv.com/lZB,2013-11-03T17:35:41.11,1,0.13,0.25,1.49,0.18,,Unlimited,SHSP-EN010,Common,EARTH,Dragon,Effect Monster,100,1400,Once per turn: You can target 1 WATER Dragon-Type monster you control; this card's Level becomes the current Level of that monster.
72366,Mythic Tree Dragon,Mythic Tree Dragon,https://tcgplayer-cdn.tcgplayer.com/product/72366_200w.jpg,2,1156,https://cpt.tcgcsv.com/lZB,2013-11-03T17:35:41.11,1,0.05,0.25,2.95,0.22,,1st Edition,SHSP-EN010,Common,EARTH,Dragon,Effect Monster,100,1400,Once per turn: You can target 1 WATER Dragon-Type monster you control; this card's Level becomes the current Level of that monster.
72367,Mythic Water Dragon,Mythic Water Dragon,https://tcgplayer-cdn.tcgplayer.com/product/72367_200w.jpg,2,1156,https://cpt.tcgcsv.com/mZB,2013-11-03T17:36:00.55,1,0.2,0.47,1.51,0.45,,Unlimited,SHSP-EN011,Common,WATER,Dragon,Effect Monster,1000,2000,"If you control an EARTH monster, you can Special Summon this card (from your hand). You can only Special Summon ""Mythic Water Dragon"" once per turn this way."
72367,Mythic Water Dragon,Mythic Water Dragon,https://tcgplayer-cdn.tcgplayer.com/product/72367_200w.jpg,2,1156,https://cpt.tcgcsv.com/mZB,2013-11-03T17:36:00.55,1,0.23,0.42,2.95,0.35,,1st Edition,SHSP-EN011,Common,WATER,Dragon,Effect Monster,1000,2000,"If you control an EARTH monster, you can Special Summon this card (from your hand). You can only Special Summon ""Mythic Water Dragon"" once per turn this way."
72368,Oh Tokenbaum!,Oh Tokenbaum,https://tcgplayer-cdn.tcgplayer.com/product/72368_200w.jpg,2,1156,https://cpt.tcgcsv.com/nZB,2013-11-06T15:25:12.78,1,0.1,0.25,1.4,0.35,,Unlimited,SHSP-EN098,Rare,TRAP,,Normal Trap,0,0,"Tribute 2 or more Tokens with the same Level, then target any number of monsters in your Graveyard with the same Level as the Tributed Tokens, up to the number Tributed; Special Summon those targets. Their effects are negated, also they are destroyed during the End Phase."
72368,Oh Tokenbaum!,Oh Tokenbaum,https://tcgplayer-cdn.tcgplayer.com/product/72368_200w.jpg,2,1156,https://cpt.tcgcsv.com/nZB,2013-11-06T15:25:12.78,1,0.08,0.27,1.42,0.27,,1st Edition,SHSP-EN098,Rare,TRAP,,Normal Trap,0,0,"Tribute 2 or more Tokens with the same Level, then target any number of monsters in your Graveyard with the same Level as the Tributed Tokens, up to the number Tributed; Special Summon those targets. Their effects are negated, also they are destroyed during the End Phase."
72369,Armored Kappa,Armored Kappa,https://tcgplayer-cdn.tcgplayer.com/product/72369_200w.jpg,2,1156,https://cpt.tcgcsv.com/pZB,2013-11-03T17:49:32.307,1,1.35,1.59,5.0,1.65,,Unlimited,SHSP-EN097,Super Rare,WATER,Psychic,Xyz/Effect Monster,400,1000,"2 Level 2 monsters
Once per turn: You can detach 1 Xyz Material from this card; this card gains 1000 ATK or DEF. During the Battle Step, when a monster you control battles: You can discard 1 card; this turn, you take no battle damage, also monsters you control cannot be destroyed by battle. You can only use this effect once per Duel."
72369,Armored Kappa,Armored Kappa,https://tcgplayer-cdn.tcgplayer.com/product/72369_200w.jpg,2,1156,https://cpt.tcgcsv.com/pZB,2013-11-03T17:49:32.307,1,1.19,1.78,5.0,1.71,,1st Edition,SHSP-EN097,Super Rare,WATER,Psychic,Xyz/Effect Monster,400,1000,"2 Level 2 monsters
Once per turn: You can detach 1 Xyz Material from this card; this card gains 1000 ATK or DEF. During the Battle Step, when a monster you control battles: You can discard 1 card; this turn, you take no battle damage, also monsters you control cannot be destroyed by battle. You can only use this effect once per Duel."
72370,Armed Protector Dragon,Armed Protector Dragon,https://tcgplayer-cdn.tcgplayer.com/product/72370_200w.jpg,2,1156,https://cpt.tcgcsv.com/qZB,2013-11-06T14:19:29.41,1,0.01,0.21,1.41,0.15,,Unlimited,SHSP-EN012,Common,LIGHT,Dragon,Effect Monster,2000,2800,Face-up Equip Cards you control cannot be destroyed by card effects. This card gains 500 ATK for each Equip Card equipped to it.
72370,Armed Protector Dragon,Armed Protector Dragon,https://tcgplayer-cdn.tcgplayer.com/product/72370_200w.jpg,2,1156,https://cpt.tcgcsv.com/qZB,2013-11-06T14:19:29.41,1,0.03,0.22,1.49,0.11,,1st Edition,SHSP-EN012,Common,LIGHT,Dragon,Effect Monster,2000,2800,Face-up Equip Cards you control cannot be destroyed by card effects. This card gains 500 ATK for each Equip Card equipped to it.
72371,Black Dragon Collapserpent,Black Dragon Collapserpent,https://tcgplayer-cdn.tcgplayer.com/product/72371_200w.jpg,2,1156,https://cpt.tcgcsv.com/rZB,2013-11-06T15:25:15.2,1,0.1,0.3,1.49,0.15,,Unlimited,SHSP-EN096,Common,DARK,Dragon,Effect Monster,1800,1700,"Cannot be Normal Summoned/Set. Must be Special Summoned (from your hand) by banishing 1 LIGHT monster from your Graveyard, and cannot be Special Summoned by other ways. You can only Special Summon ""Black Dragon Collapserpent"" once per turn this way. If this card is sent from the field to the Graveyard: You can add 1 ""White Dragon Wyverburster"" from your Deck to your hand."
72371,Black Dragon Collapserpent,Black Dragon Collapserpent,https://tcgplayer-cdn.tcgplayer.com/product/72371_200w.jpg,2,1156,https://cpt.tcgcsv.com/rZB,2013-11-06T15:25:15.2,1,0.05,0.25,1.97,0.21,,1st Edition,SHSP-EN096,Common,DARK,Dragon,Effect Monster,1800,1700,"Cannot be Normal Summoned/Set. Must be Special Summoned (from your hand) by banishing 1 LIGHT monster from your Graveyard, and cannot be Special Summoned by other ways. You can only Special Summon ""Black Dragon Collapserpent"" once per turn this way. If this card is sent from the field to the Graveyard: You can add 1 ""White Dragon Wyverburster"" from your Deck to your hand."
72372,Secret Sanctuary of the Spellcasters,Secret Sanctuary of the Spellcasters,https://tcgplayer-cdn.tcgplayer.com/product/72372_200w.jpg,2,1156,https://cpt.tcgcsv.com/sZB,2013-11-03T17:49:21.83,1,0.15,0.5,1.54,0.43,,Unlimited,SHSP-EN095,Rare,SPELL,,Normal Spell,0,0,"When a monster, except a Spellcaster-Type monster, is Normal or Special Summoned to your opponent's side of the field while you control another Spell Card and your opponent controls no Spell Cards (except during the Damage Step): That monster cannot attack or activate its effects this turn. If you do not control a Spellcaster-Type monster, destroy this card."
72372,Secret Sanctuary of the Spellcasters,Secret Sanctuary of the Spellcasters,https://tcgplayer-cdn.tcgplayer.com/product/72372_200w.jpg,2,1156,https://cpt.tcgcsv.com/sZB,2013-11-03T17:49:21.83,1,0.19,0.56,2.5,0.47,,1st Edition,SHSP-EN095,Rare,SPELL,,Normal Spell,0,0,"When a monster, except a Spellcaster-Type monster, is Normal or Special Summoned to your opponent's side of the field while you control another Spell Card and your opponent controls no Spell Cards (except during the Damage Step): That monster cannot attack or activate its effects this turn. If you do not control a Spellcaster-Type monster, destroy this card."
72373,Soul Drain Dragon,Soul Drain Dragon,https://tcgplayer-cdn.tcgplayer.com/product/72373_200w.jpg,2,1156,https://cpt.tcgcsv.com/tZB,2018-07-13T13:19:50.847,1,0.02,0.2,1.49,0.05,,Unlimited,SHSP-EN013,Common,LIGHT,Dragon,Effect Monster,4000,0,"Cannot be Normal Summoned/Set. Must be Special Summoned by your Dragon-Type Xyz Monster's effect, and cannot be Special Summoned by other ways. When this card is Special Summoned while your Life Points are lower than your opponent's: This card gains ATK equal to the difference, but your opponent takes no battle damage this turn. This card cannot attack your opponent directly."
72373,Soul Drain Dragon,Soul Drain Dragon,https://tcgplayer-cdn.tcgplayer.com/product/72373_200w.jpg,2,1156,https://cpt.tcgcsv.com/tZB,2018-07-13T13:19:50.847,1,0.03,0.25,1.49,0.18,,1st Edition,SHSP-EN013,Common,LIGHT,Dragon,Effect Monster,4000,0,"Cannot be Normal Summoned/Set. Must be Special Summoned by your Dragon-Type Xyz Monster's effect, and cannot be Special Summoned by other ways. When this card is Special Summoned while your Life Points are lower than your opponent's: This card gains ATK equal to the difference, but your opponent takes no battle damage this turn. This card cannot attack your opponent directly."
72374,Kidmodo Dragon,Kidmodo Dragon,https://tcgplayer-cdn.tcgplayer.com/product/72374_200w.jpg,2,1156,https://cpt.tcgcsv.com/vZB,2013-11-08T15:26:15.17,1,0.5,0.99,4.99,0.58,,Unlimited,SHSP-EN094,Super Rare,EARTH,Dragon,Effect Monster,100,200,"f this card is sent to the Graveyard: You can Special Summon 1 Dragon-Type monster from your hand. You cannot Special Summon monsters, except Dragon-Type monsters, nor conduct your Battle Phase, the turn you activate this effect. You can only use the effect of ""Kidmodo Dragon"" once per turn."
72374,Kidmodo Dragon,Kidmodo Dragon,https://tcgplayer-cdn.tcgplayer.com/product/72374_200w.jpg,2,1156,https://cpt.tcgcsv.com/vZB,2013-11-08T15:26:15.17,1,0.6,1.29,67.0,0.89,,1st Edition,SHSP-EN094,Super Rare,EARTH,Dragon,Effect Monster,100,200,"f this card is sent to the Graveyard: You can Special Summon 1 Dragon-Type monster from your hand. You cannot Special Summon monsters, except Dragon-Type monsters, nor conduct your Battle Phase, the turn you activate this effect. You can only use the effect of ""Kidmodo Dragon"" once per turn."
72375,Baby Raccoon Ponpoko,Baby Raccoon Ponpoko,https://tcgplayer-cdn.tcgplayer.com/product/72375_200w.jpg,2,1156,https://cpt.tcgcsv.com/wZB,2013-11-06T15:08:35.33,1,0.08,0.25,1.99,0.15,,Unlimited,SHSP-EN014,Common,LIGHT,Beast,Effect Monster,800,0,"When this card is Normal Summoned: You can Special Summon 1 Level 2 Beast-Type monster from your Deck, except ""Tanukit Ponpoko"", in face-down Defense Position. You cannot Special Summon any monsters during the turn you activate this effect, except Beast-Type monsters."
72375,Baby Raccoon Ponpoko,Baby Raccoon Ponpoko,https://tcgplayer-cdn.tcgplayer.com/product/72375_200w.jpg,2,1156,https://cpt.tcgcsv.com/wZB,2013-11-06T15:08:35.33,1,0.07,0.25,1.49,0.16,,1st Edition,SHSP-EN014,Common,LIGHT,Beast,Effect Monster,800,0,"When this card is Normal Summoned: You can Special Summon 1 Level 2 Beast-Type monster from your Deck, except ""Tanukit Ponpoko"", in face-down Defense Position. You cannot Special Summon any monsters during the turn you activate this effect, except Beast-Type monsters."
72376,White Dragon Wyverburster,White Dragon Wyverburster,https://tcgplayer-cdn.tcgplayer.com/product/72376_200w.jpg,2,1156,https://cpt.tcgcsv.com/xZB,2022-09-15T19:55:21.913,1,0.05,0.26,1.49,0.08,,Unlimited,SHSP-EN093,Common,LIGHT,Dragon,Effect Monster,1700,1800,"Cannot be Normal Summoned/Set. Must be Special Summoned (from your hand) by banishing 1 DARK monster from your Graveyard, and cannot be Special Summoned by other ways. You can only Special Summon ""White Dragon Wyverburster"" once per turn this way. If this card is sent from the field to the Graveyard: You can add 1 ""Black Dragon Collapserpent"" from your Deck to your hand."
72376,White Dragon Wyverburster,White Dragon Wyverburster,https://tcgplayer-cdn.tcgplayer.com/product/72376_200w.jpg,2,1156,https://cpt.tcgcsv.com/xZB,2022-09-15T19:55:21.913,1,0.03,0.25,1.99,0.18,,1st Edition,SHSP-EN093,Common,LIGHT,Dragon,Effect Monster,1700,1800,"Cannot be Normal Summoned/Set. Must be Special Summoned (from your hand) by banishing 1 DARK monster from your Graveyard, and cannot be Special Summoned by other ways. You can only Special Summon ""White Dragon Wyverburster"" once per turn this way. If this card is sent from the field to the Graveyard: You can add 1 ""Black Dragon Collapserpent"" from your Deck to your hand."
72377,Baby Raccoon Tantan,Baby Raccoon Tantan,https://tcgplayer-cdn.tcgplayer.com/product/72377_200w.jpg,2,1156,https://cpt.tcgcsv.com/zZB,2021-12-13T13:56:04.1,1,0.05,0.25,1.99,0.15,,Unlimited,SHSP-EN015,Common,EARTH,Beast,Flip/Effect Monster,0,800,"FLIP: Special Summon 1 Level 2 Beast-Type monster from your Deck, except ""Baby Raccoon Tantan""."
72377,Baby Raccoon Tantan,Baby Raccoon Tantan,https://tcgplayer-cdn.tcgplayer.com/product/72377_200w.jpg,2,1156,https://cpt.tcgcsv.com/zZB,2021-12-13T13:56:04.1,1,0.05,0.24,1.7,0.22,,1st Edition,SHSP-EN015,Common,EARTH,Beast,Flip/Effect Monster,0,800,"FLIP: Special Summon 1 Level 2 Beast-Type monster from your Deck, except ""Baby Raccoon Tantan""."
72378,Ghostrick Lantern,Ghostrick Lantern,https://tcgplayer-cdn.tcgplayer.com/product/72378_200w.jpg,2,1156,https://cpt.tcgcsv.com/BZB,2013-11-03T17:37:04.087,1,0.34,0.69,14.16,0.55,,Unlimited,SHSP-EN016,Super Rare,DARK,Fiend,Effect Monster,800,0,"Cannot be Normal Summoned, unless you control a ""Ghostrick"" monster. Once per turn: You can change this card to face-down Defense Position. When an opponent's monster declares a direct attack, or when a ""Ghostrick"" monster you control is targeted for an attack: You can negate the attack, and if you do, Special Summon this card from your hand in face-down Defense Position."
72378,Ghostrick Lantern,Ghostrick Lantern,https://tcgplayer-cdn.tcgplayer.com/product/72378_200w.jpg,2,1156,https://cpt.tcgcsv.com/BZB,2013-11-03T17:37:04.087,1,0.4,1.0,24.99,0.54,,1st Edition,SHSP-EN016,Super Rare,DARK,Fiend,Effect Monster,800,0,"Cannot be Normal Summoned, unless you control a ""Ghostrick"" monster. Once per turn: You can change this card to face-down Defense Position. When an opponent's monster declares a direct attack, or when a ""Ghostrick"" monster you control is targeted for an attack: You can negate the attack, and if you do, Special Summon this card from your hand in face-down Defense Position."
72379,Ghostrick Specter,Ghostrick Specter,https://tcgplayer-cdn.tcgplayer.com/product/72379_200w.jpg,2,1156,https://cpt.tcgcsv.com/CZB,2013-11-06T15:09:49.187,1,0.05,0.24,1.39,0.14,,Unlimited,SHSP-EN017,Common,DARK,Fiend,Effect Monster,600,0,"Cannot be Normal Summoned, unless you control a ""Ghostrick"" monster. Once per turn: You can change this card to face-down Defense Position. When a ""Ghostrick"" monster is destroyed by an opponent's card effect, or by battle with their attacking monster, and sent to your Graveyard: You can Special Summon this card from your hand in face-down Defense Position, and if you do, draw 1 card."
72379,Ghostrick Specter,Ghostrick Specter,https://tcgplayer-cdn.tcgplayer.com/product/72379_200w.jpg,2,1156,https://cpt.tcgcsv.com/CZB,2013-11-06T15:09:49.187,1,0.1,0.25,1.93,0.19,,1st Edition,SHSP-EN017,Common,DARK,Fiend,Effect Monster,600,0,"Cannot be Normal Summoned, unless you control a ""Ghostrick"" monster. Once per turn: You can change this card to face-down Defense Position. When a ""Ghostrick"" monster is destroyed by an opponent's card effect, or by battle with their attacking monster, and sent to your Graveyard: You can Special Summon this card from your hand in face-down Defense Position, and if you do, draw 1 card."
72380,Dragard,Dragard,https://tcgplayer-cdn.tcgplayer.com/product/72380_200w.jpg,2,1156,https://cpt.tcgcsv.com/DZB,2013-11-08T15:26:53.87,1,0.1,0.57,1.98,0.34,,Unlimited,SHSP-EN092,Super Rare,DARK,Dragon,Effect Monster,1300,1900,"When this card is Normal Summoned: You can target 1 Normal Monster with 1000 or less ATK in your Graveyard; Special Summon that target in face-up Defense Position. Once per turn: You can Tribute 1 Dragon-Type monster, then target 1 face-up monster you control; until the End Phase, its Level becomes 8, and if it does, it gains 800 ATK."
72380,Dragard,Dragard,https://tcgplayer-cdn.tcgplayer.com/product/72380_200w.jpg,2,1156,https://cpt.tcgcsv.com/DZB,2013-11-08T15:26:53.87,1,0.24,0.5,2.0,0.46,,1st Edition,SHSP-EN092,Super Rare,DARK,Dragon,Effect Monster,1300,1900,"When this card is Normal Summoned: You can target 1 Normal Monster with 1000 or less ATK in your Graveyard; Special Summon that target in face-up Defense Position. Once per turn: You can Tribute 1 Dragon-Type monster, then target 1 face-up monster you control; until the End Phase, its Level becomes 8, and if it does, it gains 800 ATK."
72381,Ghostrick Witch,Ghostrick Witch,https://tcgplayer-cdn.tcgplayer.com/product/72381_200w.jpg,2,1156,https://cpt.tcgcsv.com/FZB,2013-11-06T15:09:46.86,1,0.18,0.49,1.23,0.39,,Unlimited,SHSP-EN018,Common,DARK,Spellcaster,Effect Monster,1200,200,"Cannot be Normal Summoned, unless you control a ""Ghostrick"" monster. Once per turn: You can change this card to face-down Defense Position. Once per turn: You can target 1 face-up monster your opponent controls; change it to face-down Defense Position."
72381,Ghostrick Witch,Ghostrick Witch,https://tcgplayer-cdn.tcgplayer.com/product/72381_200w.jpg,2,1156,https://cpt.tcgcsv.com/FZB,2013-11-06T15:09:46.86,1,0.15,0.42,1.56,0.4,,1st Edition,SHSP-EN018,Common,DARK,Spellcaster,Effect Monster,1200,200,"Cannot be Normal Summoned, unless you control a ""Ghostrick"" monster. Once per turn: You can change this card to face-down Defense Position. Once per turn: You can target 1 face-up monster your opponent controls; change it to face-down Defense Position."
72382,Ghostrick Yuki-onna,Ghostrick Yuki onna,https://tcgplayer-cdn.tcgplayer.com/product/72382_200w.jpg,2,1156,https://cpt.tcgcsv.com/GZB,2013-11-06T15:09:44.647,1,0.24,0.5,32.0,0.52,,Unlimited,SHSP-EN019,Common,DARK,Spellcaster,Effect Monster,1000,800,"Cannot be Normal Summoned, unless you control a ""Ghostrick"" monster. Once per turn: You can change this card to face-down Defense Position. When this card is destroyed by battle and sent to the Graveyard: You can change the monster that destroyed it to face-down Defense Position, and if you do, it cannot change its battle position."
72382,Ghostrick Yuki-onna,Ghostrick Yuki onna,https://tcgplayer-cdn.tcgplayer.com/product/72382_200w.jpg,2,1156,https://cpt.tcgcsv.com/GZB,2013-11-06T15:09:44.647,1,0.2,0.48,2.23,0.41,,1st Edition,SHSP-EN019,Common,DARK,Spellcaster,Effect Monster,1000,800,"Cannot be Normal Summoned, unless you control a ""Ghostrick"" monster. Once per turn: You can change this card to face-down Defense Position. When this card is destroyed by battle and sent to the Graveyard: You can change the monster that destroyed it to face-down Defense Position, and if you do, it cannot change its battle position."
72383,Mira the Star-Bearer,Mira the Star Bearer,https://tcgplayer-cdn.tcgplayer.com/product/72383_200w.jpg,2,1156,https://cpt.tcgcsv.com/HZB,2013-11-06T15:25:19.577,1,0.05,0.23,1.36,0.15,,Unlimited,SHSP-EN091,Common,LIGHT,Warior,Xyz/Effect Monster,1100,1000,"3 Level 1 monsters
If this face-up card would be destroyed, you can detach 1 Xyz Material from this card instead. While this card is face-up on the field, face-up Level 4 or lower monsters you control cannot be destroyed by card effects."
72383,Mira the Star-Bearer,Mira the Star Bearer,https://tcgplayer-cdn.tcgplayer.com/product/72383_200w.jpg,2,1156,https://cpt.tcgcsv.com/HZB,2013-11-06T15:25:19.577,1,0.05,0.25,1.49,0.23,,1st Edition,SHSP-EN091,Common,LIGHT,Warior,Xyz/Effect Monster,1100,1000,"3 Level 1 monsters
If this face-up card would be destroyed, you can detach 1 Xyz Material from this card instead. While this card is face-up on the field, face-up Level 4 or lower monsters you control cannot be destroyed by card effects."
72384,Ghostrick Jiangshi,Ghostrick Jiangshi,https://tcgplayer-cdn.tcgplayer.com/product/72384_200w.jpg,2,1156,https://cpt.tcgcsv.com/JZB,2013-11-06T15:09:41.92,1,0.08,0.25,1.39,0.15,,Unlimited,SHSP-EN020,Common,DARK,Zombie,Effect Monster,400,1800,"Cannot be Normal Summoned, unless you control a ""Ghostrick"" monster. Once per turn: You can change this card to face-down Defense Position. When this card is flipped face-up: You can add from your Deck to your hand, 1 ""Ghostrick"" monster whose Level is less than or equal to the number of ""Ghostrick"" monsters you control. You can only use this effect of ""Ghostrick Jiangshi"" once per turn."
72384,Ghostrick Jiangshi,Ghostrick Jiangshi,https://tcgplayer-cdn.tcgplayer.com/product/72384_200w.jpg,2,1156,https://cpt.tcgcsv.com/JZB,2013-11-06T15:09:41.92,1,0.08,0.24,5.0,0.17,,1st Edition,SHSP-EN020,Common,DARK,Zombie,Effect Monster,400,1800,"Cannot be Normal Summoned, unless you control a ""Ghostrick"" monster. Once per turn: You can change this card to face-down Defense Position. When this card is flipped face-up: You can add from your Deck to your hand, 1 ""Ghostrick"" monster whose Level is less than or equal to the number of ""Ghostrick"" monsters you control. You can only use this effect of ""Ghostrick Jiangshi"" once per turn."
72385,Ghostrick Stein,Ghostrick Stein,https://tcgplayer-cdn.tcgplayer.com/product/72385_200w.jpg,2,1156,https://cpt.tcgcsv.com/KZB,2013-11-08T15:30:18.673,1,0.09,0.22,1.41,0.17,,Unlimited,SHSP-EN021,Common,DARK,Zombie,Effect Monster,1600,0,"Cannot be Normal Summoned, unless you control a ""Ghostrick"" monster. Once per turn: You can change this card to face-down Defense Position. When this card inflicts battle damage to your opponent: You can add 1 ""Ghostrick"" Spell/Trap Card from your Deck to your hand. You can only use this effect of ""Ghostrick Stein"" once per turn."
72385,Ghostrick Stein,Ghostrick Stein,https://tcgplayer-cdn.tcgplayer.com/product/72385_200w.jpg,2,1156,https://cpt.tcgcsv.com/KZB,2013-11-08T15:30:18.673,1,0.1,0.25,1.49,0.24,,1st Edition,SHSP-EN021,Common,DARK,Zombie,Effect Monster,1600,0,"Cannot be Normal Summoned, unless you control a ""Ghostrick"" monster. Once per turn: You can change this card to face-down Defense Position. When this card inflicts battle damage to your opponent: You can add 1 ""Ghostrick"" Spell/Trap Card from your Deck to your hand. You can only use this effect of ""Ghostrick Stein"" once per turn."
72386,"Celestial Wolf Lord, Blue Sirius",Celestial Wolf Lord Blue Sirius,https://tcgplayer-cdn.tcgplayer.com/product/72386_200w.jpg,2,1156,https://cpt.tcgcsv.com/LZB,2013-11-06T14:27:38.443,1,0.5,0.79,2.98,0.79,,Unlimited,SHSP-EN090,Ultra Rare,DARK,Beast-Warrior,Synchro Monster,2400,1500,"1 Tuner + 1 or more non-Tuner monsters
When this card is destroyed and sent from the field to the Graveyard: You can target 1 face-up monster your opponent controls; that target loses 2400 ATK."
72386,"Celestial Wolf Lord, Blue Sirius",Celestial Wolf Lord Blue Sirius,https://tcgplayer-cdn.tcgplayer.com/product/72386_200w.jpg,2,1156,https://cpt.tcgcsv.com/LZB,2013-11-06T14:27:38.443,1,0.33,0.6,2.99,0.46,,1st Edition,SHSP-EN090,Ultra Rare,DARK,Beast-Warrior,Synchro Monster,2400,1500,"1 Tuner + 1 or more non-Tuner monsters
When this card is destroyed and sent from the field to the Graveyard: You can target 1 face-up monster your opponent controls; that target loses 2400 ATK."
72387,Bujin Mikazuchi,Bujin Mikazuchi,https://tcgplayer-cdn.tcgplayer.com/product/72387_200w.jpg,2,1156,https://cpt.tcgcsv.com/MZB,2013-11-06T15:09:39.777,1,1.0,2.91,5.46,2.78,,Unlimited,SHSP-EN022,Ultra Rare,DARK,Beast-Warrior,Effect Monster,1900,1500,"When a Beast-Warrior-Type ""Bujin"" monster you control is destroyed by battle or by card effect and sent to the Graveyard: You can Special Summon this card from your hand. Once per turn, during the End Phase, if a ""Bujin"" monster(s) was sent from your hand to your Graveyard this turn while you controlled this face-up card: You can add 1 ""Bujin"" Spell/Trap Card from your Deck to your hand. You can only control 1 ""Bujin Mikazuchi""."
72387,Bujin Mikazuchi,Bujin Mikazuchi,https://tcgplayer-cdn.tcgplayer.com/product/72387_200w.jpg,2,1156,https://cpt.tcgcsv.com/MZB,2013-11-06T15:09:39.777,1,2.16,2.6,10.0,2.69,,1st Edition,SHSP-EN022,Ultra Rare,DARK,Beast-Warrior,Effect Monster,1900,1500,"When a Beast-Warrior-Type ""Bujin"" monster you control is destroyed by battle or by card effect and sent to the Graveyard: You can Special Summon this card from your hand. Once per turn, during the End Phase, if a ""Bujin"" monster(s) was sent from your hand to your Graveyard this turn while you controlled this face-up card: You can add 1 ""Bujin"" Spell/Trap Card from your Deck to your hand. You can only control 1 ""Bujin Mikazuchi""."
72388,Sinister Yorishiro,Sinister Yorishiro,https://tcgplayer-cdn.tcgplayer.com/product/72388_200w.jpg,2,1156,https://cpt.tcgcsv.com/NZB,2013-11-08T15:24:09.09,1,0.2,0.7,2.98,0.47,,Unlimited,SHSP-EN089,Ultra Rare,TRAP,,Continuous Trap,0,0,"Each turn, 1 Level 5 or higher Fiend-Type monster you Normal Summon can be Summoned without Tributing. If exactly 1 Normal Summoned/Set Level 5 or higher Fiend-Type monster (and no other cards) would be destroyed, you can send this card to the Graveyard instead."
72388,Sinister Yorishiro,Sinister Yorishiro,https://tcgplayer-cdn.tcgplayer.com/product/72388_200w.jpg,2,1156,https://cpt.tcgcsv.com/NZB,2013-11-08T15:24:09.09,1,0.29,0.5,5.0,0.39,,1st Edition,SHSP-EN089,Ultra Rare,TRAP,,Continuous Trap,0,0,"Each turn, 1 Level 5 or higher Fiend-Type monster you Normal Summon can be Summoned without Tributing. If exactly 1 Normal Summoned/Set Level 5 or higher Fiend-Type monster (and no other cards) would be destroyed, you can send this card to the Graveyard instead."
72389,Bujingi Crow,Bujingi Crow,https://tcgplayer-cdn.tcgplayer.com/product/72389_200w.jpg,2,1156,https://cpt.tcgcsv.com/PZB,2013-11-08T15:33:19.683,1,0.01,0.25,1.36,0.17,,Unlimited,SHSP-EN023,Rare,LIGHT,Winged Beast,Effect Monster,1700,800,"When a Beast-Warrior-Type ""Bujin"" monster you control is targeted for an attack by an opponent's monster: You can send this card from your hand to the Graveyard; negate the attack, and if you do, inflict damage to your opponent equal to half the attacker's ATK. You can only use the effect of ""Bujingi Crow"" once per turn."
72389,Bujingi Crow,Bujingi Crow,https://tcgplayer-cdn.tcgplayer.com/product/72389_200w.jpg,2,1156,https://cpt.tcgcsv.com/PZB,2013-11-08T15:33:19.683,1,0.1,0.25,1.49,0.23,,1st Edition,SHSP-EN023,Rare,LIGHT,Winged Beast,Effect Monster,1700,800,"When a Beast-Warrior-Type ""Bujin"" monster you control is targeted for an attack by an opponent's monster: You can send this card from your hand to the Graveyard; negate the attack, and if you do, inflict damage to your opponent equal to half the attacker's ATK. You can only use the effect of ""Bujingi Crow"" once per turn."
72390,Bujingi Ibis,Bujingi Ibis,https://tcgplayer-cdn.tcgplayer.com/product/72390_200w.jpg,2,1156,https://cpt.tcgcsv.com/QZB,2013-11-06T15:12:48.47,1,0.02,0.2,1.33,0.13,,Unlimited,SHSP-EN024,Common,LIGHT,Winged Beast,Effect Monster,1600,300,"During your Main Phase 1: You can send this card from your hand to the Graveyard, then target 1 ""Bujin"" monster you control; this turn, if it attacks a Defense Position monster, inflict piercing battle damage to your opponent."
72390,Bujingi Ibis,Bujingi Ibis,https://tcgplayer-cdn.tcgplayer.com/product/72390_200w.jpg,2,1156,https://cpt.tcgcsv.com/QZB,2013-11-06T15:12:48.47,1,0.01,0.23,1.49,0.22,,1st Edition,SHSP-EN024,Common,LIGHT,Winged Beast,Effect Monster,1600,300,"During your Main Phase 1: You can send this card from your hand to the Graveyard, then target 1 ""Bujin"" monster you control; this turn, if it attacks a Defense Position monster, inflict piercing battle damage to your opponent."
72391,Noble Arms - Excaliburn,Noble Arms Excaliburn,https://tcgplayer-cdn.tcgplayer.com/product/72391_200w.jpg,2,1156,https://cpt.tcgcsv.com/RZB,2013-11-03T17:48:36.333,1,1.24,1.69,3.5,1.66,,Unlimited,SHSP-EN088,Super Rare,SPELL,,Equip Spell,0,0,"Equip only to a ""Noble Knight"" monster. It cannot be targeted by an opponent's card effects. During your turn, except the turn this card was sent to the Graveyard: You can banish this card from your Graveyard, then target 1 ""Noble Knight"" Xyz Monster you control; Special Summon from your Extra Deck, 1 ""Noble Knight"" Xyz Monster with a different name, by using that target as the Xyz Material. (This Special Summon is treated as an Xyz Summon. Xyz Materials attached to it also become Xyz Materials on the Summoned monster.) You can only use this effect of ""Noble Arms - Excaliburn"" once per turn."
72391,Noble Arms - Excaliburn,Noble Arms Excaliburn,https://tcgplayer-cdn.tcgplayer.com/product/72391_200w.jpg,2,1156,https://cpt.tcgcsv.com/RZB,2013-11-03T17:48:36.333,1,1.5,2.88,10.99,2.39,,1st Edition,SHSP-EN088,Super Rare,SPELL,,Equip Spell,0,0,"Equip only to a ""Noble Knight"" monster. It cannot be targeted by an opponent's card effects. During your turn, except the turn this card was sent to the Graveyard: You can banish this card from your Graveyard, then target 1 ""Noble Knight"" Xyz Monster you control; Special Summon from your Extra Deck, 1 ""Noble Knight"" Xyz Monster with a different name, by using that target as the Xyz Material. (This Special Summon is treated as an Xyz Summon. Xyz Materials attached to it also become Xyz Materials on the Summoned monster.) You can only use this effect of ""Noble Arms - Excaliburn"" once per turn."
72392,Bujingi Boar,Bujingi Boar,https://tcgplayer-cdn.tcgplayer.com/product/72392_200w.jpg,2,1156,https://cpt.tcgcsv.com/SZB,2013-11-06T15:12:44.22,1,0.02,0.21,1.33,0.14,,Unlimited,SHSP-EN025,Common,LIGHT,Beast,Effect Monster,1100,1900,"If you control a ""Bujin"" monster: You can banish this card from your Graveyard, then target 1 face-up Attack Position monster your opponent controls; change it to face-up Defense Position, and if you do, its DEF becomes 0 until the End Phase."
72392,Bujingi Boar,Bujingi Boar,https://tcgplayer-cdn.tcgplayer.com/product/72392_200w.jpg,2,1156,https://cpt.tcgcsv.com/SZB,2013-11-06T15:12:44.22,1,0.01,0.2,1.7,0.18,,1st Edition,SHSP-EN025,Common,LIGHT,Beast,Effect Monster,1100,1900,"If you control a ""Bujin"" monster: You can banish this card from your Graveyard, then target 1 face-up Attack Position monster your opponent controls; change it to face-up Defense Position, and if you do, its DEF becomes 0 until the End Phase."
72393,Bujingi Centipede,Bujingi Centipede,https://tcgplayer-cdn.tcgplayer.com/product/72393_200w.jpg,2,1156,https://cpt.tcgcsv.com/TZB,2013-11-06T15:12:40.577,1,0.05,0.23,1.36,0.16,,Unlimited,SHSP-EN026,Common,LIGHT,Beast,Effect Monster,1700,500,"If you control a ""Bujin"" Beast-Warrior-Type monster: You can banish this card from your Graveyard, then target 1 Spell/Trap Card your opponent controls; destroy that target. You can only use the effect of ""Bujingi Centipede"" once per turn."
72393,Bujingi Centipede,Bujingi Centipede,https://tcgplayer-cdn.tcgplayer.com/product/72393_200w.jpg,2,1156,https://cpt.tcgcsv.com/TZB,2013-11-06T15:12:40.577,1,0.04,0.25,1.85,0.16,,1st Edition,SHSP-EN026,Common,LIGHT,Beast,Effect Monster,1700,500,"If you control a ""Bujin"" Beast-Warrior-Type monster: You can banish this card from your Graveyard, then target 1 Spell/Trap Card your opponent controls; destroy that target. You can only use the effect of ""Bujingi Centipede"" once per turn."
72394,Sacred Noble Knight of King Artorigus,Sacred Noble Knight of King Artorigus,https://tcgplayer-cdn.tcgplayer.com/product/72394_200w.jpg,2,1156,https://cpt.tcgcsv.com/VZB,2021-01-10T20:53:15.973,1,2.0,2.57,19.99,2.39,,Unlimited,SHSP-EN087,Ultra Rare,LIGHT,Warior,Xyz/Effect Monster,2200,2200,"2 Level 5 ""Noble Knight"" monsters
<br>When this card is Xyz Summoned: You can target up to 3 ""Noble Arms"" Equip Spell Cards with different names in your Graveyard; equip those targets to this card. Once per turn: You can detach 1 Xyz Material from this card, then target 1 other monster on the field; destroy that target. If this card on the field is sent to the Graveyard: You can target 1 Level 4 or higher ""Noble Knight"" monster in your Graveyard; Special Summon that target."
72394,Sacred Noble Knight of King Artorigus,Sacred Noble Knight of King Artorigus,https://tcgplayer-cdn.tcgplayer.com/product/72394_200w.jpg,2,1156,https://cpt.tcgcsv.com/VZB,2021-01-10T20:53:15.973,1,2.01,5.14,22.95,2.86,,1st Edition,SHSP-EN087,Ultra Rare,LIGHT,Warior,Xyz/Effect Monster,2200,2200,"2 Level 5 ""Noble Knight"" monsters
<br>When this card is Xyz Summoned: You can target up to 3 ""Noble Arms"" Equip Spell Cards with different names in your Graveyard; equip those targets to this card. Once per turn: You can detach 1 Xyz Material from this card, then target 1 other monster on the field; destroy that target. If this card on the field is sent to the Graveyard: You can target 1 Level 4 or higher ""Noble Knight"" monster in your Graveyard; Special Summon that target."
72395,Mecha Phantom Beast Sabre Hawk,Mecha Phantom Beast Sabre Hawk,https://tcgplayer-cdn.tcgplayer.com/product/72395_200w.jpg,2,1156,https://cpt.tcgcsv.com/WZB,2013-11-06T15:12:36.64,1,0.04,0.2,1.36,0.16,,Unlimited,SHSP-EN027,Common,WIND,Machine,Effect Monster,2100,100,"This card cannot attack directly. This card cannot attack while there is a monster(s) in your Graveyard that is not a ""Mecha Phantom Beast"" monster. This card's Level is increased by the total Levels of all ""Mecha Phantom Beast Tokens"" you control. While you control a Token, this card cannot be destroyed by battle or card effects. Once per turn: You can Tribute 1 Token, then target 1 card in either player's Graveyard; banish that target."
72395,Mecha Phantom Beast Sabre Hawk,Mecha Phantom Beast Sabre Hawk,https://tcgplayer-cdn.tcgplayer.com/product/72395_200w.jpg,2,1156,https://cpt.tcgcsv.com/WZB,2013-11-06T15:12:36.64,1,0.03,0.2,1.7,0.12,,1st Edition,SHSP-EN027,Common,WIND,Machine,Effect Monster,2100,100,"This card cannot attack directly. This card cannot attack while there is a monster(s) in your Graveyard that is not a ""Mecha Phantom Beast"" monster. This card's Level is increased by the total Levels of all ""Mecha Phantom Beast Tokens"" you control. While you control a Token, this card cannot be destroyed by battle or card effects. Once per turn: You can Tribute 1 Token, then target 1 card in either player's Graveyard; banish that target."
72396,Mecha Phantom Beast Kalgriffin,Mecha Phantom Beast Kalgriffin,https://tcgplayer-cdn.tcgplayer.com/product/72396_200w.jpg,2,1156,https://cpt.tcgcsv.com/XZB,2013-11-08T15:33:52.58,1,0.04,0.25,1.42,0.19,,Unlimited,SHSP-EN028,Rare,WIND,Machine,Effect Monster,1000,2500,"You can Tribute 2 ""Mecha Phantom Beast"" monsters; Special Summon this card from your hand. You can only use this effect of ""Mecha Phantom Beast Gryphin"" once per turn. While you control a Token, this card cannot be destroyed by battle or card effects. Once per turn: You can discard 1 ""Mecha Phantom Beast"" monster; Special Summon 1 ""Mecha Phantom Beast Token"" (Machine-Type/WIND/Level 3/ATK 0/DEF 0)."
72396,Mecha Phantom Beast Kalgriffin,Mecha Phantom Beast Kalgriffin,https://tcgplayer-cdn.tcgplayer.com/product/72396_200w.jpg,2,1156,https://cpt.tcgcsv.com/XZB,2013-11-08T15:33:52.58,1,0.05,0.26,1.49,0.19,,1st Edition,SHSP-EN028,Rare,WIND,Machine,Effect Monster,1000,2500,"You can Tribute 2 ""Mecha Phantom Beast"" monsters; Special Summon this card from your hand. You can only use this effect of ""Mecha Phantom Beast Gryphin"" once per turn. While you control a Token, this card cannot be destroyed by battle or card effects. Once per turn: You can discard 1 ""Mecha Phantom Beast"" monster; Special Summon 1 ""Mecha Phantom Beast Token"" (Machine-Type/WIND/Level 3/ATK 0/DEF 0)."
72397,Vampire Sorcerer,Vampire Sorcerer,https://tcgplayer-cdn.tcgplayer.com/product/72397_200w.jpg,2,1156,https://cpt.tcgcsv.com/ZZB,2013-11-03T17:40:23.58,1,0.26,1.34,5.0,0.38,,Unlimited,SHSP-EN029,Ultra Rare,DARK,Zombie,Effect Monster,1500,1500,"If this card in your possession is sent to your Graveyard by your opponent's card (either by battle or by card effect): You can add 1 DARK ""Vampire"" monster or 1 ""Vampire"" Spell/Trap Card from your Deck to your hand. You can banish this card from your Graveyard; 1 DARK ""Vampire"" monster you Normal Summon this turn can be Summoned without Tributing."
72397,Vampire Sorcerer,Vampire Sorcerer,https://tcgplayer-cdn.tcgplayer.com/product/72397_200w.jpg,2,1156,https://cpt.tcgcsv.com/ZZB,2013-11-03T17:40:23.58,1,0.38,1.48,8.97,1.4,,1st Edition,SHSP-EN029,Ultra Rare,DARK,Zombie,Effect Monster,1500,1500,"If this card in your possession is sent to your Graveyard by your opponent's card (either by battle or by card effect): You can add 1 DARK ""Vampire"" monster or 1 ""Vampire"" Spell/Trap Card from your Deck to your hand. You can banish this card from your Graveyard; 1 DARK ""Vampire"" monster you Normal Summon this turn can be Summoned without Tributing."
72398,Shadow Vampire,Shadow Vampire,https://tcgplayer-cdn.tcgplayer.com/product/72398_200w.jpg,2,1156,https://cpt.tcgcsv.com/-ZB,2013-11-03T17:40:57.067,1,0.38,1.97,12.9,0.52,,Unlimited,SHSP-EN030,Secret Rare,DARK,Zombie,Effect Monster,2000,0,"When this card is Normal Summoned: You can Special Summon 1 DARK ""Vampire"" monster from your hand or Deck, except ""Shadow Vampire"", but if you do, only that monster can attack for the rest of this turn. This card cannot be used as an Xyz Material for an Xyz Summon, except for the Xyz Summon of a DARK monster."
72398,Shadow Vampire,Shadow Vampire,https://tcgplayer-cdn.tcgplayer.com/product/72398_200w.jpg,2,1156,https://cpt.tcgcsv.com/-ZB,2013-11-03T17:40:57.067,1,0.75,1.59,15.66,1.24,,1st Edition,SHSP-EN030,Secret Rare,DARK,Zombie,Effect Monster,2000,0,"When this card is Normal Summoned: You can Special Summon 1 DARK ""Vampire"" monster from your hand or Deck, except ""Shadow Vampire"", but if you do, only that monster can attack for the rest of this turn. This card cannot be used as an Xyz Material for an Xyz Summon, except for the Xyz Summon of a DARK monster."
72399,Ignoble Knight of High Laundsallyn,Ignoble Knight of High Laundsallyn,https://tcgplayer-cdn.tcgplayer.com/product/72399_200w.jpg,2,1156,https://cpt.tcgcsv.com/_ZB,2022-09-15T20:22:36.397,1,1.41,4.88,25.0,1.47,,Unlimited,SHSP-EN086,Secret Rare,DARK,Warrior,Synchro/Effect Monster,2100,900,"1 Tuner + 1 or more non-Tuner ""Noble Knight"" monsters
When this card is Synchro Summoned: You can equip 1 ""Noble Arms"" Equip Spell Card from your Deck to this card. At the end of the Battle Phase, if this card destroyed a monster by battle and sent it to the Graveyard: You can add 1 ""Noble Knight"" or ""Noble Arms"" card from your Deck to your hand. You can only control 1 ""Ignoble Knight of High Laundsallyn""."
72399,Ignoble Knight of High Laundsallyn,Ignoble Knight of High Laundsallyn,https://tcgplayer-cdn.tcgplayer.com/product/72399_200w.jpg,2,1156,https://cpt.tcgcsv.com/_ZB,2022-09-15T20:22:36.397,1,1.34,4.99,16.9,2.22,,1st Edition,SHSP-EN086,Secret Rare,DARK,Warrior,Synchro/Effect Monster,2100,900,"1 Tuner + 1 or more non-Tuner ""Noble Knight"" monsters
When this card is Synchro Summoned: You can equip 1 ""Noble Arms"" Equip Spell Card from your Deck to this card. At the end of the Battle Phase, if this card destroyed a monster by battle and sent it to the Graveyard: You can add 1 ""Noble Knight"" or ""Noble Arms"" card from your Deck to your hand. You can only control 1 ""Ignoble Knight of High Laundsallyn""."
72400,Vampire Grace,Vampire Grace,https://tcgplayer-cdn.tcgplayer.com/product/72400_200w.jpg,2,1156,https://cpt.tcgcsv.com/0-B,2013-11-03T17:41:05.78,1,0.06,0.23,1.49,0.15,,Unlimited,SHSP-EN031,Common,DARK,Zombie,Effect Monster,2000,1200,"While this card is in your Graveyard, when a Level 5 or higher Zombie-Type monster(s) is Special Summoned to your side of the field by a Zombie-Type monster's effect: You can pay 2000 Life Points; Special Summon this card from your Graveyard. You can only use this effect of ""Vampire Grace"" once per turn. Once per turn: You can declare 1 card type (Monster, Spell, or Trap); your opponent sends 1 card of that type from their Deck to the Graveyard."
72400,Vampire Grace,Vampire Grace,https://tcgplayer-cdn.tcgplayer.com/product/72400_200w.jpg,2,1156,https://cpt.tcgcsv.com/0-B,2013-11-03T17:41:05.78,1,0.05,0.25,1.49,0.23,,1st Edition,SHSP-EN031,Common,DARK,Zombie,Effect Monster,2000,1200,"While this card is in your Graveyard, when a Level 5 or higher Zombie-Type monster(s) is Special Summoned to your side of the field by a Zombie-Type monster's effect: You can pay 2000 Life Points; Special Summon this card from your Graveyard. You can only use this effect of ""Vampire Grace"" once per turn. Once per turn: You can declare 1 card type (Monster, Spell, or Trap); your opponent sends 1 card of that type from their Deck to the Graveyard."
72401,Pumprincess the Princess of Ghosts,Pumprincess the Princess of Ghosts,https://tcgplayer-cdn.tcgplayer.com/product/72401_200w.jpg,2,1156,https://cpt.tcgcsv.com/2-B,2013-11-03T17:41:16.913,1,0.1,0.28,1.41,0.31,,Unlimited,SHSP-EN032,Common,DARK,Zombie,Effect Monster,900,1000,"If this face-up card is destroyed while it is in a Monster Card Zone, you can place it face-up in your Spell & Trap Card Zone as a Continuous Spell Card, instead of sending it to the Graveyard. During each Standby Phase, if this card is treated as a Continuous Spell Card by its own effect: Place 1 Pumpkin Counter on this card. While this card is treated as a Continuous Spell Card, monsters your opponent controls loses 100 ATK and DEF for each Pumpkin Counter on this card."
72401,Pumprincess the Princess of Ghosts,Pumprincess the Princess of Ghosts,https://tcgplayer-cdn.tcgplayer.com/product/72401_200w.jpg,2,1156,https://cpt.tcgcsv.com/2-B,2013-11-03T17:41:16.913,1,0.08,0.22,1.49,0.18,,1st Edition,SHSP-EN032,Common,DARK,Zombie,Effect Monster,900,1000,"If this face-up card is destroyed while it is in a Monster Card Zone, you can place it face-up in your Spell & Trap Card Zone as a Continuous Spell Card, instead of sending it to the Graveyard. During each Standby Phase, if this card is treated as a Continuous Spell Card by its own effect: Place 1 Pumpkin Counter on this card. While this card is treated as a Continuous Spell Card, monsters your opponent controls loses 100 ATK and DEF for each Pumpkin Counter on this card."
72402,Noble Knight Borz,Noble Knight Borz,https://tcgplayer-cdn.tcgplayer.com/product/72402_200w.jpg,2,1156,https://cpt.tcgcsv.com/3-B,2013-11-03T17:48:04.413,1,0.08,0.62,4.0,0.54,,Unlimited,SHSP-EN085,Super Rare,LIGHT,Warior,Effect Monster,1700,900,"This card is treated as a Normal Monster while face-up on the field. While equipped with a ""Noble Arms"" Equip Spell Card, this card becomes an Effect Monster with these effects.
? This card becomes DARK and its Level is increased by 1. During your Main Phase: You can reveal 3 ""Noble Arms"" cards from your Deck, have your opponent randomly add 1 of them to your hand, and send the rest to the Graveyard. You can only use this effect of ""Noble Knight Borz"" once per turn."
72402,Noble Knight Borz,Noble Knight Borz,https://tcgplayer-cdn.tcgplayer.com/product/72402_200w.jpg,2,1156,https://cpt.tcgcsv.com/3-B,2013-11-03T17:48:04.413,1,0.33,1.0,4.99,0.87,,1st Edition,SHSP-EN085,Super Rare,LIGHT,Warior,Effect Monster,1700,900,"This card is treated as a Normal Monster while face-up on the field. While equipped with a ""Noble Arms"" Equip Spell Card, this card becomes an Effect Monster with these effects.
? This card becomes DARK and its Level is increased by 1. During your Main Phase: You can reveal 3 ""Noble Arms"" cards from your Deck, have your opponent randomly add 1 of them to your hand, and send the rest to the Graveyard. You can only use this effect of ""Noble Knight Borz"" once per turn."
72403,Yellow-Bellied Oni,Yellow Bellied Oni,https://tcgplayer-cdn.tcgplayer.com/product/72403_200w.jpg,2,1156,https://cpt.tcgcsv.com/5-B,2013-11-03T17:41:26.17,1,0.04,0.21,1.37,0.19,,Unlimited,SHSP-EN033,Common,DARK,Zombie,Effect Monster,1000,1000,"When you Xyz Summon: You can Special Summon this card from your hand. Once per turn: You can detach 1 Xyz Material from a card you control, then target 1 Xyz Monster on the field; decrease its Rank by 1, also it loses 300 ATK."
72403,Yellow-Bellied Oni,Yellow Bellied Oni,https://tcgplayer-cdn.tcgplayer.com/product/72403_200w.jpg,2,1156,https://cpt.tcgcsv.com/5-B,2013-11-03T17:41:26.17,1,0.01,0.21,1.49,0.15,,1st Edition,SHSP-EN033,Common,DARK,Zombie,Effect Monster,1000,1000,"When you Xyz Summon: You can Special Summon this card from your hand. Once per turn: You can detach 1 Xyz Material from a card you control, then target 1 Xyz Monster on the field; decrease its Rank by 1, also it loses 300 ATK."
72404,Lady of the Lake,Lady of the Lake,https://tcgplayer-cdn.tcgplayer.com/product/72404_200w.jpg,2,1156,https://cpt.tcgcsv.com/6-B,2013-11-03T17:47:53.53,1,3.37,4.69,10.99,4.27,,Unlimited,SHSP-EN084,Secret Rare,LIGHT,Aqua,Tuner Monster,200,1800,"Cannot be used as a Synchro Material Monster, except for the Synchro Summon of a Warrior-Type monster. If this card is used for a Synchro Summon, banish it. When this card is Normal Summoned: You can target 1 ""Noble Knight"" Normal Monster in your Graveyard; Special Summon that target. If this card is in your Graveyard: You can target 1 Level 5 ""Noble Knight"" monster you control; reduce its Level by 1, and if you do, Special Summon this card from the Graveyard."
72404,Lady of the Lake,Lady of the Lake,https://tcgplayer-cdn.tcgplayer.com/product/72404_200w.jpg,2,1156,https://cpt.tcgcsv.com/6-B,2013-11-03T17:47:53.53,1,3.3,7.24,52.99,5.22,,1st Edition,SHSP-EN084,Secret Rare,LIGHT,Aqua,Tuner Monster,200,1800,"Cannot be used as a Synchro Material Monster, except for the Synchro Summon of a Warrior-Type monster. If this card is used for a Synchro Summon, banish it. When this card is Normal Summoned: You can target 1 ""Noble Knight"" Normal Monster in your Graveyard; Special Summon that target. If this card is in your Graveyard: You can target 1 Level 5 ""Noble Knight"" monster you control; reduce its Level by 1, and if you do, Special Summon this card from the Graveyard."
72405,Vampire Hunter,Vampire Hunter,https://tcgplayer-cdn.tcgplayer.com/product/72405_200w.jpg,2,1156,https://cpt.tcgcsv.com/7-B,2013-11-03T17:41:36.387,1,0.49,1.14,8.0,1.24,,Unlimited,SHSP-EN034,Super Rare,DARK,Warior,Effect Monster,1000,1000,"At the start of the Damage Step, if this card battles a DARK monster: Destroy that monster."
72405,Vampire Hunter,Vampire Hunter,https://tcgplayer-cdn.tcgplayer.com/product/72405_200w.jpg,2,1156,https://cpt.tcgcsv.com/7-B,2013-11-03T17:41:36.387,1,0.2,1.99,12.0,2.24,,1st Edition,SHSP-EN034,Super Rare,DARK,Warior,Effect Monster,1000,1000,"At the start of the Damage Step, if this card battles a DARK monster: Destroy that monster."
72406,Aratama,Aratama,https://tcgplayer-cdn.tcgplayer.com/product/72406_200w.jpg,2,1156,https://cpt.tcgcsv.com/8-B,2013-11-08T15:47:08.12,1,0.25,0.69,4.9,0.57,,Unlimited,SHSP-EN035,Rare,DARK,Fiend,Effect Monster,800,1800,"Cannot be Special Summoned. During the End Phase of the turn this card is Normal Summoned or flipped face-up: Return it to the hand. When this card is Normal Summoned or flipped face-up: Add 1 Spirit monster from your Deck to your hand, except ""Aratama""."
72406,Aratama,Aratama,https://tcgplayer-cdn.tcgplayer.com/product/72406_200w.jpg,2,1156,https://cpt.tcgcsv.com/8-B,2013-11-08T15:47:08.12,1,0.15,0.99,10.99,0.68,,1st Edition,SHSP-EN035,Rare,DARK,Fiend,Effect Monster,800,1800,"Cannot be Special Summoned. During the End Phase of the turn this card is Normal Summoned or flipped face-up: Return it to the hand. When this card is Normal Summoned or flipped face-up: Add 1 Spirit monster from your Deck to your hand, except ""Aratama""."
72407,Archfiend Giant,Archfiend Giant,https://tcgplayer-cdn.tcgplayer.com/product/72407_200w.jpg,2,1156,https://cpt.tcgcsv.com/9-B,2013-11-08T15:34:26.673,1,0.04,0.25,1.35,0.25,,Unlimited,SHSP-EN083,Rare,DARK,Fiend,Effect Monster,2400,1600,"If this face-up card on the field would be destroyed by a card effect, you can pay 500 Life Points instead. This effect can only be used once while this card is face-up on the field. If this card is destroyed by a card effect and sent to the Graveyard: You can Special Summon 1 ""Archfiend"" monster from your hand."
72407,Archfiend Giant,Archfiend Giant,https://tcgplayer-cdn.tcgplayer.com/product/72407_200w.jpg,2,1156,https://cpt.tcgcsv.com/9-B,2013-11-08T15:34:26.673,1,0.05,0.3,1.36,0.27,,1st Edition,SHSP-EN083,Rare,DARK,Fiend,Effect Monster,2400,1600,"If this face-up card on the field would be destroyed by a card effect, you can pay 500 Life Points instead. This effect can only be used once while this card is face-up on the field. If this card is destroyed by a card effect and sent to the Graveyard: You can Special Summon 1 ""Archfiend"" monster from your hand."
72408,Rasetsu,Rasetsu,https://tcgplayer-cdn.tcgplayer.com/product/72408_200w.jpg,2,1156,https://cpt.tcgcsv.com/b-B,2013-11-06T15:12:33.28,1,0.08,0.25,1.4,0.15,,Unlimited,SHSP-EN036,Common,FIRE,Fiend,Effect Monster,1500,1900,"Cannot be Special Summoned. During the End Phase of the turn this card is Normal Summoned or flipped face-up: Return it to the hand. When this card is Normal Summoned or flipped face-up: You can reveal 1 Spirit monster in your hand, except ""Rakshasa"", then target 1 face-up Attack Position monster your opponent controls; return that target to the hand. You cannot Special Summon during the turn you activate this effect."
72408,Rasetsu,Rasetsu,https://tcgplayer-cdn.tcgplayer.com/product/72408_200w.jpg,2,1156,https://cpt.tcgcsv.com/b-B,2013-11-06T15:12:33.28,1,0.05,0.22,1.49,0.21,,1st Edition,SHSP-EN036,Common,FIRE,Fiend,Effect Monster,1500,1900,"Cannot be Special Summoned. During the End Phase of the turn this card is Normal Summoned or flipped face-up: Return it to the hand. When this card is Normal Summoned or flipped face-up: You can reveal 1 Spirit monster in your hand, except ""Rakshasa"", then target 1 face-up Attack Position monster your opponent controls; return that target to the hand. You cannot Special Summon during the turn you activate this effect."
72409,Vampire Duke,Vampire Duke,https://tcgplayer-cdn.tcgplayer.com/product/72409_200w.jpg,2,1156,https://cpt.tcgcsv.com/c-B,2013-11-08T15:28:53.01,1,0.1,0.49,3.5,0.18,,Unlimited,SHSP-EN082,Rare,DARK,Zombie,Effect Monster,2000,0,"When this card is Normal Summoned: You can target 1 DARK ""Vampire"" monster in your Graveyard; Special Summon that target in face-up Defense Position. When this card is Special Summoned: You can declare 1 card type (Monster, Spell, or Trap); your opponent sends 1 card of that type from their Deck to the Graveyard. You can only use this effect of ""Vampire Duke"" once per turn. This card cannot be used as an Xyz Material for an Xyz Summon, except for the Xyz Summon of a DARK monster."
72409,Vampire Duke,Vampire Duke,https://tcgplayer-cdn.tcgplayer.com/product/72409_200w.jpg,2,1156,https://cpt.tcgcsv.com/c-B,2013-11-08T15:28:53.01,1,0.05,0.49,4.0,0.31,,1st Edition,SHSP-EN082,Rare,DARK,Zombie,Effect Monster,2000,0,"When this card is Normal Summoned: You can target 1 DARK ""Vampire"" monster in your Graveyard; Special Summon that target in face-up Defense Position. When this card is Special Summoned: You can declare 1 card type (Monster, Spell, or Trap); your opponent sends 1 card of that type from their Deck to the Graveyard. You can only use this effect of ""Vampire Duke"" once per turn. This card cannot be used as an Xyz Material for an Xyz Summon, except for the Xyz Summon of a DARK monster."
72410,Bujingi Raven,Bujingi Raven,https://tcgplayer-cdn.tcgplayer.com/product/72410_200w.jpg,2,1156,https://cpt.tcgcsv.com/d-B,2013-11-06T15:23:54.593,1,0.1,0.25,1.41,0.15,,Unlimited,SHSP-EN081,Rare,LIGHT,Winged Beast,Effect Monster,1600,900,"When a ""Bujin"" monster you control is destroyed by battle with an opponent's monster and sent to your Graveyard: You can send this card from your hand to the Graveyard; destroy that opponent's monster."
72410,Bujingi Raven,Bujingi Raven,https://tcgplayer-cdn.tcgplayer.com/product/72410_200w.jpg,2,1156,https://cpt.tcgcsv.com/d-B,2013-11-06T15:23:54.593,1,0.1,0.25,1.43,0.16,,1st Edition,SHSP-EN081,Rare,LIGHT,Winged Beast,Effect Monster,1600,900,"When a ""Bujin"" monster you control is destroyed by battle with an opponent's monster and sent to your Graveyard: You can send this card from your hand to the Graveyard; destroy that opponent's monster."
72411,Skelesaurus,Skelesaurus,https://tcgplayer-cdn.tcgplayer.com/product/72411_200w.jpg,2,1156,https://cpt.tcgcsv.com/f-B,2013-11-06T15:13:33.54,1,0.01,0.2,1.37,0.1,,Unlimited,SHSP-EN037,Common,DARK,Zombie,Gemini Monster,1700,1400,"This card is treated as a Normal Monster while face-up on the field or in the Graveyard. While this card is face-up on the field, you can Normal Summon it to have it become an Effect Monster with this effect.
? This card becomes EARTH Dinosaur-Type. When this card destroys an opponent's monster by battle and sends it to the Graveyard: You can Special Summon that monster from their Graveyard to your side of the field in face-up Defense Position as a Zombie-Type monster."
72411,Skelesaurus,Skelesaurus,https://tcgplayer-cdn.tcgplayer.com/product/72411_200w.jpg,2,1156,https://cpt.tcgcsv.com/f-B,2013-11-06T15:13:33.54,1,0.01,0.22,1.7,0.14,,1st Edition,SHSP-EN037,Common,DARK,Zombie,Gemini Monster,1700,1400,"This card is treated as a Normal Monster while face-up on the field or in the Graveyard. While this card is face-up on the field, you can Normal Summon it to have it become an Effect Monster with this effect.
? This card becomes EARTH Dinosaur-Type. When this card destroys an opponent's monster by battle and sends it to the Graveyard: You can Special Summon that monster from their Graveyard to your side of the field in face-up Defense Position as a Zombie-Type monster."
72412,Knight Day Grepher,Knight Day Grepher,https://tcgplayer-cdn.tcgplayer.com/product/72412_200w.jpg,2,1156,https://cpt.tcgcsv.com/g-B,2013-11-03T17:42:22.833,1,0.05,0.22,0.88,0.2,,Unlimited,SHSP-EN038,Common,LIGHT,Warrior,Gemini Monster,1700,1600,"This card is treated as a Normal Monster while face-up on the field or in the Graveyard. While this card is face-up on the field, you can Normal Summon it to have it become an Effect Monster with this effect.
? During your End Phase: You can target 1 Equip Spell Card in your Graveyard; add that target to your hand. You can only use this effect of ""Knight Day Grepher"" once per turn."
72412,Knight Day Grepher,Knight Day Grepher,https://tcgplayer-cdn.tcgplayer.com/product/72412_200w.jpg,2,1156,https://cpt.tcgcsv.com/g-B,2013-11-03T17:42:22.833,1,0.04,0.2,1.94,0.1,,1st Edition,SHSP-EN038,Common,LIGHT,Warrior,Gemini Monster,1700,1600,"This card is treated as a Normal Monster while face-up on the field or in the Graveyard. While this card is face-up on the field, you can Normal Summon it to have it become an Effect Monster with this effect.
? During your End Phase: You can target 1 Equip Spell Card in your Graveyard; add that target to your hand. You can only use this effect of ""Knight Day Grepher"" once per turn."
72413,BIG Win!?,BIG Win,https://tcgplayer-cdn.tcgplayer.com/product/72413_200w.jpg,2,1156,https://cpt.tcgcsv.com/h-B,2014-09-25T13:40:16.917,1,0.05,0.25,1.0,0.18,,Unlimited,SHSP-EN080,Common,TRAP,,Normal Trap,0,0,"Declare a Level between 1 and 12, then both players toss a coin once. If both results are heads, the Levels of all face-up monsters you currently control become the declared Level. If both results are tails, you lose 500 Life Points x the declared Level."
72413,BIG Win!?,BIG Win,https://tcgplayer-cdn.tcgplayer.com/product/72413_200w.jpg,2,1156,https://cpt.tcgcsv.com/h-B,2014-09-25T13:40:16.917,1,0.08,0.25,1.39,0.18,,1st Edition,SHSP-EN080,Common,TRAP,,Normal Trap,0,0,"Declare a Level between 1 and 12, then both players toss a coin once. If both results are heads, the Levels of all face-up monsters you currently control become the declared Level. If both results are tails, you lose 500 Life Points x the declared Level."
72414,Genomix Fighter,Genomix Fighter,https://tcgplayer-cdn.tcgplayer.com/product/72414_200w.jpg,2,1156,https://cpt.tcgcsv.com/j-B,2013-11-03T17:42:32.01,1,0.1,0.3,2.98,0.22,,Unlimited,SHSP-EN039,Ultra Rare,LIGHT,Psychic,Tuner Monster,2200,1100,"You can Normal Summon this card without Tributing, but its Level becomes 3 and its original ATK is halved. Once per turn: You can declare 1 Type; during this turn, if this card is used as a Synchro Material Monster, this card and all the other Synchro Material Monsters are treated as the declared Type. During the turn you activate this effect, you cannot Normal or Special Summon monsters, except monsters of the declared Type."
72414,Genomix Fighter,Genomix Fighter,https://tcgplayer-cdn.tcgplayer.com/product/72414_200w.jpg,2,1156,https://cpt.tcgcsv.com/j-B,2013-11-03T17:42:32.01,1,0.1,0.35,2.99,0.19,,1st Edition,SHSP-EN039,Ultra Rare,LIGHT,Psychic,Tuner Monster,2200,1100,"You can Normal Summon this card without Tributing, but its Level becomes 3 and its original ATK is halved. Once per turn: You can declare 1 Type; during this turn, if this card is used as a Synchro Material Monster, this card and all the other Synchro Material Monsters are treated as the declared Type. During the turn you activate this effect, you cannot Normal or Special Summon monsters, except monsters of the declared Type."
72415,Survival of the Fittest,Survival of the Fittest,https://tcgplayer-cdn.tcgplayer.com/product/72415_200w.jpg,2,1156,https://cpt.tcgcsv.com/k-B,2013-11-06T15:24:01.217,1,0.05,0.25,1.0,0.18,,Unlimited,SHSP-EN079,Common,TRAP,,Normal Trap,0,0,Target 1 Dinosaur-Type monster you control; equip this card to that target. It gains 1000 ATK. When the equipped monster destroys an opponent's monster by battle and sends it to the Graveyard: It can make a second attack in a row on an opponent's monster.
72415,Survival of the Fittest,Survival of the Fittest,https://tcgplayer-cdn.tcgplayer.com/product/72415_200w.jpg,2,1156,https://cpt.tcgcsv.com/k-B,2013-11-06T15:24:01.217,1,0.05,0.22,1.49,0.19,,1st Edition,SHSP-EN079,Common,TRAP,,Normal Trap,0,0,Target 1 Dinosaur-Type monster you control; equip this card to that target. It gains 1000 ATK. When the equipped monster destroys an opponent's monster by battle and sends it to the Graveyard: It can make a second attack in a row on an opponent's monster.
72416,"Mariña, Princess of Sunflowers",Marina Princess of Sunflowers,https://tcgplayer-cdn.tcgplayer.com/product/72416_200w.jpg,2,1156,https://cpt.tcgcsv.com/l-B,2022-08-19T12:41:28.203,1,0.16,0.47,1.98,0.28,,Unlimited,SHSP-EN040,Super Rare,FIRE,Plant,Effect Monster,2600,1600,If exactly 1 other Plant-Type monster you control (and no other cards) is destroyed by battle or by card effect and sent to the Graveyard: You can target 1 card your opponent controls; destroy that target. This card must be face-up on the field to activate and to resolve this effect.
72416,"Mariña, Princess of Sunflowers",Marina Princess of Sunflowers,https://tcgplayer-cdn.tcgplayer.com/product/72416_200w.jpg,2,1156,https://cpt.tcgcsv.com/l-B,2022-08-19T12:41:28.203,1,0.18,0.5,1.99,0.38,,1st Edition,SHSP-EN040,Super Rare,FIRE,Plant,Effect Monster,2600,1600,If exactly 1 other Plant-Type monster you control (and no other cards) is destroyed by battle or by card effect and sent to the Graveyard: You can target 1 card your opponent controls; destroy that target. This card must be face-up on the field to activate and to resolve this effect.
72417,Grisaille Prison,Grisaille Prison,https://tcgplayer-cdn.tcgplayer.com/product/72417_200w.jpg,2,1156,https://cpt.tcgcsv.com/m-B,2013-11-08T15:34:54.947,1,0.07,0.5,1.49,0.42,,Unlimited,SHSP-EN078,Rare,TRAP,,Normal Trap,0,0,"If you control a Tribute, Ritual, and/or Fusion Summoned monster: Neither player can Synchro or Xyz Summon, also the effects of all face-up Xyz Monsters and Synchro Monsters currently on the field are negated and they cannot attack. These changes last until the end of your opponent's next turn."
72417,Grisaille Prison,Grisaille Prison,https://tcgplayer-cdn.tcgplayer.com/product/72417_200w.jpg,2,1156,https://cpt.tcgcsv.com/m-B,2013-11-08T15:34:54.947,1,0.1,0.42,2.5,0.45,,1st Edition,SHSP-EN078,Rare,TRAP,,Normal Trap,0,0,"If you control a Tribute, Ritual, and/or Fusion Summoned monster: Neither player can Synchro or Xyz Summon, also the effects of all face-up Xyz Monsters and Synchro Monsters currently on the field are negated and they cannot attack. These changes last until the end of your opponent's next turn."
72418,Granmarg the Mega Monarch,Granmarg the Mega Monarch,https://tcgplayer-cdn.tcgplayer.com/product/72418_200w.jpg,2,1156,https://cpt.tcgcsv.com/n-B,2013-11-03T17:42:41.717,1,1.15,1.58,2.25,1.5,,Unlimited,SHSP-EN041,Secret Rare,EARTH,Rock,Effect Monster,2800,1000,"You can Tribute Summon this card by Tributing 1 Tribute Summoned monster. When this card is Tribute Summoned: Target up to 2 Set cards on the field; destroy those targets. If this card was Tributed Summoned by Tributing an EARTH monster, add this additional effect.
? (Then?), draw 1 card [???]."
72418,Granmarg the Mega Monarch,Granmarg the Mega Monarch,https://tcgplayer-cdn.tcgplayer.com/product/72418_200w.jpg,2,1156,https://cpt.tcgcsv.com/n-B,2013-11-03T17:42:41.717,1,1.61,3.0,8.0,2.86,,1st Edition,SHSP-EN041,Secret Rare,EARTH,Rock,Effect Monster,2800,1000,"You can Tribute Summon this card by Tributing 1 Tribute Summoned monster. When this card is Tribute Summoned: Target up to 2 Set cards on the field; destroy those targets. If this card was Tributed Summoned by Tributing an EARTH monster, add this additional effect.
? (Then?), draw 1 card [???]."
72419,Chain Ignition,Chain Ignition,https://tcgplayer-cdn.tcgplayer.com/product/72419_200w.jpg,2,1156,https://cpt.tcgcsv.com/p-B,2013-11-06T15:24:03.957,1,0.03,0.21,1.7,0.17,,Unlimited,SHSP-EN077,Common,TRAP,,Continuous Trap,0,0,"Once per turn, if a monster(s) your opponent controls is destroyed by your opponent's card effect (except during the Damage Step): You can target 1 card on the field; destroy that target."
72419,Chain Ignition,Chain Ignition,https://tcgplayer-cdn.tcgplayer.com/product/72419_200w.jpg,2,1156,https://cpt.tcgcsv.com/p-B,2013-11-06T15:24:03.957,1,0.05,0.23,1.49,0.22,,1st Edition,SHSP-EN077,Common,TRAP,,Continuous Trap,0,0,"Once per turn, if a monster(s) your opponent controls is destroyed by your opponent's card effect (except during the Damage Step): You can target 1 card on the field; destroy that target."
72420,Swarm of Crows,Swarm of Crows,https://tcgplayer-cdn.tcgplayer.com/product/72420_200w.jpg,2,1156,https://cpt.tcgcsv.com/q-B,2013-11-26T19:03:07.63,1,0.08,0.25,1.41,0.14,,Unlimited,SHSP-EN042,Rare,DARK,Winged Beast,Effect Monster,1200,1800,Cannot be Special Summoned from the Deck. Once per turn: You can change this card to face-down Defense Position. When this card is Flip Summoned: Discard 1 random card from your opponent's hand.
72420,Swarm of Crows,Swarm of Crows,https://tcgplayer-cdn.tcgplayer.com/product/72420_200w.jpg,2,1156,https://cpt.tcgcsv.com/q-B,2013-11-26T19:03:07.63,1,0.08,0.25,1.49,0.15,,1st Edition,SHSP-EN042,Rare,DARK,Winged Beast,Effect Monster,1200,1800,Cannot be Special Summoned from the Deck. Once per turn: You can change this card to face-down Defense Position. When this card is Flip Summoned: Discard 1 random card from your opponent's hand.
72421,Terrene Toothed Tsuchinoko,Terrene Toothed Tsuchinoko,https://tcgplayer-cdn.tcgplayer.com/product/72421_200w.jpg,2,1156,https://cpt.tcgcsv.com/r-B,2013-11-06T15:14:00.36,1,0.05,0.22,1.36,0.08,,Unlimited,SHSP-EN043,Common,EARTH,Reptile,Effect Monster,1600,500,"When this card is Special Summoned: Change all other Special Summoned monsters on the field to face-down Defense Position. You can only use the effect of ""Tsuchinoko"" once per turn."
72421,Terrene Toothed Tsuchinoko,Terrene Toothed Tsuchinoko,https://tcgplayer-cdn.tcgplayer.com/product/72421_200w.jpg,2,1156,https://cpt.tcgcsv.com/r-B,2013-11-06T15:14:00.36,1,0.05,0.21,1.49,0.16,,1st Edition,SHSP-EN043,Common,EARTH,Reptile,Effect Monster,1600,500,"When this card is Special Summoned: Change all other Special Summoned monsters on the field to face-down Defense Position. You can only use the effect of ""Tsuchinoko"" once per turn."
72422,Mistake,Mistake,https://tcgplayer-cdn.tcgplayer.com/product/72422_200w.jpg,2,1156,https://cpt.tcgcsv.com/s-B,2013-11-08T15:38:20.417,1,1.75,2.54,19.99,2.56,,Unlimited,SHSP-EN076,Secret Rare,TRAP,,Continuous Trap,0,0,Neither player can add cards from their Deck to their hand except by drawing them.
72422,Mistake,Mistake,https://tcgplayer-cdn.tcgplayer.com/product/72422_200w.jpg,2,1156,https://cpt.tcgcsv.com/s-B,2013-11-08T15:38:20.417,1,2.81,5.0,19.99,5.04,,1st Edition,SHSP-EN076,Secret Rare,TRAP,,Continuous Trap,0,0,Neither player can add cards from their Deck to their hand except by drawing them.
72423,Vampire Takeover,Vampire Takeover,https://tcgplayer-cdn.tcgplayer.com/product/72423_200w.jpg,2,1156,https://cpt.tcgcsv.com/t-B,2013-11-08T15:28:11.967,1,0.1,0.5,1.99,0.28,,Unlimited,SHSP-EN075,Super Rare,TRAP,,Normal Trap,0,0,"If you have no card in your Field Card Zone and all face-up monsters you control (min. 1) are Zombie-Type: Activate 1 ""Vampire Kingdom"" directly from your Deck, then, you can Special Summon 1 DARK ""Vampire"" monster from your Graveyard in face-up Defense Position. You can only activate 1 ""Vampire Takeover"" per turn."
72423,Vampire Takeover,Vampire Takeover,https://tcgplayer-cdn.tcgplayer.com/product/72423_200w.jpg,2,1156,https://cpt.tcgcsv.com/t-B,2013-11-08T15:28:11.967,1,0.14,0.52,5.99,0.41,,1st Edition,SHSP-EN075,Super Rare,TRAP,,Normal Trap,0,0,"If you have no card in your Field Card Zone and all face-up monsters you control (min. 1) are Zombie-Type: Activate 1 ""Vampire Kingdom"" directly from your Deck, then, you can Special Summon 1 DARK ""Vampire"" monster from your Graveyard in face-up Defense Position. You can only activate 1 ""Vampire Takeover"" per turn."
72424,Risebell the Star Psycher,Risebell the Star Psycher,https://tcgplayer-cdn.tcgplayer.com/product/72424_200w.jpg,2,1156,https://cpt.tcgcsv.com/v-B,2013-11-11T14:08:28.75,1,0.1,0.25,1.41,0.16,,Unlimited,SHSP-EN044,Common,WIND,Psychic,Effect Monster,1500,1500,"Once per turn, during either player's turn: You can target 1 face-up monster on the field; increase that monster's Level by 1."
72424,Risebell the Star Psycher,Risebell the Star Psycher,https://tcgplayer-cdn.tcgplayer.com/product/72424_200w.jpg,2,1156,https://cpt.tcgcsv.com/v-B,2013-11-11T14:08:28.75,1,0.09,0.25,1.49,0.2,,1st Edition,SHSP-EN044,Common,WIND,Psychic,Effect Monster,1500,1500,"Once per turn, during either player's turn: You can target 1 face-up monster on the field; increase that monster's Level by 1."
72425,Blue Duston,Blue Duston,https://tcgplayer-cdn.tcgplayer.com/product/72425_200w.jpg,2,1156,https://cpt.tcgcsv.com/w-B,2013-11-06T15:15:12.673,1,0.11,0.23,1.0,0.2,,Unlimited,SHSP-EN045,Common,WATER,Fiend,Effect Monster,0,1000,"Cannot be used as a Fusion, Synchro, or Xyz Material for a Summon. While this card is face-up on the field, it cannot be Tributed. When this card on the field is destroyed: Banish 1 random card from the controller's hand, face-down, until the next turn's Standby Phase. You can only control 1 face-up ""Blue Duston""."
72425,Blue Duston,Blue Duston,https://tcgplayer-cdn.tcgplayer.com/product/72425_200w.jpg,2,1156,https://cpt.tcgcsv.com/w-B,2013-11-06T15:15:12.673,1,0.08,0.25,1.49,0.23,,1st Edition,SHSP-EN045,Common,WATER,Fiend,Effect Monster,0,1000,"Cannot be used as a Fusion, Synchro, or Xyz Material for a Summon. While this card is face-up on the field, it cannot be Tributed. When this card on the field is destroyed: Banish 1 random card from the controller's hand, face-down, until the next turn's Standby Phase. You can only control 1 face-up ""Blue Duston""."
72426,Ghostrick Scare,Ghostrick Scare,https://tcgplayer-cdn.tcgplayer.com/product/72426_200w.jpg,2,1156,https://cpt.tcgcsv.com/x-B,2013-11-06T15:24:06.2,1,0.25,0.54,2.0,0.41,,Unlimited,SHSP-EN074,Common,TRAP,,Normal Trap,0,0,"Target any number of face-down Defense Position monsters you control; change them to face-up Defense Position, and if you do, change face-up monsters your opponent controls to face-down Defense Position, up to the number of ""Ghostrick"" monsters changed to face-up Defense Position with this effect."
72426,Ghostrick Scare,Ghostrick Scare,https://tcgplayer-cdn.tcgplayer.com/product/72426_200w.jpg,2,1156,https://cpt.tcgcsv.com/x-B,2013-11-06T15:24:06.2,1,0.29,0.56,2.5,0.55,,1st Edition,SHSP-EN074,Common,TRAP,,Normal Trap,0,0,"Target any number of face-down Defense Position monsters you control; change them to face-up Defense Position, and if you do, change face-up monsters your opponent controls to face-down Defense Position, up to the number of ""Ghostrick"" monsters changed to face-up Defense Position with this effect."
72427,Number C96: Dark Storm,Number C96 Dark Storm,https://tcgplayer-cdn.tcgplayer.com/product/72427_200w.jpg,2,1156,https://cpt.tcgcsv.com/z-B,2013-11-08T15:25:23.66,1,0.5,0.76,19.97,0.66,,Unlimited,SHSP-EN046,Super Rare,DARK,Fiend,Xyz/Effect Monster,1000,1000,"4 Level 3 DARK monsters
This card cannot be destroyed by battle, also all battle damage you take from battles involving this card is also inflicted to your opponent. If this card has ""Number 96: Dark Mist"" as an Xyz Material, it gains this effect.
Once per battle, during either player's turn, when an attack is declared involving this card and an opponent's monster: You can detach 1 Xyz Material from this card; the ATK of that opponent's monster becomes 0, and if it does, this card gains ATK equal to that monster's original ATK."
72427,Number C96: Dark Storm,Number C96 Dark Storm,https://tcgplayer-cdn.tcgplayer.com/product/72427_200w.jpg,2,1156,https://cpt.tcgcsv.com/z-B,2013-11-08T15:25:23.66,1,0.2,0.99,19.97,1.1,,1st Edition,SHSP-EN046,Super Rare,DARK,Fiend,Xyz/Effect Monster,1000,1000,"4 Level 3 DARK monsters
This card cannot be destroyed by battle, also all battle damage you take from battles involving this card is also inflicted to your opponent. If this card has ""Number 96: Dark Mist"" as an Xyz Material, it gains this effect.
Once per battle, during either player's turn, when an attack is declared involving this card and an opponent's monster: You can detach 1 Xyz Material from this card; the ATK of that opponent's monster becomes 0, and if it does, this card gains ATK equal to that monster's original ATK."
72428,Number 65: Djinn Buster,Number 65 Djinn Buster,https://tcgplayer-cdn.tcgplayer.com/product/72428_200w.jpg,2,1156,https://cpt.tcgcsv.com/B-B,2013-11-08T15:44:26.797,1,0.2,0.5,5.35,0.42,,Unlimited,SHSP-EN047,Rare,DARK,Fiend,Xyz/Effect Monster,1300,0,"2 Level 2 DARK monsters
During either player's turn, when an effect of an opponent's monster is activated: You can detach 2 Xyz Materials from this card; negate the activation, and if you do, inflict 500 damage to your opponent."
72428,Number 65: Djinn Buster,Number 65 Djinn Buster,https://tcgplayer-cdn.tcgplayer.com/product/72428_200w.jpg,2,1156,https://cpt.tcgcsv.com/B-B,2013-11-08T15:44:26.797,1,0.05,0.67,16.0,0.52,,1st Edition,SHSP-EN047,Rare,DARK,Fiend,Xyz/Effect Monster,1300,0,"2 Level 2 DARK monsters
During either player's turn, when an effect of an opponent's monster is activated: You can detach 2 Xyz Materials from this card; negate the activation, and if you do, inflict 500 damage to your opponent."
72429,Ghostrick Vanish,Ghostrick Vanish,https://tcgplayer-cdn.tcgplayer.com/product/72429_200w.jpg,2,1156,https://cpt.tcgcsv.com/C-B,2013-11-06T15:24:08.82,1,0.15,0.29,1.49,0.19,,Unlimited,SHSP-EN073,Common,TRAP,,Normal Trap,0,0,"Reveal 1 ""Ghostrick"" monster in your hand; this turn, ""Ghostrick"" cards you control and face-down Defense Position monsters you control cannot be targeted by, or destroyed by, card effects."
72429,Ghostrick Vanish,Ghostrick Vanish,https://tcgplayer-cdn.tcgplayer.com/product/72429_200w.jpg,2,1156,https://cpt.tcgcsv.com/C-B,2013-11-06T15:24:08.82,1,0.1,0.28,1.49,0.22,,1st Edition,SHSP-EN073,Common,TRAP,,Normal Trap,0,0,"Reveal 1 ""Ghostrick"" monster in your hand; this turn, ""Ghostrick"" cards you control and face-down Defense Position monsters you control cannot be targeted by, or destroyed by, card effects."
72430,Number C65: King Overfiend,Number C65 King Overfiend,https://tcgplayer-cdn.tcgplayer.com/product/72430_200w.jpg,2,1156,https://cpt.tcgcsv.com/D-B,2013-11-08T15:29:35.46,1,0.19,0.5,5.0,0.52,,Unlimited,SHSP-EN048,Rare,DARK,Fiend,Xyz/Effect Monster,1600,0,"3 Level 3 DARK monsters
Once per turn: You can detach 1 Xyz Material from this card, then target 1 face-up monster your opponent controls; that target loses 1000 ATK and DEF. If this card has ""Number 65: Djinn Buster"" as an Xyz Material, it gains this effect."
72430,Number C65: King Overfiend,Number C65 King Overfiend,https://tcgplayer-cdn.tcgplayer.com/product/72430_200w.jpg,2,1156,https://cpt.tcgcsv.com/D-B,2013-11-08T15:29:35.46,1,0.34,0.52,4.5,0.44,,1st Edition,SHSP-EN048,Rare,DARK,Fiend,Xyz/Effect Monster,1600,0,"3 Level 3 DARK monsters
Once per turn: You can detach 1 Xyz Material from this card, then target 1 face-up monster your opponent controls; that target loses 1000 ATK and DEF. If this card has ""Number 65: Djinn Buster"" as an Xyz Material, it gains this effect."
72431,Intrigue Shield,Intrigue Shield,https://tcgplayer-cdn.tcgplayer.com/product/72431_200w.jpg,2,1156,https://cpt.tcgcsv.com/F-B,2013-11-06T14:25:28.993,1,0.06,0.25,1.37,0.16,,Unlimited,SHSP-EN072,Common,TRAP,,Normal Trap,0,0,"Target 1 face-up monster you control; equip this card to that target. Once per turn, that face-up Attack Position monster cannot be destroyed by battle. You take no battle damage from battles involving the equipped monster."
72431,Intrigue Shield,Intrigue Shield,https://tcgplayer-cdn.tcgplayer.com/product/72431_200w.jpg,2,1156,https://cpt.tcgcsv.com/F-B,2013-11-06T14:25:28.993,1,0.05,0.25,1.49,0.19,,1st Edition,SHSP-EN072,Common,TRAP,,Normal Trap,0,0,"Target 1 face-up monster you control; equip this card to that target. Once per turn, that face-up Attack Position monster cannot be destroyed by battle. You take no battle damage from battles involving the equipped monster."
72432,Numbers Overlay Boost,Numbers Overlay Boost,https://tcgplayer-cdn.tcgplayer.com/product/72432_200w.jpg,2,1156,https://cpt.tcgcsv.com/G-B,2013-11-06T15:24:11.187,1,0.05,0.25,1.7,0.24,,Unlimited,SHSP-EN071,Common,TRAP,,Normal Trap,0,0,"Target 1 ""Number"" Xyz Monster you control that has no Xyz Material; attach 2 monsters from your hand to that monster as Xyz Materials."
72432,Numbers Overlay Boost,Numbers Overlay Boost,https://tcgplayer-cdn.tcgplayer.com/product/72432_200w.jpg,2,1156,https://cpt.tcgcsv.com/G-B,2013-11-06T15:24:11.187,1,0.05,0.23,1.49,0.21,,1st Edition,SHSP-EN071,Common,TRAP,,Normal Trap,0,0,"Target 1 ""Number"" Xyz Monster you control that has no Xyz Material; attach 2 monsters from your hand to that monster as Xyz Materials."
72433,Battlin' Boxer Cheat Commissioner,Battlin Boxer Cheat Commissioner,https://tcgplayer-cdn.tcgplayer.com/product/72433_200w.jpg,2,1156,https://cpt.tcgcsv.com/H-B,2013-11-03T17:44:33.963,1,0.09,0.27,1.49,0.19,,Unlimited,SHSP-EN049,Rare,FIRE,Warior,Xyz/Effect Monster,0,1300,"2 Level 3 monsters
All monsters your opponent controls must attack, if able. While you control another ""Battlin' Boxer"" monster, your opponent cannot target this card for attacks. When an attack is declared involving another ""Battlin' Boxer"" monster you control and an opponent's monster: You can detach 2 Xyz Materials from this card; look at your opponent's hand, then Set 1 Spell Card directly from their hand onto your side of the field."
72433,Battlin' Boxer Cheat Commissioner,Battlin Boxer Cheat Commissioner,https://tcgplayer-cdn.tcgplayer.com/product/72433_200w.jpg,2,1156,https://cpt.tcgcsv.com/H-B,2013-11-03T17:44:33.963,1,0.05,0.25,2.25,0.18,,1st Edition,SHSP-EN049,Rare,FIRE,Warior,Xyz/Effect Monster,0,1300,"2 Level 3 monsters
All monsters your opponent controls must attack, if able. While you control another ""Battlin' Boxer"" monster, your opponent cannot target this card for attacks. When an attack is declared involving another ""Battlin' Boxer"" monster you control and an opponent's monster: You can detach 2 Xyz Materials from this card; look at your opponent's hand, then Set 1 Spell Card directly from their hand onto your side of the field."
72434,Burst Rebirth,Burst Rebirth,https://tcgplayer-cdn.tcgplayer.com/product/72434_200w.jpg,2,1156,https://cpt.tcgcsv.com/J-B,2013-11-08T15:35:33.1,1,0.15,0.31,1.23,0.32,,Unlimited,SHSP-EN070,Rare,TRAP,,Normal Trap,0,0,"Pay 2000 Life Points, then target 1 monster in your Graveyard; Special Summon it in face-down Defense Position."
72434,Burst Rebirth,Burst Rebirth,https://tcgplayer-cdn.tcgplayer.com/product/72434_200w.jpg,2,1156,https://cpt.tcgcsv.com/J-B,2013-11-08T15:35:33.1,1,0.1,0.3,3.66,0.27,,1st Edition,SHSP-EN070,Rare,TRAP,,Normal Trap,0,0,"Pay 2000 Life Points, then target 1 monster in your Graveyard; Special Summon it in face-down Defense Position."
72435,Number 46: Dragluon,Number 46 Dragluon,https://tcgplayer-cdn.tcgplayer.com/product/72435_200w.jpg,2,1156,https://cpt.tcgcsv.com/K-B,2021-07-20T13:02:36.25,1,12.99,13.0,13.0,13.04,,Unlimited,SHSP-EN050,Super Rare,LIGHT,Dragon,Xyz/Effect Monster,3000,3000,"2 Level 8 Dragon-Type monsters
Once per turn, if you control no other monsters: You can detach 1 Xyz Material from this card, then activate 1 of these effects.
Special Summon 1 Dragon-Type monster from your hand.
Target 1 Dragon-Type monster your opponent controls; take control of that target.
Dragon-Type monsters your opponent controls cannot activate their effects until the end of your opponent's turn."
72435,Number 46: Dragluon,Number 46 Dragluon,https://tcgplayer-cdn.tcgplayer.com/product/72435_200w.jpg,2,1156,https://cpt.tcgcsv.com/K-B,2021-07-20T13:02:36.25,1,12.32,14.99,44.29,12.53,,1st Edition,SHSP-EN050,Super Rare,LIGHT,Dragon,Xyz/Effect Monster,3000,3000,"2 Level 8 Dragon-Type monsters
Once per turn, if you control no other monsters: You can detach 1 Xyz Material from this card, then activate 1 of these effects.
Special Summon 1 Dragon-Type monster from your hand.
Target 1 Dragon-Type monster your opponent controls; take control of that target.
Dragon-Type monsters your opponent controls cannot activate their effects until the end of your opponent's turn."
72436,Magicalized Duston Mop,Magicalized Duston Mop,https://tcgplayer-cdn.tcgplayer.com/product/72436_200w.jpg,2,1156,https://cpt.tcgcsv.com/L-B,2014-09-25T13:39:53.513,1,0.17,0.47,1.7,0.27,,Unlimited,SHSP-EN069,Common,SPELL,,Equip Spell,0,0,"The equipped monster cannot be used as a Fusion, Synchro, or Xyz Material for a Summon, and it cannot be Tributed. When this card on the field is destroyed by your opponent's card effect and sent to the Graveyard: You can add 1 ""Duston"" monster from your Deck to your hand. You can only control 1 ""Duston Mop""."
72436,Magicalized Duston Mop,Magicalized Duston Mop,https://tcgplayer-cdn.tcgplayer.com/product/72436_200w.jpg,2,1156,https://cpt.tcgcsv.com/L-B,2014-09-25T13:39:53.513,1,0.18,0.37,1.49,0.37,,1st Edition,SHSP-EN069,Common,SPELL,,Equip Spell,0,0,"The equipped monster cannot be used as a Fusion, Synchro, or Xyz Material for a Summon, and it cannot be Tributed. When this card on the field is destroyed by your opponent's card effect and sent to the Graveyard: You can add 1 ""Duston"" monster from your Deck to your hand. You can only control 1 ""Duston Mop""."
72437,Number 64: Ronin Raccoon Sandayu,Number 64 Ronin Raccoon Sandayu,https://tcgplayer-cdn.tcgplayer.com/product/72437_200w.jpg,2,1156,https://cpt.tcgcsv.com/M-B,2013-11-08T15:41:24.22,1,1.91,2.73,4.18,2.08,,Unlimited,SHSP-EN051,Rare,EARTH,Beast,Xyz/Effect Monster,1000,1000,"2 Level 2 Beast-Type monsters
Once per turn: You can detach 1 Xyz Material from this card; Special Summon 1 ""Kagemusha Raccoon Token"" (Beast-Type/EARTH/Level 1/ATK ?/DEF 0). (When Summoned, its ATK becomes equal to the current ATK of the monster on the field that has the highest ATK. Your choice, if tied.) While you control another Beast-Type monster, this card cannot be destroyed by battle or card effects."
72437,Number 64: Ronin Raccoon Sandayu,Number 64 Ronin Raccoon Sandayu,https://tcgplayer-cdn.tcgplayer.com/product/72437_200w.jpg,2,1156,https://cpt.tcgcsv.com/M-B,2013-11-08T15:41:24.22,1,1.75,3.2,10000.0,2.16,,1st Edition,SHSP-EN051,Rare,EARTH,Beast,Xyz/Effect Monster,1000,1000,"2 Level 2 Beast-Type monsters
Once per turn: You can detach 1 Xyz Material from this card; Special Summon 1 ""Kagemusha Raccoon Token"" (Beast-Type/EARTH/Level 1/ATK ?/DEF 0). (When Summoned, its ATK becomes equal to the current ATK of the monster on the field that has the highest ATK. Your choice, if tied.) While you control another Beast-Type monster, this card cannot be destroyed by battle or card effects."
72438,Sacred Serpent's Wake,Sacred Serpents Wake,https://tcgplayer-cdn.tcgplayer.com/product/72438_200w.jpg,2,1156,https://cpt.tcgcsv.com/N-B,2013-11-12T03:59:19.257,1,0.01,0.22,1.38,0.17,,Unlimited,SHSP-EN068,Common,SPELL,,Normal Spell,0,0,"You can only activate 1 ""Breath of the Valiant"" per turn. If you control 2 or more Fusion, Synchro, Ritual, or Xyz Monsters, apply these effects, depending on the number of different Monster Cards you control.
<br>2 or more: Target either 1 of your banished monsters or 1 monster in your Graveyard; add that target to your hand.
<br>3 or more: Target 1 Trap Card in your Graveyard; add that target to your hand."
72438,Sacred Serpent's Wake,Sacred Serpents Wake,https://tcgplayer-cdn.tcgplayer.com/product/72438_200w.jpg,2,1156,https://cpt.tcgcsv.com/N-B,2013-11-12T03:59:19.257,1,0.03,0.22,5.0,0.09,,1st Edition,SHSP-EN068,Common,SPELL,,Normal Spell,0,0,"You can only activate 1 ""Breath of the Valiant"" per turn. If you control 2 or more Fusion, Synchro, Ritual, or Xyz Monsters, apply these effects, depending on the number of different Monster Cards you control.
<br>2 or more: Target either 1 of your banished monsters or 1 monster in your Graveyard; add that target to your hand.
<br>3 or more: Target 1 Trap Card in your Graveyard; add that target to your hand."
72439,Ghostrick Alucard,Ghostrick Alucard,https://tcgplayer-cdn.tcgplayer.com/product/72439_200w.jpg,2,1156,https://cpt.tcgcsv.com/P-B,2013-11-11T16:32:42.363,1,7.5,10.0,19.99,8.52,,Unlimited,SHSP-EN052,Ultra Rare,DARK,Zombie,Xyz/Effect Monster,1800,1600,"2 Level 3 monsters
Your opponent cannot target other ""Ghostrick"" monsters, or any face-down Defense Position monsters, for attacks. You can detach 1 Xyz Material from this card, then target 1 Set card your opponent controls; destroy that target. You can only use this effect of ""Ghostrick Alucard"" once per turn. If this card is sent to the Graveyard: You can target 1 other ""Ghostrick"" card in your Graveyard; add that target to your hand."
72439,Ghostrick Alucard,Ghostrick Alucard,https://tcgplayer-cdn.tcgplayer.com/product/72439_200w.jpg,2,1156,https://cpt.tcgcsv.com/P-B,2013-11-11T16:32:42.363,1,6.11,9.7,15.99,8.3,,1st Edition,SHSP-EN052,Ultra Rare,DARK,Zombie,Xyz/Effect Monster,1800,1600,"2 Level 3 monsters
Your opponent cannot target other ""Ghostrick"" monsters, or any face-down Defense Position monsters, for attacks. You can detach 1 Xyz Material from this card, then target 1 Set card your opponent controls; destroy that target. You can only use this effect of ""Ghostrick Alucard"" once per turn. If this card is sent to the Graveyard: You can target 1 other ""Ghostrick"" card in your Graveyard; add that target to your hand."
72440,Return of the Monarchs,Return of the Monarchs,https://tcgplayer-cdn.tcgplayer.com/product/72440_200w.jpg,2,1156,https://cpt.tcgcsv.com/Q-B,2013-11-06T15:16:54.69,1,7.65,11.45,14.0,7.88,,Unlimited,SHSP-EN067,Ultra Rare,SPELL,,Continuous Spell,0,0,"You cannot Special Summon monsters from your Extra Deck. When you Tribute Summon a monster: You can activate 1 of these effects. You can only activate 1 of these ""Molding the Monarchs"" effects per turn, and only once that turn. 
<br>Add 1 monster with 2400 ATK and 1000 DEF from your Deck to your hand, except a monster of the same name as that Tribute Summoned monster. 
<br>Add 1 monster with 2800 ATK and 1000 DEF from your Deck to your hand, except a monster of the same name as that Tribute Summoned monster."
72440,Return of the Monarchs,Return of the Monarchs,https://tcgplayer-cdn.tcgplayer.com/product/72440_200w.jpg,2,1156,https://cpt.tcgcsv.com/Q-B,2013-11-06T15:16:54.69,1,9.0,15.99,23.99,9.66,,1st Edition,SHSP-EN067,Ultra Rare,SPELL,,Continuous Spell,0,0,"You cannot Special Summon monsters from your Extra Deck. When you Tribute Summon a monster: You can activate 1 of these effects. You can only activate 1 of these ""Molding the Monarchs"" effects per turn, and only once that turn. 
<br>Add 1 monster with 2400 ATK and 1000 DEF from your Deck to your hand, except a monster of the same name as that Tribute Summoned monster. 
<br>Add 1 monster with 2800 ATK and 1000 DEF from your Deck to your hand, except a monster of the same name as that Tribute Summoned monster."
72441,Bujintei Kagutsuchi,Bujintei Kagutsuchi Ultra Rare,https://tcgplayer-cdn.tcgplayer.com/product/72441_200w.jpg,2,1156,https://cpt.tcgcsv.com/R-B,2013-11-08T15:23:30.98,1,3.14,5.2,18.0,4.18,,Unlimited,SHSP-EN053,Ultra Rare,LIGHT,Beast-Warrior,Xyz Monster,2500,2000,"2 Level 4 Beast-Warrior-Type monsters
When this card is Xyz Summoned: Send the top 5 cards of your Deck to the Graveyard (or your entire Deck, if less than 5), also this card gains 100 ATK for each ""Bujin"" card sent to the Graveyard by this effect. If a ""Bujin"" Beast-Warrior-Type monster(s) you control would be destroyed by battle or by card effect, you can detach 1 Xyz Material from this card instead of destroying 1 of those monsters. You can only control 1 ""Bujintei Kagutsuchi""."
72441,Bujintei Kagutsuchi,Bujintei Kagutsuchi Ultra Rare,https://tcgplayer-cdn.tcgplayer.com/product/72441_200w.jpg,2,1156,https://cpt.tcgcsv.com/R-B,2013-11-08T15:23:30.98,1,3.3,5.08,48.0,4.42,,1st Edition,SHSP-EN053,Ultra Rare,LIGHT,Beast-Warrior,Xyz Monster,2500,2000,"2 Level 4 Beast-Warrior-Type monsters
When this card is Xyz Summoned: Send the top 5 cards of your Deck to the Graveyard (or your entire Deck, if less than 5), also this card gains 100 ATK for each ""Bujin"" card sent to the Graveyard by this effect. If a ""Bujin"" Beast-Warrior-Type monster(s) you control would be destroyed by battle or by card effect, you can detach 1 Xyz Material from this card instead of destroying 1 of those monsters. You can only control 1 ""Bujintei Kagutsuchi""."
72442,Crimson Knight Vampire Bram,Crimson Knight Vampire Bram,https://tcgplayer-cdn.tcgplayer.com/product/72442_200w.jpg,2,1156,https://cpt.tcgcsv.com/S-B,2013-11-06T15:15:24.883,1,0.25,0.45,5.0,0.39,,Unlimited,SHSP-EN054,Ultra Rare,LIGHT,Zombie,Xyz/Effect Monster,2500,0,"2 Level 5 Zombie-Type monsters
You can detach 1 Xyz Material from this card, then target 1 monster in your opponent's Graveyard; Special Summon that target to your side of the field, but if you do, only that monster can attack for the rest of this turn. You can only use this effect of ""Crimson Knight Vampire Bram"" once per turn. During the Standby Phase of the next turn after this card you controlled was destroyed by your opponent's card (either by battle or by card effect) and sent to your Graveyard: Special Summon it from the Graveyard in face-up Defense Position."
72442,Crimson Knight Vampire Bram,Crimson Knight Vampire Bram,https://tcgplayer-cdn.tcgplayer.com/product/72442_200w.jpg,2,1156,https://cpt.tcgcsv.com/S-B,2013-11-06T15:15:24.883,1,0.15,1.0,6.26,0.54,,1st Edition,SHSP-EN054,Ultra Rare,LIGHT,Zombie,Xyz/Effect Monster,2500,0,"2 Level 5 Zombie-Type monsters
You can detach 1 Xyz Material from this card, then target 1 monster in your opponent's Graveyard; Special Summon that target to your side of the field, but if you do, only that monster can attack for the rest of this turn. You can only use this effect of ""Crimson Knight Vampire Bram"" once per turn. During the Standby Phase of the next turn after this card you controlled was destroyed by your opponent's card (either by battle or by card effect) and sent to your Graveyard: Special Summon it from the Graveyard in face-up Defense Position."
72443,Meliae of the Trees,Meliae of the Trees,https://tcgplayer-cdn.tcgplayer.com/product/72443_200w.jpg,2,1156,https://cpt.tcgcsv.com/T-B,2023-11-17T13:26:17.873,1,0.65,1.73,10.99,0.83,,Unlimited,SHSP-EN055,Secret Rare,EARTH,Plant,Xyz/Effect Monster,1700,900,"2 Level 3 EARTH monsters
Once per turn: You can detach 1 Xyz Material from this card, then activate 1 of these effects.
? Send 1 Plant-Type monster from your Deck to the Graveyard.
? Target 1 Plant-Type monster in your Graveyard; Special Summon that target in face-up Defense Position."
72443,Meliae of the Trees,Meliae of the Trees,https://tcgplayer-cdn.tcgplayer.com/product/72443_200w.jpg,2,1156,https://cpt.tcgcsv.com/T-B,2023-11-17T13:26:17.873,1,0.67,2.63,99.99,1.41,,1st Edition,SHSP-EN055,Secret Rare,EARTH,Plant,Xyz/Effect Monster,1700,900,"2 Level 3 EARTH monsters
Once per turn: You can detach 1 Xyz Material from this card, then activate 1 of these effects.
? Send 1 Plant-Type monster from your Deck to the Graveyard.
? Target 1 Plant-Type monster in your Graveyard; Special Summon that target in face-up Defense Position."
72444,Swords at Dawn,Swords at Dawn,https://tcgplayer-cdn.tcgplayer.com/product/72444_200w.jpg,2,1156,https://cpt.tcgcsv.com/V-B,2013-11-03T17:47:20.973,1,0.02,0.25,1.0,0.26,,Unlimited,SHSP-EN066,Rare,SPELL,,Normal Spell,0,0,"Target 1 Equip Spell Card in your Graveyard and 1 appropriate monster on the field; equip the Equip Spell Card to that monster. Destroy that Equip Spell Card during the End Phase. If you activate this card, you cannot Special Summon for the rest of this turn. You can only activate 1 ""Swords at Dawn"" per turn."
72444,Swords at Dawn,Swords at Dawn,https://tcgplayer-cdn.tcgplayer.com/product/72444_200w.jpg,2,1156,https://cpt.tcgcsv.com/V-B,2013-11-03T17:47:20.973,1,0.08,0.25,1.42,0.2,,1st Edition,SHSP-EN066,Rare,SPELL,,Normal Spell,0,0,"Target 1 Equip Spell Card in your Graveyard and 1 appropriate monster on the field; equip the Equip Spell Card to that monster. Destroy that Equip Spell Card during the End Phase. If you activate this card, you cannot Special Summon for the rest of this turn. You can only activate 1 ""Swords at Dawn"" per turn."
72445,Divine Dragon Knight Felgrand,Divine Dragon Knight Felgrand,https://tcgplayer-cdn.tcgplayer.com/product/72445_200w.jpg,2,1156,https://cpt.tcgcsv.com/W-B,2013-11-08T15:15:57,1,12.49,17.74,29.99,14.03,,Unlimited,SHSP-EN056,Secret Rare,LIGHT,Warior,Xyz/Effect Monster,2800,1800,"2 Level 8 monsters
Once per turn, during either player's turn: You can detach 1 Xyz Material from this card, then target 1 face-up monster on the field; this turn, its effects are negated, but it is unaffected by other card effects."
72445,Divine Dragon Knight Felgrand,Divine Dragon Knight Felgrand,https://tcgplayer-cdn.tcgplayer.com/product/72445_200w.jpg,2,1156,https://cpt.tcgcsv.com/W-B,2013-11-08T15:15:57,1,13.22,15.45,22.0,15.18,,1st Edition,SHSP-EN056,Secret Rare,LIGHT,Warior,Xyz/Effect Monster,2800,1800,"2 Level 8 monsters
Once per turn, during either player's turn: You can detach 1 Xyz Material from this card, then target 1 face-up monster on the field; this turn, its effects are negated, but it is unaffected by other card effects."
72446,Pot of Dichotomy,Pot of Dichotomy,https://tcgplayer-cdn.tcgplayer.com/product/72446_200w.jpg,2,1156,https://cpt.tcgcsv.com/X-B,2013-11-03T17:47:12.01,1,2.03,4.0,11.0,2.21,,Unlimited,SHSP-EN065,Secret Rare,SPELL,,Normal Spell,0,0,"At the start of your Main Phase 1: Target 3 monsters with different Types in your Graveyard; Shuffle all 3 into the Deck, then draw 2 cards. You cannot conduct your Battle Phase the turn you activate this card."
72446,Pot of Dichotomy,Pot of Dichotomy,https://tcgplayer-cdn.tcgplayer.com/product/72446_200w.jpg,2,1156,https://cpt.tcgcsv.com/X-B,2013-11-03T17:47:12.01,1,2.83,4.08,12.99,4.2,,1st Edition,SHSP-EN065,Secret Rare,SPELL,,Normal Spell,0,0,"At the start of your Main Phase 1: Target 3 monsters with different Types in your Graveyard; Shuffle all 3 into the Deck, then draw 2 cards. You cannot conduct your Battle Phase the turn you activate this card."
72447,Vampire Kingdom,Vampire Kingdom,https://tcgplayer-cdn.tcgplayer.com/product/72447_200w.jpg,2,1156,https://cpt.tcgcsv.com/Z-B,2013-11-06T15:16:56.597,1,0.05,0.3,1.7,0.24,,Unlimited,SHSP-EN064,Common,SPELL,,Field Spell,0,0,"Zombie-Type monsters gain 500 ATK during damage calculation only. Once per turn, when a card(s) is sent from your opponent's Deck to the Graveyard: Target 1 card on the field; send 1 DARK ""Vampire"" monster from your hand or Deck to the Graveyard, and if you do, destroy that target."
72447,Vampire Kingdom,Vampire Kingdom,https://tcgplayer-cdn.tcgplayer.com/product/72447_200w.jpg,2,1156,https://cpt.tcgcsv.com/Z-B,2013-11-06T15:16:56.597,1,0.07,0.3,8.0,0.16,,1st Edition,SHSP-EN064,Common,SPELL,,Field Spell,0,0,"Zombie-Type monsters gain 500 ATK during damage calculation only. Once per turn, when a card(s) is sent from your opponent's Deck to the Graveyard: Target 1 card on the field; send 1 DARK ""Vampire"" monster from your hand or Deck to the Graveyard, and if you do, destroy that target."
72448,Divine Dragon Knight Felgrand (Ghost Rare),Divine Dragon Knight Felgrand Ghost Rare,https://tcgplayer-cdn.tcgplayer.com/product/72448_200w.jpg,2,1156,https://cpt.tcgcsv.com/--B,2022-05-09T20:18:19.887,1,29.98,37.06,49.99,36.93,,Unlimited,SHSP-EN056,Ghost Rare,LIGHT,Warior,Xyz/Effect Monster,2800,1800,"2 Level 8 monsters
Once per turn, during either player's turn: You can detach 1 Xyz Material from this card, then target 1 face-up monster on the field; this turn, its effects are negated, but it is unaffected by other card effects."
72448,Divine Dragon Knight Felgrand (Ghost Rare),Divine Dragon Knight Felgrand Ghost Rare,https://tcgplayer-cdn.tcgplayer.com/product/72448_200w.jpg,2,1156,https://cpt.tcgcsv.com/--B,2022-05-09T20:18:19.887,1,29.23,44.25,80.0,45.7,,1st Edition,SHSP-EN056,Ghost Rare,LIGHT,Warior,Xyz/Effect Monster,2800,1800,"2 Level 8 monsters
Once per turn, during either player's turn: You can detach 1 Xyz Material from this card, then target 1 face-up monster on the field; this turn, its effects are negated, but it is unaffected by other card effects."
72449,"Puralis, the Purple Pyrotile",Puralis the Purple Pyrotile,https://tcgplayer-cdn.tcgplayer.com/product/72449_200w.jpg,2,1156,https://cpt.tcgcsv.com/_-B,2022-09-15T20:20:46.153,1,0.02,0.25,1.42,0.15,,Unlimited,SHSP-EN057,Rare,LIGHT,Reptile,Synchro/Tuner Monster,800,1400,"1 Tuner + 1 non-Tuner monster
When this card is sent from the field to the Graveyard: All monsters your opponent currently controls lose 500 ATK."
72449,"Puralis, the Purple Pyrotile",Puralis the Purple Pyrotile,https://tcgplayer-cdn.tcgplayer.com/product/72449_200w.jpg,2,1156,https://cpt.tcgcsv.com/_-B,2022-09-15T20:20:46.153,1,0.1,0.28,2.27,0.26,,1st Edition,SHSP-EN057,Rare,LIGHT,Reptile,Synchro/Tuner Monster,800,1400,"1 Tuner + 1 non-Tuner monster
When this card is sent from the field to the Graveyard: All monsters your opponent currently controls lose 500 ATK."
72450,Bujin Regalia - The Mirror,Bujin Regalia The Mirror,https://tcgplayer-cdn.tcgplayer.com/product/72450_200w.jpg,2,1156,https://cpt.tcgcsv.com/0_B,2013-11-08T15:36:03.72,1,0.05,0.25,1.36,0.16,,Unlimited,SHSP-EN063,Rare,SPELL,,Normal Spell,0,0,"At the start of your Main Phase 1, if your opponent controls more monsters than you do and you control a Beast-Warrior-Type ""Bujin"" monster: Until the end of your opponent's next turn, Spell/Trap Cards, and their effects, cannot be activated."
72450,Bujin Regalia - The Mirror,Bujin Regalia The Mirror,https://tcgplayer-cdn.tcgplayer.com/product/72450_200w.jpg,2,1156,https://cpt.tcgcsv.com/0_B,2013-11-08T15:36:03.72,1,0.08,0.25,1.39,0.23,,1st Edition,SHSP-EN063,Rare,SPELL,,Normal Spell,0,0,"At the start of your Main Phase 1, if your opponent controls more monsters than you do and you control a Beast-Warrior-Type ""Bujin"" monster: Until the end of your opponent's next turn, Spell/Trap Cards, and their effects, cannot be activated."
72451,Ghostrick Mansion,Ghostrick Mansion,https://tcgplayer-cdn.tcgplayer.com/product/72451_200w.jpg,2,1156,https://cpt.tcgcsv.com/2_B,2018-08-31T12:47:02.14,1,0.25,0.5,1.75,0.42,,Unlimited,SHSP-EN062,Common,SPELL,,Field Spell,,,"Monsters cannot attack face-down Defense Position monsters, but can attack directly if all monsters their opponent controls are face-down Defense Position. All effect damage, and battle damage inflicted by monsters other than ""Ghostrick"" monsters, is halved."
72451,Ghostrick Mansion,Ghostrick Mansion,https://tcgplayer-cdn.tcgplayer.com/product/72451_200w.jpg,2,1156,https://cpt.tcgcsv.com/2_B,2018-08-31T12:47:02.14,1,0.3,0.51,1.75,0.45,,1st Edition,SHSP-EN062,Common,SPELL,,Field Spell,,,"Monsters cannot attack face-down Defense Position monsters, but can attack directly if all monsters their opponent controls are face-down Defense Position. All effect damage, and battle damage inflicted by monsters other than ""Ghostrick"" monsters, is halved."
72452,Giganticastle,Giganticastle,https://tcgplayer-cdn.tcgplayer.com/product/72452_200w.jpg,2,1156,https://cpt.tcgcsv.com/3_B,2013-11-06T14:23:37.48,1,0.13,0.35,1.44,0.23,,Unlimited,SHSP-EN058,Rare,EARTH,Rock,Synchro/Effect Monster,2900,2800,"1 Tuner + 1 or more non-Tuner monsters
This card gains 200 ATK and DEF for each non-Tuner monster used as a Synchro Material Monster for the Synchro Summon of this card."
72452,Giganticastle,Giganticastle,https://tcgplayer-cdn.tcgplayer.com/product/72452_200w.jpg,2,1156,https://cpt.tcgcsv.com/3_B,2013-11-06T14:23:37.48,1,0.14,0.3,1.94,0.25,,1st Edition,SHSP-EN058,Rare,EARTH,Rock,Synchro/Effect Monster,2900,2800,"1 Tuner + 1 or more non-Tuner monsters
This card gains 200 ATK and DEF for each non-Tuner monster used as a Synchro Material Monster for the Synchro Summon of this card."
72453,Dragon Shield,Dragon Shield,https://tcgplayer-cdn.tcgplayer.com/product/72453_200w.jpg,2,1156,https://cpt.tcgcsv.com/5_B,2013-11-06T15:17:06.943,1,0.13,0.24,1.75,0.2,,Unlimited,SHSP-EN061,Common,SPELL,,Equip Spell,0,0,Equip only to a Dragon-Type monster. It cannot be destroyed by battle or by card effects. Neither player takes any battle damage from attacks involving it.
72453,Dragon Shield,Dragon Shield,https://tcgplayer-cdn.tcgplayer.com/product/72453_200w.jpg,2,1156,https://cpt.tcgcsv.com/5_B,2013-11-06T15:17:06.943,1,0.1,0.28,1.49,0.38,,1st Edition,SHSP-EN061,Common,SPELL,,Equip Spell,0,0,Equip only to a Dragon-Type monster. It cannot be destroyed by battle or by card effects. Neither player takes any battle damage from attacks involving it.
72454,Gagagatag,Gagagatag,https://tcgplayer-cdn.tcgplayer.com/product/72454_200w.jpg,2,1156,https://cpt.tcgcsv.com/6_B,2013-11-06T15:15:54.453,1,0.08,0.23,1.75,0.14,,Unlimited,SHSP-EN059,Common,SPELL,,Normal Spell,,,"Until your next Standby Phase, each ""Gagaga"" monster you currently control gains 500 ATK for each ""Gagaga"" monster you currently control. You can only activate 1 ""Gagagatag"" per turn."
72454,Gagagatag,Gagagatag,https://tcgplayer-cdn.tcgplayer.com/product/72454_200w.jpg,2,1156,https://cpt.tcgcsv.com/6_B,2013-11-06T15:15:54.453,1,0.01,0.23,1.7,0.18,,1st Edition,SHSP-EN059,Common,SPELL,,Normal Spell,,,"Until your next Standby Phase, each ""Gagaga"" monster you currently control gains 500 ATK for each ""Gagaga"" monster you currently control. You can only activate 1 ""Gagagatag"" per turn."
72455,Battlin' Boxing Spirits,Battlin Boxing Spirits,https://tcgplayer-cdn.tcgplayer.com/product/72455_200w.jpg,2,1156,https://cpt.tcgcsv.com/7_B,2014-02-06T15:20:14.47,1,0.15,0.55,3.95,0.48,,Unlimited,SHSP-EN060,Super Rare,SPELL,,Normal Spell,,,"Send the top card of your Deck to the Graveyard, then target 1 ""Battlin' Boxer"" monster in your Graveyard; Special Summon that target in face-up Defense Position. You can only activate 1 ""Battlin' Boxing Spirits"" per turn."
72455,Battlin' Boxing Spirits,Battlin Boxing Spirits,https://tcgplayer-cdn.tcgplayer.com/product/72455_200w.jpg,2,1156,https://cpt.tcgcsv.com/7_B,2014-02-06T15:20:14.47,1,0.18,0.52,5.25,0.45,,1st Edition,SHSP-EN060,Super Rare,SPELL,,Normal Spell,,,"Send the top card of your Deck to the Graveyard, then target 1 ""Battlin' Boxer"" monster in your Graveyard; Special Summon that target in face-up Defense Position. You can only activate 1 ""Battlin' Boxing Spirits"" per turn."
72456,Number C96: Dark Storm (UTR),Number C96 Dark Storm UTR,https://tcgplayer-cdn.tcgplayer.com/product/72456_200w.jpg,2,1156,https://cpt.tcgcsv.com/8_B,2015-11-25T19:00:00.387,1,2.7,3.02,8.0,3.22,,Unlimited,SHSP-EN046,Ultimate Rare,DARK,Fiend,Xyz/Effect Monster,1000,1000,"4 Level 3 DARK monsters
<br>This card cannot be destroyed by battle, also all battle damage you take from battles involving this card is also inflicted to your opponent. If this card has ""Number 96: Dark Mist"" as an Xyz Material, it gains this effect.
Once per battle, during either player's turn, when an attack is declared involving this card and an opponent's monster: You can detach 1 Xyz Material from this card; the ATK of that opponent's monster becomes 0, and if it does, this card gains ATK equal to that monster's original ATK."
72456,Number C96: Dark Storm (UTR),Number C96 Dark Storm UTR,https://tcgplayer-cdn.tcgplayer.com/product/72456_200w.jpg,2,1156,https://cpt.tcgcsv.com/8_B,2015-11-25T19:00:00.387,1,2.98,4.49,32.0,3.8,,1st Edition,SHSP-EN046,Ultimate Rare,DARK,Fiend,Xyz/Effect Monster,1000,1000,"4 Level 3 DARK monsters
<br>This card cannot be destroyed by battle, also all battle damage you take from battles involving this card is also inflicted to your opponent. If this card has ""Number 96: Dark Mist"" as an Xyz Material, it gains this effect.
Once per battle, during either player's turn, when an attack is declared involving this card and an opponent's monster: You can detach 1 Xyz Material from this card; the ATK of that opponent's monster becomes 0, and if it does, this card gains ATK equal to that monster's original ATK."
72457,Number 46: Dragluon (UTR),Number 46 Dragluon UTR,https://tcgplayer-cdn.tcgplayer.com/product/72457_200w.jpg,2,1156,https://cpt.tcgcsv.com/9_B,2021-10-27T20:30:30.877,1,17.99,21.15,29.99,22.2,,Unlimited,SHSP-EN050,Ultimate Rare,LIGHT,Dragon,Xyz/Effect Monster,3000,3000,"2 Level 8 Dragon-Type monsters
<br>Once per turn, if you control no other monsters: You can detach 1 Xyz Material from this card, then activate 1 of these effects.
Special Summon 1 Dragon-Type monster from your hand.
Target 1 Dragon-Type monster your opponent controls; take control of that target.
Dragon-Type monsters your opponent controls cannot activate their effects until the end of your opponent's turn."
72457,Number 46: Dragluon (UTR),Number 46 Dragluon UTR,https://tcgplayer-cdn.tcgplayer.com/product/72457_200w.jpg,2,1156,https://cpt.tcgcsv.com/9_B,2021-10-27T20:30:30.877,1,20.0,21.0,44.99,25.14,,1st Edition,SHSP-EN050,Ultimate Rare,LIGHT,Dragon,Xyz/Effect Monster,3000,3000,"2 Level 8 Dragon-Type monsters
<br>Once per turn, if you control no other monsters: You can detach 1 Xyz Material from this card, then activate 1 of these effects.
Special Summon 1 Dragon-Type monster from your hand.
Target 1 Dragon-Type monster your opponent controls; take control of that target.
Dragon-Type monsters your opponent controls cannot activate their effects until the end of your opponent's turn."
72458,Ghostrick Alucard (UTR),Ghostrick Alucard UTR,https://tcgplayer-cdn.tcgplayer.com/product/72458_200w.jpg,2,1156,https://cpt.tcgcsv.com/b_B,2015-11-25T18:59:20.34,1,22.92,29.25,44.99,21.11,,Unlimited,SHSP-EN052,Ultimate Rare,DARK,Zombie,Xyz Monster,1800,1600,"2 Level 3 monsters
<br>Your opponent cannot target other ""Ghostrick"" monsters, or any face-down Defense Position monsters, for attacks. You can detach 1 Xyz Material from this card, then target 1 Set card your opponent controls; destroy that target. You can only use this effect of ""Ghostrick Alucard"" once per turn. If this card is sent to the Graveyard: You can target 1 other ""Ghostrick"" card in your Graveyard; add that target to your hand."
72458,Ghostrick Alucard (UTR),Ghostrick Alucard UTR,https://tcgplayer-cdn.tcgplayer.com/product/72458_200w.jpg,2,1156,https://cpt.tcgcsv.com/b_B,2015-11-25T18:59:20.34,1,25.0,30.0,59.99,25.18,,1st Edition,SHSP-EN052,Ultimate Rare,DARK,Zombie,Xyz Monster,1800,1600,"2 Level 3 monsters
<br>Your opponent cannot target other ""Ghostrick"" monsters, or any face-down Defense Position monsters, for attacks. You can detach 1 Xyz Material from this card, then target 1 Set card your opponent controls; destroy that target. You can only use this effect of ""Ghostrick Alucard"" once per turn. If this card is sent to the Graveyard: You can target 1 other ""Ghostrick"" card in your Graveyard; add that target to your hand."
72459,Bujintei Kagutsuchi (UTR),Bujintei Kagutsuchi UTR,https://tcgplayer-cdn.tcgplayer.com/product/72459_200w.jpg,2,1156,https://cpt.tcgcsv.com/c_B,2015-11-25T18:58:32.55,1,7.99,9.98,39.99,9.25,,Unlimited,SHSP-EN053,Ultimate Rare,LIGHT,Beast-Warrior,Xyz/Effect Monster,2500,2000,"2 Level 4 Beast-Warrior-Type monsters
<br>When this card is Xyz Summoned: Send the top 5 cards of your Deck to the Graveyard (or your entire Deck, if less than 5), also this card gains 100 ATK for each ""Bujin"" card sent to the Graveyard by this effect. If a ""Bujin"" Beast-Warrior-Type monster(s) you control would be destroyed by battle or by card effect, you can detach 1 Xyz Material from this card instead of destroying 1 of those monsters. You can only control 1 ""Bujintei Kagutsuchi""."
72459,Bujintei Kagutsuchi (UTR),Bujintei Kagutsuchi UTR,https://tcgplayer-cdn.tcgplayer.com/product/72459_200w.jpg,2,1156,https://cpt.tcgcsv.com/c_B,2015-11-25T18:58:32.55,1,8.26,12.54,52.99,9.94,,1st Edition,SHSP-EN053,Ultimate Rare,LIGHT,Beast-Warrior,Xyz/Effect Monster,2500,2000,"2 Level 4 Beast-Warrior-Type monsters
<br>When this card is Xyz Summoned: Send the top 5 cards of your Deck to the Graveyard (or your entire Deck, if less than 5), also this card gains 100 ATK for each ""Bujin"" card sent to the Graveyard by this effect. If a ""Bujin"" Beast-Warrior-Type monster(s) you control would be destroyed by battle or by card effect, you can detach 1 Xyz Material from this card instead of destroying 1 of those monsters. You can only control 1 ""Bujintei Kagutsuchi""."
72460,Divine Dragon Knight Felgrand (UTR),Divine Dragon Knight Felgrand UTR,https://tcgplayer-cdn.tcgplayer.com/product/72460_200w.jpg,2,1156,https://cpt.tcgcsv.com/d_B,2015-11-25T18:58:59.22,1,19.49,31.6,99.99,20.18,,Unlimited,SHSP-EN056,Ultimate Rare,LIGHT,Warior,Xyz/Effect Monster,2800,1800,"2 Level 8 monsters
<br>Once per turn, during either player's turn: You can detach 1 Xyz Material from this card, then target 1 face-up monster on the field; this turn, its effects are negated, but it is unaffected by other card effects."
72460,Divine Dragon Knight Felgrand (UTR),Divine Dragon Knight Felgrand UTR,https://tcgplayer-cdn.tcgplayer.com/product/72460_200w.jpg,2,1156,https://cpt.tcgcsv.com/d_B,2015-11-25T18:58:59.22,1,27.93,35.99,45.45,26.86,,1st Edition,SHSP-EN056,Ultimate Rare,LIGHT,Warior,Xyz/Effect Monster,2800,1800,"2 Level 8 monsters
<br>Once per turn, during either player's turn: You can detach 1 Xyz Material from this card, then target 1 face-up monster on the field; this turn, its effects are negated, but it is unaffected by other card effects."
72461,Shadow Specters Special Edition,Shadow Specters Special Edition,https://tcgplayer-cdn.tcgplayer.com/product/72461_200w.jpg,2,1156,https://cpt.tcgcsv.com/f_B,2014-12-05T16:05:48.73,1,16.45,17.03,18.49,16.99,,Normal,,,,,,,,
72462,Ghostrick Ghoul (SHSP-ENSP1),Ghostrick Ghoul SHSP ENSP1,https://tcgplayer-cdn.tcgplayer.com/product/72462_200w.jpg,2,1156,https://cpt.tcgcsv.com/g_B,2022-08-31T14:32:30.643,1,0.82,1.21,2.91,1.32,,Limited,SHSP-ENSP1,Ultra Rare,DARK,Zombie,Effect Monster,1100,1200,"Cannot be Normal Summoned, unless you control a ""Ghostrick"" monster. Once per turn: You can change this card to face-down Defense Position. Once per turn, during your Main Phase 1: You can target 1 ""Ghostrick"" monster you control; its ATK becomes equal to the combined original ATK of all ""Ghostrick"" monsters currently on the field, until your opponent's next End Phase, but if it does, only that monster can attack this turn."
77451,Stardust Dragon,Stardust Dragon,https://tcgplayer-cdn.tcgplayer.com/product/77451_200w.jpg,2,1156,https://cpt.tcgcsv.com/2_D,2014-12-16T16:39:37.293,1,2.0,3.0,8.0,3.21,,Limited,SHSP-ENSE1,Super Rare,WIND,Dragon,Synchro/Effect Monster,2500,2000,"1 Tuner + 1 or more non-Tuner monsters<br>
During either player's turn, when a card or effect is activated that would destroy a card(s) on the field: You can Tribute this card; negate the activation, and if you do, destroy it. During the End Phase, if this effect was activated this turn (and was not negated): You can Special Summon this card from your Graveyard."
77452,Tuning,Tuning,https://tcgplayer-cdn.tcgplayer.com/product/77452_200w.jpg,2,1156,https://cpt.tcgcsv.com/3_D,2015-01-29T18:23:17.523,1,0.1,0.55,3.98,0.48,,Limited,SHSP-ENSE2,Super Rare,SPELL,,Normal Spell,,,"Add 1 ""Synchron"" Tuner monster from your Deck to your hand, then send the top card of your Deck to the Graveyard."
77974,Shadow Specters Booster Pack [Unlimited Edition],Shadow Specters Booster Pack Unlimited Edition,https://tcgplayer-cdn.tcgplayer.com/product/77974_200w.jpg,2,1156,https://cpt.tcgcsv.com/vcF,2019-01-29T13:59:20.317,1,7.98,13.99,14.7,13.95,,Normal,,,,,,,,
82368,Shadow Specters Special Edition Display,Shadow Specters Special Edition Display,https://tcgplayer-cdn.tcgplayer.com/product/82368_200w.jpg,2,1156,https://cpt.tcgcsv.com/nZG,2019-01-29T14:15:31.92,1,100.06,190.99,339.69,,,Normal,,,,,,,,
