productId,name,cleanName,imageUrl,categoryId,groupId,url,modifiedOn,imageCount,extDescription,lowPrice,midPrice,highPrice,marketPrice,directLowPrice,subTypeName,extNumber,extRarity,extAttribute,extMonsterType,extCardType,extAttack,extDefense,extLinkRating,extLinkArrows
175259,Soul Fusion Booster Box,Soul Fusion Booster Box,https://tcgplayer-cdn.tcgplayer.com/product/175259_200w.jpg,2,2327,https://cpt.tcgcsv.com/c7q2,2018-09-06T17:53:47.883,1,"Introducing new Fusion Summoning strategies. Deck themes from the earliest years of Dueling get a new lease on life, and there are more new cards to bolster strategies from recent releases as well.",49.99,85.99,134.97,92.5,,Normal,,,,,,,,,
175260,Soul Fusion Booster Pack,Soul Fusion Booster Pack,https://tcgplayer-cdn.tcgplayer.com/product/175260_200w.jpg,2,2327,https://cpt.tcgcsv.com/d7q2,2018-09-05T17:59:56.677,1,"Introducing new Fusion Summoning strategies. Deck themes from the earliest years of Dueling get a new lease on life, and there are more new cards to bolster strategies from recent releases as well.",4.98,5.0,9.04,4.13,,Normal,,,,,,,,,
175261,Soul Fusion: Special Edition Display,Soul Fusion Special Edition Display,https://tcgplayer-cdn.tcgplayer.com/product/175261_200w.jpg,2,2327,https://cpt.tcgcsv.com/f7q2,2018-09-06T18:00:58.61,1,"Soul Fusion: Special Edition is jam-packed with value! Not only does it include 3 booster packs of Soul Fusion, each box is guaranteed 1 of 2 Super Rare variant cards, as well as 1 of 2 Super Rare preview cards of non-foil cards from the upcoming Winter 2019 booster set!
<br>
<br>Each display comes with 10 Soul Fusion: Special Edition Boxes.",110.0,116.99,139.95,110.0,,Normal,,,,,,,,,
175262,Soul Fusion: Special Edition Box,Soul Fusion Special Edition Box,https://tcgplayer-cdn.tcgplayer.com/product/175262_200w.jpg,2,2327,https://cpt.tcgcsv.com/g7q2,2018-09-06T17:53:59.52,1,"Soul Fusion: Special Edition is jam-packed with value! Not only does it include 3 booster packs of Soul Fusion, each box is guaranteed 1 of 2 Super Rare variant cards, as well as 1 of 2 Super Rare preview cards of non-foil cards from the upcoming Winter 2019 booster set!",14.35,15.96,19.5,14.67,,Normal,,,,,,,,,
177962,Alviss of the Nordic Alfar,Alviss of the Nordic Alfar,https://tcgplayer-cdn.tcgplayer.com/product/177962_200w.jpg,2,2327,https://cpt.tcgcsv.com/gcr2,2025-05-15T20:14:18.963,1,"If only this card is banished by the effect of a “Nordic” Link Monster: You can send to the GY 1 “Nordic” monster you control and 2 “Nordic” monsters from your Deck whose total Levels equal 10, then Special Summon 1 “Aesir” monster from your Extra Deck. If an “Aesir” monster(s) in your possession is sent to your GY by your opponent’s card: You can banish this card from your GY; Special Summon 1 “Aesir” monster from your Extra Deck with a different name from the cards in your GY. You can only use this effect of “Alviss of the Nordic Alfar” once per Duel.",0.14,0.25,1.49,0.17,,Unlimited,SOFU-EN000,Common,LIGHT,Spellcaster,Effect Monster,1500,1000,,
177962,Alviss of the Nordic Alfar,Alviss of the Nordic Alfar,https://tcgplayer-cdn.tcgplayer.com/product/177962_200w.jpg,2,2327,https://cpt.tcgcsv.com/gcr2,2025-05-15T20:14:18.963,1,"If only this card is banished by the effect of a “Nordic” Link Monster: You can send to the GY 1 “Nordic” monster you control and 2 “Nordic” monsters from your Deck whose total Levels equal 10, then Special Summon 1 “Aesir” monster from your Extra Deck. If an “Aesir” monster(s) in your possession is sent to your GY by your opponent’s card: You can banish this card from your GY; Special Summon 1 “Aesir” monster from your Extra Deck with a different name from the cards in your GY. You can only use this effect of “Alviss of the Nordic Alfar” once per Duel.",0.1,0.3,1.49,0.22,,1st Edition,SOFU-EN000,Common,LIGHT,Spellcaster,Effect Monster,1500,1000,,
177963,Clock Wyvern,Clock Wyvern,https://tcgplayer-cdn.tcgplayer.com/product/177963_200w.jpg,2,2327,https://cpt.tcgcsv.com/hcr2,2023-04-28T09:49:17.377,1,"If this card is Normal or Special Summoned: You can halve this card's ATK, and if you do, Special Summon 1 ""Clock Token"" (Cyberse/WIND/Level 1/ATK 0/DEF 0). You can only use this effect of ""Clock Wyvern"" once per turn.",0.05,0.32,1.45,0.27,,1st Edition,SOFU-EN001,Rare,WIND,Cyberse,Effect Monster,1800,1000,,
177963,Clock Wyvern,Clock Wyvern,https://tcgplayer-cdn.tcgplayer.com/product/177963_200w.jpg,2,2327,https://cpt.tcgcsv.com/hcr2,2023-04-28T09:49:17.377,1,"If this card is Normal or Special Summoned: You can halve this card's ATK, and if you do, Special Summon 1 ""Clock Token"" (Cyberse/WIND/Level 1/ATK 0/DEF 0). You can only use this effect of ""Clock Wyvern"" once per turn.",0.14,0.35,2.0,0.21,,Unlimited,SOFU-EN001,Rare,WIND,Cyberse,Effect Monster,1800,1000,,
177964,Salamangreat Meer,Salamangreat Meer,https://tcgplayer-cdn.tcgplayer.com/product/177964_200w.jpg,2,2327,https://cpt.tcgcsv.com/jcr2,2025-05-15T20:14:19.023,1,"If this card is added to your hand, except for your normal draw: You can reveal it; Special Summon this card. If this card is in you hand: You can discard 1 other ""Salamangreat"" card; Special Summon this card. You can only use each effect of ""Salamangreat Meer"" once per turn.",0.05,0.25,1.49,0.23,,1st Edition,SOFU-EN002,Common,FIRE,Cyberse,Effect Monster,800,600,,
177964,Salamangreat Meer,Salamangreat Meer,https://tcgplayer-cdn.tcgplayer.com/product/177964_200w.jpg,2,2327,https://cpt.tcgcsv.com/jcr2,2025-05-15T20:14:19.023,1,"If this card is added to your hand, except for your normal draw: You can reveal it; Special Summon this card. If this card is in you hand: You can discard 1 other ""Salamangreat"" card; Special Summon this card. You can only use each effect of ""Salamangreat Meer"" once per turn.",0.05,0.25,1.5,0.2,,Unlimited,SOFU-EN002,Common,FIRE,Cyberse,Effect Monster,800,600,,
177965,Salamangreat Foxy,Salamangreat Foxy,https://tcgplayer-cdn.tcgplayer.com/product/177965_200w.jpg,2,2327,https://cpt.tcgcsv.com/kcr2,2025-05-15T20:14:19.07,1,"When this card is Normal Summoned: You can excavate the top 3 cards of your Deck, you can add 1 excavated “Salamangreat” card to your hand, also shuffle the rest back into your Deck. If this card is in your GY, and a face-up Spell/Trap is on the field: You can discard 1 “Salamangreat” card; Special Summon this card, then, destroy 1 face-up Spell/Trap on the field. You can only use 1 ""Salamangreat Foxy"" effect per turn, and only once that turn.",0.05,0.24,1.5,0.17,,1st Edition,SOFU-EN003,Common,FIRE,Cyberse,Effect Monster,1000,1200,,
177965,Salamangreat Foxy,Salamangreat Foxy,https://tcgplayer-cdn.tcgplayer.com/product/177965_200w.jpg,2,2327,https://cpt.tcgcsv.com/kcr2,2025-05-15T20:14:19.07,1,"When this card is Normal Summoned: You can excavate the top 3 cards of your Deck, you can add 1 excavated “Salamangreat” card to your hand, also shuffle the rest back into your Deck. If this card is in your GY, and a face-up Spell/Trap is on the field: You can discard 1 “Salamangreat” card; Special Summon this card, then, destroy 1 face-up Spell/Trap on the field. You can only use 1 ""Salamangreat Foxy"" effect per turn, and only once that turn.",0.05,0.2,1.38,0.1,,Unlimited,SOFU-EN003,Common,FIRE,Cyberse,Effect Monster,1000,1200,,
177966,Salamangreat Falco,Salamangreat Falco,https://tcgplayer-cdn.tcgplayer.com/product/177966_200w.jpg,2,2327,https://cpt.tcgcsv.com/lcr2,2018-12-07T12:36:58.67,1,"If this card is sent to the GY: You can target 1 “Salamangreat” Spell/Trap in your GY; Set that target. If this card is in your GY: You can target 1 “Salamangreat” monster you control, except “Salamangreat Falco”; return that target to the hand, and if you do, Special Summon this card. You can only use 1 ""Salamangreat Falco"" effect per turn, and only once that turn.",0.05,0.24,1.55,0.15,0.2,1st Edition,SOFU-EN004,Common,FIRE,Cyberse,Effect Monster,1200,1600,,
177966,Salamangreat Falco,Salamangreat Falco,https://tcgplayer-cdn.tcgplayer.com/product/177966_200w.jpg,2,2327,https://cpt.tcgcsv.com/lcr2,2018-12-07T12:36:58.67,1,"If this card is sent to the GY: You can target 1 “Salamangreat” Spell/Trap in your GY; Set that target. If this card is in your GY: You can target 1 “Salamangreat” monster you control, except “Salamangreat Falco”; return that target to the hand, and if you do, Special Summon this card. You can only use 1 ""Salamangreat Falco"" effect per turn, and only once that turn.",0.03,0.19,1.49,0.11,,Unlimited,SOFU-EN004,Common,FIRE,Cyberse,Effect Monster,1200,1600,,
177967,Salamangreat Jack Jaguar,Salamangreat Jack Jaguar,https://tcgplayer-cdn.tcgplayer.com/product/177967_200w.jpg,2,2327,https://cpt.tcgcsv.com/mcr2,2025-05-15T20:14:19.113,1,"If this card attacks a Defense Position monster, inflict piercing battle damage. If this card is in your GY and you control a “Salamangreat” Link Monster: You can target 1 “Salamangreat” monster in your GY, except “Salamangreat Jack Jaguar”; shuffle it into the Deck, and if you do, Special Summon this card to your zone a “Salamangreat” Link Monster you control points to. You can only use this effect of ""Salamangreat Jack Jaguar"" once per turn.",0.03,0.22,1.49,0.11,,1st Edition,SOFU-EN005,Common,FIRE,Cyberse,Effect Monster,1800,1200,,
177967,Salamangreat Jack Jaguar,Salamangreat Jack Jaguar,https://tcgplayer-cdn.tcgplayer.com/product/177967_200w.jpg,2,2327,https://cpt.tcgcsv.com/mcr2,2025-05-15T20:14:19.113,1,"If this card attacks a Defense Position monster, inflict piercing battle damage. If this card is in your GY and you control a “Salamangreat” Link Monster: You can target 1 “Salamangreat” monster in your GY, except “Salamangreat Jack Jaguar”; shuffle it into the Deck, and if you do, Special Summon this card to your zone a “Salamangreat” Link Monster you control points to. You can only use this effect of ""Salamangreat Jack Jaguar"" once per turn.",0.01,0.22,1.36,0.15,,Unlimited,SOFU-EN005,Common,FIRE,Cyberse,Effect Monster,1800,1200,,
177968,Dinowrestler Capaptera,Dinowrestler Capaptera,https://tcgplayer-cdn.tcgplayer.com/product/177968_200w.jpg,2,2327,https://cpt.tcgcsv.com/ncr2,2025-05-15T20:14:19.16,1,"If your opponent controls more monsters than you do: You can target 1 monster your opponent controls; send it to the GY. You can only use this effect of ""Dinowrestler Capaptera"" once per turn. If this card is sent to the GY as Link Material for the Link Summon of a ""Dinowrestler"" monster: that Link Monster gains 1000 ATK until the end of the turn.",0.04,0.23,1.49,0.16,,1st Edition,SOFU-EN007,Common,WIND,Dinosaur,Effect Monster,1600,0,,
177968,Dinowrestler Capaptera,Dinowrestler Capaptera,https://tcgplayer-cdn.tcgplayer.com/product/177968_200w.jpg,2,2327,https://cpt.tcgcsv.com/ncr2,2025-05-15T20:14:19.16,1,"If your opponent controls more monsters than you do: You can target 1 monster your opponent controls; send it to the GY. You can only use this effect of ""Dinowrestler Capaptera"" once per turn. If this card is sent to the GY as Link Material for the Link Summon of a ""Dinowrestler"" monster: that Link Monster gains 1000 ATK until the end of the turn.",0.05,0.2,1.49,0.17,,Unlimited,SOFU-EN007,Common,WIND,Dinosaur,Effect Monster,1600,0,,
177969,Dinowrestler Capoeiraptor,Dinowrestler Capoeiraptor,https://tcgplayer-cdn.tcgplayer.com/product/177969_200w.jpg,2,2327,https://cpt.tcgcsv.com/pcr2,2025-05-15T20:14:19.19,1,"This face-up Attack Position card cannot be destroyed by battle, also, if this card is attacked, it is changed to Defense Position at the end of the Damage Step. During the Standby Phase, if this card is in face-up Defense Position: You can Special Summon 1 “Dinowrestler Capoeiraptor” from your Deck. You can only use this effect of “Dinowrestler Capoeiraptor” once per turn.",0.05,0.19,1.39,0.17,,Unlimited,SOFU-EN006,Common,EARTH,Dinosaur,Effect Monster,1800,0,,
177969,Dinowrestler Capoeiraptor,Dinowrestler Capoeiraptor,https://tcgplayer-cdn.tcgplayer.com/product/177969_200w.jpg,2,2327,https://cpt.tcgcsv.com/pcr2,2025-05-15T20:14:19.19,1,"This face-up Attack Position card cannot be destroyed by battle, also, if this card is attacked, it is changed to Defense Position at the end of the Damage Step. During the Standby Phase, if this card is in face-up Defense Position: You can Special Summon 1 “Dinowrestler Capoeiraptor” from your Deck. You can only use this effect of “Dinowrestler Capoeiraptor” once per turn.",0.04,0.23,1.49,0.18,,1st Edition,SOFU-EN006,Common,EARTH,Dinosaur,Effect Monster,1800,0,,
177970,Dinowrestler Systegosaur,Dinowrestler Systegosaur,https://tcgplayer-cdn.tcgplayer.com/product/177970_200w.jpg,2,2327,https://cpt.tcgcsv.com/qcr2,2025-05-15T20:14:19.237,1,"If this card is Special Summoned: You can add 1 “Dinowrestler” monster or 1 “World Dino Wrestling” from your Deck to your hand. During the End Phase, if this card is in the GY because it was sent there this turn, and your opponent controls more monsters than you: You can target 1 “Dinowrestler” monster in your GY, except “Dinowrestler Systego”; Special Summon that target. You can only use each effect of “Dinowrestler Systego” once per turn.",0.05,0.2,1.49,0.17,,1st Edition,SOFU-EN008,Common,EARTH,Dinosaur,Effect Monster,1900,0,,
177970,Dinowrestler Systegosaur,Dinowrestler Systegosaur,https://tcgplayer-cdn.tcgplayer.com/product/177970_200w.jpg,2,2327,https://cpt.tcgcsv.com/qcr2,2025-05-15T20:14:19.237,1,"If this card is Special Summoned: You can add 1 “Dinowrestler” monster or 1 “World Dino Wrestling” from your Deck to your hand. During the End Phase, if this card is in the GY because it was sent there this turn, and your opponent controls more monsters than you: You can target 1 “Dinowrestler” monster in your GY, except “Dinowrestler Systego”; Special Summon that target. You can only use each effect of “Dinowrestler Systego” once per turn.",0.04,0.2,1.49,0.18,,Unlimited,SOFU-EN008,Common,EARTH,Dinosaur,Effect Monster,1900,0,,
177971,Dinowrestler Pankratops,Dinowrestler Pankratops,https://tcgplayer-cdn.tcgplayer.com/product/177971_200w.jpg,2,2327,https://cpt.tcgcsv.com/rcr2,2025-05-15T20:14:19.283,1,"If your opponent controls more monsters than you do, you can Special Summon this card (from your hand). You can only Special Summon “Dinowrestler Pankratops” once per turn this way. (Quick Effect): You can Tribute 1 “Dinowrestler” monster, then target 1 card your opponent controls; destroy it. You can only use this effect of “Dinowrestler Pankratops” once per turn.",0.1,0.46,1.99,0.24,,Unlimited,SOFU-EN009,Common,EARTH,Dinosaur,Effect Monster,2600,0,,
177971,Dinowrestler Pankratops,Dinowrestler Pankratops,https://tcgplayer-cdn.tcgplayer.com/product/177971_200w.jpg,2,2327,https://cpt.tcgcsv.com/rcr2,2025-05-15T20:14:19.283,1,"If your opponent controls more monsters than you do, you can Special Summon this card (from your hand). You can only Special Summon “Dinowrestler Pankratops” once per turn this way. (Quick Effect): You can Tribute 1 “Dinowrestler” monster, then target 1 card your opponent controls; destroy it. You can only use this effect of “Dinowrestler Pankratops” once per turn.",0.17,0.35,1.99,0.25,,1st Edition,SOFU-EN009,Common,EARTH,Dinosaur,Effect Monster,2600,0,,
177972,Galaxy Cleric,Galaxy Cleric,https://tcgplayer-cdn.tcgplayer.com/product/177972_200w.jpg,2,2327,https://cpt.tcgcsv.com/scr2,2025-05-15T20:14:19.377,1,"You can target 1 “Photon” or “Galaxy” Xyz Monster you control; attach this card in your hand to it as material. If this card is Normal or Special Summoned: You can target 5 “Photon” and/or “Galaxy” cards with different names in your GY; shuffle all 5 into the Deck, and if you do, draw 2 cards. You can only use 1 “Galaxy Cleric” effect per turn, and only once that turn.",0.05,0.27,1.55,0.27,,1st Edition,SOFU-EN010,Common,LIGHT,Spellcaster,Effect Monster,1500,600,,
177972,Galaxy Cleric,Galaxy Cleric,https://tcgplayer-cdn.tcgplayer.com/product/177972_200w.jpg,2,2327,https://cpt.tcgcsv.com/scr2,2025-05-15T20:14:19.377,1,"You can target 1 “Photon” or “Galaxy” Xyz Monster you control; attach this card in your hand to it as material. If this card is Normal or Special Summoned: You can target 5 “Photon” and/or “Galaxy” cards with different names in your GY; shuffle all 5 into the Deck, and if you do, draw 2 cards. You can only use 1 “Galaxy Cleric” effect per turn, and only once that turn.",0.1,0.22,2.0,0.2,,Unlimited,SOFU-EN010,Common,LIGHT,Spellcaster,Effect Monster,1500,600,,
177973,Galaxy Brave,Galaxy Brave,https://tcgplayer-cdn.tcgplayer.com/product/177973_200w.jpg,2,2327,https://cpt.tcgcsv.com/tcr2,2025-05-15T20:14:19.47,1,"You can reveal 1 “Photon” monster in your hand; Special Summon this card from your hand, and if you do, its Level becomes the revealed monster's Level. If this card is Normal or Special Summoned: You can target 1 “Galaxy” monster in your GY; this card's ATK/DEF become that monster's ATK/DEF. You can only use each effect of “Galaxy Brave” once per turn.",0.1,0.38,1.51,0.32,,Unlimited,SOFU-EN011,Common,LIGHT,Warrior,Effect Monster,0,0,,
177973,Galaxy Brave,Galaxy Brave,https://tcgplayer-cdn.tcgplayer.com/product/177973_200w.jpg,2,2327,https://cpt.tcgcsv.com/tcr2,2025-05-15T20:14:19.47,1,"You can reveal 1 “Photon” monster in your hand; Special Summon this card from your hand, and if you do, its Level becomes the revealed monster's Level. If this card is Normal or Special Summoned: You can target 1 “Galaxy” monster in your GY; this card's ATK/DEF become that monster's ATK/DEF. You can only use each effect of “Galaxy Brave” once per turn.",0.16,0.35,1.51,0.3,,1st Edition,SOFU-EN011,Common,LIGHT,Warrior,Effect Monster,0,0,,
177974,Gravekeeper's Headman,Gravekeepers Headman,https://tcgplayer-cdn.tcgplayer.com/product/177974_200w.jpg,2,2327,https://cpt.tcgcsv.com/vcr2,2022-07-13T07:48:55.413,1,If this card is Summoned: You can target 1 Level 4 “Gravekeeper's” monster in your GY; Special Summon it in face-up Attack Position or face-down Defense Position. This effect cannot be negated by the effect of “Necrovalley”. You can only use this effect of “Gravekeeper's Headman” once per turn.,0.29,0.54,1.83,0.54,0.53,1st Edition,SOFU-EN012,Rare,DARK,Spellcaster,Effect Monster,500,1500,,
177974,Gravekeeper's Headman,Gravekeepers Headman,https://tcgplayer-cdn.tcgplayer.com/product/177974_200w.jpg,2,2327,https://cpt.tcgcsv.com/vcr2,2022-07-13T07:48:55.413,1,If this card is Summoned: You can target 1 Level 4 “Gravekeeper's” monster in your GY; Special Summon it in face-up Attack Position or face-down Defense Position. This effect cannot be negated by the effect of “Necrovalley”. You can only use this effect of “Gravekeeper's Headman” once per turn.,0.33,0.6,1.69,0.57,0.55,Unlimited,SOFU-EN012,Rare,DARK,Spellcaster,Effect Monster,500,1500,,
177975,Gravekeeper's Spiritualist,Gravekeepers Spiritualist,https://tcgplayer-cdn.tcgplayer.com/product/177975_200w.jpg,2,2327,https://cpt.tcgcsv.com/wcr2,2025-05-15T20:14:19.55,1,"If “Necrovalley” is on the field: You can Fusion Summon 1 Spellcaster Fusion Monster from your Extra Deck using monsters from your hand and/or field as material, including this card. You can only use this effect of “Gravekeeper's Spiritualist” once per turn.",0.14,0.3,1.45,0.35,,Unlimited,SOFU-EN013,Common,DARK,Spellcaster,Effect Monster,1500,1500,,
177975,Gravekeeper's Spiritualist,Gravekeepers Spiritualist,https://tcgplayer-cdn.tcgplayer.com/product/177975_200w.jpg,2,2327,https://cpt.tcgcsv.com/wcr2,2025-05-15T20:14:19.55,1,"If “Necrovalley” is on the field: You can Fusion Summon 1 Spellcaster Fusion Monster from your Extra Deck using monsters from your hand and/or field as material, including this card. You can only use this effect of “Gravekeeper's Spiritualist” once per turn.",0.15,0.33,1.8,0.31,,1st Edition,SOFU-EN013,Common,DARK,Spellcaster,Effect Monster,1500,1500,,
177976,Orcust Brass Bombard,Orcust Brass Bombard,https://tcgplayer-cdn.tcgplayer.com/product/177976_200w.jpg,2,2327,https://cpt.tcgcsv.com/xcr2,2025-05-15T20:14:19.59,1,"You can banish this card from your GY; Special Summon 1 “Orcust” monster from your hand, except “Orcust Bass Bombard”, also you cannot Special Summon monsters for the rest of this turn, except DARK monsters. You can only use this effect of “Orcust Bass Bombard” once per turn.",0.35,0.76,4.0,0.77,,Unlimited,SOFU-EN014,Rare,DARK,Machine,Tuner/Effect Monster,500,1900,,
177976,Orcust Brass Bombard,Orcust Brass Bombard,https://tcgplayer-cdn.tcgplayer.com/product/177976_200w.jpg,2,2327,https://cpt.tcgcsv.com/xcr2,2025-05-15T20:14:19.59,1,"You can banish this card from your GY; Special Summon 1 “Orcust” monster from your hand, except “Orcust Bass Bombard”, also you cannot Special Summon monsters for the rest of this turn, except DARK monsters. You can only use this effect of “Orcust Bass Bombard” once per turn.",0.36,0.75,2.0,0.77,,1st Edition,SOFU-EN014,Rare,DARK,Machine,Tuner/Effect Monster,500,1900,,
177977,Orcust Cymbal Skeleton,Orcust Cymbal Skeleton,https://tcgplayer-cdn.tcgplayer.com/product/177977_200w.jpg,2,2327,https://cpt.tcgcsv.com/zcr2,2023-06-05T08:27:16.66,1,"You can banish this card from your GY, then target 1 “Orcust” monster in your GY, except “Orcust Cymbal Skeleton”; Special Summon it, also you cannot Special Summon monsters for the rest of this turn, except DARK monsters. You can only use this effect of “Orcust Cymbal Skeleton” once per turn.",0.44,2.0,9.99,2.27,1.97,Unlimited,SOFU-EN015,Rare,DARK,Machine,Effect Monster,1200,1500,,
177977,Orcust Cymbal Skeleton,Orcust Cymbal Skeleton,https://tcgplayer-cdn.tcgplayer.com/product/177977_200w.jpg,2,2327,https://cpt.tcgcsv.com/zcr2,2023-06-05T08:27:16.66,1,"You can banish this card from your GY, then target 1 “Orcust” monster in your GY, except “Orcust Cymbal Skeleton”; Special Summon it, also you cannot Special Summon monsters for the rest of this turn, except DARK monsters. You can only use this effect of “Orcust Cymbal Skeleton” once per turn.",0.45,1.99,12.0,1.92,,1st Edition,SOFU-EN015,Rare,DARK,Machine,Effect Monster,1200,1500,,
177978,Orcust Harp Horror,Orcust Harp Horror,https://tcgplayer-cdn.tcgplayer.com/product/177978_200w.jpg,2,2327,https://cpt.tcgcsv.com/Bcr2,2020-01-06T15:18:39.307,1,"You can banish this card from your GY; Special Summon 1 “Orcust” monster from your Deck, except “Orcust Harp Horror”, also you cannot Special Summon monsters for the rest of this turn, except DARK monsters. You can only use this effect of “Orcust Harp Horror” once per turn.",0.18,0.49,4.99,0.38,0.44,Unlimited,SOFU-EN016,Rare,DARK,Machine,Effect Monster,1700,1400,,
177978,Orcust Harp Horror,Orcust Harp Horror,https://tcgplayer-cdn.tcgplayer.com/product/177978_200w.jpg,2,2327,https://cpt.tcgcsv.com/Bcr2,2020-01-06T15:18:39.307,1,"You can banish this card from your GY; Special Summon 1 “Orcust” monster from your Deck, except “Orcust Harp Horror”, also you cannot Special Summon monsters for the rest of this turn, except DARK monsters. You can only use this effect of “Orcust Harp Horror” once per turn.",0.2,0.5,5.0,0.34,0.44,1st Edition,SOFU-EN016,Rare,DARK,Machine,Effect Monster,1700,1400,,
177979,"World Legacy - ""World Wand""",World Legacy World Wand,https://tcgplayer-cdn.tcgplayer.com/product/177979_200w.jpg,2,2327,https://cpt.tcgcsv.com/Ccr2,2025-05-15T20:14:19.653,1,"If this card is Normal Summoned/Set, it cannot by destroyed by battle with monsters that were Special Summoned from the Extra Deck. You can only use each of the following effects of “World Legacy - ""World Wand""” once per turn.
<br>• If this card is sent to the GY: You can Special Summon 1 “World Legacy” monster from your hand.
<br>• You can banish this card from your GY, then target 1 of your banished “Orcust” monsters; for the rest of this turn, you cannot Special Summon monsters, except DARK monsters, also Special Summon that monster.",0.16,0.31,1.47,0.32,,Unlimited,SOFU-EN017,Common,DARK,Machine,Effect Monster,500,2500,,
177979,"World Legacy - ""World Wand""",World Legacy World Wand,https://tcgplayer-cdn.tcgplayer.com/product/177979_200w.jpg,2,2327,https://cpt.tcgcsv.com/Ccr2,2025-05-15T20:14:19.653,1,"If this card is Normal Summoned/Set, it cannot by destroyed by battle with monsters that were Special Summoned from the Extra Deck. You can only use each of the following effects of “World Legacy - ""World Wand""” once per turn.
<br>• If this card is sent to the GY: You can Special Summon 1 “World Legacy” monster from your hand.
<br>• You can banish this card from your GY, then target 1 of your banished “Orcust” monsters; for the rest of this turn, you cannot Special Summon monsters, except DARK monsters, also Special Summon that monster.",0.14,0.32,1.99,0.3,,1st Edition,SOFU-EN017,Common,DARK,Machine,Effect Monster,500,2500,,
177980,Thunder Dragonmatrix,Thunder Dragonmatrix,https://tcgplayer-cdn.tcgplayer.com/product/177980_200w.jpg,2,2327,https://cpt.tcgcsv.com/Dcr2,2022-01-14T06:25:12.4,1,"You can discard this card, then target 1 Thunder monster you control (Quick Effect); that target gains 500 ATK. If this card is banished, or sent from the field to the GY: You can add 1 “Thunder Dragonmatrix” from your Deck to your hand. You can only use 1 “Thunder Dragonmatrix” effect per turn, and only once that turn.",0.18,0.39,1.52,0.37,,Unlimited,SOFU-EN018,Rare,LIGHT,Thunder,Effect Monster,0,2000,,
177980,Thunder Dragonmatrix,Thunder Dragonmatrix,https://tcgplayer-cdn.tcgplayer.com/product/177980_200w.jpg,2,2327,https://cpt.tcgcsv.com/Dcr2,2022-01-14T06:25:12.4,1,"You can discard this card, then target 1 Thunder monster you control (Quick Effect); that target gains 500 ATK. If this card is banished, or sent from the field to the GY: You can add 1 “Thunder Dragonmatrix” from your Deck to your hand. You can only use 1 “Thunder Dragonmatrix” effect per turn, and only once that turn.",0.21,0.41,5.0,0.4,,1st Edition,SOFU-EN018,Rare,LIGHT,Thunder,Effect Monster,0,2000,,
177981,Thunder Dragondark,Thunder Dragondark,https://tcgplayer-cdn.tcgplayer.com/product/177981_200w.jpg,2,2327,https://cpt.tcgcsv.com/Fcr2,2022-05-07T04:02:29.9,1,"You can discard this card (Quick Effect); add 1 “Thunder Dragondark” from your Deck to your hand. If this card is banished, or sent from the field to the GY: You can add 1 “Thunder Dragon” card from your Deck to your hand, except “Thunder Dragondark”. You can only use 1 “Thunder Dragondark” effect per turn, and only once that turn.",0.68,1.99,14.29,1.3,1.19,1st Edition,SOFU-EN019,Ultra Rare,DARK,Thunder,Effect Monster,1600,1500,,
177981,Thunder Dragondark,Thunder Dragondark,https://tcgplayer-cdn.tcgplayer.com/product/177981_200w.jpg,2,2327,https://cpt.tcgcsv.com/Fcr2,2022-05-07T04:02:29.9,1,"You can discard this card (Quick Effect); add 1 “Thunder Dragondark” from your Deck to your hand. If this card is banished, or sent from the field to the GY: You can add 1 “Thunder Dragon” card from your Deck to your hand, except “Thunder Dragondark”. You can only use 1 “Thunder Dragondark” effect per turn, and only once that turn.",0.49,1.88,12.0,0.89,1.95,Unlimited,SOFU-EN019,Ultra Rare,DARK,Thunder,Effect Monster,1600,1500,,
177982,Thunder Dragonhawk,Thunder Dragonhawk,https://tcgplayer-cdn.tcgplayer.com/product/177982_200w.jpg,2,2327,https://cpt.tcgcsv.com/Gcr2,2023-12-11T18:43:11.82,1,"You can discard this card; Special Summon 1 of your “Thunder Dragon” monster, that is banished or is in your GY, except “Thunder Dragonhawk”. If this card is banished, or sent from the field to the GY: You can shuffle any number of cards from your hand into the Deck, then draw that same number of cards. You can only use 1 “Thunder Dragonhawk” effect per turn, and only once that turn.",1.14,2.51,9.72,2.27,2.26,1st Edition,SOFU-EN020,Ultra Rare,LIGHT,Thunder,Effect Monster,1800,2200,,
177982,Thunder Dragonhawk,Thunder Dragonhawk,https://tcgplayer-cdn.tcgplayer.com/product/177982_200w.jpg,2,2327,https://cpt.tcgcsv.com/Gcr2,2023-12-11T18:43:11.82,1,"You can discard this card; Special Summon 1 of your “Thunder Dragon” monster, that is banished or is in your GY, except “Thunder Dragonhawk”. If this card is banished, or sent from the field to the GY: You can shuffle any number of cards from your hand into the Deck, then draw that same number of cards. You can only use 1 “Thunder Dragonhawk” effect per turn, and only once that turn.",1.25,2.32,11.76,2.12,2.37,Unlimited,SOFU-EN020,Ultra Rare,LIGHT,Thunder,Effect Monster,1800,2200,,
177983,Thunder Dragonroar,Thunder Dragonroar,https://tcgplayer-cdn.tcgplayer.com/product/177983_200w.jpg,2,2327,https://cpt.tcgcsv.com/Hcr2,2023-01-10T19:46:02.693,1,"You can discard this card; add 1 of your “Thunder Dragon” card, that is banished or is in your GY to your hand, except “Thunder Dragonroar”. If this card is banished, or sent from the field to the GY: You can Special Summon 1 “Thunder Dragon” monster from your Deck, but return it to the hand during the End Phase. You can only use 1 ""Thunder Dragonroar"" effect per turn, and only once that turn.",2.98,5.0,38.77,5.12,,1st Edition,SOFU-EN021,Ultra Rare,DARK,Thunder,Effect Monster,2400,0,,
177983,Thunder Dragonroar,Thunder Dragonroar,https://tcgplayer-cdn.tcgplayer.com/product/177983_200w.jpg,2,2327,https://cpt.tcgcsv.com/Hcr2,2023-01-10T19:46:02.693,1,"You can discard this card; add 1 of your “Thunder Dragon” card, that is banished or is in your GY to your hand, except “Thunder Dragonroar”. If this card is banished, or sent from the field to the GY: You can Special Summon 1 “Thunder Dragon” monster from your Deck, but return it to the hand during the End Phase. You can only use 1 ""Thunder Dragonroar"" effect per turn, and only once that turn.",2.75,5.0,38.77,4.18,3.47,Unlimited,SOFU-EN021,Ultra Rare,DARK,Thunder,Effect Monster,2400,0,,
177984,Thunder Dragonduo,Thunder Dragonduo,https://tcgplayer-cdn.tcgplayer.com/product/177984_200w.jpg,2,2327,https://cpt.tcgcsv.com/Jcr2,2025-05-15T20:14:19.733,1,"Cannot be Normal Summoned/Set. Must first be Special Summoned (from your hand) by banishing 1 LIGHT and 1 DARK monster from your GY. Once per turn, when a monster effect is activated in the hand: This card gains 300 ATK until the end of this turn. When this card destroys an opponent's monster by battle, you can banish 1 card from your GY: Add 1 Thunder monster from your Deck to your hand. Once per turn, during your opponent's End Phase: You can target 1 of your banished cards; place that target on either the top or bottom of your Deck.",0.09,0.33,1.99,0.22,,1st Edition,SOFU-EN022,Super Rare,DARK,Thunder,Effect Monster,2800,0,,
177984,Thunder Dragonduo,Thunder Dragonduo,https://tcgplayer-cdn.tcgplayer.com/product/177984_200w.jpg,2,2327,https://cpt.tcgcsv.com/Jcr2,2025-05-15T20:14:19.733,1,"Cannot be Normal Summoned/Set. Must first be Special Summoned (from your hand) by banishing 1 LIGHT and 1 DARK monster from your GY. Once per turn, when a monster effect is activated in the hand: This card gains 300 ATK until the end of this turn. When this card destroys an opponent's monster by battle, you can banish 1 card from your GY: Add 1 Thunder monster from your Deck to your hand. Once per turn, during your opponent's End Phase: You can target 1 of your banished cards; place that target on either the top or bottom of your Deck.",0.1,0.3,1.98,0.27,,Unlimited,SOFU-EN022,Super Rare,DARK,Thunder,Effect Monster,2800,0,,
177985,Impcantation Penciplume,Impcantation Penciplume,https://tcgplayer-cdn.tcgplayer.com/product/177985_200w.jpg,2,2327,https://cpt.tcgcsv.com/Kcr2,2025-05-15T20:14:19.78,1,"You can reveal 1 Ritual Monster in your hand; Special Summon both this card from your hand and 1 “Impcantation” monster from your Deck, except “Impcantation Penciplume”. If this card is Special Summoned from the Deck: You can target 1 Ritual Monster in your GY; add that target to your hand. You can only use 1 “Impcantation Penciplume” effect per turn, and only once that turn.You cannot Special Summon monsters from the Extra Deck.",0.04,0.24,1.49,0.12,,Unlimited,SOFU-EN023,Common,LIGHT,Psychic,Effect Monster,0,0,,
177985,Impcantation Penciplume,Impcantation Penciplume,https://tcgplayer-cdn.tcgplayer.com/product/177985_200w.jpg,2,2327,https://cpt.tcgcsv.com/Kcr2,2025-05-15T20:14:19.78,1,"You can reveal 1 Ritual Monster in your hand; Special Summon both this card from your hand and 1 “Impcantation” monster from your Deck, except “Impcantation Penciplume”. If this card is Special Summoned from the Deck: You can target 1 Ritual Monster in your GY; add that target to your hand. You can only use 1 “Impcantation Penciplume” effect per turn, and only once that turn.You cannot Special Summon monsters from the Extra Deck.",0.04,0.23,1.99,0.16,,1st Edition,SOFU-EN023,Common,LIGHT,Psychic,Effect Monster,0,0,,
177986,Impcantation Bookstone,Impcantation Bookstone,https://tcgplayer-cdn.tcgplayer.com/product/177986_200w.jpg,2,2327,https://cpt.tcgcsv.com/Lcr2,2025-05-15T20:14:19.84,1,"You can reveal 1 Ritual Spell in your hand; Special Summon both this card from your hand and 1 “Impcantation” monster from your Deck, except “Impcantation Bookstone”. If this card is Special Summoned from the Deck: You can target 1 Ritual Spell in your GY; add it to your hand. You can only use 1 “Impcantation Bookstone” effect per turn, and only once that turn.You cannot Special Summon monsters from the Extra Deck.",0.02,0.25,1.39,0.15,,1st Edition,SOFU-EN024,Common,DARK,Spellcaster,Effect Monster,0,0,,
177986,Impcantation Bookstone,Impcantation Bookstone,https://tcgplayer-cdn.tcgplayer.com/product/177986_200w.jpg,2,2327,https://cpt.tcgcsv.com/Lcr2,2025-05-15T20:14:19.84,1,"You can reveal 1 Ritual Spell in your hand; Special Summon both this card from your hand and 1 “Impcantation” monster from your Deck, except “Impcantation Bookstone”. If this card is Special Summoned from the Deck: You can target 1 Ritual Spell in your GY; add it to your hand. You can only use 1 “Impcantation Bookstone” effect per turn, and only once that turn.You cannot Special Summon monsters from the Extra Deck.",0.05,0.25,1.4,0.21,,Unlimited,SOFU-EN024,Common,DARK,Spellcaster,Effect Monster,0,0,,
177987,Chaos Dragon Levianeer,Chaos Dragon Levianeer,https://tcgplayer-cdn.tcgplayer.com/product/177987_200w.jpg,2,2327,https://cpt.tcgcsv.com/Mcr2,2023-10-31T08:09:41.697,1,"Cannot be Normal Summoned/Set. Must first be Special Summoned (from your hand) by banishing 3 LIGHT and/or DARK monsters from your GY. When Summoned this way: You can apply this effect, based on the Attribute(s) of the monsters banished for the Special Summon, also this card cannot attack for the rest of this turn.
<br>• Only LIGHT: Special Summon 1 monster from your GY in Defense Position.
<br>• Only DARK: Shuffle 1 random card from your opponent's hand into the Deck.
<br>• Both LIGHT and DARK: Destroy up to 2 cards on the field.
You can only use this effect of ""Chaos Dragon Levianeer"" once per turn.",1.95,3.49,12.0,3.49,,Unlimited,SOFU-EN025,Secret Rare,DARK,Dragon,Effect Monster,3000,0,,
177987,Chaos Dragon Levianeer,Chaos Dragon Levianeer,https://tcgplayer-cdn.tcgplayer.com/product/177987_200w.jpg,2,2327,https://cpt.tcgcsv.com/Mcr2,2023-10-31T08:09:41.697,1,"Cannot be Normal Summoned/Set. Must first be Special Summoned (from your hand) by banishing 3 LIGHT and/or DARK monsters from your GY. When Summoned this way: You can apply this effect, based on the Attribute(s) of the monsters banished for the Special Summon, also this card cannot attack for the rest of this turn.
<br>• Only LIGHT: Special Summon 1 monster from your GY in Defense Position.
<br>• Only DARK: Shuffle 1 random card from your opponent's hand into the Deck.
<br>• Both LIGHT and DARK: Destroy up to 2 cards on the field.
You can only use this effect of ""Chaos Dragon Levianeer"" once per turn.",2.3,4.12,30.0,3.46,3.29,1st Edition,SOFU-EN025,Secret Rare,DARK,Dragon,Effect Monster,3000,0,,
177988,Mystrick Hulder,Mystrick Hulder,https://tcgplayer-cdn.tcgplayer.com/product/177988_200w.jpg,2,2327,https://cpt.tcgcsv.com/Ncr2,2023-03-14T15:04:04.72,1,"If this card is Normal or Special Summoned: You can discard 1 card; apply the appropriate effect, based on the card type discarded. You can only use this effect of ""Mystic Huldra"" once per turn.
<br>• Monster: Add 1 Trap from your GY to your hand.
<br>• Spell: Add 1 monster from your GY to your hand.
<br>• Trap: Add 1 Spell from your GY to your hand.",0.1,0.25,1.99,0.16,0.11,1st Edition,SOFU-EN026,Super Rare,DARK,Spellcaster,Effect Monster,1500,2400,,
177988,Mystrick Hulder,Mystrick Hulder,https://tcgplayer-cdn.tcgplayer.com/product/177988_200w.jpg,2,2327,https://cpt.tcgcsv.com/Ncr2,2023-03-14T15:04:04.72,1,"If this card is Normal or Special Summoned: You can discard 1 card; apply the appropriate effect, based on the card type discarded. You can only use this effect of ""Mystic Huldra"" once per turn.
<br>• Monster: Add 1 Trap from your GY to your hand.
<br>• Spell: Add 1 monster from your GY to your hand.
<br>• Trap: Add 1 Spell from your GY to your hand.",0.09,0.28,1.98,0.1,,Unlimited,SOFU-EN026,Super Rare,DARK,Spellcaster,Effect Monster,1500,2400,,
177989,Diana the Light Spirit,Diana the Light Spirit,https://tcgplayer-cdn.tcgplayer.com/product/177989_200w.jpg,2,2327,https://cpt.tcgcsv.com/Pcr2,2018-12-07T12:51:51.04,1,"Cannot be Normal Summoned/Set. Must first be Special Summoned (from your hand) by banishing 1 LIGHT monster from your GY. Once per turn, during your opponent's End Phase: Gain 1000 LP.",0.05,0.22,1.49,0.17,0.11,Unlimited,SOFU-EN027,Common,LIGHT,Thunder,Effect Monster,1700,1000,,
177989,Diana the Light Spirit,Diana the Light Spirit,https://tcgplayer-cdn.tcgplayer.com/product/177989_200w.jpg,2,2327,https://cpt.tcgcsv.com/Pcr2,2018-12-07T12:51:51.04,1,"Cannot be Normal Summoned/Set. Must first be Special Summoned (from your hand) by banishing 1 LIGHT monster from your GY. Once per turn, during your opponent's End Phase: Gain 1000 LP.",0.01,0.2,1.49,0.12,0.11,1st Edition,SOFU-EN027,Common,LIGHT,Thunder,Effect Monster,1700,1000,,
177990,Condemned Witch,Condemned Witch,https://tcgplayer-cdn.tcgplayer.com/product/177990_200w.jpg,2,2327,https://cpt.tcgcsv.com/Qcr2,2025-03-25T04:56:25.55,1,"When this card is Normal Summoned: You can add 1 “Forbidden” Quick-Play Spell from your Deck to your hand. During your opponent’s Main Phase (Quick Effect): You can Tribute this card; Special Summon 1 Level 4 Fairy monster from your Deck, except “Condemned Witch”. You can only use each effect of “Condemned Witch” once per turn.",7.84,11.99,25.0,7.82,,1st Edition,SOFU-EN028,Secret Rare,DARK,Fairy,Effect Monster,100,2000,,
177990,Condemned Witch,Condemned Witch,https://tcgplayer-cdn.tcgplayer.com/product/177990_200w.jpg,2,2327,https://cpt.tcgcsv.com/Qcr2,2025-03-25T04:56:25.55,1,"When this card is Normal Summoned: You can add 1 “Forbidden” Quick-Play Spell from your Deck to your hand. During your opponent’s Main Phase (Quick Effect): You can Tribute this card; Special Summon 1 Level 4 Fairy monster from your Deck, except “Condemned Witch”. You can only use each effect of “Condemned Witch” once per turn.",7.44,9.0,12.99,5.02,,Unlimited,SOFU-EN028,Secret Rare,DARK,Fairy,Effect Monster,100,2000,,
177991,Bearblocker,Bearblocker,https://tcgplayer-cdn.tcgplayer.com/product/177991_200w.jpg,2,2327,https://cpt.tcgcsv.com/Rcr2,2018-12-07T12:52:18.797,1,"During the opponent’s turn, Set cards in your Spell & Trap Zone cannot be destroyed by effects. If a Set card in your Spell & Trap Zone is destroyed by your opponent’s effect: this card gains 800 ATK until the end of the turn.",0.02,0.25,1.33,0.33,,Unlimited,SOFU-EN029,Common,DARK,Fiend,Effect Monster,1600,0,,
177991,Bearblocker,Bearblocker,https://tcgplayer-cdn.tcgplayer.com/product/177991_200w.jpg,2,2327,https://cpt.tcgcsv.com/Rcr2,2018-12-07T12:52:18.797,1,"During the opponent’s turn, Set cards in your Spell & Trap Zone cannot be destroyed by effects. If a Set card in your Spell & Trap Zone is destroyed by your opponent’s effect: this card gains 800 ATK until the end of the turn.",0.02,0.2,1.49,0.16,0.05,1st Edition,SOFU-EN029,Common,DARK,Fiend,Effect Monster,1600,0,,
177992,Gokipole,Gokipole,https://tcgplayer-cdn.tcgplayer.com/product/177992_200w.jpg,2,2327,https://cpt.tcgcsv.com/Scr2,2025-05-15T20:14:19.89,1,"If this card is sent to the GY: You can add 1 Level 4 Insect monster from your Deck to your hand. If you added a Normal Monster by this effect, you can Special Summon it, then you can destroy 1 monster on the field whose ATK is higher than or equal to the ATK of the Special Summoned monster. You can only use this effect of “Gokipole” once per turn.",0.09,0.25,1.4,0.17,,1st Edition,SOFU-EN030,Rare,EARTH,Insect,Effect Monster,1000,1200,,
177992,Gokipole,Gokipole,https://tcgplayer-cdn.tcgplayer.com/product/177992_200w.jpg,2,2327,https://cpt.tcgcsv.com/Scr2,2025-05-15T20:14:19.89,1,"If this card is sent to the GY: You can add 1 Level 4 Insect monster from your Deck to your hand. If you added a Normal Monster by this effect, you can Special Summon it, then you can destroy 1 monster on the field whose ATK is higher than or equal to the ATK of the Special Summoned monster. You can only use this effect of “Gokipole” once per turn.",0.05,0.25,1.4,0.23,,Unlimited,SOFU-EN030,Rare,EARTH,Insect,Effect Monster,1000,1200,,
177993,Token Collector,Token Collector,https://tcgplayer-cdn.tcgplayer.com/product/177993_200w.jpg,2,2327,https://cpt.tcgcsv.com/Tcr2,2025-05-15T20:14:19.95,1,"If a Token is Special Summoned (except during the Damage Step): You can Special Summon this card from the GY (if it was there when that Token was Summoned) or hand (even if not). You can only use this effect of ""Token Collector"" once per turn. If this card is Special Summoned: Destroy as many Tokens on the field as possible, and if you do, this card gains 400 ATK for each Token destroyed. Neither player can Special Summon Tokens.",0.01,0.27,4.5,0.06,,Unlimited,SOFU-EN031,Rare,EARTH,Fiend,Effect Monster,0,2000,,
177993,Token Collector,Token Collector,https://tcgplayer-cdn.tcgplayer.com/product/177993_200w.jpg,2,2327,https://cpt.tcgcsv.com/Tcr2,2025-05-15T20:14:19.95,1,"If a Token is Special Summoned (except during the Damage Step): You can Special Summon this card from the GY (if it was there when that Token was Summoned) or hand (even if not). You can only use this effect of ""Token Collector"" once per turn. If this card is Special Summoned: Destroy as many Tokens on the field as possible, and if you do, this card gains 400 ATK for each Token destroyed. Neither player can Special Summon Tokens.",0.05,0.3,5.32,0.2,,1st Edition,SOFU-EN031,Rare,EARTH,Fiend,Effect Monster,0,2000,,
177994,Two-for-One Team,Two for One Team,https://tcgplayer-cdn.tcgplayer.com/product/177994_200w.jpg,2,2327,https://cpt.tcgcsv.com/Vcr2,2023-05-05T18:18:27.71,1,"Once per turn: You can make both players show 1 card from their hands, and if both the shown cards are the same type of card, apply 1 of these effects, depending on the type.
<br>• Monster: Each player can Special Summons the revealed card. 
<br>• Spell: Each player draws 2 cards. 
<br>• Trap: Each player sends 2 cards from their Deck to the GY.",0.08,0.19,1.39,0.18,,Unlimited,SOFU-EN032,Common,LIGHT,Warrior,Effect Monster,1200,1200,,
177994,Two-for-One Team,Two for One Team,https://tcgplayer-cdn.tcgplayer.com/product/177994_200w.jpg,2,2327,https://cpt.tcgcsv.com/Vcr2,2023-05-05T18:18:27.71,1,"Once per turn: You can make both players show 1 card from their hands, and if both the shown cards are the same type of card, apply 1 of these effects, depending on the type.
<br>• Monster: Each player can Special Summons the revealed card. 
<br>• Spell: Each player draws 2 cards. 
<br>• Trap: Each player sends 2 cards from their Deck to the GY.",0.02,0.22,1.49,0.18,,1st Edition,SOFU-EN032,Common,LIGHT,Warrior,Effect Monster,1200,1200,,
177995,Salamangreat Emerald Eagle,Salamangreat Emerald Eagle,https://tcgplayer-cdn.tcgplayer.com/product/177995_200w.jpg,2,2327,https://cpt.tcgcsv.com/Wcr2,2025-05-15T20:14:19.997,1,"You can Ritual Summon this card with “Rise of the Salamangreat”. If this card was Ritual Summoned using “Salamangreat Emerald Eagle”: You can destroy all Special Summoned monsters your opponent controls. Once per turn: You can Tribute 1 “Salamangreat” Link Monster; this card gains this effect until the end of this turn. • At the start of the Damage Step, if this card battles an opponent’s monster: Destroy that opponent’s monster, and if you do, inflict damage to your opponent equal to that monster’s original ATK.",0.01,0.2,1.49,0.12,,Unlimited,SOFU-EN033,Common,FIRE,Cyberse,Ritual/Effect Monster,2800,2000,,
177995,Salamangreat Emerald Eagle,Salamangreat Emerald Eagle,https://tcgplayer-cdn.tcgplayer.com/product/177995_200w.jpg,2,2327,https://cpt.tcgcsv.com/Wcr2,2025-05-15T20:14:19.997,1,"You can Ritual Summon this card with “Rise of the Salamangreat”. If this card was Ritual Summoned using “Salamangreat Emerald Eagle”: You can destroy all Special Summoned monsters your opponent controls. Once per turn: You can Tribute 1 “Salamangreat” Link Monster; this card gains this effect until the end of this turn. • At the start of the Damage Step, if this card battles an opponent’s monster: Destroy that opponent’s monster, and if you do, inflict damage to your opponent equal to that monster’s original ATK.",0.01,0.2,1.49,0.16,,1st Edition,SOFU-EN033,Common,FIRE,Cyberse,Ritual/Effect Monster,2800,2000,,
177996,Cyberse Clock Dragon,Cyberse Clock Dragon,https://tcgplayer-cdn.tcgplayer.com/product/177996_200w.jpg,2,2327,https://cpt.tcgcsv.com/Xcr2,2022-03-28T08:16:03.923,1,"“Clock Wyvern” + 1+ Link Monsters
<br>When this card is Fusion Summoned: You can send cards from the top of your Deck to the GY, equal to the combined Link Ratings of this card’s materials. Until the end of the next turn, other monsters you control cannot attack, also this card gains 1000 ATK for each card sent to the GY by this effect. If you control a Link Monster, monsters your opponent controls cannot target monsters you control for attacks, except this one, also your opponent cannot target monsters you control with card effects, except this one. If this Fusion Summoned card is sent to the GY by an opponent’s card effect: You can add 1 Spell from your Deck to your hand.",0.2,0.49,2.98,0.34,0.4,Unlimited,SOFU-EN034,Ultra Rare,DARK,Cyberse,Fusion/Effect Monster,2500,2000,,
177996,Cyberse Clock Dragon,Cyberse Clock Dragon,https://tcgplayer-cdn.tcgplayer.com/product/177996_200w.jpg,2,2327,https://cpt.tcgcsv.com/Xcr2,2022-03-28T08:16:03.923,1,"“Clock Wyvern” + 1+ Link Monsters
<br>When this card is Fusion Summoned: You can send cards from the top of your Deck to the GY, equal to the combined Link Ratings of this card’s materials. Until the end of the next turn, other monsters you control cannot attack, also this card gains 1000 ATK for each card sent to the GY by this effect. If you control a Link Monster, monsters your opponent controls cannot target monsters you control for attacks, except this one, also your opponent cannot target monsters you control with card effects, except this one. If this Fusion Summoned card is sent to the GY by an opponent’s card effect: You can add 1 Spell from your Deck to your hand.",0.19,0.5,2.99,0.38,0.45,1st Edition,SOFU-EN034,Ultra Rare,DARK,Cyberse,Fusion/Effect Monster,2500,2000,,
177997,Gravekeeper's Supernaturalist,Gravekeepers Supernaturalist,https://tcgplayer-cdn.tcgplayer.com/product/177997_200w.jpg,2,2327,https://cpt.tcgcsv.com/Zcr2,2025-05-15T20:14:20.047,1,"2 “Gravekeeper's” monsters
<br>Gains ATK/DEF equal to the total original Levels of its Fusion Materials x 100. While “Necrovalley” is on the field, this card and cards in your Field Zone cannot be destroyed by card effects. During your Main Phase: you can activate this effect; Add 1 “Gravekeeper’s” monster or 1 “Necrovalley” card from your Deck to your hand during the End Phase of this turn. You can only this effect of ""Gravekeeper's Supernaturalist"" once per turn.",0.3,0.77,2.79,0.63,,1st Edition,SOFU-EN035,Rare,DARK,Spellcaster,Fusion/Effect Monster,2000,2000,,
177997,Gravekeeper's Supernaturalist,Gravekeepers Supernaturalist,https://tcgplayer-cdn.tcgplayer.com/product/177997_200w.jpg,2,2327,https://cpt.tcgcsv.com/Zcr2,2025-05-15T20:14:20.047,1,"2 “Gravekeeper's” monsters
<br>Gains ATK/DEF equal to the total original Levels of its Fusion Materials x 100. While “Necrovalley” is on the field, this card and cards in your Field Zone cannot be destroyed by card effects. During your Main Phase: you can activate this effect; Add 1 “Gravekeeper’s” monster or 1 “Necrovalley” card from your Deck to your hand during the End Phase of this turn. You can only this effect of ""Gravekeeper's Supernaturalist"" once per turn.",0.46,0.69,2.25,0.56,,Unlimited,SOFU-EN035,Rare,DARK,Spellcaster,Fusion/Effect Monster,2000,2000,,
177998,Thunder Dragon Colossus,Thunder Dragon Colossus,https://tcgplayer-cdn.tcgplayer.com/product/177998_200w.jpg,2,2327,https://cpt.tcgcsv.com/-cr2,2024-03-31T14:24:56.85,1,"""Thunder Dragon"" + 1 Thunder monster
<br>Must be either Fusion Summoned, or Special Summoned during the turn a Thunder monster's effect was activated in the hand, by Tributing 1 Thunder Effect non-Fusion Monster (in which case you do not use ""Polymerization""). Cards cannot be added from the Main Deck to your opponent's hand except by drawing them. If this card would be destroyed by battle or card effect, you can banish 1 Thunder monster from your GY instead.",1.59,3.92,59.99,1.93,16.99,1st Edition,SOFU-EN037,Secret Rare,DARK,Thunder,Fusion/Effect Monster,2600,2400,,
177998,Thunder Dragon Colossus,Thunder Dragon Colossus,https://tcgplayer-cdn.tcgplayer.com/product/177998_200w.jpg,2,2327,https://cpt.tcgcsv.com/-cr2,2024-03-31T14:24:56.85,1,"""Thunder Dragon"" + 1 Thunder monster
<br>Must be either Fusion Summoned, or Special Summoned during the turn a Thunder monster's effect was activated in the hand, by Tributing 1 Thunder Effect non-Fusion Monster (in which case you do not use ""Polymerization""). Cards cannot be added from the Main Deck to your opponent's hand except by drawing them. If this card would be destroyed by battle or card effect, you can banish 1 Thunder monster from your GY instead.",1.69,4.17,53.99,2.3,,Unlimited,SOFU-EN037,Secret Rare,DARK,Thunder,Fusion/Effect Monster,2600,2400,,
177999,Thunder Dragon Titan,Thunder Dragon Titan,https://tcgplayer-cdn.tcgplayer.com/product/177999_200w.jpg,2,2327,https://cpt.tcgcsv.com/_cr2,2022-12-21T09:18:59.957,1,"3 ""Thunder Dragon"" monsters
<br>Must be either Fusion Summoned, or Special Summoned by banishing 1 Thunder monster from your hand and 1 Thunder Fusion Monster you control, except ""Thunder Dragon Titan"" (in which case you do not use ""Polymerization""). When a Thunder monster's effect is activated in the hand, even during the Damage Step (Quick Effect): You can destroy 1 card on the field. If this card would be destroyed by card effect, you can banish 2 cards from your GY instead.",5.0,8.95,29.88,6.41,,1st Edition,SOFU-EN036,Secret Rare,LIGHT,Thunder,Fusion/Effect Monster,3200,3200,,
177999,Thunder Dragon Titan,Thunder Dragon Titan,https://tcgplayer-cdn.tcgplayer.com/product/177999_200w.jpg,2,2327,https://cpt.tcgcsv.com/_cr2,2022-12-21T09:18:59.957,1,"3 ""Thunder Dragon"" monsters
<br>Must be either Fusion Summoned, or Special Summoned by banishing 1 Thunder monster from your hand and 1 Thunder Fusion Monster you control, except ""Thunder Dragon Titan"" (in which case you do not use ""Polymerization""). When a Thunder monster's effect is activated in the hand, even during the Damage Step (Quick Effect): You can destroy 1 card on the field. If this card would be destroyed by card effect, you can banish 2 cards from your GY instead.",4.13,4.99,39.77,5.07,16.98,Unlimited,SOFU-EN036,Secret Rare,LIGHT,Thunder,Fusion/Effect Monster,3200,3200,,
178000,Diplexer Chimera,Diplexer Chimera,https://tcgplayer-cdn.tcgplayer.com/product/178000_200w.jpg,2,2327,https://cpt.tcgcsv.com/0dr2,2025-05-15T20:14:20.083,1,"2 Cyberse monsters
<br>Once per turn: You can Tribute 1 Cyberse monster you control; this turn, neither player can activate Spell/Trap Cards or effects during the Battle Phase. If this Fusion Summoned card you control is sent to your GY: You can target 1 other Cyberse monster and 1 “Cynet Fusion” in your GY; add them to your hand. You can only use this effect of “Diplexer Chimera” once per turn.",0.05,0.2,1.49,0.17,,1st Edition,SOFU-EN038,Common,LIGHT,Cyberse,Fusion/Effect Monster,2000,800,,
178000,Diplexer Chimera,Diplexer Chimera,https://tcgplayer-cdn.tcgplayer.com/product/178000_200w.jpg,2,2327,https://cpt.tcgcsv.com/0dr2,2025-05-15T20:14:20.083,1,"2 Cyberse monsters
<br>Once per turn: You can Tribute 1 Cyberse monster you control; this turn, neither player can activate Spell/Trap Cards or effects during the Battle Phase. If this Fusion Summoned card you control is sent to your GY: You can target 1 other Cyberse monster and 1 “Cynet Fusion” in your GY; add them to your hand. You can only use this effect of “Diplexer Chimera” once per turn.",0.04,0.2,1.49,0.11,,Unlimited,SOFU-EN038,Common,LIGHT,Cyberse,Fusion/Effect Monster,2000,800,,
178001,Clock Spartoi,Clock Spartoi,https://tcgplayer-cdn.tcgplayer.com/product/178001_200w.jpg,2,2327,https://cpt.tcgcsv.com/2dr2,2025-05-15T20:14:20.13,1,"2 Cyberse monsters
<br>If this card is Link Summoned: You can add 1 “Cynet Fusion” from your Deck to your hand. If a monster(s) is Special Summoned to your zone(s) this card points to (except during the Damage Step): You can target 1 Level 4 or lower Cyberse monster in your GY; Special Summon it, but negate its effects, also you cannot Special Summon monsters from your Extra Deck for the rest of this turn, except Fusion Monsters. You can only use each Effect of “Clock Spartoi” once per turn.",0.05,0.24,1.49,0.13,,1st Edition,SOFU-EN039,Rare,DARK,Cyberse,Link/Effect Monster,800,,2,Bottom-Right;Bottom
178001,Clock Spartoi,Clock Spartoi,https://tcgplayer-cdn.tcgplayer.com/product/178001_200w.jpg,2,2327,https://cpt.tcgcsv.com/2dr2,2025-05-15T20:14:20.13,1,"2 Cyberse monsters
<br>If this card is Link Summoned: You can add 1 “Cynet Fusion” from your Deck to your hand. If a monster(s) is Special Summoned to your zone(s) this card points to (except during the Damage Step): You can target 1 Level 4 or lower Cyberse monster in your GY; Special Summon it, but negate its effects, also you cannot Special Summon monsters from your Extra Deck for the rest of this turn, except Fusion Monsters. You can only use each Effect of “Clock Spartoi” once per turn.",0.05,0.21,1.49,0.08,,Unlimited,SOFU-EN039,Rare,DARK,Cyberse,Link/Effect Monster,800,,2,Bottom-Right;Bottom
178002,Salamangreat Heatleo,Salamangreat Heatleo,https://tcgplayer-cdn.tcgplayer.com/product/178002_200w.jpg,2,2327,https://cpt.tcgcsv.com/3dr2,2025-05-15T20:14:20.193,1,"2+ FIRE Effect Monsters
<br>If this card is Link Summoned: You can target 1 card in your opponent’s Spell & Trap Zone; shuffle it into the Deck. Once per turn, if this card was Link Summoned using “Salamangreat Heatleo”: You can target 1 face-up monster on the field and 1 monster in your GY; the ATK of the first target becomes the ATK of the second target until the end of this turn.",0.08,0.25,1.55,0.16,,1st Edition,SOFU-EN040,Rare,FIRE,Cyberse,Link/Effect Monster,2300,,3,Bottom-Right;Bottom-Left;Top
178002,Salamangreat Heatleo,Salamangreat Heatleo,https://tcgplayer-cdn.tcgplayer.com/product/178002_200w.jpg,2,2327,https://cpt.tcgcsv.com/3dr2,2025-05-15T20:14:20.193,1,"2+ FIRE Effect Monsters
<br>If this card is Link Summoned: You can target 1 card in your opponent’s Spell & Trap Zone; shuffle it into the Deck. Once per turn, if this card was Link Summoned using “Salamangreat Heatleo”: You can target 1 face-up monster on the field and 1 monster in your GY; the ATK of the first target becomes the ATK of the second target until the end of this turn.",0.05,0.28,1.55,0.18,,Unlimited,SOFU-EN040,Rare,FIRE,Cyberse,Link/Effect Monster,2300,,3,Bottom-Right;Bottom-Left;Top
178003,Dinowrestler King T Wrextle,Dinowrestler King T Wrextle,https://tcgplayer-cdn.tcgplayer.com/product/178003_200w.jpg,2,2327,https://cpt.tcgcsv.com/5dr2,2025-05-15T20:14:20.253,1,"2+ ""Dinowrestler"" monsters
<br>If this card battles, your opponent cannot activate any Spell/Trap Cards until the end of the Damage Step. Monsters your opponent controls cannot target monsters you control for attacks, except this one. At the start of your opponent’s Battle Phase: You can target 1 Attack Position monster your opponent controls; during this Battle Phase, other monsters your opponent controls cannot declare an attack, unless that monster declares an attack. At the end of the Battle Phase, if that monster did not declare an attack, destroy it.",0.05,0.25,1.49,0.14,,Unlimited,SOFU-EN041,Common,EARTH,Dinosaur,Link/Effect Monster,3000,,3,Bottom-Right;Bottom;Bottom-Left
178003,Dinowrestler King T Wrextle,Dinowrestler King T Wrextle,https://tcgplayer-cdn.tcgplayer.com/product/178003_200w.jpg,2,2327,https://cpt.tcgcsv.com/5dr2,2025-05-15T20:14:20.253,1,"2+ ""Dinowrestler"" monsters
<br>If this card battles, your opponent cannot activate any Spell/Trap Cards until the end of the Damage Step. Monsters your opponent controls cannot target monsters you control for attacks, except this one. At the start of your opponent’s Battle Phase: You can target 1 Attack Position monster your opponent controls; during this Battle Phase, other monsters your opponent controls cannot declare an attack, unless that monster declares an attack. At the end of the Battle Phase, if that monster did not declare an attack, destroy it.",0.05,0.23,1.49,0.18,,1st Edition,SOFU-EN041,Common,EARTH,Dinosaur,Link/Effect Monster,3000,,3,Bottom-Right;Bottom;Bottom-Left
178004,Galaxy-Eyes Solflare Dragon,Galaxy Eyes Solflare Dragon,https://tcgplayer-cdn.tcgplayer.com/product/178004_200w.jpg,2,2327,https://cpt.tcgcsv.com/6dr2,2022-06-09T12:53:47.703,1,"2 LIGHT monsters, including a monster with 2000 or more ATK
<br>If this card is Link Summoned: You can target 1 “Photon” or “Galaxy” monster in your GY; add it to your hand. During your opponent’s Main Phase (Quick Effect): You can discard 2 “Photon” and/or “Galaxy” cards, OR 1 “Galaxy-Eyes Photon Dragon”, then target 1 Special Summoned monster your opponent controls; destroy it. You can only use each effect of “Galaxy-Eyes Solflare Dragon” once per turn.",1.19,2.01,13.42,1.89,1.83,1st Edition,SOFU-EN042,Ultra Rare,LIGHT,Dragon,Link/Effect Monster,2000,,2,Bottom-Right;Bottom-Left
178004,Galaxy-Eyes Solflare Dragon,Galaxy Eyes Solflare Dragon,https://tcgplayer-cdn.tcgplayer.com/product/178004_200w.jpg,2,2327,https://cpt.tcgcsv.com/6dr2,2022-06-09T12:53:47.703,1,"2 LIGHT monsters, including a monster with 2000 or more ATK
<br>If this card is Link Summoned: You can target 1 “Photon” or “Galaxy” monster in your GY; add it to your hand. During your opponent’s Main Phase (Quick Effect): You can discard 2 “Photon” and/or “Galaxy” cards, OR 1 “Galaxy-Eyes Photon Dragon”, then target 1 Special Summoned monster your opponent controls; destroy it. You can only use each effect of “Galaxy-Eyes Solflare Dragon” once per turn.",1.2,1.99,5.09,1.92,1.97,Unlimited,SOFU-EN042,Ultra Rare,LIGHT,Dragon,Link/Effect Monster,2000,,2,Bottom-Right;Bottom-Left
178005,"Galatea, the Orcust Automaton",Galatea the Orcust Automaton,https://tcgplayer-cdn.tcgplayer.com/product/178005_200w.jpg,2,2327,https://cpt.tcgcsv.com/7dr2,2022-05-14T11:18:51.623,1,"2 Effect Monsters, including at least 1 “Orcust” monster
<br>This linked card cannot be destroyed by battle. You can target 1 of your banished Machine monsters; shuffle it into the Deck, then you can Set 1 “Orcust” Spell/Trap directly from your Deck. You can only use this effect of “Galatea, the Orcust Automaton” once per turn.",0.03,0.49,7.87,0.16,0.25,Unlimited,SOFU-EN043,Super Rare,DARK,Machine,Link/Effect Monster,1800,,2,Bottom-Left;Top-Right
178005,"Galatea, the Orcust Automaton",Galatea the Orcust Automaton,https://tcgplayer-cdn.tcgplayer.com/product/178005_200w.jpg,2,2327,https://cpt.tcgcsv.com/7dr2,2022-05-14T11:18:51.623,1,"2 Effect Monsters, including at least 1 “Orcust” monster
<br>This linked card cannot be destroyed by battle. You can target 1 of your banished Machine monsters; shuffle it into the Deck, then you can Set 1 “Orcust” Spell/Trap directly from your Deck. You can only use this effect of “Galatea, the Orcust Automaton” once per turn.",0.09,0.44,12.0,0.35,0.15,1st Edition,SOFU-EN043,Super Rare,DARK,Machine,Link/Effect Monster,1800,,2,Bottom-Left;Top-Right
178006,"Longirsu, the Orcust Orchestrator",Longirsu the Orcust Orchestrator,https://tcgplayer-cdn.tcgplayer.com/product/178006_200w.jpg,2,2327,https://cpt.tcgcsv.com/8dr2,2022-06-21T14:54:27.16,1,"2+ Effect Monsters, including at least 1 “Orcust” monster
<br>This linked card cannot be destroyed by card effects. You can target 2 of your banished Machine monsters; shuffle them into the Deck, then you can send 1 linked monster your opponent controls to the GY. This card cannot attack the turn this effect is activated. You can only use this effect of “Longirsu, the Orcust Orchestrator” once per turn.",0.18,0.91,11.14,0.88,0.35,1st Edition,SOFU-EN044,Super Rare,DARK,Machine,Link/Effect Monster,2500,,3,Bottom-Right;Top;Top-Left
178006,"Longirsu, the Orcust Orchestrator",Longirsu the Orcust Orchestrator,https://tcgplayer-cdn.tcgplayer.com/product/178006_200w.jpg,2,2327,https://cpt.tcgcsv.com/8dr2,2022-06-21T14:54:27.16,1,"2+ Effect Monsters, including at least 1 “Orcust” monster
<br>This linked card cannot be destroyed by card effects. You can target 2 of your banished Machine monsters; shuffle them into the Deck, then you can send 1 linked monster your opponent controls to the GY. This card cannot attack the turn this effect is activated. You can only use this effect of “Longirsu, the Orcust Orchestrator” once per turn.",0.21,0.8,10.96,0.61,0.44,Unlimited,SOFU-EN044,Super Rare,DARK,Machine,Link/Effect Monster,2500,,3,Bottom-Right;Top;Top-Left
178085,Orcustrion,Orcustrion,https://tcgplayer-cdn.tcgplayer.com/product/178085_200w.jpg,2,2327,https://cpt.tcgcsv.com/Kfr2,2019-01-22T17:12:42.053,1,"2+ Effect Monsters, including an “Orcust” monster
<br>This linked card cannot be destroyed by battle or card effects. You can target 3 of your banished Machine monsters; return them to the Deck, also, if your opponent controls any face-up monsters that are linked, the ATK/DEF of those monsters becomes 0 and their effects are negated. You can only use this effect of “Orcustrion” once per turn.",0.98,1.59,3.99,1.38,,1st Edition,SOFU-EN045,Ultra Rare,DARK,Machine,Link/Effect Monster,3000,,4,Bottom;Bottom-Left;Top-Right;Top
178085,Orcustrion,Orcustrion,https://tcgplayer-cdn.tcgplayer.com/product/178085_200w.jpg,2,2327,https://cpt.tcgcsv.com/Kfr2,2019-01-22T17:12:42.053,1,"2+ Effect Monsters, including an “Orcust” monster
<br>This linked card cannot be destroyed by battle or card effects. You can target 3 of your banished Machine monsters; return them to the Deck, also, if your opponent controls any face-up monsters that are linked, the ATK/DEF of those monsters becomes 0 and their effects are negated. You can only use this effect of “Orcustrion” once per turn.",0.72,1.49,24.79,0.94,,Unlimited,SOFU-EN045,Ultra Rare,DARK,Machine,Link/Effect Monster,3000,,4,Bottom;Bottom-Left;Top-Right;Top
178086,Crusadia Spatha,Crusadia Spatha,https://tcgplayer-cdn.tcgplayer.com/product/178086_200w.jpg,2,2327,https://cpt.tcgcsv.com/Lfr2,2025-05-15T20:14:20.317,1,"2 Effect Monsters, including at least 1 ""Crusadia"" monster
<br>Gains ATK equal to the combined original ATK of all monsters this card points to. Monsters this card points to cannot attack. Once per turn, if an Effect Monster(s) is Special Summoned to your zone this card points to: You can target 1 other monster in either player's Main Monster Zone; move it to another Main Monster Zone on its controller's field.",0.02,0.21,1.36,0.12,,Unlimited,SOFU-EN046,Common,LIGHT,Warrior,Link/Effect Monster,500,,2,Left;Bottom
178086,Crusadia Spatha,Crusadia Spatha,https://tcgplayer-cdn.tcgplayer.com/product/178086_200w.jpg,2,2327,https://cpt.tcgcsv.com/Lfr2,2025-05-15T20:14:20.317,1,"2 Effect Monsters, including at least 1 ""Crusadia"" monster
<br>Gains ATK equal to the combined original ATK of all monsters this card points to. Monsters this card points to cannot attack. Once per turn, if an Effect Monster(s) is Special Summoned to your zone this card points to: You can target 1 other monster in either player's Main Monster Zone; move it to another Main Monster Zone on its controller's field.",0.05,0.24,1.49,0.13,,1st Edition,SOFU-EN046,Common,LIGHT,Warrior,Link/Effect Monster,500,,2,Left;Bottom
178087,"Folgo, Justice Fur Hire",Folgo Justice Fur Hire,https://tcgplayer-cdn.tcgplayer.com/product/178087_200w.jpg,2,2327,https://cpt.tcgcsv.com/Mfr2,2023-12-19T06:24:37.843,1,"3 monsters with different types
<br>Cannot be used as Link Material. If this card is Link Summoned: You can Special Summon 1 monster “Fur Hire” from your Deck in Defense Position, but with a different Type from the materials used for the Link Summon of this card. If a card(s) your opponent controls is destroyed by battle or card effect: You can draw 1 card, then, if you control 3 or more monsters “Fur Hire” with different names, draw 2 cards. You can only use each effects of “Folgo, Justice Fur Hire” once per turn.",0.3,0.74,1.99,0.64,,Unlimited,SOFU-EN047,Super Rare,DARK,,Link/Effect Monster,2400,,3,Bottom-Right;Bottom-Left;Top
178087,"Folgo, Justice Fur Hire",Folgo Justice Fur Hire,https://tcgplayer-cdn.tcgplayer.com/product/178087_200w.jpg,2,2327,https://cpt.tcgcsv.com/Mfr2,2023-12-19T06:24:37.843,1,"3 monsters with different types
<br>Cannot be used as Link Material. If this card is Link Summoned: You can Special Summon 1 monster “Fur Hire” from your Deck in Defense Position, but with a different Type from the materials used for the Link Summon of this card. If a card(s) your opponent controls is destroyed by battle or card effect: You can draw 1 card, then, if you control 3 or more monsters “Fur Hire” with different names, draw 2 cards. You can only use each effects of “Folgo, Justice Fur Hire” once per turn.",0.15,0.75,2.0,0.49,,1st Edition,SOFU-EN047,Super Rare,DARK,,Link/Effect Monster,2400,,3,Bottom-Right;Bottom-Left;Top
178088,Agave Dragon,Agave Dragon,https://tcgplayer-cdn.tcgplayer.com/product/178088_200w.jpg,2,2327,https://cpt.tcgcsv.com/Nfr2,2018-12-07T13:07:45.773,1,"2+ non-Token Monsters
<br>If this card is Link Summoned: You can apply the following effects, according to the number of monsters of each Type in both player's GYs. • Dragon: Inflict 100 damage to your opponent for each. • Dinosaur: This card gains 200 ATK for each. • Sea Serpent: All monsters your opponent controls lose 300 ATK for each. • Wyrm: Gain 400 LP for each. You can only use the effect of “Agave Dragon” once per turn.",0.05,0.25,1.49,0.23,,Unlimited,SOFU-EN048,Common,EARTH,Wyrm,Link/Effect Monster,3000,,4,Bottom-Right;Left;Bottom-Left;Right
178088,Agave Dragon,Agave Dragon,https://tcgplayer-cdn.tcgplayer.com/product/178088_200w.jpg,2,2327,https://cpt.tcgcsv.com/Nfr2,2018-12-07T13:07:45.773,1,"2+ non-Token Monsters
<br>If this card is Link Summoned: You can apply the following effects, according to the number of monsters of each Type in both player's GYs. • Dragon: Inflict 100 damage to your opponent for each. • Dinosaur: This card gains 200 ATK for each. • Sea Serpent: All monsters your opponent controls lose 300 ATK for each. • Wyrm: Gain 400 LP for each. You can only use the effect of “Agave Dragon” once per turn.",0.07,0.27,1.49,0.29,,1st Edition,SOFU-EN048,Common,EARTH,Wyrm,Link/Effect Monster,3000,,4,Bottom-Right;Left;Bottom-Left;Right
178089,Some Summer Summoner,Some Summer Summoner,https://tcgplayer-cdn.tcgplayer.com/product/178089_200w.jpg,2,2327,https://cpt.tcgcsv.com/Pfr2,2025-05-15T20:14:20.397,1,"2 Thunder monsters
<br>Once per opponent's turn (Quick Effect): You can discard 1 card, then target 1 non-Link Thunder Monster in your GY, Special Summon it to a zone this card points to.",0.1,0.36,2.0,0.22,,Unlimited,SOFU-EN049,Super Rare,LIGHT,Thunder,Link/Effect Monster,1600,,2,Bottom-Right;Bottom-Left
178089,Some Summer Summoner,Some Summer Summoner,https://tcgplayer-cdn.tcgplayer.com/product/178089_200w.jpg,2,2327,https://cpt.tcgcsv.com/Pfr2,2025-05-15T20:14:20.397,1,"2 Thunder monsters
<br>Once per opponent's turn (Quick Effect): You can discard 1 card, then target 1 non-Link Thunder Monster in your GY, Special Summon it to a zone this card points to.",0.12,0.33,2.0,0.27,,1st Edition,SOFU-EN049,Super Rare,LIGHT,Thunder,Link/Effect Monster,1600,,2,Bottom-Right;Bottom-Left
178090,Cynet Fusion,Cynet Fusion,https://tcgplayer-cdn.tcgplayer.com/product/178090_200w.jpg,2,2327,https://cpt.tcgcsv.com/Qfr2,2018-12-07T13:10:16.6,1,"Fusion Summon 1 Cyberse Fusion Monster from your Extra Deck, using monsters from your hand or field as Fusion Material. If you do not control a monster in the Extra Monster Zone, you can also banish 1 Cyberse Link Monster from your GY as material.",0.05,0.31,1.5,0.31,0.19,1st Edition,SOFU-EN050,Rare,SPELL,,Normal Spell,,,,
178090,Cynet Fusion,Cynet Fusion,https://tcgplayer-cdn.tcgplayer.com/product/178090_200w.jpg,2,2327,https://cpt.tcgcsv.com/Qfr2,2018-12-07T13:10:16.6,1,"Fusion Summon 1 Cyberse Fusion Monster from your Extra Deck, using monsters from your hand or field as Fusion Material. If you do not control a monster in the Extra Monster Zone, you can also banish 1 Cyberse Link Monster from your GY as material.",0.09,0.25,1.41,0.19,0.2,Unlimited,SOFU-EN050,Rare,SPELL,,Normal Spell,,,,
178091,Salamangreat Sanctuary,Salamangreat Sanctuary,https://tcgplayer-cdn.tcgplayer.com/product/178091_200w.jpg,2,2327,https://cpt.tcgcsv.com/Rfr2,2025-05-15T20:14:20.457,1,"You can Link Summon a “Salamangreat” Link Monster using 1 Link Monster you control with the same name as the material. During damage calculation: You can pay 1000 LP, then target 1 Link Monster you control; make its ATK 0, and if you do, gain LP equal to its original ATK. You can only use each effect of “Salamangreat Sanctuary” once per turn.",0.05,0.25,1.55,0.25,,1st Edition,SOFU-EN051,Common,SPELL,,Field Spell,,,,
178091,Salamangreat Sanctuary,Salamangreat Sanctuary,https://tcgplayer-cdn.tcgplayer.com/product/178091_200w.jpg,2,2327,https://cpt.tcgcsv.com/Rfr2,2025-05-15T20:14:20.457,1,"You can Link Summon a “Salamangreat” Link Monster using 1 Link Monster you control with the same name as the material. During damage calculation: You can pay 1000 LP, then target 1 Link Monster you control; make its ATK 0, and if you do, gain LP equal to its original ATK. You can only use each effect of “Salamangreat Sanctuary” once per turn.",0.02,0.25,1.49,0.1,,Unlimited,SOFU-EN051,Common,SPELL,,Field Spell,,,,
178092,Rise of the Salamangreat,Rise of the Salamangreat,https://tcgplayer-cdn.tcgplayer.com/product/178092_200w.jpg,2,2327,https://cpt.tcgcsv.com/Sfr2,2018-12-07T13:10:44.067,1,"This card can be used to Ritual Summon any “Salamangreat” Ritual Monster. You must also Tribute monsters from your hand or field whose total Levels equal or exceed the Level of the Ritual Monster you Ritual Summon. If you control a FIRE Link Monster, you can shuffle “Salamangreat” monsters from your GY into the Deck instead. If this card is destroyed by an opponent’s card effect: You can Special Summon 1 “Salamangreat Emerald Eagle” from your hand, ignoring its Summoning conditions.",0.01,0.22,1.49,0.13,0.11,1st Edition,SOFU-EN052,Common,SPELL,,Ritual Spell,,,,
178092,Rise of the Salamangreat,Rise of the Salamangreat,https://tcgplayer-cdn.tcgplayer.com/product/178092_200w.jpg,2,2327,https://cpt.tcgcsv.com/Sfr2,2018-12-07T13:10:44.067,1,"This card can be used to Ritual Summon any “Salamangreat” Ritual Monster. You must also Tribute monsters from your hand or field whose total Levels equal or exceed the Level of the Ritual Monster you Ritual Summon. If you control a FIRE Link Monster, you can shuffle “Salamangreat” monsters from your GY into the Deck instead. If this card is destroyed by an opponent’s card effect: You can Special Summon 1 “Salamangreat Emerald Eagle” from your hand, ignoring its Summoning conditions.",0.04,0.18,1.36,0.12,,Unlimited,SOFU-EN052,Common,SPELL,,Ritual Spell,,,,
178093,Will of the Salamangreat,Will of the Salamangreat,https://tcgplayer-cdn.tcgplayer.com/product/178093_200w.jpg,2,2327,https://cpt.tcgcsv.com/Tfr2,2025-05-15T20:14:20.55,1,"During your Main Phase: You can Special Summon 1 “Salamangreat” monster from your hand or GY. You can send this face-up card from the field to the GY, then target 1 “Salamangreat” Link Monster you control that was Link Summoned using a monster with the same name as itself as material; Special Summon “Salamangreat” monsters from your hand or GY in Defense Position, up to the number of that monster’s Link Rating. You can only use 1 “Salamangreat Heart” effect per turn, and only once that turn.",0.03,0.23,1.34,0.13,,Unlimited,SOFU-EN053,Common,SPELL,,Continuous Spell,,,,
178093,Will of the Salamangreat,Will of the Salamangreat,https://tcgplayer-cdn.tcgplayer.com/product/178093_200w.jpg,2,2327,https://cpt.tcgcsv.com/Tfr2,2025-05-15T20:14:20.55,1,"During your Main Phase: You can Special Summon 1 “Salamangreat” monster from your hand or GY. You can send this face-up card from the field to the GY, then target 1 “Salamangreat” Link Monster you control that was Link Summoned using a monster with the same name as itself as material; Special Summon “Salamangreat” monsters from your hand or GY in Defense Position, up to the number of that monster’s Link Rating. You can only use 1 “Salamangreat Heart” effect per turn, and only once that turn.",0.05,0.21,1.49,0.15,,1st Edition,SOFU-EN053,Common,SPELL,,Continuous Spell,,,,
178094,World Dino Wrestling,World Dino Wrestling,https://tcgplayer-cdn.tcgplayer.com/product/178094_200w.jpg,2,2327,https://cpt.tcgcsv.com/Vfr2,2025-05-15T20:14:20.59,1,"While you control a “Dinowrestler” monster, only 1 monster can attack during each Battle Phase. If a “Dinowrestler” monster you control attacks an opponent's monster, it gains 200 ATK during damage calculation only. If your opponent controls more monsters than you do: You can banish this card from your GY; Special Summon 1 “Dinowrestler” monster from your Deck. You can only use this effect of “World Dino Wrestling” once per turn.",0.07,0.2,1.41,0.14,,Unlimited,SOFU-EN054,Common,SPELL,,Field Spell,,,,
178094,World Dino Wrestling,World Dino Wrestling,https://tcgplayer-cdn.tcgplayer.com/product/178094_200w.jpg,2,2327,https://cpt.tcgcsv.com/Vfr2,2025-05-15T20:14:20.59,1,"While you control a “Dinowrestler” monster, only 1 monster can attack during each Battle Phase. If a “Dinowrestler” monster you control attacks an opponent's monster, it gains 200 ATK during damage calculation only. If your opponent controls more monsters than you do: You can banish this card from your GY; Special Summon 1 “Dinowrestler” monster from your Deck. You can only use this effect of “World Dino Wrestling” once per turn.",0.05,0.25,1.49,0.17,,1st Edition,SOFU-EN054,Common,SPELL,,Field Spell,,,,
178095,Necrovalley Throne,Necrovalley Throne,https://tcgplayer-cdn.tcgplayer.com/product/178095_200w.jpg,2,2327,https://cpt.tcgcsv.com/Wfr2,2024-12-17T10:41:27.277,1,"Activate 1 of these effects:
<br>• Add 1 “Gravekeeper's” monster from your Deck to your hand.
<br>• Immediately after this effect resolves, Normal Summon 1 “Gravekeeper's” monster.
<br>You can only activate 1 “Necrovalley Throne” per turn.",0.2,0.47,2.95,0.47,0.25,Unlimited,SOFU-EN055,Super Rare,SPELL,,Normal Spell,,,,
178095,Necrovalley Throne,Necrovalley Throne,https://tcgplayer-cdn.tcgplayer.com/product/178095_200w.jpg,2,2327,https://cpt.tcgcsv.com/Wfr2,2024-12-17T10:41:27.277,1,"Activate 1 of these effects:
<br>• Add 1 “Gravekeeper's” monster from your Deck to your hand.
<br>• Immediately after this effect resolves, Normal Summon 1 “Gravekeeper's” monster.
<br>You can only activate 1 “Necrovalley Throne” per turn.",0.23,0.46,1.99,0.38,0.24,1st Edition,SOFU-EN055,Super Rare,SPELL,,Normal Spell,,,,
178096,Galaxy Trance,Galaxy Trance,https://tcgplayer-cdn.tcgplayer.com/product/178096_200w.jpg,2,2327,https://cpt.tcgcsv.com/Xfr2,2023-09-24T05:51:26.327,1,"Pay 2000 LP, then target 1 ""Photon"" monster in your GY; Special Summon both it and 1 ""Galaxy"" monster from your Deck, with the same Level, both in Defense Position, and if you do, each monster's ATK becomes 2000, also their effects are negated. You can only activate 1 ""Galaxy Trance"" per turn. You cannot Normal or Special Summon monsters during the turn you activate this card, except ""Photon"" and ""Galaxy"" monsters.",0.68,0.99,2.4,0.76,1.24,Unlimited,SOFU-EN056,Rare,SPELL,,Normal Spell,,,,
178096,Galaxy Trance,Galaxy Trance,https://tcgplayer-cdn.tcgplayer.com/product/178096_200w.jpg,2,2327,https://cpt.tcgcsv.com/Xfr2,2023-09-24T05:51:26.327,1,"Pay 2000 LP, then target 1 ""Photon"" monster in your GY; Special Summon both it and 1 ""Galaxy"" monster from your Deck, with the same Level, both in Defense Position, and if you do, each monster's ATK becomes 2000, also their effects are negated. You can only activate 1 ""Galaxy Trance"" per turn. You cannot Normal or Special Summon monsters during the turn you activate this card, except ""Photon"" and ""Galaxy"" monsters.",0.32,0.93,2.41,0.79,,1st Edition,SOFU-EN056,Rare,SPELL,,Normal Spell,,,,
178097,Orcustrated Babel,Orcustrated Babel,https://tcgplayer-cdn.tcgplayer.com/product/178097_200w.jpg,2,2327,https://cpt.tcgcsv.com/Zfr2,2018-12-07T13:15:55.147,1,"You can activate the effects of “Orcust"" monsters in your GY, or of Link Monsters you control with ""Orcust"" in their original names, as Quick Effects. During your Main Phase, if this card is in your GY, except the turn it was sent to the GY: You can send 1 card from your hand to the GY; add this card to your hand.",0.39,0.75,1.67,0.81,0.5,1st Edition,SOFU-EN057,Rare,SPELL,,Field Spell,,,,
178097,Orcustrated Babel,Orcustrated Babel,https://tcgplayer-cdn.tcgplayer.com/product/178097_200w.jpg,2,2327,https://cpt.tcgcsv.com/Zfr2,2018-12-07T13:15:55.147,1,"You can activate the effects of “Orcust"" monsters in your GY, or of Link Monsters you control with ""Orcust"" in their original names, as Quick Effects. During your Main Phase, if this card is in your GY, except the turn it was sent to the GY: You can send 1 card from your hand to the GY; add this card to your hand.",0.5,0.76,2.25,0.75,0.56,Unlimited,SOFU-EN057,Rare,SPELL,,Field Spell,,,,
178098,Orcustrated Return,Orcustrated Return,https://tcgplayer-cdn.tcgplayer.com/product/178098_200w.jpg,2,2327,https://cpt.tcgcsv.com/-fr2,2024-05-06T05:06:47.447,1,Send 1 “Orcust” or “World Legacy” monster from your hand or face-up field to the GY; draw 2 cards. You can only activate 1 “Orcustrated Return” per turn.,1.0,5.0,40.0,4.13,6.86,1st Edition,SOFU-EN058,Secret Rare,SPELL,,Normal Spell,,,,
178098,Orcustrated Return,Orcustrated Return,https://tcgplayer-cdn.tcgplayer.com/product/178098_200w.jpg,2,2327,https://cpt.tcgcsv.com/-fr2,2024-05-06T05:06:47.447,1,Send 1 “Orcust” or “World Legacy” monster from your hand or face-up field to the GY; draw 2 cards. You can only activate 1 “Orcustrated Return” per turn.,0.6,5.26,16.16,4.71,11.99,Unlimited,SOFU-EN058,Secret Rare,SPELL,,Normal Spell,,,,
178099,Orcustrated Einsatz,Orcustrated Einsatz,https://tcgplayer-cdn.tcgplayer.com/product/178099_200w.jpg,2,2327,https://cpt.tcgcsv.com/_fr2,2025-05-15T20:14:20.653,1,"If your opponent Normal or Special Summons a monster(s): You can take 1 “Orcust” or “World Legacy” monster from your Deck, and either send it to the GY or banish it. You can only use this effect of “Orcustrated Einsatz” once per turn.",0.05,0.24,5.13,0.24,,1st Edition,SOFU-EN059,Common,SPELL,,Continuous Spell,,,,
178099,Orcustrated Einsatz,Orcustrated Einsatz,https://tcgplayer-cdn.tcgplayer.com/product/178099_200w.jpg,2,2327,https://cpt.tcgcsv.com/_fr2,2025-05-15T20:14:20.653,1,"If your opponent Normal or Special Summons a monster(s): You can take 1 “Orcust” or “World Legacy” monster from your Deck, and either send it to the GY or banish it. You can only use this effect of “Orcustrated Einsatz” once per turn.",0.05,0.2,1.49,0.18,,Unlimited,SOFU-EN059,Common,SPELL,,Continuous Spell,,,,
178100,Thunder Dragon Fusion,Thunder Dragon Fusion,https://tcgplayer-cdn.tcgplayer.com/product/178100_200w.jpg,2,2327,https://cpt.tcgcsv.com/0gr2,2018-12-07T13:17:40.69,1,"Fusion Summon 1 Thunder Fusion Monster from your Extra Deck, by shuffling the Fusion Materials listed on it into the Deck, from among your cards on the field, face-up banished cards and/or in the GY. During your Main Phase, except the turn this card was sent to the GY: You can banish this card from your GY; add 1 Thunder monster from your Deck to your hand. You can only use each effect of “Thunder Dragon Fusion” once per turn.",0.75,1.55,8.9,0.98,,1st Edition,SOFU-EN060,Ultra Rare,SPELL,,Normal Spell,,,,
178100,Thunder Dragon Fusion,Thunder Dragon Fusion,https://tcgplayer-cdn.tcgplayer.com/product/178100_200w.jpg,2,2327,https://cpt.tcgcsv.com/0gr2,2018-12-07T13:17:40.69,1,"Fusion Summon 1 Thunder Fusion Monster from your Extra Deck, by shuffling the Fusion Materials listed on it into the Deck, from among your cards on the field, face-up banished cards and/or in the GY. During your Main Phase, except the turn this card was sent to the GY: You can banish this card from your GY; add 1 Thunder monster from your Deck to your hand. You can only use each effect of “Thunder Dragon Fusion” once per turn.",0.85,1.97,7.29,0.94,,Unlimited,SOFU-EN060,Ultra Rare,SPELL,,Normal Spell,,,,
178101,Sky Striker Maneuver - Vector Blast,Sky Striker Maneuver Vector Blast,https://tcgplayer-cdn.tcgplayer.com/product/178101_200w.jpg,2,2327,https://cpt.tcgcsv.com/2gr2,2022-04-20T17:37:24.373,1,"If you control no monsters in your Main Monster Zones: Both players send the top 2 cards from their Deck to the GY, then, if you have 3 or more Spells in your GY, shuffle into the Deck all monsters your opponent controls in the Extra Monster Zone.",0.4,0.74,2.0,0.6,,1st Edition,SOFU-EN061,Super Rare,SPELL,,Normal Spell,,,,
178101,Sky Striker Maneuver - Vector Blast,Sky Striker Maneuver Vector Blast,https://tcgplayer-cdn.tcgplayer.com/product/178101_200w.jpg,2,2327,https://cpt.tcgcsv.com/2gr2,2022-04-20T17:37:24.373,1,"If you control no monsters in your Main Monster Zones: Both players send the top 2 cards from their Deck to the GY, then, if you have 3 or more Spells in your GY, shuffle into the Deck all monsters your opponent controls in the Extra Monster Zone.",0.15,0.63,1.99,0.61,,Unlimited,SOFU-EN061,Super Rare,SPELL,,Normal Spell,,,,
178102,Giant Ballpark,Giant Ballpark,https://tcgplayer-cdn.tcgplayer.com/product/178102_200w.jpg,2,2327,https://cpt.tcgcsv.com/3gr2,2025-05-15T20:14:20.7,1,"During damage calculation: You can make the battle damage that both players receive from that battle becomes 0, and if you do, you can send 1 Level 4 or lower Insect monster from your Deck to the GY, then, if the monster you sent was a Normal Monster, you can Special Summon any number of cards with the same name as that monster from your hand, Deck, and/or GY. If a monster you control is sent to the GY by an opponent’s card effect: You can Special Summon 1 Insect Normal Monster from your GY. You can only use each effect of ""Giant Ballpark"" only once per turn.",0.1,0.25,1.49,0.16,0.24,Unlimited,SOFU-EN062,Common,SPELL,,Field Spell,,,,
178102,Giant Ballpark,Giant Ballpark,https://tcgplayer-cdn.tcgplayer.com/product/178102_200w.jpg,2,2327,https://cpt.tcgcsv.com/3gr2,2025-05-15T20:14:20.7,1,"During damage calculation: You can make the battle damage that both players receive from that battle becomes 0, and if you do, you can send 1 Level 4 or lower Insect monster from your Deck to the GY, then, if the monster you sent was a Normal Monster, you can Special Summon any number of cards with the same name as that monster from your hand, Deck, and/or GY. If a monster you control is sent to the GY by an opponent’s card effect: You can Special Summon 1 Insect Normal Monster from your GY. You can only use each effect of ""Giant Ballpark"" only once per turn.",0.1,0.25,1.49,0.18,,1st Edition,SOFU-EN062,Common,SPELL,,Field Spell,,,,
178103,Herald of the Abyss,Herald of the Abyss,https://tcgplayer-cdn.tcgplayer.com/product/178103_200w.jpg,2,2327,https://cpt.tcgcsv.com/5gr2,2018-12-07T13:18:23.07,1,"Pay 1500 LP, then declare 1 Type and Attribute; make your opponent send 1 monster they control with that Type and Attribute to the GY, also they cannot activate the effects of monsters with the same original name as the sent monster for the rest of this turn. You can only activate 1 “Herald of the Abyss” per turn.",0.1,0.48,3.0,0.18,,Unlimited,SOFU-EN063,Super Rare,SPELL,,Normal Spell,,,,
178103,Herald of the Abyss,Herald of the Abyss,https://tcgplayer-cdn.tcgplayer.com/product/178103_200w.jpg,2,2327,https://cpt.tcgcsv.com/5gr2,2018-12-07T13:18:23.07,1,"Pay 1500 LP, then declare 1 Type and Attribute; make your opponent send 1 monster they control with that Type and Attribute to the GY, also they cannot activate the effects of monsters with the same original name as the sent monster for the rest of this turn. You can only activate 1 “Herald of the Abyss” per turn.",0.11,0.49,3.45,0.25,,1st Edition,SOFU-EN063,Super Rare,SPELL,,Normal Spell,,,,
178104,Concentrating Current,Concentrating Current,https://tcgplayer-cdn.tcgplayer.com/product/178104_200w.jpg,2,2327,https://cpt.tcgcsv.com/6gr2,2025-05-15T20:14:20.747,1,Target 1 face-up monster you control; it gains ATK equal to its DEF until the end of this turn. Other monsters cannot attack the turn you activate this card.,0.04,0.22,3.31,0.18,,Unlimited,SOFU-EN064,Common,SPELL,,Quick-Play Spell,,,,
178104,Concentrating Current,Concentrating Current,https://tcgplayer-cdn.tcgplayer.com/product/178104_200w.jpg,2,2327,https://cpt.tcgcsv.com/6gr2,2025-05-15T20:14:20.747,1,Target 1 face-up monster you control; it gains ATK equal to its DEF until the end of this turn. Other monsters cannot attack the turn you activate this card.,0.05,0.23,1.49,0.19,,1st Edition,SOFU-EN064,Common,SPELL,,Quick-Play Spell,,,,
178105,Extra-Foolish Burial,Extra Foolish Burial,https://tcgplayer-cdn.tcgplayer.com/product/178105_200w.jpg,2,2327,https://cpt.tcgcsv.com/7gr2,2025-05-15T20:14:20.81,1,"Pay half your LP; Send 1 monster from your Extra Deck to the GY. You can only activate 1 ""Extra-Foolish Burial"" per turn. You cannot Set any Spell or Trap during the turn you activate this card.",0.12,0.35,3.48,0.27,,Unlimited,SOFU-EN065,Super Rare,SPELL,,Normal Spell,,,,
178105,Extra-Foolish Burial,Extra Foolish Burial,https://tcgplayer-cdn.tcgplayer.com/product/178105_200w.jpg,2,2327,https://cpt.tcgcsv.com/7gr2,2025-05-15T20:14:20.81,1,"Pay half your LP; Send 1 monster from your Extra Deck to the GY. You can only activate 1 ""Extra-Foolish Burial"" per turn. You cannot Set any Spell or Trap during the turn you activate this card.",0.09,0.44,1.99,0.33,,1st Edition,SOFU-EN065,Super Rare,SPELL,,Normal Spell,,,,
178106,Parallel Panzer,Parallel Panzer,https://tcgplayer-cdn.tcgplayer.com/product/178106_200w.jpg,2,2327,https://cpt.tcgcsv.com/8gr2,2023-05-05T18:18:09.26,1,"Equip only to a Link Monster. Once per turn, during your Main Phase: You can move the equipped monster to a controller's Main Monster Zone it points to. If this card is sent to the GY while equipped: You can destroy 1 card in the same column where the monster this card was equipped to is on the field. You can only use this effect of “Paralel Panzer” once per turn.",0.05,0.21,1.49,0.1,,1st Edition,SOFU-EN066,Common,SPELL,,Equip Spell,,,,
178106,Parallel Panzer,Parallel Panzer,https://tcgplayer-cdn.tcgplayer.com/product/178106_200w.jpg,2,2327,https://cpt.tcgcsv.com/8gr2,2023-05-05T18:18:09.26,1,"Equip only to a Link Monster. Once per turn, during your Main Phase: You can move the equipped monster to a controller's Main Monster Zone it points to. If this card is sent to the GY while equipped: You can destroy 1 card in the same column where the monster this card was equipped to is on the field. You can only use this effect of “Paralel Panzer” once per turn.",0.01,0.2,1.37,0.01,,Unlimited,SOFU-EN066,Common,SPELL,,Equip Spell,,,,
178107,Salamangreat Gift,Salamangreat Gift,https://tcgplayer-cdn.tcgplayer.com/product/178107_200w.jpg,2,2327,https://cpt.tcgcsv.com/9gr2,2023-01-27T10:46:29.5,1,"You can discard 1 “Salamangreat” monster; send 1 ""Salamangreat"" monster from your Deck to the GY, then draw 1 card. If you control a “Salamangreat” Link Monster that was Link Summoned using a monster with its same name as material: You can discard 1 “Salamangreat” monster; draw 2 cards. You can only use 1 “Salamangreat Gift” effect per turn, and only once that turn.",0.05,0.21,1.49,0.21,,1st Edition,SOFU-EN067,Common,TRAP,,Continuous Trap,,,,
178107,Salamangreat Gift,Salamangreat Gift,https://tcgplayer-cdn.tcgplayer.com/product/178107_200w.jpg,2,2327,https://cpt.tcgcsv.com/9gr2,2023-01-27T10:46:29.5,1,"You can discard 1 “Salamangreat” monster; send 1 ""Salamangreat"" monster from your Deck to the GY, then draw 1 card. If you control a “Salamangreat” Link Monster that was Link Summoned using a monster with its same name as material: You can discard 1 “Salamangreat” monster; draw 2 cards. You can only use 1 “Salamangreat Gift” effect per turn, and only once that turn.",0.05,0.2,1.49,0.13,,Unlimited,SOFU-EN067,Common,TRAP,,Continuous Trap,,,,
178108,Necrovalley Temple,Necrovalley Temple,https://tcgplayer-cdn.tcgplayer.com/product/178108_200w.jpg,2,2327,https://cpt.tcgcsv.com/bgr2,2023-07-16T13:28:27.393,1,"While a “Gravekeeper's” monster and “Necrovalley” are on the field, all monsters your opponent controls lose 500 ATK/DEF. Once per turn, during the Main Phase, if you do not control a card in your Field Zone: You can activate 1 “Necrovalley” from your hand or GY. If this card is destroyed by your opponent’s card effect and sent to the GY: You can Set 1 “Necrovalley” Spell/Trap from your Deck, except “Necrovalley Temple”.",0.1,0.46,1.97,0.45,0.42,1st Edition,SOFU-EN068,Rare,TRAP,,Continuous Trap,,,,
178108,Necrovalley Temple,Necrovalley Temple,https://tcgplayer-cdn.tcgplayer.com/product/178108_200w.jpg,2,2327,https://cpt.tcgcsv.com/bgr2,2023-07-16T13:28:27.393,1,"While a “Gravekeeper's” monster and “Necrovalley” are on the field, all monsters your opponent controls lose 500 ATK/DEF. Once per turn, during the Main Phase, if you do not control a card in your Field Zone: You can activate 1 “Necrovalley” from your hand or GY. If this card is destroyed by your opponent’s card effect and sent to the GY: You can Set 1 “Necrovalley” Spell/Trap from your Deck, except “Necrovalley Temple”.",0.15,0.42,1.97,0.39,0.37,Unlimited,SOFU-EN068,Rare,TRAP,,Continuous Trap,,,,
178109,Eternal Galaxy,Eternal Galaxy,https://tcgplayer-cdn.tcgplayer.com/product/178109_200w.jpg,2,2327,https://cpt.tcgcsv.com/cgr2,2024-10-05T03:37:34.723,1,"If you control a “Photon” or “Galaxy” monster: Target 1 Xyz Monster you control; Special Summon from your Extra Deck, 1 “Photon” or “Galaxy” Xyz Monster that is 4 Ranks higher than that target, by using that target as the material. (This is treated as an Xyz Summon. Transfer its materials to the Summoned monster.) You can only activate 1 “Eternal Galaxy” per turn.",0.05,0.22,1.49,0.19,0.11,1st Edition,SOFU-EN069,Common,TRAP,,Normal Trap,,,,
178109,Eternal Galaxy,Eternal Galaxy,https://tcgplayer-cdn.tcgplayer.com/product/178109_200w.jpg,2,2327,https://cpt.tcgcsv.com/cgr2,2024-10-05T03:37:34.723,1,"If you control a “Photon” or “Galaxy” monster: Target 1 Xyz Monster you control; Special Summon from your Extra Deck, 1 “Photon” or “Galaxy” Xyz Monster that is 4 Ranks higher than that target, by using that target as the material. (This is treated as an Xyz Summon. Transfer its materials to the Summoned monster.) You can only activate 1 “Eternal Galaxy” per turn.",0.05,0.2,1.55,0.17,0.11,Unlimited,SOFU-EN069,Common,TRAP,,Normal Trap,,,,
178110,Orcustrated Attack,Orcustrated Attack,https://tcgplayer-cdn.tcgplayer.com/product/178110_200w.jpg,2,2327,https://cpt.tcgcsv.com/dgr2,2021-11-08T17:19:13.673,1,"When a monster declares an attack: Tribute 1 “Orcust” or “World Legacy” monster, then target 1 monster your opponent controls; banish it.",0.05,0.21,1.49,0.17,0.11,Unlimited,SOFU-EN070,Common,TRAP,,Normal Trap,,,,
178110,Orcustrated Attack,Orcustrated Attack,https://tcgplayer-cdn.tcgplayer.com/product/178110_200w.jpg,2,2327,https://cpt.tcgcsv.com/dgr2,2021-11-08T17:19:13.673,1,"When a monster declares an attack: Tribute 1 “Orcust” or “World Legacy” monster, then target 1 monster your opponent controls; banish it.",0.05,0.21,1.49,0.15,0.11,1st Edition,SOFU-EN070,Common,TRAP,,Normal Trap,,,,
178111,Orcustrated Core,Orcustrated Core,https://tcgplayer-cdn.tcgplayer.com/product/178111_200w.jpg,2,2327,https://cpt.tcgcsv.com/fgr2,2018-12-07T13:31:45.443,1,"Once per turn: You can banish 1 monster from your field or GY, then target 1 “Orcust” or “World Legacy” card you control, except “Orcustrated Core”; neither player can target it with card effects this turn (even if this card leaves the field). If other “Orcust” and/or “World Legacy” card(s) you control would be destroyed by battle or card effect, you can send this card to the GY instead.",0.05,0.22,1.49,0.16,,Unlimited,SOFU-EN071,Common,TRAP,,Continuous Trap,,,,
178111,Orcustrated Core,Orcustrated Core,https://tcgplayer-cdn.tcgplayer.com/product/178111_200w.jpg,2,2327,https://cpt.tcgcsv.com/fgr2,2018-12-07T13:31:45.443,1,"Once per turn: You can banish 1 monster from your field or GY, then target 1 “Orcust” or “World Legacy” card you control, except “Orcustrated Core”; neither player can target it with card effects this turn (even if this card leaves the field). If other “Orcust” and/or “World Legacy” card(s) you control would be destroyed by battle or card effect, you can send this card to the GY instead.",0.05,0.24,1.49,0.17,0.13,1st Edition,SOFU-EN071,Common,TRAP,,Continuous Trap,,,,
178112,Thunder Dragons' Hundred Thunders,Thunder Dragons Hundred Thunders,https://tcgplayer-cdn.tcgplayer.com/product/178112_200w.jpg,2,2327,https://cpt.tcgcsv.com/ggr2,2024-11-03T12:13:59.577,1,"Target 1 Thunder monster in your GY; Special Summon it, then you can Special Summon as many monsters with that same name as possible from your GY. The monster(s) Special Summoned by this effect are banished when they leave the field, also while they are face-up on the field, you cannot Special Summon monsters, except Thunder monsters. You can only activate 1 “Thunder Dragons' Hundred Thunders” per turn.",0.09,0.25,1.44,0.22,0.13,Unlimited,SOFU-EN072,Rare,TRAP,,Normal Trap,,,,
178112,Thunder Dragons' Hundred Thunders,Thunder Dragons Hundred Thunders,https://tcgplayer-cdn.tcgplayer.com/product/178112_200w.jpg,2,2327,https://cpt.tcgcsv.com/ggr2,2024-11-03T12:13:59.577,1,"Target 1 Thunder monster in your GY; Special Summon it, then you can Special Summon as many monsters with that same name as possible from your GY. The monster(s) Special Summoned by this effect are banished when they leave the field, also while they are face-up on the field, you cannot Special Summon monsters, except Thunder monsters. You can only activate 1 “Thunder Dragons' Hundred Thunders” per turn.",0.05,0.26,1.49,0.26,0.12,1st Edition,SOFU-EN072,Rare,TRAP,,Normal Trap,,,,
178113,Thunder Dragon Discharge,Thunder Dragon Discharge,https://tcgplayer-cdn.tcgplayer.com/product/178113_200w.jpg,2,2327,https://cpt.tcgcsv.com/hgr2,2025-05-15T20:14:21.063,1,"The activation of Thunder monsters' effects cannot be negated. Once per turn, if you Normal or Special Summoned a “Thunder Dragon” monster: You can target 1 Spell/Trap on the field; Banish 1 Thunder monster from your Deck, and if you do, destroy it.",0.13,0.25,1.44,0.2,,Unlimited,SOFU-EN073,Rare,TRAP,,Continuous Trap,,,,
178113,Thunder Dragon Discharge,Thunder Dragon Discharge,https://tcgplayer-cdn.tcgplayer.com/product/178113_200w.jpg,2,2327,https://cpt.tcgcsv.com/hgr2,2025-05-15T20:14:21.063,1,"The activation of Thunder monsters' effects cannot be negated. Once per turn, if you Normal or Special Summoned a “Thunder Dragon” monster: You can target 1 Spell/Trap on the field; Banish 1 Thunder monster from your Deck, and if you do, destroy it.",0.05,0.28,1.49,0.28,,1st Edition,SOFU-EN073,Rare,TRAP,,Continuous Trap,,,,
178114,Crusadia Krawler,Crusadia Krawler,https://tcgplayer-cdn.tcgplayer.com/product/178114_200w.jpg,2,2327,https://cpt.tcgcsv.com/jgr2,2025-05-15T20:14:21.123,1,"Special Summon this card as an Effect Monster (Insect/EARTH/Level 2/ATK 300/DEF 2100). (This card is also still a Trap.) If this card is Special Summoned this way to a zone a Link Monster points to: You can add 1 ""World Legacy"" card from your Deck to your hand.",0.05,0.21,1.49,0.19,,Unlimited,SOFU-EN074,Common,TRAP,,Continuous Trap,,,,
178114,Crusadia Krawler,Crusadia Krawler,https://tcgplayer-cdn.tcgplayer.com/product/178114_200w.jpg,2,2327,https://cpt.tcgcsv.com/jgr2,2025-05-15T20:14:21.123,1,"Special Summon this card as an Effect Monster (Insect/EARTH/Level 2/ATK 300/DEF 2100). (This card is also still a Trap.) If this card is Special Summoned this way to a zone a Link Monster points to: You can add 1 ""World Legacy"" card from your Deck to your hand.",0.05,0.21,1.49,0.16,,1st Edition,SOFU-EN074,Common,TRAP,,Continuous Trap,,,,
178115,Necro Fusion,Necro Fusion,https://tcgplayer-cdn.tcgplayer.com/product/178115_200w.jpg,2,2327,https://cpt.tcgcsv.com/kgr2,2025-05-15T20:14:21.183,1,"Fusion Summon 1 Fusion Monster from your Extra Deck, by banishing Fusion Materials listed on it from your GY face-down, but it cannot attack this turn.",0.09,0.25,1.49,0.13,,1st Edition,SOFU-EN075,Common,TRAP,,Normal Trap,,,,
178115,Necro Fusion,Necro Fusion,https://tcgplayer-cdn.tcgplayer.com/product/178115_200w.jpg,2,2327,https://cpt.tcgcsv.com/kgr2,2025-05-15T20:14:21.183,1,"Fusion Summon 1 Fusion Monster from your Extra Deck, by banishing Fusion Materials listed on it from your GY face-down, but it cannot attack this turn.",0.05,0.23,1.49,0.13,,Unlimited,SOFU-EN075,Common,TRAP,,Normal Trap,,,,
178116,Invincibility Barrier,Invincibility Barrier,https://tcgplayer-cdn.tcgplayer.com/product/178116_200w.jpg,2,2327,https://cpt.tcgcsv.com/lgr2,2018-12-07T13:32:51.66,1,"Once per turn: You can banish 1 Ritual, Fusion, Synchro, Xyz, Pendulum, or Link Monster from your field; while this card is in the Spell & Trap Zone, negate the effects of monsters with the same type as that banished monster this turn.",0.01,0.25,1.49,0.27,0.05,1st Edition,SOFU-EN076,Common,TRAP,,Continuous Trap,,,,
178116,Invincibility Barrier,Invincibility Barrier,https://tcgplayer-cdn.tcgplayer.com/product/178116_200w.jpg,2,2327,https://cpt.tcgcsv.com/lgr2,2018-12-07T13:32:51.66,1,"Once per turn: You can banish 1 Ritual, Fusion, Synchro, Xyz, Pendulum, or Link Monster from your field; while this card is in the Spell & Trap Zone, negate the effects of monsters with the same type as that banished monster this turn.",0.03,0.2,1.49,0.07,,Unlimited,SOFU-EN076,Common,TRAP,,Continuous Trap,,,,
178117,Toll Hike,Toll Hike,https://tcgplayer-cdn.tcgplayer.com/product/178117_200w.jpg,2,2327,https://cpt.tcgcsv.com/mgr2,2018-12-07T13:33:03.847,1,Both players must send a card from their hand to the GY to declare an attack.,0.05,0.25,1.49,0.18,,1st Edition,SOFU-EN077,Rare,TRAP,,Continuous Trap,,,,
178117,Toll Hike,Toll Hike,https://tcgplayer-cdn.tcgplayer.com/product/178117_200w.jpg,2,2327,https://cpt.tcgcsv.com/mgr2,2018-12-07T13:33:03.847,1,Both players must send a card from their hand to the GY to declare an attack.,0.05,0.25,1.4,0.17,0.12,Unlimited,SOFU-EN077,Rare,TRAP,,Continuous Trap,,,,
178118,Trap Trick,Trap Trick,https://tcgplayer-cdn.tcgplayer.com/product/178118_200w.jpg,2,2327,https://cpt.tcgcsv.com/ngr2,2023-06-21T11:04:31.84,1,"Banish 1 Normal Trap from your Deck, except ""Trap Trick"", and Set 1 card with the same name directly from your Deck, also it can be activated this turn. You can only activate 1 Trap Card for the rest of this turn after this card resolves. You can only activate 1 ""Trap Trick"" per turn.",1.2,2.96,22.99,2.17,,1st Edition,SOFU-EN078,Secret Rare,TRAP,,Normal Trap,,,,
178118,Trap Trick,Trap Trick,https://tcgplayer-cdn.tcgplayer.com/product/178118_200w.jpg,2,2327,https://cpt.tcgcsv.com/ngr2,2023-06-21T11:04:31.84,1,"Banish 1 Normal Trap from your Deck, except ""Trap Trick"", and Set 1 card with the same name directly from your Deck, also it can be activated this turn. You can only activate 1 Trap Card for the rest of this turn after this card resolves. You can only activate 1 ""Trap Trick"" per turn.",0.92,1.71,25.0,1.22,,Unlimited,SOFU-EN078,Secret Rare,TRAP,,Normal Trap,,,,
178119,The Revenge of the Normal,The Revenge of the Normal,https://tcgplayer-cdn.tcgplayer.com/product/178119_200w.jpg,2,2327,https://cpt.tcgcsv.com/pgr2,2018-12-07T13:33:39.53,1,"Special Summon Level 4 or lower monsters from your hand, up to the number of monsters your opponent controls. You can only activate 1 ""The Revenge of the Normal"" per turn.",0.03,0.17,1.49,0.12,,Unlimited,SOFU-EN079,Common,TRAP,,Normal Trap,,,,
178119,The Revenge of the Normal,The Revenge of the Normal,https://tcgplayer-cdn.tcgplayer.com/product/178119_200w.jpg,2,2327,https://cpt.tcgcsv.com/pgr2,2018-12-07T13:33:39.53,1,"Special Summon Level 4 or lower monsters from your hand, up to the number of monsters your opponent controls. You can only activate 1 ""The Revenge of the Normal"" per turn.",0.04,0.22,1.49,0.1,0.05,1st Edition,SOFU-EN079,Common,TRAP,,Normal Trap,,,,
178120,Subsurface Stage Divers,Subsurface Stage Divers,https://tcgplayer-cdn.tcgplayer.com/product/178120_200w.jpg,2,2327,https://cpt.tcgcsv.com/qgr2,2023-05-05T18:18:18.87,1,"If you control exactly 3 non-Token monsters with the same name, and no other monsters: You can add 3 monsters with the same name as each other from your Deck to your hand. For the rest of this turn after this card resolves, you cannot Normal Summon/Set or Special Summon monsters with the added monsters' name, nor activate their monster effects. You can only activate 1 ""Subsurface Stage Divers"" per turn.",0.03,0.15,1.49,0.04,,Unlimited,SOFU-EN080,Common,TRAP,,Normal Trap,,,,
178120,Subsurface Stage Divers,Subsurface Stage Divers,https://tcgplayer-cdn.tcgplayer.com/product/178120_200w.jpg,2,2327,https://cpt.tcgcsv.com/qgr2,2023-05-05T18:18:18.87,1,"If you control exactly 3 non-Token monsters with the same name, and no other monsters: You can add 3 monsters with the same name as each other from your Deck to your hand. For the rest of this turn after this card resolves, you cannot Normal Summon/Set or Special Summon monsters with the added monsters' name, nor activate their monster effects. You can only activate 1 ""Subsurface Stage Divers"" per turn.",0.03,0.2,1.49,0.1,,1st Edition,SOFU-EN080,Common,TRAP,,Normal Trap,,,,
178121,Consolation Prize,Consolation Prize,https://tcgplayer-cdn.tcgplayer.com/product/178121_200w.jpg,2,2327,https://cpt.tcgcsv.com/rgr2,2018-12-07T13:34:23.157,1,"If a monster(s) is sent from the hand to the GY: Target 1 of them; Special Summon it to your field. You can only activate 1 ""Consolation Prize"" per turn.",0.05,0.25,1.36,0.21,0.1,Unlimited,SOFU-EN081,Rare,TRAP,,Normal Trap,,,,
178121,Consolation Prize,Consolation Prize,https://tcgplayer-cdn.tcgplayer.com/product/178121_200w.jpg,2,2327,https://cpt.tcgcsv.com/rgr2,2018-12-07T13:34:23.157,1,"If a monster(s) is sent from the hand to the GY: Target 1 of them; Special Summon it to your field. You can only activate 1 ""Consolation Prize"" per turn.",0.01,0.25,1.49,0.1,0.1,1st Edition,SOFU-EN081,Rare,TRAP,,Normal Trap,,,,
178122,Danger! Thunderbird!,Danger Thunderbird,https://tcgplayer-cdn.tcgplayer.com/product/178122_200w.jpg,2,2327,https://cpt.tcgcsv.com/sgr2,2021-11-03T15:44:20.24,1,"You can reveal this card in your hand; your opponent randomly chooses 1 card from your entire hand, then you discard the chosen card. Then, if the discarded card was not “Danger! Thunderbird!”, Special Summon 1 “Danger! Thunderbird!” from your hand, and if you do, draw 1 card. If this card is discarded: You can target 1 Set card your opponent controls; destroy it. You can only use this effect of “Danger! Thunderbird!” once per turn.",2.27,3.35,13.89,3.28,7.98,1st Edition,SOFU-EN082,Secret Rare,DARK,Winged Beast,Effect Monster,2800,2400,,
178122,Danger! Thunderbird!,Danger Thunderbird,https://tcgplayer-cdn.tcgplayer.com/product/178122_200w.jpg,2,2327,https://cpt.tcgcsv.com/sgr2,2021-11-03T15:44:20.24,1,"You can reveal this card in your hand; your opponent randomly chooses 1 card from your entire hand, then you discard the chosen card. Then, if the discarded card was not “Danger! Thunderbird!”, Special Summon 1 “Danger! Thunderbird!” from your hand, and if you do, draw 1 card. If this card is discarded: You can target 1 Set card your opponent controls; destroy it. You can only use this effect of “Danger! Thunderbird!” once per turn.",2.0,3.03,13.82,2.15,5.83,Unlimited,SOFU-EN082,Secret Rare,DARK,Winged Beast,Effect Monster,2800,2400,,
178123,Danger! Dogman!,Danger Dogman,https://tcgplayer-cdn.tcgplayer.com/product/178123_200w.jpg,2,2327,https://cpt.tcgcsv.com/tgr2,2022-05-19T15:40:26.283,1,"You can reveal this card in your hand; your opponent randomly chooses 1 card from your entire hand, then you discard the chosen card. Then, if the discarded card was not ""Danger! Dogman!"", Special Summon 1 ""Danger! Dogman!"" from your hand, and if you do, draw 1 card. If this card is discarded: You can have all face-up monsters your opponent currently controls lose 1000 ATK until the end of this turn. You can only use this effect of ""Danger! Dogman!"" once per turn.",0.2,0.49,4.99,0.35,,1st Edition,SOFU-EN083,Super Rare,DARK,Beast-Warrior,Effect Monster,2400,1000,,
178123,Danger! Dogman!,Danger Dogman,https://tcgplayer-cdn.tcgplayer.com/product/178123_200w.jpg,2,2327,https://cpt.tcgcsv.com/tgr2,2022-05-19T15:40:26.283,1,"You can reveal this card in your hand; your opponent randomly chooses 1 card from your entire hand, then you discard the chosen card. Then, if the discarded card was not ""Danger! Dogman!"", Special Summon 1 ""Danger! Dogman!"" from your hand, and if you do, draw 1 card. If this card is discarded: You can have all face-up monsters your opponent currently controls lose 1000 ATK until the end of this turn. You can only use this effect of ""Danger! Dogman!"" once per turn.",0.25,0.52,4.99,0.42,,Unlimited,SOFU-EN083,Super Rare,DARK,Beast-Warrior,Effect Monster,2400,1000,,
178124,Danger! Mothman!,Danger Mothman,https://tcgplayer-cdn.tcgplayer.com/product/178124_200w.jpg,2,2327,https://cpt.tcgcsv.com/vgr2,2024-08-18T03:27:23.187,1,"You can reveal this card in your hand; your opponent randomly chooses 1 card from your entire hand, then you discard the chosen card. Then, if the discarded card was not ""Danger! Mothman!"", Special Summon 1 ""Danger! Mothman!"" from your hand, and if you do, draw 1 card. If this card is discarded: You can have both players draw 1 card, then both players discard 1 card. You can only use this effect of ""Danger! Mothman!"" once per turn.",0.27,0.75,9.47,0.55,,1st Edition,SOFU-EN084,Super Rare,DARK,Insect,Effect Monster,1800,400,,
178124,Danger! Mothman!,Danger Mothman,https://tcgplayer-cdn.tcgplayer.com/product/178124_200w.jpg,2,2327,https://cpt.tcgcsv.com/vgr2,2024-08-18T03:27:23.187,1,"You can reveal this card in your hand; your opponent randomly chooses 1 card from your entire hand, then you discard the chosen card. Then, if the discarded card was not ""Danger! Mothman!"", Special Summon 1 ""Danger! Mothman!"" from your hand, and if you do, draw 1 card. If this card is discarded: You can have both players draw 1 card, then both players discard 1 card. You can only use this effect of ""Danger! Mothman!"" once per turn.",0.25,0.63,9.44,0.56,,Unlimited,SOFU-EN084,Super Rare,DARK,Insect,Effect Monster,1800,400,,
178125,Danger!? Tsuchinoko?,Danger Tsuchinoko,https://tcgplayer-cdn.tcgplayer.com/product/178125_200w.jpg,2,2327,https://cpt.tcgcsv.com/wgr2,2025-05-27T03:34:10.85,1,"You can reveal this card in your hand; your opponent randomly chooses 1 card from your entire hand, then you discard the chosen card. Then, if the discarded card was not ""Danger!? Tsuchinoko?"", Special Summon 1 ""Danger!? Tsuchinoko?"" from your hand, and if you do, draw 1 card. If this card is discarded: You can Special Summon this card. You can only use this effect of ""Danger!? Tsuchinoko?"" once per turn.",0.7,4.36,32.23,3.13,19.99,1st Edition,SOFU-EN085,Secret Rare,DARK,Reptile,Effect Monster,1300,0,,
178125,Danger!? Tsuchinoko?,Danger Tsuchinoko,https://tcgplayer-cdn.tcgplayer.com/product/178125_200w.jpg,2,2327,https://cpt.tcgcsv.com/wgr2,2025-05-27T03:34:10.85,1,"You can reveal this card in your hand; your opponent randomly chooses 1 card from your entire hand, then you discard the chosen card. Then, if the discarded card was not ""Danger!? Tsuchinoko?"", Special Summon 1 ""Danger!? Tsuchinoko?"" from your hand, and if you do, draw 1 card. If this card is discarded: You can Special Summon this card. You can only use this effect of ""Danger!? Tsuchinoko?"" once per turn.",0.75,5.22,34.99,4.69,,Unlimited,SOFU-EN085,Secret Rare,DARK,Reptile,Effect Monster,1300,0,,
178126,Danger! Response Team,Danger Response Team,https://tcgplayer-cdn.tcgplayer.com/product/178126_200w.jpg,2,2327,https://cpt.tcgcsv.com/xgr2,2018-12-07T13:36:56.663,1,"Target 1 ""Danger!"" monster you control and 1 monster on the field; return them to the hand. If this card is in the GY: You can discard 1 ""Danger!"" monster; place this card on the bottom of the Deck, then draw 1 card. You can only use each effect of ""Danger! Response Team"" once per turn.",0.44,0.61,2.98,0.55,0.61,Unlimited,SOFU-EN086,Ultra Rare,SPELL,,Normal Spell,,,,
178126,Danger! Response Team,Danger Response Team,https://tcgplayer-cdn.tcgplayer.com/product/178126_200w.jpg,2,2327,https://cpt.tcgcsv.com/xgr2,2018-12-07T13:36:56.663,1,"Target 1 ""Danger!"" monster you control and 1 monster on the field; return them to the hand. If this card is in the GY: You can discard 1 ""Danger!"" monster; place this card on the bottom of the Deck, then draw 1 card. You can only use each effect of ""Danger! Response Team"" once per turn.",0.34,0.63,2.99,0.52,,1st Edition,SOFU-EN086,Ultra Rare,SPELL,,Normal Spell,,,,
178127,Second Expedition into Danger!,Second Expedition into Danger,https://tcgplayer-cdn.tcgplayer.com/product/178127_200w.jpg,2,2327,https://cpt.tcgcsv.com/zgr2,2025-05-15T20:14:21.233,1,"Discard 1 card, then target 1 ""Danger!"" monster you control; it gains 500 ATK/DEF until the end of this turn. If this card is in the GY: You can discard 1 ""Danger!"" monster; place this card on the bottom of the Deck, then draw 1 card. You can only use each effect of ""Second Expedition into Danger!"" once per turn.",0.1,0.32,1.98,0.3,,Unlimited,SOFU-EN087,Super Rare,TRAP,,Continuous Trap,,,,
178127,Second Expedition into Danger!,Second Expedition into Danger,https://tcgplayer-cdn.tcgplayer.com/product/178127_200w.jpg,2,2327,https://cpt.tcgcsv.com/zgr2,2025-05-15T20:14:21.233,1,"Discard 1 card, then target 1 ""Danger!"" monster you control; it gains 500 ATK/DEF until the end of this turn. If this card is in the GY: You can discard 1 ""Danger!"" monster; place this card on the bottom of the Deck, then draw 1 card. You can only use each effect of ""Second Expedition into Danger!"" once per turn.",0.1,0.34,1.99,0.27,,1st Edition,SOFU-EN087,Super Rare,TRAP,,Continuous Trap,,,,
178128,Noble Knight Iyvanne,Noble Knight Iyvanne,https://tcgplayer-cdn.tcgplayer.com/product/178128_200w.jpg,2,2327,https://cpt.tcgcsv.com/Bgr2,2025-05-15T20:14:21.28,1,"If a ""Noble Arms"" Equip Spell becomes equipped to ths card: You can Special Summon 1 ""Noble Knight Token"" (Warrior/LIGHT/Level 4/ATK 1000/DEF 1000), also you cannot Special Summons monsters for the rest of this turn, except ""Noble Knight"" monsters. You can only use this effect of ""Noble Knight Iyvanne"" once per turn. While this card is equipped with a ""Noble Arms"" Equip Spell, all other ""Noble Knight"" monsters you control gain 500 ATK.",0.05,0.33,1.98,0.24,,Unlimited,SOFU-EN088,Super Rare,LIGHT,Warrior,Effect Monster,1700,1600,,
178128,Noble Knight Iyvanne,Noble Knight Iyvanne,https://tcgplayer-cdn.tcgplayer.com/product/178128_200w.jpg,2,2327,https://cpt.tcgcsv.com/Bgr2,2025-05-15T20:14:21.28,1,"If a ""Noble Arms"" Equip Spell becomes equipped to ths card: You can Special Summon 1 ""Noble Knight Token"" (Warrior/LIGHT/Level 4/ATK 1000/DEF 1000), also you cannot Special Summons monsters for the rest of this turn, except ""Noble Knight"" monsters. You can only use this effect of ""Noble Knight Iyvanne"" once per turn. While this card is equipped with a ""Noble Arms"" Equip Spell, all other ""Noble Knight"" monsters you control gain 500 ATK.",0.1,0.36,1.99,0.24,,1st Edition,SOFU-EN088,Super Rare,LIGHT,Warrior,Effect Monster,1700,1600,,
178129,"Morgan, the Enchantress of Avalon",Morgan the Enchantress of Avalon,https://tcgplayer-cdn.tcgplayer.com/product/178129_200w.jpg,2,2327,https://cpt.tcgcsv.com/Cgr2,2022-01-01T11:13:54.957,1,"When your opponent activates a card or effect, while you control a ""Noble Knight"" monster and a ""Noble Arms"" Equip Spell (Quick Effect): You can send this card from your hand to the GY; destroy 1 ""Noble Arms"" Equip Spell you control, and if you do, negate the activation. You can only use this effect of ""Morgan, the Enchantress of Avalon"" once per turn.",0.13,0.49,2.98,0.34,,Unlimited,SOFU-EN089,Ultra Rare,DARK,Spellcaster,Effect Monster,1300,1600,,
178129,"Morgan, the Enchantress of Avalon",Morgan the Enchantress of Avalon,https://tcgplayer-cdn.tcgplayer.com/product/178129_200w.jpg,2,2327,https://cpt.tcgcsv.com/Cgr2,2022-01-01T11:13:54.957,1,"When your opponent activates a card or effect, while you control a ""Noble Knight"" monster and a ""Noble Arms"" Equip Spell (Quick Effect): You can send this card from your hand to the GY; destroy 1 ""Noble Arms"" Equip Spell you control, and if you do, negate the activation. You can only use this effect of ""Morgan, the Enchantress of Avalon"" once per turn.",0.15,0.5,3.0,0.28,,1st Edition,SOFU-EN089,Ultra Rare,DARK,Spellcaster,Effect Monster,1300,1600,,
178130,Heritage of the Chalice,Heritage of the Chalice,https://tcgplayer-cdn.tcgplayer.com/product/178130_200w.jpg,2,2327,https://cpt.tcgcsv.com/Dgr2,2018-12-07T13:39:20.087,1,"Add 1 ""Noble Knight"" monster or 1 ""Noble Arms"" card from your Deck or GY to your hand. If your ""Noble Knight"" monster equipped with a ""Noble Arms"" Equip Spell is destroyed by battle and sent to the GY, while this card is in your GY: You can add this card to your hand. You can only use 1 ""Heritage of the Chalice"" effect per turn, and only once that turn.",2.75,5.0,15.96,4.51,,Unlimited,SOFU-EN090,Ultra Rare,SPELL,,Normal Spell,,,,
178130,Heritage of the Chalice,Heritage of the Chalice,https://tcgplayer-cdn.tcgplayer.com/product/178130_200w.jpg,2,2327,https://cpt.tcgcsv.com/Dgr2,2018-12-07T13:39:20.087,1,"Add 1 ""Noble Knight"" monster or 1 ""Noble Arms"" card from your Deck or GY to your hand. If your ""Noble Knight"" monster equipped with a ""Noble Arms"" Equip Spell is destroyed by battle and sent to the GY, while this card is in your GY: You can add this card to your hand. You can only use 1 ""Heritage of the Chalice"" effect per turn, and only once that turn.",4.71,5.49,19.88,4.71,5.97,1st Edition,SOFU-EN090,Ultra Rare,SPELL,,Normal Spell,,,,
178131,Until Noble Arms are Needed Once Again,Until Noble Arms are Needed Once Again,https://tcgplayer-cdn.tcgplayer.com/product/178131_200w.jpg,2,2327,https://cpt.tcgcsv.com/Fgr2,2025-05-15T20:14:21.34,1,"Excavate cards from the top of your Deck, equal to the number of ""Noble Arms"" Equip Spells you control, and if you do, add 1 of them to your hand, also place the remaining cards on top of your Deck in any order. You can banish this card from your GY, except the turn this card was sent to the GY; Special Summon from your Deck, 1 ""Noble Knight"" monster with a different name from the cards you control or in your GY. You can only use this effect of ""Until Noble Arms are Needed Again"" once per turn.",0.05,0.23,1.49,0.23,,1st Edition,SOFU-EN091,Common,TRAP,,Normal Trap,,,,
178131,Until Noble Arms are Needed Once Again,Until Noble Arms are Needed Once Again,https://tcgplayer-cdn.tcgplayer.com/product/178131_200w.jpg,2,2327,https://cpt.tcgcsv.com/Fgr2,2025-05-15T20:14:21.34,1,"Excavate cards from the top of your Deck, equal to the number of ""Noble Arms"" Equip Spells you control, and if you do, add 1 of them to your hand, also place the remaining cards on top of your Deck in any order. You can banish this card from your GY, except the turn this card was sent to the GY; Special Summon from your Deck, 1 ""Noble Knight"" monster with a different name from the cards you control or in your GY. You can only use this effect of ""Until Noble Arms are Needed Again"" once per turn.",0.05,0.2,1.49,0.14,,Unlimited,SOFU-EN091,Common,TRAP,,Normal Trap,,,,
178132,Patchwork Fluffal,Patchwork Fluffal,https://tcgplayer-cdn.tcgplayer.com/product/178132_200w.jpg,2,2327,https://cpt.tcgcsv.com/Ggr2,2018-12-07T13:39:55.967,1,"This card is treated as a ""Frightfur"" monster while on the field. This face-up monster on the field can be used as a substitute for any 1 Fusion Material whose name is specifically listed on a ""Frightfur"" Fusion Monster Card, but the other Fusion Material(s) must be correct.",0.05,0.2,1.49,0.16,,1st Edition,SOFU-EN092,Common,EARTH,Fairy,Effect Monster,0,0,,
178132,Patchwork Fluffal,Patchwork Fluffal,https://tcgplayer-cdn.tcgplayer.com/product/178132_200w.jpg,2,2327,https://cpt.tcgcsv.com/Ggr2,2018-12-07T13:39:55.967,1,"This card is treated as a ""Frightfur"" monster while on the field. This face-up monster on the field can be used as a substitute for any 1 Fusion Material whose name is specifically listed on a ""Frightfur"" Fusion Monster Card, but the other Fusion Material(s) must be correct.",0.05,0.21,1.81,0.17,0.17,Unlimited,SOFU-EN092,Common,EARTH,Fairy,Effect Monster,0,0,,
178133,Edge Imp Cotton Eater,Edge Imp Cotton Eater,https://tcgplayer-cdn.tcgplayer.com/product/178133_200w.jpg,2,2327,https://cpt.tcgcsv.com/Hgr2,2018-12-07T13:40:10.237,1,"<strong>Pendulum Effect :</strong> All Fusion Monsters you control gain 300 ATK. Once per turn, if a ""Frightfur"" Fusion Monster is Fusion Summoned to your field: You can draw 1 card.
<br><strong>Monster Effect :</strong> If this card is Special Summoned: You can inflict 200 damage to your opponent for each ""Frightfur"" monster in your GY. You can only use this effect of ""Edge Imp Cotton Eater"" once per turn.",0.05,0.22,1.49,0.18,0.11,1st Edition,SOFU-EN093,Common,DARK,Fiend,Pendulum/Effect Monster,2400,1600,,
178133,Edge Imp Cotton Eater,Edge Imp Cotton Eater,https://tcgplayer-cdn.tcgplayer.com/product/178133_200w.jpg,2,2327,https://cpt.tcgcsv.com/Hgr2,2018-12-07T13:40:10.237,1,"<strong>Pendulum Effect :</strong> All Fusion Monsters you control gain 300 ATK. Once per turn, if a ""Frightfur"" Fusion Monster is Fusion Summoned to your field: You can draw 1 card.
<br><strong>Monster Effect :</strong> If this card is Special Summoned: You can inflict 200 damage to your opponent for each ""Frightfur"" monster in your GY. You can only use this effect of ""Edge Imp Cotton Eater"" once per turn.",0.05,0.22,1.36,0.21,0.11,Unlimited,SOFU-EN093,Common,DARK,Fiend,Pendulum/Effect Monster,2400,1600,,
178134,Predaplant Dragostapelia,Predaplant Dragostapelia,https://tcgplayer-cdn.tcgplayer.com/product/178134_200w.jpg,2,2327,https://cpt.tcgcsv.com/Jgr2,2025-05-15T20:14:21.387,1,"1 Fusion Monster + 1 DARK monster
<br>Once per turn (Quick Effect): You can target 1 face-up monster your opponent controls; place 1 Predator Counter on it, and if it is Level 2 or higher, it becomes Level 1 as long as it has a Predator Counter. Negate the activated effects of your opponent's monster that have Predator Counters.",0.1,0.29,1.89,0.17,0.2,1st Edition,SOFU-EN094,Common,DARK,Plant,Fusion/Effect Monster,2700,1900,,
178134,Predaplant Dragostapelia,Predaplant Dragostapelia,https://tcgplayer-cdn.tcgplayer.com/product/178134_200w.jpg,2,2327,https://cpt.tcgcsv.com/Jgr2,2025-05-15T20:14:21.387,1,"1 Fusion Monster + 1 DARK monster
<br>Once per turn (Quick Effect): You can target 1 face-up monster your opponent controls; place 1 Predator Counter on it, and if it is Level 2 or higher, it becomes Level 1 as long as it has a Predator Counter. Negate the activated effects of your opponent's monster that have Predator Counters.",0.11,0.38,1.99,0.15,,Unlimited,SOFU-EN094,Common,DARK,Plant,Fusion/Effect Monster,2700,1900,,
178135,D/D/D Flame High King Genghis,D D D Flame High King Genghis,https://tcgplayer-cdn.tcgplayer.com/product/178135_200w.jpg,2,2327,https://cpt.tcgcsv.com/Kgr2,2025-05-15T20:14:21.45,1,"1 Level 5 or higher ""D/D"" monster + 1 ""D/D"" monster
<br>If another ""D/D"" monster(s) is Normal or Special Summoned to your field, while you control this face-up card (except during the Damage Step): You can target 1 ""D/D"" monster in your GY; Special Summon it. You can only use this effect of ""D/D/D Flame High King Genghis"" once per turn. Once per turn, during your turn, when a Spell/Trap Card or effect is activated (Quick Effect): You can negate the activation.",0.05,0.29,1.49,0.24,,1st Edition,SOFU-EN095,Common,FIRE,Fiend,Fusion/Effect Monster,2800,2400,,
178135,D/D/D Flame High King Genghis,D D D Flame High King Genghis,https://tcgplayer-cdn.tcgplayer.com/product/178135_200w.jpg,2,2327,https://cpt.tcgcsv.com/Kgr2,2025-05-15T20:14:21.45,1,"1 Level 5 or higher ""D/D"" monster + 1 ""D/D"" monster
<br>If another ""D/D"" monster(s) is Normal or Special Summoned to your field, while you control this face-up card (except during the Damage Step): You can target 1 ""D/D"" monster in your GY; Special Summon it. You can only use this effect of ""D/D/D Flame High King Genghis"" once per turn. Once per turn, during your turn, when a Spell/Trap Card or effect is activated (Quick Effect): You can negate the activation.",0.16,0.26,1.49,0.24,,Unlimited,SOFU-EN095,Common,FIRE,Fiend,Fusion/Effect Monster,2800,2400,,
178136,D/D/D Super Doom King Purple Armageddon,D D D Super Doom King Purple Armageddon,https://tcgplayer-cdn.tcgplayer.com/product/178136_200w.jpg,2,2327,https://cpt.tcgcsv.com/Lgr2,2021-11-10T19:28:51.533,1,"<strong>Pendulum Effect :</strong>Once per turn, if your ""D/D/D"" Fusion Monster battles an opponent's monster, before damage calculation: You can make that opponent's monster lose 1000 ATK until the end of this turn (even if this card leaves the field).
<br><strong>Monster Effect : </strong>2 ""D/D/D"" monsters
<br>You can target 1 Attack Position monster your opponent controls; destroy it, and if you do, inflict damage to your opponent equal to half the destroyed monster's original ATK. You can only use this effect of ""D/D/D Super Doom King Purplish Armageddon"" once per turn. If an opponent's monster battles, before damage calculation: You can make the ATK of that opponent's monster become equal to its original ATK until the end of the Damage Step. If this card in the Monster Zone is destroyed: You can place this card in your Pendulum Zone.",0.05,0.2,1.49,0.14,0.18,Unlimited,SOFU-EN096,Common,DARK,Fiend,Fusion/Pendulum/Effect Monster,3500,3000,,
178136,D/D/D Super Doom King Purple Armageddon,D D D Super Doom King Purple Armageddon,https://tcgplayer-cdn.tcgplayer.com/product/178136_200w.jpg,2,2327,https://cpt.tcgcsv.com/Lgr2,2021-11-10T19:28:51.533,1,"<strong>Pendulum Effect :</strong>Once per turn, if your ""D/D/D"" Fusion Monster battles an opponent's monster, before damage calculation: You can make that opponent's monster lose 1000 ATK until the end of this turn (even if this card leaves the field).
<br><strong>Monster Effect : </strong>2 ""D/D/D"" monsters
<br>You can target 1 Attack Position monster your opponent controls; destroy it, and if you do, inflict damage to your opponent equal to half the destroyed monster's original ATK. You can only use this effect of ""D/D/D Super Doom King Purplish Armageddon"" once per turn. If an opponent's monster battles, before damage calculation: You can make the ATK of that opponent's monster become equal to its original ATK until the end of the Damage Step. If this card in the Monster Zone is destroyed: You can place this card in your Pendulum Zone.",0.05,0.22,1.49,0.22,0.14,1st Edition,SOFU-EN096,Common,DARK,Fiend,Fusion/Pendulum/Effect Monster,3500,3000,,
178137,Predaplast,Predaplast,https://tcgplayer-cdn.tcgplayer.com/product/178137_200w.jpg,2,2327,https://cpt.tcgcsv.com/Mgr2,2018-12-07T13:41:45.783,1,"Reveal any number of ""Predap"" cards in your hand, then target that number of face-up monsters your opponent controls; place 1 Predator Counter on each one, and if you do, any of those monsters that are Level 2 or higher become Level 1 as long as they have a Predator Counter. If your ""Predaplant"" monster would be destroyed by battle, you can banish this card from your GY instead.",0.04,0.16,1.49,0.1,0.05,Unlimited,SOFU-EN097,Common,SPELL,,Quick-Play Spell,,,,
178137,Predaplast,Predaplast,https://tcgplayer-cdn.tcgplayer.com/product/178137_200w.jpg,2,2327,https://cpt.tcgcsv.com/Mgr2,2018-12-07T13:41:45.783,1,"Reveal any number of ""Predap"" cards in your hand, then target that number of face-up monsters your opponent controls; place 1 Predator Counter on each one, and if you do, any of those monsters that are Level 2 or higher become Level 1 as long as they have a Predator Counter. If your ""Predaplant"" monster would be destroyed by battle, you can banish this card from your GY instead.",0.05,0.2,1.49,0.08,0.1,1st Edition,SOFU-EN097,Common,SPELL,,Quick-Play Spell,,,,
178138,Ostinato,Ostinato,https://tcgplayer-cdn.tcgplayer.com/product/178138_200w.jpg,2,2327,https://cpt.tcgcsv.com/Ngr2,2022-10-17T16:53:56.227,1,"If you control no monsters: Fusion Summon 1 ""Melodious"" Fusion Monster from your Extra Deck, using 2 monsters from your hand or Deck as Fusion Materials. During the End Phase of this turn, destroy the monster Fusion Summoned by this effect, and if you do, if all the Fusion Materials that were used for its Fusion Summon are in your GY, you can Special Summon all of them.",0.05,0.43,4.49,0.34,0.34,Unlimited,SOFU-EN098,Common,SPELL,,Normal Spell,,,,
178138,Ostinato,Ostinato,https://tcgplayer-cdn.tcgplayer.com/product/178138_200w.jpg,2,2327,https://cpt.tcgcsv.com/Ngr2,2022-10-17T16:53:56.227,1,"If you control no monsters: Fusion Summon 1 ""Melodious"" Fusion Monster from your Extra Deck, using 2 monsters from your hand or Deck as Fusion Materials. During the End Phase of this turn, destroy the monster Fusion Summoned by this effect, and if you do, if all the Fusion Materials that were used for its Fusion Summon are in your GY, you can Special Summon all of them.",0.1,0.53,19.99,0.4,0.39,1st Edition,SOFU-EN098,Common,SPELL,,Normal Spell,,,,
178139,Frightfur Patchwork,Frightfur Patchwork,https://tcgplayer-cdn.tcgplayer.com/product/178139_200w.jpg,2,2327,https://cpt.tcgcsv.com/Pgr2,2025-05-15T20:14:21.51,1,"Add 1 ""Polymerization"" and 1 ""Edge Imp"" monster from your Deck to your hand. You can only activate 1 ""Frightfur Patchwork"" per turn.",0.2,0.4,2.5,0.35,,Unlimited,SOFU-EN099,Rare,SPELL,,Normal Spell,,,,
178139,Frightfur Patchwork,Frightfur Patchwork,https://tcgplayer-cdn.tcgplayer.com/product/178139_200w.jpg,2,2327,https://cpt.tcgcsv.com/Pgr2,2025-05-15T20:14:21.51,1,"Add 1 ""Polymerization"" and 1 ""Edge Imp"" monster from your Deck to your hand. You can only activate 1 ""Frightfur Patchwork"" per turn.",0.19,0.49,4.95,0.42,,1st Edition,SOFU-EN099,Rare,SPELL,,Normal Spell,,,,
178763,Token Collector (SOFU-ENSP1),Token Collector SOFU ENSP1,https://tcgplayer-cdn.tcgplayer.com/product/178763_200w.jpg,2,2327,https://cpt.tcgcsv.com/hwr2,2022-12-24T12:41:32.657,1,"If a Token is Special Summoned (except during the Damage Step): You can Special Summon this card from the GY (if it was there when that Token was Summoned) or hand (even if not). You can only use this effect of ""Token Collector"" once per turn. If this card is Special Summoned: Destroy as many Tokens on the field as possible, and if you do, this card gains 400 ATK for each Token destroyed. Neither player can Special Summon Tokens.",0.08,0.5,20.0,0.29,0.25,Limited,SOFU-ENSP1,Ultra Rare,EARTH,Fiend,Effect Monster,0,2000,,
181639,"Isolde, Two Tales of the Noble Knights",Isolde Two Tales of the Noble Knights,https://tcgplayer-cdn.tcgplayer.com/product/181639_200w.jpg,2,2327,https://cpt.tcgcsv.com/PGs2,2025-05-15T20:14:21.573,1,"2 Warrior monsters
<br>If this card is Link Summoned: You can add 1 Warrior monster from your Deck to your hand, but for the rest of this turn, you cannot Normal Summon/Set or Special Summon monsters with that name, nor activate their monster effects. You can send any number of Equip Spells with different names from your Deck to the GY; Special Summon 1 Warrior monster from your Deck, whose Level equals the number of cards sent to the GY. You can only use each effect of ""Isolde, Two Tales of the Noble Knights"" once per turn.",0.07,0.5,6.99,0.36,,Limited,SOFU-ENSE1,Super Rare,LIGHT,Warrior,Link/Effect Monster,1600,,2,Bottom-Right;Bottom-Left
181640,Summon Sorceress,Summon Sorceress,https://tcgplayer-cdn.tcgplayer.com/product/181640_200w.jpg,2,2327,https://cpt.tcgcsv.com/QGs2,2025-03-05T20:07:35.353,1,"2+ monsters with the same Type, except Tokens
<br>If this card is Link Summoned: You can Special Summon 1 monster from your hand in Defense Position, to your opponent's zone this card points to. You can target 1 face-up monster this card points to; Special Summon 1 monster from your Deck in Defense Position, with the same Type as that monster, to a zone this card points to, but negate its effects. You can only use this effect of ""Summon Sorceress"" once per turn.",0.22,0.75,25.0,0.66,,Limited,SOFU-ENSE2,Super Rare,DARK,Spellcaster,Link/Effect Monster,2500,,3,Bottom-Right;Bottom-Left;Top
181641,Neo Space Connector,Neo Space Connector,https://tcgplayer-cdn.tcgplayer.com/product/181641_200w.jpg,2,2327,https://cpt.tcgcsv.com/RGs2,2022-06-15T16:20:08.643,1,"When this card is Normal Summoned: You can Special Summon 1 ""Neo-Spacian"" monster or 1 ""Elemental HERO Neos"" from your hand or Deck in Defense Position. You can Tribute this card, then target 1 ""Neo-Spacian"" monster or 1 ""Elemental HERO Neos"" in your GY; Special Summon it in Defense Position. You can only use each effect of ""Neo Space Connector"" once per turn.",0.02,0.74,6.99,0.42,,Limited,SOFU-ENSE3,Super Rare,LIGHT,Warrior,Effect Monster,800,1800,,
181642,Prank-Kids Rocksies,Prank Kids Rocksies,https://tcgplayer-cdn.tcgplayer.com/product/181642_200w.jpg,2,2327,https://cpt.tcgcsv.com/SGs2,2025-05-15T20:14:21.63,1,"If this card is sent to the GY as Fusion or Link Material for the Summon of a ""Prank-Kids"" monster: You can banish 1 card from your hand, and if you do, draw 1 card, then you can Special Summon 1 ""Prank-Kids"" monster from your hand or Deck in Defense Position, except ""Prank-Kids Rocksies"". You can only use this effect of ""Prank-Kids Rocksies"" once per turn.",0.09,0.47,5.0,0.29,,Limited,SOFU-ENSE4,Super Rare,EARTH,Rock,Effect Monster,1500,1500,,
