productId,name,cleanName,imageUrl,categoryId,groupId,url,modifiedOn,imageCount,extDescription,extUPC,lowPrice,midPrice,highPrice,marketPrice,directLowPrice,subTypeName,extNumber,extRarity,extCardType,extAttribute,extMonsterType,extAttack,extDefense
257391,Speed Duel GX: Duel Academy Box,Speed Duel GX Duel Academy Box,https://tcgplayer-cdn.tcgplayer.com/product/257391_200w.jpg,2,2970,https://cpt.tcgcsv.com/RZ33,2022-05-11T17:32:07.49,1,"Designed to allow 8 players to jump straight into their own tournament
<br>• Contains ""Elemental HERO"" cards used by Jaden Yuki, as well as cards used by Aster Phoenix
and Dr. Vellian Crowler, among others.
<br>• Introduces many new cards to Speed Duels.
<br>• Includes Secret Rare variants of popular GX-era cards.",083717854500,14.99,21.53,89.97,15.56,,Normal,,,,,,,
266042,Here Goes Something!,Here Goes Something,https://tcgplayer-cdn.tcgplayer.com/product/266042_200w.jpg,2,2970,https://cpt.tcgcsv.com/Sq83,2022-04-01T04:03:13.133,1,"Once per Duel, you can activate this Skill at the start of your Battle Phase, while you control exactly 1 ""Elemental HERO"" monster (and no other monsters). For the rest of this turn, that 1 monster gains 800 ATK while battling an opponent's monster and can attack all monsters your opponent controls, once each, also you cannot Special Summon monsters for the rest of this turn.",,0.01,0.22,1.49,0.07,,1st Edition,SGX1-ENS01,Common,Skill,,,,
266043,Powerful Group of Guys,Powerful Group of Guys,https://tcgplayer-cdn.tcgplayer.com/product/266043_200w.jpg,2,2970,https://cpt.tcgcsv.com/Tq83,2022-04-01T04:03:13.133,1,"While you control exactly 1 ""Destiny HERO"" monster (and no other monsters), and your opponent controls more monsters than you, Special Summon 1 ""Destiny HERO"" monster from your hand or Deck with a lower Level than the monster you control. You can only Summon ""Destiny HERO"" monsters during the turn you activate this Skill. Flip this card over at the end of the turn you activated this Skill.",,0.01,0.2,1.49,0.08,,1st Edition,SGX1-ENS02,Common,Skill,,,,
266044,Land of the Ojamas,Land of the Ojamas,https://tcgplayer-cdn.tcgplayer.com/product/266044_200w.jpg,2,2970,https://cpt.tcgcsv.com/Vq83,2022-04-01T04:03:13.133,1,"Once per turn: You can send 1 ""Ojama"" card from your hand to the GY; Special Summon 1 ""Ojama"" monster from your GY. While you control an ""Ojama"" monster, switch the original ATK/DEF of all monsters on the field.",,0.01,0.2,0.98,0.17,,1st Edition,SGX1-ENS03,Common,Skill,,,,
266045,Ancient Fusion,Ancient Fusion,https://tcgplayer-cdn.tcgplayer.com/product/266045_200w.jpg,2,2970,https://cpt.tcgcsv.com/Wq83,2022-04-01T04:03:13.133,1,"Once per Duel, you can discard 1 card to Fusion Summon 1 ""Ancient Gear"" Fusion Monster from your Extra Deck, using monsters from your field as Fusion Material. If 1 of those materials is an ""Ancient Gear Golem"" monster, you can also use monsters from your hand and/or Deck as the other material. Your opponent takes no damage for the rest of this turn. Any battle damage your opponent takes from that Fusion Monster is halved.",,0.01,0.2,1.49,0.07,,1st Edition,SGX1-ENS04,Common,Skill,,,,
266046,Cyber Blade Fusion,Cyber Blade Fusion,https://tcgplayer-cdn.tcgplayer.com/product/266046_200w.jpg,2,2970,https://cpt.tcgcsv.com/Xq83,2022-04-01T04:03:13.133,1,"Once per turn, you can discard 1 card to Fusion Summon 1 ""Cyber Blader"" by sending either ""Etoile Cyber"" or ""Blade Skater"" from your field to the GY as 1 Fusion Material, and the other material from your hand, field, or Deck to the GY. That ""Cyber Blader"" gains 400 ATK. This Skill can be used twice per Duel.",,0.01,0.22,1.49,0.09,,1st Edition,SGX1-ENS05,Common,Skill,,,,
266047,Crystal Transcendence,Crystal Transcendence,https://tcgplayer-cdn.tcgplayer.com/product/266047_200w.jpg,2,2970,https://cpt.tcgcsv.com/Zq83,2022-04-01T04:03:13.133,1,"You can only Summon/Set ""Crystal"" monsters and Dragon monsters while this Skill is face-up. Once per turn, during your Main Phase, you can send up to 3 cards from your hand to your GY, then choose that many ""Crystal Beast"" monster(s) with different names from your Deck and place them in your Spell & Trap Zone as Continuous Spell Card(s). This Skill can be used twice per Duel.",,0.01,0.2,1.49,0.07,,1st Edition,SGX1-ENS06,Common,Skill,,,,
266048,Forbidden Cyber Style Technique,Forbidden Cyber Style Technique,https://tcgplayer-cdn.tcgplayer.com/product/266048_200w.jpg,2,2970,https://cpt.tcgcsv.com/-q83,2022-04-01T04:03:13.133,1,"Activate this Skill once per Duel, if your LP are 1500 or less and you control no monsters. Reduce your LP to 50, then Special Summon up to 3 Machine ""Cyber"" monsters from your hand, Deck, and/or GY. They each become ""Cyber Dragon"" (Machine/LIGHT/Level 5/ATK 2100/DEF 1600), and cannot be Tributed. For the rest of this turn, you cannot Summon/Set except by Fusion Summoning, nor attack except with Fusion Monsters. Destroy any monsters Summoned by this Skill during your End Phase.",,0.01,0.2,1.49,0.1,,1st Edition,SGX1-ENS07,Common,Skill,,,,
266049,Blaze Accelerator Deployment,Blaze Accelerator Deployment,https://tcgplayer-cdn.tcgplayer.com/product/266049_200w.jpg,2,2970,https://cpt.tcgcsv.com/_q83,2022-04-01T04:03:13.133,1,"Once per turn, you can change the name of 1 ""Blaze Accelerator"" you control to ""Tri-Blaze Accelerator"". This Skill can be used twice per Duel.",,0.01,0.2,1.49,0.04,,1st Edition,SGX1-ENS08,Common,Skill,,,,
266050,The Right Hero for the Job,The Right Hero for the Job,https://tcgplayer-cdn.tcgplayer.com/product/266050_200w.jpg,2,2970,https://cpt.tcgcsv.com/0r83,2022-04-01T04:03:13.133,1,"Once per Duel, during your Main Phase, you can shuffle 1 ""Elemental HERO"" monster you control into your Deck, then Special Summon 1 Level 4 or lower ""Elemental HERO"" monster from your Main Deck with a different name than the shuffled card.",,0.01,0.24,1.49,0.12,,1st Edition,SGX1-ENS09,Common,Skill,,,,
266051,Looking into the Future,Looking into the Future,https://tcgplayer-cdn.tcgplayer.com/product/266051_200w.jpg,2,2970,https://cpt.tcgcsv.com/2r83,2022-04-01T04:03:13.133,1,"During your Main Phase, you can look at the top 3 cards of your Deck and return them in any order. You cannot activate Spell Cards the turn you use this Skill. Flip this card over at the end of the turn you activated this Skill.",,0.01,0.24,1.49,0.08,,1st Edition,SGX1-ENS10,Common,Skill,,,,
266052,Armed and Ready!,Armed and Ready,https://tcgplayer-cdn.tcgplayer.com/product/266052_200w.jpg,2,2970,https://cpt.tcgcsv.com/3r83,2022-04-01T04:03:13.133,1,"Once per Duel, during your Main Phase, you can send 1 ""LV"" monster you control to the GY, then Special Summon the ""LV"" monster mentioned in its text from your hand, Deck, or GY, as if it were Summoned by the sent monster's effect.",,0.01,0.2,1.49,0.07,,1st Edition,SGX1-ENS11,Common,Skill,,,,
266053,Middle Age Mechs,Middle Age Mechs,https://tcgplayer-cdn.tcgplayer.com/product/266053_200w.jpg,2,2970,https://cpt.tcgcsv.com/5r83,2022-04-01T04:03:13.133,1,"All ""Ancient Gear"" monsters gain 300 ATK. Each time a monster is Normal Summoned/Set, place 1 counter on this card. If you Tribute Summon an ""Ancient Gear"" monster face-up, you can Tribute this card instead, if the number of its counters is equal to or greater than the number of required Tribute(s).",,0.01,0.2,1.49,0.11,,1st Edition,SGX1-ENS12,Common,Skill,,,,
266054,Machine Angel Ascension,Machine Angel Ascension,https://tcgplayer-cdn.tcgplayer.com/product/266054_200w.jpg,2,2970,https://cpt.tcgcsv.com/6r83,2022-04-01T04:03:13.133,1,"Once per turn, during your Main Phase, you can use 1 of these Skills, but each can only be used once per Duel:
<br>• Discard 1 Spell, then add 1 ""Cyber Angel"" Ritual Monster or 1 ""Machine Angel"" Ritual Spell from your Deck to your hand.
<br>• Shuffle 1 ""Cyber Angel"" Ritual Monster or 1 ""Machine Angel"" Ritual Spell from your GY into the Deck.",,0.01,0.2,1.49,0.13,,1st Edition,SGX1-ENS13,Common,Skill,,,,
266055,Rainbow Crystal Collection,Rainbow Crystal Collection,https://tcgplayer-cdn.tcgplayer.com/product/266055_200w.jpg,2,2970,https://cpt.tcgcsv.com/7r83,2022-04-01T04:03:13.133,1,"If a face-up ""Crystal Beast"" monster you control would be destroyed, you can place a Crystallization Counter on it instead. Monsters with Crystallization Counters are considered Continuous Spell Cards in your Spell & Trap Zone instead of monsters. If a card with a Crystallization Counter would be Special Summoned, remove the counter. Cards with Crystallization Counters can be used as Fusion Material for ""Ultimate Crystal"" monsters.",,0.01,0.2,1.49,0.09,,1st Edition,SGX1-ENS14,Common,Skill,,,,
266056,Cyberdark Style,Cyberdark Style,https://tcgplayer-cdn.tcgplayer.com/product/266056_200w.jpg,2,2970,https://cpt.tcgcsv.com/8r83,2022-04-01T04:03:13.133,1,"Once per turn, choose 3 ""Cyberdark"" monsters from your Deck. Your opponent randomly adds 1 of them to your hand. Shuffle the other 2 along with 1 card from your hand back into your Deck, then flip this card over. This Skill can be used up to three times, once when your LP are 3000 or less, once when your LP are 2000 or less, and once when your LP are 1000 or less.",,0.01,0.2,1.49,0.09,,1st Edition,SGX1-ENS15,Common,Skill,,,,
266057,Volcanic Cannon,Volcanic Cannon,https://tcgplayer-cdn.tcgplayer.com/product/266057_200w.jpg,2,2970,https://cpt.tcgcsv.com/9r83,2022-04-01T04:03:13.133,1,"Once per Duel, you can send 1 face-up ""Tri-Blaze Accelerator"" you control to the GY, then Special Summon 1 ""Volcanic Doomfire"" from your hand, Deck, or GY, ignoring its Summoning conditions. Your opponent takes no effect damage the turn you activate this Skill.",,0.01,0.2,1.49,0.04,,1st Edition,SGX1-ENS16,Common,Skill,,,,
266058,Energizing Elements,Energizing Elements,https://tcgplayer-cdn.tcgplayer.com/product/266058_200w.jpg,2,2970,https://cpt.tcgcsv.com/br83,2022-04-01T04:03:13.133,1,"You can declare FIRE, WATER, EARTH, or WIND. This turn, monsters with the declared Attribute gain 500 ATK and lose 400 DEF, also any battle damage they inflict is halved. If you control no monsters with the declared Attribute, flip this card over.",,0.01,0.2,1.49,0.06,,1st Edition,SGX1-ENS17,Common,Skill,,,,
266059,Room for Growth,Room for Growth,https://tcgplayer-cdn.tcgplayer.com/product/266059_200w.jpg,2,2970,https://cpt.tcgcsv.com/cr83,2022-04-01T04:03:13.133,1,"During your Main Phase, you can increase the ATK of 1 Level 3 or lower monster you control by 300 x its Level, until the end of this turn. Flip this card over at the end of the turn you activated this Skill.",,0.01,0.2,1.49,0.08,,1st Edition,SGX1-ENS18,Common,Skill,,,,
266060,I've Got Dino DNA!,Ive Got Dino DNA,https://tcgplayer-cdn.tcgplayer.com/product/266060_200w.jpg,2,2970,https://cpt.tcgcsv.com/dr83,2022-04-01T04:03:13.133,1,"During each of your Draw Phases, you gain 200 LP. During your Draw Phase, if you draw a Dinosaur monster for your normal draw, you can reveal it and place it on the bottom of your Deck, then draw 1 card. Once per turn, during your Main Phase, you can make 1 Dinosaur monster you control gain 200 ATK until the end of this turn.",,0.01,0.2,1.49,0.12,,1st Edition,SGX1-ENS19,Common,Skill,,,,
266061,Consumed By Darkness,Consumed By Darkness,https://tcgplayer-cdn.tcgplayer.com/product/266061_200w.jpg,2,2970,https://cpt.tcgcsv.com/fr83,2022-04-01T04:03:13.133,1,"All ""Crystal Beast"" monsters on the field and in the GY become DARK. If an ""Ultimate Crystal"" monster attacks, negate the effects of the attack target during that Battle Phase. During damage calculation, if a ""Crystal Beast"" monster you control battles and you would take damage: You can send 1 ""Crystal Beast"" monster from your Deck to the GY; you take no battle damage from that battle.",,0.01,0.21,1.49,0.08,,1st Edition,SGX1-ENS20,Common,Skill,,,,
266062,Elemental HERO Avian,Elemental HERO Avian,https://tcgplayer-cdn.tcgplayer.com/product/266062_200w.jpg,2,2970,https://cpt.tcgcsv.com/gr83,2022-04-01T04:03:13.133,1,"A winged Elemental Hero who wheels through the sky and manipulates the wind. His signature move, Featherbreak, gives villainy a blow from sky-high.",,0.1,0.24,1.49,0.18,,1st Edition,SGX1-ENA01,Common,Normal Monster,WIND,Warrior,1000,1000
266063,Elemental HERO Burstinatrix,Elemental HERO Burstinatrix,https://tcgplayer-cdn.tcgplayer.com/product/266063_200w.jpg,2,2970,https://cpt.tcgcsv.com/hr83,2022-04-01T04:03:13.133,1,A flame manipulator who is the only woman among the Elemental Heroes. Her Burstfire burns away villainy.,,0.1,0.25,1.49,0.21,,1st Edition,SGX1-ENA02,Common,Normal Monster,FIRE,Warrior,1200,800
266064,Elemental HERO Clayman,Elemental HERO Clayman,https://tcgplayer-cdn.tcgplayer.com/product/266064_200w.jpg,2,2970,https://cpt.tcgcsv.com/jr83,2022-04-01T04:03:13.133,1,An Elemental Hero with a clay body built-to-last. He will preserve his Elemental Hero colleagues at any cost.,,0.14,0.25,1.49,0.2,,1st Edition,SGX1-ENA03,Common,Normal Monster,EARTH,Warrior,800,2000
266065,Elemental HERO Sparkman,Elemental HERO Sparkman,https://tcgplayer-cdn.tcgplayer.com/product/266065_200w.jpg,2,2970,https://cpt.tcgcsv.com/kr83,2022-04-01T04:03:13.133,1,An Elemental Hero and a warrior of light who proficiently wields many kinds of armaments. His Shining Surge Flash cuts off the path of villainy.,,0.09,0.25,1.49,0.19,,1st Edition,SGX1-ENA04,Common,Normal Monster,LIGHT,Warrior,1600,1400
266066,Goddess with the Third Eye,Goddess with the Third Eye,https://tcgplayer-cdn.tcgplayer.com/product/266066_200w.jpg,2,2970,https://cpt.tcgcsv.com/lr83,2022-04-01T04:03:13.133,1,"You can substitute this card for any 1 Fusion Material Monster. When you do this, the other Fusion Material Monster(s) must be the correct one(s).",,0.15,0.32,2.99,0.26,,1st Edition,SGX1-ENA05,Common,Effect Monster,LIGHT,Fairy,1200,1000
266067,Winged Kuriboh,Winged Kuriboh,https://tcgplayer-cdn.tcgplayer.com/product/266067_200w.jpg,2,2970,https://cpt.tcgcsv.com/mr83,2022-04-01T04:03:13.133,1,"When this card on the field is destroyed and sent to the Graveyard, its effect is activated. After activation, during this turn, any Battle Damage that the controller of this card takes becomes 0.",,0.08,0.22,1.49,0.13,,1st Edition,SGX1-ENA06,Common,Effect Monster,LIGHT,Fairy,300,200
266068,Wroughtweiler,Wroughtweiler,https://tcgplayer-cdn.tcgplayer.com/product/266068_200w.jpg,2,2970,https://cpt.tcgcsv.com/nr83,2022-04-01T04:03:13.133,1,"When this card is destroyed as a result of battle and sent to the Graveyard, add from your Graveyard to your hand 1 card that includes Elemental Hero in its card name, and 1 Polymerization.",,0.09,0.25,0.98,0.14,,1st Edition,SGX1-ENA07,Common,Effect Monster,EARTH,Beast,800,1200
266069,Elemental HERO Bubbleman,Elemental HERO Bubbleman,https://tcgplayer-cdn.tcgplayer.com/product/266069_200w.jpg,2,2970,https://cpt.tcgcsv.com/pr83,2022-04-01T04:03:13.133,1,"If this is the only card in your hand, you can Special Summon this card from your hand. When this card is Normal Summoned, Flip Summoned or Special Summoned successfully, if there are no other cards on your side of the field and in your hand, you can draw 2 cards from your Deck.",,0.1,0.25,1.49,0.2,,1st Edition,SGX1-ENA08,Common,Effect Monster,WATER,Warrior,800,1200
266070,Elemental HERO Bladedge,Elemental HERO Bladedge,https://tcgplayer-cdn.tcgplayer.com/product/266070_200w.jpg,2,2970,https://cpt.tcgcsv.com/qr83,2022-04-01T04:03:13.133,1,"During battle between this attacking card and a Defense Position monster whose DEF is lower than the ATK of this card, inflict the difference as Battle Damage to your opponent''s Life Points.",,0.09,0.24,1.49,0.16,,1st Edition,SGX1-ENA09,Common,Effect Monster,EARTH,Warrior,2600,1800
266071,Elemental HERO Wildheart,Elemental HERO Wildheart,https://tcgplayer-cdn.tcgplayer.com/product/266071_200w.jpg,2,2970,https://cpt.tcgcsv.com/rr83,2022-04-01T04:03:13.133,1,This card is unaffected by the effects of Trap Cards.,,0.09,0.22,1.49,0.14,,1st Edition,SGX1-ENA10,Common,Effect Monster,EARTH,Warrior,1500,1600
266072,Elemental HERO Necroshade,Elemental HERO Necroshade,https://tcgplayer-cdn.tcgplayer.com/product/266072_200w.jpg,2,2970,https://cpt.tcgcsv.com/sr83,2022-04-01T04:03:13.133,1,"Once, while this card is in the Graveyard, you can Normal Summon 1 Level 5 or higher ""Elemental HERO"" monster from your hand without Tributes.",,0.1,0.25,1.49,0.17,,1st Edition,SGX1-ENA11,Common,Effect Monster,DARK,Warrior,1600,1800
266073,Polymerization (A),Polymerization A,https://tcgplayer-cdn.tcgplayer.com/product/266073_200w.jpg,2,2970,https://cpt.tcgcsv.com/tr83,2022-04-01T04:03:13.133,1,"Fusion Summon 1 Fusion Monster from your Extra Deck, using monsters from your hand or field as Fusion Material.",,0.1,0.34,3.95,0.28,0.67,1st Edition,SGX1-ENA12,Common,Normal Spell,SPELL,,0,0
266074,Fusion Sage,Fusion Sage,https://tcgplayer-cdn.tcgplayer.com/product/266074_200w.jpg,2,2970,https://cpt.tcgcsv.com/vr83,2022-04-01T04:03:13.133,1,Add 1 Polymerization card from your Deck to your hand.,,0.13,0.25,1.49,0.21,,1st Edition,SGX1-ENA13,Common,Normal Spell,SPELL,,0,0
266075,Reinforcement of the Army (A),Reinforcement of the Army A,https://tcgplayer-cdn.tcgplayer.com/product/266075_200w.jpg,2,2970,https://cpt.tcgcsv.com/wr83,2022-04-01T04:03:13.133,1,Add 1 Level 4 or lower Warrior-Type monster from your Deck to your hand.,,0.05,0.25,1.49,0.19,,1st Edition,SGX1-ENA14,Common,Normal Spell,SPELL,,0,0
266076,Skyscraper,Skyscraper,https://tcgplayer-cdn.tcgplayer.com/product/266076_200w.jpg,2,2970,https://cpt.tcgcsv.com/xr83,2022-04-01T04:03:13.133,1,"If an ""Elemental HERO"" monster attacks a monster that has a higher ATK, the attacking monster gains 1000 ATK during damage calculation only.",,0.05,0.25,1.49,0.13,,1st Edition,SGX1-ENA15,Common,Normal Spell,SPELL,,0,0
266077,Fusion Recovery,Fusion Recovery,https://tcgplayer-cdn.tcgplayer.com/product/266077_200w.jpg,2,2970,https://cpt.tcgcsv.com/zr83,2022-04-01T04:03:13.133,1,"Target 1 ""Polymerization"", and 1 Fusion Material Monster that was used for a Fusion Summon, in your Graveyard; add them to your hand.",,0.1,0.25,1.49,0.22,,1st Edition,SGX1-ENA16,Common,Normal Spell,SPELL,,0,0
266078,R - Righteous Justice,R Righteous Justice,https://tcgplayer-cdn.tcgplayer.com/product/266078_200w.jpg,2,2970,https://cpt.tcgcsv.com/Br83,2022-04-01T04:03:13.133,1,Destroy Spell or Trap Cards on the field equal to the number of face-up Elemental Hero cards you control.,,0.05,0.2,1.49,0.11,,1st Edition,SGX1-ENA17,Common,Normal Spell,SPELL,,0,0
266079,Negate Attack,Negate Attack,https://tcgplayer-cdn.tcgplayer.com/product/266079_200w.jpg,2,2970,https://cpt.tcgcsv.com/Cr83,2022-04-01T04:03:13.133,1,"When an opponent's monster declares an attack: Target the attacking monster; negate the attack, then end the Battle Phase.",,0.13,0.25,1.49,0.2,,1st Edition,SGX1-ENA18,Common,Counter Trap,TRAP,,0,0
266080,A Hero Emerges,A Hero Emerges,https://tcgplayer-cdn.tcgplayer.com/product/266080_200w.jpg,2,2970,https://cpt.tcgcsv.com/Dr83,2022-04-01T04:03:13.133,1,"When an opponent's monster declares an attack: Your opponent chooses 1 random card from your hand, then if it is a monster that can be Special Summoned, Special Summon it. Otherwise, send it to the Graveyard.",,0.05,0.22,1.49,0.14,,1st Edition,SGX1-ENA19,Common,Normal Spell,TRAP,,,
266081,Hero Signal,Hero Signal,https://tcgplayer-cdn.tcgplayer.com/product/266081_200w.jpg,2,2970,https://cpt.tcgcsv.com/Fr83,2022-04-01T04:03:13.133,1,You can only activate this card when a monster on your side of the field is destroyed and sent to the Graveyard as a result of battle. Special Summon 1 Level 4 or lower monster from your hand or Deck that includes Elemental Hero in its card name.,,0.04,0.22,1.49,0.17,,1st Edition,SGX1-ENA20,Common,Normal Trap,TRAP,,0,0
266082,Elemental HERO Flame Wingman,Elemental HERO Flame Wingman,https://tcgplayer-cdn.tcgplayer.com/product/266082_200w.jpg,2,2970,https://cpt.tcgcsv.com/Gr83,2022-04-22T17:49:33.633,1,"Elemental HERO Avian + ""Elemental HERO Burstinatrix"" 
<br>Must be Fusion Summoned and cannot be Special Summoned by other ways. When this card destroys a monster by battle and sends it to the Graveyard: Inflict damage to your opponent equal to the ATK of the destroyed monster.",,0.23,0.39,1.49,0.36,,1st Edition,SGX1-ENA21,Common,Fusion/Effect Monster,WIND,Warrior,2100,1200
266083,Elemental HERO Thunder Giant,Elemental HERO Thunder Giant,https://tcgplayer-cdn.tcgplayer.com/product/266083_200w.jpg,2,2970,https://cpt.tcgcsv.com/Hr83,2022-04-01T04:03:13.133,1,"Elemental Hero Sparkman + Elemental Hero Clayman<BR>This monster cannot be Special Summoned except by Fusion Summon. Discard 1 card from your hand to select and destroy 1 face-up monster on the field with an original ATK that is less than the ATK of this card. You can only use this effect once per turn, during your Main Phase.",,0.23,0.35,1.49,0.35,,1st Edition,SGX1-ENA22,Common,Fusion/Effect Monster,LIGHT,Warrior,2400,1500
266084,Elemental HERO Rampart Blaster,Elemental HERO Rampart Blaster,https://tcgplayer-cdn.tcgplayer.com/product/266084_200w.jpg,2,2970,https://cpt.tcgcsv.com/Jr83,2022-04-01T04:03:13.133,1,"Elemental Hero Clayman + Elemental Hero Burstinatrix<BR>This monster cannot be Special Summoned except by Fusion Summon. While this card is in face-up Defense Position, this card can attack your opponent''s Life Points directly. In that case, apply half the ATK of this card for damage calculation.",,0.19,0.3,1.49,0.28,,1st Edition,SGX1-ENA23,Common,Fusion Monster,EARTH,Warrior,2000,2500
266085,Elemental HERO Steam Healer,Elemental HERO Steam Healer,https://tcgplayer-cdn.tcgplayer.com/product/266085_200w.jpg,2,2970,https://cpt.tcgcsv.com/Kr83,2022-04-01T04:03:13.133,1,"Elemental Hero Burstinatrix + Elemental Hero Bubbleman<BR>This monster cannot be Special Summoned except by Fusion Summon. When this card destroys a monster as a result of battle and sends it to the Graveyard, increase your Life Points by the ATK of the destroyed monster.",,0.22,0.3,1.49,0.27,,1st Edition,SGX1-ENA24,Common,Fusion/Effect Monster,WATER,Warrior,2100,1200
266086,Elemental HERO Darkbright,Elemental HERO Darkbright,https://tcgplayer-cdn.tcgplayer.com/product/266086_200w.jpg,2,2970,https://cpt.tcgcsv.com/Lr83,2022-04-01T04:03:13.133,1,"""Elemental HERO Sparkman"" + ""Elemental HERO Necroshade""
<br>Must be Fusion-Summoned and cannot be Special Summoned by other ways. If this card attacks a Defense Position monster, inflict piercing Battle Damage to your opponent. If this card attacks, change it to Defense Position at the end of the Damage Step. If this card is destroyed: Target 1 monster your opponent controls; destroy that target.",,0.1,0.33,1.49,0.36,,1st Edition,SGX1-ENA25,Common,,DARK,Warrior,0,0
266087,Elemental HERO Plasma Vice,Elemental HERO Plasma Vice,https://tcgplayer-cdn.tcgplayer.com/product/266087_200w.jpg,2,2970,https://cpt.tcgcsv.com/Mr83,2022-09-15T19:41:28.583,1,"""Elemental HERO Sparkman"" + ""Elemental HERO Bladedge""
<br>Must be Fusion Summoned and cannot be Special Summoned by other ways. If this card attacks a Defense Position monster, inflict piercing Battle Damage to your opponent. You can discard 1 card to target 1 Attack Position monster your opponent controls; destroy that target.",,0.2,0.35,1.49,0.35,,1st Edition,SGX1-ENA26,Common,Fusion Effect Monster,EARTH,Warrior,2600,2300
266106,Volcanic Doomfire,Volcanic Doomfire,https://tcgplayer-cdn.tcgplayer.com/product/266106_200w.jpg,2,2970,https://cpt.tcgcsv.com/8s83,2022-04-01T04:03:13.133,1,"This card cannot be Normal Summoned or Set. This card can only be Special Summoned by sending 1 face-up ""Tri-Blaze Accelerator"" you control to the Graveyard. During your opponent's Battle Phase, your opponent must attack this monster with any Attack Position monsters they control. When this card destroys a monster and sends it to the Graveyard, destroy all monsters your opponent controls and inflict 500 damage to your opponent for each monster destroyed by this effect.",,0.03,0.22,1.49,0.14,0.05,1st Edition,SGX1-ENH01,Common,Effect Monster,FIRE,Pyro,3000,1800
266107,Blazing Inpachi,Blazing Inpachi,https://tcgplayer-cdn.tcgplayer.com/product/266107_200w.jpg,2,2970,https://cpt.tcgcsv.com/9s83,2022-04-01T04:03:13.133,1,,,0.01,0.2,1.49,0.1,,1st Edition,SGX1-ENH02,Common,Normal Monster,FIRE,Pyro,1850,0
266108,Charcoal Inpachi,Charcoal Inpachi,https://tcgplayer-cdn.tcgplayer.com/product/266108_200w.jpg,2,2970,https://cpt.tcgcsv.com/bs83,2022-04-01T04:03:13.133,1,A wicked wooden spirit that has burned out. The barbecue grilled with this charcoal is so awesome that everybody thinks it's priceless.,,0.01,0.21,1.49,0.1,,1st Edition,SGX1-ENH03,Common,Normal Monster,FIRE,Pyro,100,2100
266109,UFO Turtle,UFO Turtle,https://tcgplayer-cdn.tcgplayer.com/product/266109_200w.jpg,2,2970,https://cpt.tcgcsv.com/cs83,2022-04-01T04:03:13.133,1,"When this card is destroyed by battle and sent to the Graveyard: You can Special Summon 1 FIRE monster with 1500 or less ATK from your Deck, in face-up Attack Position.",,0.05,0.22,1.49,0.16,,1st Edition,SGX1-ENH04,Common,Effect Monster,FIRE,Machine,1400,1200
266110,Spirit of Flames,Spirit of Flames,https://tcgplayer-cdn.tcgplayer.com/product/266110_200w.jpg,2,2970,https://cpt.tcgcsv.com/ds83,2022-04-01T04:03:13.133,1,Cannot be Normal Summoned/Set. Must first be Special Summoned (from your hand) by banishing 1 FIRE monster from your Graveyard. This card gains 300 ATK during your Battle Phase only.,,0.03,0.2,1.49,0.1,,1st Edition,SGX1-ENH05,Common,Effect Monster,FIRE,Pyro,1700,1000
266112,Raging Flame Sprite,Raging Flame Sprite,https://tcgplayer-cdn.tcgplayer.com/product/266112_200w.jpg,2,2970,https://cpt.tcgcsv.com/gs83,2022-04-01T04:03:13.133,1,"This card can attack your opponent directly. Each time this card successfully attacks directly, it gains 1000 ATK.",,0.04,0.21,1.49,0.13,,1st Edition,SGX1-ENH06,Common,Effect Monster,FIRE,Pyro,100,200
266113,Volcanic Shell,Volcanic Shell,https://tcgplayer-cdn.tcgplayer.com/product/266113_200w.jpg,2,2970,https://cpt.tcgcsv.com/hs83,2022-04-01T04:03:13.133,1,"Once per turn, while this card is in the Graveyard you can pay 500 Life Points to add 1 Volcanic Shell from your Deck to your hand.",,0.05,0.22,1.49,0.15,,1st Edition,SGX1-ENH07,Common,Effect Monster,FIRE,Pyro,100,0
266114,Volcanic Blaster,Volcanic Blaster,https://tcgplayer-cdn.tcgplayer.com/product/266114_200w.jpg,2,2970,https://cpt.tcgcsv.com/js83,2022-04-01T04:03:13.133,1,"When this card is destroyed and sent to the Graveyard by battle, you can place 1 ""Volcanic"" monster from your Deck on top of your Deck.",,0.03,0.21,1.49,0.13,,1st Edition,SGX1-ENH08,Common,Effect Monster,FIRE,Pyro,1200,600
266115,Volcanic Hammerer,Volcanic Hammerer,https://tcgplayer-cdn.tcgplayer.com/product/266115_200w.jpg,2,2970,https://cpt.tcgcsv.com/ks83,2022-04-01T04:03:13.133,1,"Once Per turn, you can inflict damage to your opponent equal to the number of ""Volcanic"" monsters in your Graveyard x 200. If you activate this effect, this card cannot attack during this turn.",,0.02,0.2,1.49,0.13,,1st Edition,SGX1-ENH09,Common,Effect Monster,FIRE,Pyro,2400,1500
266116,Volcanic Rocket,Volcanic Rocket,https://tcgplayer-cdn.tcgplayer.com/product/266116_200w.jpg,2,2970,https://cpt.tcgcsv.com/ls83,2022-04-01T04:03:13.133,1,"When this card is Summoned: You can add 1 ""Blaze Accelerator"" card from your Deck or Graveyard to your hand.",,0.06,0.29,1.49,0.23,0.1,1st Edition,SGX1-ENH10,Common,Effect Monster,FIRE,Pyro,1900,1400
266117,Royal Firestorm Guards,Royal Firestorm Guards,https://tcgplayer-cdn.tcgplayer.com/product/266117_200w.jpg,2,2970,https://cpt.tcgcsv.com/ms83,2022-04-01T04:03:13.133,1,"When this card is Normal Summoned: Target 4 Pyro-Type monsters in your Graveyard; shuffle all 4 into the Deck, then draw 2 cards.",,0.04,0.25,1.49,0.13,,1st Edition,SGX1-ENH11,Common,Effect Monster,FIRE,Pyro,1700,1200
266120,Salamandra,Salamandra,https://tcgplayer-cdn.tcgplayer.com/product/266120_200w.jpg,2,2970,https://cpt.tcgcsv.com/qs83,2022-04-01T04:03:13.133,1,Equip only to a FIRE monster. It gains 700 ATK.,,0.05,0.23,1.49,0.19,,1st Edition,SGX1-ENH12,Common,Normal Spell,SPELL,,,
266123,Twister,Twister,https://tcgplayer-cdn.tcgplayer.com/product/266123_200w.jpg,2,2970,https://cpt.tcgcsv.com/ts83,2022-04-01T04:03:13.133,1,Pay 500 Life Points. Destroy 1 face-up Spell or Trap card.,,0.05,0.24,1.53,0.18,,1st Edition,SGX1-ENH13,Common,Quick-Play Spell,SPELL,,,
266129,Blaze Accelerator,Blaze Accelerator,https://tcgplayer-cdn.tcgplayer.com/product/266129_200w.jpg,2,2970,https://cpt.tcgcsv.com/Cs83,2022-04-01T04:03:13.133,1,"You can target 1 monster your opponent controls; send 1 Pyro-Type monster with 500 or less ATK from your hand to the Graveyard, and if you do, destroy that target. You cannot declare an attack during the turn you activate this effect.",,0.01,0.23,1.49,0.15,,1st Edition,SGX1-ENH14,Common,Normal Spell,SPELL,,0,0
266131,Tri-Blaze Accelerator,Tri Blaze Accelerator,https://tcgplayer-cdn.tcgplayer.com/product/266131_200w.jpg,2,2970,https://cpt.tcgcsv.com/Fs83,2022-04-01T04:03:13.133,1,"Activate only by sending 1 face-up ""Blaze Accelerator"" on your side of the field to the Graveyard. You can send 1 Pyro-Type monster from your hand to the Graveyard to destroy 1 monster your opponent controls and inflict 500 damage to your opponent.",,0.01,0.2,1.49,0.12,,1st Edition,SGX1-ENH15,Common,Continuous Spell,SPELL,,0,0
266133,Wild Fire,Wild Fire,https://tcgplayer-cdn.tcgplayer.com/product/266133_200w.jpg,2,2970,https://cpt.tcgcsv.com/Hs83,2022-04-01T04:03:13.133,1,"Pay 500 Life Points. Destroy a face-up ""Blaze Accelerator"" card you control and destroy all monsters on the field. Then, Special Summon 1 ""Wild Fire Token"" (Pyro-Type/FIRE/LEVEL 3/ATK 1000/DEF 1000) in Attack Position. Also, you cannot declare an attack this turn.",,0.05,0.24,1.49,0.14,,1st Edition,SGX1-ENH16,Common,Quick-Play Spell,SPELL,,0,0
266134,Michizure,Michizure,https://tcgplayer-cdn.tcgplayer.com/product/266134_200w.jpg,2,2970,https://cpt.tcgcsv.com/Js83,2022-04-01T04:03:13.133,1,You can activate this card when your monster is sent from the field to the Graveyard. Destroy 1 monster on the field.,,0.05,0.25,1.49,0.14,,1st Edition,SGX1-ENH17,Common,Normal Trap,TRAP,,0,0
266135,Covering Fire,Covering Fire,https://tcgplayer-cdn.tcgplayer.com/product/266135_200w.jpg,2,2970,https://cpt.tcgcsv.com/Ks83,2022-04-01T04:03:13.133,1,"If your opponent''s monster attacks a monster on your side of the field, you can activate this card during the Damage Step. Your attacked monster gains ATK equal to the ATK of 1 other face-up monster on your side of the field during the Damage Step only.",,0.02,0.21,1.49,0.18,,1st Edition,SGX1-ENH18,Common,Normal Trap,TRAP,,0,0
266136,Firewall,Firewall,https://tcgplayer-cdn.tcgplayer.com/product/266136_200w.jpg,2,2970,https://cpt.tcgcsv.com/Ls83,2022-04-01T04:03:13.133,1,"When your opponent declares a direct attack, you can negate that monster's attack by removing from play 1 Pyro-Type monster in your Graveyard. Pay 500 Life Points during each of your Standby Phases. If you do not, destroy this card.",,0.02,0.2,1.49,0.14,,1st Edition,SGX1-ENH19,Common,Continuous Trap,TRAP,,0,0
266137,Destiny HERO - Plasma,Destiny HERO Plasma,https://tcgplayer-cdn.tcgplayer.com/product/266137_200w.jpg,2,2970,https://cpt.tcgcsv.com/Ms83,2022-04-01T04:03:13.133,1,Cannot be Normal Summoned/Set. Must be Special Summoned (from your hand) by Tributing 3 monsters. Negate the effects of face-up monsters while your opponent controls them. Once per turn: You can target 1 monster your opponent controls; equip that target to this card (max. 1). This card gains ATK equal to half the original ATK of the monster equipped to it by this effect.,,0.19,0.27,1.49,0.22,,1st Edition,SGX1-ENB01,Common,Effect Monster,DARK,Warrior,1900,600
266139,Destiny HERO - Doom Lord,Destiny HERO Doom Lord,https://tcgplayer-cdn.tcgplayer.com/product/266139_200w.jpg,2,2970,https://cpt.tcgcsv.com/Ps83,2022-04-01T04:03:13.133,1,"Once per turn: You can target 1 monster your opponent controls; banish that target. You cannot declare an attack the turn you activate this effect. You must control this face-up Attack Position card to activate and to resolve this effect. The banished monster returns to the opponent's side of the field, in the same battle position, during your 2nd Standby Phase after activation.",,0.04,0.25,1.49,0.15,,1st Edition,SGX1-ENB02,Common,Effect Monster,DARK,Warrior,600,800
266140,Destiny HERO - Diamond Dude,Destiny HERO Diamond Dude,https://tcgplayer-cdn.tcgplayer.com/product/266140_200w.jpg,2,2970,https://cpt.tcgcsv.com/Qs83,2022-04-01T04:03:13.133,1,"Once per turn: You can reveal the top card of your Deck, and if it is a Normal Spell Card, send it to the Graveyard, otherwise place it on the bottom of your Deck. During the Main Phase of your next turn, you can activate the effect of that Spell Card in your Graveyard (even if you no longer control this face-up card).",,0.05,0.24,1.49,0.14,,1st Edition,SGX1-ENB03,Common,Effect Monster,DARK,Warrior,1400,1600
266142,Destiny HERO - Blade Master,Destiny HERO Blade Master,https://tcgplayer-cdn.tcgplayer.com/product/266142_200w.jpg,2,2970,https://cpt.tcgcsv.com/Ss83,2022-04-01T04:03:13.133,1,"During your opponent's Battle Phase: You can discard this card; all face-up ""Destiny HERO"" monsters you control gain 800 ATK until the End Phase.",,0.04,0.22,1.49,0.11,,1st Edition,SGX1-ENB04,Common,Effect Monster,DARK,Warrior,300,600
266144,Destiny HERO - Dasher,Destiny HERO Dasher,https://tcgplayer-cdn.tcgplayer.com/product/266144_200w.jpg,2,2970,https://cpt.tcgcsv.com/Vs83,2022-04-01T04:03:13.133,1,"Once per turn, by Tributing 1 monster, this card gains 1000 ATK until the end of this turn. If this card attacks, it is changed to Defense Position at the end of the Battle Phase. While this card is in the GY, one time only, when you draw a Monster Card during your Draw Phase you can show it to your opponent and Special Summon it.",,0.08,0.26,1.99,0.16,,1st Edition,SGX1-ENB05,Common,Effect Monster,DARK,Warrior,2100,1000
266146,Destiny HERO - Fear Monger,Destiny HERO Fear Monger,https://tcgplayer-cdn.tcgplayer.com/product/266146_200w.jpg,2,2970,https://cpt.tcgcsv.com/Xs83,2022-04-01T04:03:13.133,1,"If this card is destroyed by battle and sent to the GY, Special Summon 1 Destiny HERO monster from your GY (except a Destiny HERO - Fear Monger) during your next Standby Phase.",,0.05,0.24,1.49,0.17,,1st Edition,SGX1-ENB06,Common,Effect Monster,DARK,Warrior,1000,1000
266153,Cyber Dragon,Cyber Dragon,https://tcgplayer-cdn.tcgplayer.com/product/266153_200w.jpg,2,2970,https://cpt.tcgcsv.com/5t83,2022-04-01T04:03:13.133,1,"If your opponent controls a monster and you control no monsters, you can Special Summon this card (from your hand).",,0.05,0.29,2.0,0.17,,1st Edition,SGX1-ENG01,Common,Effect Monster,LIGHT,Machine,2100,1600
266155,Destiny HERO - Dogma,Destiny HERO Dogma,https://tcgplayer-cdn.tcgplayer.com/product/266155_200w.jpg,2,2970,https://cpt.tcgcsv.com/7t83,2022-04-01T04:03:13.133,1,"Cannot be Normal Summoned/Set. Must be Special Summoned (from your hand) by Tributing 3 monsters, including at least 1 ""Destiny HERO"" monster. Once per turn, if you still control this face-up card during your opponent's next Standby Phase after you Special Summoned it this way: Halve your opponent's LP.",,0.05,0.21,1.49,0.15,,1st Edition,SGX1-ENB07,Common,Effect Monster,DARK,Warrior,3400,2400
266156,Destiny HERO - Malicious,Destiny HERO Malicious,https://tcgplayer-cdn.tcgplayer.com/product/266156_200w.jpg,2,2970,https://cpt.tcgcsv.com/8t83,2022-04-01T04:03:13.133,1,"You can banish this card from your GY; Special Summon 1 ""Destiny HERO - Malicious"" from your Deck.",,0.05,0.4,2.0,0.16,,1st Edition,SGX1-ENB08,Common,Effect Monster,DARK,Warrior,800,800
266157,Hunter Dragon,Hunter Dragon,https://tcgplayer-cdn.tcgplayer.com/product/266157_200w.jpg,2,2970,https://cpt.tcgcsv.com/9t83,2022-04-01T04:03:13.133,1,"<em>This dragon has taken down countless prey with its sharp fangs. It strikes very quickly, because if it does not strike first, it is vulnerable to a counter-attack.</em>",,0.05,0.25,1.49,0.22,,1st Edition,SGX1-ENG02,Common,Normal Monster,DARK,Dragon,1700,100
266162,Destiny HERO - Dark Angel,Destiny HERO Dark Angel,https://tcgplayer-cdn.tcgplayer.com/product/266162_200w.jpg,2,2970,https://cpt.tcgcsv.com/gt83,2022-04-01T04:03:13.133,1,"If you have 3 or more ""Destiny HERO"" monsters in your GY: You can discard this card, then target 1 ""Destiny HERO"" monster in your GY; Special Summon it to your opponent's field in Defense Position. When a Spell Card or effect you activate resolves, negate that effect, and if you do, or if it did not have an effect, destroy that card. During your Standby Phase: You can banish this card and 1 ""Destiny HERO"" monster from your GY; each player chooses 1 Normal Spell from their Deck, and places it on top of their Deck.",,0.21,0.31,2.0,0.27,,1st Edition,SGX1-ENB09,Common,Effect Monster,DARK,Warrior,0,0
266163,Proto-Cyber Dragon,Proto Cyber Dragon,https://tcgplayer-cdn.tcgplayer.com/product/266163_200w.jpg,2,2970,https://cpt.tcgcsv.com/ht83,2022-04-01T04:03:13.133,1,"This card's name is treated as ""Cyber Dragon"" while it is face-up on the field.",,0.05,0.23,1.6,0.16,,1st Edition,SGX1-ENG03,Common,Effect Monster,LIGHT,Machine,1100,600
266164,Polymerization (B),Polymerization B,https://tcgplayer-cdn.tcgplayer.com/product/266164_200w.jpg,2,2970,https://cpt.tcgcsv.com/jt83,2022-04-01T04:03:13.133,1,"Fusion Summon 1 Fusion Monster from your Extra Deck, using monsters from your hand or field as Fusion Material.",,0.12,0.28,1.49,0.22,,1st Edition,SGX1-ENB10,Common,Normal Spell,SPELL,,0,0
266165,Reinforcement of the Army (B),Reinforcement of the Army B,https://tcgplayer-cdn.tcgplayer.com/product/266165_200w.jpg,2,2970,https://cpt.tcgcsv.com/kt83,2022-04-01T04:03:13.133,1,Add 1 Level 4 or lower Warrior monster from your Deck to your hand.,,0.02,0.25,1.49,0.14,,1st Edition,SGX1-ENB11,Common,Normal Spell,SPELL,,,
266166,Fusion Sword Murasame Blade,Fusion Sword Murasame Blade,https://tcgplayer-cdn.tcgplayer.com/product/266166_200w.jpg,2,2970,https://cpt.tcgcsv.com/lt83,2022-04-01T04:03:13.133,1,This card can only be equipped to Warrior monsters. A monster equipped with this card increases its ATK by 800 points. This card cannot be destroyed by effects that destroy Spells.,,0.05,0.25,1.49,0.09,,1st Edition,SGX1-ENB12,Common,Equip Spell,SPELL,,,
266167,Dark City,Dark City,https://tcgplayer-cdn.tcgplayer.com/product/266167_200w.jpg,2,2970,https://cpt.tcgcsv.com/mt83,2022-04-01T04:03:13.133,1,"When a ""Destiny HERO"" monster attacks, if its ATK is lower than the ATK of the attack target, the attacking monster gains 1000 ATK during damage calculation only.",,0.05,0.2,1.49,0.13,,1st Edition,SGX1-ENB13,Common,Field Spell,SPELL,,,
266168,D - Spirit,D Spirit,https://tcgplayer-cdn.tcgplayer.com/product/266168_200w.jpg,2,2970,https://cpt.tcgcsv.com/nt83,2022-04-01T04:03:13.133,1,"If there are no face-up Destiny HERO monsters on your side of the field, you can Special Summon 1 Level 4 or lower Destiny HERO monster from your hand.",,0.05,0.22,1.49,0.12,,1st Edition,SGX1-ENB14,Common,Normal Spell,SPELL,,,
266169,Over Destiny,Over Destiny,https://tcgplayer-cdn.tcgplayer.com/product/266169_200w.jpg,2,2970,https://cpt.tcgcsv.com/pt83,2022-04-01T04:03:13.133,1,"Target 1 ""Destiny HERO"" monster in your GY; Special Summon 1 ""Destiny HERO"" monster from your Deck whose Level is less than or equal to half of that target's Level, but destroy it during the End Phase of this turn.",,0.04,0.21,1.49,0.13,,1st Edition,SGX1-ENB15,Common,Normal Spell,SPELL,,,
266170,Night Beam,Night Beam,https://tcgplayer-cdn.tcgplayer.com/product/266170_200w.jpg,2,2970,https://cpt.tcgcsv.com/qt83,2022-04-01T04:03:13.133,1,Target 1 Set Spell/Trap your opponent controls; destroy that target. Your opponent cannot activate the targeted card in response to this card's activation.,,0.09,0.28,1.49,0.28,0.1,1st Edition,SGX1-ENB16,Common,Normal Spell,SPELL,,,
266171,Destiny Signal,Destiny Signal,https://tcgplayer-cdn.tcgplayer.com/product/266171_200w.jpg,2,2970,https://cpt.tcgcsv.com/rt83,2022-04-01T04:03:13.133,1,"When a monster you control is destroyed by battle and sent to the GY: Special Summon 1 Level 4 or lower ""Destiny HERO"" monster from your hand or Deck.",,0.05,0.2,1.49,0.1,,1st Edition,SGX1-ENB17,Common,Normal Trap,TRAP,,,
266172,D - Chain,D Chain,https://tcgplayer-cdn.tcgplayer.com/product/266172_200w.jpg,2,2970,https://cpt.tcgcsv.com/st83,2022-04-01T04:03:13.133,1,"After activation, this card is treated as an Equip Card, and equip it to a Destiny HERO monster on your side of the field. The equipped monster gains 500 ATK. When the equipped monster destroys a monster your opponent controls by battle and sends it to the Graveyard, inflict 500 damage to your opponent.",,0.04,0.22,1.49,0.11,,1st Edition,SGX1-ENB18,Common,Normal Trap,TRAP,,,
266173,D - Counter,D Counter,https://tcgplayer-cdn.tcgplayer.com/product/266173_200w.jpg,2,2970,https://cpt.tcgcsv.com/tt83,2022-04-01T04:03:13.133,1,Activate only when a Destiny HERO monster you control is selected as an attack target. Destroy the attacking monster.,,0.04,0.23,1.49,0.1,,1st Edition,SGX1-ENB19,Common,Normal Trap,TRAP,,,
266174,Cyber Phoenix,Cyber Phoenix,https://tcgplayer-cdn.tcgplayer.com/product/266174_200w.jpg,2,2970,https://cpt.tcgcsv.com/vt83,2022-04-01T04:03:13.133,1,"While this card is in face-up Attack Position, negate any Spell/Trap effects that target exactly 1 Machine-Type monster you control. When this face-up card is destroyed by battle and sent to the Graveyard, if it was face-up at the start of the Damage Step: You can draw 1 card.",,0.02,0.2,1.49,0.06,,1st Edition,SGX1-ENG04,Common,Effect Monster,FIRE,Machine,1200,1600
266175,Destiny End Dragoon,Destiny End Dragoon,https://tcgplayer-cdn.tcgplayer.com/product/266175_200w.jpg,2,2970,https://cpt.tcgcsv.com/wt83,2022-04-01T04:03:13.133,1,"""Destiny HERO - Plasma"" + ""Destiny HERO - Dogma""
<br>A Fusion Summon of this card can only be done with the above Fusion Materials. Once per turn: You can target 1 monster your opponent controls; destroy that target, and if it was face-up, inflict damage to your opponent equal to the ATK it had on the field. You cannot conduct your Battle Phase the turn you activate this effect. Once per turn, during your Standby Phase, if this card is in your GY: You can banish 1 ""Destiny HERO"" card from your GY; Special Summon this card.",,0.06,0.23,1.49,0.19,,1st Edition,SGX1-ENB20,Common,Fusion/Effect Monster,DARK,Warrior,3000,3000
266177,Cyberdark Horn,Cyberdark Horn,https://tcgplayer-cdn.tcgplayer.com/product/266177_200w.jpg,2,2970,https://cpt.tcgcsv.com/zt83,2022-04-01T04:03:13.133,1,"If this card is Normal Summoned: Target 1 Level 3 or lower Dragon monster in your GY; equip that Dragon monster to this card. Gains ATK equal to the original ATK of the monster equipped to it by this effect. If this card attacks a Defense Position monster, inflict piercing battle damage. If this card would be destroyed by battle, destroy the monster equipped to it by its effect, instead.",,0.03,0.19,1.49,0.08,,1st Edition,SGX1-ENG05,Common,Effect Monster,DARK,Machine,800,800
266179,Destiny HERO - Dangerous,Destiny HERO Dangerous,https://tcgplayer-cdn.tcgplayer.com/product/266179_200w.jpg,2,2970,https://cpt.tcgcsv.com/Ct83,2022-04-01T04:03:13.133,1,"1 ""Destiny HERO"" monster + 1 DARK Effect Monster
<br>(Quick Effect): You can discard 1 card; send 1 ""Destiny HERO"" monster from your hand or Deck to the GY, and if you do, ""Destiny HERO"" monsters you control gain 200 ATK for each ""Destiny HERO"" monster in your GY until the end of this turn. You can only use this effect of ""Destiny HERO - Dangerous"" once per turn.",,0.08,0.25,1.49,0.19,,1st Edition,SGX1-ENB21,Common,Fusion/Effect Monster,DARK,Warrior,2000,2600
266180,Cyberdark Edge,Cyberdark Edge,https://tcgplayer-cdn.tcgplayer.com/product/266180_200w.jpg,2,2970,https://cpt.tcgcsv.com/Dt83,2022-04-01T04:03:13.133,1,"When this card is Normal Summoned, select 1 Level 3 or lower Dragon-Type monster in your Graveyard and equip it to this card. This card gains ATK equal to the equipped card's ATK. This card can attack your opponent directly. If it attacks using this effect, the Battle Damage it inflicts to your opponent is halved. If this card would be destroyed by battle, the equipped monster is destroyed instead.",,0.04,0.2,1.49,0.12,,1st Edition,SGX1-ENG06,Common,Effect Monster,DARK,Machine,800,800
266182,Cyberdark Keel,Cyberdark Keel,https://tcgplayer-cdn.tcgplayer.com/product/266182_200w.jpg,2,2970,https://cpt.tcgcsv.com/Gt83,2022-04-01T04:03:13.133,1,"When this card is Normal Summoned, select 1 Level 3 or lower Dragon-Type monster in your Graveyard and equip it to this card. This card gains ATK equal to the equipped card's ATK. When this card destroys an opponent's monster by battle, inflict 300 damage to your opponent. If this card would be destroyed by battle, the equipped monster is destroyed instead.",,0.02,0.2,1.49,0.1,,1st Edition,SGX1-ENG07,Common,Effect Monster,DARK,Machine,800,800
266184,Ojama Yellow,Ojama Yellow,https://tcgplayer-cdn.tcgplayer.com/product/266184_200w.jpg,2,2970,https://cpt.tcgcsv.com/Jt83,2022-04-04T13:06:17.597,1,"<em>He's one of the Ojama Trio. It's said that he butts in by any means necessary. It's also said that when the three are together, something happens.</em>",,0.12,0.25,1.49,0.2,,1st Edition,SGX1-ENC01,Common,Normal Monster,LIGHT,Beast,0,1000
266185,Ojama Green,Ojama Green,https://tcgplayer-cdn.tcgplayer.com/product/266185_200w.jpg,2,2970,https://cpt.tcgcsv.com/Kt83,2022-04-07T13:54:27.053,1,"<em>He's one of the Ojama Trio. It's said that he butts in by any means necessary. It's also said that when the three are together, something happens.</em>",,0.06,0.25,0.99,0.24,,1st Edition,SGX1-ENC02,Common,Normal Monster,LIGHT,Beast,0,1000
266186,Ojama Black,Ojama Black,https://tcgplayer-cdn.tcgplayer.com/product/266186_200w.jpg,2,2970,https://cpt.tcgcsv.com/Lt83,2022-04-01T04:03:13.133,1,"<em>He's one of the Ojama Trio. It's said that he butts in by any means necessary. It's also said that when the three are together, something happens.</em>",,0.15,0.25,1.49,0.21,,1st Edition,SGX1-ENC03,Common,Normal Monster,LIGHT,Beast,0,1000
266187,V-Tiger Jet,V Tiger Jet,https://tcgplayer-cdn.tcgplayer.com/product/266187_200w.jpg,2,2970,https://cpt.tcgcsv.com/Mt83,2022-04-01T04:03:13.133,1,<em>This ace fighter is unbeatable in a dogfight. It combines with other monsters to launch an array of encircling attacks.</em>,,0.08,0.24,1.49,0.14,,1st Edition,SGX1-ENC04,Common,Normal Monster,LIGHT,Machine,1600,1800
266190,Exploder Dragon,Exploder Dragon,https://tcgplayer-cdn.tcgplayer.com/product/266190_200w.jpg,2,2970,https://cpt.tcgcsv.com/Qt83,2022-04-01T04:03:13.133,1,"When this card is destroyed by battle and sent to the Graveyard, destroy the monster that destroyed it. While this card is attacking, any Battle Damage either player takes from a battle involving this card becomes 0.",,0.25,0.35,1.49,0.34,,1st Edition,SGX1-ENG08,Common,Effect Monster,EARTH,Dragon,1000,0
266194,Cyber Valley,Cyber Valley,https://tcgplayer-cdn.tcgplayer.com/product/266194_200w.jpg,2,2970,https://cpt.tcgcsv.com/Vt83,2022-04-01T04:03:13.133,1,"You can use 1 of these effects.<BR> When this card is targeted for an attack by an opponent's monster: You can banish this card; draw 1 card, then end the Battle Phase.<BR>You can target 1 face-up monster you control and this card; banish both that target and this card, then draw 2 cards.<BR> You can target 1 card in your Graveyard; banish this card and 1 card from your hand, then place that target on top of the Deck.",,0.1,0.25,1.49,0.24,,1st Edition,SGX1-ENG09,Common,Effect Monster,LIGHT,Machine,0,0
266196,Cyberdark Claw,Cyberdark Claw,https://tcgplayer-cdn.tcgplayer.com/product/266196_200w.jpg,2,2970,https://cpt.tcgcsv.com/Xt83,2022-04-01T04:03:13.133,1,"If this card is sent to the GY while equipped to a monster: You can target 1 ""Cyberdark"" monster in your GY; add it to your hand. You can only use each of the following effects of ""Cyberdark Claw"" once per turn.
<br>• You can discard this card; add 1 ""Cyberdark"" Spell/Trap from your Deck to your hand.
<br>• During damage calculation, if a monster equipped with this card battles: You can send 1 monster from your Extra Deck to the GY.",,0.05,0.25,1.49,0.17,,1st Edition,SGX1-ENG10,Common,Effect Monster,DARK,Dragon,1600,800
266197,Polymerization (G),Polymerization G,https://tcgplayer-cdn.tcgplayer.com/product/266197_200w.jpg,2,2970,https://cpt.tcgcsv.com/Zt83,2022-04-01T04:03:13.133,1,"Fusion Summon 1 Fusion Monster from your Extra Deck, using monsters from your hand or field as Fusion Material.",,0.11,0.31,1.49,0.33,,1st Edition,SGX1-ENG11,Common,Normal Spell,SPELL,,0,0
266199,Different Dimension Capsule,Different Dimension Capsule,https://tcgplayer-cdn.tcgplayer.com/product/266199_200w.jpg,2,2970,https://cpt.tcgcsv.com/_t83,2022-04-01T04:03:13.133,1,"Select 1 card from your Deck and remove it from play face-down. During your 2nd Standby Phase after activation, destroy this card and add the removed card to your hand.",,0.05,0.24,1.49,0.13,,1st Edition,SGX1-ENG12,Common,Normal Spell,SPELL,,0,0
266200,Future Fusion,Future Fusion,https://tcgplayer-cdn.tcgplayer.com/product/266200_200w.jpg,2,2970,https://cpt.tcgcsv.com/0v83,2022-04-01T04:03:13.133,1,"During your 1st Standby Phase after this card's activation: Show 1 Fusion Monster in your Extra Deck and send the Fusion Materials listed on it from your Main Deck to the Graveyard. During your 2nd Standby Phase after this card's activation: Fusion Summon 1 Fusion Monster from your Extra Deck with the same name as the monster you showed, and target it with this card. When this card leaves the field, destroy that target. When that target is destroyed, destroy this card.",,0.15,0.27,1.49,0.25,,1st Edition,SGX1-ENG13,Common,Continuous Spell,SPELL,,,
266209,Overload Fusion,Overload Fusion,https://tcgplayer-cdn.tcgplayer.com/product/266209_200w.jpg,2,2970,https://cpt.tcgcsv.com/cv83,2022-04-01T04:03:13.133,1,"Remove from play, from your side of the field or your Graveyard, Fusion Material Monsters that are listed on a DARK Machine-Type Fusion Monster Card, and Special Summon that 1 Fusion Monster from your Fusion Deck. (This Special Summon is treated as a Fusion Summon.)",,0.04,0.21,1.53,0.14,,1st Edition,SGX1-ENG14,Common,Normal Spell,SPELL,,0,0
266212,Chiron the Mage,Chiron the Mage,https://tcgplayer-cdn.tcgplayer.com/product/266212_200w.jpg,2,2970,https://cpt.tcgcsv.com/gv83,2022-04-01T04:03:13.133,1,Discard 1 Spell Card from your hand. Destroy 1 Spell or Trap on your opponent''s side of the field. This effect can only be used once per turn.,,0.05,0.2,1.49,0.1,,1st Edition,SGX1-ENC05,Common,Normal Monster,EARTH,Beast-Warrior,1800,1000
266213,Cyberdark Impact!,Cyberdark Impact,https://tcgplayer-cdn.tcgplayer.com/product/266213_200w.jpg,2,2970,https://cpt.tcgcsv.com/hv83,2022-04-01T04:03:13.133,1,"Fusion Summon 1 ""Cyberdark Dragon"" from your Extra Deck, by shuffling 1 each of ""Cyberdark Horn"", ""Cyberdark Edge"", and ""Cyberdark Keel"" from your hand, field, and/or GY, into the Deck, as Fusion Material.",,0.01,0.2,1.49,0.08,,1st Edition,SGX1-ENG15,Common,Normal Spell,SPELL,,,
266215,Trap Jammer,Trap Jammer,https://tcgplayer-cdn.tcgplayer.com/product/266215_200w.jpg,2,2970,https://cpt.tcgcsv.com/kv83,2022-04-01T04:03:13.133,1,Activate only when your opponent activates a Trap Card during the Battle Phase. Negate the activation of the Trap Card and destroy it.,,0.05,0.25,1.49,0.21,,1st Edition,SGX1-ENG16,Common,Counter Trap,TRAP,,0,0
266216,Cyber Shadow Gardna,Cyber Shadow Gardna,https://tcgplayer-cdn.tcgplayer.com/product/266216_200w.jpg,2,2970,https://cpt.tcgcsv.com/lv83,2022-04-01T04:03:13.133,1,"During your opponent's Main Phase: Special Summon this card as an Effect Monster (Machine/EARTH/Level 4/ATK ?/DEF ?). (This card is also still a Trap.) When an opponent's monster declares an attack that targets this card: The ATK/DEF of this card become the ATK/DEF of the attacking monster. Once per turn, during your opponent's End Phase: Set this card in its Spell & Trap Zone.",,0.01,0.2,1.49,0.12,,1st Edition,SGX1-ENG17,Common,Continuous Trap,TRAP,,,
266217,Straight Flush,Straight Flush,https://tcgplayer-cdn.tcgplayer.com/product/266217_200w.jpg,2,2970,https://cpt.tcgcsv.com/mv83,2022-04-01T04:03:13.133,1,Activate only when all of your opponent''s Spell & Trap Card Zones are occupied. Destroy all cards in your opponent''s Spell & Trap Card Zones.,,0.01,0.2,1.49,0.13,,1st Edition,SGX1-ENG18,Common,Normal Trap,TRAP,,0,0
266218,Armed Dragon LV3,Armed Dragon LV3,https://tcgplayer-cdn.tcgplayer.com/product/266218_200w.jpg,2,2970,https://cpt.tcgcsv.com/nv83,2022-04-01T04:03:13.133,1,"During your Standby Phase, send this face-up card to the GY to Special Summon 1 ""Armed Dragon LV5"" from your hand or Deck.",,0.09,0.25,1.49,0.18,,1st Edition,SGX1-ENC06,Common,Normal Monster,WIND,Dragon,1200,900
266219,Memory Loss,Memory Loss,https://tcgplayer-cdn.tcgplayer.com/product/266219_200w.jpg,2,2970,https://cpt.tcgcsv.com/pv83,2022-04-01T04:03:13.133,1,"When a face-up Attack Position monster your opponent controls just activated an effect: Negate that effect, and if you do, change that monster to face-up Defense Position.",,0.01,0.2,1.49,0.17,,1st Edition,SGX1-ENG19,Common,Normal Trap,TRAP,,0,0
266221,Cyber Network,Cyber Network,https://tcgplayer-cdn.tcgplayer.com/product/266221_200w.jpg,2,2970,https://cpt.tcgcsv.com/rv83,2022-04-01T04:03:13.133,1,"Destroy this card during your 3rd Standby Phase after activation. Once per turn, if ""Cyber Dragon"" is on the field: You can banish 1 LIGHT Machine-Type monster from your Deck. When this card is sent from the field to the Graveyard: Special Summon as many of your banished LIGHT Machine-Type monsters as possible, and if you do, destroy all Spell and Trap Cards you control. Monsters that were Special Summoned by this effect cannot activate their effects. You cannot conduct your Battle Phase the turn you activate this effect.",,0.01,0.2,1.49,0.14,,1st Edition,SGX1-ENG20,Common,Normal Trap,TRAP,,,
266222,Cyber End Dragon,Cyber End Dragon,https://tcgplayer-cdn.tcgplayer.com/product/266222_200w.jpg,2,2970,https://cpt.tcgcsv.com/sv83,2023-04-27T15:57:58.477,1,"""Cyber Dragon"" + ""Cyber Dragon"" + ""Cyber Dragon""<br>A Fusion Summon of this card can only be conducted with the above Fusion Material Monsters. During battle between this card and a Defense Position monster whose DEF is lower than the ATK of this card, inflict the difference as Battle Damage to your opponent's Life Points.""",,0.09,0.25,1.49,0.14,,1st Edition,SGX1-ENG21,Common,Fusion/Effect Monster,LIGHT,Machine,4000,2800
266223,Armed Dragon LV7,Armed Dragon LV7,https://tcgplayer-cdn.tcgplayer.com/product/266223_200w.jpg,2,2970,https://cpt.tcgcsv.com/tv83,2022-04-01T04:03:13.133,1,"Cannot be Normal Summoned/Set. Must be Special Summoned by ""Armed Dragon LV5"", and cannot be Special Summoned by other ways. You can send 1 monster from your hand to the GY; destroy all face-up monsters your opponent controls with ATK less than or equal to the sent monster's ATK.",,0.09,0.25,1.49,0.22,0.1,1st Edition,SGX1-ENC08,Common,Effect Monster,WIND,Dragon,2800,1000
266224,Armed Dragon LV5,Armed Dragon LV5,https://tcgplayer-cdn.tcgplayer.com/product/266224_200w.jpg,2,2970,https://cpt.tcgcsv.com/vv83,2022-04-01T04:03:13.133,1,"Send 1 Monster Card from your hand to the Graveyard to destroy 1 face-up monster on your opponent''s side of the field with an ATK equal to or less than the ATK of the sent monster. During the End Phase of a turn that this card destroyed a monster as a result of battle, send this card to the Graveyard to Special Summon 1 Armed Dragon LV7 from your hand or Deck.",,0.09,0.25,1.49,0.25,,1st Edition,SGX1-ENC07,Common,Effect Monster,WIND,Dragon,2400,1700
266225,Chimeratech Overdragon,Chimeratech Overdragon,https://tcgplayer-cdn.tcgplayer.com/product/266225_200w.jpg,2,2970,https://cpt.tcgcsv.com/wv83,2024-01-25T15:58:15.58,1,"Cyber Dragon + 1 or more Machine-Type monsters<BR>This monster cannot be Special Summoned except by Fusion Summon. When this card is Fusion Summoned, send all the cards on your side of the field to the Graveyard except this card. The original ATK and DEF of this card become the number of Fusion Material Monsters you used for the Fusion Summon of this card x 800 points. This card can attack as many of your opponent''s monsters each turn as the number of Fusion Material Monsters you used for the Fusion Summon of this card.",,0.08,0.25,1.49,0.1,,1st Edition,SGX1-ENG22,Common,Fusion/Effect Monster,DARK,Machine,,
266226,Cyberdark Dragon,Cyberdark Dragon,https://tcgplayer-cdn.tcgplayer.com/product/266226_200w.jpg,2,2970,https://cpt.tcgcsv.com/xv83,2022-04-01T04:03:13.133,1,"""Cyberdark Horn"" + ""Cyberdark Edge"" + ""Cyberdark Keel""
<br>Must be Fusion Summoned. If this card is Special Summoned: Target 1 Dragon monster in your GY; equip that target to this card. Gains ATK equal to the original ATK of the monster equipped to it by this effect. Gains 100 ATK for each monster in your GY. If this card would be destroyed by battle, destroy that equipped monster instead..",,0.05,0.22,1.53,0.12,,1st Edition,SGX1-ENG23,Common,Fusion/Effect Monster,DARK,Machine,1000,1000
266227,W-Wing Catapult,W Wing Catapult,https://tcgplayer-cdn.tcgplayer.com/product/266227_200w.jpg,2,2970,https://cpt.tcgcsv.com/zv83,2022-04-01T04:03:13.133,1,"Once per turn, you can equip this card to a ""V-Tiger Jet"" you control, OR unequip it to Special Summon this card in face-up Attack Position. When equipped to a monster by this card's effect, the equipped monster gains 400 ATK and DEF. (A monster can only be equipped with 1 Union Monster at a time. If the equipped monster would be destroyed by battle, destroy this card instead.)",,0.06,0.24,1.49,0.17,,1st Edition,SGX1-ENC09,Common,Union/Effect Monster,LIGHT,Machine,1300,1500
266228,Ojama Red,Ojama Red,https://tcgplayer-cdn.tcgplayer.com/product/266228_200w.jpg,2,2970,https://cpt.tcgcsv.com/Bv83,2022-04-04T13:05:38.413,1,"When this card is Normal Summoned: You can Special Summon up to 4 ""Ojama"" monsters from your hand in Attack Position.",,0.13,0.31,1.98,0.26,,1st Edition,SGX1-ENC10,Common,Effect Monster,LIGHT,,0,1000
266229,Ojama Blue,Ojama Blue,https://tcgplayer-cdn.tcgplayer.com/product/266229_200w.jpg,2,2970,https://cpt.tcgcsv.com/Cv83,2022-04-01T04:03:13.133,1,"When this card is destroyed by battle and sent to the Graveyard, you can add 2 Ojama cards from your Deck to your hand.",,0.19,0.49,2.99,0.39,,1st Edition,SGX1-ENC11,Common,Effect Monster,LIGHT,Beast,0,1000
266230,Polymerization (C),Polymerization C,https://tcgplayer-cdn.tcgplayer.com/product/266230_200w.jpg,2,2970,https://cpt.tcgcsv.com/Dv83,2022-04-01T04:03:13.133,1,"Fusion Summon 1 Fusion Monster from your Extra Deck, using monsters from your hand or field as Fusion Material.",,0.12,0.3,1.49,0.31,0.25,1st Edition,SGX1-ENC12,Common,Normal Spell,SPELL,,,
266231,Ojama Delta Hurricane!!,Ojama Delta Hurricane,https://tcgplayer-cdn.tcgplayer.com/product/266231_200w.jpg,2,2970,https://cpt.tcgcsv.com/Fv83,2022-04-01T04:03:13.133,1,"You can only activate this card when ""Ojama Green"", ""Ojama Yellow"" and ""Ojama Black"" are face-up on your side of the field, Destroy all cards on your opponent's side of the field.",,0.05,0.23,1.0,0.15,,1st Edition,SGX1-ENC13,Common,Normal Spell,SPELL,,,
266232,Ojamagic,Ojamagic,https://tcgplayer-cdn.tcgplayer.com/product/266232_200w.jpg,2,2970,https://cpt.tcgcsv.com/Gv83,2024-08-19T15:40:39.92,1,"When this card is sent from the hand or the field to the Graveyard, add 1 each of ""Ojama Green"", ""Ojama Yellow"" and ""Ojama Black"" from your Deck to your hand.",,0.13,0.25,0.98,0.24,,1st Edition,SGX1-ENC14,Common,Normal Spell,SPELL,,,
266233,Rainbow Dragon,Rainbow Dragon,https://tcgplayer-cdn.tcgplayer.com/product/266233_200w.jpg,2,2970,https://cpt.tcgcsv.com/Hv83,2022-04-01T04:03:13.133,1,"Cannot be Normal Summoned or Set. Must be Special Summoned (from your hand) by having 7 ""Crystal Beast"" cards with different names on your field or in your Graveyard, and cannot be Special Summoned by other ways. This card cannot activate its effects the turn it is Special Summoned. // * During either player's turn: You can send all ""Crystal Beast"" monsters you control to the Graveyard; this card gains 1000 ATK for each card sent. // * You can banish all ""Crystal Beast"" monsters in your Graveyard; shuffle all cards on the field into the Decks.",,0.05,0.25,3.01,0.12,,1st Edition,SGX1-ENF01,Common,Effect Monster,LIGHT,Dragon,4000,0
266234,Tri-Wight,Tri Wight,https://tcgplayer-cdn.tcgplayer.com/product/266234_200w.jpg,2,2970,https://cpt.tcgcsv.com/Jv83,2022-04-01T04:03:13.133,1,Target 3 Level 2 or lower Normal Monsters in your GY; Special Summon them from the GY.,,0.14,0.26,1.49,0.26,,1st Edition,SGX1-ENC15,Common,Normal Spell,SPELL,,,
266235,Crystal Beast Amethyst Cat,Crystal Beast Amethyst Cat,https://tcgplayer-cdn.tcgplayer.com/product/266235_200w.jpg,2,2970,https://cpt.tcgcsv.com/Kv83,2022-04-01T04:03:13.133,1,"This card can attack your opponent directly, but when it uses this effect, any Battle Damage it inflicts to your opponent is halved. If this face-up card is destroyed while it is in a Monster Card Zone, you can place it face-up in your Spell & Trap Card Zone as a Continuous Spell Card, instead of sending it to the Graveyard.",,0.04,0.2,1.49,0.06,,1st Edition,SGX1-ENF02,Common,Effect Monster,EARTH,Beast,1200,400
266236,Ojamatch,Ojamatch,https://tcgplayer-cdn.tcgplayer.com/product/266236_200w.jpg,2,2970,https://cpt.tcgcsv.com/Lv83,2024-08-19T15:41:38.823,1,"Send 1 ""Ojama"" card from your hand or face-up from your field to the GY; add to your hand, 1 ""Ojama"" monster with a different name and 1 ""Armed Dragon"" monster from your Deck and/or GY, then, immediately after this effect resolves, you can Normal Summon 1 of those monsters. During your Main Phase: You can banish this card from your GY, then target 3 of your banished ""Ojama"" monsters; shuffle them into the Deck, then draw 1 card.",,0.14,0.28,1.49,0.28,0.15,1st Edition,SGX1-ENC16,Common,Quick-Play Spell,SPELL,,,
266237,Crystal Beast Amber Mammoth,Crystal Beast Amber Mammoth,https://tcgplayer-cdn.tcgplayer.com/product/266237_200w.jpg,2,2970,https://cpt.tcgcsv.com/Mv83,2022-04-01T04:03:13.133,1,"When a face-up Crystal Beast monster you control is selected as an attack target, you can change the target to this card. If this card is destroyed while it is in a Monster Card Zone, you can place it face-up in your Spell & Trap Card Zone as a Continuous",,0.04,0.21,1.49,0.05,,1st Edition,SGX1-ENF03,Common,Effect Monster,EARTH,Beast,1700,1600
266238,The Grave of Enkindling,The Grave of Enkindling,https://tcgplayer-cdn.tcgplayer.com/product/266238_200w.jpg,2,2970,https://cpt.tcgcsv.com/Nv83,2022-04-01T04:03:13.133,1,"You can only activate this card when a monster on your side of the field is destroyed as a result of battle and sent to the GY. You and your opponent each select 1 monster from your respective Graveyards and Special Summon them in Defense Position. Neither monster Special Summoned by this card''s effect can change its battle position while it is face-up on the field, except with a card effect.",,0.05,0.2,1.49,0.15,,1st Edition,SGX1-ENC17,Common,Normal Trap,TRAP,,,
266239,Crystal Beast Ruby Carbuncle,Crystal Beast Ruby Carbuncle,https://tcgplayer-cdn.tcgplayer.com/product/266239_200w.jpg,2,2970,https://cpt.tcgcsv.com/Pv83,2022-04-01T04:03:13.133,1,"When this card is Special Summoned, you can Special Summon as many Crystal Beast cards as possible from your Spell & Trap Card Zone. If this card is destroyed while it is in a Monster Card Zone, you can place it face-up in your Spell & Trap Card Zone as a",,0.02,0.21,1.49,0.08,,1st Edition,SGX1-ENF04,Common,Effect Monster,LIGHT,Fairy,300,300
266240,Crystal Beast Emerald Tortoise,Crystal Beast Emerald Tortoise,https://tcgplayer-cdn.tcgplayer.com/product/266240_200w.jpg,2,2970,https://cpt.tcgcsv.com/Qv83,2022-04-01T04:03:13.133,1,"Once per turn, you can change 1 of your monsters that attacked this turn to Defense Position. If this card is destroyed while it is in a Monster Card Zone, you can place it face-up in your Spell & Trap Card Zone as a Continuous Spell Card, instead of send",,0.01,0.23,1.49,0.06,,1st Edition,SGX1-ENF05,Common,Effect Monster,WATER,Aqua,600,2000
266241,Super Rush Recklessly,Super Rush Recklessly,https://tcgplayer-cdn.tcgplayer.com/product/266241_200w.jpg,2,2970,https://cpt.tcgcsv.com/Rv83,2022-04-01T04:03:13.133,1,"Target 1 Beast monster you control and 1 monster your opponent controls; destroy the first target, and if you do, shuffle the second target into the Deck.",,0.05,0.2,1.49,0.12,,1st Edition,SGX1-ENC18,Common,Normal Trap,TRAP,,,
266242,Crystal Beast Topaz Tiger,Crystal Beast Topaz Tiger,https://tcgplayer-cdn.tcgplayer.com/product/266242_200w.jpg,2,2970,https://cpt.tcgcsv.com/Sv83,2022-04-01T04:03:13.133,1,"If this card attacks an opponent's monster, it gains 400 ATK during the Damage Step only. If this card is destroyed while it is in a Monster Card Zone, you can place it face-up in your Spell & Trap Card Zone as a Continuous Spell Card, instead of sending",,0.05,0.2,1.49,0.11,,1st Edition,SGX1-ENF06,Common,Effect Monster,EARTH,Beast,1600,1000
266243,Spikeshield with Chain,Spikeshield with Chain,https://tcgplayer-cdn.tcgplayer.com/product/266243_200w.jpg,2,2970,https://cpt.tcgcsv.com/Tv83,2022-04-01T04:03:13.133,1,Target 1 face-up monster on the field; equip this card to that target. It gains 500 ATK. If the equipped monster is targeted for an attack while in Defense Position: It gains DEF equal to its ATK during damage calculation only.,,0.05,0.2,1.49,0.13,,1st Edition,SGX1-ENC19,Common,Normal Trap,TRAP,,,
266244,Crystal Beast Cobalt Eagle,Crystal Beast Cobalt Eagle,https://tcgplayer-cdn.tcgplayer.com/product/266244_200w.jpg,2,2970,https://cpt.tcgcsv.com/Vv83,2022-04-01T04:03:13.133,1,"Once per turn, you can return 1 face-up Crystal Beast card you control to the top of its owner's Deck. If this card is destroyed while it is in a Monster Card Zone, you can place it face-up in your Spell & Trap Card Zone as a Continuous Spell Card, instead of sending it to the Graveyard.",,0.02,0.22,1.49,0.07,,1st Edition,SGX1-ENF07,Common,Effect Monster,WIND,Winged Beast,1400,800
266245,Wall of Disruption,Wall of Disruption,https://tcgplayer-cdn.tcgplayer.com/product/266245_200w.jpg,2,2970,https://cpt.tcgcsv.com/Wv83,2022-04-01T04:03:13.133,1,When an opponent's monster declares an attack: All Attack Position monsters your opponent controls lose 800 ATK for each monster they control.,,0.09,0.25,1.49,0.18,,1st Edition,SGX1-ENC20,Common,Normal Trap,TRAP,,,
266246,Ojama King,Ojama King,https://tcgplayer-cdn.tcgplayer.com/product/266246_200w.jpg,2,2970,https://cpt.tcgcsv.com/Xv83,2022-04-01T13:15:02.437,1,"Ojama Green + Ojama Yellow + Ojama Black Select up to 3 of your opponent's Monster Card Zones. As long as this card remains face-up on the field, the selected zones cannot be used.",,0.21,0.33,1.98,0.29,,1st Edition,SGX1-ENC21,Common,Fusion Monster,LIGHT,Beast,0,3000
266247,Crystal Beast Sapphire Pegasus,Crystal Beast Sapphire Pegasus,https://tcgplayer-cdn.tcgplayer.com/product/266247_200w.jpg,2,2970,https://cpt.tcgcsv.com/Zv83,2022-04-01T04:03:13.133,1,"When this card is Normal Summoned, Flip Summoned, or Special Summoned, you can place 1 ""Crystal Beast"" monster from your hand, Deck, or Graveyard face-up in your Spell & Trap Card Zone; It is treated as a Continuous Spell Card. If this card is destroyed while it is in a Monster Card Zone, you can place it face-up in your Spell & Trap Card Zone as a Continuous Spell Card, instead of sending it to the Graveyard.",,0.05,0.23,1.49,0.1,,1st Edition,SGX1-ENF08,Common,Effect Monster,WIND,Beast,1800,1200
266248,VW-Tiger Catapult,VW Tiger Catapult,https://tcgplayer-cdn.tcgplayer.com/product/266248_200w.jpg,2,2970,https://cpt.tcgcsv.com/-v83,2022-04-01T04:03:13.133,1,"""V-Tiger Jet"" + ""W-Wing Catapult""
<br>Must first be Special Summoned (from your Extra Deck) by banishing the above cards you control. (You do not use ""Polymerization"".) You can discard 1 card, then target 1 monster your opponent controls; change that target's battle position. (Flip Effects are not activated.)",,0.09,0.24,1.49,0.17,,1st Edition,SGX1-ENC22,Common,Fusion/Effect Monster,LIGHT,Machine,2000,1500
266249,Crystal Seer,Crystal Seer,https://tcgplayer-cdn.tcgplayer.com/product/266249_200w.jpg,2,2970,https://cpt.tcgcsv.com/_v83,2022-04-01T04:03:13.133,1,"FLIP: Excavate the top 2 cards of your Deck, then add 1 of them to your hand, then place the other on the bottom of your Deck.",,0.05,0.25,1.5,0.21,,1st Edition,SGX1-ENF09,Common,Flip/Effect Monster,WATER,Spellcaster,100,100
266250,Ojama Knight,Ojama Knight,https://tcgplayer-cdn.tcgplayer.com/product/266250_200w.jpg,2,2970,https://cpt.tcgcsv.com/0w83,2022-04-04T13:04:25.37,1,"The Fusion Material Monsters for this card are any 2 ""Ojama"" monsters. Select up to 2 of your opponent's Monster Card Zones. As long as this card remains face-up on the field, the selected zones cannot be used.",,0.27,0.61,1.98,0.61,,1st Edition,SGX1-ENC23,Common,Fusion/Effect Monster,LIGHT,Beast,0,2500
266251,Ancient Gear Golem,Ancient Gear Golem,https://tcgplayer-cdn.tcgplayer.com/product/266251_200w.jpg,2,2970,https://cpt.tcgcsv.com/2w83,2022-04-01T04:03:13.133,1,"Cannot be Special Summoned. If this card attacks, your opponent cannot activate any Spell/Trap Cards until the end of the Damage Step. If this card attacks a Defense Position monster, inflict piercing battle damage.",,0.1,0.25,0.99,0.24,,1st Edition,SGX1-END01,Common,Effect Monster,EARTH,Machine,3000,3000
266252,Mechanicalchaser,Mechanicalchaser,https://tcgplayer-cdn.tcgplayer.com/product/266252_200w.jpg,2,2970,https://cpt.tcgcsv.com/3w83,2022-04-01T04:03:13.133,1,<em>A hunter that relentlessly pursues its target by order of the Machine King.</em>,,0.11,0.25,1.49,0.22,,1st Edition,SGX1-END02,Common,Normal Monster,DARK,Machine,1850,800
266253,Giant Rat,Giant Rat,https://tcgplayer-cdn.tcgplayer.com/product/266253_200w.jpg,2,2970,https://cpt.tcgcsv.com/5w83,2022-04-01T04:03:13.133,1,"When this card is destroyed by battle and sent to the GY: You can Special Summon 1 EARTH monster with 1500 or less ATK from your Deck, in Attack Position.",,0.05,0.25,1.49,0.24,,1st Edition,SGX1-END03,Common,Effect Monster,EARTH,Beast,1400,1450
266254,Ancient City - Rainbow Ruins,Ancient City Rainbow Ruins,https://tcgplayer-cdn.tcgplayer.com/product/266254_200w.jpg,2,2970,https://cpt.tcgcsv.com/6w83,2022-04-01T04:03:13.133,1,"You must have this many ""Crystal Beast"" cards in your Spell & Trap Card Zone to activate and resolve these effects: // * 1+: This card cannot be destroyed by card effects. // * 2+: Once per turn, you can halve the Battle Damage you take. // * 3+: When a Spell/Trap Card is activated: You can send 1 ""Crystal Beast"" monster you control to the Graveyard; negate the activation and destroy it. // * 4+: Once per turn, during your Main Phase: You can draw 1 card. // * 5+: Once per turn, during your Main Phase: You can target 1 ""Crystal Beast"" card in your Spell & Trap Card Zone; Special Summon that target.",,0.02,0.22,1.49,0.05,,1st Edition,SGX1-ENF10,Common,Normal Spell,SPELL,,0,0
266255,The Trojan Horse,The Trojan Horse,https://tcgplayer-cdn.tcgplayer.com/product/266255_200w.jpg,2,2970,https://cpt.tcgcsv.com/7w83,2022-04-01T04:03:13.133,1,"If you Tribute Summon an EARTH monster, you can treat this 1 monster as 2 Tribute Monsters for the Tribute Summon.",,0.01,0.2,1.49,0.11,,1st Edition,SGX1-END04,Common,Normal Monster,EARTH,Beast,1600,1200
266256,Rare Value,Rare Value,https://tcgplayer-cdn.tcgplayer.com/product/266256_200w.jpg,2,2970,https://cpt.tcgcsv.com/8w83,2022-04-01T04:03:13.133,1,"If there are 2 or more face-up ""Crystal Beast"" cards in your Spell & Trap Card Zone: Your opponent chooses 1 ""Crystal Beast"" card in your Spell & Trap Card Zone and sends it to the Graveyard, then you draw 2 cards.",,0.01,0.25,1.49,0.07,,1st Edition,SGX1-ENF11,Common,Normal Spell,SPELL,,0,0
266257,Dekoichi the Battlechanted Locomotive,Dekoichi the Battlechanted Locomotive,https://tcgplayer-cdn.tcgplayer.com/product/266257_200w.jpg,2,2970,https://cpt.tcgcsv.com/9w83,2022-04-01T04:03:13.133,1,"FLIP: Draw 1 card, then draw 1 additional card for each face-up ""Bokoichi the Freightening Car"" you control.",,0.5,0.71,2.99,0.63,,1st Edition,SGX1-END05,Common,Flip/Effect Monster,DARK,Machine,1400,1000
266258,Crystal Blessing,Crystal Blessing,https://tcgplayer-cdn.tcgplayer.com/product/266258_200w.jpg,2,2970,https://cpt.tcgcsv.com/bw83,2022-04-01T04:03:13.133,1,"Select up to 2 Crystal Beast monsters in your Graveyard and place them in your Spell & Trap Card Zone, face-up, as Continuous Spell Cards.",,0.01,0.21,1.49,0.05,,1st Edition,SGX1-ENF12,Common,Normal Spell,SPELL,,0,0
266259,Ancient Gear Beast,Ancient Gear Beast,https://tcgplayer-cdn.tcgplayer.com/product/266259_200w.jpg,2,2970,https://cpt.tcgcsv.com/cw83,2022-04-01T04:03:13.133,1,"Cannot be Special Summoned. If this card attacks, your opponent cannot activate any Spell/Trap Cards until the end of the Damage Step. Negate the effects of an opponent's monster destroyed by battle with this card (including in the GY).",,0.15,0.28,1.49,0.28,,1st Edition,SGX1-END06,Common,Effect Monster,EARTH,Machine,2000,2000
266260,Ancient Gear Soldier,Ancient Gear Soldier,https://tcgplayer-cdn.tcgplayer.com/product/266260_200w.jpg,2,2970,https://cpt.tcgcsv.com/dw83,2022-04-01T04:03:13.133,1,"If this card attacks, your opponent cannot activate any Spell/Trap Cards until the end of the Damage Step.",,0.09,0.25,1.49,0.14,,1st Edition,SGX1-END07,Common,Effect Monster,EARTH,Machine,1300,1300
266261,Crystal Promise,Crystal Promise,https://tcgplayer-cdn.tcgplayer.com/product/266261_200w.jpg,2,2970,https://cpt.tcgcsv.com/fw83,2022-04-01T04:03:13.133,1,Select 1 Crystal Beast card in your Spell & Trap Card Zone and Special Summon it.,,0.01,0.22,1.49,0.06,,1st Edition,SGX1-ENF13,Common,Normal Spell,SPELL,,0,0
266262,Ancient Gear,Ancient Gear,https://tcgplayer-cdn.tcgplayer.com/product/266262_200w.jpg,2,2970,https://cpt.tcgcsv.com/gw83,2024-08-19T15:40:19.74,1,"While an Ancient Gear is face-up on your side of the field, you can Special Summon this card from your hand in Attack Position.",,0.05,0.25,1.49,0.19,,1st Edition,SGX1-END08,Common,Effect Monster,EARTH,Machine,100,800
266263,Crystal Release,Crystal Release,https://tcgplayer-cdn.tcgplayer.com/product/266263_200w.jpg,2,2970,https://cpt.tcgcsv.com/hw83,2022-04-01T04:03:13.133,1,"Equip only to a Crystal Beast monster. It gains 800 ATK. When this card is sent from the field to the Graveyard, you can place 1 Crystal Beast monster from your Deck, in your Spell & Trap Card Zone, face-up as a Continuous Spell Card.",,0.01,0.2,1.49,0.06,,1st Edition,SGX1-ENF14,Common,Normal Spell,SPELL,,0,0
266264,Ancient Gear Engineer,Ancient Gear Engineer,https://tcgplayer-cdn.tcgplayer.com/product/266264_200w.jpg,2,2970,https://cpt.tcgcsv.com/jw83,2022-04-01T04:03:13.133,1,"Negate any Trap effects that target this card, and if you do, destroy that Trap Card. If this card attacks, your opponent cannot activate any Spell/Trap Cards until the end of the Damage Step. At the end of the Damage Step, if this card attacked: Target 1 Spell/Trap Card your opponent controls; destroy that target.",,0.05,0.25,1.49,0.28,,1st Edition,SGX1-END09,Common,Effect Monster,EARTH,Machine,1500,1500
266265,Crystal Tree,Crystal Tree,https://tcgplayer-cdn.tcgplayer.com/product/266265_200w.jpg,2,2970,https://cpt.tcgcsv.com/kw83,2022-04-01T04:03:13.133,1,"Each time a ""Crystal Beast"" monster(s) is placed in either player's Spell & Trap Zone, place 1 Crystal Counter on this card. You can send this card to the Graveyard to take a number of ""Crystal Beast"" monsters from your Deck equal to the number of Crystal Counters on this card, then place those monsters in your Spell & Trap Zone as Continuous Spell Cards.",,0.01,0.17,1.49,0.09,,1st Edition,SGX1-ENF15,Common,Continuous Spell,SPELL,,,
266266,Ancient Gear Knight,Ancient Gear Knight,https://tcgplayer-cdn.tcgplayer.com/product/266266_200w.jpg,2,2970,https://cpt.tcgcsv.com/lw83,2022-04-01T04:03:13.133,1,"This card is treated as a Normal Monster while face-up on the field or in the Graveyard. While this card is a Normal Monster on the field, you can Normal Summon it to have it become an Effect Monster with this effect.
<br>• If this card attacks, your opponent cannot activate any Spell/Trap Cards until the end of the Damage Step.",,0.05,0.25,1.49,0.18,,1st Edition,SGX1-END10,Common,Effect Monster,EARTH,Machine,1800,500
266267,Crystal Raigeki,Crystal Raigeki,https://tcgplayer-cdn.tcgplayer.com/product/266267_200w.jpg,2,2970,https://cpt.tcgcsv.com/mw83,2022-04-01T04:03:13.133,1,Send 1 Crystal Beast monster from your Spell & Trap Card Zone to the Graveyard. Destroy 1 card your opponent controls.,,0.05,0.24,1.49,0.14,,1st Edition,SGX1-ENF16,Common,Normal Trap,TRAP,,0,0
266268,Ancient Gear Gadget,Ancient Gear Gadget,https://tcgplayer-cdn.tcgplayer.com/product/266268_200w.jpg,2,2970,https://cpt.tcgcsv.com/nw83,2022-04-01T04:03:13.133,1,"If this card is Normal or Special Summoned: You can declare 1 card type (Monster, Spell, or Trap); this turn, if your monster attacks, your opponent cannot activate Spell/Trap Cards or monster effects (whichever was declared) until the end of the Damage Step. Once per turn: You can declare 1 ""Gadget"" monster's card name; until the End Phase, this card's name becomes that name.",,0.04,0.25,1.49,0.14,,1st Edition,SGX1-END11,Common,Effect Monster,EARTH,Machine,500,2000
266269,Rainbow Life,Rainbow Life,https://tcgplayer-cdn.tcgplayer.com/product/266269_200w.jpg,2,2970,https://cpt.tcgcsv.com/pw83,2022-04-01T04:03:13.133,1,"Discard 1 card. Until the end of this turn, whenever you would take damage you gain that amount of Life Points instead.",,0.1,0.26,1.98,0.22,,1st Edition,SGX1-ENF17,Common,Normal Trap,TRAP,,0,0
266270,Earthquake,Earthquake,https://tcgplayer-cdn.tcgplayer.com/product/266270_200w.jpg,2,2970,https://cpt.tcgcsv.com/qw83,2022-04-01T04:03:13.133,1,All face-up monsters on the field are changed to Defense Position.,,0.01,0.22,1.49,0.12,,1st Edition,SGX1-END12,Common,Normal Spell,SPELL,,,
266271,Rainbow Gravity,Rainbow Gravity,https://tcgplayer-cdn.tcgplayer.com/product/266271_200w.jpg,2,2970,https://cpt.tcgcsv.com/rw83,2022-04-01T04:03:13.133,1,"If you have 7 ""Crystal Beast"" cards with different names on the field or in your Graveyard: Special Summon 1 ""Rainbow Dragon"" or ""Rainbow Dark Dragon"" from your Deck or Graveyard, ignoring the Summoning conditions.",,0.02,0.2,1.49,0.11,,1st Edition,SGX1-ENF18,Common,Normal Trap,TRAP,,0,0
266272,Ancient Gear Castle,Ancient Gear Castle,https://tcgplayer-cdn.tcgplayer.com/product/266272_200w.jpg,2,2970,https://cpt.tcgcsv.com/sw83,2022-04-01T04:03:13.133,1,"All ""Ancient Gear"" monsters gain 300 ATK. Each time a monster is Normal Summoned/Set, place 1 counter on this card. If you Tribute Summon an ""Ancient Gear"" monster face-up, you can Tribute this card instead, if the number of its counters is equal to or greater than the number of required Tribute(s).",,0.05,0.25,1.49,0.22,,1st Edition,SGX1-END13,Common,Continuous Spell,SPELL,,,
266273,Gravelstorm,Gravelstorm,https://tcgplayer-cdn.tcgplayer.com/product/266273_200w.jpg,2,2970,https://cpt.tcgcsv.com/tw83,2022-04-01T04:03:13.133,1,"Target 1 Spell/Trap Card on each side of the field, return them to the hand.",,0.01,0.15,1.49,0.13,,1st Edition,SGX1-ENF19,Common,Normal Trap,TRAP,,0,0
266274,Crystal Conclave,Crystal Conclave,https://tcgplayer-cdn.tcgplayer.com/product/266274_200w.jpg,2,2970,https://cpt.tcgcsv.com/vw83,2022-04-01T04:03:13.133,1,"Once per turn, if a face-up ""Crystal Beast"" monster(s) you control is destroyed by battle or card effect: You can Special Summon 1 ""Crystal Beast"" monster from your Deck. You can send this face-up card from the field to the GY, then target 1 ""Crystal Beast"" card you control and 1 card on the field; return them to the hand. You cannot activate these effects in the same Chain.",,0.02,0.2,1.49,0.11,,1st Edition,SGX1-ENF20,Common,Continuous Trap,TRAP,,,
266275,Geartown,Geartown,https://tcgplayer-cdn.tcgplayer.com/product/266275_200w.jpg,2,2970,https://cpt.tcgcsv.com/ww83,2022-04-01T04:03:13.133,1,"Both players can Normal Summon ""Ancient Gear"" monsters for 1 less Tribute. When this card is destroyed and sent to the GY: You can Special Summon 1 ""Ancient Gear"" monster from your hand, Deck, or GY.",,0.2,0.37,1.49,0.34,,1st Edition,SGX1-END14,Common,Field Spell,SPELL,,,
266276,Rainbow Overdragon,Rainbow Overdragon,https://tcgplayer-cdn.tcgplayer.com/product/266276_200w.jpg,2,2970,https://cpt.tcgcsv.com/xw83,2022-04-01T04:03:13.133,1,"7 ""Crystal Beast"" monsters
<br>(This card is always treated as an ""Ultimate Crystal"" card.)
<br>Must be either Fusion Summoned, or Special Summoned by Tributing 1 Level 10 ""Ultimate Crystal"" monster (in which case you do not use ""Polymerization""). Once per turn: You can banish 1 ""Crystal Beast"" monster from your GY; this card gains ATK equal to the banished monster's, until the end of this turn. (Quick Effect): You can Tribute this Fusion Summoned card; shuffle all cards on the field into the Deck.",,0.07,0.25,1.49,0.1,,1st Edition,SGX1-ENF21,Common,Fusion/Effect Monster,LIGHT,Dragon,4000,0
266277,Double Cyclone,Double Cyclone,https://tcgplayer-cdn.tcgplayer.com/product/266277_200w.jpg,2,2970,https://cpt.tcgcsv.com/zw83,2022-04-01T04:03:13.133,1,Target 1 Spell/Trap you control and 1 Spell/Trap your opponent controls; destroy them.,,0.14,0.25,1.49,0.28,,1st Edition,SGX1-END15,Common,Quick-Play Spell,SPELL,,,
266278,Card Advance,Card Advance,https://tcgplayer-cdn.tcgplayer.com/product/266278_200w.jpg,2,2970,https://cpt.tcgcsv.com/Bw83,2022-04-01T04:03:13.133,1,"Look at up to 5 cards from the top of your Deck, then place them on the top of the Deck in any order. You can Tribute Summon 1 monster in addition to your Normal Summon/Set this turn. (You can only gain this effect once per turn.)",,0.05,0.23,1.49,0.15,,1st Edition,SGX1-END16,Common,Normal Spell,SPELL,,,
266279,Metalmorph,Metalmorph,https://tcgplayer-cdn.tcgplayer.com/product/266279_200w.jpg,2,2970,https://cpt.tcgcsv.com/Cw83,2022-04-01T04:03:13.133,1,"Target 1 face-up monster on the field; equip this card to that target. It gains 300 ATK/DEF. If it attacks, it gains ATK equal to half the ATK of the attack target, during damage calculation only.",,0.05,0.25,1.49,0.22,,1st Edition,SGX1-END17,Common,Normal Trap,TRAP,,,
266280,Statue of the Wicked,Statue of the Wicked,https://tcgplayer-cdn.tcgplayer.com/product/266280_200w.jpg,2,2970,https://cpt.tcgcsv.com/Dw83,2022-04-01T04:03:13.133,1,"When this face-down card is destroyed and sent to the Graveyard, Special Summon 1 ""Wicked Token"" (Fiend-Type/DARK/Level 4/ATK 1000/DEF 1000) on your side of the field.",,0.01,0.2,1.49,0.13,,1st Edition,SGX1-END18,Common,Normal Trap,TRAP,,,
266281,Blade Skater,Blade Skater,https://tcgplayer-cdn.tcgplayer.com/product/266281_200w.jpg,2,2970,https://cpt.tcgcsv.com/Fw83,2022-04-01T04:03:13.133,1,,,0.01,0.19,1.49,0.1,,1st Edition,SGX1-ENE01,Common,Normal Monster,EARTH,Warrior,1400,1500
266282,Damage Condenser,Damage Condenser,https://tcgplayer-cdn.tcgplayer.com/product/266282_200w.jpg,2,2970,https://cpt.tcgcsv.com/Gw83,2022-04-01T04:03:13.133,1,"You can only activate this card by discarding 1 card from your hand when you take Battle Damage to your Life Points. Special Summon 1 monster from your Deck with ATK equal to or less than the Battle Damage you took, in Attack Position.",,0.01,0.24,1.49,0.24,,1st Edition,SGX1-END19,Common,Normal Trap,TRAP,,,
266283,Senju of the Thousand Hands,Senju of the Thousand Hands,https://tcgplayer-cdn.tcgplayer.com/product/266283_200w.jpg,2,2970,https://cpt.tcgcsv.com/Hw83,2022-04-01T04:03:13.133,1,When this card is Normal or Flip Summoned: You can add 1 Ritual Monster from your Deck to your hand.,,0.09,0.27,1.49,0.3,,1st Edition,SGX1-ENE02,Common,Effect Monster,LIGHT,Fairy,1400,1000
266284,Miniaturize,Miniaturize,https://tcgplayer-cdn.tcgplayer.com/product/266284_200w.jpg,2,2970,https://cpt.tcgcsv.com/Jw83,2022-04-01T04:03:13.133,1,"Activate this card by targeting 1 face-up monster on the field with more than 1000 original ATK that has a Level; its Level is reduced by 1, also it loses 1000 ATK. When that monster leaves the field, destroy this card.",,0.01,0.2,1.49,0.11,,1st Edition,SGX1-END20,Common,Continuous Trap,TRAP,,,
266285,Sonic Bird,Sonic Bird,https://tcgplayer-cdn.tcgplayer.com/product/266285_200w.jpg,2,2970,https://cpt.tcgcsv.com/Kw83,2022-04-01T04:03:13.133,1,"When this card is Normal or Flip Summoned, add 1 Ritual Spell Card from your Deck to your hand.",,0.05,0.25,1.49,0.19,,1st Edition,SGX1-ENE03,Common,Effect Monster,WIND,Winged Beast,1400,1000
266286,D.D. Warrior Lady,DD Warrior Lady,https://tcgplayer-cdn.tcgplayer.com/product/266286_200w.jpg,2,2970,https://cpt.tcgcsv.com/Lw83,2022-04-01T04:03:13.133,1,"After damage calculation, when this card battles an opponent's monster: You can banish that monster, also banish this card.",,0.25,0.49,69.0,0.53,,1st Edition,SGX1-ENE04,Common,Effect Monster,LIGHT,Warrior,1500,1600
266287,Ultimate Ancient Gear Golem,Ultimate Ancient Gear Golem,https://tcgplayer-cdn.tcgplayer.com/product/266287_200w.jpg,2,2970,https://cpt.tcgcsv.com/Mw83,2022-04-01T04:03:13.133,1,"""Ancient Gear Golem"" + 2 ""Ancient Gear"" monsters
<br>Must be Fusion Summoned. If this card attacks a Defense Position monster, inflict piercing battle damage. If this card attacks, your opponent cannot activate Spell/Trap Cards until the end of the Damage Step. If this card is destroyed: You can target 1 ""Ancient Gear Golem"" in your GY; Special Summon it, ignoring its Summoning conditions.",,0.16,0.3,1.49,0.3,,1st Edition,SGX1-END21,Common,Fusion/Effect Monster,EARTH,Machine,4400,3400
266288,Warrior Lady of the Wasteland,Warrior Lady of the Wasteland,https://tcgplayer-cdn.tcgplayer.com/product/266288_200w.jpg,2,2970,https://cpt.tcgcsv.com/Nw83,2022-04-01T04:03:13.133,1,"When this card is destroyed as a result of battle and sent to the Graveyard, you can Special Summon 1 EARTH Warrior-Type monster with an ATK of 1500 or less in face-up Attack Position from your Deck to your side of the field. Then shuffle your Deck.",,0.05,0.25,1.49,0.16,,1st Edition,SGX1-ENE05,Common,Effect Monster,EARTH,Warrior,1100,1200
266289,Etoile Cyber,Etoile Cyber,https://tcgplayer-cdn.tcgplayer.com/product/266289_200w.jpg,2,2970,https://cpt.tcgcsv.com/Pw83,2022-04-01T04:03:13.133,1,"If this card attacks your opponent directly, it gains 500 ATK during the Damage Step only.",,0.03,0.19,1.49,0.13,,1st Edition,SGX1-ENE06,Common,Effect Monster,EARTH,Warrior,1200,1600
266290,Cyber Tutu,Cyber Tutu,https://tcgplayer-cdn.tcgplayer.com/product/266290_200w.jpg,2,2970,https://cpt.tcgcsv.com/Qw83,2023-01-25T14:22:16.043,1,"If the ATK of each monster your opponent controls is higher than this card's, this card can attack directly.",,0.05,0.22,1.49,0.11,,1st Edition,SGX1-ENE07,Common,Effect Monster,EARTH,Warrior,1000,800
266291,Cyber Gymnast,Cyber Gymnast,https://tcgplayer-cdn.tcgplayer.com/product/266291_200w.jpg,2,2970,https://cpt.tcgcsv.com/Rw83,2022-04-01T04:03:13.133,1,"Discard a card from your hand, Destroy 1 monster in face up attack mode on the opponent field. You can use this effect only 1 time for 1 turn.",,0.02,0.23,1.49,0.09,,1st Edition,SGX1-ENE08,Common,Normal Monster,EARTH,Warrior,800,1800
266292,Cyber Prima,Cyber Prima,https://tcgplayer-cdn.tcgplayer.com/product/266292_200w.jpg,2,2970,https://cpt.tcgcsv.com/Sw83,2022-04-01T04:03:13.133,1,If this card is Tribute Summoned: Destroy all face-up Spells on the field.,,0.05,0.2,1.49,0.08,,1st Edition,SGX1-ENE09,Common,Normal Monster,LIGHT,Warrior,2300,1600
266293,Winged Kuriboh (Secret Rare),Winged Kuriboh Secret Rare,https://tcgplayer-cdn.tcgplayer.com/product/266293_200w.jpg,2,2970,https://cpt.tcgcsv.com/Tw83,2022-04-26T13:16:07.207,1,"When this card on the field is destroyed and sent to the Graveyard, its effect is activated. After activation, during this turn, any Battle Damage that the controller of this card takes becomes 0.",,0.39,0.72,3.99,0.52,,1st Edition,SGX1-ENA06,Secret Rare,Effect Monster,LIGHT,Fairy,300,200
266294,Cyber Angel Benten,Cyber Angel Benten,https://tcgplayer-cdn.tcgplayer.com/product/266294_200w.jpg,2,2970,https://cpt.tcgcsv.com/Vw83,2022-04-01T04:03:13.133,1,"You can Ritual Summon this card with ""Machine Angel Ritual"". If this card destroys a monster by battle and sends it to the GY: Inflict damage to your opponent equal to that monster's original DEF in the GY. If this card is Tributed: You can add 1 LIGHT Fairy monster from your Deck to your hand.",,0.01,0.24,1.99,0.12,,1st Edition,SGX1-ENE10,Common,Ritual/Effect Monster,LIGHT,Fairy,1800,1500
266295,Cyber Angel Idaten,Cyber Angel Idaten,https://tcgplayer-cdn.tcgplayer.com/product/266295_200w.jpg,2,2970,https://cpt.tcgcsv.com/Ww83,2022-04-01T04:03:13.133,1,"You can Ritual Summon this card with ""Machine Angel Ritual"". If this card is Ritual Summoned: You can add 1 Ritual Spell Card from your Deck or Graveyard to your hand. If this card is Tributed: You can make all Ritual Monsters you control gain 1000 ATK and DEF.",,0.01,0.2,0.99,0.18,,1st Edition,SGX1-ENE11,Common,Ritual/Effect Monster,LIGHT,Fairy,1600,2000
266296,Polymerization (A) (Secret Rare),Polymerization A Secret Rare,https://tcgplayer-cdn.tcgplayer.com/product/266296_200w.jpg,2,2970,https://cpt.tcgcsv.com/Xw83,2022-04-26T13:14:36.65,1,"Fusion Summon 1 Fusion Monster from your Extra Deck, using monsters from your hand or field as Fusion Material.",,0.25,0.78,10.99,0.57,0.58,1st Edition,SGX1-ENA12,Secret Rare,Normal Spell,SPELL,,,
266297,Cyber Angel Izana,Cyber Angel Izana,https://tcgplayer-cdn.tcgplayer.com/product/266297_200w.jpg,2,2970,https://cpt.tcgcsv.com/Zw83,2022-04-01T04:03:13.133,1,"You can Ritual Summon this card with ""Machine Angel Ritual"". If this card is Ritual Summoned: You can make your opponent send 1 Spell/Trap they control to the GY. When this attacking card destroys an opponent's monster by battle and sends it to the GY: You can activate this effect; this card can make a second attack on an opponent's monster in a row. Once per turn, when your opponent activates a card or effect that targets a ""Cyber Angel"" Ritual Monster(s) you control (Quick Effect): You can shuffle 1 Ritual Monster from your GY into the Deck, and if you do, destroy 1 card your opponent controls.",,0.05,0.2,1.49,0.19,,1st Edition,SGX1-ENE12,Common,Ritual/Effect Monster,LIGHT,Fairy,2500,2600
266298,Elemental HERO Flame Wingman (Secret Rare),Elemental HERO Flame Wingman Secret Rare,https://tcgplayer-cdn.tcgplayer.com/product/266298_200w.jpg,2,2970,https://cpt.tcgcsv.com/-w83,2022-04-26T13:13:51.357,1,"Elemental HERO Avian + ""Elemental HERO Burstinatrix""
<br>Must be Fusion Summoned and cannot be Special Summoned by other ways. When this card destroys a monster by battle and sends it to the Graveyard: Inflict damage to your opponent equal to the ATK of the destroyed monster.",,0.25,0.89,5.0,0.75,,1st Edition,SGX1-ENA21,Secret Rare,Fusion/Effect Monster,WIND,Warrior,2100,1200
266299,Destiny HERO - Plasma (Secret Rare),Destiny HERO Plasma Secret Rare,https://tcgplayer-cdn.tcgplayer.com/product/266299_200w.jpg,2,2970,https://cpt.tcgcsv.com/_w83,2022-04-26T13:13:26.957,1,Cannot be Normal Summoned/Set. Must be Special Summoned (from your hand) by Tributing 3 monsters. Negate the effects of face-up monsters while your opponent controls them. Once per turn: You can target 1 monster your opponent controls; equip that target to this card (max. 1). This card gains ATK equal to half the original ATK of the monster equipped to it by this effect.,,0.55,1.34,9.99,1.32,4.99,1st Edition,SGX1-ENB01,Secret Rare,Effect Monster,DARK,Warrior,1900,600
266300,Destiny HERO - Dasher (Secret Rare),Destiny HERO Dasher Secret Rare,https://tcgplayer-cdn.tcgplayer.com/product/266300_200w.jpg,2,2970,https://cpt.tcgcsv.com/0x83,2022-04-26T13:13:18.5,1,"Once per turn, by Tributing 1 monster, this card gains 1000 ATK until the end of this turn. If this card attacks, it is changed to Defense Position at the end of the Battle Phase. While this card is in the GY, one time only, when you draw a Monster Card during your Draw Phase you can show it to your opponent and Special Summon it.",,0.4,0.92,10.0,0.55,,1st Edition,SGX1-ENB05,Secret Rare,Effect Monster,DARK,Warrior,2100,1000
266301,Armed Dragon LV7 (Secret Rare),Armed Dragon LV7 Secret Rare,https://tcgplayer-cdn.tcgplayer.com/product/266301_200w.jpg,2,2970,https://cpt.tcgcsv.com/2x83,2022-04-26T12:57:52.59,1,"Cannot be Normal Summoned/Set. Must be Special Summoned by ""Armed Dragon LV5"", and cannot be Special Summoned by other ways. You can send 1 monster from your hand to the GY; destroy all face-up monsters your opponent controls with ATK less than or equal to the sent monster's ATK.",,0.25,0.75,3.99,0.44,,1st Edition,SGX1-ENC08,Secret Rare,Effect Monster,WIND,Dragon,2800,1000
266302,Ojama King (Secret Rare),Ojama King Secret Rare,https://tcgplayer-cdn.tcgplayer.com/product/266302_200w.jpg,2,2970,https://cpt.tcgcsv.com/3x83,2022-04-26T13:14:23.563,1,"Ojama Green + Ojama Yellow + Ojama Black Select up to 3 of your opponent's Monster Card Zones. As long as this card remains face-up on the field, the selected zones cannot be used.",,0.3,0.74,3.99,0.52,,1st Edition,SGX1-ENC21,Secret Rare,Fusion Monster,LIGHT,Beast,0,3000
266303,Ancient Gear Golem (Secret Rare),Ancient Gear Golem Secret Rare,https://tcgplayer-cdn.tcgplayer.com/product/266303_200w.jpg,2,2970,https://cpt.tcgcsv.com/5x83,2022-04-26T12:57:44.03,1,"Cannot be Special Summoned. If this card attacks, your opponent cannot activate any Spell/Trap Cards until the end of the Damage Step. If this card attacks a Defense Position monster, inflict piercing battle damage.",,0.79,1.47,5.0,1.47,1.69,1st Edition,SGX1-END01,Secret Rare,Effect Monster,EARTH,Machine,3000,3000
266304,Dekoichi the Battlechanted Locomotive (Secret Rare),Dekoichi the Battlechanted Locomotive Secret Rare,https://tcgplayer-cdn.tcgplayer.com/product/266304_200w.jpg,2,2970,https://cpt.tcgcsv.com/6x83,2022-04-26T13:12:52.527,1,"FLIP: Draw 1 card, then draw 1 additional card for each face-up ""Bokoichi the Freightening Car"" you control.",,1.39,4.48,6.99,2.21,,1st Edition,SGX1-END05,Secret Rare,Flip/Effect Monster,DARK,Machine,1400,1000
266305,Ultimate Ancient Gear Golem (Secret Rare),Ultimate Ancient Gear Golem Secret Rare,https://tcgplayer-cdn.tcgplayer.com/product/266305_200w.jpg,2,2970,https://cpt.tcgcsv.com/7x83,2022-04-26T13:15:14.097,1,"""Ancient Gear Golem"" + 2 ""Ancient Gear"" monsters
<br>Must be Fusion Summoned. If this card attacks a Defense Position monster, inflict piercing battle damage. If this card attacks, your opponent cannot activate Spell/Trap Cards until the end of the Damage Step. If this card is destroyed: You can target 1 ""Ancient Gear Golem"" in your GY; Special Summon it, ignoring its Summoning conditions.",,0.29,0.84,4.99,0.63,,1st Edition,SGX1-END21,Secret Rare,Fusion/Effect Monster,EARTH,Machine,4400,3400
266306,D.D. Warrior Lady (Secret Rare),DD Warrior Lady Secret Rare,https://tcgplayer-cdn.tcgplayer.com/product/266306_200w.jpg,2,2970,https://cpt.tcgcsv.com/8x83,2022-04-26T13:03:00.763,1,"After damage calculation, when this card battles an opponent's monster: You can banish that monster, also banish this card.",,0.58,1.75,11.15,1.02,0.98,1st Edition,SGX1-ENE04,Secret Rare,Effect Monster,LIGHT,Warrior,1500,1600
266307,The Warrior Returning Alive,The Warrior Returning Alive,https://tcgplayer-cdn.tcgplayer.com/product/266307_200w.jpg,2,2970,https://cpt.tcgcsv.com/9x83,2022-04-01T04:03:13.133,1,Target 1 Warrior-Type monster in your Graveyard; add that target to your hand.,,0.05,0.22,1.49,0.15,,1st Edition,SGX1-ENE13,Common,Normal Spell,SPELL,,0,0
266308,Rainbow Dragon (Secret Rare),Rainbow Dragon Secret Rare,https://tcgplayer-cdn.tcgplayer.com/product/266308_200w.jpg,2,2970,https://cpt.tcgcsv.com/bx83,2022-04-26T13:14:44.28,1,"Cannot be Normal Summoned or Set. Must be Special Summoned (from your hand) by having 7 ""Crystal Beast"" cards with different names on your field or in your Graveyard, and cannot be Special Summoned by other ways. This card cannot activate its effects the turn it is Special Summoned. // * During either player's turn: You can send all ""Crystal Beast"" monsters you control to the Graveyard; this card gains 1000 ATK for each card sent. // * You can banish all ""Crystal Beast"" monsters in your Graveyard; shuffle all cards on the field into the Decks.",,0.2,0.54,10.0,0.35,,1st Edition,SGX1-ENF01,Secret Rare,Effect Monster,LIGHT,Dragon,4000,0
266309,Crystal Beast Sapphire Pegasus (Secret Rare),Crystal Beast Sapphire Pegasus Secret Rare,https://tcgplayer-cdn.tcgplayer.com/product/266309_200w.jpg,2,2970,https://cpt.tcgcsv.com/cx83,2022-04-26T13:02:29.01,1,"When this card is Normal Summoned, Flip Summoned, or Special Summoned, you can place 1 ""Crystal Beast"" monster from your hand, Deck, or Graveyard face-up in your Spell & Trap Card Zone; It is treated as a Continuous Spell Card. If this card is destroyed while it is in a Monster Card Zone, you can place it face-up in your Spell & Trap Card Zone as a Continuous Spell Card, instead of sending it to the Graveyard.",,0.23,0.82,5.0,0.37,,1st Edition,SGX1-ENF08,Secret Rare,Effect Monster,WIND,Beast,1800,1200
266310,Cyber Dragon (Secret Rare),Cyber Dragon Secret Rare,https://tcgplayer-cdn.tcgplayer.com/product/266310_200w.jpg,2,2970,https://cpt.tcgcsv.com/dx83,2022-04-26T13:02:46.173,1,"If your opponent controls a monster and you control no monsters, you can Special Summon this card (from your hand).",,1.02,2.09,10.0,1.58,2.28,1st Edition,SGX1-ENG01,Secret Rare,Effect Monster,LIGHT,Machine,2100,1600
266311,Ritual Weapon,Ritual Weapon,https://tcgplayer-cdn.tcgplayer.com/product/266311_200w.jpg,2,2970,https://cpt.tcgcsv.com/fx83,2022-04-01T04:03:13.133,1,Equip only to a Level 6 or lower Ritual Monster. The equipped monster gains 1500 ATK and DEF.,,0.05,0.2,1.49,0.14,,1st Edition,SGX1-ENE14,Common,Equip Spell,SPELL,,0,0
266312,Cyber End Dragon (Secret Rare),Cyber End Dragon Secret Rare,https://tcgplayer-cdn.tcgplayer.com/product/266312_200w.jpg,2,2970,https://cpt.tcgcsv.com/gx83,2022-04-26T13:02:52.65,1,"""Cyber Dragon"" + ""Cyber Dragon"" + ""Cyber Dragon""<br>A Fusion Summon of this card can only be conducted with the above Fusion Material Monsters. During battle between this card and a Defense Position monster whose DEF is lower than the ATK of this card, inflict the difference as Battle Damage to your opponent's Life Points.""",,0.39,0.99,5.0,0.58,2.12,1st Edition,SGX1-ENG21,Secret Rare,Fusion/Effect Monster,LIGHT,Machine,4000,2800
266313,Volcanic Doomfire (Secret Rare),Volcanic Doomfire Secret Rare,https://tcgplayer-cdn.tcgplayer.com/product/266313_200w.jpg,2,2970,https://cpt.tcgcsv.com/hx83,2022-04-26T13:15:40.83,1,"This card cannot be Normal Summoned or Set. This card can only be Special Summoned by sending 1 face-up ""Tri-Blaze Accelerator"" you control to the Graveyard. During your opponent's Battle Phase, your opponent must attack this monster with any Attack Position monsters they control. When this card destroys a monster and sends it to the Graveyard, destroy all monsters your opponent controls and inflict 500 damage to your opponent for each monster destroyed by this effect.",,0.22,0.5,3.99,0.37,0.22,1st Edition,SGX1-ENH01,Secret Rare,Effect Monster,FIRE,Pyro,3000,1800
266314,Machine Angel Ritual,Machine Angel Ritual,https://tcgplayer-cdn.tcgplayer.com/product/266314_200w.jpg,2,2970,https://cpt.tcgcsv.com/jx83,2022-04-01T04:03:13.133,1,"This card can be used to Ritual Summon any ""Cyber Angel"" Ritual Monster. You must also Tribute monsters from your hand or field whose total Levels equal or exceed the Level of the Ritual Monster you Ritual Summon. If a LIGHT monster(s) you control would be destroyed by battle or card effect while this card is in your Graveyard, you can banish this card instead.",,0.07,0.2,1.49,0.17,,1st Edition,SGX1-ENE15,Common,Ritual Spell,SPELL,,,
266315,Volcanic Rocket (Secret Rare),Volcanic Rocket Secret Rare,https://tcgplayer-cdn.tcgplayer.com/product/266315_200w.jpg,2,2970,https://cpt.tcgcsv.com/kx83,2022-04-26T13:15:52.92,1,"When this card is Summoned: You can add 1 ""Blaze Accelerator"" card from your Deck or Graveyard to your hand.",,0.45,1.17,4.99,0.86,3.01,1st Edition,SGX1-ENH10,Secret Rare,Effect Monster,FIRE,Pyro,1900,1400
266316,Berserk Scales,Berserk Scales,https://tcgplayer-cdn.tcgplayer.com/product/266316_200w.jpg,2,2970,https://cpt.tcgcsv.com/lx83,2022-04-01T04:03:13.133,1,"Target 1 face-up mosnter you control (except a monster that is attacking directly): It gains 1000 ATK but cannot attack your opponent directly for the rest of this turn, and in the End Phase of this turn, it loses 2000 ATK.",,0.02,0.2,1.49,0.14,,1st Edition,SGX1-ENE16,Common,Normal Spell,SPELL,,0,0
266317,Cyber Blader (Secret Rare),Cyber Blader Secret Rare,https://tcgplayer-cdn.tcgplayer.com/product/266317_200w.jpg,2,2970,https://cpt.tcgcsv.com/mx83,2022-04-26T13:02:38.567,1,"""Etoile Cyber"" + ""Blade Skater""  
<br>A Fusion Summon of this card can only be conducted with the above Fusion Material Monsters. While your opponent controls only 1 monster, this card is not destroyed as a result of battle. While your opponent controls only 2 monsters, double the ATK of this card. While your opponent controls only 3 monsters, this card negates the effects of your opponent's Spell, Trap, and Effect Monster Cards.",,0.1,0.5,3.99,0.17,,1st Edition,SGX1-ENE21,Secret Rare,Fusion/Effect Monster,EARTH,Warrior,2100,800
266318,Cosmic Cyclone,Cosmic Cyclone,https://tcgplayer-cdn.tcgplayer.com/product/266318_200w.jpg,2,2970,https://cpt.tcgcsv.com/nx83,2022-04-01T04:03:13.133,1,"Pay 1000 LP, then target 1 Spell/Trap on the field; banish it.",,0.1,0.26,25.0,0.25,,1st Edition,SGX1-ENE17,Common,Quick-Play Spell,SPELL,,,
266319,Hallowed Life Barrier,Hallowed Life Barrier,https://tcgplayer-cdn.tcgplayer.com/product/266319_200w.jpg,2,2970,https://cpt.tcgcsv.com/px83,2022-04-01T04:03:13.133,1,"Discard 1 card from your hand. This turn, any damage you take from your opponent's cards and effects becomes 0.",,0.05,0.22,1.49,0.15,,1st Edition,SGX1-ENE18,Common,Normal Trap,TRAP,,0,0
266320,Doble Passe,Doble Passe,https://tcgplayer-cdn.tcgplayer.com/product/266320_200w.jpg,2,2970,https://cpt.tcgcsv.com/qx83,2022-04-01T04:03:13.133,1,"When an opponent's monster declares an attack on a face-up Attack Position monster you control: Make your opponent's attack a direct attack instead and inflict damage to your opponent equal to the ATK of the attack target you control. Also, that monster you control can attack your opponent directly during your next turn.",,0.04,0.2,1.49,0.1,,1st Edition,SGX1-ENE19,Common,Normal Trap,TRAP,,,
266321,Jar of Avarice,Jar of Avarice,https://tcgplayer-cdn.tcgplayer.com/product/266321_200w.jpg,2,2970,https://cpt.tcgcsv.com/rx83,2022-04-01T04:03:13.133,1,"Target 5 cards in your Graveyard, except ""Jar of Avarice""; shuffle all 5 into the Deck, then draw 1 card. You can only activate 1 ""Jar of Avarice"" per turn.",,0.15,0.25,1.49,0.23,,1st Edition,SGX1-ENE20,Common,Normal Trap,TRAP,,,
266322,Cyber Blader,Cyber Blader,https://tcgplayer-cdn.tcgplayer.com/product/266322_200w.jpg,2,2970,https://cpt.tcgcsv.com/sx83,2022-04-01T04:03:13.133,1,"""Etoile Cyber"" + ""Blade Skater""
A Fusion SUmmon of this card can only be conducted with the above Fusion Material Monsters. While your opponent controls only 1 monster, this card is not destroyed as a result of battle. While your opponent controls only 2 monsters, double the ATK of this card. While your opponent controls only 3 monsters, this card negates the effects of your opponent's Spell, Trap, and Effect Monster Cards.",,0.03,0.23,1.49,0.1,,1st Edition,SGX1-ENE21,Common,Fusion/Effect Monster,EARTH,Warrior,2100,800
266323,Hourglass of Life,Hourglass of Life,https://tcgplayer-cdn.tcgplayer.com/product/266323_200w.jpg,2,2970,https://cpt.tcgcsv.com/tx83,2022-04-01T04:03:13.133,1,,,0.03,0.2,1.49,0.14,,1st Edition,SGX1-ENI01,Common,Normal Monster,EARTH,Fairy,700,600
266324,Big Koala,Big Koala,https://tcgplayer-cdn.tcgplayer.com/product/266324_200w.jpg,2,2970,https://cpt.tcgcsv.com/vx83,2022-04-01T04:03:13.133,1,"A species of huge Des Koala. He''s meek, but people are afraid of him because he''s very powerful.",,0.01,0.25,1.49,0.11,,1st Edition,SGX1-ENI02,Common,Normal Monster,EARTH,Beast,2700,2000
266325,Mokey Mokey,Mokey Mokey,https://tcgplayer-cdn.tcgplayer.com/product/266325_200w.jpg,2,2970,https://cpt.tcgcsv.com/wx83,2022-04-01T04:03:13.133,1,An outcast angel. Nobody knows what he is thinking at all. Sometimes he gets mad and that is dreadful.,,0.1,0.3,1.49,0.24,,1st Edition,SGX1-ENI03,Common,Normal Monster,LIGHT,Fairy,300,100
266326,Don Zaloog,Don Zaloog,https://tcgplayer-cdn.tcgplayer.com/product/266326_200w.jpg,2,2970,https://cpt.tcgcsv.com/xx83,2022-04-01T04:03:13.133,1,"When this card inflicts Battle Damage to your opponent, you can either: // * Discard 1 random card from your opponent's hand. OR // * Send the top 2 cards of your opponent's Deck to the Graveyard.",,0.24,0.45,2.48,0.38,,1st Edition,SGX1-ENI04,Common,Effect Monster,DARK,Warrior,1400,1500
266327,Apprentice Magician,Apprentice Magician,https://tcgplayer-cdn.tcgplayer.com/product/266327_200w.jpg,2,2970,https://cpt.tcgcsv.com/zx83,2022-04-01T04:03:13.133,1,If this card is Special Summoned: Target 1 face-up card on the field that you can place a Spell Counter on; place 1 Spell Counter on that target. If this card is destroyed by battle: you can Special Summon 1 Level 2 or lower Spellcaster monster from your Deck in face-down Defense Position.,,0.09,0.25,3.99,0.16,,1st Edition,SGX1-ENI05,Common,Effect Monster,DARK,Spellcaster,400,800
266328,Des Kangaroo,Des Kangaroo,https://tcgplayer-cdn.tcgplayer.com/product/266328_200w.jpg,2,2970,https://cpt.tcgcsv.com/Bx83,2022-04-01T04:03:13.133,1,"When the ATK of a monster that attacks this monster is lower than the DEF of this monster, destroy the attacking monster. Damage calculations is applied normally.",,0.07,0.25,1.49,0.29,,1st Edition,SGX1-ENI06,Common,Effect Monster,DARK,Beast,1500,1700
266329,Gyroid,Gyroid,https://tcgplayer-cdn.tcgplayer.com/product/266329_200w.jpg,2,2970,https://cpt.tcgcsv.com/Cx83,2022-04-01T04:03:13.133,1,"Once per turn, this card cannot be destroyed by battle.",,0.02,0.24,1.49,0.24,,1st Edition,SGX1-ENI07,Common,Effect Monster,WIND,Machine,1000,1000
266330,Hydrogeddon,Hydrogeddon,https://tcgplayer-cdn.tcgplayer.com/product/266330_200w.jpg,2,2970,https://cpt.tcgcsv.com/Dx83,2022-04-01T04:03:13.133,1,"When this card destroys an opponent's monster by battle and sends it to the Graveyard, you can Special Summon 1 ""Hydrogeddon"" from your Deck.",,0.05,0.24,1.49,0.1,,1st Edition,SGX1-ENI08,Common,Effect Monster,WATER,Dinosaur,1600,1000
266331,Rainbow Dark Dragon,Rainbow Dark Dragon,https://tcgplayer-cdn.tcgplayer.com/product/266331_200w.jpg,2,2970,https://cpt.tcgcsv.com/Fx83,2022-04-01T04:03:13.133,1,"(This card is always treated as an ""Ultimate Crystal"" card.)
<br>Cannot be Normal Summoned/Set. Must be Special Summoned (from your hand) by banishing 7 DARK monsters with different names from your GY. You can banish all other DARK monsters from your field and GY; this card gains 500 ATK for each card banished this way.",,0.06,0.25,1.49,0.09,,1st Edition,SGX1-ENI09,Common,Effect Monster,DARK,Dragon,4000,0
266332,Black Brachios,Black Brachios,https://tcgplayer-cdn.tcgplayer.com/product/266332_200w.jpg,2,2970,https://cpt.tcgcsv.com/Gx83,2022-04-01T04:03:13.133,1,When this card is Normal Summoned: You can target 1 monster on the field; change that target to face-up Defense Position.,,0.04,0.2,1.49,0.12,,1st Edition,SGX1-ENI10,Common,Effect Monster,EARTH,Dinosaur,1800,1100
266333,Toon Ancient Gear Golem,Toon Ancient Gear Golem,https://tcgplayer-cdn.tcgplayer.com/product/266333_200w.jpg,2,2970,https://cpt.tcgcsv.com/Hx83,2022-04-01T04:03:13.133,1,"Cannot attack the turn it is Summoned. While you control ""Toon World"" and your opponent controls no Toon monsters, this card can attack your opponent directly. If this card attacks a Defense Position monster, inflict piercing battle damage to your opponent. If this card attacks, your opponent cannot activate any Spell/Trap until the end of the Damage Step.",,0.13,0.25,1.49,0.15,,1st Edition,SGX1-ENI11,Common,Toon/Effect Monster,EARTH,Machine,3000,3000
266334,Sphere Kuriboh,Sphere Kuriboh,https://tcgplayer-cdn.tcgplayer.com/product/266334_200w.jpg,2,2970,https://cpt.tcgcsv.com/Jx83,2022-04-01T04:03:13.133,1,"When an opponent's monster declares an attack: You can send this card from your hand to the GY; change the attacking monster to Defense Position. When you Ritual Summon, you can banish this card from your GY as 1 of the monsters required for the Ritual Summon.",,0.14,0.25,1.49,0.18,,1st Edition,SGX1-ENI12,Common,Effect Monster,DARK,Fiend,300,200
266335,Master of Oz,Master of Oz,https://tcgplayer-cdn.tcgplayer.com/product/266335_200w.jpg,2,2970,https://cpt.tcgcsv.com/Kx83,2022-04-01T04:03:13.133,1,"""Big Koala"" + ""Des Kangaroo""",,0.14,0.48,1.98,0.32,,1st Edition,SGX1-ENI13,Common,Fusion Monster,EARTH,Beast,4200,3700
266336,VWXYZ-Dragon Catapult Cannon,VWXYZ Dragon Catapult Cannon,https://tcgplayer-cdn.tcgplayer.com/product/266336_200w.jpg,2,2970,https://cpt.tcgcsv.com/Lx83,2022-04-01T04:03:13.133,1,"""VW-Tiger Catapult"" + ""XYZ-Dragon Cannon""
<br>This card can only be Special Summoned from your Extra Deck by removing from play the above cards you control. (You do not use ""Polymerization""). Once per turn, remove from play 1 card your opponent controls. When this card attacks, you can change the battle position of the attack target. (Flip Effects are not activated at this time.)",,0.05,0.25,1.49,0.15,,1st Edition,SGX1-ENI14,Common,Fusion/Effect Monster,LIGHT,Machine,3000,2800
266337,Book of Moon,Book of Moon,https://tcgplayer-cdn.tcgplayer.com/product/266337_200w.jpg,2,2970,https://cpt.tcgcsv.com/Mx83,2022-04-01T04:03:13.133,1,Target 1 face-up monster on the field; change that target to face-down Defense Position.,,0.1,0.39,3.49,0.25,,1st Edition,SGX1-ENI15,Common,Normal Spell,SPELL,,,
266338,Fusion Weapon,Fusion Weapon,https://tcgplayer-cdn.tcgplayer.com/product/266338_200w.jpg,2,2970,https://cpt.tcgcsv.com/Nx83,2022-04-01T04:03:13.133,1,This card can only be equipped to a Fusion Monster of Level 6 or less. Increase the ATK and DEF of the equipped monster by 1500 points,,0.03,0.24,1.49,0.15,,1st Edition,SGX1-ENI16,Common,Normal Spell,SPELL,,0,0
266339,Mokey Mokey Smackdown,Mokey Mokey Smackdown,https://tcgplayer-cdn.tcgplayer.com/product/266339_200w.jpg,2,2970,https://cpt.tcgcsv.com/Px83,2022-04-01T04:03:13.133,1,"While a face-up ""Mokey Mokey"" is on your side of the field, if a Fairy-Type monster on your side of the field is destroyed, the ATK of each ""Mokey Mokey"" on your side of the field becomes 3000 until the end of this turn.",,0.03,0.23,1.49,0.14,,1st Edition,SGX1-ENI17,Common,Continuous Spell,SPELL,,0,0
266340,Crystal Beacon,Crystal Beacon,https://tcgplayer-cdn.tcgplayer.com/product/266340_200w.jpg,2,2970,https://cpt.tcgcsv.com/Qx83,2022-04-01T04:03:13.133,1,"If there are 2 or more Crystal Beast cards in your Spell & Trap Card Zone, Special Summon 1 Crystal Beast monster from your Deck.",,0.02,0.21,1.49,0.08,,1st Edition,SGX1-ENI18,Common,Normal Spell,SPELL,,0,0
266341,Ojama Country,Ojama Country,https://tcgplayer-cdn.tcgplayer.com/product/266341_200w.jpg,2,2970,https://cpt.tcgcsv.com/Rx83,2022-04-01T04:03:13.133,1,"Once per turn, by sending 1 Ojama card from your hand to the Graveyard, Special Summon 1 Ojama monster from your Graveyard. If you control a face-up Ojama monster, switch the Original ATK and DEF of all face-up monsters on the field.",,0.16,0.3,0.98,0.26,,1st Edition,SGX1-ENI19,Common,Normal Spell,SPELL,,0,0
266342,Advanced Dark,Advanced Dark,https://tcgplayer-cdn.tcgplayer.com/product/266342_200w.jpg,2,2970,https://cpt.tcgcsv.com/Sx83,2022-04-01T04:03:13.133,1,"All ""Crystal Beast"" monsters on the field and in the GY become DARK. If an ""Ultimate Crystal"" monster attacks, negate the effects of the attack target during that Battle Phase. During damage calculation, if a ""Crystal Beast"" monster you control battles and you would take damage: You can send 1 ""Crystal Beast"" monster from your Deck to the GY; you take no battle damage from that battle.",,0.04,0.2,1.49,0.1,,1st Edition,SGX1-ENI20,Common,Field Spell,SPELL,,,
266343,Rising Energy,Rising Energy,https://tcgplayer-cdn.tcgplayer.com/product/266343_200w.jpg,2,2970,https://cpt.tcgcsv.com/Tx83,2022-04-01T04:03:13.133,1,"Discard 1 card, then target 1 face-up monster on the field; that target gains 1500 ATK until the End Phase.",,0.04,0.24,1.49,0.1,,1st Edition,SGX1-ENI21,Common,Normal Trap,TRAP,,,
266344,Justi-Break,Justi Break,https://tcgplayer-cdn.tcgplayer.com/product/266344_200w.jpg,2,2970,https://cpt.tcgcsv.com/Vx83,2022-04-01T04:03:13.133,1,"Activate only when your opponent declares an attack against a face-up Normal Monster you control. Destroy all monsters on the field, except face-up Attack Position Normal Monsters.",,0.04,0.25,1.49,0.18,,1st Edition,SGX1-ENI22,Common,Normal Trap,TRAP,,0,0
266345,Floodgate Trap Hole,Floodgate Trap Hole,https://tcgplayer-cdn.tcgplayer.com/product/266345_200w.jpg,2,2970,https://cpt.tcgcsv.com/Wx83,2022-04-01T04:03:13.133,1,When your opponent Summons a monster(s): Change that monster(s) to face-down Defense Position. Monsters changed to face-down Defense Position by this effect cannot change their battle positions.,,0.05,0.26,1.65,0.18,,1st Edition,SGX1-ENI23,Common,Normal Trap,TRAP,,,
266346,Don Zaloog (Secret Rare),Don Zaloog Secret Rare,https://tcgplayer-cdn.tcgplayer.com/product/266346_200w.jpg,2,2970,https://cpt.tcgcsv.com/Xx83,2022-04-26T13:13:36.42,1,"When this card inflicts Battle Damage to your opponent, you can either: • Discard 1 random card from your opponent's hand. OR • Send the top 2 cards of your opponent's Deck to the Graveyard.",,0.77,1.3,3.99,1.23,,1st Edition,SGX1-ENI04,Secret Rare,Effect Monster,DARK,Warrior,1400,1500
266347,Apprentice Magician (Secret Rare),Apprentice Magician Secret Rare,https://tcgplayer-cdn.tcgplayer.com/product/266347_200w.jpg,2,2970,https://cpt.tcgcsv.com/Zx83,2022-04-26T12:57:42.153,1,If this card is Special Summoned: Target 1 face-up card on the field that you can place a Spell Counter on; place 1 Spell Counter on that target. If this card is destroyed by battle: you can Special Summon 1 Level 2 or lower Spellcaster monster from your Deck in face-down Defense Position.,,0.22,0.69,3.99,0.38,,1st Edition,SGX1-ENI05,Secret Rare,Effect Monster,DARK,Spellcaster,400,800
266348,Hydrogeddon (Secret Rare),Hydrogeddon Secret Rare,https://tcgplayer-cdn.tcgplayer.com/product/266348_200w.jpg,2,2970,https://cpt.tcgcsv.com/-x83,2022-04-26T13:14:14.897,1,"When this card destroys an opponent's monster by battle and sends it to the Graveyard, you can Special Summon 1 ""Hydrogeddon"" from your Deck.",,0.19,0.45,3.99,0.31,,1st Edition,SGX1-ENI08,Secret Rare,Effect Monster,WATER,Dinosaur,1600,1000
266349,Sphere Kuriboh (Secret Rare),Sphere Kuriboh Secret Rare,https://tcgplayer-cdn.tcgplayer.com/product/266349_200w.jpg,2,2970,https://cpt.tcgcsv.com/_x83,2022-04-26T13:14:54.78,1,"When an opponent's monster declares an attack: You can send this card from your hand to the GY; change the attacking monster to Defense Position. When you Ritual Summon, you can banish this card from your GY as 1 of the monsters required for the Ritual Summon.",,0.35,0.83,5.99,0.54,,1st Edition,SGX1-ENI12,Secret Rare,Effect Monster,DARK,Fiend,300,200
266350,Book of Moon (Secret Rare),Book of Moon Secret Rare,https://tcgplayer-cdn.tcgplayer.com/product/266350_200w.jpg,2,2970,https://cpt.tcgcsv.com/0z83,2022-04-26T13:02:11.127,1,Target 1 face-up monster on the field; change that target to face-down Defense Position.,,0.38,1.0,9.99,0.78,1.47,1st Edition,SGX1-ENI15,Secret Rare,Normal Spell,SPELL,,,
266351,Floodgate Trap Hole (Secret Rare),Floodgate Trap Hole Secret Rare,https://tcgplayer-cdn.tcgplayer.com/product/266351_200w.jpg,2,2970,https://cpt.tcgcsv.com/2z83,2022-04-26T13:14:02.83,1,When your opponent Summons a monster(s): Change that monster(s) to face-down Defense Position. Monsters changed to face-down Defense Position by this effect cannot change their battle positions.,,0.45,0.76,4.42,0.54,,1st Edition,SGX1-ENI23,Secret Rare,Normal Trap,TRAP,,,
