productId,name,cleanName,imageUrl,categoryId,groupId,url,modifiedOn,imageCount,extDescription,extUPC,lowPrice,midPrice,highPrice,marketPrice,directLowPrice,subTypeName,extNumber,extRarity,extCardType,extAttribute,extMonsterType,extAttack,extDefense
488605,Speed Duel: Streets of Battle City Box,Speed Duel Streets of Battle City Box,https://tcgplayer-cdn.tcgplayer.com/product/488605_200w.jpg,2,23073,https://cpt.tcgcsv.com/7sW5,2023-08-25T04:03:09.797,1,"Each <em>Speed Duel: Streets of Battle City</em> box contains a grand total of 228 cards, all usable in Speed Duel:
<br>• 200 Commons
<br>• 20 Skill Cards
<br>• 8 (of 24) Secret Rares
<br>• 2 of the 8 Secret Rares in every box will be Slifer the Sky Dragon and Arkana’s Dark Magician.
<br>• 4 Deluxe 2-Player Game Mats featuring Yami Yugi and Arkana",083717861690,24.88,34.0,42.94,26.19,,Normal,,,,,,,
512165,Ultimate Wizardry,Ultimate Wizardry,https://tcgplayer-cdn.tcgplayer.com/product/512165_200w.jpg,2,23073,https://cpt.tcgcsv.com/kT66,2023-08-25T04:03:09.797,1,"When you activate this Skill, place up to 1 Spell Counter on each face-up Spellcaster monster you control that you can place a Spell Counter on. Once per turn, during your Main Phase, you can place 1 Spell Counter on a face-up Spellcaster monster you control that you can place a Spell Counter on.",,0.05,0.16,0.99,0.16,,1st Edition,SBC1-ENS01,Common,Skill,,,,
512166,Iron Grit,Iron Grit,https://tcgplayer-cdn.tcgplayer.com/product/512166_200w.jpg,2,23073,https://cpt.tcgcsv.com/lT66,2023-08-25T04:03:09.797,1,"""Gearfried the Iron Knight(s)"" you control are unaffected by card effects.",,0.05,0.17,0.99,0.14,,1st Edition,SBC1-ENS02,Common,Skill,,,,
512168,Whale of a Tale,Whale of a Tale,https://tcgplayer-cdn.tcgplayer.com/product/512168_200w.jpg,2,23073,https://cpt.tcgcsv.com/nT66,2023-08-25T04:03:09.797,1,"Discard 1 card from your hand and add 1 ""Fortress Whale"" or ""Fortress Whale's Oath"" from your Deck to your hand. ""Fortress Whale"" monsters you control gain the following effect:
<br>• Your opponent cannot target face-up WATER monsters you control with Spell/Trap cards or effects.",,0.06,0.15,0.99,0.08,,1st Edition,SBC1-ENS03,Common,Skill,,,,
512169,Insect Infestation,Insect Infestation,https://tcgplayer-cdn.tcgplayer.com/product/512169_200w.jpg,2,23073,https://cpt.tcgcsv.com/pT66,2023-08-25T04:03:09.797,1,"""Parasite Paracide(s)"" on the field cannot be Tributed. If all monsters on the field are Insect monster(s), Level 7 or higher Insect monsters you control can attack directly. Once per Duel, you can discard 1 card, then place 1 ""Parasite Paracide"" from your GY on top of your opponent's Deck face-up. Treat it as if it were added to their Deck by its effect.",,0.08,0.18,0.99,0.14,,1st Edition,SBC1-ENS04,Common,Skill,,,,
512170,"Intel from the ""Cosmos""",Intel from the Cosmos,https://tcgplayer-cdn.tcgplayer.com/product/512170_200w.jpg,2,23073,https://cpt.tcgcsv.com/qT66,2023-08-25T04:03:09.797,1,Your opponent must reveal all cards they draw during their Draw Phase.,,0.04,0.15,0.99,0.07,,1st Edition,SBC1-ENS05,Common,Skill,,,,
512171,Stalked by the Rare Hunters,Stalked by the Rare Hunters,https://tcgplayer-cdn.tcgplayer.com/product/512171_200w.jpg,2,23073,https://cpt.tcgcsv.com/rT66,2023-08-25T04:03:09.797,1,"Once per Duel, during your End Phase, discard 1 card, then choose 1 monster in your opponent's GY that was destroyed and sent there this turn, and Set it on your field.",,0.05,0.18,0.99,0.21,,1st Edition,SBC1-ENS06,Common,Skill,,,,
512173,Now You See Them...,Now You See Them,https://tcgplayer-cdn.tcgplayer.com/product/512173_200w.jpg,2,23073,https://cpt.tcgcsv.com/tT66,2023-08-25T04:03:09.797,1,"Once per Duel, if you have 2 or more ""Dark Magician(s)"" in your hand, reveal your hand and place any number of ""Dark Magician(s)"" from your hand on the bottom of the Deck(s), then draw cards based on how many cards you placed.
<br>• 1: 1 card.
<br>• 2: 3 cards.
<br>• 3: 5 cards.",,0.07,0.18,0.99,0.21,,1st Edition,SBC1-ENS07,Common,Skill,,,,
512175,Slimey Slimes,Slimey Slimes,https://tcgplayer-cdn.tcgplayer.com/product/512175_200w.jpg,2,23073,https://cpt.tcgcsv.com/wT66,2023-08-25T04:03:09.797,1,"Once per turn, during your Main Phase, you can destroy 1 ""Jam Breeding Machine"" you control and 1 Spell/Trap your opponent controls. Once per turn, during your Standby Phase, if you Special Summoned ""Revival Jam"" by it's own effect this turn, draw 3 cards.",,0.07,0.15,0.99,0.13,,1st Edition,SBC1-ENS08,Common,Skill,,,,
512176,The Dragon Hunting Swordsman,The Dragon Hunting Swordsman,https://tcgplayer-cdn.tcgplayer.com/product/512176_200w.jpg,2,23073,https://cpt.tcgcsv.com/xT66,2023-08-25T04:03:09.797,1,"Once per Duel, you can discard 1 card, then Fusion Summon 1 Fusion Monster that mentions ""Buster Blader"", using monsters from your hand or field as material. While the only monster you control is ""Buster Blader"" or a Fusion Monster that mentions it, monsters in your opponent's GY become Dragons.",,0.07,0.17,0.99,0.16,,1st Edition,SBC1-ENS09,Common,Skill,,,,
512177,Heart of a Warrior,Heart of a Warrior,https://tcgplayer-cdn.tcgplayer.com/product/512177_200w.jpg,2,23073,https://cpt.tcgcsv.com/zT66,2023-08-25T04:03:09.797,1,"Once per turn, you can discard 1 card, then Special Summon 1 Level 5 or lower Warrior non-Effect Fusion Monster from your Extra Deck. (This is treated as a Fusion Summon.) You cannot Normal Summon/Set the turn you activate this Skill.",,0.06,0.16,0.99,0.13,,1st Edition,SBC1-ENS10,Common,Skill,,,,
512179,A Bountiful Ocean,A Bountiful Ocean,https://tcgplayer-cdn.tcgplayer.com/product/512179_200w.jpg,2,23073,https://cpt.tcgcsv.com/CT66,2023-08-25T04:03:09.797,1,"While ""Umi"" is face-up on the field, apply the following:
<br>• Non-Effect WATER monsters you control are unaffected by non-WATER monster effects.
<br>• Once per turn, you can add 1 WATER monster from your GY to your hand, but for the rest of this turn, you cannot activate cards or effects, until you Normal Summon that monster or a card with its name.",,0.07,0.16,0.99,0.08,,1st Edition,SBC1-ENS11,Common,Skill,,,,
512180,My Precious Queen!,My Precious Queen,https://tcgplayer-cdn.tcgplayer.com/product/512180_200w.jpg,2,23073,https://cpt.tcgcsv.com/DT66,2023-08-25T04:03:09.797,1,"You can Normal Summon Level 7 Insect monsters for 1 less Tribute. Once per turn, during the End Phase, you can Special Summon 1 ""Insect Monster Token"" (Insect/EARTH/Level 1/ATK 100/DEF 100). This Token cannot be Tributed, except for the Tribute Summon of an Insect monster or their effects. You can Tribute 1 Insect monster from your hand instead, when attacking with ""Insect Queen"" monsters you control.",,0.07,0.18,0.99,0.1,,1st Edition,SBC1-ENS12,Common,Skill,,,,
512181,The Machine Menace,The Machine Menace,https://tcgplayer-cdn.tcgplayer.com/product/512181_200w.jpg,2,23073,https://cpt.tcgcsv.com/FT66,2023-08-25T04:03:09.797,1,"Once per Duel, if your opponent controls a face-up Trap, Tribute 1 Machine or Psychic monster you control, then Special Summon 1 ""Jinzo"" from your hand or GY.",,0.07,0.15,0.99,0.09,,1st Edition,SBC1-ENS13,Common,Skill,,,,
512182,Collector,Collector,https://tcgplayer-cdn.tcgplayer.com/product/512182_200w.jpg,2,23073,https://cpt.tcgcsv.com/GT66,2023-08-25T04:03:09.797,1,"Once per Duel, if your opponent controls a monster, discard 2 cards with different card types (Monster, Spell, Trap) then add 1 card from your Deck to your hand of the third type.",,0.07,0.19,0.99,0.16,,1st Edition,SBC1-ENS14,Common,Skill,,,,
512183,A Terrible Fate,A Terrible Fate,https://tcgplayer-cdn.tcgplayer.com/product/512183_200w.jpg,2,23073,https://cpt.tcgcsv.com/HT66,2023-08-25T04:03:09.797,1,"Once per Duel, during your End Phase, Tribute 1 face-up Spellcaster monster you control, then your opponent destroys 1 card they control or sends 1 card from their hand to the GY (their choice).",,0.07,0.15,0.89,0.14,,1st Edition,SBC1-ENS15,Common,Skill,,,,
512185,Slimey Disposition,Slimey Disposition,https://tcgplayer-cdn.tcgplayer.com/product/512185_200w.jpg,2,23073,https://cpt.tcgcsv.com/KT66,2023-08-25T04:03:09.797,1,"Once per turn, you can Special Summon 1 ""Humanoid Slime"" or 1 ""Worm Drake"" from your GY in Attack Position, but it cannot be Tributed, except for the Tribute Summon of a Divine-Beast monster. Once per turn, you can discard 1 card, then Fusion Summon 1 ""Humanoid Worm Drake"" using either ""Worm Drake"" or ""Humanoid Slime"" from your field as 1 of the Fusion Materials, and the other material from your Deck.",,0.06,0.15,0.99,0.1,,1st Edition,SBC1-ENS16,Common,Skill,,,,
512187,Malicious Motivation,Malicious Motivation,https://tcgplayer-cdn.tcgplayer.com/product/512187_200w.jpg,2,23073,https://cpt.tcgcsv.com/MT66,2023-08-25T04:03:09.797,1,"Once per Duel, if your opponent controls 3 monsters, discard 1 card, then destroy all monsters your opponent controls, also for the rest of this turn, any damage your opponent takes is halved.",,0.07,0.17,0.99,0.15,,1st Edition,SBC1-ENS17,Common,Skill,,,,
512188,KaibaCorp Research,KaibaCorp Research,https://tcgplayer-cdn.tcgplayer.com/product/512188_200w.jpg,2,23073,https://cpt.tcgcsv.com/NT66,2023-08-25T04:03:09.797,1,"Once per Duel, shuffle 1 monster from your GY into the Main Deck, then send 1 card from your hand to the GY. During your next Draw Phase, draw 2 cards instead of 1.",,0.07,0.2,0.99,0.22,,1st Edition,SBC1-ENS18,Common,Skill,,,,
512189,Battle City Siren,Battle City Siren,https://tcgplayer-cdn.tcgplayer.com/product/512189_200w.jpg,2,23073,https://cpt.tcgcsv.com/PT66,2023-08-25T04:03:09.797,1,"Once per turn, during your Main Phase, you can change the battle position of 1 monster your opponent controls. This turn, the first attack you declare must target that monster. This Skill can only be used twice per Duel.",,0.07,0.18,0.99,0.13,,1st Edition,SBC1-ENS19,Common,Skill,,,,
512191,Premature Material,Premature Material,https://tcgplayer-cdn.tcgplayer.com/product/512191_200w.jpg,2,23073,https://cpt.tcgcsv.com/RT66,2023-08-25T04:03:09.797,1,"Once per Duel, lose 800 LP and reveal 1 Fusion Monster in your Extra Deck, then Special Summon 1 Normal Monster from your GY whose name is mentioned on that Fusion Monster as material, but its ATK/DEF become 0.",,0.06,0.15,0.99,0.07,,1st Edition,SBC1-ENS20,Common,Skill,,,,
512195,Dark Magician (A),Dark Magician A,https://tcgplayer-cdn.tcgplayer.com/product/512195_200w.jpg,2,23073,https://cpt.tcgcsv.com/WT66,2023-08-25T04:03:09.797,1,<em>The ultimate wizard in terms of attack and defense.</em>,,0.38,0.75,4.94,0.59,,1st Edition,SBC1-ENA01,Common,Normal Monster,DARK,Spellcaster,2500,2100
512196,Dark Magician (A) (Secret Rare),Dark Magician A Secret Rare,https://tcgplayer-cdn.tcgplayer.com/product/512196_200w.jpg,2,23073,https://cpt.tcgcsv.com/XT66,2023-08-28T16:48:42.16,1,<em>The ultimate wizard in terms of attack and defense.</em>,,8.99,13.64,29.99,8.68,29.99,1st Edition,SBC1-ENA01,Secret Rare,Normal Monster,DARK,Spellcaster,2500,2100
512197,Skilled Dark Magician,Skilled Dark Magician,https://tcgplayer-cdn.tcgplayer.com/product/512197_200w.jpg,2,23073,https://cpt.tcgcsv.com/ZT66,2023-08-25T04:03:09.797,1,"Each time a Spell Card is activated, place 1 Spell Counter on this card when that Spell resolves (max 3). You can Tribute this card with 3 Spell Counters on it; Special Summon 1 ""Dark Magician"" from your hand, Deck, or GY.",,0.19,0.3,1.0,0.31,,1st Edition,SBC1-ENA02,Common,Effect Monster,DARK,Spellcaster,1900,1700
512198,Alchemist of Black Spells,Alchemist of Black Spells,https://tcgplayer-cdn.tcgplayer.com/product/512198_200w.jpg,2,23073,https://cpt.tcgcsv.com/-T66,2023-08-25T04:03:09.797,1,"Once per turn, you can change this face-up Attack Position card you control to face-up Defense Position and place a Spell Counter on a face-up card you control that you can place a Spell Counter on.",,0.12,0.2,0.94,0.2,,1st Edition,SBC1-ENA03,Common,Effect Monster,WIND,Spellcaster,1200,1800
512203,Blast Magician,Blast Magician,https://tcgplayer-cdn.tcgplayer.com/product/512203_200w.jpg,2,23073,https://cpt.tcgcsv.com/5V66,2023-08-25T04:03:09.797,1,"Each time a Spell Card is activated, place 1 Spell Counter on this card when that Spell Card resolves. You can remove any number of Spell Counters from this card, then target 1 face-up monster on the field with ATK less than or equal to the number of counters you removed x 700; destroy that target.",,0.09,0.2,0.94,0.17,,1st Edition,SBC1-ENA04,Common,Effect Monster,FIRE,Spellcaster,1400,1700
512206,Dark Magician Girl,Dark Magician Girl,https://tcgplayer-cdn.tcgplayer.com/product/512206_200w.jpg,2,23073,https://cpt.tcgcsv.com/8V66,2023-08-25T04:03:09.797,1,"Gains 300 ATK for every ""Dark Magician"" or ""Magician of Black Chaos"" in the GYs.",,0.25,0.48,1.1,0.35,,1st Edition,SBC1-ENA05,Common,Effect Monster,DARK,Spellcaster,2000,1700
512207,Dark Magician Girl (Secret Rare),Dark Magician Girl Secret Rare,https://tcgplayer-cdn.tcgplayer.com/product/512207_200w.jpg,2,23073,https://cpt.tcgcsv.com/9V66,2023-08-28T16:48:54.013,1,"Gains 300 ATK for every ""Dark Magician"" or ""Magician of Black Chaos"" in the GYs.",,9.54,11.6,29.99,9.92,,1st Edition,SBC1-ENA05,Secret Rare,Effect Monster,DARK,Spellcaster,2000,1700
512209,Buster Blader,Buster Blader,https://tcgplayer-cdn.tcgplayer.com/product/512209_200w.jpg,2,23073,https://cpt.tcgcsv.com/cV66,2023-08-25T04:03:09.797,1,Gains 500 ATK for each Dragon monster your opponent controls or is in their GY.,,0.1,0.25,0.89,0.16,,1st Edition,SBC1-ENA06,Common,Effect Monster,EARTH,Warrior,2600,2300
512211,Skilled White Magician,Skilled White Magician,https://tcgplayer-cdn.tcgplayer.com/product/512211_200w.jpg,2,23073,https://cpt.tcgcsv.com/fV66,2023-08-25T04:03:09.797,1,"Each time a Spell Card is activated, place 1 Spell Counter on this card when that Spell Card resolves (max. 3). You can Tribute this card with 3 Spell Counters on it; Special Summon 1 ""Buster Blader"" from your hand, Deck, or GY.",,0.14,0.2,1.0,0.19,,1st Edition,SBC1-ENA07,Common,Effect Monster,LIGHT,Spellcaster,1700,1900
512213,Breaker the Magical Warrior,Breaker the Magical Warrior,https://tcgplayer-cdn.tcgplayer.com/product/512213_200w.jpg,2,23073,https://cpt.tcgcsv.com/hV66,2023-08-25T04:03:09.797,1,"If this card is Normal Summoned: Place 1 Spell Counter on it (max. 1). Gains 300 ATK for each Spell Counter on it. You can remove 1 Spell Counter from this card, then target 1 Spell/Trap on the field; destroy that target.",,0.39,0.45,1.95,0.44,,1st Edition,SBC1-ENA08,Common,Effect Monster,DARK,Spellcaster,1600,1000
512215,Apprentice Magician,Apprentice Magician,https://tcgplayer-cdn.tcgplayer.com/product/512215_200w.jpg,2,23073,https://cpt.tcgcsv.com/kV66,2023-08-25T04:03:09.797,1,If this card is Special Summoned: Target 1 face-up card on the field that you can place a Spell Counter on; place 1 Spell Counter on that target. If this card is destroyed by battle: you can Special Summon 1 Level 2 or lower Spellcaster monster from your Deck in face-down Defense Position.,,0.1,0.2,0.94,0.17,,1st Edition,SBC1-ENA09,Common,Effect Monster,DARK,Spellcaster,400,800
512217,Magician of Faith (A),Magician of Faith A,https://tcgplayer-cdn.tcgplayer.com/product/512217_200w.jpg,2,23073,https://cpt.tcgcsv.com/mV66,2023-08-25T04:03:09.797,1,FLIP: Target 1 Spell in your GY; add that target to your hand.,,0.18,0.25,1.0,0.25,,1st Edition,SBC1-ENA10,Common,Flip Monster,LIGHT,Spellcaster,300,400
512219,Old Vindictive Magician,Old Vindictive Magician,https://tcgplayer-cdn.tcgplayer.com/product/512219_200w.jpg,2,23073,https://cpt.tcgcsv.com/pV66,2023-08-25T04:03:09.797,1,FLIP: Target 1 monster your opponent controls; destroy that target.,,0.18,0.25,1.0,0.22,,1st Edition,SBC1-ENA11,Common,Flip/Effect Monster,DARK,Spellcaster,450,600
512221,Malice Dispersion,Malice Dispersion,https://tcgplayer-cdn.tcgplayer.com/product/512221_200w.jpg,2,23073,https://cpt.tcgcsv.com/rV66,2023-08-25T04:03:09.797,1,Discard 1 card from your hand. Destroy all face-up Continuous Trap Cards.,,0.03,0.15,0.99,0.09,,1st Edition,SBC1-ENA12,Common,Quick-Play Spell,SPELL,,,
512224,Mage Power,Mage Power,https://tcgplayer-cdn.tcgplayer.com/product/512224_200w.jpg,2,23073,https://cpt.tcgcsv.com/vV66,2023-08-25T04:03:09.797,1,The equipped monster gains 500 ATK/DEF for each Spell/Trap you control.,,0.13,0.24,0.89,0.21,,1st Edition,SBC1-ENA13,Common,Equip Spell,SPELL,,,
512226,Solitary Sword of Poison,Solitary Sword of Poison,https://tcgplayer-cdn.tcgplayer.com/product/512226_200w.jpg,2,23073,https://cpt.tcgcsv.com/xV66,2023-08-25T04:03:09.797,1,"Equip only to a monster you control. If the equipped monster battles an opponent's monster, the equipped monster's original ATK/DEF is doubled during damage calculation only. If you control a monster other than the equipped monster, send this card to the GY. You can only control 1 ""Solitary Sword of Poison"".",,0.07,0.19,0.99,0.22,,1st Edition,SBC1-ENA14,Common,Equip Spell,SPELL,,,
512228,Spell Power Grasp,Spell Power Grasp,https://tcgplayer-cdn.tcgplayer.com/product/512228_200w.jpg,2,23073,https://cpt.tcgcsv.com/BV66,2023-08-25T04:03:09.797,1,"Target 1 face-up card on the field that you can place a Spell Counter on; place 1 Spell Counter on that target, then you can add 1 ""Spell Power Grasp"" from your Deck to your hand. You can only activate 1 ""Spell Power Grasp"" per turn.",,0.09,0.15,0.99,0.12,,1st Edition,SBC1-ENA15,Common,Normal Spell,SPELL,,,
512229,Destruction Swordsman Fusion,Destruction Swordsman Fusion,https://tcgplayer-cdn.tcgplayer.com/product/512229_200w.jpg,2,23073,https://cpt.tcgcsv.com/CV66,2023-08-25T04:03:09.797,1,"Fusion Summon 1 Fusion Monster that lists ""Buster Blader"" as Material from your Extra Deck, using monsters from your hand or either side of the field as Fusion Materials. If this card is in your GY: You can send 1 card from your hand to the GY; add this card to your hand. You can only use each effect of ""Destruction Swordsman Fusion"" once per turn.",,0.18,0.25,0.89,0.2,,1st Edition,SBC1-ENA16,Common,Quick-Play Spell,SPELL,,,
512230,Miracle Restoring,Miracle Restoring,https://tcgplayer-cdn.tcgplayer.com/product/512230_200w.jpg,2,23073,https://cpt.tcgcsv.com/DV66,2023-08-25T04:03:09.797,1,"Remove 2 Spell Counters from your side of the field, then target 1 ""Dark Magician"" or ""Buster Blader"" in your Graveyard; Special Summon that target.",,0.05,0.16,0.99,0.12,,1st Edition,SBC1-ENA17,Common,Normal Trap,TRAP,,,
512231,Pitch-Black Power Stone,Pitch Black Power Stone,https://tcgplayer-cdn.tcgplayer.com/product/512231_200w.jpg,2,23073,https://cpt.tcgcsv.com/FV66,2023-08-25T04:03:09.797,1,"Activate this card by placing 3 Spell Counters on it. Once per turn, during your turn: You can target 1 other face-up card on the field that you can place a Spell Counter on; remove 1 Spell Counter from this card, and if you do, place 1 Spell Counter on that target. When the last Spell Counter(s) is removed from this card, destroy it.",,0.09,0.19,0.99,0.17,,1st Edition,SBC1-ENA18,Common,Continuous Trap,TRAP,,,
512233,Ready for Intercepting,Ready for Intercepting,https://tcgplayer-cdn.tcgplayer.com/product/512233_200w.jpg,2,23073,https://cpt.tcgcsv.com/HV66,2023-08-25T04:03:09.797,1,Target 1 Warrior or Spellcaster monster on the field; change that target to face-down Defense Position.,,0.05,0.16,0.94,0.1,,1st Edition,SBC1-ENA19,Common,Normal Trap,TRAP,,,
512234,Dark Paladin,Dark Paladin,https://tcgplayer-cdn.tcgplayer.com/product/512234_200w.jpg,2,23073,https://cpt.tcgcsv.com/JV66,2023-08-25T04:03:09.797,1,"""Dark Magician"" + ""Buster Blader""
<br>Must be Fusion Summoned. When a Spell Card is activated (Quick Effect): You can discard 1 card; negate the activation, and if you do, destroy it. This card must be face-up on the field to activate and to resolve this effect. Gains 500 ATK for each Dragon monster on the field and in the GY.",,0.27,0.56,1.0,0.37,,1st Edition,SBC1-ENA20,Common,Effect Fusion Monster,DARK,Spellcaster,2900,2400
512242,Gearfried the Iron Knight,Gearfried the Iron Knight,https://tcgplayer-cdn.tcgplayer.com/product/512242_200w.jpg,2,23073,https://cpt.tcgcsv.com/SV66,2023-08-25T04:03:09.797,1,If either player equips an Equip Card(s) to this card: Destroy that Equip Card(s).,,0.07,0.2,1.0,0.17,,1st Edition,SBC1-ENB01,Common,Effect Monster,EARTH,Warrior,1800,1600
512243,Gearfried the Iron Knight (Secret Rare),Gearfried the Iron Knight Secret Rare,https://tcgplayer-cdn.tcgplayer.com/product/512243_200w.jpg,2,23073,https://cpt.tcgcsv.com/TV66,2023-08-28T16:51:59.607,1,If either player equips an Equip Card(s) to this card: Destroy that Equip Card(s).,,0.5,1.21,2.0,1.13,,1st Edition,SBC1-ENB01,Secret Rare,Effect Monster,EARTH,Warrior,1800,1600
512244,Marauding Captain,Marauding Captain,https://tcgplayer-cdn.tcgplayer.com/product/512244_200w.jpg,2,23073,https://cpt.tcgcsv.com/VV66,2023-08-25T04:03:09.797,1,"Your opponent cannot target Warrior monsters for attacks, except this one. When this card is Normal Summoned: You can Special Summon 1 Level 4 or lower monster from your hand.",,0.1,0.21,0.94,0.16,,1st Edition,SBC1-ENB02,Common,Effect Monster,EARTH,Warrior,1200,400
512245,Marauding Captain (Secret Rare),Marauding Captain Secret Rare,https://tcgplayer-cdn.tcgplayer.com/product/512245_200w.jpg,2,23073,https://cpt.tcgcsv.com/WV66,2023-08-28T16:53:33.497,1,"Your opponent cannot target Warrior monsters for attacks, except this one. When this card is Normal Summoned: You can Special Summon 1 Level 4 or lower monster from your hand.",,0.63,1.0,9.95,0.75,,1st Edition,SBC1-ENB02,Secret Rare,Effect Monster,EARTH,Warrior,1200,400
512246,Time Wizard,Time Wizard,https://tcgplayer-cdn.tcgplayer.com/product/512246_200w.jpg,2,23073,https://cpt.tcgcsv.com/XV66,2023-08-25T04:03:09.797,1,"Once per turn: You can toss a coin and call it. If you call it right, destroy all monsters your opponent controls. If you call it wrong, destroy as many monsters you control as possible, and if you do, take damage equal to half the total ATK those destroyed monsters had while face-up on the field.",,0.15,0.3,1.46,0.29,,1st Edition,SBC1-ENB03,Common,Effect Monster,LIGHT,Spellcaster,500,400
512247,Rocket Warrior,Rocket Warrior,https://tcgplayer-cdn.tcgplayer.com/product/512247_200w.jpg,2,23073,https://cpt.tcgcsv.com/ZV66,2023-08-25T04:03:09.797,1,"During your Battle Phase, this card cannot be destroyed by battle and you take no battle damage from attacks involving this card. If this card attacks a monster, after damage calculation: That attack target loses 500 ATK until the end of this turn.",,0.09,0.22,1.53,0.15,,1st Edition,SBC1-ENB04,Common,Effect Monster,LIGHT,Warrior,1500,1300
512248,Little-Winguard,Little Winguard,https://tcgplayer-cdn.tcgplayer.com/product/512248_200w.jpg,2,23073,https://cpt.tcgcsv.com/-V66,2023-08-25T04:03:09.797,1,"Once per turn, during your End Phase: You can change the battle position of this card.",,0.09,0.2,0.89,0.11,,1st Edition,SBC1-ENB05,Common,Effect Monster,WIND,Warrior,1400,1800
512249,Command Knight,Command Knight,https://tcgplayer-cdn.tcgplayer.com/product/512249_200w.jpg,2,23073,https://cpt.tcgcsv.com/_V66,2023-08-25T04:03:09.797,1,"All Warrior monsters you control gain 400 ATK. If you control another monster, monsters your opponent controls cannot target this card for attacks.",,0.08,0.22,1.0,0.13,,1st Edition,SBC1-ENB06,Common,Effect Monster,FIRE,Warrior,1200,1900
512250,Freed the Matchless General,Freed the Matchless General,https://tcgplayer-cdn.tcgplayer.com/product/512250_200w.jpg,2,23073,https://cpt.tcgcsv.com/0W66,2023-08-25T04:03:09.797,1,"Negate any Spell effects that target this card, and if you do, destroy that Spell Card. During your Draw Phase, instead of conducting your normal draw: You can add 1 Level 4 or lower Warrior-Type monster from your Deck to your hand. This card must be face-up on the field to activate and to resolve this effect.",,0.09,0.2,0.99,0.12,,1st Edition,SBC1-ENB07,Common,Effect Monster,EARTH,Warrior,2300,1700
512251,Alligator's Sword,Alligators Sword,https://tcgplayer-cdn.tcgplayer.com/product/512251_200w.jpg,2,23073,https://cpt.tcgcsv.com/2W66,2023-08-25T04:03:09.797,1,"<em>'ey, dis mighty lissard man can swing his sword so fast, dat it's more dan da speed a sound!</em>",,0.1,0.2,0.89,0.18,,1st Edition,SBC1-ENB08,Common,Normal Monster,EARTH,Beast,1500,1200
512252,Baby Dragon,Baby Dragon,https://tcgplayer-cdn.tcgplayer.com/product/512252_200w.jpg,2,23073,https://cpt.tcgcsv.com/3W66,2023-08-25T04:03:09.797,1,"<em>Much more than just a child, this dragon is gifted with untapped power.</em>",,0.1,0.2,0.94,0.14,,1st Edition,SBC1-ENB09,Common,Normal Monster,WIND,Dragon,1200,700
512253,Roulette Spider,Roulette Spider,https://tcgplayer-cdn.tcgplayer.com/product/512253_200w.jpg,2,23073,https://cpt.tcgcsv.com/5W66,2023-08-25T04:03:09.797,1,"When an opponent's monster declares an attack: Roll a six-sided die and apply the result.
<br>1: Halve your LP.
<br>2: Make that attack a direct attack.
<br>3: Choose 1 monster you control, change the attack target to it, and perform damage calculation.
<br>4: Choose 1 other monster your opponent controls, change the attack target to it, and perform damage calculation.
<br>5: Negate the attack, and if you do, inflict damage to your opponent equal to that monster's ATK.
<br>6: Destroy that opponent's monster.",,0.09,0.21,0.99,0.13,,1st Edition,SBC1-ENB10,Common,Quick-Play Spell,SPELL,,,
512254,Dicephoon,Dicephoon,https://tcgplayer-cdn.tcgplayer.com/product/512254_200w.jpg,2,23073,https://cpt.tcgcsv.com/6W66,2023-08-25T04:03:09.797,1,"Roll a six-sided die and apply the result.
<br>• 2, 3, or 4: Destroy 1 Spell/Trap Card on the field.
<br>• 5: Destroy 2 Spell/Trap Cards on the field.
<br>• 1 or 6: You take 1000 damage.",,0.14,0.25,0.94,0.22,,1st Edition,SBC1-ENB11,Common,Quick-Play Spell,SPELL,,,
512255,Graceful Dice,Graceful Dice,https://tcgplayer-cdn.tcgplayer.com/product/512255_200w.jpg,2,23073,https://cpt.tcgcsv.com/7W66,2023-08-25T04:03:09.797,1,"Roll a six-sided die. All monsters you currently control gain ATK/DEF equal to the result x 100, until the end of this turn.",,0.25,0.36,0.99,0.36,,1st Edition,SBC1-ENB12,Common,Quick-Play Spell,SPELL,,,
512256,Polymerization (B),Polymerization B,https://tcgplayer-cdn.tcgplayer.com/product/512256_200w.jpg,2,23073,https://cpt.tcgcsv.com/8W66,2023-08-25T04:03:09.797,1,"Fusion Summon 1 Fusion Monster from your Extra Deck, using monsters from your hand or field as Fusion Material.",,0.08,0.35,2.99,0.26,,1st Edition,SBC1-ENB13,Common,Normal Spell,SPELL,,,
512257,Reinforcement of the Army,Reinforcement of the Army,https://tcgplayer-cdn.tcgplayer.com/product/512257_200w.jpg,2,23073,https://cpt.tcgcsv.com/9W66,2023-08-25T04:03:09.797,1,Add 1 Level 4 or lower Warrior monster from your Deck to your hand.,,0.13,0.23,1.0,0.17,,1st Edition,SBC1-ENB14,Common,Normal Spell,SPELL,,,
512258,Lightning Blade,Lightning Blade,https://tcgplayer-cdn.tcgplayer.com/product/512258_200w.jpg,2,23073,https://cpt.tcgcsv.com/bW66,2023-08-25T04:03:09.797,1,Equip only to a Warrior monster. It gains 800 ATK. All WATER monsters lose 500 ATK.,,0.09,0.2,0.94,0.15,,1st Edition,SBC1-ENB15,Common,Equip Spell,SPELL,,,
512259,United We Stand,United We Stand,https://tcgplayer-cdn.tcgplayer.com/product/512259_200w.jpg,2,23073,https://cpt.tcgcsv.com/cW66,2023-08-25T04:03:09.797,1,The equipped monster gains 800 ATK/DEF for each face-up monster you control.,,0.18,0.4,0.99,0.36,,1st Edition,SBC1-ENB16,Common,Equip Spell,SPELL,,,
512260,Blast with Chain,Blast with Chain,https://tcgplayer-cdn.tcgplayer.com/product/512260_200w.jpg,2,23073,https://cpt.tcgcsv.com/dW66,2023-08-25T04:03:09.797,1,Target 1 face-up monster you control; equip this card to that target. It gains 500 ATK. When this card is destroyed by a card effect while equipped: Target 1 card on the field; destroy that target.,,0.08,0.25,0.94,0.18,,1st Edition,SBC1-ENB17,Common,Normal Trap,,,,
512261,Skull Dice,Skull Dice,https://tcgplayer-cdn.tcgplayer.com/product/512261_200w.jpg,2,23073,https://cpt.tcgcsv.com/fW66,2023-08-25T04:03:09.797,1,"Roll a six-sided die. All monsters your opponent currently controls lose ATK/DEF equal to the result x 100, until the end of this turn.",,0.24,0.35,0.99,0.35,,1st Edition,SBC1-ENB18,Common,Normal Trap,TRAP,,,
512262,Kunai with Chain,Kunai with Chain,https://tcgplayer-cdn.tcgplayer.com/product/512262_200w.jpg,2,23073,https://cpt.tcgcsv.com/gW66,2023-08-25T04:03:09.797,1,"Activate 1 or both of these effects (simultaneously). 
<br>• When an opponent's monster declares an attack : Target the attacking monster; change that target to Defense Position.
<br>• Target 1 face-up monster you control ; equip this card To That target. It gains 500 ATK.",,0.09,0.2,0.99,0.19,,1st Edition,SBC1-ENB19,Common,Normal Trap,TRAP,,,
512263,Karbonala Warrior,Karbonala Warrior,https://tcgplayer-cdn.tcgplayer.com/product/512263_200w.jpg,2,23073,https://cpt.tcgcsv.com/hW66,2023-08-25T04:03:09.797,1,"""M-Warrior #1"" + ""M-Warrior #2""",,0.19,0.34,1.0,0.33,,1st Edition,SBC1-ENB20,Common,Fusion Monster,EARTH,Warrior,1500,1200
512264,Giltia the D. Knight,Giltia the D Knight,https://tcgplayer-cdn.tcgplayer.com/product/512264_200w.jpg,2,23073,https://cpt.tcgcsv.com/jW66,2023-08-25T04:03:09.797,1,"""Guardian of the Labyrinth"" + ""Protector of the Throne""",,0.08,0.23,0.99,0.21,,1st Edition,SBC1-ENB21,Common,Fusion Monster,LIGHT,Warrior,1850,1500
512265,Flame Swordsman,Flame Swordsman,https://tcgplayer-cdn.tcgplayer.com/product/512265_200w.jpg,2,23073,https://cpt.tcgcsv.com/kW66,2023-08-25T04:03:09.797,1,"""Flame Manipulator"" + ""Masaki the Legendary Swordsman""",,0.18,0.5,0.99,0.43,,1st Edition,SBC1-ENB22,Common,Fusion Monster,FIRE,Warrior,1800,1600
512266,Flame Swordsman (Secret Rare),Flame Swordsman Secret Rare,https://tcgplayer-cdn.tcgplayer.com/product/512266_200w.jpg,2,23073,https://cpt.tcgcsv.com/lW66,2023-08-28T16:51:53.923,1,"""Flame Manipulator"" + ""Masaki the Legendary Swordsman""",,12.99,17.0,29.95,11.09,,1st Edition,SBC1-ENB22,Secret Rare,Fusion Monster,FIRE,Warrior,1800,1600
512267,Alligator's Sword Dragon,Alligators Sword Dragon,https://tcgplayer-cdn.tcgplayer.com/product/512267_200w.jpg,2,23073,https://cpt.tcgcsv.com/mW66,2023-08-25T04:03:09.797,1,"""Baby Dragon"" + ""Alligator's Sword""
<br>This card can attack your opponent directly if the only face-up monsters they control are EARTH, WATER, or FIRE.",,0.09,0.18,0.99,0.15,,1st Edition,SBC1-ENB23,Common,Effect Fusion Monster,WIND,Dragon,1700,1500
512268,Thousand Dragon,Thousand Dragon,https://tcgplayer-cdn.tcgplayer.com/product/512268_200w.jpg,2,23073,https://cpt.tcgcsv.com/nW66,2023-08-25T04:03:09.797,1,"""Time Wizard"" + ""Baby Dragon""",,0.1,0.25,0.99,0.22,,1st Edition,SBC1-ENB24,Common,Fusion Monster,WIND,Dragon,2400,2000
512269,The Legendary Fisherman,The Legendary Fisherman,https://tcgplayer-cdn.tcgplayer.com/product/512269_200w.jpg,2,23073,https://cpt.tcgcsv.com/pW66,2023-08-25T04:03:09.797,1,"While ""Umi"" is on the field, this card is unaffected by Spell effects and cannot be targeted for attacks, but does not prevent your opponent from attacking you directly.",,0.07,0.17,0.99,0.18,,1st Edition,SBC1-ENC01,Common,Effect Monster,WATER,Warrior,1850,1600
512270,The Legendary Fisherman (Secret Rare),The Legendary Fisherman Secret Rare,https://tcgplayer-cdn.tcgplayer.com/product/512270_200w.jpg,2,23073,https://cpt.tcgcsv.com/qW66,2023-08-28T16:54:24.857,1,"While ""Umi"" is on the field, this card is unaffected by Spell effects and cannot be targeted for attacks, but does not prevent your opponent from attacking you directly.",,0.45,0.99,3.99,0.69,,1st Edition,SBC1-ENC01,Secret Rare,Effect Monster,WATER,Warrior,1850,1600
512271,Airorca,Airorca,https://tcgplayer-cdn.tcgplayer.com/product/512271_200w.jpg,2,23073,https://cpt.tcgcsv.com/rW66,2023-08-25T04:03:09.797,1,"Once per turn, you can banish 1 Fish, Sea Serpent, or Aqua-Type monster from your hand to select 1 face-up card your opponent controls. Destroy that card, then banish this card until your next Standby Phase.",,0.03,0.2,0.99,0.23,,1st Edition,SBC1-ENC02,Common,Effect Monster,WIND,Sea Serpent,1400,300
512272,Flyfang,Flyfang,https://tcgplayer-cdn.tcgplayer.com/product/512272_200w.jpg,2,23073,https://cpt.tcgcsv.com/sW66,2023-08-25T04:03:09.797,1,"If this card attacks a Defense Position monster, inflict Piercing Battle Damage to your opponent. At the end of the Battle Phase, if this card inflicted Battle Damage to your opponent: Banish this card until your next Standby Phase.",,0.09,0.15,0.99,0.09,,1st Edition,SBC1-ENC03,Common,Effect Monster,WIND,Fish,1600,300
512273,Needle Sunfish,Needle Sunfish,https://tcgplayer-cdn.tcgplayer.com/product/512273_200w.jpg,2,23073,https://cpt.tcgcsv.com/tW66,2023-08-25T04:03:09.797,1,When this card is sent to the Graveyard: Target 1 face-up monster your opponent controls; that target loses 500 ATK.,,0.07,0.16,0.94,0.08,,1st Edition,SBC1-ENC04,Common,Effect Monster,WATER,Fish,1500,100
512274,Oyster Meister,Oyster Meister,https://tcgplayer-cdn.tcgplayer.com/product/512274_200w.jpg,2,23073,https://cpt.tcgcsv.com/vW66,2023-08-25T04:03:09.797,1,"If this card is sent from the field to the Graveyard, except when destroyed by battle: Special Summon 1 ""Oyster Token"" (Fish-Type/WATER/Level 1/ATK 0/DEF 0).",,0.09,0.21,0.99,0.21,,1st Edition,SBC1-ENC05,Common,Effect Monster,WATER,Fish,1600,200
512275,Piercing Moray,Piercing Moray,https://tcgplayer-cdn.tcgplayer.com/product/512275_200w.jpg,2,23073,https://cpt.tcgcsv.com/wW66,2023-08-25T04:03:09.797,1,"Once per turn: You can Tribute 1 Fish, Sea Serpent, or Aqua-Type monster, this card gains 600 ATK. If this card attacks a Defense Position monster, inflict piercing Battle Damage to your opponent.",,0.08,0.19,0.99,0.09,,1st Edition,SBC1-ENC06,Common,Effect Monster,WATER,Fish,1500,500
512276,Maiden of the Aqua,Maiden of the Aqua,https://tcgplayer-cdn.tcgplayer.com/product/512276_200w.jpg,2,23073,https://cpt.tcgcsv.com/xW66,2023-08-25T04:03:09.797,1,"As long as this card remains face-up on the field, the field is treated as Umi. (However, there is no increasing or decreasing of ATK/DEF due to Umi's effect.) If there is an active field card on the field, this effect is not applied.",,0.22,0.3,1.0,0.29,,1st Edition,SBC1-ENC07,Common,Effect Monster,WATER,Aqua,700,2000
512277,Fiend Kraken,Fiend Kraken,https://tcgplayer-cdn.tcgplayer.com/product/512277_200w.jpg,2,23073,https://cpt.tcgcsv.com/zW66,2023-08-25T04:03:09.797,1,<em>A giant squid that drags its enemies to a watery grave.</em>,,0.18,0.3,0.94,0.26,,1st Edition,SBC1-ENC08,Common,Normal Monster,WATER,Aqua,1200,1400
512278,7 Colored Fish,7 Colored Fish,https://tcgplayer-cdn.tcgplayer.com/product/512278_200w.jpg,2,23073,https://cpt.tcgcsv.com/BW66,2023-08-25T04:03:09.797,1,<em>A rare rainbow fish that has never been caught by mortal man.</em>,,0.09,0.21,0.94,0.2,,1st Edition,SBC1-ENC09,Common,Normal Monster,WATER,Fish,1800,800
512279,The Legendary Fisherman II,The Legendary Fisherman II,https://tcgplayer-cdn.tcgplayer.com/product/512279_200w.jpg,2,23073,https://cpt.tcgcsv.com/CW66,2023-08-25T04:03:09.797,1,"This card's name becomes ""The Legendary Fisherman"" while on the field or in the GY. While ""Umi"" is on the field, this card is unaffected by other monsters' effects. If this face-up card is destroyed by battle, or leaves the field because of an opponent's card effect while its owner controls it: You can add 1 Level 7 WATER monster from your Deck to your hand.",,0.07,0.17,0.94,0.09,,1st Edition,SBC1-ENC10,Common,Effect Monster,WATER,Warrior,2200,1800
512280,Fortress Whale,Fortress Whale,https://tcgplayer-cdn.tcgplayer.com/product/512280_200w.jpg,2,23073,https://cpt.tcgcsv.com/DW66,2023-08-25T04:03:09.797,1,"You can Ritual Summon this card with ""Fortress Whale's Oath"".",,0.15,0.25,0.99,0.24,,1st Edition,SBC1-ENC11,Common,Ritual Monster,WATER,Fish,2350,2150
512281,Salvage,Salvage,https://tcgplayer-cdn.tcgplayer.com/product/512281_200w.jpg,2,23073,https://cpt.tcgcsv.com/FW66,2023-08-25T04:03:09.797,1,Target 2 WATER monsters with 1500 or less ATK in your Graveyard; add those targets to your hand.,,0.19,0.26,0.99,0.27,,1st Edition,SBC1-ENC12,Common,Normal Spell,SPELL,,,
512282,Umi,Umi,https://tcgplayer-cdn.tcgplayer.com/product/512282_200w.jpg,2,23073,https://cpt.tcgcsv.com/GW66,2023-08-25T04:03:09.797,1,"All Fish, Sea Serpent, Thunder, and Aqua monsters on the field gain 200 ATK/DEF, also all Machine and Pyro monsters on the field lose 200 ATK/DEF.",,0.09,0.2,0.94,0.19,,1st Edition,SBC1-ENC13,Common,Field Spell,SPELL,,,
512283,Water Hazard,Water Hazard,https://tcgplayer-cdn.tcgplayer.com/product/512283_200w.jpg,2,23073,https://cpt.tcgcsv.com/HW66,2023-08-25T04:03:09.797,1,Once per turn: You can Special Summon 1 Level 4 or lower WATER monster from your hand. You must control no monsters to activate and to resolve this effect.,,0.09,0.21,0.99,0.16,,1st Edition,SBC1-ENC14,Common,Continuous Spell,SPELL,,,
512284,Big Wave Small Wave,Big Wave Small Wave,https://tcgplayer-cdn.tcgplayer.com/product/512284_200w.jpg,2,23073,https://cpt.tcgcsv.com/JW66,2023-08-25T04:03:09.797,1,"Destroy all face-up WATER monsters you control, then you can Special Summon WATER monsters from your hand, up to the number of monsters destroyed by this effect.",,0.09,0.2,0.99,0.24,,1st Edition,SBC1-ENC15,Common,Normal Spell,SPELL,,,
512285,Surface,Surface,https://tcgplayer-cdn.tcgplayer.com/product/512285_200w.jpg,2,23073,https://cpt.tcgcsv.com/KW66,2023-08-25T04:03:09.797,1,"Target 1 Level 3 or lower Fish, Sea Serpent, or Aqua monster in your GY; Special Summon it in face-up Defense Position.",,0.1,0.2,0.99,0.13,,1st Edition,SBC1-ENC16,Common,Normal Spell,SPELL,,,
512286,Fortress Whale's Oath,Fortress Whales Oath,https://tcgplayer-cdn.tcgplayer.com/product/512286_200w.jpg,2,23073,https://cpt.tcgcsv.com/LW66,2023-08-25T04:03:09.797,1,"This card is used to Ritual Summon ""Fortress Whale"". You must also Tribute monsters from your hand or field whose total Levels equal 7 or more.",,0.09,0.23,0.99,0.23,,1st Edition,SBC1-ENC17,Common,Ritual Spell,SPELL,,,
512287,Tornado Wall,Tornado Wall,https://tcgplayer-cdn.tcgplayer.com/product/512287_200w.jpg,2,23073,https://cpt.tcgcsv.com/MW66,2023-08-25T04:03:09.797,1,"Activate only while ""Umi"" is on the field. While ""Umi"" is face-up on the field, you take no Battle Damage from attacking monsters. Destroy this card when ""Umi"" leaves the field.",,0.12,0.25,0.89,0.25,,1st Edition,SBC1-ENC18,Common,Continuous Trap,TRAP,,,
512288,Fish Depth Charge,Fish Depth Charge,https://tcgplayer-cdn.tcgplayer.com/product/512288_200w.jpg,2,23073,https://cpt.tcgcsv.com/NW66,2023-08-25T04:03:09.797,1,"Tribute 1 Fish-Type monster to target 1 card on the field; destroy that target, and if you do, draw 1 card.",,0.1,0.25,0.99,0.2,,1st Edition,SBC1-ENC19,Common,Normal Trap,TRAP,,,
512289,Paleozoic Eldonia,Paleozoic Eldonia,https://tcgplayer-cdn.tcgplayer.com/product/512289_200w.jpg,2,23073,https://cpt.tcgcsv.com/PW66,2023-08-25T04:03:09.797,1,"Target 1 face-up monster on the field; it gains 500 ATK/DEF until the end of this turn. Once per Chain, when a Trap Card is activated while this card is in your GY: You can Special Summon this card as a Normal Monster (Aqua/WATER/Level 2/ATK 1200/DEF 0). (This card is NOT treated as a Trap.) If Summoned this way, this card is unaffected by monster effects, also banish it when it leaves the field.",,0.09,0.2,0.94,0.15,,1st Edition,SBC1-ENC20,Common,Normal Trap,TRAP,,,
512290,Insect Queen,Insect Queen,https://tcgplayer-cdn.tcgplayer.com/product/512290_200w.jpg,2,23073,https://cpt.tcgcsv.com/QW66,2023-08-25T04:03:09.797,1,"This card gains 200 ATK for each Insect monster on the field. Cannot declare an attack unless you Tribute 1 monster. Once per turn, during the End Phase, if this card destroyed an opponent's monster by battle this turn: Special Summon 1 ""Insect Monster Token"" (Insect/EARTH/Level 1/ATK 100/DEF 100) in Attack Position.",,0.09,0.2,0.89,0.14,,1st Edition,SBC1-END01,Common,Effect Monster,EARTH,Insect,2200,2400
512291,Insect Queen (Secret Rare),Insect Queen Secret Rare,https://tcgplayer-cdn.tcgplayer.com/product/512291_200w.jpg,2,23073,https://cpt.tcgcsv.com/RW66,2023-08-28T16:52:17.96,1,"This card gains 200 ATK for each Insect monster on the field. Cannot declare an attack unless you Tribute 1 monster. Once per turn, during the End Phase, if this card destroyed an opponent's monster by battle this turn: Special Summon 1 ""Insect Monster Token"" (Insect/EARTH/Level 1/ATK 100/DEF 100) in Attack Position.",,0.72,1.0,3.38,0.93,,1st Edition,SBC1-END01,Secret Rare,Effect Monster,EARTH,Insect,2200,2400
512293,Parasite Paracide,Parasite Paracide,https://tcgplayer-cdn.tcgplayer.com/product/512293_200w.jpg,2,23073,https://cpt.tcgcsv.com/TW66,2023-08-25T04:03:09.797,1,"FLIP: Shuffle this card face-up into your opponent's Deck.
<br>If you draw this card after it was added to your Deck by its effect: Special Summon it in Defense Position, and if you do, take 1000 damage. All monsters controlled by the player that Summoned this card by its effect become Insect monsters.",,0.1,0.24,0.89,0.18,,1st Edition,SBC1-END02,Common,Flip Monster,EARTH,Insect,500,300
512294,Parasite Paracide (Secret Rare),Parasite Paracide Secret Rare,https://tcgplayer-cdn.tcgplayer.com/product/512294_200w.jpg,2,23073,https://cpt.tcgcsv.com/VW66,2023-08-28T16:53:56.297,1,"FLIP: Shuffle this card face-up into your opponent's Deck.
<br>If you draw this card after it was added to your Deck by its effect: Special Summon it in Defense Position, and if you do, take 1000 damage. All monsters controlled by the player that Summoned this card by its effect become Insect monsters.",,0.22,0.66,4.99,0.34,,1st Edition,SBC1-END02,Secret Rare,Flip Monster,EARTH,Insect,500,300
512295,Chainsaw Insect,Chainsaw Insect,https://tcgplayer-cdn.tcgplayer.com/product/512295_200w.jpg,2,23073,https://cpt.tcgcsv.com/WW66,2023-08-25T04:03:09.797,1,"At the end of the Damage Step, if this card attacked or was attacked: Your opponent draws 1 card.",,0.09,0.2,1.95,0.19,,1st Edition,SBC1-END03,Common,Effect Monster,EARTH,Insect,2400,0
512296,Magnetic Mosquito,Magnetic Mosquito,https://tcgplayer-cdn.tcgplayer.com/product/512296_200w.jpg,2,23073,https://cpt.tcgcsv.com/XW66,2023-08-25T04:03:09.797,1,FLIP: Destroy all face-up Machine-Type monsters on the field.,,0.05,0.15,0.99,0.15,,1st Edition,SBC1-END04,Common,Flip Monster,LIGHT,Insect,300,1000
512297,Prickle Fairy,Prickle Fairy,https://tcgplayer-cdn.tcgplayer.com/product/512297_200w.jpg,2,23073,https://cpt.tcgcsv.com/ZW66,2023-08-25T04:03:09.797,1,"Your opponent cannot attack Insect monsters. If this card battled a monster, at the end of the Damage Step: Change that monster to Defense Position.",,0.05,0.15,0.99,0.09,,1st Edition,SBC1-END05,Common,Effect Monster,EARTH,Plant,300,2000
512299,Howling Insect,Howling Insect,https://tcgplayer-cdn.tcgplayer.com/product/512299_200w.jpg,2,23073,https://cpt.tcgcsv.com/_W66,2023-08-25T04:03:09.797,1,When this card is destroyed by battle and sent to the Graveyard: You can Special Summon 1 Insect-Type monster with 1500 or less ATK from your Deck.,,0.15,0.25,0.99,0.25,,1st Edition,SBC1-END06,Common,Effect Monster,EARTH,Insect,1200,1300
512300,Resonance Insect,Resonance Insect,https://tcgplayer-cdn.tcgplayer.com/product/512300_200w.jpg,2,23073,https://cpt.tcgcsv.com/0X66,2023-08-25T04:03:09.797,1,"If this card is sent from the field to the GY: You can add 1 Level 5 or higher Insect-Type monster from your Deck to your hand. If this card is banished: You can send 1 Insect-Type monster from your Deck to the GY, except ""Resonance Insect"".",,0.09,0.21,0.94,0.21,,1st Edition,SBC1-END07,Common,Effect Monster,EARTH,Insect,1000,700
512301,Parasite Paranoid,Parasite Paranoid,https://tcgplayer-cdn.tcgplayer.com/product/512301_200w.jpg,2,23073,https://cpt.tcgcsv.com/2X66,2023-08-25T04:03:09.797,1,"(Quick Effect): You can target 1 face-up monster on the field; equip this card from your hand to that target. The equipped monster becomes an Insect monster, cannot attack Insect monsters, also its effects that activate by targeting an Insect monster(s) are negated. You can only use this effect of ""Parasite Paranoid"" once per turn. If this Equip Card is sent to the GY: You can Special Summon 1 Level 7 or higher Insect monster from your hand, ignoring its Summoning conditions.",,0.14,0.25,0.94,0.18,,1st Edition,SBC1-END08,Common,Effect Monster,EARTH,Insect,500,300
512302,Pinch Hopper,Pinch Hopper,https://tcgplayer-cdn.tcgplayer.com/product/512302_200w.jpg,2,23073,https://cpt.tcgcsv.com/3X66,2023-08-25T04:03:09.797,1,When this card you control is sent to your GY: You can Special Summon 1 Insect monster from your hand.,,0.09,0.19,0.94,0.15,,1st Edition,SBC1-END09,Common,Effect Monster,EARTH,Insect,1000,1200
512303,Insect Princess,Insect Princess,https://tcgplayer-cdn.tcgplayer.com/product/512303_200w.jpg,2,23073,https://cpt.tcgcsv.com/5X66,2023-08-25T04:03:09.797,1,All Insect monsters your opponent controls are changed to Attack Position. If this card destroys an Insect monster by battle: This card gains 500 ATK.,,0.09,0.2,0.94,0.15,,1st Edition,SBC1-END10,Common,Effect Monster,WIND,Insect,1900,1200
512304,Gokibore,Gokibore,https://tcgplayer-cdn.tcgplayer.com/product/512304_200w.jpg,2,23073,https://cpt.tcgcsv.com/6X66,2023-08-25T04:03:09.797,1,"<em>A large, spherical roach that attacks its enemies by rolling over them.</em>",,0.12,0.25,2.99,0.24,,1st Edition,SBC1-END11,Common,Normal Monster,EARTH,Insect,1200,1400
512306,Metal Armored Bug,Metal Armored Bug,https://tcgplayer-cdn.tcgplayer.com/product/512306_200w.jpg,2,23073,https://cpt.tcgcsv.com/8X66,2023-08-25T04:03:09.797,1,<em>A gigantic insect-like creature covered by thick armor. Everything in his path is destroyed.</em>,,0.09,0.15,0.94,0.13,,1st Edition,SBC1-END12,Common,Normal Monster,EARTH,Insect,2800,1500
512307,Multiplication of Ants,Multiplication of Ants,https://tcgplayer-cdn.tcgplayer.com/product/512307_200w.jpg,2,23073,https://cpt.tcgcsv.com/9X66,2023-08-25T04:03:09.797,1,"Tribute 1 Insect-Type Monster on your side of the field. Special Summon 2 ""Army Ant Tokens"" (Insect-Type/EARTH/4 Stars/ATK 500/DEF 1200) on your side of the field. The tokens cannot be used as a Tribute for a Tribute Summon.",,0.09,0.2,0.94,0.11,0.09,1st Edition,SBC1-END13,Common,Normal Spell,SPELL,,,
512308,Insect Barrier,Insect Barrier,https://tcgplayer-cdn.tcgplayer.com/product/512308_200w.jpg,2,23073,https://cpt.tcgcsv.com/bX66,2023-08-25T04:03:09.797,1,Insect-Type monsters your opponent controls cannot declare an attack.,,0.1,0.2,0.94,0.15,,1st Edition,SBC1-END14,Common,Continuous Spell,SPELL,,,
512311,Verdant Sanctuary,Verdant Sanctuary,https://tcgplayer-cdn.tcgplayer.com/product/512311_200w.jpg,2,23073,https://cpt.tcgcsv.com/fX66,2023-08-25T04:03:09.797,1,When a face-up Insect monster is destroyed by battle or card effect and sent to the GY: Its controller can add 1 Insect monster with the same Level as the destroyed monster from their Deck to their hand.,,0.09,0.21,0.94,0.17,,1st Edition,SBC1-END15,Common,Continuous Spell,SPELL,,,
512312,Eradicating Aerosol,Eradicating Aerosol,https://tcgplayer-cdn.tcgplayer.com/product/512312_200w.jpg,2,23073,https://cpt.tcgcsv.com/gX66,2023-08-25T04:03:09.797,1,Destroy all Insect monsters on the field.,,0.09,0.2,0.94,0.18,,1st Edition,SBC1-END16,Common,Normal Spell,SPELL,,,
512313,Spider Egg,Spider Egg,https://tcgplayer-cdn.tcgplayer.com/product/512313_200w.jpg,2,23073,https://cpt.tcgcsv.com/hX66,2023-08-25T04:03:09.797,1,"When your opponent declares a direct attack, while you have 3 or more Insect monsters in your GY: Negate the attack, and if you do, Special Summon 3 ""Spider Tokens"" (Insect/EARTH/Level 1/ATK 100/DEF 100) in Attack Position.",,0.07,0.15,0.99,0.15,,1st Edition,SBC1-END17,Common,Normal Trap,TRAP,,,
512315,DNA Surgery,DNA Surgery,https://tcgplayer-cdn.tcgplayer.com/product/512315_200w.jpg,2,23073,https://cpt.tcgcsv.com/kX66,2023-08-25T04:03:09.797,1,Activate this card by declaring 1 Monster Type. All face-up monsters on the field become that Type.,,0.31,0.5,1.0,0.46,,1st Edition,SBC1-END18,Common,Continuous Trap,TRAP,,,
512316,Dust Tornado,Dust Tornado,https://tcgplayer-cdn.tcgplayer.com/product/512316_200w.jpg,2,23073,https://cpt.tcgcsv.com/lX66,2023-08-25T04:03:09.797,1,"Target 1 Spell/Trap your opponent controls; destroy that target, then you can Set 1 Spell/Trap from your hand.",,0.36,0.53,1.0,0.54,,1st Edition,SBC1-END19,Common,Normal Trap,TRAP,,,
512317,Dust Tornado (Secret Rare),Dust Tornado Secret Rare,https://tcgplayer-cdn.tcgplayer.com/product/512317_200w.jpg,2,23073,https://cpt.tcgcsv.com/mX66,2023-08-28T16:51:30.263,1,"Target 1 Spell/Trap your opponent controls; destroy that target, then you can Set 1 Spell/Trap from your hand.",,11.49,16.15,29.95,11.54,,1st Edition,SBC1-END19,Secret Rare,Normal Trap,TRAP,,,
512319,Widespread Ruin,Widespread Ruin,https://tcgplayer-cdn.tcgplayer.com/product/512319_200w.jpg,2,23073,https://cpt.tcgcsv.com/pX66,2023-08-25T04:03:09.797,1,"When an opponent's monster declares an attack: Destroy the Attack Position monster your opponent controls with the highest ATK (your choice, if tied).",,0.17,0.25,1.0,0.21,,1st Edition,SBC1-END20,Common,Normal Trap,TRAP,,,
512320,Widespread Ruin (Secret Rare),Widespread Ruin Secret Rare,https://tcgplayer-cdn.tcgplayer.com/product/512320_200w.jpg,2,23073,https://cpt.tcgcsv.com/qX66,2023-08-28T16:54:32.087,1,"When an opponent's monster declares an attack: Destroy the Attack Position monster your opponent controls with the highest ATK (your choice, if tied).",,0.75,1.0,2.99,0.84,2.02,1st Edition,SBC1-END20,Secret Rare,Normal Trap,TRAP,,,
512323,Jinzo,Jinzo,https://tcgplayer-cdn.tcgplayer.com/product/512323_200w.jpg,2,23073,https://cpt.tcgcsv.com/tX66,2023-08-25T04:03:09.797,1,"Trap Cards, and their effects on the field, cannot be activated. Negate all Traps on the field.",,0.09,0.39,1.0,0.25,,1st Edition,SBC1-ENE01,Common,Effect Monster,DARK,Machine,2400,1500
512324,Jinzo - Lord,Jinzo Lord,https://tcgplayer-cdn.tcgplayer.com/product/512324_200w.jpg,2,23073,https://cpt.tcgcsv.com/vX66,2023-08-25T04:03:09.797,1,"Cannot be Normal Summoned/Set. Must be Special Summoned (from your hand) by sending 1 face-up ""Jinzo"" you control to the GY. Trap Cards, and their effects on the field, cannot be activated. Negate all Trap effects on the field. Once per turn: You can destroy as many face-up Traps on the field as possible, and if you do, inflict 300 damage to your opponent for each card destroyed.",,0.09,0.19,0.89,0.2,,1st Edition,SBC1-ENE02,Common,Effect Monster,DARK,Machine,2600,1600
512325,Jinzo - Returner,Jinzo Returner,https://tcgplayer-cdn.tcgplayer.com/product/512325_200w.jpg,2,23073,https://cpt.tcgcsv.com/wX66,2023-08-25T04:03:09.797,1,"This card can attack directly. When this card is sent to the GY: You can target 1 ""Jinzo"" in your GY; Special Summon it, but destroy it during your End Phase.",,0.09,0.25,0.94,0.22,,1st Edition,SBC1-ENE03,Common,Effect Monster,DARK,Machine,600,1400
512326,Reflect Bounder,Reflect Bounder,https://tcgplayer-cdn.tcgplayer.com/product/512326_200w.jpg,2,23073,https://cpt.tcgcsv.com/xX66,2023-08-25T04:03:09.797,1,"Before damage calculation, if this card is being attacked by an opponent's monster, and was in face-up Attack Position at the start of the Damage Step: Inflict damage to your opponent equal to the attacking monster's ATK. If you do, after damage calculation: Destroy this card.",,0.19,0.28,1.0,0.28,,1st Edition,SBC1-ENE04,Common,Effect Monster,LIGHT,Machine,1700,1000
512327,Reflect Bounder (Secret Rare),Reflect Bounder Secret Rare,https://tcgplayer-cdn.tcgplayer.com/product/512327_200w.jpg,2,23073,https://cpt.tcgcsv.com/zX66,2023-08-28T16:54:09.007,1,"Before damage calculation, if this card is being attacked by an opponent's monster, and was in face-up Attack Position at the start of the Damage Step: Inflict damage to your opponent equal to the attacking monster's ATK. If you do, after damage calculation: Destroy this card.",,0.55,0.82,2.0,0.83,,1st Edition,SBC1-ENE04,Secret Rare,Effect Monster,LIGHT,Machine,1700,1000
512328,Destructotron,Destructotron,https://tcgplayer-cdn.tcgplayer.com/product/512328_200w.jpg,2,23073,https://cpt.tcgcsv.com/BX66,2023-08-25T04:03:09.797,1,"During the End Phase, if this card is the only Psychic-Type monster you control: Destroy it. You can pay 1000 LP, then target 1 Set Spell/Trap Card your opponent controls; destroy that target.",,0.07,0.16,0.99,0.16,,1st Edition,SBC1-ENE05,Common,Effect Monster,EARTH,Psychic,1600,400
512329,Dr. Frankenderp,Dr Frankenderp,https://tcgplayer-cdn.tcgplayer.com/product/512329_200w.jpg,2,23073,https://cpt.tcgcsv.com/CX66,2023-08-25T04:03:09.797,1,"If this card is Normal or Special Summoned: You can pay 500 LP; look at the top card of your Deck, then place it on the bottom of the Deck, OR reveal it and add it to your hand, but skip your next Draw Phase if added to the hand. You can only use this effect of ""Dr. Frankenderp"" once per turn.",,0.07,0.2,0.99,0.14,,1st Edition,SBC1-ENE06,Common,Effect Monster,DARK,Psychic,300,300
512330,The Fiend Megacyber,The Fiend Megacyber,https://tcgplayer-cdn.tcgplayer.com/product/512330_200w.jpg,2,23073,https://cpt.tcgcsv.com/DX66,2023-08-25T04:03:09.797,1,"If your opponent controls at least 2 more monsters than you do, you can Special Summon this card (from your hand).",,0.09,0.2,0.94,0.13,,1st Edition,SBC1-ENE07,Common,Effect Monster,DARK,Warrior,2200,1200
512331,Spell Canceller,Spell Canceller,https://tcgplayer-cdn.tcgplayer.com/product/512331_200w.jpg,2,23073,https://cpt.tcgcsv.com/FX66,2023-08-25T04:03:09.797,1,"Spell Cards, and their effects on the field, cannot be activated. Negate all Spell effects on the field.",,0.08,0.22,0.94,0.22,,1st Edition,SBC1-ENE08,Common,Effect Monster,WIND,Machine,1800,1600
512333,Cyber Raider,Cyber Raider,https://tcgplayer-cdn.tcgplayer.com/product/512333_200w.jpg,2,23073,https://cpt.tcgcsv.com/HX66,2023-08-25T04:03:09.797,1,"If this card is Summoned: Activate 1 of these effects.
<br>• Target 1 Equip Card on the field; destroy that target.
<br>• Target 1 Equip Card on the field; equip that target to this card.",,0.04,0.18,0.94,0.1,,1st Edition,SBC1-ENE09,Common,Effect Monster,DARK,Machine,1400,1000
512334,Golgoil,Golgoil,https://tcgplayer-cdn.tcgplayer.com/product/512334_200w.jpg,2,23073,https://cpt.tcgcsv.com/JX66,2023-08-25T04:03:09.797,1,<em>An iron giant that appears from a dimensional rift.</em>,,0.09,0.2,0.94,0.17,,1st Edition,SBC1-ENE10,Common,Normal Monster,EARTH,Machine,900,1600
512335,Cyber Energy Shock,Cyber Energy Shock,https://tcgplayer-cdn.tcgplayer.com/product/512335_200w.jpg,2,23073,https://cpt.tcgcsv.com/KX66,2023-08-25T04:03:09.797,1,"If you control ""Jinzo"": Target 1 card on the field; destroy it, then, if it was a Trap, you can apply 1 of these effects.
<br>• Negate the effects of 1 face-up card on the field until the end of this turn.
<br>• All ""Jinzo"" you control gain 800 ATK.
<br>You can only activate 1 ""Cyber Energy Shock"" per turn.",,0.06,0.15,0.94,0.11,,1st Edition,SBC1-ENE11,Common,Quick-Play Spell,SPELL,,,
512336,Cosmos Channelling,Cosmos Channelling,https://tcgplayer-cdn.tcgplayer.com/product/512336_200w.jpg,2,23073,https://cpt.tcgcsv.com/LX66,2023-08-25T04:03:09.797,1,"You can send 1 monster you control that is owned by your opponent to the GY; Special Summon 1 Machine monster from your hand or GY. When your opponent draws for their normal draw in their Draw Phase while you control ""Jinzo"": You can declare 1 card type (Monster, Spell, or Trap); your opponent reveals the card they drew, and if it is the declared card type, send this card to the GY, and if you do, draw 1 card. You can only use each effect of ""Cosmos Channelling"" once per turn.",,0.08,0.17,0.99,0.16,,1st Edition,SBC1-ENE12,Common,Continuous Spell,SPELL,,,
512337,Gift of the Martyr,Gift of the Martyr,https://tcgplayer-cdn.tcgplayer.com/product/512337_200w.jpg,2,23073,https://cpt.tcgcsv.com/MX66,2023-08-25T04:03:09.797,1,Send 1 monster on your side of the field to the Graveyard. Select 1 monster on your side of the field. The selected monster gains ATK equal to the ATK of the sent monster until the end of this turn.,,0.09,0.17,0.99,0.16,,1st Edition,SBC1-ENE13,Common,Normal Spell,SPELL,,,
512339,Amplifier,Amplifier,https://tcgplayer-cdn.tcgplayer.com/product/512339_200w.jpg,2,23073,https://cpt.tcgcsv.com/PX66,2023-08-25T04:03:09.797,1,"Equip only to ""Jinzo"". This card's activation and effect cannot be negated. The equipped monster's effect, ""Trap Cards, and their effects on the field, cannot be activated. Negate all Trap effects on the field."" becomes ""Your opponent cannot activate Trap Cards, or their effects on the field. Negate all Trap effects your opponent controls."" When this card leaves the field, destroy the equipped monster.",,0.06,0.15,0.94,0.09,,1st Edition,SBC1-ENE14,Common,Equip Spell,SPELL,,,
512340,Foolish Burial,Foolish Burial,https://tcgplayer-cdn.tcgplayer.com/product/512340_200w.jpg,2,23073,https://cpt.tcgcsv.com/QX66,2023-08-25T04:03:09.797,1,Send 1 monster from your Deck to the GY.,,0.15,0.45,5.88,0.24,3.62,1st Edition,SBC1-ENE15,Common,Normal Spell,SPELL,,,
512341,Cosmic Cyclone,Cosmic Cyclone,https://tcgplayer-cdn.tcgplayer.com/product/512341_200w.jpg,2,23073,https://cpt.tcgcsv.com/RX66,2023-08-25T04:03:09.797,1,"Pay 1000 LP, then target 1 Spell/Trap on the field; banish it.",,0.1,0.25,0.94,0.19,0.2,1st Edition,SBC1-ENE16,Common,Quick-Play Spell,SPELL,,,
512343,Creature Swap,Creature Swap,https://tcgplayer-cdn.tcgplayer.com/product/512343_200w.jpg,2,23073,https://cpt.tcgcsv.com/TX66,2023-08-25T04:03:09.797,1,Each player chooses 1 monster they control and switches control of those monsters with each other. Those monsters cannot change their battle positions for the rest of this turn.,,0.19,0.3,0.99,0.27,,1st Edition,SBC1-ENE17,Common,Normal Spell,SPELL,,,
512344,Creature Swap (Secret Rare),Creature Swap Secret Rare,https://tcgplayer-cdn.tcgplayer.com/product/512344_200w.jpg,2,23073,https://cpt.tcgcsv.com/VX66,2023-08-28T16:48:24.67,1,Each player chooses 1 monster they control and switches control of those monsters with each other. Those monsters cannot change their battle positions for the rest of this turn.,,0.82,2.0,7.99,1.33,,1st Edition,SBC1-ENE17,Secret Rare,Normal Spell,SPELL,,,
512345,Psychic Shockwave,Psychic Shockwave,https://tcgplayer-cdn.tcgplayer.com/product/512345_200w.jpg,2,23073,https://cpt.tcgcsv.com/WX66,2023-08-25T04:03:09.797,1,When your opponent activates a Trap Card: Discard 1 Spell/Trap; Special Summon 1 Level 6 DARK Machine monster from your Deck.,,0.05,0.16,0.99,0.16,,1st Edition,SBC1-ENE18,Common,Normal Trap,TRAP,,,
512347,Mind Crush,Mind Crush,https://tcgplayer-cdn.tcgplayer.com/product/512347_200w.jpg,2,23073,https://cpt.tcgcsv.com/ZX66,2023-08-25T04:03:09.797,1,"Declare 1 card name; if that card is in your opponent's hand, they must discard all copies of it, otherwise you discard 1 random card.",,0.09,0.25,1.0,0.2,,1st Edition,SBC1-ENE19,Common,Normal Trap,TRAP,,,
512348,Mind Crush (Secret Rare),Mind Crush Secret Rare,https://tcgplayer-cdn.tcgplayer.com/product/512348_200w.jpg,2,23073,https://cpt.tcgcsv.com/-X66,2023-08-28T16:53:40.473,1,"Declare 1 card name; if that card is in your opponent's hand, they must discard all copies of it, otherwise you discard 1 random card.",,2.35,2.99,6.99,2.66,,1st Edition,SBC1-ENE19,Secret Rare,Normal Trap,TRAP,,,
512349,Draining Shield,Draining Shield,https://tcgplayer-cdn.tcgplayer.com/product/512349_200w.jpg,2,23073,https://cpt.tcgcsv.com/_X66,2023-08-25T04:03:09.797,1,"When an opponent's monster declares an attack: Target the attacking monster; negate that attack, and if you do, gain LP equal to that target's ATK.",,0.15,0.25,0.99,0.23,,1st Edition,SBC1-ENE20,Common,Normal Trap,TRAP,,,
512355,Red-Eyes Black Dragon,Red Eyes Black Dragon,https://tcgplayer-cdn.tcgplayer.com/product/512355_200w.jpg,2,23073,https://cpt.tcgcsv.com/7Z66,2023-08-25T04:03:09.797,1,<em>A ferocious dragon with a deadly attack.</em>,,1.37,3.25,4.99,2.58,,1st Edition,SBC1-ENF01,Common,Normal Monster,DARK,Dragon,2400,2000
512356,Red-Eyes Black Dragon (Secret Rare),Red Eyes Black Dragon Secret Rare,https://tcgplayer-cdn.tcgplayer.com/product/512356_200w.jpg,2,23073,https://cpt.tcgcsv.com/8Z66,2023-08-28T16:54:03.087,1,<em>A ferocious dragon with a deadly attack.</em>,,12.75,13.36,29.95,9.2,,1st Edition,SBC1-ENF01,Secret Rare,Normal Monster,DARK,Dragon,2400,2000
512357,Gear Golem the Moving Fortress,Gear Golem the Moving Fortress,https://tcgplayer-cdn.tcgplayer.com/product/512357_200w.jpg,2,23073,https://cpt.tcgcsv.com/9Z66,2023-08-25T04:03:09.797,1,"Once per turn, during your Main Phase 1, by paying 800 Life Points, this card can attack your opponent directly this turn.",,0.1,0.31,0.95,0.28,,1st Edition,SBC1-ENF02,Common,Effect Monster,EARTH,Machine,800,2200
512358,Voltic Kong,Voltic Kong,https://tcgplayer-cdn.tcgplayer.com/product/512358_200w.jpg,2,23073,https://cpt.tcgcsv.com/bZ66,2023-08-25T04:03:09.797,1,"When this card inflicts Battle Damage to your opponent, send 1 card from the top of your opponent's Deck to the Graveyard for each face-up LIGHT monster you control.",,0.06,0.16,0.99,0.1,,1st Edition,SBC1-ENF03,Common,Effect Monster,LIGHT,Beast,1800,1000
512359,Airknight Parshath,Airknight Parshath,https://tcgplayer-cdn.tcgplayer.com/product/512359_200w.jpg,2,23073,https://cpt.tcgcsv.com/cZ66,2023-08-25T04:03:09.797,1,"If this card attacks a Defense Position monster, inflict piercing battle damage. If this card inflicts battle damage to your opponent: Draw 1 card.",,0.11,0.2,1.0,0.19,,1st Edition,SBC1-ENF04,Common,Effect Monster,LIGHT,Fairy,1900,1400
512360,Dark Red Enchanter,Dark Red Enchanter,https://tcgplayer-cdn.tcgplayer.com/product/512360_200w.jpg,2,23073,https://cpt.tcgcsv.com/dZ66,2023-08-25T04:03:09.797,1,"If this card is Normal Summoned: Place 2 Spell Counters on it. Each time a Spell Card is activated, place 1 Spell Counter on this card when that Spell resolves. Gains 300 ATK for each Spell Counter on it. Once per turn: You can remove 2 Spell Counters from this card; discard 1 random card from your opponent's hand.",,0.09,0.2,0.94,0.16,,1st Edition,SBC1-ENF05,Common,Effect Monster,DARK,Spellcaster,1700,2200
512361,Twin-Barrel Dragon,Twin Barrel Dragon,https://tcgplayer-cdn.tcgplayer.com/product/512361_200w.jpg,2,23073,https://cpt.tcgcsv.com/fZ66,2023-08-25T04:03:09.797,1,"If this card is Summoned: Target 1 card your opponent controls; toss a coin twice, and if the result is 2 heads, destroy it.",,0.15,0.25,0.74,0.24,,1st Edition,SBC1-ENF06,Common,Effect Monster,DARK,Machine,1700,200
512362,Hannibal Necromancer,Hannibal Necromancer,https://tcgplayer-cdn.tcgplayer.com/product/512362_200w.jpg,2,23073,https://cpt.tcgcsv.com/gZ66,2023-08-25T04:03:09.797,1,"If this card is Normal Summoned: Place 1 Spell Counter on it (max. 1). You can remove 1 Spell Counter from this card, then target 1 face-up Trap Card on the field; destroy that target.",,0.05,0.15,0.99,0.08,,1st Edition,SBC1-ENF07,Common,Effect Monster,DARK,Spellcaster,1400,1800
512363,Magician of Faith (F),Magician of Faith F,https://tcgplayer-cdn.tcgplayer.com/product/512363_200w.jpg,2,23073,https://cpt.tcgcsv.com/hZ66,2023-08-25T04:03:09.797,1,FLIP: Target 1 Spell in your GY; add that target to your hand.,,0.09,0.25,1.0,0.29,,1st Edition,SBC1-ENF08,Common,Flip Monster,LIGHT,Spellcaster,300,400
512364,Mask of Darkness,Mask of Darkness,https://tcgplayer-cdn.tcgplayer.com/product/512364_200w.jpg,2,23073,https://cpt.tcgcsv.com/jZ66,2023-08-25T04:03:09.797,1,FLIP: Target 1 Trap in your GY; add that target to your hand.,,0.08,0.21,0.99,0.21,,1st Edition,SBC1-ENF09,Common,Flip Monster,DARK,Fiend,900,400
512365,Sphere Kuriboh,Sphere Kuriboh,https://tcgplayer-cdn.tcgplayer.com/product/512365_200w.jpg,2,23073,https://cpt.tcgcsv.com/kZ66,2023-08-25T04:03:09.797,1,"When an opponent's monster declares an attack: You can send this card from your hand to the GY; change the attacking monster to Defense Position. When you Ritual Summon, you can banish this card from your GY as 1 of the monsters required for the Ritual Summon.",,0.12,0.24,0.99,0.24,,1st Edition,SBC1-ENF10,Common,Effect Monster,DARK,Fiend,300,200
512367,Ledger of Legerdemain,Ledger of Legerdemain,https://tcgplayer-cdn.tcgplayer.com/product/512367_200w.jpg,2,23073,https://cpt.tcgcsv.com/mZ66,2023-08-25T04:03:09.797,1,"Banish 3 cards from the top of your Deck, face-down; during your 3rd Standby Phase after this card's activation, add those 3 banished cards to your hand. You can only activate 1 ""Ledger of Legerdemain"" per turn.",,0.1,0.3,0.99,0.33,,1st Edition,SBC1-ENF11,Common,Normal Spell,SPELL,,,
512368,Allure of Darkness,Allure of Darkness,https://tcgplayer-cdn.tcgplayer.com/product/512368_200w.jpg,2,23073,https://cpt.tcgcsv.com/nZ66,2023-08-25T04:03:09.797,1,"Draw 2 cards, then banish 1 DARK monster from your hand, or, if you do not have any in your hand, send your entire hand to the GY.",,0.17,0.44,1.0,0.26,0.42,1st Edition,SBC1-ENF12,Common,Normal Spell,SPELL,,,
512370,Twister,Twister,https://tcgplayer-cdn.tcgplayer.com/product/512370_200w.jpg,2,23073,https://cpt.tcgcsv.com/qZ66,2023-08-25T04:03:09.797,1,"Pay 500 LP, then target 1 face-up Spell/Trap on the field; destroy that target.",,0.09,0.21,0.99,0.21,,1st Edition,SBC1-ENF13,Common,Quick-Play Spell,SPELL,,,
512371,Night Beam,Night Beam,https://tcgplayer-cdn.tcgplayer.com/product/512371_200w.jpg,2,23073,https://cpt.tcgcsv.com/rZ66,2023-08-25T04:03:09.797,1,Target 1 Set Spell/Trap your opponent controls; destroy that target. Your opponent cannot activate the targeted card in response to this card's activation.,,0.1,0.23,0.99,0.21,,1st Edition,SBC1-ENF14,Common,Normal Spell,SPELL,,,
512372,Night Beam (Secret Rare),Night Beam Secret Rare,https://tcgplayer-cdn.tcgplayer.com/product/512372_200w.jpg,2,23073,https://cpt.tcgcsv.com/sZ66,2023-08-28T16:53:47.183,1,Target 1 Set Spell/Trap your opponent controls; destroy that target. Your opponent cannot activate the targeted card in response to this card's activation.,,0.3,0.73,25.0,0.6,0.5,1st Edition,SBC1-ENF14,Secret Rare,Normal Spell,SPELL,,,
512374,Nobleman of Crossout,Nobleman of Crossout,https://tcgplayer-cdn.tcgplayer.com/product/512374_200w.jpg,2,23073,https://cpt.tcgcsv.com/vZ66,2023-08-25T04:03:09.797,1,"Target 1 face-down monster on the field; destroy that target, and if you do, banish it, then, if it was a Flip monster, each player reveals their Main Deck, then banishes all cards from it with that monster's name.",,0.81,1.0,1.5,1.01,,1st Edition,SBC1-ENF15,Common,Normal Spell,SPELL,,,
512375,Pineapple Blast,Pineapple Blast,https://tcgplayer-cdn.tcgplayer.com/product/512375_200w.jpg,2,23073,https://cpt.tcgcsv.com/wZ66,2023-08-25T04:03:09.797,1,"When you Normal Summon a monster, if your opponent controls more monsters than you do: Destroy your opponent's monsters so that your opponent controls the same number of monsters as you (your opponent chooses which of their monsters are destroyed).",,0.09,0.15,0.99,0.14,,1st Edition,SBC1-ENF16,Common,Normal Trap,TRAP,,,
512376,Metalmorph,Metalmorph,https://tcgplayer-cdn.tcgplayer.com/product/512376_200w.jpg,2,23073,https://cpt.tcgcsv.com/xZ66,2023-08-25T04:03:09.797,1,"Target 1 face-up monster on the field; equip this card to that target. It gains 300 ATK/DEF. If it attacks, it gains ATK equal to half the ATK of the attack target, during damage calculation only.",,0.14,0.25,0.94,0.22,,1st Edition,SBC1-ENF17,Common,Normal Trap,TRAP,,,
512378,Michizure,Michizure,https://tcgplayer-cdn.tcgplayer.com/product/512378_200w.jpg,2,23073,https://cpt.tcgcsv.com/BZ66,2023-08-25T04:03:09.797,1,"When a monster is sent from the field to your GY, even during the Damage Step: Target 1 monster on the field; destroy it.",,0.07,0.19,0.99,0.15,,1st Edition,SBC1-ENF18,Common,Normal Trap,TRAP,,,
512379,The Forceful Checkpoint,The Forceful Checkpoint,https://tcgplayer-cdn.tcgplayer.com/product/512379_200w.jpg,2,23073,https://cpt.tcgcsv.com/CZ66,2023-08-25T04:03:09.797,1,"When an opponent's monster declares an attack: Look at your opponent's hand, and if there is a Monster Card, negate the attack, then discard 1 monster from their hand (your choice).",,0.09,0.19,0.99,0.17,,1st Edition,SBC1-ENF19,Common,Normal Trap,TRAP,,,
512380,Floodgate Trap Hole,Floodgate Trap Hole,https://tcgplayer-cdn.tcgplayer.com/product/512380_200w.jpg,2,23073,https://cpt.tcgcsv.com/DZ66,2023-08-25T04:03:09.797,1,When your opponent Summons a monster(s): Change that monster(s) to face-down Defense Position. Monsters changed to face-down Defense Position by this effect cannot change their battle positions.,,0.1,0.24,0.99,0.17,,1st Edition,SBC1-ENF20,Common,Normal Trap,TRAP,,,
512387,Dark Magician (G) (Secret Rare),Dark Magician G Secret Rare,https://tcgplayer-cdn.tcgplayer.com/product/512387_200w.jpg,2,23073,https://cpt.tcgcsv.com/MZ66,2023-08-25T04:03:09.797,1,<em>The ultimate wizard in terms of attack and defense.</em>,,1.51,2.37,19.99,1.88,,1st Edition,SBC1-ENG01,Secret Rare,Normal Monster,DARK,Spellcaster,2500,2100
512388,Dark Magician (G),Dark Magician G,https://tcgplayer-cdn.tcgplayer.com/product/512388_200w.jpg,2,23073,https://cpt.tcgcsv.com/NZ66,2023-08-25T04:03:09.797,1,<em>The ultimate wizard in terms of attack and defense.</em>,,0.2,0.39,1.25,0.39,,1st Edition,SBC1-ENG10,Common,Normal Monster,DARK,Spellcaster,2500,2100
512389,Chow Sai the Ghost Stopper,Chow Sai the Ghost Stopper,https://tcgplayer-cdn.tcgplayer.com/product/512389_200w.jpg,2,23073,https://cpt.tcgcsv.com/PZ66,2023-08-25T04:03:09.797,1,Neither player can activate the effects of Spell/Trap Cards in the GY. If this card is sent from the field to your GY: You can target 1 Spell/Trap in your opponent's GY; banish it.,,0.05,0.18,0.99,0.15,,1st Edition,SBC1-ENG02,Common,Effect Monster,DARK,Spellcaster,1900,800
512390,Chow Len the Prophet,Chow Len the Prophet,https://tcgplayer-cdn.tcgplayer.com/product/512390_200w.jpg,2,23073,https://cpt.tcgcsv.com/QZ66,2023-08-25T04:03:09.797,1,"Once per turn: You can declare either Spell or Trap, and target 1 Set card in your opponent's Spell & Trap Card Zone; look at that target, and if it is the declared card type, that card cannot be activated this turn.",,0.05,0.15,0.99,0.08,,1st Edition,SBC1-ENG03,Common,Effect Monster,FIRE,Spellcaster,1800,200
512391,Anarchist Monk Ranshin,Anarchist Monk Ranshin,https://tcgplayer-cdn.tcgplayer.com/product/512391_200w.jpg,2,23073,https://cpt.tcgcsv.com/RZ66,2023-11-15T14:00:18.223,1,"When this card you control is sent to your Graveyard by your opponent's card (either by battle, by card effect, or by being destroyed): Target 1 monster in your opponent's Graveyard; banish that target.",,0.06,0.15,0.99,0.08,,1st Edition,SBC1-ENG04,Common,Effect Monster,EARTH,Spellcaster,1800,100
512392,"Mei-Kou, Master of Barriers",Mei Kou Master of Barriers,https://tcgplayer-cdn.tcgplayer.com/product/512392_200w.jpg,2,23073,https://cpt.tcgcsv.com/SZ66,2023-08-25T04:03:09.797,1,"You can Tribute this card, then target 1 face-up Continuous Spell or Continuous Trap Card on the field; destroy that target.",,0.06,0.15,0.99,0.17,,1st Edition,SBC1-ENG05,Common,Effect Monster,LIGHT,Spellcaster,1700,600
512394,Kycoo the Ghost Destroyer,Kycoo the Ghost Destroyer,https://tcgplayer-cdn.tcgplayer.com/product/512394_200w.jpg,2,23073,https://cpt.tcgcsv.com/VZ66,2023-08-25T04:03:09.797,1,When this card inflicts battle damage to your opponent: You can target up to 2 monsters in their GY; banish those targets. Your opponent cannot banish cards from either GY.,,1.88,2.2,3.54,2.01,1.91,1st Edition,SBC1-ENG06,Common,Effect Monster,DARK,Spellcaster,1800,700
512395,Kycoo the Ghost Destroyer (Secret Rare),Kycoo the Ghost Destroyer Secret Rare,https://tcgplayer-cdn.tcgplayer.com/product/512395_200w.jpg,2,23073,https://cpt.tcgcsv.com/WZ66,2023-08-28T16:53:23.827,1,When this card inflicts battle damage to your opponent: You can target up to 2 monsters in their GY; banish those targets. Your opponent cannot banish cards from either GY.,,3.91,6.0,19.99,4.44,,1st Edition,SBC1-ENG06,Secret Rare,Effect Monster,DARK,Spellcaster,1800,700
512396,Legion the Fiend Jester,Legion the Fiend Jester,https://tcgplayer-cdn.tcgplayer.com/product/512396_200w.jpg,2,23073,https://cpt.tcgcsv.com/XZ66,2023-08-25T04:03:09.797,1,"During your Main Phase, you can Tribute Summon 1 Spellcaster-Type monster in face-up Attack Position, in addition to your Normal Summon/Set. (You can only gain this effect once per turn.) If this card is sent from the field to the Graveyard: You can add 1 Spellcaster-Type Normal Monster from your Deck or GY to your hand. You can only use this effect of ""Legion the Fiend Jester"" once per turn.",,0.1,0.24,0.94,0.23,,1st Edition,SBC1-ENG07,Common,Effect Monster,DARK,Spellcaster,1300,1500
512397,Double Coston,Double Coston,https://tcgplayer-cdn.tcgplayer.com/product/512397_200w.jpg,2,23073,https://cpt.tcgcsv.com/ZZ66,2023-08-25T04:03:09.797,1,This card can be treated as 2 Tributes for the Tribute Summon of a DARK monster.,,0.13,0.25,0.99,0.21,,1st Edition,SBC1-ENG08,Common,Effect Monster,DARK,Zombie,1700,1650
512398,Sealmaster Meisei,Sealmaster Meisei,https://tcgplayer-cdn.tcgplayer.com/product/512398_200w.jpg,2,23073,https://cpt.tcgcsv.com/-Z66,2023-08-25T04:03:09.797,1,<em>One of the few people who has a good command of Talismans. His history is a mystery.</em>,,0.07,0.17,0.99,0.13,,1st Edition,SBC1-ENG09,Common,Normal Monster,DARK,Spellcaster,1100,900
512402,Anti-Magic Arrows,Anti Magic Arrows,https://tcgplayer-cdn.tcgplayer.com/product/512402_200w.jpg,2,23073,https://cpt.tcgcsv.com/3-66,2023-08-25T04:03:09.797,1,"At the start of the Battle Phase: For the rest of this turn after this card resolves, Spell/Trap Cards, and their effects, cannot be activated. Cards and effects cannot be activated in response to this card's activation.",,0.2,0.36,1.5,0.36,0.2,1st Edition,SBC1-ENG11,Common,Quick-Play Spell,SPELL,,,
512403,Anti-Magic Arrows (Secret Rare),Anti Magic Arrows Secret Rare,https://tcgplayer-cdn.tcgplayer.com/product/512403_200w.jpg,2,23073,https://cpt.tcgcsv.com/5-66,2023-08-28T16:48:16.95,1,"At the start of the Battle Phase: For the rest of this turn after this card resolves, Spell/Trap Cards, and their effects, cannot be activated. Cards and effects cannot be activated in response to this card's activation.",,1.45,1.99,8.97,1.61,,1st Edition,SBC1-ENG11,Secret Rare,Quick-Play Spell,SPELL,,,
512405,Talisman of Trap Sealing,Talisman of Trap Sealing,https://tcgplayer-cdn.tcgplayer.com/product/512405_200w.jpg,2,23073,https://cpt.tcgcsv.com/7-66,2023-08-25T04:03:09.797,1,"You can only activate this card when there is a face-up Sealmaster Meisei on your side of the field. As long as this card remains face-up on the field, Trap Cards cannot be activated and the effects of face-up Trap Cards on the field are negated. When Sealmaster Meisei is removed from the field, destroy this card.",,0.08,0.15,0.99,0.12,,1st Edition,SBC1-ENG12,Common,Continuous Spell,SPELL,,,
512406,Dark Magic Curtain,Dark Magic Curtain,https://tcgplayer-cdn.tcgplayer.com/product/512406_200w.jpg,2,23073,https://cpt.tcgcsv.com/8-66,2023-08-25T04:03:09.797,1,"Pay half your LP; Special Summon 1 ""Dark Magician"" from your Deck. You cannot Summon other monsters the turn you activate this card (but you can Normal Set).",,0.1,0.22,1.25,0.22,,1st Edition,SBC1-ENG13,Common,Normal Spell,SPELL,,,
512407,Dark Magic Curtain (Secret Rare),Dark Magic Curtain Secret Rare,https://tcgplayer-cdn.tcgplayer.com/product/512407_200w.jpg,2,23073,https://cpt.tcgcsv.com/9-66,2023-08-28T16:48:30.073,1,"Pay half your LP; Special Summon 1 ""Dark Magician"" from your Deck. You cannot Summon other monsters the turn you activate this card (but you can Normal Set).",,0.4,0.71,3.28,0.54,,1st Edition,SBC1-ENG13,Secret Rare,Normal Spell,SPELL,,,
512409,Thousand Knives,Thousand Knives,https://tcgplayer-cdn.tcgplayer.com/product/512409_200w.jpg,2,23073,https://cpt.tcgcsv.com/c-66,2023-08-25T04:03:09.797,1,"If you control ""Dark Magician"": Target 1 monster your opponent controls; destroy that target.",,0.09,0.25,0.99,0.22,,1st Edition,SBC1-ENG14,Common,Normal Spell,SPELL,,,
512411,Dark Magic Attack,Dark Magic Attack,https://tcgplayer-cdn.tcgplayer.com/product/512411_200w.jpg,2,23073,https://cpt.tcgcsv.com/f-66,2023-08-25T04:03:09.797,1,"If you control ""Dark Magician"": Destroy all Spells and Traps your opponent controls.",,0.2,0.32,0.99,0.34,,1st Edition,SBC1-ENG15,Common,Normal Spell,SPELL,,,
512412,Summoner's Art,Summoners Art,https://tcgplayer-cdn.tcgplayer.com/product/512412_200w.jpg,2,23073,https://cpt.tcgcsv.com/g-66,2023-08-25T04:03:09.797,1,Add 1 Level 5 or higher Normal Monster from your Deck to your hand.,,0.21,0.3,0.99,0.3,,1st Edition,SBC1-ENG16,Common,Normal Spell,SPELL,,,
512413,Talisman of Spell Sealing,Talisman of Spell Sealing,https://tcgplayer-cdn.tcgplayer.com/product/512413_200w.jpg,2,23073,https://cpt.tcgcsv.com/h-66,2023-08-25T04:03:09.797,1,"You can only activate this card while there is a face-up ""Sealmaster Meisei"" on your side of the field. While this card is face-up on the field, Spell Cards cannot be activated and the effects of face-up Spell Cards on the field are negated. When ""Sealmaster Meisei"" is removed from the field, destroy this card.",,0.06,0.14,0.99,0.12,,1st Edition,SBC1-ENG17,Common,Continuous Trap,TRAP,,,
512414,Birthright,Birthright,https://tcgplayer-cdn.tcgplayer.com/product/512414_200w.jpg,2,23073,https://cpt.tcgcsv.com/j-66,2023-08-25T04:03:09.797,1,"Activate this card by targeting 1 Normal Monster in your Graveyard; Special Summon that target in face-up Attack Position. When this card leaves the field, destroy that monster. When that monster leaves the field, destroy this card.",,0.08,0.2,0.99,0.25,,1st Edition,SBC1-ENG18,Common,Continuous Trap,TRAP,,,
512415,Dark Renewal,Dark Renewal,https://tcgplayer-cdn.tcgplayer.com/product/512415_200w.jpg,2,23073,https://cpt.tcgcsv.com/k-66,2023-08-25T04:03:09.797,1,"When your opponent Normal or Special Summons a monster(s): Target 1 of those monsters and 1 Spellcaster monster you control; send both monsters to the GY, then you can Special Summon 1 DARK Spellcaster monster from your Deck or GY.",,0.22,0.29,0.99,0.3,,1st Edition,SBC1-ENG19,Common,Normal Trap,TRAP,,,
512416,Dark Renewal (Secret Rare),Dark Renewal Secret Rare,https://tcgplayer-cdn.tcgplayer.com/product/512416_200w.jpg,2,23073,https://cpt.tcgcsv.com/l-66,2023-08-28T16:50:47.047,1,"When your opponent Normal or Special Summons a monster(s): Target 1 of those monsters and 1 Spellcaster monster you control; send both monsters to the GY, then you can Special Summon 1 DARK Spellcaster monster from your Deck or GY.",,0.48,0.57,2.99,0.56,,1st Edition,SBC1-ENG19,Secret Rare,Normal Trap,TRAP,,,
512418,Slifer the Sky Dragon,Slifer the Sky Dragon,https://tcgplayer-cdn.tcgplayer.com/product/512418_200w.jpg,2,23073,https://cpt.tcgcsv.com/n-66,2023-08-25T04:03:09.797,1,"Requires 3 Tributes to Normal Summon (cannot be Normal Set). This card's Normal Summon cannot be negated. When Normal Summoned, cards and effects cannot be activated. Once per turn, during the End Phase, if this card was Special Summoned: Send it to the GY. Gains 1000 ATK/DEF for each card in your hand. If a monster(s) is Normal or Special Summoned to your opponent's field in Attack Position: That monster(s) loses 2000 ATK, then if its ATK has been reduced to 0 as a result, destroy it.",,0.45,1.0,19.99,0.58,,1st Edition,SBC1-ENH01,Secret Rare,Effect Monster,DIVINE,Divine-Beast,,
512420,Revival Jam,Revival Jam,https://tcgplayer-cdn.tcgplayer.com/product/512420_200w.jpg,2,23073,https://cpt.tcgcsv.com/q-66,2023-08-25T04:03:09.797,1,When this card is destroyed by battle and sent to the Graveyard: You can pay 1000 Life Points; Special Summon it in face-up Defense Position during your next Standby Phase.,,0.1,0.24,0.89,0.2,,1st Edition,SBC1-ENH02,Common,Effect Monster,WATER,Aqua,1500,500
512421,Humanoid Slime,Humanoid Slime,https://tcgplayer-cdn.tcgplayer.com/product/512421_200w.jpg,2,23073,https://cpt.tcgcsv.com/r-66,2023-08-25T04:03:09.797,1,<em>This slime apparently has some human genes in its genetic makeup.</em>,,0.15,0.23,0.94,0.22,,1st Edition,SBC1-ENH03,Common,Normal Monster,WATER,Aqua,800,2000
512425,Worm Drake,Worm Drake,https://tcgplayer-cdn.tcgplayer.com/product/512425_200w.jpg,2,23073,https://cpt.tcgcsv.com/w-66,2023-08-25T04:03:09.797,1,"<em>Once this monster wraps itself around a victim, there is no escape.</em>",,0.09,0.2,0.99,0.19,,1st Edition,SBC1-ENH04,Common,Normal Monster,EARTH,Reptile,1400,1500
512426,Reactor Slime,Reactor Slime,https://tcgplayer-cdn.tcgplayer.com/product/512426_200w.jpg,2,23073,https://cpt.tcgcsv.com/x-66,2023-08-25T04:03:09.797,1,"During your Main Phase: You can activate this effect; Special Summon 2 ""Slime Tokens"" (Aqua/WATER/Level 1/ATK 500/DEF 500), also you cannot Normal or Special Summon monsters for the rest of this turn, except Divine-Beast monsters. During the Battle Phase (Quick Effect): You can Tribute this card; Set 1 ""Metal Reflect Slime"" from your hand, Deck, or GY. It can be activated this turn. You can only use each effect of ""Reactor Slime"" once per turn.",,0.18,0.25,0.99,0.22,,1st Edition,SBC1-ENH05,Common,Effect Monster,WATER,Aqua,500,500
512427,Muka Muka,Muka Muka,https://tcgplayer-cdn.tcgplayer.com/product/512427_200w.jpg,2,23073,https://cpt.tcgcsv.com/z-66,2023-08-25T04:03:09.797,1,This card gains 300 ATK and DEF for each card in your hand.,,0.07,0.15,0.99,0.11,,1st Edition,SBC1-ENH06,Common,Effect Monster,EARTH,Rock,600,300
512428,Enraged Muka Muka,Enraged Muka Muka,https://tcgplayer-cdn.tcgplayer.com/product/512428_200w.jpg,2,23073,https://cpt.tcgcsv.com/B-66,2023-08-25T04:03:09.797,1,This card gains 400 ATK and DEF for each card in your hand.,,0.05,0.15,0.99,0.07,,1st Edition,SBC1-ENH07,Common,Effect Monster,EARTH,Rock,1200,600
512429,Magical Reflect Slime,Magical Reflect Slime,https://tcgplayer-cdn.tcgplayer.com/product/512429_200w.jpg,2,23073,https://cpt.tcgcsv.com/C-66,2023-08-25T04:03:09.797,1,"This card is treated as a Normal Monster while face-up on the field or in the Graveyard. While this card is face-up on the field, you can Normal Summon it to have be treated as an Effect Monster with this effect:
<br>• Your opponent takes all Battle Damage that you would have taken from a battle involving this card.",,0.1,0.25,0.99,0.19,,1st Edition,SBC1-ENH08,Common,Gemini Monster,WATER,Aqua,700,1200
512430,Sinister Serpent,Sinister Serpent,https://tcgplayer-cdn.tcgplayer.com/product/512430_200w.jpg,2,23073,https://cpt.tcgcsv.com/D-66,2023-08-25T04:03:09.797,1,"During your Standby Phase, if this card is in your GY: You can add it to your hand, also banish 1 ""Sinister Serpent"" from your GY during your opponent's next End Phase. You can only use this effect of ""Sinister Serpent"" once per turn.",,0.56,0.69,1.09,0.64,,1st Edition,SBC1-ENH09,Common,Effect Monster,WATER,Reptile,300,250
512431,Mother Grizzly,Mother Grizzly,https://tcgplayer-cdn.tcgplayer.com/product/512431_200w.jpg,2,23073,https://cpt.tcgcsv.com/F-66,2023-08-25T04:03:09.797,1,"When this card is destroyed by battle and sent to the GY: You can Special Summon 1 WATER monster with 1500 or less ATK from your Deck, in Attack Position.",,0.09,0.24,0.99,0.18,,1st Edition,SBC1-ENH10,Common,Effect Monster,WATER,Beast-Warrior,1400,1000
512432,Jam Breeding Machine,Jam Breeding Machine,https://tcgplayer-cdn.tcgplayer.com/product/512432_200w.jpg,2,23073,https://cpt.tcgcsv.com/G-66,2023-08-25T04:03:09.797,1,"During each of your Standby Phases: Special Summon 1 ""Slime Token"" (Aqua-Type/WATER/Level 1/ATK 500/DEF 500) in Attack Position. You cannot Summon any monsters, except ""Slime Tokens"" (but you can Set).",,0.11,0.23,0.95,0.2,,1st Edition,SBC1-ENH11,Common,Continuous Spell,SPELL,,,
512433,Emergency Provisions,Emergency Provisions,https://tcgplayer-cdn.tcgplayer.com/product/512433_200w.jpg,2,23073,https://cpt.tcgcsv.com/H-66,2023-08-25T04:03:09.797,1,Send any number of other Spell/Trap Cards you control to the Graveyard; gain 1000 LP for each card sent to the Graveyard this way.,,0.16,0.31,0.94,0.3,,1st Edition,SBC1-ENH12,Common,Quick-Play Spell,SPELL,,,
512434,Infinite Cards,Infinite Cards,https://tcgplayer-cdn.tcgplayer.com/product/512434_200w.jpg,2,23073,https://cpt.tcgcsv.com/J-66,2023-08-25T04:03:09.797,1,There is no limit to the hand size for each player.,,0.09,0.18,0.94,0.18,,1st Edition,SBC1-ENH13,Common,Continuous Spell,SPELL,,,
512435,Token Sundae,Token Sundae,https://tcgplayer-cdn.tcgplayer.com/product/512435_200w.jpg,2,23073,https://cpt.tcgcsv.com/K-66,2023-08-25T04:03:09.797,1,"Destroy all Tokens you control, then destroy cards on the field up to the number of Tokens destroyed by this effect.",,0.09,0.21,0.99,0.3,,1st Edition,SBC1-ENH14,Common,Normal Spell,SPELL,,,
512436,Polymerization (H),Polymerization H,https://tcgplayer-cdn.tcgplayer.com/product/512436_200w.jpg,2,23073,https://cpt.tcgcsv.com/L-66,2023-08-25T04:03:09.797,1,"Fusion Summon 1 Fusion Monster from your Extra Deck, using monsters from your hand or field as Fusion Material.",,0.15,0.36,1.0,0.33,,1st Edition,SBC1-ENH15,Common,Normal Spell,SPELL,,,
512437,Jam Defender,Jam Defender,https://tcgplayer-cdn.tcgplayer.com/product/512437_200w.jpg,2,23073,https://cpt.tcgcsv.com/M-66,2023-08-25T04:03:09.797,1,"When an opponent's monster declares an attack on a monster you control: You can target 1 ""Revival Jam"" you control; switch the attack target to that target.",,0.1,0.25,0.95,0.2,,1st Edition,SBC1-ENH16,Common,Continuous Trap,TRAP,,,
512438,Solemn Wishes,Solemn Wishes,https://tcgplayer-cdn.tcgplayer.com/product/512438_200w.jpg,2,23073,https://cpt.tcgcsv.com/N-66,2023-08-25T04:03:09.797,1,Increase your Life Points by 500 points each time you draw a card (or cards).,,0.24,0.38,0.99,0.38,,1st Edition,SBC1-ENH17,Common,Continuous Trap,TRAP,,,
512439,Token Stampede,Token Stampede,https://tcgplayer-cdn.tcgplayer.com/product/512439_200w.jpg,2,23073,https://cpt.tcgcsv.com/P-66,2023-08-25T04:03:09.797,1,"All Tokens in Attack Position gain 1000 ATK, also they cannot be destroyed by battle.",,0.08,0.19,0.99,0.1,,1st Edition,SBC1-ENH18,Common,Continuous Trap,TRAP,,,
512440,Humanoid Worm Drake,Humanoid Worm Drake,https://tcgplayer-cdn.tcgplayer.com/product/512440_200w.jpg,2,23073,https://cpt.tcgcsv.com/Q-66,2023-08-25T04:03:09.797,1,"""Worm Drake"" + ""Humanoid Slime""",,0.09,0.22,0.99,0.19,,1st Edition,SBC1-ENH19,Common,Fusion Monster,WATER,Aqua,2200,2000
512441,Summoned Skull,Summoned Skull,https://tcgplayer-cdn.tcgplayer.com/product/512441_200w.jpg,2,23073,https://cpt.tcgcsv.com/R-66,2023-08-25T04:03:09.797,1,"<em>A fiend with dark powers for confusing the enemy. Among the Fiend-Type monsters, this monster boasts considerable force.</em>
<br>(This card is always treated as an ""Archfiend"" card.)",,0.24,0.43,0.99,0.38,,1st Edition,SBC1-ENI01,Common,Normal Monster,DARK,Fiend,2500,1200
512442,Summoned Skull (Secret Rare),Summoned Skull Secret Rare,https://tcgplayer-cdn.tcgplayer.com/product/512442_200w.jpg,2,23073,https://cpt.tcgcsv.com/S-66,2023-08-28T16:54:16.63,1,"<em>A fiend with dark powers for confusing the enemy. Among the Fiend-Type monsters, this monster boasts considerable force.</em>
<br>(This card is always treated as an ""Archfiend"" card.)",,6.05,7.56,39.99,7.55,,1st Edition,SBC1-ENI01,Secret Rare,Normal Monster,DARK,Fiend,2500,1200
512443,Brain Crusher,Brain Crusher,https://tcgplayer-cdn.tcgplayer.com/product/512443_200w.jpg,2,23073,https://cpt.tcgcsv.com/T-66,2023-08-25T04:03:09.797,1,"Once per turn, during the End Phase, if this card destroyed an opponent's monster by battle and sent it to the Graveyard this turn while you controlled it: You can target 1 of those destroyed monsters in the Graveyard; Special Summon that target.",,0.08,0.2,0.99,0.12,,1st Edition,SBC1-ENI02,Common,Effect Monster,DARK,Insect,2400,1500
512444,Chaos Command Magician,Chaos Command Magician,https://tcgplayer-cdn.tcgplayer.com/product/512444_200w.jpg,2,23073,https://cpt.tcgcsv.com/V-66,2023-08-25T04:03:09.797,1,Negate any monster effects that target this 1 card.,,0.1,0.25,0.94,0.12,,1st Edition,SBC1-ENI03,Common,Effect Monster,LIGHT,Spellcaster,2400,1900
512445,Cross-Sword Beetle,Cross Sword Beetle,https://tcgplayer-cdn.tcgplayer.com/product/512445_200w.jpg,2,23073,https://cpt.tcgcsv.com/W-66,2023-08-25T04:03:09.797,1,"While you control an Insect-Type monster (other than this card), if an Insect-Type monster you control attacks a Defense Position monster, inflict piercing battle damage to your opponent.",,0.05,0.18,0.99,0.09,,1st Edition,SBC1-ENI04,Common,Effect Monster,WIND,Insect,1800,1200
512446,Gearfried the Red-Eyes Iron Knight,Gearfried the Red Eyes Iron Knight,https://tcgplayer-cdn.tcgplayer.com/product/512446_200w.jpg,2,23073,https://cpt.tcgcsv.com/X-66,2023-08-25T04:03:09.797,1,"Once per turn, if either player equips an Equip Card(s) to this card: You can destroy those Equip Cards, then you can destroy 1 Spell/Trap your opponent controls. Once per turn: You can send 1 Equip Card you control that is equipped to this card to the GY, then target 1 Level 7 or lower ""Red-Eyes"" monster in your GY; Special Summon it.",,0.72,0.99,1.99,0.88,,1st Edition,SBC1-ENI05,Common,Effect Monster,DARK,Warrior,1800,1600
512447,Goblin Attack Force,Goblin Attack Force,https://tcgplayer-cdn.tcgplayer.com/product/512447_200w.jpg,2,23073,https://cpt.tcgcsv.com/Z-66,2023-08-25T04:03:09.797,1,"If this card attacks, it is changed to Defense Position at the end of the Battle Phase, and its battle position cannot be changed until the End Phase of your next turn.",,0.1,0.26,0.94,0.24,,1st Edition,SBC1-ENI06,Common,Effect Monster,EARTH,Warrior,2300,0
512448,Goblin Attack Force (Secret Rare),Goblin Attack Force Secret Rare,https://tcgplayer-cdn.tcgplayer.com/product/512448_200w.jpg,2,23073,https://cpt.tcgcsv.com/--66,2023-08-28T16:52:05.37,1,"If this card attacks, it is changed to Defense Position at the end of the Battle Phase, and its battle position cannot be changed until the End Phase of your next turn.",,0.75,1.68,4.99,1.37,,1st Edition,SBC1-ENI06,Secret Rare,Effect Monster,EARTH,Warrior,2300,0
512449,Maiden of Macabre,Maiden of Macabre,https://tcgplayer-cdn.tcgplayer.com/product/512449_200w.jpg,2,23073,https://cpt.tcgcsv.com/_-66,2023-08-25T04:03:09.797,1,"Each time this card destroys a monster by battle, place 1 Spell Counter on this card. This card gains 200 ATK for every Spell Counter on it.",,0.15,0.24,0.94,0.24,,1st Edition,SBC1-ENI07,Common,Effect Monster,DARK,Spellcaster,1700,0
512450,Magical Marionette,Magical Marionette,https://tcgplayer-cdn.tcgplayer.com/product/512450_200w.jpg,2,23073,https://cpt.tcgcsv.com/0_66,2023-08-25T04:03:09.797,1,"Each time a Spell Card is activated, place 1 Spell Counter on this card when that Spell Card resolves. This card gains 200 ATK for each Spell Counter on it. You can remove 2 Spell Counters from this card, then target 1 monster on the field; destroy that target.",,0.1,0.2,0.94,0.19,,1st Edition,SBC1-ENI08,Common,Effect Monster,DARK,Spellcaster,2000,1000
512451,Pumprincess the Princess of Ghosts,Pumprincess the Princess of Ghosts,https://tcgplayer-cdn.tcgplayer.com/product/512451_200w.jpg,2,23073,https://cpt.tcgcsv.com/2_66,2023-08-25T04:03:09.797,1,"If this face-up card is destroyed while in a Monster Zone, you can place it face-up in your Spell & Trap Zone as a Continuous Spell Card, instead of sending it to the Graveyard. While this card is treated as a Continuous Spell Card by this effect, during each player's Standby Phase: Place 1 Pumpkin Counter on this card. All monsters your opponent controls lose 100 ATK and DEF for each Pumpkin Counter on this card.",,0.09,0.2,0.99,0.12,,1st Edition,SBC1-ENI09,Common,Effect Monster,DARK,Zombie,900,1000
512452,Red-Eyes Baby Dragon,Red Eyes Baby Dragon,https://tcgplayer-cdn.tcgplayer.com/product/512452_200w.jpg,2,23073,https://cpt.tcgcsv.com/3_66,2023-08-25T04:03:09.797,1,"When this card is destroyed by battle and sent to the GY: You can Special Summon 1 Level 7 or lower ""Red-Eyes"" monster from your Deck, and if you do, equip this card from the GY to it. It gains 300 ATK. If this card is sent to the GY while equipped to a monster: You can add 1 Level 1 Dragon monster from your Deck or GY to your hand.",,3.37,3.44,3.99,3.37,,1st Edition,SBC1-ENI10,Common,Effect Monster,DARK,Dragon,1200,700
512453,Reversible Beetle,Reversible Beetle,https://tcgplayer-cdn.tcgplayer.com/product/512453_200w.jpg,2,23073,https://cpt.tcgcsv.com/5_66,2023-08-25T04:03:09.797,1,"FLIP: Shuffle this card, and any face-up monsters in its column, into the Deck(s).
<br>If this card is Normal or Special Summoned: Change this card, and any monsters in its column, to face-down Defense Position. You can only use each effect of ""Reversible Beetle"" once per turn.",,0.05,0.19,0.99,0.16,,1st Edition,SBC1-ENI11,Common,Flip Monster,EARTH,Insect,1100,1500
512454,Warrior of Atlantis,Warrior of Atlantis,https://tcgplayer-cdn.tcgplayer.com/product/512454_200w.jpg,2,23073,https://cpt.tcgcsv.com/6_66,2023-08-25T04:03:09.797,1,"You can discard this card to the Graveyard to add 1 ""A Legendary Ocean"" from your Deck to your hand.",,0.43,0.75,1.69,0.63,,1st Edition,SBC1-ENI12,Common,Effect Monster,WATER,Aqua,1900,1200
512455,Zera the Mant,Zera the Mant,https://tcgplayer-cdn.tcgplayer.com/product/512455_200w.jpg,2,23073,https://cpt.tcgcsv.com/7_66,2023-08-25T04:03:09.797,1,"This card can only be Ritual Summoned with the Ritual Spell Card, ""Zera Ritual"".",,0.1,0.2,0.99,0.16,,1st Edition,SBC1-ENI13,Common,Ritual Monster,DARK,Fiend,2800,2300
512456,Acid Rain,Acid Rain,https://tcgplayer-cdn.tcgplayer.com/product/512456_200w.jpg,2,23073,https://cpt.tcgcsv.com/8_66,2023-08-25T04:03:09.797,1,Destroy all face-up Machine-Type monsters on the field.,,0.01,0.17,0.99,0.15,,1st Edition,SBC1-ENI14,Common,Normal Spell,SPELL,,,
512457,Book of Taiyou,Book of Taiyou,https://tcgplayer-cdn.tcgplayer.com/product/512457_200w.jpg,2,23073,https://cpt.tcgcsv.com/9_66,2023-08-25T04:03:09.797,1,Flip 1 face-down monster on the field into face-up Attack Position.,,0.69,0.99,2.0,0.77,,1st Edition,SBC1-ENI15,Common,Normal Spell,SPELL,,,
512458,Exchange,Exchange,https://tcgplayer-cdn.tcgplayer.com/product/512458_200w.jpg,2,23073,https://cpt.tcgcsv.com/b_66,2023-08-25T04:03:09.797,1,Both players reveal their hands and add 1 card from each other's hand to their hand.,,0.15,0.35,4.99,0.42,,1st Edition,SBC1-ENI16,Common,Normal Spell,SPELL,,,
512459,Exchange (Secret Rare),Exchange Secret Rare,https://tcgplayer-cdn.tcgplayer.com/product/512459_200w.jpg,2,23073,https://cpt.tcgcsv.com/c_66,2023-08-28T16:51:38.067,1,Both players reveal their hands and add 1 card from each other's hand to their hand.,,0.3,0.75,4.99,0.62,,1st Edition,SBC1-ENI16,Secret Rare,Normal Spell,SPELL,,,
512460,Last Day of Witch,Last Day of Witch,https://tcgplayer-cdn.tcgplayer.com/product/512460_200w.jpg,2,23073,https://cpt.tcgcsv.com/d_66,2023-08-25T04:03:09.797,1,Destroy all face-up Spellcaster-Type monsters on the field.,,0.09,0.21,1.95,0.18,,1st Edition,SBC1-ENI17,Common,Normal Spell,SPELL,,,
512461,Mega Ton Magical Cannon,Mega Ton Magical Cannon,https://tcgplayer-cdn.tcgplayer.com/product/512461_200w.jpg,2,23073,https://cpt.tcgcsv.com/f_66,2023-08-25T04:03:09.797,1,Remove 10 Spell Counters on your side of the field. Destroy all cards on your opponent''s side of the field.,,0.06,0.17,0.99,0.17,,1st Edition,SBC1-ENI18,Common,Normal Spell,SPELL,,,
512462,Zera Ritual,Zera Ritual,https://tcgplayer-cdn.tcgplayer.com/product/512462_200w.jpg,2,23073,https://cpt.tcgcsv.com/g_66,2023-08-25T04:03:09.797,1,"This card is used to Ritual Summon ""Zera the Mant"". You must also Tribute monsters from the field or your hand whose total Levels equal 8 or more.",,0.05,0.2,0.94,0.13,,1st Edition,SBC1-ENI19,Common,Ritual Spell,SPELL,,,
512463,Barrel Behind the Door,Barrel Behind the Door,https://tcgplayer-cdn.tcgplayer.com/product/512463_200w.jpg,2,23073,https://cpt.tcgcsv.com/h_66,2023-08-25T04:03:09.797,1,Activate only when a card's effect that would inflict damage to you is activated. Your opponent takes the damage instead.,,0.1,0.3,0.99,0.33,,1st Edition,SBC1-ENI20,Common,Counter Trap,TRAP,,,
512464,Exhausting Spell,Exhausting Spell,https://tcgplayer-cdn.tcgplayer.com/product/512464_200w.jpg,2,23073,https://cpt.tcgcsv.com/j_66,2023-08-25T04:03:09.797,1,Remove all Spell Counters on both sides of the field.,,0.01,0.15,0.99,0.06,,1st Edition,SBC1-ENI21,Common,Normal Trap,TRAP,,,
512465,Magical Arm Shield,Magical Arm Shield,https://tcgplayer-cdn.tcgplayer.com/product/512465_200w.jpg,2,23073,https://cpt.tcgcsv.com/k_66,2023-08-25T04:03:09.797,1,"When your opponent declares an attack while you control a monster: Target 1 face-up monster your opponent controls, except the attacking monster; take control of that target until the end of the Battle Phase, and if you do, it is attacked instead, and you proceed to damage calculation.",,0.09,0.2,0.99,0.15,,1st Edition,SBC1-ENI22,Common,Normal Trap,TRAP,,,
512466,Blowback Dragon,Blowback Dragon,https://tcgplayer-cdn.tcgplayer.com/product/512466_200w.jpg,2,23073,https://cpt.tcgcsv.com/l_66,2023-08-25T04:03:09.797,1,Once per turn: You can target 1 card your opponent controls; toss a coin 3 times and destroy that target if at least 2 of the results are heads.,,0.15,0.28,1.0,0.26,0.15,1st Edition,SBC1-ENI23,Common,Effect Monster,DARK,Machine,2300,1200
512467,Dark Scorpion - Meanae the Thorn,Dark Scorpion Meanae the Thorn,https://tcgplayer-cdn.tcgplayer.com/product/512467_200w.jpg,2,23073,https://cpt.tcgcsv.com/m_66,2023-08-25T04:03:09.797,1,"When this card inflicts battle damage to your opponent, you can activate 1 of these effects:
<br>• Add 1 ""Dark Scorpion"" card from your Deck to your hand.
<br>• Target 1 ""Dark Scorpion"" card in your GY; add that target to your hand.",,0.08,0.19,1.0,0.12,,1st Edition,SBC1-ENI24,Common,Effect Monster,DARK,Warrior,1000,1800
512468,Dark Scorpion - Gorg the Strong,Dark Scorpion Gorg the Strong,https://tcgplayer-cdn.tcgplayer.com/product/512468_200w.jpg,2,23073,https://cpt.tcgcsv.com/n_66,2023-08-25T04:03:09.797,1,"When this card inflicts Battle Damage to your opponent, you can activate 1 of these effects:
<br>• Target 1 monster your opponent controls; return that target to the top of the Deck.
<br>• Send the top card of their Deck to the GY.",,0.08,0.18,0.99,0.13,,1st Edition,SBC1-ENI25,Common,Effect Monster,DARK,Warrior,1800,1500
512469,Skilled Red Magician,Skilled Red Magician,https://tcgplayer-cdn.tcgplayer.com/product/512469_200w.jpg,2,23073,https://cpt.tcgcsv.com/p_66,2023-08-25T04:03:09.797,1,"Each time a Spell Card is activated, place 1 Spell Counter on this card when that Spell Card resolves (max. 3). You can Tribute this card with 3 Spell Counters on it; Special Summon 1 ""Archfiend"" monster from your hand, Deck, or GY. You can banish this card from your GY, then target 1 card you control that you can place a Spell Counter on; place 1 Spell Counter on it.",,0.05,0.19,0.94,0.12,,1st Edition,SBC1-ENI26,Common,Effect Monster,DARK,Spellcaster,1600,1600
512470,A Legendary Ocean,A Legendary Ocean,https://tcgplayer-cdn.tcgplayer.com/product/512470_200w.jpg,2,23073,https://cpt.tcgcsv.com/q_66,2023-08-25T04:03:09.797,1,"(This card's name is always treated as ""Umi"".)
<br>
All WATER monsters on the field gain 200 ATK/DEF. Reduce the Level of all WATER monsters in both players' hands and on the field by 1.",,0.1,0.24,0.94,0.18,,1st Edition,SBC1-ENI27,Common,Field Spell,SPELL,,,
512471,Book of Moon,Book of Moon,https://tcgplayer-cdn.tcgplayer.com/product/512471_200w.jpg,2,23073,https://cpt.tcgcsv.com/r_66,2023-08-25T04:03:09.797,1,Target 1 face-up monster on the field; change that target to face-down Defense Position.,,0.2,0.4,0.99,0.25,,1st Edition,SBC1-ENI28,Common,Quick-Play Spell,SPELL,,,
512472,Fusion Weapon,Fusion Weapon,https://tcgplayer-cdn.tcgplayer.com/product/512472_200w.jpg,2,23073,https://cpt.tcgcsv.com/s_66,2023-08-25T04:03:09.797,1,Equip only to a Level 6 or lower Fusion Monster. It gains 1500 ATK/DEF.,,0.06,0.15,0.94,0.11,,1st Edition,SBC1-ENI29,Common,Equip Spell,SPELL,,,
512473,Hammer Shot,Hammer Shot,https://tcgplayer-cdn.tcgplayer.com/product/512473_200w.jpg,2,23073,https://cpt.tcgcsv.com/t_66,2023-08-25T04:03:09.797,1,"Destroy the 1 Attack Position monster on the field with the highest ATK (your choice, if tied).",,0.1,0.25,0.89,0.23,,1st Edition,SBC1-ENI30,Common,Normal Spell,SPELL,,,
512474,Lost Wind,Lost Wind,https://tcgplayer-cdn.tcgplayer.com/product/512474_200w.jpg,2,23073,https://cpt.tcgcsv.com/v_66,2024-11-23T04:30:21.86,1,"Target 1 face-up Special Summoned monster on the field; negate its effects, also its original ATK is halved. If a monster is Special Summoned from your opponent's Extra Deck, while this card is in your GY (except during the Damage Step): You can Set this card, but banish it when it leaves the field.",,0.2,0.3,0.94,0.26,0.2,1st Edition,SBC1-ENI31,Common,Normal Trap,TRAP,,,
512475,Metal Reflect Slime,Metal Reflect Slime,https://tcgplayer-cdn.tcgplayer.com/product/512475_200w.jpg,2,23073,https://cpt.tcgcsv.com/w_66,2023-08-25T04:03:09.797,1,Special Summon this card in Defense Position as an Effect Monster (Aqua-Type/WATER/Level 10/ATK 0/DEF 3000). (This card is also still a Trap Card.) This card cannot attack.,,0.18,0.23,0.89,0.23,,1st Edition,SBC1-ENI32,Common,Continuous Trap,TRAP,,,
512476,Wall of Disruption,Wall of Disruption,https://tcgplayer-cdn.tcgplayer.com/product/512476_200w.jpg,2,23073,https://cpt.tcgcsv.com/x_66,2023-08-25T04:03:09.797,1,When an opponent's monster declares an attack: All Attack Position monsters your opponent controls lose 800 ATK for each monster they control.,,0.13,0.22,0.99,0.15,,1st Edition,SBC1-ENI33,Common,Normal Trap,TRAP,,,
