productId,name,cleanName,imageUrl,categoryId,groupId,url,modifiedOn,imageCount,extNumber,extRarity,extAttribute,extMonsterType,extCardType,extAttack,extDefense,extDescription,lowPrice,midPrice,highPrice,marketPrice,directLowPrice,subTypeName,extUPC
26078,Gemini Summoner,Gemini Summoner,https://tcgplayer-cdn.tcgplayer.com/product/26078_200w.jpg,2,325,https://cpt.tcgcsv.com/Brd,2013-05-09T12:13:41.653,1,TAEV-EN000,Secret Rare,Water,Spellcaster,Effect Monster,1500,0,"Once per turn, during your opponent's End Phase, you can pay 500 Life Points to Normal Summon or Set 1 Gemini monster from your hand or Normal Summon 1 face-up Gemini monster you control. Once per turn, if this card would be destroyed by battle, it is not destroyed. (Damage calculation is applied normally).",5.7,14.87,35.99,6.46,,Unlimited,
26078,Gemini Summoner,Gemini Summoner,https://tcgplayer-cdn.tcgplayer.com/product/26078_200w.jpg,2,325,https://cpt.tcgcsv.com/Brd,2013-05-09T12:13:41.653,1,TAEV-EN000,Secret Rare,Water,Spellcaster,Effect Monster,1500,0,"Once per turn, during your opponent's End Phase, you can pay 500 Life Points to Normal Summon or Set 1 Gemini monster from your hand or Normal Summon 1 face-up Gemini monster you control. Once per turn, if this card would be destroyed by battle, it is not destroyed. (Damage calculation is applied normally).",8.21,13.75,200.0,9.41,,1st Edition,
26079,Alien Shocktrooper,Alien Shocktrooper,https://tcgplayer-cdn.tcgplayer.com/product/26079_200w.jpg,2,325,https://cpt.tcgcsv.com/Crd,2013-05-09T12:13:41.653,1,TAEV-EN001,Common,Earth,Reptile,Normal Monster,1900,800,"The Aliens have used a mysterious biological substance to create a supreme race of soldiers. They do not have the natural powers of the other Aliens, but can make stunning physical attacks.",0.19,0.42,2.67,0.38,,Unlimited,
26079,Alien Shocktrooper,Alien Shocktrooper,https://tcgplayer-cdn.tcgplayer.com/product/26079_200w.jpg,2,325,https://cpt.tcgcsv.com/Crd,2013-05-09T12:13:41.653,1,TAEV-EN001,Common,Earth,Reptile,Normal Monster,1900,800,"The Aliens have used a mysterious biological substance to create a supreme race of soldiers. They do not have the natural powers of the other Aliens, but can make stunning physical attacks.",0.24,0.5,2.5,0.5,,1st Edition,
26080,Volcanic Rat,Volcanic Rat,https://tcgplayer-cdn.tcgplayer.com/product/26080_200w.jpg,2,325,https://cpt.tcgcsv.com/Drd,2013-05-09T12:13:41.653,1,TAEV-EN002,Common,Fire,Pyro,Normal Monster,500,500,A variety of rat that dwells in the incandescent volcanic belt. It has a body that withstands any heat.,0.1,0.25,1.41,0.2,,Unlimited,
26080,Volcanic Rat,Volcanic Rat,https://tcgplayer-cdn.tcgplayer.com/product/26080_200w.jpg,2,325,https://cpt.tcgcsv.com/Drd,2013-05-09T12:13:41.653,1,TAEV-EN002,Common,Fire,Pyro,Normal Monster,500,500,A variety of rat that dwells in the incandescent volcanic belt. It has a body that withstands any heat.,0.1,0.26,1.49,0.28,,1st Edition,
26081,"Renge, Gatekeeper of Dark World",Renge Gatekeeper of Dark World,https://tcgplayer-cdn.tcgplayer.com/product/26081_200w.jpg,2,325,https://cpt.tcgcsv.com/Frd,2013-05-09T12:13:41.653,1,TAEV-EN003,Common,Dark,Fiend,Normal Monster,100,2100,"Proud of the toughest body in the Dark World, he is known by the inhabitants as the ""Iron Wall Range"". Few people have smashed that defense.",0.03,0.22,1.4,0.11,,Unlimited,
26081,"Renge, Gatekeeper of Dark World",Renge Gatekeeper of Dark World,https://tcgplayer-cdn.tcgplayer.com/product/26081_200w.jpg,2,325,https://cpt.tcgcsv.com/Frd,2013-05-09T12:13:41.653,1,TAEV-EN003,Common,Dark,Fiend,Normal Monster,100,2100,"Proud of the toughest body in the Dark World, he is known by the inhabitants as the ""Iron Wall Range"". Few people have smashed that defense.",0.03,0.25,1.49,0.36,,1st Edition,
26082,Hunter Dragon,Hunter Dragon,https://tcgplayer-cdn.tcgplayer.com/product/26082_200w.jpg,2,325,https://cpt.tcgcsv.com/Grd,2019-01-30T19:43:08.42,1,TAEV-EN004,Rare,DARK,Dragon,Normal Monster,1700,100,"This dragon has taken down countless prey with its sharp fangs. It strikes very quickly, because if it does not strike first, it is vulnerable to a counter-attack.",0.35,0.66,7.8,0.64,,Unlimited,
26082,Hunter Dragon,Hunter Dragon,https://tcgplayer-cdn.tcgplayer.com/product/26082_200w.jpg,2,325,https://cpt.tcgcsv.com/Grd,2019-01-30T19:43:08.42,1,TAEV-EN004,Rare,DARK,Dragon,Normal Monster,1700,100,"This dragon has taken down countless prey with its sharp fangs. It strikes very quickly, because if it does not strike first, it is vulnerable to a counter-attack.",0.24,0.89,1.99,1.11,,1st Edition,
26083,Venom Cobra,Venom Cobra,https://tcgplayer-cdn.tcgplayer.com/product/26083_200w.jpg,2,325,https://cpt.tcgcsv.com/Hrd,2013-05-09T12:13:41.653,1,TAEV-EN005,Common,Earth,Reptile,Normal Monster,100,2000,"A giant cobra covered in hard scales. It attacks by spitting large amounts of venom, mainly cause the venom is tasteless.",0.1,0.43,1.2,0.26,,Unlimited,
26083,Venom Cobra,Venom Cobra,https://tcgplayer-cdn.tcgplayer.com/product/26083_200w.jpg,2,325,https://cpt.tcgcsv.com/Hrd,2013-05-09T12:13:41.653,1,TAEV-EN005,Common,Earth,Reptile,Normal Monster,100,2000,"A giant cobra covered in hard scales. It attacks by spitting large amounts of venom, mainly cause the venom is tasteless.",0.19,0.45,1.49,0.38,,1st Edition,
26084,Rainbow Dragon,Rainbow Dragon,https://tcgplayer-cdn.tcgplayer.com/product/26084_200w.jpg,2,325,https://cpt.tcgcsv.com/Jrd,2013-05-09T12:13:41.653,1,TAEV-EN006,Secret Rare,Light,Dragon,Effect Monster,4000,0,"""This card cannot be Normal Summoned or Set. This card cannot be Special Summoned except when there are at least 7 different Crystal Beast cards on your side of the field and/or in your Graveyard. You may activate either 1 or both of the following effects (the following effects cannot be activated during the turn this card was Special Summoned):<BR> Send all face-up Crystal Beast monsters on your side of the field to the Graveyard. The ATK of this card is increased by 1000 points for each card sent to the Graveyard by this effect. This effect can also be activated during your opponent's turn.<BR> Remove from play all Crystal Beast monsters in your Graveyard, to return all cards on the field to their owner's Deck(s).""",12.4,21.74,56.99,20.74,,Unlimited,
26084,Rainbow Dragon,Rainbow Dragon,https://tcgplayer-cdn.tcgplayer.com/product/26084_200w.jpg,2,325,https://cpt.tcgcsv.com/Jrd,2013-05-09T12:13:41.653,1,TAEV-EN006,Secret Rare,Light,Dragon,Effect Monster,4000,0,"""This card cannot be Normal Summoned or Set. This card cannot be Special Summoned except when there are at least 7 different Crystal Beast cards on your side of the field and/or in your Graveyard. You may activate either 1 or both of the following effects (the following effects cannot be activated during the turn this card was Special Summoned):<BR> Send all face-up Crystal Beast monsters on your side of the field to the Graveyard. The ATK of this card is increased by 1000 points for each card sent to the Graveyard by this effect. This effect can also be activated during your opponent's turn.<BR> Remove from play all Crystal Beast monsters in your Graveyard, to return all cards on the field to their owner's Deck(s).""",25.94,69.75,189.99,74.79,,1st Edition,
26085,Chrysalis Pantail,Chrysalis Pantail,https://tcgplayer-cdn.tcgplayer.com/product/26085_200w.jpg,2,325,https://cpt.tcgcsv.com/Krd,2013-05-09T12:13:41.653,1,TAEV-EN007,Common,Dark,Beast,Effect Monster,800,300,"You can Tribute this card while ""Neo Space"" is on the field to Special Summon 1 ""Neo-Spacian Dark Panther"" from your hand or Deck.",0.01,0.4,0.99,0.35,,Unlimited,
26085,Chrysalis Pantail,Chrysalis Pantail,https://tcgplayer-cdn.tcgplayer.com/product/26085_200w.jpg,2,325,https://cpt.tcgcsv.com/Krd,2013-05-09T12:13:41.653,1,TAEV-EN007,Common,Dark,Beast,Effect Monster,800,300,"You can Tribute this card while ""Neo Space"" is on the field to Special Summon 1 ""Neo-Spacian Dark Panther"" from your hand or Deck.",0.3,0.47,1.23,0.45,,1st Edition,
26086,Chrysalis Chicky,Chrysalis Chicky,https://tcgplayer-cdn.tcgplayer.com/product/26086_200w.jpg,2,325,https://cpt.tcgcsv.com/Lrd,2013-05-09T12:13:41.653,1,TAEV-EN008,Common,Wind,Winged Beast,Effect Monster,600,400,"You can Tribute this card while ""Neo Space"" is on the field to Special Summon 1 ""Neo-Spacian Air Hummingbird"" from your hand or Deck.",0.1,0.24,1.7,0.22,,Unlimited,
26086,Chrysalis Chicky,Chrysalis Chicky,https://tcgplayer-cdn.tcgplayer.com/product/26086_200w.jpg,2,325,https://cpt.tcgcsv.com/Lrd,2013-05-09T12:13:41.653,1,TAEV-EN008,Common,Wind,Winged Beast,Effect Monster,600,400,"You can Tribute this card while ""Neo Space"" is on the field to Special Summon 1 ""Neo-Spacian Air Hummingbird"" from your hand or Deck.",0.1,0.25,2.01,0.24,,1st Edition,
26087,Chrysalis Pinny,Chrysalis Pinny,https://tcgplayer-cdn.tcgplayer.com/product/26087_200w.jpg,2,325,https://cpt.tcgcsv.com/Mrd,2013-05-09T12:13:41.653,1,TAEV-EN009,Common,Light,Plant,Effect Monster,100,700,"You can Tribute this card while ""Neo Space"" is face-up on the field to Special Summon 1 ""Neo-Spacian Glow Moss"" from your hand or Deck.",0.19,0.37,0.99,0.35,,Unlimited,
26087,Chrysalis Pinny,Chrysalis Pinny,https://tcgplayer-cdn.tcgplayer.com/product/26087_200w.jpg,2,325,https://cpt.tcgcsv.com/Mrd,2013-05-09T12:13:41.653,1,TAEV-EN009,Common,Light,Plant,Effect Monster,100,700,"You can Tribute this card while ""Neo Space"" is face-up on the field to Special Summon 1 ""Neo-Spacian Glow Moss"" from your hand or Deck.",0.2,0.4,2.48,0.4,,1st Edition,
26088,Chrysalis Larva,Chrysalis Larva,https://tcgplayer-cdn.tcgplayer.com/product/26088_200w.jpg,2,325,https://cpt.tcgcsv.com/Nrd,2013-05-09T12:13:41.653,1,TAEV-EN010,Common,Fire,Insect,Effect Monster,300,300,"You can Tribute this card while ""Neo Space"" is on the field to Special Summon 1 ""Neo-Spacian Flare Scarab"" from your hand or Deck.",0.1,0.25,1.46,0.29,,Unlimited,
26088,Chrysalis Larva,Chrysalis Larva,https://tcgplayer-cdn.tcgplayer.com/product/26088_200w.jpg,2,325,https://cpt.tcgcsv.com/Nrd,2013-05-09T12:13:41.653,1,TAEV-EN010,Common,Fire,Insect,Effect Monster,300,300,"You can Tribute this card while ""Neo Space"" is on the field to Special Summon 1 ""Neo-Spacian Flare Scarab"" from your hand or Deck.",0.1,0.3,1.45,0.3,,1st Edition,
26089,Chrysalis Mole,Chrysalis Mole,https://tcgplayer-cdn.tcgplayer.com/product/26089_200w.jpg,2,325,https://cpt.tcgcsv.com/Prd,2013-05-09T12:13:41.653,1,TAEV-EN011,Common,Earth,Rock,Effect Monster,700,100,"You can Tribute this card while ""Neo Space"" is face-up on the field to Special Summon 1 ""Neo-Spacian Grand Mole"" from your hand or Deck.",0.2,0.45,1.1,0.4,,Unlimited,
26089,Chrysalis Mole,Chrysalis Mole,https://tcgplayer-cdn.tcgplayer.com/product/26089_200w.jpg,2,325,https://cpt.tcgcsv.com/Prd,2013-05-09T12:13:41.653,1,TAEV-EN011,Common,Earth,Rock,Effect Monster,700,100,"You can Tribute this card while ""Neo Space"" is face-up on the field to Special Summon 1 ""Neo-Spacian Grand Mole"" from your hand or Deck.",0.25,0.5,2.49,0.46,,1st Edition,
26090,Necro Gardna,Necro Gardna,https://tcgplayer-cdn.tcgplayer.com/product/26090_200w.jpg,2,325,https://cpt.tcgcsv.com/Qrd,2013-05-09T12:13:41.653,1,TAEV-EN012,Super Rare,Dark,Warrior,Effect Monster,600,1300,"By removing this card in your Graveyard from play, you can negate the attack of an opponent's monster.",0.6,0.98,2.99,0.66,,Unlimited,
26090,Necro Gardna,Necro Gardna,https://tcgplayer-cdn.tcgplayer.com/product/26090_200w.jpg,2,325,https://cpt.tcgcsv.com/Qrd,2013-05-09T12:13:41.653,1,TAEV-EN012,Super Rare,Dark,Warrior,Effect Monster,600,1300,"By removing this card in your Graveyard from play, you can negate the attack of an opponent's monster.",0.5,1.66,4.99,1.72,,1st Edition,
26091,Vennominaga the Deity of Poisonous Snakes,Vennominaga the Deity of Poisonous Snakes,https://tcgplayer-cdn.tcgplayer.com/product/26091_200w.jpg,2,325,https://cpt.tcgcsv.com/Rrd,2013-05-09T12:13:41.653,1,TAEV-EN013,Secret Rare,Dark,Reptile,Effect Monster,0,0,"This card cannot be Normal Summoned or Set. This card cannot be Special Summoned except by the effect of ""Rise of the Snake Deity"" or its own effect. Increase this card's ATK by 500 points for each Reptile-Type monster in your Graveyard. As long as this card is face-up on the field, it cannot be targeted and is unaffected by Monster, Spell, and Trap Card effects, except for its own effect. By removing 1 Reptile-Type monster except this card in the Graveyard from play when this card is destroyed and sent to the Graveyard by battle, you can Special Summon this card from your Graveyard. If this card inflicts Battle Damage to your opponent, put 1 Hyper Venom Counter on this card. If there are 3 Hyper Venom Counters on this Card, you automatically win the Duel.",37.13,75.36,89.0,47.48,,Unlimited,
26091,Vennominaga the Deity of Poisonous Snakes,Vennominaga the Deity of Poisonous Snakes,https://tcgplayer-cdn.tcgplayer.com/product/26091_200w.jpg,2,325,https://cpt.tcgcsv.com/Rrd,2013-05-09T12:13:41.653,1,TAEV-EN013,Secret Rare,Dark,Reptile,Effect Monster,0,0,"This card cannot be Normal Summoned or Set. This card cannot be Special Summoned except by the effect of ""Rise of the Snake Deity"" or its own effect. Increase this card's ATK by 500 points for each Reptile-Type monster in your Graveyard. As long as this card is face-up on the field, it cannot be targeted and is unaffected by Monster, Spell, and Trap Card effects, except for its own effect. By removing 1 Reptile-Type monster except this card in the Graveyard from play when this card is destroyed and sent to the Graveyard by battle, you can Special Summon this card from your Graveyard. If this card inflicts Battle Damage to your opponent, put 1 Hyper Venom Counter on this card. If there are 3 Hyper Venom Counters on this Card, you automatically win the Duel.",71.81,97.43,197.99,124.97,,1st Edition,
26092,Vennominon the King of Poisonous Snakes,Vennominon the King of Poisonous Snakes,https://tcgplayer-cdn.tcgplayer.com/product/26092_200w.jpg,2,325,https://cpt.tcgcsv.com/Srd,2013-05-09T12:13:41.653,1,TAEV-EN014,Ultra Rare,Dark,Reptile,Effect Monster,0,0,"This card cannot be Special Summoned by monster effects except by effect of ""Vennominon, the King of Poisonous Snakes"". This card is not affected by the effect of ""Venom Swamp"". Increase the ATK of this card by 500 points for each Reptile-Type monster in your Graveyard. By removing 1 Reptile-Type monster in your Graveyard except this card from play when this card is destroyed as a result of battle and sent to the Graveyard, you can Special Summon this card from your Graveyard.",0.48,0.97,2.98,0.62,,Unlimited,
26092,Vennominon the King of Poisonous Snakes,Vennominon the King of Poisonous Snakes,https://tcgplayer-cdn.tcgplayer.com/product/26092_200w.jpg,2,325,https://cpt.tcgcsv.com/Srd,2013-05-09T12:13:41.653,1,TAEV-EN014,Ultra Rare,Dark,Reptile,Effect Monster,0,0,"This card cannot be Special Summoned by monster effects except by effect of ""Vennominon, the King of Poisonous Snakes"". This card is not affected by the effect of ""Venom Swamp"". Increase the ATK of this card by 500 points for each Reptile-Type monster in your Graveyard. By removing 1 Reptile-Type monster in your Graveyard except this card from play when this card is destroyed as a result of battle and sent to the Graveyard, you can Special Summon this card from your Graveyard.",0.2,0.74,4.45,0.54,,1st Edition,
26093,Venom Snake,Venom Snake,https://tcgplayer-cdn.tcgplayer.com/product/26093_200w.jpg,2,325,https://cpt.tcgcsv.com/Trd,2013-05-09T12:13:41.653,1,TAEV-EN015,Common,Earth,Reptile,Effect Monster,1200,600,"Once per turn, you can place 1 ""Venom Counter"" on 1 of your opponent's face-up monsters. During the turn this effect is activated, this card cannot declare an attack.",0.23,0.32,2.0,0.26,,Unlimited,
26093,Venom Snake,Venom Snake,https://tcgplayer-cdn.tcgplayer.com/product/26093_200w.jpg,2,325,https://cpt.tcgcsv.com/Trd,2013-05-09T12:13:41.653,1,TAEV-EN015,Common,Earth,Reptile,Effect Monster,1200,600,"Once per turn, you can place 1 ""Venom Counter"" on 1 of your opponent's face-up monsters. During the turn this effect is activated, this card cannot declare an attack.",0.25,0.47,2.48,0.37,,1st Edition,
26094,Venom Boa,Venom Boa,https://tcgplayer-cdn.tcgplayer.com/product/26094_200w.jpg,2,325,https://cpt.tcgcsv.com/Vrd,2013-05-09T12:13:41.653,1,TAEV-EN016,Common,Earth,Reptile,Effect Monster,1600,1200,"Once per turn, you can place 2 ""Venom Counters"" on 1 of your opponent's face-up monsters. During the turn this effect is activated, this card cannot declare an attack.",0.01,0.39,1.49,0.27,,Unlimited,
26094,Venom Boa,Venom Boa,https://tcgplayer-cdn.tcgplayer.com/product/26094_200w.jpg,2,325,https://cpt.tcgcsv.com/Vrd,2013-05-09T12:13:41.653,1,TAEV-EN016,Common,Earth,Reptile,Effect Monster,1600,1200,"Once per turn, you can place 2 ""Venom Counters"" on 1 of your opponent's face-up monsters. During the turn this effect is activated, this card cannot declare an attack.",0.2,0.37,1.49,0.31,,1st Edition,
26095,Venom Serpent,Venom Serpent,https://tcgplayer-cdn.tcgplayer.com/product/26095_200w.jpg,2,325,https://cpt.tcgcsv.com/Wrd,2013-05-09T12:13:41.653,1,TAEV-EN017,Common,Dark,Reptile,Effect Monster,1000,800,"Once per turn, you can place 1 ""Venom Counter"" on 1 of your opponent's face-up monsters.",0.05,0.25,1.0,0.2,,Unlimited,
26095,Venom Serpent,Venom Serpent,https://tcgplayer-cdn.tcgplayer.com/product/26095_200w.jpg,2,325,https://cpt.tcgcsv.com/Wrd,2013-05-09T12:13:41.653,1,TAEV-EN017,Common,Dark,Reptile,Effect Monster,1000,800,"Once per turn, you can place 1 ""Venom Counter"" on 1 of your opponent's face-up monsters.",0.1,0.3,1.49,0.35,,1st Edition,
26096,Elemental Hero Neos Alius,Elemental Hero Neos Alius,https://tcgplayer-cdn.tcgplayer.com/product/26096_200w.jpg,2,325,https://cpt.tcgcsv.com/Xrd,2013-05-09T12:13:41.653,1,TAEV-EN018,Super Rare,Light,Warrior,Gemini Monster,1900,1300,"""This card is treated as a Normal Monster while face-up on the field or in the Graveyard. While this card is face-up on the field, you can Normal Summon it to have it be treated as an Effect Monster with this effect:<BR> This face-up card's name is treated as """"Elemental Hero Neos"""".""",1.0,2.47,3.99,2.68,,Unlimited,
26096,Elemental Hero Neos Alius,Elemental Hero Neos Alius,https://tcgplayer-cdn.tcgplayer.com/product/26096_200w.jpg,2,325,https://cpt.tcgcsv.com/Xrd,2013-05-09T12:13:41.653,1,TAEV-EN018,Super Rare,Light,Warrior,Gemini Monster,1900,1300,"""This card is treated as a Normal Monster while face-up on the field or in the Graveyard. While this card is face-up on the field, you can Normal Summon it to have it be treated as an Effect Monster with this effect:<BR> This face-up card's name is treated as """"Elemental Hero Neos"""".""",2.0,2.92,5.95,2.67,,1st Edition,
26097,Chthonian Emperor Dragon,Chthonian Emperor Dragon,https://tcgplayer-cdn.tcgplayer.com/product/26097_200w.jpg,2,325,https://cpt.tcgcsv.com/Zrd,2013-05-09T12:13:41.653,1,TAEV-EN019,Ultra Rare,Fire,Dragon,Gemini Monster,2400,1500,"""This card is treated as a Normal Monster while face-up on the field or in the Graveyard. While this card is face-up on the field, you can Normal Summon it to have it be treated as an Effect Monster with this effect:<BR> This card can attack twice during the same Battle Phase.""",0.55,1.39,9.99,2.14,,Unlimited,
26097,Chthonian Emperor Dragon,Chthonian Emperor Dragon,https://tcgplayer-cdn.tcgplayer.com/product/26097_200w.jpg,2,325,https://cpt.tcgcsv.com/Zrd,2013-05-09T12:13:41.653,1,TAEV-EN019,Ultra Rare,Fire,Dragon,Gemini Monster,2400,1500,"""This card is treated as a Normal Monster while face-up on the field or in the Graveyard. While this card is face-up on the field, you can Normal Summon it to have it be treated as an Effect Monster with this effect:<BR> This card can attack twice during the same Battle Phase.""",1.24,1.39,5.0,1.68,,1st Edition,
26098,Aquarian Alessa,Aquarian Alessa,https://tcgplayer-cdn.tcgplayer.com/product/26098_200w.jpg,2,325,https://cpt.tcgcsv.com/-rd,2013-05-09T12:13:41.653,1,TAEV-EN020,Super Rare,Water,Aqua,Gemini Monster,1500,500,"""This card is treated as a Normal Monster while face-up on the field or in the Graveyard. While this card is face-up on the field, you can Normal Summon it to have it treated as an Effect Monster with this effect:<BR> When this card destroys an opponent's monster by battle and sends it to the Graveyard they discard 1 random card..""",0.2,0.4,2.99,0.38,,Unlimited,
26098,Aquarian Alessa,Aquarian Alessa,https://tcgplayer-cdn.tcgplayer.com/product/26098_200w.jpg,2,325,https://cpt.tcgcsv.com/-rd,2013-05-09T12:13:41.653,1,TAEV-EN020,Super Rare,Water,Aqua,Gemini Monster,1500,500,"""This card is treated as a Normal Monster while face-up on the field or in the Graveyard. While this card is face-up on the field, you can Normal Summon it to have it treated as an Effect Monster with this effect:<BR> When this card destroys an opponent's monster by battle and sends it to the Graveyard they discard 1 random card..""",0.18,0.45,4.99,0.4,,1st Edition,
26099,Lucky Pied Piper,Lucky Pied Piper,https://tcgplayer-cdn.tcgplayer.com/product/26099_200w.jpg,2,325,https://cpt.tcgcsv.com/_rd,2013-05-09T12:13:41.653,1,TAEV-EN021,Super Rare,Wind,Fairy,Gemini Monster,1500,500,"""This card is treated as a Normal Monster while face-up on the field or in the Graveyard. While this card is face-up on the field, you can Normal Summon it to have it be treated as an Effect Monster with this effect:<BR> When this card destroys an opponent's monster by battle and sends it to the Graveyard, draw 1 card.""",0.21,0.4,2.99,0.25,,Unlimited,
26099,Lucky Pied Piper,Lucky Pied Piper,https://tcgplayer-cdn.tcgplayer.com/product/26099_200w.jpg,2,325,https://cpt.tcgcsv.com/_rd,2013-05-09T12:13:41.653,1,TAEV-EN021,Super Rare,Wind,Fairy,Gemini Monster,1500,500,"""This card is treated as a Normal Monster while face-up on the field or in the Graveyard. While this card is face-up on the field, you can Normal Summon it to have it be treated as an Effect Monster with this effect:<BR> When this card destroys an opponent's monster by battle and sends it to the Graveyard, draw 1 card.""",0.18,0.41,4.99,0.3,,1st Edition,
26100,Grasschopper,Grasschopper,https://tcgplayer-cdn.tcgplayer.com/product/26100_200w.jpg,2,325,https://cpt.tcgcsv.com/0sd,2013-05-09T12:13:41.653,1,TAEV-EN022,Rare,Earth,Insect,Gemini Monster,2350,1000,"""This card is treated as a Normal Monster while face-up on the field or in the Graveyard. While this card is face-up on the field, you can Normal Summon it to have it be treated as an Effect Monster with this effect:<BR> This card can attack all monsters your opponent controls once each.""",0.21,0.47,1.23,0.44,,Unlimited,
26100,Grasschopper,Grasschopper,https://tcgplayer-cdn.tcgplayer.com/product/26100_200w.jpg,2,325,https://cpt.tcgcsv.com/0sd,2013-05-09T12:13:41.653,1,TAEV-EN022,Rare,Earth,Insect,Gemini Monster,2350,1000,"""This card is treated as a Normal Monster while face-up on the field or in the Graveyard. While this card is face-up on the field, you can Normal Summon it to have it be treated as an Effect Monster with this effect:<BR> This card can attack all monsters your opponent controls once each.""",0.1,0.52,2.99,0.39,,1st Edition,
26101,Goggle Golem,Goggle Golem,https://tcgplayer-cdn.tcgplayer.com/product/26101_200w.jpg,2,325,https://cpt.tcgcsv.com/2sd,2013-05-09T12:13:41.653,1,TAEV-EN023,Common,Earth,Rock,Gemini Monster,1500,500,"""This card is treated as a Normal Monster while face-up on the field or in the Graveyard. While this card is face-up on the field, when performing the Second Summon of this card, this card becomes an Effect Monster and gains the following effect:<BR> This card's original ATK becomes 2100""",0.04,0.23,1.49,0.23,,Unlimited,
26101,Goggle Golem,Goggle Golem,https://tcgplayer-cdn.tcgplayer.com/product/26101_200w.jpg,2,325,https://cpt.tcgcsv.com/2sd,2013-05-09T12:13:41.653,1,TAEV-EN023,Common,Earth,Rock,Gemini Monster,1500,500,"""This card is treated as a Normal Monster while face-up on the field or in the Graveyard. While this card is face-up on the field, when performing the Second Summon of this card, this card becomes an Effect Monster and gains the following effect:<BR> This card's original ATK becomes 2100""",0.05,0.25,1.36,0.13,,1st Edition,
26102,Dawnbreak Gardna,Dawnbreak Gardna,https://tcgplayer-cdn.tcgplayer.com/product/26102_200w.jpg,2,325,https://cpt.tcgcsv.com/3sd,2013-05-09T12:13:41.653,1,TAEV-EN024,Common,Light,Warrior,Gemini Monster,1500,500,"This card is treated as a Normal Monster while face-up on the field or in the Graveyard. While this card is face-up on the field, when performing the Second Summon of this card, this card becomes an Effect Monster and gains the following effect: - The original DEF of this card becomes 2300.",0.01,0.22,0.88,0.09,,Unlimited,
26102,Dawnbreak Gardna,Dawnbreak Gardna,https://tcgplayer-cdn.tcgplayer.com/product/26102_200w.jpg,2,325,https://cpt.tcgcsv.com/3sd,2013-05-09T12:13:41.653,1,TAEV-EN024,Common,Light,Warrior,Gemini Monster,1500,500,"This card is treated as a Normal Monster while face-up on the field or in the Graveyard. While this card is face-up on the field, when performing the Second Summon of this card, this card becomes an Effect Monster and gains the following effect: - The original DEF of this card becomes 2300.",0.01,0.18,1.32,0.14,,1st Edition,
26103,Doom Shaman,Doom Shaman,https://tcgplayer-cdn.tcgplayer.com/product/26103_200w.jpg,2,325,https://cpt.tcgcsv.com/5sd,2013-05-09T12:13:41.653,1,TAEV-EN025,Super Rare,Dark,Spellcaster,Gemini Monster,2400,2000,"This card is treated as a Normal Monster while face-up on the field or in the Graveyard. While this card is face-up on the field, you can Normal Summon it to have it be treated as an Effect Monster with this effect: - Once per turn, you can Special Summon 1 Fiend-Type monster from your hand or from either player's Graveyard. When this card is removed from the field, destroy all Fiend-Type monsters Special Summoned by this effect.",0.19,0.49,1.98,0.28,,Unlimited,
26103,Doom Shaman,Doom Shaman,https://tcgplayer-cdn.tcgplayer.com/product/26103_200w.jpg,2,325,https://cpt.tcgcsv.com/5sd,2013-05-09T12:13:41.653,1,TAEV-EN025,Super Rare,Dark,Spellcaster,Gemini Monster,2400,2000,"This card is treated as a Normal Monster while face-up on the field or in the Graveyard. While this card is face-up on the field, you can Normal Summon it to have it be treated as an Effect Monster with this effect: - Once per turn, you can Special Summon 1 Fiend-Type monster from your hand or from either player's Graveyard. When this card is removed from the field, destroy all Fiend-Type monsters Special Summoned by this effect.",0.2,0.49,4.99,0.37,,1st Edition,
26104,King Pyron,King Pyron,https://tcgplayer-cdn.tcgplayer.com/product/26104_200w.jpg,2,325,https://cpt.tcgcsv.com/6sd,2013-05-09T12:13:41.653,1,TAEV-EN026,Common,Fire,Pyro,Gemini Monster,1500,500,"""This card is treated as a Normal Monster while face-up on the field or in the Graveyard. While this card is face-up on the field, when performing the Second Summon of this card, this card becomes an Effect Monster and gains the following effect:<BR> Once per turn, you may inflict 1000 points of damage to your opponent's Life Points.""",0.08,0.25,0.78,0.18,,Unlimited,
26104,King Pyron,King Pyron,https://tcgplayer-cdn.tcgplayer.com/product/26104_200w.jpg,2,325,https://cpt.tcgcsv.com/6sd,2013-05-09T12:13:41.653,1,TAEV-EN026,Common,Fire,Pyro,Gemini Monster,1500,500,"""This card is treated as a Normal Monster while face-up on the field or in the Graveyard. While this card is face-up on the field, when performing the Second Summon of this card, this card becomes an Effect Monster and gains the following effect:<BR> Once per turn, you may inflict 1000 points of damage to your opponent's Life Points.""",0.14,0.3,1.98,0.5,,1st Edition,
26105,Shadow Delver,Shadow Delver,https://tcgplayer-cdn.tcgplayer.com/product/26105_200w.jpg,2,325,https://cpt.tcgcsv.com/7sd,2013-05-09T12:13:41.653,1,TAEV-EN027,Common,Dark,Fiend,Gemini Monster,1500,500,"""This card is treated as a Normal Monster while face-up on the field or in the Graveyard. While this card is face-up on the field, when performing the Second Summon of this card, this card becomes an Effect Monster and gains the following effect:<BR> Select 1 face-up Level 4 or lower DARK monster on your side of the field. During this turn the selected monster can attack your opponent's Life Points directly. You may only use this effect once per turn.""",0.09,0.21,1.49,0.13,,Unlimited,
26105,Shadow Delver,Shadow Delver,https://tcgplayer-cdn.tcgplayer.com/product/26105_200w.jpg,2,325,https://cpt.tcgcsv.com/7sd,2013-05-09T12:13:41.653,1,TAEV-EN027,Common,Dark,Fiend,Gemini Monster,1500,500,"""This card is treated as a Normal Monster while face-up on the field or in the Graveyard. While this card is face-up on the field, when performing the Second Summon of this card, this card becomes an Effect Monster and gains the following effect:<BR> Select 1 face-up Level 4 or lower DARK monster on your side of the field. During this turn the selected monster can attack your opponent's Life Points directly. You may only use this effect once per turn.""",0.1,0.25,1.41,0.28,,1st Edition,
26106,Flint Lock,Flint Lock,https://tcgplayer-cdn.tcgplayer.com/product/26106_200w.jpg,2,325,https://cpt.tcgcsv.com/8sd,2013-05-09T12:13:41.653,1,TAEV-EN028,Common,Light,Machine,Effect Monster,1500,800,"When there is a face-up ""Flint"" on the field, it can be equipped to this card. You can use this effect once per turn. If ""Flint"" is equipped to this card, you can equip ""Flint"" to another face-up monster on the field. Only 1 ""Flint"" can be equipped to this card. If this card is equipped with ""Flint"", it is unaffected by the effect of ""Flint"" and not destroyed by battle.",0.05,0.25,1.41,0.25,,Unlimited,
26106,Flint Lock,Flint Lock,https://tcgplayer-cdn.tcgplayer.com/product/26106_200w.jpg,2,325,https://cpt.tcgcsv.com/8sd,2013-05-09T12:13:41.653,1,TAEV-EN028,Common,Light,Machine,Effect Monster,1500,800,"When there is a face-up ""Flint"" on the field, it can be equipped to this card. You can use this effect once per turn. If ""Flint"" is equipped to this card, you can equip ""Flint"" to another face-up monster on the field. Only 1 ""Flint"" can be equipped to this card. If this card is equipped with ""Flint"", it is unaffected by the effect of ""Flint"" and not destroyed by battle.",0.08,0.23,1.39,0.2,,1st Edition,
26107,Gravitic Orb,Gravitic Orb,https://tcgplayer-cdn.tcgplayer.com/product/26107_200w.jpg,2,325,https://cpt.tcgcsv.com/9sd,2013-05-09T12:13:41.653,1,TAEV-EN029,Common,Dark,Fiend,Effect Monster,1100,700,FLIP: Switch the position of all face-up monsters on your opponent's side of the field.,0.01,0.2,1.41,0.11,,Unlimited,
26107,Gravitic Orb,Gravitic Orb,https://tcgplayer-cdn.tcgplayer.com/product/26107_200w.jpg,2,325,https://cpt.tcgcsv.com/9sd,2013-05-09T12:13:41.653,1,TAEV-EN029,Common,Dark,Fiend,Effect Monster,1100,700,FLIP: Switch the position of all face-up monsters on your opponent's side of the field.,0.02,0.25,0.99,0.44,,1st Edition,
26108,Phantom Cricket,Phantom Cricket,https://tcgplayer-cdn.tcgplayer.com/product/26108_200w.jpg,2,325,https://cpt.tcgcsv.com/bsd,2013-05-09T12:13:41.653,1,TAEV-EN030,Common,Earth,Insect,Effect Monster,300,1000,FLIP: Return 1 Defense Position monster to its owner's Deck.,0.05,0.22,1.56,0.07,,Unlimited,
26108,Phantom Cricket,Phantom Cricket,https://tcgplayer-cdn.tcgplayer.com/product/26108_200w.jpg,2,325,https://cpt.tcgcsv.com/bsd,2013-05-09T12:13:41.653,1,TAEV-EN030,Common,Earth,Insect,Effect Monster,300,1000,FLIP: Return 1 Defense Position monster to its owner's Deck.,0.04,0.2,1.35,0.2,,1st Edition,
26109,Crystal Seer,Crystal Seer,https://tcgplayer-cdn.tcgplayer.com/product/26109_200w.jpg,2,325,https://cpt.tcgcsv.com/csd,2013-05-09T12:13:41.653,1,TAEV-EN031,Ultra Rare,Water,Spellcaster,Effect Monster,100,100,"FLIP: Pick up 2 cards from the top of your Deck. Select 1 of those cards and add it to your hand, and put the other card on the bottom of your Deck.",0.9,4.39,7.39,3.23,,Unlimited,
26109,Crystal Seer,Crystal Seer,https://tcgplayer-cdn.tcgplayer.com/product/26109_200w.jpg,2,325,https://cpt.tcgcsv.com/csd,2013-05-09T12:13:41.653,1,TAEV-EN031,Ultra Rare,Water,Spellcaster,Effect Monster,100,100,"FLIP: Pick up 2 cards from the top of your Deck. Select 1 of those cards and add it to your hand, and put the other card on the bottom of your Deck.",3.74,5.94,10.33,3.68,,1st Edition,
26110,Neo Space Pathfinder,Neo Space Pathfinder,https://tcgplayer-cdn.tcgplayer.com/product/26110_200w.jpg,2,325,https://cpt.tcgcsv.com/dsd,2013-05-09T12:13:41.653,1,TAEV-EN032,Rare,Light,Warrior,Effect Monster,1800,8,"Discard this card from your hand to add 1 ""Neo Space"" card from your Deck to your hand.",0.99,1.5,4.59,1.53,,Unlimited,
26110,Neo Space Pathfinder,Neo Space Pathfinder,https://tcgplayer-cdn.tcgplayer.com/product/26110_200w.jpg,2,325,https://cpt.tcgcsv.com/dsd,2013-05-09T12:13:41.653,1,TAEV-EN032,Rare,Light,Warrior,Effect Monster,1800,8,"Discard this card from your hand to add 1 ""Neo Space"" card from your Deck to your hand.",0.78,1.85,9.49,1.7,,1st Edition,
26111,Frost and Flame Dragon,Frost and Flame Dragon,https://tcgplayer-cdn.tcgplayer.com/product/26111_200w.jpg,2,325,https://cpt.tcgcsv.com/fsd,2013-05-09T12:13:41.653,1,TAEV-EN033,Secret Rare,Water,Dragon,Effect Monster,2300,2000,"This card cannot be Normal Summoned or Set. This card cannot be Special Summoned except by removing from play 1 FIRE and 2 WATER monsters from your Graveyard. Once per turn, you can discard 1 card to destroy 1 monster on the field.",14.95,23.47,27.99,22.9,,Unlimited,
26111,Frost and Flame Dragon,Frost and Flame Dragon,https://tcgplayer-cdn.tcgplayer.com/product/26111_200w.jpg,2,325,https://cpt.tcgcsv.com/fsd,2013-05-09T12:13:41.653,1,TAEV-EN033,Secret Rare,Water,Dragon,Effect Monster,2300,2000,"This card cannot be Normal Summoned or Set. This card cannot be Special Summoned except by removing from play 1 FIRE and 2 WATER monsters from your Graveyard. Once per turn, you can discard 1 card to destroy 1 monster on the field.",21.56,44.45,90.98,42.99,,1st Edition,
26112,Desert Twister,Desert Twister,https://tcgplayer-cdn.tcgplayer.com/product/26112_200w.jpg,2,325,https://cpt.tcgcsv.com/gsd,2013-05-09T12:13:41.653,1,TAEV-EN034,Ultra Rare,Wind,Fiend,Effect Monster,2300,2000,"This card cannot be Normal Summoned or Set. This card cannot be Special Summoned except by removing from play 1 EARTH and 2 WIND monsters from your Graveyard. Once per turn, you can discard 1 card to destroy 1 Spell or Trap Card on the field.",0.1,0.49,4.99,0.24,,Unlimited,
26112,Desert Twister,Desert Twister,https://tcgplayer-cdn.tcgplayer.com/product/26112_200w.jpg,2,325,https://cpt.tcgcsv.com/gsd,2013-05-09T12:13:41.653,1,TAEV-EN034,Ultra Rare,Wind,Fiend,Effect Monster,2300,2000,"This card cannot be Normal Summoned or Set. This card cannot be Special Summoned except by removing from play 1 EARTH and 2 WIND monsters from your Graveyard. Once per turn, you can discard 1 card to destroy 1 Spell or Trap Card on the field.",0.24,0.5,4.99,0.32,,1st Edition,
26113,Ritual Raven,Ritual Raven,https://tcgplayer-cdn.tcgplayer.com/product/26113_200w.jpg,2,325,https://cpt.tcgcsv.com/hsd,2013-05-09T12:13:41.653,1,TAEV-EN035,Common,Dark,Fiend,Effect Monster,300,300,"When you Special Summon a DARK Ritual Monster, you can Tribute this card alone for the Ritual Summon.",0.03,0.31,1.23,0.33,,Unlimited,
26113,Ritual Raven,Ritual Raven,https://tcgplayer-cdn.tcgplayer.com/product/26113_200w.jpg,2,325,https://cpt.tcgcsv.com/hsd,2013-05-09T12:13:41.653,1,TAEV-EN035,Common,Dark,Fiend,Effect Monster,300,300,"When you Special Summon a DARK Ritual Monster, you can Tribute this card alone for the Ritual Summon.",0.1,0.3,1.49,0.33,,1st Edition,
26114,Razor Lizard,Razor Lizard,https://tcgplayer-cdn.tcgplayer.com/product/26114_200w.jpg,2,325,https://cpt.tcgcsv.com/jsd,2013-05-09T12:13:41.653,1,TAEV-EN036,Common,Earth,Reptile,Effect Monster,1500,300,"When this card attacks a face-down Defense Position monster while there is another Reptile-Type monster on your side of the field besides this card, destroy the monster immediately with this card's effect without flipping it face-up, or applying damage calculation.",0.05,0.24,1.41,0.15,,Unlimited,
26114,Razor Lizard,Razor Lizard,https://tcgplayer-cdn.tcgplayer.com/product/26114_200w.jpg,2,325,https://cpt.tcgcsv.com/jsd,2013-05-09T12:13:41.653,1,TAEV-EN036,Common,Earth,Reptile,Effect Monster,1500,300,"When this card attacks a face-down Defense Position monster while there is another Reptile-Type monster on your side of the field besides this card, destroy the monster immediately with this card's effect without flipping it face-up, or applying damage calculation.",0.05,0.25,1.49,0.47,,1st Edition,
26115,Light Effigy,Light Effigy,https://tcgplayer-cdn.tcgplayer.com/product/26115_200w.jpg,2,325,https://cpt.tcgcsv.com/ksd,2013-05-09T12:13:41.653,1,TAEV-EN037,Common,Light,Fairy,Effect Monster,1500,0,"If you Tribute Summon a LIGHT Normal Monster, you can treat this 1 monster as 2 Tributes for the Tribute Summon.",0.01,0.23,1.0,0.14,,Unlimited,
26115,Light Effigy,Light Effigy,https://tcgplayer-cdn.tcgplayer.com/product/26115_200w.jpg,2,325,https://cpt.tcgcsv.com/ksd,2013-05-09T12:13:41.653,1,TAEV-EN037,Common,Light,Fairy,Effect Monster,1500,0,"If you Tribute Summon a LIGHT Normal Monster, you can treat this 1 monster as 2 Tributes for the Tribute Summon.",0.06,0.25,1.0,0.28,,1st Edition,
26116,Dark Effigy,Dark Effigy,https://tcgplayer-cdn.tcgplayer.com/product/26116_200w.jpg,2,325,https://cpt.tcgcsv.com/lsd,2013-05-09T12:13:41.653,1,TAEV-EN038,Common,Dark,Fiend,Effect Monster,1500,0,"If you Tribute Summon a DARK Normal Monster, you may treat this 1 monster as 2 Tributes for the Tribute Summon.",0.11,0.22,1.14,0.17,,Unlimited,
26116,Dark Effigy,Dark Effigy,https://tcgplayer-cdn.tcgplayer.com/product/26116_200w.jpg,2,325,https://cpt.tcgcsv.com/lsd,2013-05-09T12:13:41.653,1,TAEV-EN038,Common,Dark,Fiend,Effect Monster,1500,0,"If you Tribute Summon a DARK Normal Monster, you may treat this 1 monster as 2 Tributes for the Tribute Summon.",0.09,0.23,1.0,0.22,,1st Edition,
26117,Zombie Master,Zombie Master,https://tcgplayer-cdn.tcgplayer.com/product/26117_200w.jpg,2,325,https://cpt.tcgcsv.com/msd,2013-05-09T12:13:41.653,1,TAEV-EN039,Super Rare,Dark,Zombie,Effect Monster,1800,0,"While this card is face-up on the field, you can discard 1 monster from your hand to the Graveyard to Special Summon 1 Level 4 or lower Zombie-Type monster from your Graveyard. This effect can only be used once per turn.",1.8,2.8,11.93,2.08,,Unlimited,
26117,Zombie Master,Zombie Master,https://tcgplayer-cdn.tcgplayer.com/product/26117_200w.jpg,2,325,https://cpt.tcgcsv.com/msd,2013-05-09T12:13:41.653,1,TAEV-EN039,Super Rare,Dark,Zombie,Effect Monster,1800,0,"While this card is face-up on the field, you can discard 1 monster from your hand to the Graveyard to Special Summon 1 Level 4 or lower Zombie-Type monster from your Graveyard. This effect can only be used once per turn.",1.25,3.37,10.77,3.3,,1st Edition,
26118,Neo-Spacian Marine Dolphin,Neo Spacian Marine Dolphin,https://tcgplayer-cdn.tcgplayer.com/product/26118_200w.jpg,2,325,https://cpt.tcgcsv.com/nsd,2013-05-09T12:13:41.653,1,TAEV-EN040,Common,Water,Aqua,Fusion/Effect Monster,900,1100,"This card's name is also treated as ""Neo-Spacian Aqua Dolphin"". This card cannot be Special Summoned except by the effect of ""NEX"". Once per turn, you can discard 1 card to look at your opponent's hand and select 1 Monster Card in it. If you control a monster with an ATK greater than or equal to the selected monster's, destroy the selected card and inflict 500 damage to your opponent.",0.18,0.5,4.07,0.48,,Unlimited,
26118,Neo-Spacian Marine Dolphin,Neo Spacian Marine Dolphin,https://tcgplayer-cdn.tcgplayer.com/product/26118_200w.jpg,2,325,https://cpt.tcgcsv.com/nsd,2013-05-09T12:13:41.653,1,TAEV-EN040,Common,Water,Aqua,Fusion/Effect Monster,900,1100,"This card's name is also treated as ""Neo-Spacian Aqua Dolphin"". This card cannot be Special Summoned except by the effect of ""NEX"". Once per turn, you can discard 1 card to look at your opponent's hand and select 1 Monster Card in it. If you control a monster with an ATK greater than or equal to the selected monster's, destroy the selected card and inflict 500 damage to your opponent.",0.19,0.5,5.0,0.53,,1st Edition,
26119,Elemental Hero Marine Neos,Elemental Hero Marine Neos,https://tcgplayer-cdn.tcgplayer.com/product/26119_200w.jpg,2,325,https://cpt.tcgcsv.com/psd,2013-05-09T12:13:41.653,1,TAEV-EN041,Rare,Water,Warrior,Fusion/Effect Monster,2800,2300,"""""""Elemental Hero Neos"""" + """"Neo-Spacian Marine Dolphin""""<BR>This card can only be Special Summoned from your Fusion Deck by returning the above cards you control to the Deck. (You do not use """"Polymerization""""). Once per turn, you can select 1 random card from your opponent?s hand and destroy it.""",0.81,1.79,5.95,1.35,,Unlimited,
26119,Elemental Hero Marine Neos,Elemental Hero Marine Neos,https://tcgplayer-cdn.tcgplayer.com/product/26119_200w.jpg,2,325,https://cpt.tcgcsv.com/psd,2013-05-09T12:13:41.653,1,TAEV-EN041,Rare,Water,Warrior,Fusion/Effect Monster,2800,2300,"""""""Elemental Hero Neos"""" + """"Neo-Spacian Marine Dolphin""""<BR>This card can only be Special Summoned from your Fusion Deck by returning the above cards you control to the Deck. (You do not use """"Polymerization""""). Once per turn, you can select 1 random card from your opponent?s hand and destroy it.""",0.8,1.75,12.97,1.74,,1st Edition,
26120,Elemental Hero Magma Neos,Elemental Hero Magma Neos,https://tcgplayer-cdn.tcgplayer.com/product/26120_200w.jpg,2,325,https://cpt.tcgcsv.com/qsd,2013-05-09T12:13:41.653,1,TAEV-EN043,Secret Rare,Fire,Warrior,Fusion/Effect Monster,3000,2500,"""""""Elemental Hero Neos"""" + """"Neo-Spacian Flare Scarab"""" + """"Neo-Spacian Grand Mole""""<BR>This card cannot be Special Summoned except by returning the above cards on your side of the field to your Deck; then you can Special Summon this card from your Fusion Deck (You do not use """"Polymerization""""). Increase this card's ATK by the number of cards on the field × 400 points. This card returns to the Fusion Deck during the End Phase. When this card is returned to the Fusion Deck by this effect, return all cards on the field to their owner's hands.""",95.0,128.03,149.99,128.03,,Unlimited,
26120,Elemental Hero Magma Neos,Elemental Hero Magma Neos,https://tcgplayer-cdn.tcgplayer.com/product/26120_200w.jpg,2,325,https://cpt.tcgcsv.com/qsd,2013-05-09T12:13:41.653,1,TAEV-EN043,Secret Rare,Fire,Warrior,Fusion/Effect Monster,3000,2500,"""""""Elemental Hero Neos"""" + """"Neo-Spacian Flare Scarab"""" + """"Neo-Spacian Grand Mole""""<BR>This card cannot be Special Summoned except by returning the above cards on your side of the field to your Deck; then you can Special Summon this card from your Fusion Deck (You do not use """"Polymerization""""). Increase this card's ATK by the number of cards on the field × 400 points. This card returns to the Fusion Deck during the End Phase. When this card is returned to the Fusion Deck by this effect, return all cards on the field to their owner's hands.""",92.43,149.99,300.0,165.94,,1st Edition,
26121,Ojama Knight,Ojama Knight,https://tcgplayer-cdn.tcgplayer.com/product/26121_200w.jpg,2,325,https://cpt.tcgcsv.com/rsd,2013-05-09T12:13:41.653,1,TAEV-EN044,Common,Light,Beast,Fusion/Effect Monster,0,2500,"The Fusion Material Monsters for this card are any 2 ""Ojama"" monsters. Select up to 2 of your opponent's Monster Card Zones. As long as this card remains face-up on the field, the selected zones cannot be used.",0.49,1.21,9.99,1.0,,Unlimited,
26121,Ojama Knight,Ojama Knight,https://tcgplayer-cdn.tcgplayer.com/product/26121_200w.jpg,2,325,https://cpt.tcgcsv.com/rsd,2013-05-09T12:13:41.653,1,TAEV-EN044,Common,Light,Beast,Fusion/Effect Monster,0,2500,"The Fusion Material Monsters for this card are any 2 ""Ojama"" monsters. Select up to 2 of your opponent's Monster Card Zones. As long as this card remains face-up on the field, the selected zones cannot be used.",0.69,1.06,5.0,1.06,,1st Edition,
26122,Elemental Hero Darkbright,Elemental Hero Darkbright,https://tcgplayer-cdn.tcgplayer.com/product/26122_200w.jpg,2,325,https://cpt.tcgcsv.com/ssd,2013-05-09T12:13:41.653,1,TAEV-EN042,Ultra Rare,Dark,Warrior,Fusion/Effect Monster,2000,1000,"""""""Elemental Hero Necroshade"""" + """"Elemental Hero Sparkman""""<BR>This monster cannot be Special Summoned except by Fusion Summon. During battle between this attacking card and a Defense Position monster whose DEF is lower than the ATK of this card, inflict the difference as Battle Damage to your opponent. If this card attacks, it is changed to Defense Position at the end of the Damage Step. If this card is destroyed, destroy 1 monster your opponent controls.""",3.29,4.2,8.99,3.7,,Unlimited,
26122,Elemental Hero Darkbright,Elemental Hero Darkbright,https://tcgplayer-cdn.tcgplayer.com/product/26122_200w.jpg,2,325,https://cpt.tcgcsv.com/ssd,2013-05-09T12:13:41.653,1,TAEV-EN042,Ultra Rare,Dark,Warrior,Fusion/Effect Monster,2000,1000,"""""""Elemental Hero Necroshade"""" + """"Elemental Hero Sparkman""""<BR>This monster cannot be Special Summoned except by Fusion Summon. During battle between this attacking card and a Defense Position monster whose DEF is lower than the ATK of this card, inflict the difference as Battle Damage to your opponent. If this card attacks, it is changed to Defense Position at the end of the Damage Step. If this card is destroyed, destroy 1 monster your opponent controls.""",2.51,5.0,14.99,4.39,,1st Edition,
26123,Il Blud,Il Blud,https://tcgplayer-cdn.tcgplayer.com/product/26123_200w.jpg,2,325,https://cpt.tcgcsv.com/tsd,2013-05-09T12:13:41.653,1,TAEV-EN088,Secret Rare,Dark,Zombie,Gemini Monster,2100,800,"This card is treated as a Normal Monster while face-up on the field or in the Graveyard. While this card is face-up on the field, you can Normal Summon it to have it be treated as an Effect Monster with this effect:<BR> Once per turn, you can Special Summon 1 Zombie-Type monster from your hand or from either player's Graveyard. When this card is removed from the field, destroy all Zombie-Type monsters Special Summoned by this effect.",19.14,27.03,129.99,24.29,,Unlimited,
26123,Il Blud,Il Blud,https://tcgplayer-cdn.tcgplayer.com/product/26123_200w.jpg,2,325,https://cpt.tcgcsv.com/tsd,2013-05-09T12:13:41.653,1,TAEV-EN088,Secret Rare,Dark,Zombie,Gemini Monster,2100,800,"This card is treated as a Normal Monster while face-up on the field or in the Graveyard. While this card is face-up on the field, you can Normal Summon it to have it be treated as an Effect Monster with this effect:<BR> Once per turn, you can Special Summon 1 Zombie-Type monster from your hand or from either player's Graveyard. When this card is removed from the field, destroy all Zombie-Type monsters Special Summoned by this effect.",89.99,139.97,190.97,65.32,,1st Edition,
26124,Blazewing Butterfly,Blazewing Butterfly,https://tcgplayer-cdn.tcgplayer.com/product/26124_200w.jpg,2,325,https://cpt.tcgcsv.com/vsd,2013-05-09T12:13:41.653,1,TAEV-EN089,Super Rare,Fire,Insect,Gemini Monster,1500,1500,"""This card is treated as a Normal Monster while it is face-up on the field or in the Graveyard. While this card is face-up on the field, you can Normal Summon it to have it be treated as an Effect Monster with this effect:<BR> You can Tribute this card to Special Summon 1 Gemini monster from your Graveyard except """"Blazewing Butterfly"""". A Gemini monster Special Summoned by this effect is treated as an Effect Monster, and gains its effect.""",0.42,1.0,2.95,1.03,,Unlimited,
26124,Blazewing Butterfly,Blazewing Butterfly,https://tcgplayer-cdn.tcgplayer.com/product/26124_200w.jpg,2,325,https://cpt.tcgcsv.com/vsd,2013-05-09T12:13:41.653,1,TAEV-EN089,Super Rare,Fire,Insect,Gemini Monster,1500,1500,"""This card is treated as a Normal Monster while it is face-up on the field or in the Graveyard. While this card is face-up on the field, you can Normal Summon it to have it be treated as an Effect Monster with this effect:<BR> You can Tribute this card to Special Summon 1 Gemini monster from your Graveyard except """"Blazewing Butterfly"""". A Gemini monster Special Summoned by this effect is treated as an Effect Monster, and gains its effect.""",0.3,0.75,5.0,0.68,,1st Edition,
26126,Abyssal Kingshark,Abyssal Kingshark,https://tcgplayer-cdn.tcgplayer.com/product/26126_200w.jpg,2,325,https://cpt.tcgcsv.com/xsd,2013-05-09T12:13:41.653,1,TAEV-EN084,Secret Rare,Water,Fish,Effect Monster,1700,600,"Once per turn, if this card would be destroyed by an effect that does not target it, it is not destroyed.",6.0,10.0,14.0,6.0,,Unlimited,
26126,Abyssal Kingshark,Abyssal Kingshark,https://tcgplayer-cdn.tcgplayer.com/product/26126_200w.jpg,2,325,https://cpt.tcgcsv.com/xsd,2013-05-09T12:13:41.653,1,TAEV-EN084,Secret Rare,Water,Fish,Effect Monster,1700,600,"Once per turn, if this card would be destroyed by an effect that does not target it, it is not destroyed.",9.0,16.19,40.0,14.55,,1st Edition,
26127,Mormolith,Mormolith,https://tcgplayer-cdn.tcgplayer.com/product/26127_200w.jpg,2,325,https://cpt.tcgcsv.com/zsd,2013-05-09T12:13:41.653,1,TAEV-EN085,Secret Rare,Earth,Rock,Effect Monster,1000,900,You can Tribute 1 EARTH monster to destroy all face-up monsters with a DEF equal to or less than the ATK of the Tributed monster.,1.92,5.0,15.99,5.0,,Unlimited,
26127,Mormolith,Mormolith,https://tcgplayer-cdn.tcgplayer.com/product/26127_200w.jpg,2,325,https://cpt.tcgcsv.com/zsd,2013-05-09T12:13:41.653,1,TAEV-EN085,Secret Rare,Earth,Rock,Effect Monster,1000,900,You can Tribute 1 EARTH monster to destroy all face-up monsters with a DEF equal to or less than the ATK of the Tributed monster.,5.98,11.58,29.95,6.99,,1st Edition,
26128,Fossil Tusker,Fossil Tusker,https://tcgplayer-cdn.tcgplayer.com/product/26128_200w.jpg,2,325,https://cpt.tcgcsv.com/Bsd,2013-05-09T12:13:41.653,1,TAEV-EN086,Rare,Earth,Rock,Effect Monster,1800,0,"When this card destroys an opponent's monster by battle and sends it to the Graveyard, inflict 400 damage to your opponent.",0.27,0.76,1.6,0.88,,Unlimited,
26128,Fossil Tusker,Fossil Tusker,https://tcgplayer-cdn.tcgplayer.com/product/26128_200w.jpg,2,325,https://cpt.tcgcsv.com/Bsd,2013-05-09T12:13:41.653,1,TAEV-EN086,Rare,Earth,Rock,Effect Monster,1800,0,"When this card destroys an opponent's monster by battle and sends it to the Graveyard, inflict 400 damage to your opponent.",0.25,0.64,2.99,0.61,,1st Edition,
26129,Phantom Dragonray Bronto,Phantom Dragonray Bronto,https://tcgplayer-cdn.tcgplayer.com/product/26129_200w.jpg,2,325,https://cpt.tcgcsv.com/Csd,2013-05-09T12:13:41.653,1,TAEV-EN087,Rare,Water,Fish,Gemini Monster,1500,1000,"""This card is treated as a Normal Monster while face-up on the field or in the Graveyard. While this card is face-up on the field, you can Normal Summon it to have it be treated as an Effect Monster with this effect:<BR> The original ATK of this card becomes 2300. If this card attacks, it is switched to Defense Position at the end of the Battle Phase. This card's battle position cannot be changed until the end of your next turn, except with a card effect.""",0.15,0.25,1.46,0.17,,Unlimited,
26129,Phantom Dragonray Bronto,Phantom Dragonray Bronto,https://tcgplayer-cdn.tcgplayer.com/product/26129_200w.jpg,2,325,https://cpt.tcgcsv.com/Csd,2013-05-09T12:13:41.653,1,TAEV-EN087,Rare,Water,Fish,Gemini Monster,1500,1000,"""This card is treated as a Normal Monster while face-up on the field or in the Graveyard. While this card is face-up on the field, you can Normal Summon it to have it be treated as an Effect Monster with this effect:<BR> The original ATK of this card becomes 2300. If this card attacks, it is switched to Defense Position at the end of the Battle Phase. This card's battle position cannot be changed until the end of your next turn, except with a card effect.""",0.09,0.28,1.99,0.2,,1st Edition,
26130,Ocean's Keeper,Oceans Keeper,https://tcgplayer-cdn.tcgplayer.com/product/26130_200w.jpg,2,325,https://cpt.tcgcsv.com/Dsd,2013-05-09T12:13:41.653,1,TAEV-EN081,Rare,Water,Fish,Effect Monster,1500,1200,"During battle between this attacking card and a Defense Position monster whose DEF is lower than the ATK of this card, inflict the difference as Battle Damage to your opponent. When this card is destroyed by battle, add 1 ""Thousand-Eyes Jellyfish"" or 1 ""Cranium Fish"" from your Deck to your hand.",0.14,0.3,1.0,0.21,,Unlimited,
26130,Ocean's Keeper,Oceans Keeper,https://tcgplayer-cdn.tcgplayer.com/product/26130_200w.jpg,2,325,https://cpt.tcgcsv.com/Dsd,2013-05-09T12:13:41.653,1,TAEV-EN081,Rare,Water,Fish,Effect Monster,1500,1200,"During battle between this attacking card and a Defense Position monster whose DEF is lower than the ATK of this card, inflict the difference as Battle Damage to your opponent. When this card is destroyed by battle, add 1 ""Thousand-Eyes Jellyfish"" or 1 ""Cranium Fish"" from your Deck to your hand.",0.1,0.28,2.99,0.19,,1st Edition,
26131,Thousand-Eyes Jellyfish,Thousand Eyes Jellyfish,https://tcgplayer-cdn.tcgplayer.com/product/26131_200w.jpg,2,325,https://cpt.tcgcsv.com/Fsd,2013-05-09T12:13:41.653,1,TAEV-EN082,Rare,Water,Fish,Effect Monster,300,2100,"This card cannot be Normal Summoned or Set. This card cannot be Special Summoned except by Tributing 1 ""Ocean's Keeper"". Your opponent must play with their hand revealed.",0.12,0.33,1.51,0.25,,Unlimited,
26131,Thousand-Eyes Jellyfish,Thousand Eyes Jellyfish,https://tcgplayer-cdn.tcgplayer.com/product/26131_200w.jpg,2,325,https://cpt.tcgcsv.com/Fsd,2013-05-09T12:13:41.653,1,TAEV-EN082,Rare,Water,Fish,Effect Monster,300,2100,"This card cannot be Normal Summoned or Set. This card cannot be Special Summoned except by Tributing 1 ""Ocean's Keeper"". Your opponent must play with their hand revealed.",0.15,0.25,1.5,0.2,,1st Edition,
26132,Cranium Fish,Cranium Fish,https://tcgplayer-cdn.tcgplayer.com/product/26132_200w.jpg,2,325,https://cpt.tcgcsv.com/Gsd,2013-05-09T12:13:41.653,1,TAEV-EN083,Secret Rare,Water,Fish,Effect Monster,2400,1000,"You can Special Summon this card by Tributing 1 ""Ocean's Keeper"". You can discard 1 WATER monster to the Graveyard to destroy 1 face-down card.",6.88,9.99,31.95,9.69,,Unlimited,
26132,Cranium Fish,Cranium Fish,https://tcgplayer-cdn.tcgplayer.com/product/26132_200w.jpg,2,325,https://cpt.tcgcsv.com/Gsd,2013-05-09T12:13:41.653,1,TAEV-EN083,Secret Rare,Water,Fish,Effect Monster,2400,1000,"You can Special Summon this card by Tributing 1 ""Ocean's Keeper"". You can discard 1 WATER monster to the Graveyard to destroy 1 face-down card.",8.04,13.99,39.95,11.08,,1st Edition,
26133,Fifth Hope,Fifth Hope,https://tcgplayer-cdn.tcgplayer.com/product/26133_200w.jpg,2,325,https://cpt.tcgcsv.com/Hsd,2013-05-09T12:13:41.653,1,TAEV-EN045,Super Rare,SPELL,,Normal Spell,0,0,"Select 5 ""Elemental Hero"" cards from your Graveyard and shuffle them into the Deck. Then draw 2 cards. Draw 3 cards instead if you had no other cards on your side of the field and in your hand when you activated this card.",0.49,1.0,2.66,0.53,,Unlimited,
26133,Fifth Hope,Fifth Hope,https://tcgplayer-cdn.tcgplayer.com/product/26133_200w.jpg,2,325,https://cpt.tcgcsv.com/Hsd,2013-05-09T12:13:41.653,1,TAEV-EN045,Super Rare,SPELL,,Normal Spell,0,0,"Select 5 ""Elemental Hero"" cards from your Graveyard and shuffle them into the Deck. Then draw 2 cards. Draw 3 cards instead if you had no other cards on your side of the field and in your hand when you activated this card.",0.52,1.0,4.99,0.71,,1st Edition,
26134,Reverse of Neos,Reverse of Neos,https://tcgplayer-cdn.tcgplayer.com/product/26134_200w.jpg,2,325,https://cpt.tcgcsv.com/Jsd,2013-05-09T12:13:41.653,1,TAEV-EN046,Common,SPELL,,Quick-Play Spell,0,0,"Activate only when a face-up ""Neos"" Fusion Monster you control is destroyed. Special Summon 1 ""Elemental Hero Neos"" from your Deck in Attack Position. It gains 1000 ATK and is destroyed during the End Phase of this turn.",0.09,0.25,1.75,0.21,,Unlimited,
26134,Reverse of Neos,Reverse of Neos,https://tcgplayer-cdn.tcgplayer.com/product/26134_200w.jpg,2,325,https://cpt.tcgcsv.com/Jsd,2013-05-09T12:13:41.653,1,TAEV-EN046,Common,SPELL,,Quick-Play Spell,0,0,"Activate only when a face-up ""Neos"" Fusion Monster you control is destroyed. Special Summon 1 ""Elemental Hero Neos"" from your Deck in Attack Position. It gains 1000 ATK and is destroyed during the End Phase of this turn.",0.1,0.29,1.48,0.29,,1st Edition,
26135,Convert Contact,Convert Contact,https://tcgplayer-cdn.tcgplayer.com/product/26135_200w.jpg,2,325,https://cpt.tcgcsv.com/Ksd,2013-05-09T12:13:41.653,1,TAEV-EN047,Common,SPELL,,Normal Spell,0,0,"Activate only while you control no monsters. Send 1 ""Neo-Spacian"" monster from your hand and 1 from your Deck to the Graveyard. Then draw 2 cards.",0.07,0.24,1.0,0.19,,Unlimited,
26135,Convert Contact,Convert Contact,https://tcgplayer-cdn.tcgplayer.com/product/26135_200w.jpg,2,325,https://cpt.tcgcsv.com/Ksd,2013-05-09T12:13:41.653,1,TAEV-EN047,Common,SPELL,,Normal Spell,0,0,"Activate only while you control no monsters. Send 1 ""Neo-Spacian"" monster from your hand and 1 from your Deck to the Graveyard. Then draw 2 cards.",0.17,0.37,1.49,0.37,,1st Edition,
26136,Cocoon Party,Cocoon Party,https://tcgplayer-cdn.tcgplayer.com/product/26136_200w.jpg,2,325,https://cpt.tcgcsv.com/Lsd,2013-05-09T12:13:41.653,1,TAEV-EN048,Common,SPELL,,Normal Spell,0,0,"Special Summon 1 ""Chrysalis"" monster from your Deck for each ""Neo-Spacian"" monster with a different name in your Graveyard.",0.1,0.25,1.0,0.16,,Unlimited,
26136,Cocoon Party,Cocoon Party,https://tcgplayer-cdn.tcgplayer.com/product/26136_200w.jpg,2,325,https://cpt.tcgcsv.com/Lsd,2013-05-09T12:13:41.653,1,TAEV-EN048,Common,SPELL,,Normal Spell,0,0,"Special Summon 1 ""Chrysalis"" monster from your Deck for each ""Neo-Spacian"" monster with a different name in your Graveyard.",0.1,0.25,1.46,0.23,,1st Edition,
26137,NEX,NEX,https://tcgplayer-cdn.tcgplayer.com/product/26137_200w.jpg,2,325,https://cpt.tcgcsv.com/Msd,2013-05-09T12:13:41.653,1,TAEV-EN049,Common,SPELL,,Normal Spell,0,0,"Send 1 face-up ""Neo-Spacian"" monster you control to the Graveyard. Special Summon 1 Level 4 monster with the same name from your Fusion Deck.",0.01,0.27,1.49,0.27,,Unlimited,
26137,NEX,NEX,https://tcgplayer-cdn.tcgplayer.com/product/26137_200w.jpg,2,325,https://cpt.tcgcsv.com/Msd,2013-05-09T12:13:41.653,1,TAEV-EN049,Common,SPELL,,Normal Spell,0,0,"Send 1 face-up ""Neo-Spacian"" monster you control to the Graveyard. Special Summon 1 Level 4 monster with the same name from your Fusion Deck.",0.18,0.41,2.0,0.33,,1st Edition,
26138,Cocoon Rebirth,Cocoon Rebirth,https://tcgplayer-cdn.tcgplayer.com/product/26138_200w.jpg,2,325,https://cpt.tcgcsv.com/Nsd,2013-05-09T12:13:41.653,1,TAEV-EN050,Common,SPELL,,Continuous Spell,0,0,"You can Tribute 1 face-up ""Chrysalis"" monster you control to Special Summon 1 ""Neo-Spacian"" monster written in the card text of that card from either player's Graveyard.",0.07,0.23,0.99,0.2,,Unlimited,
26138,Cocoon Rebirth,Cocoon Rebirth,https://tcgplayer-cdn.tcgplayer.com/product/26138_200w.jpg,2,325,https://cpt.tcgcsv.com/Nsd,2013-05-09T12:13:41.653,1,TAEV-EN050,Common,SPELL,,Continuous Spell,0,0,"You can Tribute 1 face-up ""Chrysalis"" monster you control to Special Summon 1 ""Neo-Spacian"" monster written in the card text of that card from either player's Graveyard.",0.1,0.28,1.46,0.28,,1st Edition,
26139,Venom Swamp,Venom Swamp,https://tcgplayer-cdn.tcgplayer.com/product/26139_200w.jpg,2,325,https://cpt.tcgcsv.com/Psd,2013-05-09T12:13:41.653,1,TAEV-EN051,Common,SPELL,,Field Spell,0,0,"Monsters lose 500 ATK for each Venom Counter on them. Destroy a monster if its ATK becomes 0 by this effect. During each player's End Phase, place 1 Venom Counter on each face-up monster, except ""Venom"" monsters.",0.15,0.25,1.46,0.2,,Unlimited,
26139,Venom Swamp,Venom Swamp,https://tcgplayer-cdn.tcgplayer.com/product/26139_200w.jpg,2,325,https://cpt.tcgcsv.com/Psd,2013-05-09T12:13:41.653,1,TAEV-EN051,Common,SPELL,,Field Spell,0,0,"Monsters lose 500 ATK for each Venom Counter on them. Destroy a monster if its ATK becomes 0 by this effect. During each player's End Phase, place 1 Venom Counter on each face-up monster, except ""Venom"" monsters.",0.15,0.35,1.85,0.35,,1st Edition,
26140,Snake Rain,Snake Rain,https://tcgplayer-cdn.tcgplayer.com/product/26140_200w.jpg,2,325,https://cpt.tcgcsv.com/Qsd,2013-05-09T12:13:41.653,1,TAEV-EN052,Rare,SPELL,,Normal Spell,0,0,Discard 1 card from your hand. Select 4 Reptile-Type monsters from your Deck and send them to the Graveyard.,0.64,1.42,14.99,1.47,,Unlimited,
26140,Snake Rain,Snake Rain,https://tcgplayer-cdn.tcgplayer.com/product/26140_200w.jpg,2,325,https://cpt.tcgcsv.com/Qsd,2013-05-09T12:13:41.653,1,TAEV-EN052,Rare,SPELL,,Normal Spell,0,0,Discard 1 card from your hand. Select 4 Reptile-Type monsters from your Deck and send them to the Graveyard.,0.7,1.82,12.38,2.15,,1st Edition,
26141,Venom Shot,Venom Shot,https://tcgplayer-cdn.tcgplayer.com/product/26141_200w.jpg,2,325,https://cpt.tcgcsv.com/Rsd,2013-05-09T12:13:41.653,1,TAEV-EN053,Common,SPELL,,Normal Spell,0,0,"Activate only while you control a face-up ""Venom"" monster, ""Vennominaga the Deity of Poisonous Snakes"", or ""Vennominon the King of Poisonous Snakes"". Send 1 Reptile-Type monster from your Deck to the Graveyard and place 2 Venom Counters on 1 face-up monster your opponent controls.",0.01,0.33,0.99,0.29,,Unlimited,
26141,Venom Shot,Venom Shot,https://tcgplayer-cdn.tcgplayer.com/product/26141_200w.jpg,2,325,https://cpt.tcgcsv.com/Rsd,2013-05-09T12:13:41.653,1,TAEV-EN053,Common,SPELL,,Normal Spell,0,0,"Activate only while you control a face-up ""Venom"" monster, ""Vennominaga the Deity of Poisonous Snakes"", or ""Vennominon the King of Poisonous Snakes"". Send 1 Reptile-Type monster from your Deck to the Graveyard and place 2 Venom Counters on 1 face-up monster your opponent controls.",0.23,0.4,1.55,0.37,,1st Edition,
26142,Cyberdark Impact!,Cyberdark Impact,https://tcgplayer-cdn.tcgplayer.com/product/26142_200w.jpg,2,325,https://cpt.tcgcsv.com/Ssd,2013-05-09T12:13:41.653,1,TAEV-EN054,Secret Rare,SPELL,,Normal Spell,0,0,"Return 1 each of ""Cyberdark Horn"", ""Cyberdark Edge"", and ""Cyberdark Keel"" from your hand, Graveyard or your side of the field to your Deck. Special Summon 1 ""Cyberdark Dragon"" from your Fusion Deck. (This Special Summon is treated as a Fusion Summon.)",23.31,28.0,74.71,28.36,,Unlimited,
26142,Cyberdark Impact!,Cyberdark Impact,https://tcgplayer-cdn.tcgplayer.com/product/26142_200w.jpg,2,325,https://cpt.tcgcsv.com/Ssd,2013-05-09T12:13:41.653,1,TAEV-EN054,Secret Rare,SPELL,,Normal Spell,0,0,"Return 1 each of ""Cyberdark Horn"", ""Cyberdark Edge"", and ""Cyberdark Keel"" from your hand, Graveyard or your side of the field to your Deck. Special Summon 1 ""Cyberdark Dragon"" from your Fusion Deck. (This Special Summon is treated as a Fusion Summon.)",37.37,54.33,149.95,54.3,,1st Edition,
26143,Flint Missile,Flint Missile,https://tcgplayer-cdn.tcgplayer.com/product/26143_200w.jpg,2,325,https://cpt.tcgcsv.com/Tsd,2013-05-09T12:13:41.653,1,TAEV-EN055,Common,SPELL,,Quick-Play Spell,0,0,"Destroy 1 monster equipped with ""Flint"". When this card is sent to Graveyard after activation, you may instead return this card to the Deck instead. The Deck is then shuffled.",0.08,0.21,0.94,0.2,,Unlimited,
26143,Flint Missile,Flint Missile,https://tcgplayer-cdn.tcgplayer.com/product/26143_200w.jpg,2,325,https://cpt.tcgcsv.com/Tsd,2013-05-09T12:13:41.653,1,TAEV-EN055,Common,SPELL,,Quick-Play Spell,0,0,"Destroy 1 monster equipped with ""Flint"". When this card is sent to Graveyard after activation, you may instead return this card to the Deck instead. The Deck is then shuffled.",0.07,0.24,1.41,0.18,,1st Edition,
26144,Double Summon,Double Summon,https://tcgplayer-cdn.tcgplayer.com/product/26144_200w.jpg,2,325,https://cpt.tcgcsv.com/Vsd,2013-05-09T12:13:41.653,1,TAEV-EN056,Rare,SPELL,,Normal Spell,0,0,You can Normal Summon 1 additional time this turn. You can only gain this effect once per turn.,0.39,0.77,2.25,0.77,,Unlimited,
26144,Double Summon,Double Summon,https://tcgplayer-cdn.tcgplayer.com/product/26144_200w.jpg,2,325,https://cpt.tcgcsv.com/Vsd,2013-05-09T12:13:41.653,1,TAEV-EN056,Rare,SPELL,,Normal Spell,0,0,You can Normal Summon 1 additional time this turn. You can only gain this effect once per turn.,0.22,0.94,5.21,0.62,,1st Edition,
26145,Summoner's Art,Summoners Art,https://tcgplayer-cdn.tcgplayer.com/product/26145_200w.jpg,2,325,https://cpt.tcgcsv.com/Wsd,2013-05-09T12:13:41.653,1,TAEV-EN057,Rare,SPELL,,Normal Spell,0,0,Select 1 Level 5 or higher Normal Monster from your Deck and add it to your hand.,0.3,0.85,7.87,0.5,,Unlimited,
26145,Summoner's Art,Summoners Art,https://tcgplayer-cdn.tcgplayer.com/product/26145_200w.jpg,2,325,https://cpt.tcgcsv.com/Wsd,2013-05-09T12:13:41.653,1,TAEV-EN057,Rare,SPELL,,Normal Spell,0,0,Select 1 Level 5 or higher Normal Monster from your Deck and add it to your hand.,0.29,0.98,8.92,0.98,,1st Edition,
26146,Creature Seizure,Creature Seizure,https://tcgplayer-cdn.tcgplayer.com/product/26146_200w.jpg,2,325,https://cpt.tcgcsv.com/Xsd,2013-05-09T12:13:41.653,1,TAEV-EN058,Common,SPELL,,Normal Spell,0,0,"Both players select 1 monster under their control, and both monsters switch control. If the controller of this card controls a face-up Normal Monster, he/she must select it.",0.04,0.2,0.88,0.16,,Unlimited,
26146,Creature Seizure,Creature Seizure,https://tcgplayer-cdn.tcgplayer.com/product/26146_200w.jpg,2,325,https://cpt.tcgcsv.com/Xsd,2013-05-09T12:13:41.653,1,TAEV-EN058,Common,SPELL,,Normal Spell,0,0,"Both players select 1 monster under their control, and both monsters switch control. If the controller of this card controls a face-up Normal Monster, he/she must select it.",0.05,0.25,1.42,0.13,,1st Edition,
26147,Phalanx Pike,Phalanx Pike,https://tcgplayer-cdn.tcgplayer.com/product/26147_200w.jpg,2,325,https://cpt.tcgcsv.com/Zsd,2013-05-09T12:13:41.653,1,TAEV-EN059,Rare,SPELL,,Equip Spell,0,0,The equipped monster gains 900 ATK for each card in either Graveyard that has the same card name.,0.98,1.46,4.89,1.46,,Unlimited,
26147,Phalanx Pike,Phalanx Pike,https://tcgplayer-cdn.tcgplayer.com/product/26147_200w.jpg,2,325,https://cpt.tcgcsv.com/Zsd,2013-05-09T12:13:41.653,1,TAEV-EN059,Rare,SPELL,,Equip Spell,0,0,The equipped monster gains 900 ATK for each card in either Graveyard that has the same card name.,1.02,1.95,4.0,2.01,,1st Edition,
26148,Symbols of Duty,Symbols of Duty,https://tcgplayer-cdn.tcgplayer.com/product/26148_200w.jpg,2,325,https://cpt.tcgcsv.com/-sd,2013-05-09T12:13:41.653,1,TAEV-EN060,Rare,SPELL,,Equip Spell,0,0,"Send 1 Normal Monster from your side of the field to the Graveyard. Select 1 monster in your Graveyard, Special Summon it to your side of the field and equip it with this card. When this card is removed from the field, destroy the equipped monster.",0.13,0.28,1.41,0.27,,Unlimited,
26148,Symbols of Duty,Symbols of Duty,https://tcgplayer-cdn.tcgplayer.com/product/26148_200w.jpg,2,325,https://cpt.tcgcsv.com/-sd,2013-05-09T12:13:41.653,1,TAEV-EN060,Rare,SPELL,,Equip Spell,0,0,"Send 1 Normal Monster from your side of the field to the Graveyard. Select 1 monster in your Graveyard, Special Summon it to your side of the field and equip it with this card. When this card is removed from the field, destroy the equipped monster.",0.15,0.39,1.5,0.35,,1st Edition,
26149,Amulet of Ambition,Amulet of Ambition,https://tcgplayer-cdn.tcgplayer.com/product/26149_200w.jpg,2,325,https://cpt.tcgcsv.com/_sd,2013-05-09T12:13:41.653,1,TAEV-EN061,Common,SPELL,,Equip Spell,0,0,"Equip only to a Normal Monster. If it battles a monster with a higher Level, the equipped monster gains 500 ATK x the difference in Levels during the Damage Step. When this card is sent from the field to the Graveyard, you can return it to the top of your Deck.",0.09,0.25,1.12,0.31,,Unlimited,
26149,Amulet of Ambition,Amulet of Ambition,https://tcgplayer-cdn.tcgplayer.com/product/26149_200w.jpg,2,325,https://cpt.tcgcsv.com/_sd,2013-05-09T12:13:41.653,1,TAEV-EN061,Common,SPELL,,Equip Spell,0,0,"Equip only to a Normal Monster. If it battles a monster with a higher Level, the equipped monster gains 500 ATK x the difference in Levels during the Damage Step. When this card is sent from the field to the Graveyard, you can return it to the top of your Deck.",0.07,0.34,2.67,0.34,,1st Edition,
26150,Broken Bamboo Sword,Broken Bamboo Sword,https://tcgplayer-cdn.tcgplayer.com/product/26150_200w.jpg,2,325,https://cpt.tcgcsv.com/0td,2013-05-09T12:13:41.653,1,TAEV-EN062,Common,SPELL,,Equip Spell,0,0,The equipped monster gains 0 ATK.,0.7,0.86,4.99,0.79,,Unlimited,
26150,Broken Bamboo Sword,Broken Bamboo Sword,https://tcgplayer-cdn.tcgplayer.com/product/26150_200w.jpg,2,325,https://cpt.tcgcsv.com/0td,2013-05-09T12:13:41.653,1,TAEV-EN062,Common,SPELL,,Equip Spell,0,0,The equipped monster gains 0 ATK.,0.69,0.95,2.5,0.94,,1st Edition,
26151,Mirror Gate,Mirror Gate,https://tcgplayer-cdn.tcgplayer.com/product/26151_200w.jpg,2,325,https://cpt.tcgcsv.com/2td,2013-05-09T12:13:41.653,1,TAEV-EN063,Super Rare,TRAP,,Normal Trap,0,0,"Activate only when your opponent's monster declares an attack targeting a face-up ""Elemental Hero"" monster you control. Switch control of the opponent's attacking monster with the targeted monster you control, then calculate damage. Control of those monsters switches back during the End Phase of this turn.",0.2,0.55,2.97,0.55,,Unlimited,
26151,Mirror Gate,Mirror Gate,https://tcgplayer-cdn.tcgplayer.com/product/26151_200w.jpg,2,325,https://cpt.tcgcsv.com/2td,2013-05-09T12:13:41.653,1,TAEV-EN063,Super Rare,TRAP,,Normal Trap,0,0,"Activate only when your opponent's monster declares an attack targeting a face-up ""Elemental Hero"" monster you control. Switch control of the opponent's attacking monster with the targeted monster you control, then calculate damage. Control of those monsters switches back during the End Phase of this turn.",0.24,0.69,4.99,0.47,,1st Edition,
26152,Hero Counterattack,Hero Counterattack,https://tcgplayer-cdn.tcgplayer.com/product/26152_200w.jpg,2,325,https://cpt.tcgcsv.com/3td,2013-05-09T12:13:41.653,1,TAEV-EN064,Common,TRAP,,Normal Trap,0,0,"When a monster with ""Elemental Hero"" in its card name is destroyed by battle, your opponent selects 1 card from your hand. If a monster card with ""Elemental Hero"" in its card name, you can destroy 1 monster on the field and Special Summon the selected monster. If it is not, send it to the Graveyard.",0.09,0.22,0.83,0.21,,Unlimited,
26152,Hero Counterattack,Hero Counterattack,https://tcgplayer-cdn.tcgplayer.com/product/26152_200w.jpg,2,325,https://cpt.tcgcsv.com/3td,2013-05-09T12:13:41.653,1,TAEV-EN064,Common,TRAP,,Normal Trap,0,0,"When a monster with ""Elemental Hero"" in its card name is destroyed by battle, your opponent selects 1 card from your hand. If a monster card with ""Elemental Hero"" in its card name, you can destroy 1 monster on the field and Special Summon the selected monster. If it is not, send it to the Graveyard.",0.14,0.3,0.98,0.26,,1st Edition,
26153,Cocoon Veil,Cocoon Veil,https://tcgplayer-cdn.tcgplayer.com/product/26153_200w.jpg,2,325,https://cpt.tcgcsv.com/5td,2013-05-09T12:13:41.653,1,TAEV-EN065,Common,TRAP,,Normal Trap,0,0,"Activate only by Tributing 1 face-up ""Chrysalis"" monster. This turn, any effect damage to a player becomes 0. Special Summon 1 ""Neo-Spacian"" monster written on the ""Chrysalis"" monster you Tributed, from your hand, Deck or from either player's Graveyard.",0.01,0.26,5.0,0.19,,Unlimited,
26153,Cocoon Veil,Cocoon Veil,https://tcgplayer-cdn.tcgplayer.com/product/26153_200w.jpg,2,325,https://cpt.tcgcsv.com/5td,2013-05-09T12:13:41.653,1,TAEV-EN065,Common,TRAP,,Normal Trap,0,0,"Activate only by Tributing 1 face-up ""Chrysalis"" monster. This turn, any effect damage to a player becomes 0. Special Summon 1 ""Neo-Spacian"" monster written on the ""Chrysalis"" monster you Tributed, from your hand, Deck or from either player's Graveyard.",0.2,0.29,1.7,0.27,,1st Edition,
26154,Snake Whistle,Snake Whistle,https://tcgplayer-cdn.tcgplayer.com/product/26154_200w.jpg,2,325,https://cpt.tcgcsv.com/6td,2013-05-09T12:13:41.653,1,TAEV-EN066,Common,TRAP,,Normal Trap,0,0,Activate only when a Reptile-Type monster on your side of the field is destroyed. Special Summon 1 Level 4 or lower Reptile-Type monster from your Deck to your side of the field.,0.2,0.37,2.5,0.25,,Unlimited,
26154,Snake Whistle,Snake Whistle,https://tcgplayer-cdn.tcgplayer.com/product/26154_200w.jpg,2,325,https://cpt.tcgcsv.com/6td,2013-05-09T12:13:41.653,1,TAEV-EN066,Common,TRAP,,Normal Trap,0,0,Activate only when a Reptile-Type monster on your side of the field is destroyed. Special Summon 1 Level 4 or lower Reptile-Type monster from your Deck to your side of the field.,0.1,0.4,1.75,0.4,,1st Edition,
26155,Damage = Reptile,Damage = Reptile,https://tcgplayer-cdn.tcgplayer.com/product/26155_200w.jpg,2,325,https://cpt.tcgcsv.com/7td,2013-05-09T12:13:41.653,1,TAEV-EN067,Rare,TRAP,,Continuous Trap,0,0,"Once per turn, when you take Battle Damage from a battle involving a Reptile-Type monster, you can Special Summon 1 Reptile-Type monster from your Deck with ATK less than or equal to the Battle Damage you took.",0.15,0.4,1.25,0.32,,Unlimited,
26155,Damage = Reptile,Damage = Reptile,https://tcgplayer-cdn.tcgplayer.com/product/26155_200w.jpg,2,325,https://cpt.tcgcsv.com/7td,2013-05-09T12:13:41.653,1,TAEV-EN067,Rare,TRAP,,Continuous Trap,0,0,"Once per turn, when you take Battle Damage from a battle involving a Reptile-Type monster, you can Special Summon 1 Reptile-Type monster from your Deck with ATK less than or equal to the Battle Damage you took.",0.1,0.38,1.89,0.34,,1st Edition,
26156,Snake Deity's Command,Snake Deitys Command,https://tcgplayer-cdn.tcgplayer.com/product/26156_200w.jpg,2,325,https://cpt.tcgcsv.com/8td,2013-05-09T12:13:41.653,1,TAEV-EN068,Rare,TRAP,,Counter Trap,0,0,"Show 1 monster that includes ""Venom"" in its card name in your hand to your opponent. Negate the activation of a Spell Card and destroy it.",0.24,0.51,1.0,0.51,,Unlimited,
26156,Snake Deity's Command,Snake Deitys Command,https://tcgplayer-cdn.tcgplayer.com/product/26156_200w.jpg,2,325,https://cpt.tcgcsv.com/8td,2013-05-09T12:13:41.653,1,TAEV-EN068,Rare,TRAP,,Counter Trap,0,0,"Show 1 monster that includes ""Venom"" in its card name in your hand to your opponent. Negate the activation of a Spell Card and destroy it.",0.2,0.35,23.0,0.29,,1st Edition,
26157,Rise of the Snake Deity,Rise of the Snake Deity,https://tcgplayer-cdn.tcgplayer.com/product/26157_200w.jpg,2,325,https://cpt.tcgcsv.com/9td,2013-05-09T12:13:41.653,1,TAEV-EN069,Common,TRAP,,Normal Trap,0,0,"This card can only be activated when a ""Vennominon the King of Poisonous Snakes"" on your side of the field is destroyed. Special Summon 1 ""Vennominaga the Deity of Poisonous Snakes"" from your hand or Deck.",0.01,0.23,1.49,0.2,,Unlimited,
26157,Rise of the Snake Deity,Rise of the Snake Deity,https://tcgplayer-cdn.tcgplayer.com/product/26157_200w.jpg,2,325,https://cpt.tcgcsv.com/9td,2013-05-09T12:13:41.653,1,TAEV-EN069,Common,TRAP,,Normal Trap,0,0,"This card can only be activated when a ""Vennominon the King of Poisonous Snakes"" on your side of the field is destroyed. Special Summon 1 ""Vennominaga the Deity of Poisonous Snakes"" from your hand or Deck.",0.08,0.21,1.7,0.12,,1st Edition,
26158,Ambush Fangs,Ambush Fangs,https://tcgplayer-cdn.tcgplayer.com/product/26158_200w.jpg,2,325,https://cpt.tcgcsv.com/btd,2013-05-09T12:13:41.653,1,TAEV-EN070,Common,TRAP,,Normal Trap,0,0,"Activate only when a face-up ""Venom"" monster you control becomes an attack target. Negate the attack of the opponent's monster, and the Battle Phase ends. After that, 1 Venom Counter is placed on the attacking monster.",0.01,0.23,1.49,0.17,,Unlimited,
26158,Ambush Fangs,Ambush Fangs,https://tcgplayer-cdn.tcgplayer.com/product/26158_200w.jpg,2,325,https://cpt.tcgcsv.com/btd,2013-05-09T12:13:41.653,1,TAEV-EN070,Common,TRAP,,Normal Trap,0,0,"Activate only when a face-up ""Venom"" monster you control becomes an attack target. Negate the attack of the opponent's monster, and the Battle Phase ends. After that, 1 Venom Counter is placed on the attacking monster.",0.03,0.23,1.7,0.17,,1st Edition,
26159,Venom Burn,Venom Burn,https://tcgplayer-cdn.tcgplayer.com/product/26159_200w.jpg,2,325,https://cpt.tcgcsv.com/ctd,2013-05-09T12:13:41.653,1,TAEV-EN071,Common,TRAP,,Normal Trap,0,0,"Activate only by selecting 1 monster with a Venom Counter on it. Remove all Venom Counters from that monster, and inflict 700 damage to your opponent for each Venom Counter removed.",0.05,0.25,1.0,0.24,,Unlimited,
26159,Venom Burn,Venom Burn,https://tcgplayer-cdn.tcgplayer.com/product/26159_200w.jpg,2,325,https://cpt.tcgcsv.com/ctd,2013-05-09T12:13:41.653,1,TAEV-EN071,Common,TRAP,,Normal Trap,0,0,"Activate only by selecting 1 monster with a Venom Counter on it. Remove all Venom Counters from that monster, and inflict 700 damage to your opponent for each Venom Counter removed.",0.02,0.26,1.75,0.26,,1st Edition,
26160,Common Charity,Common Charity,https://tcgplayer-cdn.tcgplayer.com/product/26160_200w.jpg,2,325,https://cpt.tcgcsv.com/dtd,2013-05-09T12:13:41.653,1,TAEV-EN072,Rare,TRAP,,Normal Trap,0,0,"Draw 2 cards, then remove from play 1 Normal Monster Card from your hand. If you don't have any Normal Monster Cards in your hand to remove, send all cards in your hand to the Graveyard.",0.37,0.56,8.2,0.79,,Unlimited,
26160,Common Charity,Common Charity,https://tcgplayer-cdn.tcgplayer.com/product/26160_200w.jpg,2,325,https://cpt.tcgcsv.com/dtd,2013-05-09T12:13:41.653,1,TAEV-EN072,Rare,TRAP,,Normal Trap,0,0,"Draw 2 cards, then remove from play 1 Normal Monster Card from your hand. If you don't have any Normal Monster Cards in your hand to remove, send all cards in your hand to the Graveyard.",0.4,0.74,1.81,0.8,,1st Edition,
26161,Destructive Draw,Destructive Draw,https://tcgplayer-cdn.tcgplayer.com/product/26161_200w.jpg,2,325,https://cpt.tcgcsv.com/ftd,2019-01-30T20:02:12.037,1,TAEV-EN073,Common,TRAP,,Continuous Trap,,,"If either player has no cards in their hand at the start of their Draw Phase, they can draw 1 more card in addition to their normal draw. This card's controller loses 700 Life Points during their End Phase. (If less than 700, they become 0 instead.) When this face-up card is removed from the field, inflict 3000 damage to the player who controlled it.",0.1,0.23,1.0,0.18,,Unlimited,
26161,Destructive Draw,Destructive Draw,https://tcgplayer-cdn.tcgplayer.com/product/26161_200w.jpg,2,325,https://cpt.tcgcsv.com/ftd,2019-01-30T20:02:12.037,1,TAEV-EN073,Common,TRAP,,Continuous Trap,,,"If either player has no cards in their hand at the start of their Draw Phase, they can draw 1 more card in addition to their normal draw. This card's controller loses 700 Life Points during their End Phase. (If less than 700, they become 0 instead.) When this face-up card is removed from the field, inflict 3000 damage to the player who controlled it.",0.1,0.25,1.45,0.16,,1st Edition,
26162,Shield Spear,Shield Spear,https://tcgplayer-cdn.tcgplayer.com/product/26162_200w.jpg,2,325,https://cpt.tcgcsv.com/gtd,2013-05-09T12:13:41.653,1,TAEV-EN074,Common,TRAP,,Normal Trap,0,0,Target monster gains 400 ATK and DEF until the end of this turn.,0.05,0.21,1.49,0.19,,Unlimited,
26162,Shield Spear,Shield Spear,https://tcgplayer-cdn.tcgplayer.com/product/26162_200w.jpg,2,325,https://cpt.tcgcsv.com/gtd,2013-05-09T12:13:41.653,1,TAEV-EN074,Common,TRAP,,Normal Trap,0,0,Target monster gains 400 ATK and DEF until the end of this turn.,0.09,0.21,1.49,0.18,,1st Edition,
26163,Strike Slash,Strike Slash,https://tcgplayer-cdn.tcgplayer.com/product/26163_200w.jpg,2,325,https://cpt.tcgcsv.com/htd,2013-05-09T12:13:41.653,1,TAEV-EN075,Common,TRAP,,Normal Trap,0,0,"Activate only when a monster you control declares an attack. Until the end of this turn, that monster gains 700 ATK and during battle between that attacking monster and a Defense Position monster whose DEF is lower than the ATK of that card, inflict the difference as Battle Damage to your opponent.",0.01,0.2,1.49,0.17,,Unlimited,
26163,Strike Slash,Strike Slash,https://tcgplayer-cdn.tcgplayer.com/product/26163_200w.jpg,2,325,https://cpt.tcgcsv.com/htd,2013-05-09T12:13:41.653,1,TAEV-EN075,Common,TRAP,,Normal Trap,0,0,"Activate only when a monster you control declares an attack. Until the end of this turn, that monster gains 700 ATK and during battle between that attacking monster and a Defense Position monster whose DEF is lower than the ATK of that card, inflict the difference as Battle Damage to your opponent.",0.06,0.23,1.49,0.1,,1st Edition,
26164,Spell Reclamation,Spell Reclamation,https://tcgplayer-cdn.tcgplayer.com/product/26164_200w.jpg,2,325,https://cpt.tcgcsv.com/jtd,2013-05-09T12:13:41.653,1,TAEV-EN076,Rare,TRAP,,Normal Trap,0,0,"When you activate a Spell Card, discard 1 card from your hand. When the activated Spell Card is sent to the Graveyard, the card is returned to your hand.",0.18,0.5,1.51,0.51,,Unlimited,
26164,Spell Reclamation,Spell Reclamation,https://tcgplayer-cdn.tcgplayer.com/product/26164_200w.jpg,2,325,https://cpt.tcgcsv.com/jtd,2013-05-09T12:13:41.653,1,TAEV-EN076,Rare,TRAP,,Normal Trap,0,0,"When you activate a Spell Card, discard 1 card from your hand. When the activated Spell Card is sent to the Graveyard, the card is returned to your hand.",0.1,0.52,2.97,0.5,,1st Edition,
26165,Trap Reclamation,Trap Reclamation,https://tcgplayer-cdn.tcgplayer.com/product/26165_200w.jpg,2,325,https://cpt.tcgcsv.com/ktd,2013-05-09T12:13:41.653,1,TAEV-EN077,Rare,TRAP,,Normal Trap,0,0,"Discard 1 card and chain this card to a Trap Card you activated. Whenever that Trap Card is sent to the Graveyard, return it to its owner's hand.",0.05,0.44,1.36,0.24,,Unlimited,
26165,Trap Reclamation,Trap Reclamation,https://tcgplayer-cdn.tcgplayer.com/product/26165_200w.jpg,2,325,https://cpt.tcgcsv.com/ktd,2013-05-09T12:13:41.653,1,TAEV-EN077,Rare,TRAP,,Normal Trap,0,0,"Discard 1 card and chain this card to a Trap Card you activated. Whenever that Trap Card is sent to the Graveyard, return it to its owner's hand.",0.18,0.5,2.97,0.43,,1st Edition,
26166,Gift Card,Gift Card,https://tcgplayer-cdn.tcgplayer.com/product/26166_200w.jpg,2,325,https://cpt.tcgcsv.com/ltd,2013-05-09T12:13:41.653,1,TAEV-EN078,Common,TRAP,,Normal Trap,0,0,Your opponent gains 3000 Life Points.,2.0,5.0,9.0,5.27,,Unlimited,
26166,Gift Card,Gift Card,https://tcgplayer-cdn.tcgplayer.com/product/26166_200w.jpg,2,325,https://cpt.tcgcsv.com/ltd,2013-05-09T12:13:41.653,1,TAEV-EN078,Common,TRAP,,Normal Trap,0,0,Your opponent gains 3000 Life Points.,3.24,5.85,10.0,5.55,,1st Edition,
26167,The Gift of Greed,The Gift of Greed,https://tcgplayer-cdn.tcgplayer.com/product/26167_200w.jpg,2,325,https://cpt.tcgcsv.com/mtd,2013-05-09T12:13:41.653,1,TAEV-EN079,Common,TRAP,,Normal Trap,0,0,Your opponent draws 2 cards from their Deck.,0.3,0.57,2.0,0.58,,Unlimited,
26167,The Gift of Greed,The Gift of Greed,https://tcgplayer-cdn.tcgplayer.com/product/26167_200w.jpg,2,325,https://cpt.tcgcsv.com/mtd,2013-05-09T12:13:41.653,1,TAEV-EN079,Common,TRAP,,Normal Trap,0,0,Your opponent draws 2 cards from their Deck.,0.35,0.6,5.0,0.58,,1st Edition,
26168,Counter Counter,Counter Counter,https://tcgplayer-cdn.tcgplayer.com/product/26168_200w.jpg,2,325,https://cpt.tcgcsv.com/ntd,2013-05-09T12:13:41.653,1,TAEV-EN080,Common,TRAP,,Counter Trap,0,0,"Negate the activation of a Counter Trap Card, and destroy it.",0.1,0.25,1.46,0.24,,Unlimited,
26168,Counter Counter,Counter Counter,https://tcgplayer-cdn.tcgplayer.com/product/26168_200w.jpg,2,325,https://cpt.tcgcsv.com/ntd,2013-05-09T12:13:41.653,1,TAEV-EN080,Common,TRAP,,Counter Trap,0,0,"Negate the activation of a Counter Trap Card, and destroy it.",0.1,0.26,1.75,0.25,,1st Edition,
27409,Tactical Evolution - Booster Pack [1st Edition],Tactical Evolution Booster Pack 1st Edition,https://tcgplayer-cdn.tcgplayer.com/product/27409_200w.jpg,2,325,https://cpt.tcgcsv.com/c-d,2020-04-23T16:48:45.887,1,,,,,,,,,39.99,39.99,49.99,,,Normal,
57143,Tactical Evolution - Blister Pack [1st Edition],Tactical Evolution Blister Pack 1st Edition,https://tcgplayer-cdn.tcgplayer.com/product/57143_200w.jpg,2,325,https://cpt.tcgcsv.com/TSs,2020-04-23T16:51:47.253,1,,,,,,,,,,,,,,,53334537575
57160,Tactical Evolution - Booster Box [1st Edition],Tactical Evolution Booster Box 1st Edition,https://tcgplayer-cdn.tcgplayer.com/product/57160_200w.jpg,2,325,https://cpt.tcgcsv.com/dTs,2020-06-01T18:57:11.98,1,,,,,,,,Each booster box contains 24 booster packs,,,,,,,53334537537
57794,Rainbow Dragon (Ghost Rare),Rainbow Dragon Ghost Rare,https://tcgplayer-cdn.tcgplayer.com/product/57794_200w.jpg,2,325,https://cpt.tcgcsv.com/V7t,2022-05-10T13:22:14.417,1,TAEV-EN006,Ghost Rare,LIGHT,Dragon,Effect Monster,4000,0,"This card cannot be Normal Summoned or Set. This card cannot be Special Summoned except when there are at least 7 different Crystal Beast cards on your side of the field and/or in your Graveyard. You may activate either 1 or both of the following effects (the following effects cannot be activated during the turn this card was Special Summoned):<BR> Send all face-up Crystal Beast monsters on your side of the field to the Graveyard. The ATK of this card is increased by 1000 points for each card sent to the Graveyard by this effect. This effect can also be activated during your opponent's turn.<BR> Remove from play all Crystal Beast monsters in your Graveyard, to return all cards on the field to their owner's Deck(s).",98.26,111.28,450.0,130.57,,Unlimited,
57794,Rainbow Dragon (Ghost Rare),Rainbow Dragon Ghost Rare,https://tcgplayer-cdn.tcgplayer.com/product/57794_200w.jpg,2,325,https://cpt.tcgcsv.com/V7t,2022-05-10T13:22:14.417,1,TAEV-EN006,Ghost Rare,LIGHT,Dragon,Effect Monster,4000,0,"This card cannot be Normal Summoned or Set. This card cannot be Special Summoned except when there are at least 7 different Crystal Beast cards on your side of the field and/or in your Graveyard. You may activate either 1 or both of the following effects (the following effects cannot be activated during the turn this card was Special Summoned):<BR> Send all face-up Crystal Beast monsters on your side of the field to the Graveyard. The ATK of this card is increased by 1000 points for each card sent to the Graveyard by this effect. This effect can also be activated during your opponent's turn.<BR> Remove from play all Crystal Beast monsters in your Graveyard, to return all cards on the field to their owner's Deck(s).",208.0,280.92,650.0,322.82,,1st Edition,
58524,Necro Gardna (UTR),Necro Gardna UTR,https://tcgplayer-cdn.tcgplayer.com/product/58524_200w.jpg,2,325,https://cpt.tcgcsv.com/vqt,2015-12-02T18:55:45.857,1,TAEV-EN012,Ultimate Rare,DARK,Warrior,Effect Monster,600,1300,"By removing this card in your Graveyard from play, you can negate the attack of an opponent's monster.",69.99,81.48,499.99,89.99,,Unlimited,
58524,Necro Gardna (UTR),Necro Gardna UTR,https://tcgplayer-cdn.tcgplayer.com/product/58524_200w.jpg,2,325,https://cpt.tcgcsv.com/vqt,2015-12-02T18:55:45.857,1,TAEV-EN012,Ultimate Rare,DARK,Warrior,Effect Monster,600,1300,"By removing this card in your Graveyard from play, you can negate the attack of an opponent's monster.",71.5,77.95,109.99,93.97,,1st Edition,
58525,Vennominon the King of Poisonous Snakes (UTR),Vennominon the King of Poisonous Snakes UTR,https://tcgplayer-cdn.tcgplayer.com/product/58525_200w.jpg,2,325,https://cpt.tcgcsv.com/wqt,2015-12-02T18:56:09.203,1,TAEV-EN014,Ultimate Rare,DARK,Reptile,Effect Monster,0,0,"This card cannot be Special Summoned by monster effects except by effect of ""Vennominon, the King of Poisonous Snakes"". This card is not affected by the effect of ""Venom Swamp"". Increase the ATK of this card by 500 points for each Reptile-Type monster in your Graveyard. By removing 1 Reptile-Type monster in your Graveyard except this card from play when this card is destroyed as a result of battle and sent to the Graveyard, you can Special Summon this card from your Graveyard.",20.96,21.34,59.98,17.03,,Unlimited,
58525,Vennominon the King of Poisonous Snakes (UTR),Vennominon the King of Poisonous Snakes UTR,https://tcgplayer-cdn.tcgplayer.com/product/58525_200w.jpg,2,325,https://cpt.tcgcsv.com/wqt,2015-12-02T18:56:09.203,1,TAEV-EN014,Ultimate Rare,DARK,Reptile,Effect Monster,0,0,"This card cannot be Special Summoned by monster effects except by effect of ""Vennominon, the King of Poisonous Snakes"". This card is not affected by the effect of ""Venom Swamp"". Increase the ATK of this card by 500 points for each Reptile-Type monster in your Graveyard. By removing 1 Reptile-Type monster in your Graveyard except this card from play when this card is destroyed as a result of battle and sent to the Graveyard, you can Special Summon this card from your Graveyard.",22.0,48.0,89.99,30.8,,1st Edition,
58526,Elemental Hero Neos Alius (UTR),Elemental Hero Neos Alius UTR,https://tcgplayer-cdn.tcgplayer.com/product/58526_200w.jpg,2,325,https://cpt.tcgcsv.com/xqt,2015-12-02T18:54:23.697,1,TAEV-EN018,Ultimate Rare,LIGHT,Warrior,Gemini/Effect Monster,1900,1300,"This card is treated as a Normal Monster while face-up on the field or in the Graveyard. While this card is face-up on the field, you can Normal Summon it to have it be treated as an Effect Monster with this effect:<BR> This face-up card's name is treated as ""Elemental Hero Neos"".",61.49,102.49,129.99,67.03,,Unlimited,
58526,Elemental Hero Neos Alius (UTR),Elemental Hero Neos Alius UTR,https://tcgplayer-cdn.tcgplayer.com/product/58526_200w.jpg,2,325,https://cpt.tcgcsv.com/xqt,2015-12-02T18:54:23.697,1,TAEV-EN018,Ultimate Rare,LIGHT,Warrior,Gemini/Effect Monster,1900,1300,"This card is treated as a Normal Monster while face-up on the field or in the Graveyard. While this card is face-up on the field, you can Normal Summon it to have it be treated as an Effect Monster with this effect:<BR> This face-up card's name is treated as ""Elemental Hero Neos"".",72.98,102.96,149.99,106.72,,1st Edition,
58527,Chthonian Emperor Dragon (UTR),Chthonian Emperor Dragon UTR,https://tcgplayer-cdn.tcgplayer.com/product/58527_200w.jpg,2,325,https://cpt.tcgcsv.com/zqt,2015-12-02T18:52:21.31,1,TAEV-EN019,Ultimate Rare,FIRE,Dragon,Gemini/Effect Monster,2400,1500,"""This card is treated as a Normal Monster while face-up on the field or in the Graveyard. While this card is face-up on the field, you can Normal Summon it to have it be treated as an Effect Monster with this effect:<BR> This card can attack twice during the same Battle Phase.""",19.99,26.46,39.98,16.84,,Unlimited,
58527,Chthonian Emperor Dragon (UTR),Chthonian Emperor Dragon UTR,https://tcgplayer-cdn.tcgplayer.com/product/58527_200w.jpg,2,325,https://cpt.tcgcsv.com/zqt,2015-12-02T18:52:21.31,1,TAEV-EN019,Ultimate Rare,FIRE,Dragon,Gemini/Effect Monster,2400,1500,"""This card is treated as a Normal Monster while face-up on the field or in the Graveyard. While this card is face-up on the field, you can Normal Summon it to have it be treated as an Effect Monster with this effect:<BR> This card can attack twice during the same Battle Phase.""",14.84,35.48,55.98,20.99,,1st Edition,
58528,Aquarian Alessa (UTR),Aquarian Alessa UTR,https://tcgplayer-cdn.tcgplayer.com/product/58528_200w.jpg,2,325,https://cpt.tcgcsv.com/Bqt,2015-12-02T18:51:06.12,1,TAEV-EN020,Ultimate Rare,WATER,Aqua,Gemini/Effect Monster,1500,500,"""This card is treated as a Normal Monster while face-up on the field or in the Graveyard. While this card is face-up on the field, you can Normal Summon it to have it treated as an Effect Monster with this effect:<BR> When this card destroys an opponent's monster by battle and sends it to the Graveyard they discard 1 random card..""",2.5,5.13,8.54,8.06,,Unlimited,
58528,Aquarian Alessa (UTR),Aquarian Alessa UTR,https://tcgplayer-cdn.tcgplayer.com/product/58528_200w.jpg,2,325,https://cpt.tcgcsv.com/Bqt,2015-12-02T18:51:06.12,1,TAEV-EN020,Ultimate Rare,WATER,Aqua,Gemini/Effect Monster,1500,500,"""This card is treated as a Normal Monster while face-up on the field or in the Graveyard. While this card is face-up on the field, you can Normal Summon it to have it treated as an Effect Monster with this effect:<BR> When this card destroys an opponent's monster by battle and sends it to the Graveyard they discard 1 random card..""",4.5,10.81,21.99,9.59,,1st Edition,
58529,Lucky Pied Piper (UTR),Lucky Pied Piper UTR,https://tcgplayer-cdn.tcgplayer.com/product/58529_200w.jpg,2,325,https://cpt.tcgcsv.com/Cqt,2015-12-02T18:55:04.437,1,TAEV-EN021,Ultimate Rare,WIND,Fairy,Gemini/Effect Monster,1500,500,"This card is treated as a Normal Monster while face-up on the field or in the Graveyard. While this card is face-up on the field, you can Normal Summon it to have it be treated as an Effect Monster with this effect:<BR> When this card destroys an opponent's monster by battle and sends it to the Graveyard, draw 1 card.",13.49,14.24,29.99,3.24,,Unlimited,
58529,Lucky Pied Piper (UTR),Lucky Pied Piper UTR,https://tcgplayer-cdn.tcgplayer.com/product/58529_200w.jpg,2,325,https://cpt.tcgcsv.com/Cqt,2015-12-02T18:55:04.437,1,TAEV-EN021,Ultimate Rare,WIND,Fairy,Gemini/Effect Monster,1500,500,"This card is treated as a Normal Monster while face-up on the field or in the Graveyard. While this card is face-up on the field, you can Normal Summon it to have it be treated as an Effect Monster with this effect:<BR> When this card destroys an opponent's monster by battle and sends it to the Graveyard, draw 1 card.",5.46,11.3,20.38,14.95,,1st Edition,
58530,Doom Shaman (UTR),Doom Shaman UTR,https://tcgplayer-cdn.tcgplayer.com/product/58530_200w.jpg,2,325,https://cpt.tcgcsv.com/Dqt,2015-12-02T18:53:32.82,1,TAEV-EN025,Ultimate Rare,DARK,Spellcaster,Gemini Monster,2400,2000,"This card is treated as a Normal Monster while face-up on the field or in the Graveyard. While this card is face-up on the field, you can Normal Summon it to have it be treated as an Effect Monster with this effect: - Once per turn, you can Special Summon 1 Fiend-Type monster from your hand or from either player's Graveyard. When this card is removed from the field, destroy all Fiend-Type monsters Special Summoned by this effect.",3.67,5.04,7.57,6.44,,Unlimited,
58530,Doom Shaman (UTR),Doom Shaman UTR,https://tcgplayer-cdn.tcgplayer.com/product/58530_200w.jpg,2,325,https://cpt.tcgcsv.com/Dqt,2015-12-02T18:53:32.82,1,TAEV-EN025,Ultimate Rare,DARK,Spellcaster,Gemini Monster,2400,2000,"This card is treated as a Normal Monster while face-up on the field or in the Graveyard. While this card is face-up on the field, you can Normal Summon it to have it be treated as an Effect Monster with this effect: - Once per turn, you can Special Summon 1 Fiend-Type monster from your hand or from either player's Graveyard. When this card is removed from the field, destroy all Fiend-Type monsters Special Summoned by this effect.",5.0,7.38,9.89,7.26,,1st Edition,
58531,Crystal Seer (UTR),Crystal Seer UTR,https://tcgplayer-cdn.tcgplayer.com/product/58531_200w.jpg,2,325,https://cpt.tcgcsv.com/Fqt,2015-12-02T18:52:45.1,1,TAEV-EN031,Ultimate Rare,WATER,Spellcaster,Flip/Effect Monster,100,100,"FLIP: Pick up 2 cards from the top of your Deck. Select 1 of those cards and add it to your hand, and put the other card on the bottom of your Deck.",20.35,25.85,29.14,28.66,,Unlimited,
58531,Crystal Seer (UTR),Crystal Seer UTR,https://tcgplayer-cdn.tcgplayer.com/product/58531_200w.jpg,2,325,https://cpt.tcgcsv.com/Fqt,2015-12-02T18:52:45.1,1,TAEV-EN031,Ultimate Rare,WATER,Spellcaster,Flip/Effect Monster,100,100,"FLIP: Pick up 2 cards from the top of your Deck. Select 1 of those cards and add it to your hand, and put the other card on the bottom of your Deck.",29.93,36.74,65.49,39.0,,1st Edition,
58532,Desert Twister (UTR),Desert Twister UTR,https://tcgplayer-cdn.tcgplayer.com/product/58532_200w.jpg,2,325,https://cpt.tcgcsv.com/Gqt,2015-12-02T18:53:08.033,1,TAEV-EN034,Ultimate Rare,WIND,Fiend,Effect Monster,2300,2000,"This card cannot be Normal Summoned or Set. This card cannot be Special Summoned except by removing from play 1 EARTH and 2 WIND monsters from your Graveyard. Once per turn, you can discard 1 card to destroy 1 Spell or Trap Card on the field.",5.0,6.99,16.93,11.48,,Unlimited,
58532,Desert Twister (UTR),Desert Twister UTR,https://tcgplayer-cdn.tcgplayer.com/product/58532_200w.jpg,2,325,https://cpt.tcgcsv.com/Gqt,2015-12-02T18:53:08.033,1,TAEV-EN034,Ultimate Rare,WIND,Fiend,Effect Monster,2300,2000,"This card cannot be Normal Summoned or Set. This card cannot be Special Summoned except by removing from play 1 EARTH and 2 WIND monsters from your Graveyard. Once per turn, you can discard 1 card to destroy 1 Spell or Trap Card on the field.",6.87,11.45,21.95,13.62,,1st Edition,
58533,Zombie Master (UTR),Zombie Master UTR,https://tcgplayer-cdn.tcgplayer.com/product/58533_200w.jpg,2,325,https://cpt.tcgcsv.com/Hqt,2015-12-02T18:56:26.563,1,TAEV-EN039,Ultimate Rare,DARK,Zombie,Effect Monster,1800,0,"While this card is face-up on the field, you can discard 1 monster from your hand to the Graveyard to Special Summon 1 Level 4 or lower Zombie-Type monster from your Graveyard. This effect can only be used once per turn.",43.73,53.18,68.5,69.99,,Unlimited,
58533,Zombie Master (UTR),Zombie Master UTR,https://tcgplayer-cdn.tcgplayer.com/product/58533_200w.jpg,2,325,https://cpt.tcgcsv.com/Hqt,2015-12-02T18:56:26.563,1,TAEV-EN039,Ultimate Rare,DARK,Zombie,Effect Monster,1800,0,"While this card is face-up on the field, you can discard 1 monster from your hand to the Graveyard to Special Summon 1 Level 4 or lower Zombie-Type monster from your Graveyard. This effect can only be used once per turn.",50.0,72.5,100.0,68.48,,1st Edition,
58534,Elemental Hero Darkbright (UTR),Elemental Hero Darkbright UTR,https://tcgplayer-cdn.tcgplayer.com/product/58534_200w.jpg,2,325,https://cpt.tcgcsv.com/Jqt,2015-12-02T18:54:05.78,1,TAEV-EN042,Ultimate Rare,DARK,Warrior,Fusion/Effect Monster,2000,1000,"""Elemental Hero Necroshade"" + ""Elemental Hero Sparkman""<BR>This monster cannot be Special Summoned except by Fusion Summon. During battle between this attacking card and a Defense Position monster whose DEF is lower than the ATK of this card, inflict the difference as Battle Damage to your opponent. If this card attacks, it is changed to Defense Position at the end of the Damage Step. If this card is destroyed, destroy 1 monster your opponent controls.""",79.95,89.94,145.0,89.27,,Unlimited,
58534,Elemental Hero Darkbright (UTR),Elemental Hero Darkbright UTR,https://tcgplayer-cdn.tcgplayer.com/product/58534_200w.jpg,2,325,https://cpt.tcgcsv.com/Jqt,2015-12-02T18:54:05.78,1,TAEV-EN042,Ultimate Rare,DARK,Warrior,Fusion/Effect Monster,2000,1000,"""Elemental Hero Necroshade"" + ""Elemental Hero Sparkman""<BR>This monster cannot be Special Summoned except by Fusion Summon. During battle between this attacking card and a Defense Position monster whose DEF is lower than the ATK of this card, inflict the difference as Battle Damage to your opponent. If this card attacks, it is changed to Defense Position at the end of the Damage Step. If this card is destroyed, destroy 1 monster your opponent controls.""",139.24,163.93,236.33,169.49,,1st Edition,
58535,Fifth Hope (UTR),Fifth Hope UTR,https://tcgplayer-cdn.tcgplayer.com/product/58535_200w.jpg,2,325,https://cpt.tcgcsv.com/Kqt,2015-12-02T18:54:44.79,1,TAEV-EN045,Ultimate Rare,SPELL,,Normal Spell,,,"Select 5 ""Elemental Hero"" cards from your Graveyard and shuffle them into the Deck. Then draw 2 cards. Draw 3 cards instead if you had no other cards on your side of the field and in your hand when you activated this card.",5.9,8.98,14.28,14.82,,Unlimited,
58535,Fifth Hope (UTR),Fifth Hope UTR,https://tcgplayer-cdn.tcgplayer.com/product/58535_200w.jpg,2,325,https://cpt.tcgcsv.com/Kqt,2015-12-02T18:54:44.79,1,TAEV-EN045,Ultimate Rare,SPELL,,Normal Spell,,,"Select 5 ""Elemental Hero"" cards from your Graveyard and shuffle them into the Deck. Then draw 2 cards. Draw 3 cards instead if you had no other cards on your side of the field and in your hand when you activated this card.",7.49,15.17,29.95,17.89,,1st Edition,
58536,Mirror Gate (UTR),Mirror Gate UTR,https://tcgplayer-cdn.tcgplayer.com/product/58536_200w.jpg,2,325,https://cpt.tcgcsv.com/Lqt,2015-12-02T18:55:24.22,1,TAEV-EN063,Ultimate Rare,TRAP,,Normal Trap,,,"Activate only when your opponent's monster declares an attack targeting a face-up ""Elemental Hero"" monster you control. Switch control of the opponent's attacking monster with the targeted monster you control, then calculate damage. Control of those monsters switches back during the End Phase of this turn.",3.35,6.86,14.97,5.0,,Unlimited,
58536,Mirror Gate (UTR),Mirror Gate UTR,https://tcgplayer-cdn.tcgplayer.com/product/58536_200w.jpg,2,325,https://cpt.tcgcsv.com/Lqt,2015-12-02T18:55:24.22,1,TAEV-EN063,Ultimate Rare,TRAP,,Normal Trap,,,"Activate only when your opponent's monster declares an attack targeting a face-up ""Elemental Hero"" monster you control. Switch control of the opponent's attacking monster with the targeted monster you control, then calculate damage. Control of those monsters switches back during the End Phase of this turn.",1.99,3.72,19.99,4.6,,1st Edition,
58537,Blazewing Butterfly (UTR),Blazewing Butterfly UTR,https://tcgplayer-cdn.tcgplayer.com/product/58537_200w.jpg,2,325,https://cpt.tcgcsv.com/Mqt,2015-12-02T18:52:00.343,1,TAEV-EN089,Ultimate Rare,FIRE,Insect,Gemini/Effect Monster,1500,1500,"""This card is treated as a Normal Monster while it is face-up on the field or in the Graveyard. While this card is face-up on the field, you can Normal Summon it to have it be treated as an Effect Monster with this effect:<BR> You can Tribute this card to Special Summon 1 Gemini monster from your Graveyard except """"Blazewing Butterfly"""". A Gemini monster Special Summoned by this effect is treated as an Effect Monster, and gains its effect.""",12.01,13.99,23.99,15.9,,Unlimited,
58537,Blazewing Butterfly (UTR),Blazewing Butterfly UTR,https://tcgplayer-cdn.tcgplayer.com/product/58537_200w.jpg,2,325,https://cpt.tcgcsv.com/Mqt,2015-12-02T18:52:00.343,1,TAEV-EN089,Ultimate Rare,FIRE,Insect,Gemini/Effect Monster,1500,1500,"""This card is treated as a Normal Monster while it is face-up on the field or in the Graveyard. While this card is face-up on the field, you can Normal Summon it to have it be treated as an Effect Monster with this effect:<BR> You can Tribute this card to Special Summon 1 Gemini monster from your Graveyard except """"Blazewing Butterfly"""". A Gemini monster Special Summoned by this effect is treated as an Effect Monster, and gains its effect.""",8.99,18.5,64.99,16.56,,1st Edition,
205774,Rainbow Dragon (Ghost Rare) (Chaos Neos Misprint),Rainbow Dragon Ghost Rare Chaos Neos Misprint,https://tcgplayer-cdn.tcgplayer.com/product/205774_200w.jpg,2,325,https://cpt.tcgcsv.com/vkG2,2022-05-10T14:32:06.51,1,TAEV-EN006,Ghost Rare,LIGHT,Dragon,Effect Monster,4000,0,"This card cannot be Normal Summoned or Set. This card cannot be Special Summoned except when there are at least 7 different Crystal Beast cards on your side of the field and/or in your Graveyard. You may activate either 1 or both of the following effects (the following effects cannot be activated during the turn this card was Special Summoned):<BR> Send all face-up Crystal Beast monsters on your side of the field to the Graveyard. The ATK of this card is increased by 1000 points for each card sent to the Graveyard by this effect. This effect can also be activated during your opponent's turn.<BR> Remove from play all Crystal Beast monsters in your Graveyard, to return all cards on the field to their owner's Deck(s).",7777.76,7777.77,7777.77,,,Unlimited,
213484,Tactical Evolution - Booster Pack [Unlimited Edition],Tactical Evolution Booster Pack Unlimited Edition,https://tcgplayer-cdn.tcgplayer.com/product/213484_200w.jpg,2,325,https://cpt.tcgcsv.com/JpK2,2020-06-01T20:35:33.747,1,,,,,,,,,69.69,69.69,69.69,19.99,,Normal,
215247,Tactical Evolution - Booster Box [Unlimited Edition],Tactical Evolution Booster Box Unlimited Edition,https://tcgplayer-cdn.tcgplayer.com/product/215247_200w.jpg,2,325,https://cpt.tcgcsv.com/Z6L2,2020-06-01T19:38:18.383,1,,,,,,,,Each booster box contains 24 booster packs,,,,,,,53334537537
