productId,name,cleanName,imageUrl,categoryId,groupId,url,modifiedOn,imageCount,extNumber,extRarity,extAttribute,extMonsterType,extCardType,extAttack,extDefense,extDescription,lowPrice,midPrice,highPrice,marketPrice,directLowPrice,subTypeName,extUPC
27498,Avenging Knight Parshath,Avenging Knight Parshath,https://tcgplayer-cdn.tcgplayer.com/product/27498_200w.jpg,2,328,https://cpt.tcgcsv.com/-_d,2019-01-18T19:59:52.103,1,TDGS-EN000,Secret Rare,LIGHT,Fairy,Synchro/Effect Monster,2600,2100,"1 Tuner + 1 or more non-Tuner LIGHT monsters
Once per turn, you can change the battle position of 1 face-up monster your opponent controls. During battle between this attacking card and a Defense Position monster whose DEF is lower than the ATK of this card, inflict the difference in Battle Damage to your opponent.",26.99,29.02,35.7,24.16,,Unlimited,
27498,Avenging Knight Parshath,Avenging Knight Parshath,https://tcgplayer-cdn.tcgplayer.com/product/27498_200w.jpg,2,328,https://cpt.tcgcsv.com/-_d,2019-01-18T19:59:52.103,1,TDGS-EN000,Secret Rare,LIGHT,Fairy,Synchro/Effect Monster,2600,2100,"1 Tuner + 1 or more non-Tuner LIGHT monsters
Once per turn, you can change the battle position of 1 face-up monster your opponent controls. During battle between this attacking card and a Defense Position monster whose DEF is lower than the ATK of this card, inflict the difference in Battle Damage to your opponent.",32.64,40.99,90.0,40.75,,1st Edition,
27499,Turbo Booster,Turbo Booster,https://tcgplayer-cdn.tcgplayer.com/product/27499_200w.jpg,2,328,https://cpt.tcgcsv.com/__d,2019-01-21T14:49:12.593,1,TDGS-EN001,Common,EARTH,Machine,Effect Monster,0,0,"If you Normal Summon a monster this turn, you can Special Summon this card from your hand. You can Tribute this card to destroy 1 monster your opponent controls that battled one of your monsters this turn.",0.1,0.35,2.65,0.36,,Unlimited,
27499,Turbo Booster,Turbo Booster,https://tcgplayer-cdn.tcgplayer.com/product/27499_200w.jpg,2,328,https://cpt.tcgcsv.com/__d,2019-01-21T14:49:12.593,1,TDGS-EN001,Common,EARTH,Machine,Effect Monster,0,0,"If you Normal Summon a monster this turn, you can Special Summon this card from your hand. You can Tribute this card to destroy 1 monster your opponent controls that battled one of your monsters this turn.",0.18,0.4,1.13,0.4,0.34,1st Edition,
27500,Nitro Synchron,Nitro Synchron,https://tcgplayer-cdn.tcgplayer.com/product/27500_200w.jpg,2,328,https://cpt.tcgcsv.com/00f,2019-01-21T14:35:56.537,1,TDGS-EN002,Super Rare,FIRE,Machine,Tuner Monster,300,100,"When this card is sent to the Graveyard for the Synchro Summon of a ""Nitro"" Synchro Monster, draw 1 card.",0.47,0.75,5.0,0.66,,Unlimited,
27500,Nitro Synchron,Nitro Synchron,https://tcgplayer-cdn.tcgplayer.com/product/27500_200w.jpg,2,328,https://cpt.tcgcsv.com/00f,2019-01-21T14:35:56.537,1,TDGS-EN002,Super Rare,FIRE,Machine,Tuner Monster,300,100,"When this card is sent to the Graveyard for the Synchro Summon of a ""Nitro"" Synchro Monster, draw 1 card.",0.67,2.15,6.97,2.4,,1st Edition,
27501,Quillbolt Hedgehog,Quillbolt Hedgehog,https://tcgplayer-cdn.tcgplayer.com/product/27501_200w.jpg,2,328,https://cpt.tcgcsv.com/20f,2019-01-21T14:42:20.97,1,TDGS-EN003,Common,EARTH,Machine,Effect Monster,800,800,"If you control a face-up Tuner Monster, you can Special Summon this card from your Graveyard. If this card was Summoned this way, remove it from play when it is removed from the field.",0.04,0.29,1.75,0.35,,Unlimited,
27501,Quillbolt Hedgehog,Quillbolt Hedgehog,https://tcgplayer-cdn.tcgplayer.com/product/27501_200w.jpg,2,328,https://cpt.tcgcsv.com/20f,2019-01-21T14:42:20.97,1,TDGS-EN003,Common,EARTH,Machine,Effect Monster,800,800,"If you control a face-up Tuner Monster, you can Special Summon this card from your Graveyard. If this card was Summoned this way, remove it from play when it is removed from the field.",0.1,0.25,1.49,0.41,,1st Edition,
27502,Ghost Gardna,Ghost Gardna,https://tcgplayer-cdn.tcgplayer.com/product/27502_200w.jpg,2,328,https://cpt.tcgcsv.com/30f,2019-01-21T13:43:53.257,1,TDGS-EN004,Common,DARK,Warrior,Effect Monster,0,1900,"When a face-up monster you control is selected as an attack target, you can switch the attack target to this card. When this card is destroyed and sent to the Graveyard, decrease the ATK of 1 monster your opponent controls by 1000 until the End Phase.",0.02,0.2,1.36,0.09,,Unlimited,
27502,Ghost Gardna,Ghost Gardna,https://tcgplayer-cdn.tcgplayer.com/product/27502_200w.jpg,2,328,https://cpt.tcgcsv.com/30f,2019-01-21T13:43:53.257,1,TDGS-EN004,Common,DARK,Warrior,Effect Monster,0,1900,"When a face-up monster you control is selected as an attack target, you can switch the attack target to this card. When this card is destroyed and sent to the Graveyard, decrease the ATK of 1 monster your opponent controls by 1000 until the End Phase.",0.05,0.28,1.48,0.3,,1st Edition,
27503,Shield Warrior,Shield Warrior,https://tcgplayer-cdn.tcgplayer.com/product/27503_200w.jpg,2,328,https://cpt.tcgcsv.com/50f,2019-01-21T14:43:51.253,1,TDGS-EN005,Rare,EARTH,Warrior,Effect Monster,800,1600,During damage calculation you can remove this card in your Graveyard from play to prevent 1 monster you control from being destroyed by battle once.,0.05,0.27,1.0,0.26,,Unlimited,
27503,Shield Warrior,Shield Warrior,https://tcgplayer-cdn.tcgplayer.com/product/27503_200w.jpg,2,328,https://cpt.tcgcsv.com/50f,2019-01-21T14:43:51.253,1,TDGS-EN005,Rare,EARTH,Warrior,Effect Monster,800,1600,During damage calculation you can remove this card in your Graveyard from play to prevent 1 monster you control from being destroyed by battle once.,0.2,0.53,1.61,0.51,,1st Edition,
27504,Small Piece Golem,Small Piece Golem,https://tcgplayer-cdn.tcgplayer.com/product/27504_200w.jpg,2,328,https://cpt.tcgcsv.com/60f,2019-01-21T14:44:10.563,1,TDGS-EN006,Common,EARTH,Rock,Effect Monster,1100,0,"If you control a face-up ""Big Piece Golem"" when you Summon this card, you can Special Summon 1 ""Medium Piece Golem"" from your Deck. The effect of the monster Special Summoned this way is negated.",0.09,0.23,1.0,0.18,,Unlimited,
27504,Small Piece Golem,Small Piece Golem,https://tcgplayer-cdn.tcgplayer.com/product/27504_200w.jpg,2,328,https://cpt.tcgcsv.com/60f,2019-01-21T14:44:10.563,1,TDGS-EN006,Common,EARTH,Rock,Effect Monster,1100,0,"If you control a face-up ""Big Piece Golem"" when you Summon this card, you can Special Summon 1 ""Medium Piece Golem"" from your Deck. The effect of the monster Special Summoned this way is negated.",0.14,0.3,1.5,0.38,0.23,1st Edition,
27505,Medium Piece Golem,Medium Piece Golem,https://tcgplayer-cdn.tcgplayer.com/product/27505_200w.jpg,2,328,https://cpt.tcgcsv.com/70f,2019-01-21T14:33:23.3,1,TDGS-EN007,Common,EARTH,Rock,Effect Monster,1600,0,"If you control a face-up ""Big Piece Golem"", when you Summon this card, you can Special Summon 1 ""Small Piece Golem"" from your Deck. The effect of the monster Special Summoned by this effect is negated.",0.06,0.22,1.49,0.2,,Unlimited,
27505,Medium Piece Golem,Medium Piece Golem,https://tcgplayer-cdn.tcgplayer.com/product/27505_200w.jpg,2,328,https://cpt.tcgcsv.com/70f,2019-01-21T14:33:23.3,1,TDGS-EN007,Common,EARTH,Rock,Effect Monster,1600,0,"If you control a face-up ""Big Piece Golem"", when you Summon this card, you can Special Summon 1 ""Small Piece Golem"" from your Deck. The effect of the monster Special Summoned by this effect is negated.",0.1,0.29,2.62,0.39,,1st Edition,
27506,Big Piece Golem,Big Piece Golem,https://tcgplayer-cdn.tcgplayer.com/product/27506_200w.jpg,2,328,https://cpt.tcgcsv.com/80f,2019-01-18T20:02:12.013,1,TDGS-EN008,Rare,EARTH,Rock,Effect Monster,2100,0,"If your opponent controls a monster and you control no monsters, you may Normal Summon this card without Tribute.",0.25,0.96,2.61,0.8,,Unlimited,
27506,Big Piece Golem,Big Piece Golem,https://tcgplayer-cdn.tcgplayer.com/product/27506_200w.jpg,2,328,https://cpt.tcgcsv.com/80f,2019-01-18T20:02:12.013,1,TDGS-EN008,Rare,EARTH,Rock,Effect Monster,2100,0,"If your opponent controls a monster and you control no monsters, you may Normal Summon this card without Tribute.",0.63,1.17,2.97,1.01,,1st Edition,
27507,Sinister Sprocket,Sinister Sprocket,https://tcgplayer-cdn.tcgplayer.com/product/27507_200w.jpg,2,328,https://cpt.tcgcsv.com/90f,2019-01-21T14:44:02.6,1,TDGS-EN009,Super Rare,DARK,Fiend,Tuner Monster,400,0,"If this card is sent to the Graveyard for the Synchro Summon of a DARK Synchro Monster, you can destroy 1 face-up Spell or Trap Card.",0.2,0.69,4.97,0.68,,Unlimited,
27507,Sinister Sprocket,Sinister Sprocket,https://tcgplayer-cdn.tcgplayer.com/product/27507_200w.jpg,2,328,https://cpt.tcgcsv.com/90f,2019-01-21T14:44:02.6,1,TDGS-EN009,Super Rare,DARK,Fiend,Tuner Monster,400,0,"If this card is sent to the Graveyard for the Synchro Summon of a DARK Synchro Monster, you can destroy 1 face-up Spell or Trap Card.",0.42,0.99,3.0,1.38,,1st Edition,
27508,Dark Resonator,Dark Resonator,https://tcgplayer-cdn.tcgplayer.com/product/27508_200w.jpg,2,328,https://cpt.tcgcsv.com/b0f,2019-01-21T13:38:41.89,1,TDGS-EN010,Rare,DARK,Fiend,Tuner Monster,1300,300,"Once per turn, if this card would be destroyed by battle, it is not destroyed. (Damage calculation is applied normally).",0.1,0.39,2.0,0.42,,Unlimited,
27508,Dark Resonator,Dark Resonator,https://tcgplayer-cdn.tcgplayer.com/product/27508_200w.jpg,2,328,https://cpt.tcgcsv.com/b0f,2019-01-21T13:38:41.89,1,TDGS-EN010,Rare,DARK,Fiend,Tuner Monster,1300,300,"Once per turn, if this card would be destroyed by battle, it is not destroyed. (Damage calculation is applied normally).",0.2,0.5,1.64,0.8,,1st Edition,
27509,Twin-Shield Defender,Twin Shield Defender,https://tcgplayer-cdn.tcgplayer.com/product/27509_200w.jpg,2,328,https://cpt.tcgcsv.com/c0f,2019-01-21T14:49:28.417,1,TDGS-EN011,Common,EARTH,Warrior,Effect Monster,700,1600,"If this card is destroyed by battle and sent to the Graveyard, you can halve the ATK of 1 monster your opponent controls until the End Phase.",0.05,0.21,1.41,0.17,,Unlimited,
27509,Twin-Shield Defender,Twin Shield Defender,https://tcgplayer-cdn.tcgplayer.com/product/27509_200w.jpg,2,328,https://cpt.tcgcsv.com/c0f,2019-01-21T14:49:28.417,1,TDGS-EN011,Common,EARTH,Warrior,Effect Monster,700,1600,"If this card is destroyed by battle and sent to the Graveyard, you can halve the ATK of 1 monster your opponent controls until the End Phase.",0.1,0.25,1.51,0.48,,1st Edition,
27510,Jutte Fighter,Jutte Fighter,https://tcgplayer-cdn.tcgplayer.com/product/27510_200w.jpg,2,328,https://cpt.tcgcsv.com/d0f,2019-01-21T14:16:03.257,1,TDGS-EN012,Common,EARTH,Warrior,Tuner Monster,700,900,"Once per turn, you can switch 1 face-up Attack Position Monster your opponent controls to Defense Position.",0.19,0.35,1.54,0.35,,Unlimited,
27510,Jutte Fighter,Jutte Fighter,https://tcgplayer-cdn.tcgplayer.com/product/27510_200w.jpg,2,328,https://cpt.tcgcsv.com/d0f,2019-01-21T14:16:03.257,1,TDGS-EN012,Common,EARTH,Warrior,Tuner Monster,700,900,"Once per turn, you can switch 1 face-up Attack Position Monster your opponent controls to Defense Position.",0.2,0.51,1.99,0.63,,1st Edition,
27511,Handcuffs Dragon,Handcuffs Dragon,https://tcgplayer-cdn.tcgplayer.com/product/27511_200w.jpg,2,328,https://cpt.tcgcsv.com/f0f,2019-01-21T14:08:24.793,1,TDGS-EN013,Rare,WIND,Dragon,Effect Monster,1800,1800,"If this card is destroyed by battle and sent to the Graveyard, equip this card to the monster that destroyed it as an Equip Card. The equipped monster loses 1800 ATK. If this card is sent to the Graveyard by the equipped monster being destroyed, you can Special Summon this card to your side of the field.",0.1,0.25,1.0,0.19,,Unlimited,
27511,Handcuffs Dragon,Handcuffs Dragon,https://tcgplayer-cdn.tcgplayer.com/product/27511_200w.jpg,2,328,https://cpt.tcgcsv.com/f0f,2019-01-21T14:08:24.793,1,TDGS-EN013,Rare,WIND,Dragon,Effect Monster,1800,1800,"If this card is destroyed by battle and sent to the Graveyard, equip this card to the monster that destroyed it as an Equip Card. The equipped monster loses 1800 ATK. If this card is sent to the Graveyard by the equipped monster being destroyed, you can Special Summon this card to your side of the field.",0.11,0.39,1.0,0.42,,1st Edition,
27512,Montage Dragon,Montage Dragon,https://tcgplayer-cdn.tcgplayer.com/product/27512_200w.jpg,2,328,https://cpt.tcgcsv.com/g0f,2023-02-23T18:35:28.74,1,TDGS-EN014,Ultra Rare,EARTH,Dragon,Effect Monster,0,0,This card cannot be Normal Summoned or Set. This card cannot be Special Summoned except by sending 3 other monsters from your hand to the Graveyard. This card's ATK is equal to the combined Levels of the sent monsters x 300.,3.74,4.25,8.2,3.07,,Unlimited,
27512,Montage Dragon,Montage Dragon,https://tcgplayer-cdn.tcgplayer.com/product/27512_200w.jpg,2,328,https://cpt.tcgcsv.com/g0f,2023-02-23T18:35:28.74,1,TDGS-EN014,Ultra Rare,EARTH,Dragon,Effect Monster,0,0,This card cannot be Normal Summoned or Set. This card cannot be Special Summoned except by sending 3 other monsters from your hand to the Graveyard. This card's ATK is equal to the combined Levels of the sent monsters x 300.,5.0,6.73,17.97,6.98,,1st Edition,
27513,Gonogo,Gonogo,https://tcgplayer-cdn.tcgplayer.com/product/27513_200w.jpg,2,328,https://cpt.tcgcsv.com/h0f,2019-01-21T13:47:53.76,1,TDGS-EN015,Common,EARTH,Rock,Effect Monster,1350,1600,Monsters that battle this card are flipped face-down at the end of the Damage Step.,0.05,0.19,1.49,0.11,,Unlimited,
27513,Gonogo,Gonogo,https://tcgplayer-cdn.tcgplayer.com/product/27513_200w.jpg,2,328,https://cpt.tcgcsv.com/h0f,2019-01-21T13:47:53.76,1,TDGS-EN015,Common,EARTH,Rock,Effect Monster,1350,1600,Monsters that battle this card are flipped face-down at the end of the Damage Step.,0.07,0.25,1.41,0.43,,1st Edition,
27514,Mind Master,Mind Master,https://tcgplayer-cdn.tcgplayer.com/product/27514_200w.jpg,2,328,https://cpt.tcgcsv.com/j0f,2019-01-21T14:33:34.597,1,TDGS-EN016,Rare,LIGHT,Psychic,Tuner Monster,100,200,You can pay 800 Life Points and Tribute 1 other Psychic-Type monster you control to Special Summon 1 Level 4 or lower Psychic-Type monster from your Deck in face-up Attack Position.,0.21,2.0,8.98,0.88,,Unlimited,
27514,Mind Master,Mind Master,https://tcgplayer-cdn.tcgplayer.com/product/27514_200w.jpg,2,328,https://cpt.tcgcsv.com/j0f,2019-01-21T14:33:34.597,1,TDGS-EN016,Rare,LIGHT,Psychic,Tuner Monster,100,200,You can pay 800 Life Points and Tribute 1 other Psychic-Type monster you control to Special Summon 1 Level 4 or lower Psychic-Type monster from your Deck in face-up Attack Position.,0.99,4.4,9.99,1.18,,1st Edition,
27515,Doctor Cranium,Doctor Cranium,https://tcgplayer-cdn.tcgplayer.com/product/27515_200w.jpg,2,328,https://cpt.tcgcsv.com/k0f,2019-01-21T13:39:55.66,1,TDGS-EN017,Common,EARTH,Psychic,Effect Monster,100,100,"When this card is destroyed by battle and sent to the Graveyard, you can pay 800 Life Points to add 1 Psychic-Type monster from your Deck to your hand.",0.1,0.3,1.49,0.34,,Unlimited,
27515,Doctor Cranium,Doctor Cranium,https://tcgplayer-cdn.tcgplayer.com/product/27515_200w.jpg,2,328,https://cpt.tcgcsv.com/k0f,2019-01-21T13:39:55.66,1,TDGS-EN017,Common,EARTH,Psychic,Effect Monster,100,100,"When this card is destroyed by battle and sent to the Graveyard, you can pay 800 Life Points to add 1 Psychic-Type monster from your Deck to your hand.",0.1,0.33,1.52,0.31,,1st Edition,
27516,Krebons,Krebons,https://tcgplayer-cdn.tcgplayer.com/product/27516_200w.jpg,2,328,https://cpt.tcgcsv.com/l0f,2019-01-21T14:20:18.983,1,TDGS-EN018,Common,DARK,Psychic,Tuner Monster,1200,400,"When this card is selected as an attack target, by paying 800 Life Points, negate the attack.",0.12,0.4,1.5,0.36,,Unlimited,
27516,Krebons,Krebons,https://tcgplayer-cdn.tcgplayer.com/product/27516_200w.jpg,2,328,https://cpt.tcgcsv.com/l0f,2019-01-21T14:20:18.983,1,TDGS-EN018,Common,DARK,Psychic,Tuner Monster,1200,400,"When this card is selected as an attack target, by paying 800 Life Points, negate the attack.",0.12,0.55,1.99,0.53,,1st Edition,
27517,Mind Protector,Mind Protector,https://tcgplayer-cdn.tcgplayer.com/product/27517_200w.jpg,2,328,https://cpt.tcgcsv.com/m0f,2019-01-21T14:34:27.297,1,TDGS-EN019,Common,LIGHT,Psychic,Effect Monster,0,2200,The controller of this card pays 500 Life Points during each of their End Phases. (This is not optional.) No monster with an ATK of 2000 or less can declare an attack except Psychic-Type monsters.,0.01,0.25,1.32,0.29,,Unlimited,
27517,Mind Protector,Mind Protector,https://tcgplayer-cdn.tcgplayer.com/product/27517_200w.jpg,2,328,https://cpt.tcgcsv.com/m0f,2019-01-21T14:34:27.297,1,TDGS-EN019,Common,LIGHT,Psychic,Effect Monster,0,2200,The controller of this card pays 500 Life Points during each of their End Phases. (This is not optional.) No monster with an ATK of 2000 or less can declare an attack except Psychic-Type monsters.,0.1,0.38,0.99,0.42,,1st Edition,
27518,Psychic Commander,Psychic Commander,https://tcgplayer-cdn.tcgplayer.com/product/27518_200w.jpg,2,328,https://cpt.tcgcsv.com/n0f,2019-01-21T14:41:26.26,1,TDGS-EN020,Common,EARTH,Psychic,Tuner Monster,1400,800,"When a Psychic-Type monster you control battles, you can pay Life Points in multiples of 100 (max. 500). Target monster your opponent controls that is battling loses ATK and DEF equal to the value of Life Points paid until the end of the turn.",0.5,1.11,2.95,1.16,,Unlimited,
27518,Psychic Commander,Psychic Commander,https://tcgplayer-cdn.tcgplayer.com/product/27518_200w.jpg,2,328,https://cpt.tcgcsv.com/n0f,2019-01-21T14:41:26.26,1,TDGS-EN020,Common,EARTH,Psychic,Tuner Monster,1400,800,"When a Psychic-Type monster you control battles, you can pay Life Points in multiples of 100 (max. 500). Target monster your opponent controls that is battling loses ATK and DEF equal to the value of Life Points paid until the end of the turn.",0.5,1.2,3.18,1.12,,1st Edition,
27519,Psychic Snail,Psychic Snail,https://tcgplayer-cdn.tcgplayer.com/product/27519_200w.jpg,2,328,https://cpt.tcgcsv.com/p0f,2019-01-21T14:42:05.25,1,TDGS-EN021,Common,EARTH,Psychic,Effect Monster,1900,1200,Pay 800 Life Points. Target Psychic-Type monster you control can attack twice during each Battle Phase. This card cannot attack during a turn in which you activate this effect.,0.1,0.31,1.42,0.34,,Unlimited,
27519,Psychic Snail,Psychic Snail,https://tcgplayer-cdn.tcgplayer.com/product/27519_200w.jpg,2,328,https://cpt.tcgcsv.com/p0f,2019-01-21T14:42:05.25,1,TDGS-EN021,Common,EARTH,Psychic,Effect Monster,1900,1200,Pay 800 Life Points. Target Psychic-Type monster you control can attack twice during each Battle Phase. This card cannot attack during a turn in which you activate this effect.,0.1,0.36,1.43,0.39,,1st Edition,
27520,Telekinetic Shocker,Telekinetic Shocker,https://tcgplayer-cdn.tcgplayer.com/product/27520_200w.jpg,2,328,https://cpt.tcgcsv.com/q0f,2019-01-21T14:46:58.257,1,TDGS-EN022,Common,EARTH,Psychic,Effect Monster,1700,700,"When a Psychic-Type monster(s) would be destroyed, you can pay 500 Life Points to destroy this card instead.",0.01,0.2,1.0,0.15,,Unlimited,
27520,Telekinetic Shocker,Telekinetic Shocker,https://tcgplayer-cdn.tcgplayer.com/product/27520_200w.jpg,2,328,https://cpt.tcgcsv.com/q0f,2019-01-21T14:46:58.257,1,TDGS-EN022,Common,EARTH,Psychic,Effect Monster,1700,700,"When a Psychic-Type monster(s) would be destroyed, you can pay 500 Life Points to destroy this card instead.",0.01,0.22,1.41,0.12,,1st Edition,
27521,Destructotron,Destructotron,https://tcgplayer-cdn.tcgplayer.com/product/27521_200w.jpg,2,328,https://cpt.tcgcsv.com/r0f,2019-01-21T13:39:24.313,1,TDGS-EN023,Common,EARTH,Psychic,Effect Monster,1600,400,"You can pay 1000 Life Points to destroy 1 face-down Spell or Trap Card your opponent controls. During the End Phase, if you control no Psychic-Type monsters other than this card, destroy this card.",0.05,0.24,1.35,0.23,,Unlimited,
27521,Destructotron,Destructotron,https://tcgplayer-cdn.tcgplayer.com/product/27521_200w.jpg,2,328,https://cpt.tcgcsv.com/r0f,2019-01-21T13:39:24.313,1,TDGS-EN023,Common,EARTH,Psychic,Effect Monster,1600,400,"You can pay 1000 Life Points to destroy 1 face-down Spell or Trap Card your opponent controls. During the End Phase, if you control no Psychic-Type monsters other than this card, destroy this card.",0.09,0.31,1.49,0.51,,1st Edition,
27522,Gladiator Beast Equeste,Gladiator Beast Equeste,https://tcgplayer-cdn.tcgplayer.com/product/27522_200w.jpg,2,328,https://cpt.tcgcsv.com/s0f,2019-01-21T13:44:51.363,1,TDGS-EN024,Common,WIND,Winged Beast,Effect Monster,1600,1200,"When this card is Special Summoned by the effect of a ""Gladiator Beast"" monster, select 1 ""Gladiator Beast"" card in your Graveyard and add it to your hand. If this card battles, by returning it to the Deck at the end of the Battle Phase, Special Summon 1 ""Gladiator Beast"" monster except ""Gladiator Beast Equite"" from your Deck.",0.6,2.07,7.68,1.98,,Unlimited,
27522,Gladiator Beast Equeste,Gladiator Beast Equeste,https://tcgplayer-cdn.tcgplayer.com/product/27522_200w.jpg,2,328,https://cpt.tcgcsv.com/s0f,2019-01-21T13:44:51.363,1,TDGS-EN024,Common,WIND,Winged Beast,Effect Monster,1600,1200,"When this card is Special Summoned by the effect of a ""Gladiator Beast"" monster, select 1 ""Gladiator Beast"" card in your Graveyard and add it to your hand. If this card battles, by returning it to the Deck at the end of the Battle Phase, Special Summon 1 ""Gladiator Beast"" monster except ""Gladiator Beast Equite"" from your Deck.",1.07,2.98,9.95,4.27,,1st Edition,
27523,"Jenis, Lightsworn Mender",Jenis Lightsworn Mender,https://tcgplayer-cdn.tcgplayer.com/product/27523_200w.jpg,2,328,https://cpt.tcgcsv.com/t0f,2019-01-21T14:10:59.51,1,TDGS-EN025,Common,LIGHT,Spellcaster,Effect Monster,300,2100,"During the End Phase of a turn when card(s) were sent from your Deck to the Graveyard by the effect(s) of a ""Lightsworn"" card(s), inflict 500 damage to your opponent and you gain 500 Life Points.",0.1,0.32,1.59,0.36,,Unlimited,
27523,"Jenis, Lightsworn Mender",Jenis Lightsworn Mender,https://tcgplayer-cdn.tcgplayer.com/product/27523_200w.jpg,2,328,https://cpt.tcgcsv.com/t0f,2019-01-21T14:10:59.51,1,TDGS-EN025,Common,LIGHT,Spellcaster,Effect Monster,300,2100,"During the End Phase of a turn when card(s) were sent from your Deck to the Graveyard by the effect(s) of a ""Lightsworn"" card(s), inflict 500 damage to your opponent and you gain 500 Life Points.",0.1,0.5,1.79,0.51,,1st Edition,
27524,Dharc the Dark Charmer,Dharc the Dark Charmer,https://tcgplayer-cdn.tcgplayer.com/product/27524_200w.jpg,2,328,https://cpt.tcgcsv.com/v0f,2019-01-21T13:39:43.593,1,TDGS-EN026,Common,DARK,Spellcaster,Effect Monster,500,1500,FLIP: Take control of 1 face-up DARK monster your opponent controls for as long as this card remains face-up.,0.1,0.36,2.73,0.34,,Unlimited,
27524,Dharc the Dark Charmer,Dharc the Dark Charmer,https://tcgplayer-cdn.tcgplayer.com/product/27524_200w.jpg,2,328,https://cpt.tcgcsv.com/v0f,2019-01-21T13:39:43.593,1,TDGS-EN026,Common,DARK,Spellcaster,Effect Monster,500,1500,FLIP: Take control of 1 face-up DARK monster your opponent controls for as long as this card remains face-up.,0.1,0.54,3.99,0.54,,1st Edition,
27525,Mecha Bunny,Mecha Bunny,https://tcgplayer-cdn.tcgplayer.com/product/27525_200w.jpg,2,328,https://cpt.tcgcsv.com/w0f,2019-01-21T14:33:15.197,1,TDGS-EN027,Common,EARTH,Machine,Effect Monster,800,100,"When this card is destroyed by battle and sent to the Graveyard, you can Special Summon 1 ""Mecha Bunny"" from your Deck in face-down Defense Position. When this card is flipped face-up, select 1 card on the field and inflict 500 damage to the controller of that card.",0.1,0.25,1.49,0.21,,Unlimited,
27525,Mecha Bunny,Mecha Bunny,https://tcgplayer-cdn.tcgplayer.com/product/27525_200w.jpg,2,328,https://cpt.tcgcsv.com/w0f,2019-01-21T14:33:15.197,1,TDGS-EN027,Common,EARTH,Machine,Effect Monster,800,100,"When this card is destroyed by battle and sent to the Graveyard, you can Special Summon 1 ""Mecha Bunny"" from your Deck in face-down Defense Position. When this card is flipped face-up, select 1 card on the field and inflict 500 damage to the controller of that card.",0.05,0.28,0.99,0.33,,1st Edition,
27526,Oyster Meister,Oyster Meister,https://tcgplayer-cdn.tcgplayer.com/product/27526_200w.jpg,2,328,https://cpt.tcgcsv.com/x0f,2019-01-21T14:39:12.633,1,TDGS-EN028,Common,WATER,Fish,Effect Monster,1600,200,"When this card is destroyed (except by battle) and sent to the Graveyard, Special Summon 1 ""Oyster Token"" (Fish-Type/WATER/Level 1/ATK 0/DEF 0).",0.09,0.26,1.7,0.29,,Unlimited,
27526,Oyster Meister,Oyster Meister,https://tcgplayer-cdn.tcgplayer.com/product/27526_200w.jpg,2,328,https://cpt.tcgcsv.com/x0f,2019-01-21T14:39:12.633,1,TDGS-EN028,Common,WATER,Fish,Effect Monster,1600,200,"When this card is destroyed (except by battle) and sent to the Graveyard, Special Summon 1 ""Oyster Token"" (Fish-Type/WATER/Level 1/ATK 0/DEF 0).",0.14,0.34,1.49,0.35,,1st Edition,
27527,Twin-Barrel Dragon,Twin Barrel Dragon,https://tcgplayer-cdn.tcgplayer.com/product/27527_200w.jpg,2,328,https://cpt.tcgcsv.com/z0f,2019-01-21T14:49:20.773,1,TDGS-EN029,Super Rare,DARK,Machine,Effect Monster,1700,200,"When this card is Summoned, you can select 1 card your opponent controls. Toss 2 coins. If both coin tosses are Heads, destroy the selected card.",0.74,1.19,10.24,1.26,,Unlimited,
27527,Twin-Barrel Dragon,Twin Barrel Dragon,https://tcgplayer-cdn.tcgplayer.com/product/27527_200w.jpg,2,328,https://cpt.tcgcsv.com/z0f,2019-01-21T14:49:20.773,1,TDGS-EN029,Super Rare,DARK,Machine,Effect Monster,1700,200,"When this card is Summoned, you can select 1 card your opponent controls. Toss 2 coins. If both coin tosses are Heads, destroy the selected card.",0.99,3.18,14.69,1.9,,1st Edition,
27528,Izanagi,Izanagi,https://tcgplayer-cdn.tcgplayer.com/product/27528_200w.jpg,2,328,https://cpt.tcgcsv.com/B0f,2019-01-21T14:10:30.78,1,TDGS-EN030,Super Rare,WIND,Fairy,Effect Monster,2200,1000,This card can be Special Summoned by removing from play 1 Spirit monster from your hand. Spirit monsters you control do not have to have their effects activated during the End Phase.,0.4,1.37,3.66,1.25,,Unlimited,
27528,Izanagi,Izanagi,https://tcgplayer-cdn.tcgplayer.com/product/27528_200w.jpg,2,328,https://cpt.tcgcsv.com/B0f,2019-01-21T14:10:30.78,1,TDGS-EN030,Super Rare,WIND,Fairy,Effect Monster,2200,1000,This card can be Special Summoned by removing from play 1 Spirit monster from your hand. Spirit monsters you control do not have to have their effects activated during the End Phase.,0.75,2.0,3.0,2.11,,1st Edition,
27529,Kunoichi,Kunoichi,https://tcgplayer-cdn.tcgplayer.com/product/27529_200w.jpg,2,328,https://cpt.tcgcsv.com/C0f,2019-01-21T14:22:42.753,1,TDGS-EN031,Common,WIND,Warrior,Effect Monster,1800,1000,"When control of this card is switched, the controller of this card randomly discards 1 card.",0.03,0.25,1.34,0.31,,Unlimited,
27529,Kunoichi,Kunoichi,https://tcgplayer-cdn.tcgplayer.com/product/27529_200w.jpg,2,328,https://cpt.tcgcsv.com/C0f,2019-01-21T14:22:42.753,1,TDGS-EN031,Common,WIND,Warrior,Effect Monster,1800,1000,"When control of this card is switched, the controller of this card randomly discards 1 card.",0.1,0.24,1.48,0.21,,1st Edition,
27530,Beast of the Pharaoh,Beast of the Pharaoh,https://tcgplayer-cdn.tcgplayer.com/product/27530_200w.jpg,2,328,https://cpt.tcgcsv.com/D0f,2019-01-18T20:02:02.82,1,TDGS-EN032,Common,EARTH,Zombie,Effect Monster,400,600,"When this card is sent to the Graveyard for the Synchro Summon of a Synchro monster, select 1 Level 4 or lower Zombie-Type monster from your Graveyard and Special Summon it.",0.04,0.26,1.99,0.24,,Unlimited,
27530,Beast of the Pharaoh,Beast of the Pharaoh,https://tcgplayer-cdn.tcgplayer.com/product/27530_200w.jpg,2,328,https://cpt.tcgcsv.com/D0f,2019-01-18T20:02:02.82,1,TDGS-EN032,Common,EARTH,Zombie,Effect Monster,400,600,"When this card is sent to the Graveyard for the Synchro Summon of a Synchro monster, select 1 Level 4 or lower Zombie-Type monster from your Graveyard and Special Summon it.",0.1,0.37,1.23,0.37,,1st Edition,
27531,Dark Hunter,Dark Hunter,https://tcgplayer-cdn.tcgplayer.com/product/27531_200w.jpg,2,328,https://cpt.tcgcsv.com/F0f,2019-01-18T20:28:25.44,1,TDGS-EN033,Ultra Rare,DARK,Fiend,Effect Monster,1600,400,"This card gains 1 of the following effects according to the number of DARK monsters in your Graveyard: 
- 0 or 1: This card loses 400 ATK. 
- 2, 3, or 4: This card gains 400 ATK.
- 5 or more: You can send this face-up card to the Graveyard to destroy all face-down monsters on the field.",0.2,0.53,2.99,0.55,,Unlimited,
27531,Dark Hunter,Dark Hunter,https://tcgplayer-cdn.tcgplayer.com/product/27531_200w.jpg,2,328,https://cpt.tcgcsv.com/F0f,2019-01-18T20:28:25.44,1,TDGS-EN033,Ultra Rare,DARK,Fiend,Effect Monster,1600,400,"This card gains 1 of the following effects according to the number of DARK monsters in your Graveyard: 
- 0 or 1: This card loses 400 ATK. 
- 2, 3, or 4: This card gains 400 ATK.
- 5 or more: You can send this face-up card to the Graveyard to destroy all face-down monsters on the field.",0.44,0.95,5.0,0.65,,1st Edition,
27532,Kinka-Byo,Kinka Byo,https://tcgplayer-cdn.tcgplayer.com/product/27532_200w.jpg,2,328,https://cpt.tcgcsv.com/G0f,2019-01-21T14:16:07.22,1,TDGS-EN034,Super Rare,DARK,Beast,Spirit Monster,400,200,"This card cannot be Special Summoned. This card returns to the owner's hand during the End Phase of the turn that this card is Normal Summoned or flipped face-up. When this card is Normal Summoned or flipped face-up, select 1 Level 1 monster in your Graveyard and Special Summon it. When this card leaves the field, the monster Special Summoned this way is removed from play.",1.61,5.85,20.0,2.74,,Unlimited,
27532,Kinka-Byo,Kinka Byo,https://tcgplayer-cdn.tcgplayer.com/product/27532_200w.jpg,2,328,https://cpt.tcgcsv.com/G0f,2019-01-21T14:16:07.22,1,TDGS-EN034,Super Rare,DARK,Beast,Spirit Monster,400,200,"This card cannot be Special Summoned. This card returns to the owner's hand during the End Phase of the turn that this card is Normal Summoned or flipped face-up. When this card is Normal Summoned or flipped face-up, select 1 Level 1 monster in your Graveyard and Special Summon it. When this card leaves the field, the monster Special Summoned this way is removed from play.",4.79,13.98,40.0,10.21,,1st Edition,
27533,Yamato-no-Kami,Yamato no Kami,https://tcgplayer-cdn.tcgplayer.com/product/27533_200w.jpg,2,328,https://cpt.tcgcsv.com/H0f,2019-01-21T14:49:49.383,1,TDGS-EN035,Rare,DARK,Warrior,Spirit Monster,2200,1200,"This card cannot be Normal Summoned or Set. This card cannot be Special Summoned except by removing from play 1 Spirit Monster in your Graveyard. This card returns to the owner's hand during the End Phase of the turn that this card is Special Summoned. If this card destroys a monster by battle, you may destroy 1 Spell or Trap Card your opponent controls.",0.08,0.36,1.99,0.4,,Unlimited,
27533,Yamato-no-Kami,Yamato no Kami,https://tcgplayer-cdn.tcgplayer.com/product/27533_200w.jpg,2,328,https://cpt.tcgcsv.com/H0f,2019-01-21T14:49:49.383,1,TDGS-EN035,Rare,DARK,Warrior,Spirit Monster,2200,1200,"This card cannot be Normal Summoned or Set. This card cannot be Special Summoned except by removing from play 1 Spirit Monster in your Graveyard. This card returns to the owner's hand during the End Phase of the turn that this card is Special Summoned. If this card destroys a monster by battle, you may destroy 1 Spell or Trap Card your opponent controls.",0.2,0.5,1.0,0.67,,1st Edition,
27534,Silent Strider,Silent Strider,https://tcgplayer-cdn.tcgplayer.com/product/27534_200w.jpg,2,328,https://cpt.tcgcsv.com/J0f,2019-01-21T14:43:59.487,1,TDGS-EN036,Common,EARTH,Insect,Effect Monster,300,700,Activate only by sending this card from your hand to the Graveyard. Decrease the Level of 1 monster on the field by 1 until the End Phase.,0.05,0.25,1.75,0.29,0.16,Unlimited,
27534,Silent Strider,Silent Strider,https://tcgplayer-cdn.tcgplayer.com/product/27534_200w.jpg,2,328,https://cpt.tcgcsv.com/J0f,2019-01-21T14:43:59.487,1,TDGS-EN036,Common,EARTH,Insect,Effect Monster,300,700,Activate only by sending this card from your hand to the Graveyard. Decrease the Level of 1 monster on the field by 1 until the End Phase.,0.05,0.24,1.0,0.14,,1st Edition,
27535,Noisy Gnat,Noisy Gnat,https://tcgplayer-cdn.tcgplayer.com/product/27535_200w.jpg,2,328,https://cpt.tcgcsv.com/K0f,2019-01-21T14:36:21.61,1,TDGS-EN037,Common,EARTH,Insect,Effect Monster,700,300,Activate only by sending this card from your hand to the Graveyard. Target monster gains 1 Level until the End Phase of this turn.,0.01,0.16,1.7,0.1,,Unlimited,
27535,Noisy Gnat,Noisy Gnat,https://tcgplayer-cdn.tcgplayer.com/product/27535_200w.jpg,2,328,https://cpt.tcgcsv.com/K0f,2019-01-21T14:36:21.61,1,TDGS-EN037,Common,EARTH,Insect,Effect Monster,700,300,Activate only by sending this card from your hand to the Graveyard. Target monster gains 1 Level until the End Phase of this turn.,0.01,0.21,1.49,0.01,,1st Edition,
27536,Multiple Piece Golem,Multiple Piece Golem,https://tcgplayer-cdn.tcgplayer.com/product/27536_200w.jpg,2,328,https://cpt.tcgcsv.com/L0f,2019-01-21T14:35:24.8,1,TDGS-EN038,Ultra Rare,EARTH,Rock,Fusion Monster,2600,1300,"""Big Piece Golem"" + ""Medium Piece Golem""
At the end of the Battle Phase you can return this card to the Extra Deck, and then Special Summon the Fusion Material Monsters used for the Fusion Summon of this card if they are present in your Graveyard.",0.68,0.96,3.38,0.83,,Unlimited,
27536,Multiple Piece Golem,Multiple Piece Golem,https://tcgplayer-cdn.tcgplayer.com/product/27536_200w.jpg,2,328,https://cpt.tcgcsv.com/L0f,2019-01-21T14:35:24.8,1,TDGS-EN038,Ultra Rare,EARTH,Rock,Fusion Monster,2600,1300,"""Big Piece Golem"" + ""Medium Piece Golem""
At the end of the Battle Phase you can return this card to the Extra Deck, and then Special Summon the Fusion Material Monsters used for the Fusion Summon of this card if they are present in your Graveyard.",1.1,1.99,3.0,1.54,,1st Edition,
27537,Nitro Warrior,Nitro Warrior,https://tcgplayer-cdn.tcgplayer.com/product/27537_200w.jpg,2,328,https://cpt.tcgcsv.com/M0f,2019-01-21T14:36:04.95,1,TDGS-EN039,Ultra Rare,FIRE,Warrior,Synchro/Effect Monster,2800,1800,"""Nitro Synchron"" + 1 non-Tuner monsters
Once per turn, during a turn in which you activated a Spell Card, this card gains 1000 ATK during damage calculation only. If this card destroys an opponent's monster by battle, you can switch 1 face-up Defense Position monster your opponent controls to Attack Position. Then this card attacks that monster once again in a row.",3.6,4.24,6.7,4.06,,Unlimited,
27537,Nitro Warrior,Nitro Warrior,https://tcgplayer-cdn.tcgplayer.com/product/27537_200w.jpg,2,328,https://cpt.tcgcsv.com/M0f,2019-01-21T14:36:04.95,1,TDGS-EN039,Ultra Rare,FIRE,Warrior,Synchro/Effect Monster,2800,1800,"""Nitro Synchron"" + 1 non-Tuner monsters
Once per turn, during a turn in which you activated a Spell Card, this card gains 1000 ATK during damage calculation only. If this card destroys an opponent's monster by battle, you can switch 1 face-up Defense Position monster your opponent controls to Attack Position. Then this card attacks that monster once again in a row.",5.0,7.29,10.19,6.57,,1st Edition,
27538,Stardust Dragon,Stardust Dragon,https://tcgplayer-cdn.tcgplayer.com/product/27538_200w.jpg,2,328,https://cpt.tcgcsv.com/N0f,2019-01-21T14:45:52.403,1,TDGS-EN040,Ultra Rare,WIND,Dragon,Synchro/Effect Monster,2500,200,"1 Tuner + 1 or more non-Tuner monsters
You can Tribute this card to negate the activation of a Spell Card, Trap Card or Effect Monster's effect that destroys a card(s) on the field and destroy that card. If you negate an effect this way, you can Special Summon this card from your Graveyard during your End Phase.",22.0,25.37,29.35,22.58,,Unlimited,
27538,Stardust Dragon,Stardust Dragon,https://tcgplayer-cdn.tcgplayer.com/product/27538_200w.jpg,2,328,https://cpt.tcgcsv.com/N0f,2019-01-21T14:45:52.403,1,TDGS-EN040,Ultra Rare,WIND,Dragon,Synchro/Effect Monster,2500,200,"1 Tuner + 1 or more non-Tuner monsters
You can Tribute this card to negate the activation of a Spell Card, Trap Card or Effect Monster's effect that destroys a card(s) on the field and destroy that card. If you negate an effect this way, you can Special Summon this card from your Graveyard during your End Phase.",42.62,70.0,108.95,83.94,,1st Edition,
27539,Red Dragon Archfiend,Red Dragon Archfiend,https://tcgplayer-cdn.tcgplayer.com/product/27539_200w.jpg,2,328,https://cpt.tcgcsv.com/P0f,2019-01-21T14:42:43.137,1,TDGS-EN041,Ultra Rare,DARK,Dragon,Synchro/Effect Monster,3000,2000,"1 Tuner + 1 or more non-Tuner monsters
If this card attacks a Defense Position monster your opponent controls, destroy all Defense Position monsters your opponent controls after damage calculation. During your End Phase destroy all other monsters you control that did not declare an attack this turn.",6.29,8.03,17.26,7.86,,Unlimited,
27539,Red Dragon Archfiend,Red Dragon Archfiend,https://tcgplayer-cdn.tcgplayer.com/product/27539_200w.jpg,2,328,https://cpt.tcgcsv.com/P0f,2019-01-21T14:42:43.137,1,TDGS-EN041,Ultra Rare,DARK,Dragon,Synchro/Effect Monster,3000,2000,"1 Tuner + 1 or more non-Tuner monsters
If this card attacks a Defense Position monster your opponent controls, destroy all Defense Position monsters your opponent controls after damage calculation. During your End Phase destroy all other monsters you control that did not declare an attack this turn.",16.4,18.72,33.98,23.98,,1st Edition,
27540,Goyo Guardian,Goyo Guardian,https://tcgplayer-cdn.tcgplayer.com/product/27540_200w.jpg,2,328,https://cpt.tcgcsv.com/Q0f,2019-01-21T13:50:49.143,1,TDGS-EN042,Ultra Rare,EARTH,Warrior,Synchro/Effect Monster,2800,2000,"1 Tuner + 1 or more non-Tuner monsters
When this card destroys an opponent's monster by battle and sends it to the Graveyard, you can Special Summon that monster to your side of the field in face-up Defense Position.",7.0,10.75,14.18,11.25,,Unlimited,
27540,Goyo Guardian,Goyo Guardian,https://tcgplayer-cdn.tcgplayer.com/product/27540_200w.jpg,2,328,https://cpt.tcgcsv.com/Q0f,2019-01-21T13:50:49.143,1,TDGS-EN042,Ultra Rare,EARTH,Warrior,Synchro/Effect Monster,2800,2000,"1 Tuner + 1 or more non-Tuner monsters
When this card destroys an opponent's monster by battle and sends it to the Graveyard, you can Special Summon that monster to your side of the field in face-up Defense Position.",14.42,18.42,149.99,17.04,,1st Edition,
27541,Magical Android,Magical Android,https://tcgplayer-cdn.tcgplayer.com/product/27541_200w.jpg,2,328,https://cpt.tcgcsv.com/R0f,2019-01-21T14:32:48.523,1,TDGS-EN043,Super Rare,LIGHT,Psychic,Synchro/Effect Monster,2400,1700,"1 Tuner + 1 non-Tuner monsters
During your End-Phase, gain 600 Life Points for each face-up Psychic-Type monster you control.",7.35,15.42,44.99,20.86,,Unlimited,
27541,Magical Android,Magical Android,https://tcgplayer-cdn.tcgplayer.com/product/27541_200w.jpg,2,328,https://cpt.tcgcsv.com/R0f,2019-01-21T14:32:48.523,1,TDGS-EN043,Super Rare,LIGHT,Psychic,Synchro/Effect Monster,2400,1700,"1 Tuner + 1 non-Tuner monsters
During your End-Phase, gain 600 Life Points for each face-up Psychic-Type monster you control.",18.99,23.86,59.69,30.25,,1st Edition,
27542,Thought Ruler Archfiend,Thought Ruler Archfiend,https://tcgplayer-cdn.tcgplayer.com/product/27542_200w.jpg,2,328,https://cpt.tcgcsv.com/S0f,2019-01-21T14:48:12.623,1,TDGS-EN044,Ultra Rare,DARK,Psychic,Synchro/Effect Monster,2700,2300,"1 Tuner + 1 or more non-Tuner monsters
If this card destroys an opponent's monster by battle, gain Life Points equal to the original ATK of the destroyed monster. By paying 1000 Life Points, negate the activation and effect of a Spell or Trap Card that targets 1 face-up Psychic-Type monster you control and destroy it.",5.23,6.54,15.8,5.44,,Unlimited,
27542,Thought Ruler Archfiend,Thought Ruler Archfiend,https://tcgplayer-cdn.tcgplayer.com/product/27542_200w.jpg,2,328,https://cpt.tcgcsv.com/S0f,2019-01-21T14:48:12.623,1,TDGS-EN044,Ultra Rare,DARK,Psychic,Synchro/Effect Monster,2700,2300,"1 Tuner + 1 or more non-Tuner monsters
If this card destroys an opponent's monster by battle, gain Life Points equal to the original ATK of the destroyed monster. By paying 1000 Life Points, negate the activation and effect of a Spell or Trap Card that targets 1 face-up Psychic-Type monster you control and destroy it.",7.94,13.73,25.0,15.25,,1st Edition,
27543,Fighting Spirit,Fighting Spirit,https://tcgplayer-cdn.tcgplayer.com/product/27543_200w.jpg,2,328,https://cpt.tcgcsv.com/T0f,2019-01-21T13:42:52.507,1,TDGS-EN045,Rare,SPELL,,Equip Spell,0,0,"The equipped monster gains 300 ATK for each monster your opponent controls. If the equipped monster would be destroyed by battle, destroy this card instead.",0.1,0.25,1.99,0.19,,Unlimited,
27543,Fighting Spirit,Fighting Spirit,https://tcgplayer-cdn.tcgplayer.com/product/27543_200w.jpg,2,328,https://cpt.tcgcsv.com/T0f,2019-01-21T13:42:52.507,1,TDGS-EN045,Rare,SPELL,,Equip Spell,0,0,"The equipped monster gains 300 ATK for each monster your opponent controls. If the equipped monster would be destroyed by battle, destroy this card instead.",0.12,0.33,1.23,0.5,0.21,1st Edition,
27544,Domino Effect,Domino Effect,https://tcgplayer-cdn.tcgplayer.com/product/27544_200w.jpg,2,328,https://cpt.tcgcsv.com/V0f,2019-01-21T13:40:05.063,1,TDGS-EN046,Common,SPELL,,Continuous Spell,0,0,"When a monster your opponent controls is destroyed by battle and sent to the Graveyard, send 1 monster you control to the Graveyard to destroy 1 monster your opponent controls.",0.03,0.23,1.75,0.23,,Unlimited,
27544,Domino Effect,Domino Effect,https://tcgplayer-cdn.tcgplayer.com/product/27544_200w.jpg,2,328,https://cpt.tcgcsv.com/V0f,2019-01-21T13:40:05.063,1,TDGS-EN046,Common,SPELL,,Continuous Spell,0,0,"When a monster your opponent controls is destroyed by battle and sent to the Graveyard, send 1 monster you control to the Graveyard to destroy 1 monster your opponent controls.",0.02,0.25,1.33,0.42,,1st Edition,
27545,Junk Barrage,Junk Barrage,https://tcgplayer-cdn.tcgplayer.com/product/27545_200w.jpg,2,328,https://cpt.tcgcsv.com/W0f,2019-01-21T14:11:21.673,1,TDGS-EN047,Common,SPELL,,Equip Spell,0,0,"When the equipped monster destroys a monster by battle and sends it to the Graveyard, inflict damage to your opponent equal to half the destroyed monster's ATK.",0.08,0.22,1.7,0.23,,Unlimited,
27545,Junk Barrage,Junk Barrage,https://tcgplayer-cdn.tcgplayer.com/product/27545_200w.jpg,2,328,https://cpt.tcgcsv.com/W0f,2019-01-21T14:11:21.673,1,TDGS-EN047,Common,SPELL,,Equip Spell,0,0,"When the equipped monster destroys a monster by battle and sends it to the Graveyard, inflict damage to your opponent equal to half the destroyed monster's ATK.",0.1,0.25,0.79,0.37,,1st Edition,
27546,Battle Tuned,Battle Tuned,https://tcgplayer-cdn.tcgplayer.com/product/27546_200w.jpg,2,328,https://cpt.tcgcsv.com/X0f,2019-01-18T20:00:52.427,1,TDGS-EN048,Common,SPELL,,Quick-Play Spell,0,0,Activate only by removing from play 1 Tuner Monster in your Graveyard. Target face-up monster you control gains ATK equal to the Tuner Monster that was removed from play.,0.08,0.25,6.05,0.26,,Unlimited,
27546,Battle Tuned,Battle Tuned,https://tcgplayer-cdn.tcgplayer.com/product/27546_200w.jpg,2,328,https://cpt.tcgcsv.com/X0f,2019-01-18T20:00:52.427,1,TDGS-EN048,Common,SPELL,,Quick-Play Spell,0,0,Activate only by removing from play 1 Tuner Monster in your Graveyard. Target face-up monster you control gains ATK equal to the Tuner Monster that was removed from play.,0.05,0.25,1.0,0.22,,1st Edition,
27547,De-Synchro,De Synchro,https://tcgplayer-cdn.tcgplayer.com/product/27547_200w.jpg,2,328,https://cpt.tcgcsv.com/Z0f,2019-01-21T13:38:51.88,1,TDGS-EN049,Rare,SPELL,,Normal Spell,0,0,"Return 1 Synchro monster on the field to the Extra Deck. In addition, if all the Synchro Material Monsters that were used for the Synchro Summon of that Synchro monster are in your Graveyard, you can Special Summon them all to the field.",0.01,0.35,1.43,0.28,,Unlimited,
27547,De-Synchro,De Synchro,https://tcgplayer-cdn.tcgplayer.com/product/27547_200w.jpg,2,328,https://cpt.tcgcsv.com/Z0f,2019-01-21T13:38:51.88,1,TDGS-EN049,Rare,SPELL,,Normal Spell,0,0,"Return 1 Synchro monster on the field to the Extra Deck. In addition, if all the Synchro Material Monsters that were used for the Synchro Summon of that Synchro monster are in your Graveyard, you can Special Summon them all to the field.",0.01,0.61,1.45,0.74,,1st Edition,
27548,Lightwave Tuning,Lightwave Tuning,https://tcgplayer-cdn.tcgplayer.com/product/27548_200w.jpg,2,328,https://cpt.tcgcsv.com/-0f,2019-01-21T14:24:31.207,1,TDGS-EN050,Common,SPELL,,Normal Spell,0,0,"Activate only by selecting 1 face-up Level 4 LIGHT monster you control. While that card remains face-up on the field, it is treated as a Tuner Monster.",0.05,0.2,1.49,0.15,,Unlimited,
27548,Lightwave Tuning,Lightwave Tuning,https://tcgplayer-cdn.tcgplayer.com/product/27548_200w.jpg,2,328,https://cpt.tcgcsv.com/-0f,2019-01-21T14:24:31.207,1,TDGS-EN050,Common,SPELL,,Normal Spell,0,0,"Activate only by selecting 1 face-up Level 4 LIGHT monster you control. While that card remains face-up on the field, it is treated as a Tuner Monster.",0.08,0.23,1.49,0.11,,1st Edition,
27549,Psi-Station,Psi Station,https://tcgplayer-cdn.tcgplayer.com/product/27549_200w.jpg,2,328,https://cpt.tcgcsv.com/_0f,2019-01-21T14:41:17.547,1,TDGS-EN051,Common,SPELL,,Continuous Spell,0,0,"When you successfully Normal Summon a Psychic-Type monster, by paying 500 Life Points, that monster gains 1 Level and 300 ATK.",0.03,0.23,1.49,0.22,,Unlimited,
27549,Psi-Station,Psi Station,https://tcgplayer-cdn.tcgplayer.com/product/27549_200w.jpg,2,328,https://cpt.tcgcsv.com/_0f,2019-01-21T14:41:17.547,1,TDGS-EN051,Common,SPELL,,Continuous Spell,0,0,"When you successfully Normal Summon a Psychic-Type monster, by paying 500 Life Points, that monster gains 1 Level and 300 ATK.",0.1,0.24,0.99,0.17,,1st Edition,
27550,Psi-Impulse,Psi Impulse,https://tcgplayer-cdn.tcgplayer.com/product/27550_200w.jpg,2,328,https://cpt.tcgcsv.com/02f,2019-01-21T14:39:34.35,1,TDGS-EN052,Common,SPELL,,Normal Spell,0,0,Activate by Tributing 1 Psychic-Type monster you control. Your opponent adds their hand to their Deck and then draws 3 cards.,0.28,0.66,3.49,0.55,,Unlimited,
27550,Psi-Impulse,Psi Impulse,https://tcgplayer-cdn.tcgplayer.com/product/27550_200w.jpg,2,328,https://cpt.tcgcsv.com/02f,2019-01-21T14:39:34.35,1,TDGS-EN052,Common,SPELL,,Normal Spell,0,0,Activate by Tributing 1 Psychic-Type monster you control. Your opponent adds their hand to their Deck and then draws 3 cards.,0.44,1.33,3.99,1.2,,1st Edition,
27551,Emergency Teleport,Emergency Teleport,https://tcgplayer-cdn.tcgplayer.com/product/27551_200w.jpg,2,328,https://cpt.tcgcsv.com/22f,2019-01-21T13:40:16.777,1,TDGS-EN053,Ultra Rare,SPELL,,Quick-Play Spell,0,0,Special Summon 1 Level 3 or lower Psychic-Type monster from your hand or your Deck. The monster Special Summoned this way is removed from play at the end of the turn.,1.1,2.5,16.95,2.22,,Unlimited,
27551,Emergency Teleport,Emergency Teleport,https://tcgplayer-cdn.tcgplayer.com/product/27551_200w.jpg,2,328,https://cpt.tcgcsv.com/22f,2019-01-21T13:40:16.777,1,TDGS-EN053,Ultra Rare,SPELL,,Quick-Play Spell,0,0,Special Summon 1 Level 3 or lower Psychic-Type monster from your hand or your Deck. The monster Special Summoned this way is removed from play at the end of the turn.,3.99,6.41,40.0,6.59,,1st Edition,
27552,Sword of Kusanagi,Sword of Kusanagi,https://tcgplayer-cdn.tcgplayer.com/product/27552_200w.jpg,2,328,https://cpt.tcgcsv.com/32f,2019-01-21T14:46:25.193,1,TDGS-EN054,Common,SPELL,,Equip Spell,0,0,"Equip only to a Spirit monster. During battle between the equipped monster and a Defense Position monster whose DEF is lower than the ATK of the equipped monster, inflict the difference as Battle Damage to your opponent. When the equipped monster is removed from the field and this card sent to the Graveyard, add this card to your hand.",0.04,0.22,1.49,0.22,,Unlimited,
27552,Sword of Kusanagi,Sword of Kusanagi,https://tcgplayer-cdn.tcgplayer.com/product/27552_200w.jpg,2,328,https://cpt.tcgcsv.com/32f,2019-01-21T14:46:25.193,1,TDGS-EN054,Common,SPELL,,Equip Spell,0,0,"Equip only to a Spirit monster. During battle between the equipped monster and a Defense Position monster whose DEF is lower than the ATK of the equipped monster, inflict the difference as Battle Damage to your opponent. When the equipped monster is removed from the field and this card sent to the Graveyard, add this card to your hand.",0.01,0.25,1.36,0.32,,1st Edition,
27553,Orb of Yasaka,Orb of Yasaka,https://tcgplayer-cdn.tcgplayer.com/product/27553_200w.jpg,2,328,https://cpt.tcgcsv.com/52f,2019-01-21T14:38:55.353,1,TDGS-EN055,Common,SPELL,,Equip Spell,0,0,"Equip only to a Spirit monster. If the equipped monster destroys an opponent's monster by battle and sends it to the Graveyard, increase your Life Points by half of the original ATK of the destroyed monster. When the equipped monster is removed from the field and this card sent to the Graveyard, add this card to your hand.",0.03,0.23,10.0,0.16,,Unlimited,
27553,Orb of Yasaka,Orb of Yasaka,https://tcgplayer-cdn.tcgplayer.com/product/27553_200w.jpg,2,328,https://cpt.tcgcsv.com/52f,2019-01-21T14:38:55.353,1,TDGS-EN055,Common,SPELL,,Equip Spell,0,0,"Equip only to a Spirit monster. If the equipped monster destroys an opponent's monster by battle and sends it to the Graveyard, increase your Life Points by half of the original ATK of the destroyed monster. When the equipped monster is removed from the field and this card sent to the Graveyard, add this card to your hand.",0.09,0.25,1.0,0.41,,1st Edition,
27554,Mirror of Yata,Mirror of Yata,https://tcgplayer-cdn.tcgplayer.com/product/27554_200w.jpg,2,328,https://cpt.tcgcsv.com/62f,2019-01-21T14:34:55.847,1,TDGS-EN056,Common,SPELL,,Equip Spell,0,0,"Equip only to a Spirit monster. During the End Phase, the effect of the equipped monster to return it to the hand is not activated. If the equipped monster is destroyed by battle, this card is destroyed instead.",0.08,0.25,1.75,0.3,,Unlimited,
27554,Mirror of Yata,Mirror of Yata,https://tcgplayer-cdn.tcgplayer.com/product/27554_200w.jpg,2,328,https://cpt.tcgcsv.com/62f,2019-01-21T14:34:55.847,1,TDGS-EN056,Common,SPELL,,Equip Spell,0,0,"Equip only to a Spirit monster. During the End Phase, the effect of the equipped monster to return it to the hand is not activated. If the equipped monster is destroyed by battle, this card is destroyed instead.",0.09,0.39,0.99,0.47,0.39,1st Edition,
27555,Geartown,Geartown,https://tcgplayer-cdn.tcgplayer.com/product/27555_200w.jpg,2,328,https://cpt.tcgcsv.com/72f,2019-01-21T13:43:24.927,1,TDGS-EN057,Common,SPELL,,Normal Spell,0,0,"Ancient Gear monsters require 1 less Tribute to Tribute Summon. When this card is destroyed and sent to the Graveyard, you can Special Summon 1 ""Ancient Gear"" monster from your hand, Deck or Graveyard.",0.2,0.49,2.97,0.39,,Unlimited,
27555,Geartown,Geartown,https://tcgplayer-cdn.tcgplayer.com/product/27555_200w.jpg,2,328,https://cpt.tcgcsv.com/72f,2019-01-21T13:43:24.927,1,TDGS-EN057,Common,SPELL,,Normal Spell,0,0,"Ancient Gear monsters require 1 less Tribute to Tribute Summon. When this card is destroyed and sent to the Graveyard, you can Special Summon 1 ""Ancient Gear"" monster from your hand, Deck or Graveyard.",0.25,0.53,3.67,0.48,,1st Edition,
27556,Power Filter,Power Filter,https://tcgplayer-cdn.tcgplayer.com/product/27556_200w.jpg,2,328,https://cpt.tcgcsv.com/82f,2019-01-21T14:39:20.963,1,TDGS-EN058,Super Rare,SPELL,,Continuous Spell,0,0,Neither player may Special Summon monster(s) with 1000 ATK or less.,6.0,10.9,23.65,10.45,,Unlimited,
27556,Power Filter,Power Filter,https://tcgplayer-cdn.tcgplayer.com/product/27556_200w.jpg,2,328,https://cpt.tcgcsv.com/82f,2019-01-21T14:39:20.963,1,TDGS-EN058,Super Rare,SPELL,,Continuous Spell,0,0,Neither player may Special Summon monster(s) with 1000 ATK or less.,16.0,20.97,39.99,9.35,,1st Edition,
27557,Lightsworn Sabre,Lightsworn Sabre,https://tcgplayer-cdn.tcgplayer.com/product/27557_200w.jpg,2,328,https://cpt.tcgcsv.com/92f,2019-01-21T14:24:23.173,1,TDGS-EN059,Super Rare,SPELL,,Equip Spell,0,0,"Equip only to a ""Lightsworn"" monster. The equipped monster gains 700 ATK. When this card is sent from the Deck to the Graveyard, you can equip it to another ""Lightsworn"" monster.",0.25,1.0,2.99,0.93,,Unlimited,
27557,Lightsworn Sabre,Lightsworn Sabre,https://tcgplayer-cdn.tcgplayer.com/product/27557_200w.jpg,2,328,https://cpt.tcgcsv.com/92f,2019-01-21T14:24:23.173,1,TDGS-EN059,Super Rare,SPELL,,Equip Spell,0,0,"Equip only to a ""Lightsworn"" monster. The equipped monster gains 700 ATK. When this card is sent from the Deck to the Graveyard, you can equip it to another ""Lightsworn"" monster.",0.91,1.65,3.26,1.66,,1st Edition,
27558,Unstable Evolution,Unstable Evolution,https://tcgplayer-cdn.tcgplayer.com/product/27558_200w.jpg,2,328,https://cpt.tcgcsv.com/b2f,2019-01-21T14:49:37.82,1,TDGS-EN060,Super Rare,SPELL,,Equip Spell,0,0,"If your Life Points are lower than your opponent's, the equipped monster's original ATK becomes 2400. If your Life Points are higher than your opponent's, the equipped monster's original ATK becomes 1000.",0.14,0.49,3.0,0.17,,Unlimited,
27558,Unstable Evolution,Unstable Evolution,https://tcgplayer-cdn.tcgplayer.com/product/27558_200w.jpg,2,328,https://cpt.tcgcsv.com/b2f,2019-01-21T14:49:37.82,1,TDGS-EN060,Super Rare,SPELL,,Equip Spell,0,0,"If your Life Points are lower than your opponent's, the equipped monster's original ATK becomes 2400. If your Life Points are higher than your opponent's, the equipped monster's original ATK becomes 1000.",0.16,0.41,1.99,0.33,,1st Edition,
27559,Recycling Batteries,Recycling Batteries,https://tcgplayer-cdn.tcgplayer.com/product/27559_200w.jpg,2,328,https://cpt.tcgcsv.com/c2f,2019-01-21T14:42:34.69,1,TDGS-EN061,Common,SPELL,,Normal Spell,0,0,Add 2 Thunder-Type monster with 1500 ATK or less from your Graveyard to your hand.,0.05,0.25,1.7,0.17,,Unlimited,
27559,Recycling Batteries,Recycling Batteries,https://tcgplayer-cdn.tcgplayer.com/product/27559_200w.jpg,2,328,https://cpt.tcgcsv.com/c2f,2019-01-21T14:42:34.69,1,TDGS-EN061,Common,SPELL,,Normal Spell,0,0,Add 2 Thunder-Type monster with 1500 ATK or less from your Graveyard to your hand.,0.08,0.36,1.5,0.33,,1st Edition,
27560,Book of Eclipse,Book of Eclipse,https://tcgplayer-cdn.tcgplayer.com/product/27560_200w.jpg,2,328,https://cpt.tcgcsv.com/d2f,2019-01-18T20:02:59.253,1,TDGS-EN062,Common,SPELL,,Quick-Play Spell,0,0,"Flip all monsters on the field into face-down Defense Position. During the End Phase of this turn, flip all face-down monsters your opponent controls to face-up Defense Position, and your opponent draws 1 card for each monster flipped face-up.",0.18,0.49,2.04,0.39,,Unlimited,
27560,Book of Eclipse,Book of Eclipse,https://tcgplayer-cdn.tcgplayer.com/product/27560_200w.jpg,2,328,https://cpt.tcgcsv.com/d2f,2019-01-18T20:02:59.253,1,TDGS-EN062,Common,SPELL,,Quick-Play Spell,0,0,"Flip all monsters on the field into face-down Defense Position. During the End Phase of this turn, flip all face-down monsters your opponent controls to face-up Defense Position, and your opponent draws 1 card for each monster flipped face-up.",0.1,0.68,1.56,0.58,,1st Edition,
27561,Equip Shot,Equip Shot,https://tcgplayer-cdn.tcgplayer.com/product/27561_200w.jpg,2,328,https://cpt.tcgcsv.com/f2f,2019-01-21T13:41:45.287,1,TDGS-EN063,Common,TRAP,,Normal Trap,0,0,"Activate only during you or your opponent's Battle Phase. Select 1 Equip Card equipped to a face-up Attack Position monster you control and 1 face-up Attack Position monster your opponent controls, and equip the selected Equip Card to the selected monster. Afterwards, your monster that was previously equipped with the selected Equip Card and the selected monster must battle.",0.03,0.25,1.34,0.31,,Unlimited,
27561,Equip Shot,Equip Shot,https://tcgplayer-cdn.tcgplayer.com/product/27561_200w.jpg,2,328,https://cpt.tcgcsv.com/f2f,2019-01-21T13:41:45.287,1,TDGS-EN063,Common,TRAP,,Normal Trap,0,0,"Activate only during you or your opponent's Battle Phase. Select 1 Equip Card equipped to a face-up Attack Position monster you control and 1 face-up Attack Position monster your opponent controls, and equip the selected Equip Card to the selected monster. Afterwards, your monster that was previously equipped with the selected Equip Card and the selected monster must battle.",0.1,0.28,0.94,0.53,,1st Edition,
27562,Graceful Revival,Graceful Revival,https://tcgplayer-cdn.tcgplayer.com/product/27562_200w.jpg,2,328,https://cpt.tcgcsv.com/g2f,2019-01-21T13:53:25.757,1,TDGS-EN064,Rare,TRAP,,Continuous Trap,0,0,"Select 1 Level 2 or lower monster in your Graveyard and Special Summon it in Attack Position. If this card is removed from the field, destroy the Special Summoned monster. If the monster is removed from the field, destroy this card.",0.02,0.27,1.46,0.28,,Unlimited,
27562,Graceful Revival,Graceful Revival,https://tcgplayer-cdn.tcgplayer.com/product/27562_200w.jpg,2,328,https://cpt.tcgcsv.com/g2f,2019-01-21T13:53:25.757,1,TDGS-EN064,Rare,TRAP,,Continuous Trap,0,0,"Select 1 Level 2 or lower monster in your Graveyard and Special Summon it in Attack Position. If this card is removed from the field, destroy the Special Summoned monster. If the monster is removed from the field, destroy this card.",0.17,0.5,1.63,0.63,,1st Edition,
27563,Defense Draw,Defense Draw,https://tcgplayer-cdn.tcgplayer.com/product/27563_200w.jpg,2,328,https://cpt.tcgcsv.com/h2f,2019-01-21T13:39:08.977,1,TDGS-EN065,Rare,TRAP,,Normal Trap,0,0,"Activate only during damage calculation during your opponent's Battle Phase. Reduce all Battle Damage to 0, then draw 1 card.",0.24,0.65,2.0,0.63,,Unlimited,
27563,Defense Draw,Defense Draw,https://tcgplayer-cdn.tcgplayer.com/product/27563_200w.jpg,2,328,https://cpt.tcgcsv.com/h2f,2019-01-21T13:39:08.977,1,TDGS-EN065,Rare,TRAP,,Normal Trap,0,0,"Activate only during damage calculation during your opponent's Battle Phase. Reduce all Battle Damage to 0, then draw 1 card.",0.45,0.88,1.23,0.88,,1st Edition,
27564,Remote Revenge,Remote Revenge,https://tcgplayer-cdn.tcgplayer.com/product/27564_200w.jpg,2,328,https://cpt.tcgcsv.com/j2f,2019-01-21T14:43:31.64,1,TDGS-EN066,Common,TRAP,,Normal Trap,0,0,"Activate only when a monster you control is targeted by a Spell, Trap or Effect Monster controlled by your opponent, which destroys 1 monster on the field. Switch the target to another correct target that your opponent controls.",0.01,0.2,1.7,0.1,,Unlimited,
27564,Remote Revenge,Remote Revenge,https://tcgplayer-cdn.tcgplayer.com/product/27564_200w.jpg,2,328,https://cpt.tcgcsv.com/j2f,2019-01-21T14:43:31.64,1,TDGS-EN066,Common,TRAP,,Normal Trap,0,0,"Activate only when a monster you control is targeted by a Spell, Trap or Effect Monster controlled by your opponent, which destroys 1 monster on the field. Switch the target to another correct target that your opponent controls.",0.05,0.23,1.0,0.17,,1st Edition,
27565,Spacegate,Spacegate,https://tcgplayer-cdn.tcgplayer.com/product/27565_200w.jpg,2,328,https://cpt.tcgcsv.com/k2f,2019-01-21T14:44:20.25,1,TDGS-EN067,Common,TRAP,,Continuous Trap,0,0,"Each time an opponent's monster battles, at the end of the Damage Step place 1 Gate Counter on this card. By sending this card to the Graveyard during your Standby Phase, Special Summon 1 monster from your hand with a Level equal to or lower than the number of Gate Counter(s) placed on this card.",0.01,0.21,1.49,0.19,,Unlimited,
27565,Spacegate,Spacegate,https://tcgplayer-cdn.tcgplayer.com/product/27565_200w.jpg,2,328,https://cpt.tcgcsv.com/k2f,2019-01-21T14:44:20.25,1,TDGS-EN067,Common,TRAP,,Continuous Trap,0,0,"Each time an opponent's monster battles, at the end of the Damage Step place 1 Gate Counter on this card. By sending this card to the Graveyard during your Standby Phase, Special Summon 1 monster from your hand with a Level equal to or lower than the number of Gate Counter(s) placed on this card.",0.01,0.25,1.41,0.31,,1st Edition,
27566,Synchro Deflector,Synchro Deflector,https://tcgplayer-cdn.tcgplayer.com/product/27566_200w.jpg,2,328,https://cpt.tcgcsv.com/l2f,2019-01-21T14:46:35.327,1,TDGS-EN068,Common,TRAP,,Normal Trap,0,0,Activate only when a face-up Synchro monster you control is selected as an attack target. Negate the attack and destroy 1 monster your opponent controls.,0.1,0.29,1.49,0.28,,Unlimited,
27566,Synchro Deflector,Synchro Deflector,https://tcgplayer-cdn.tcgplayer.com/product/27566_200w.jpg,2,328,https://cpt.tcgcsv.com/l2f,2019-01-21T14:46:35.327,1,TDGS-EN068,Common,TRAP,,Normal Trap,0,0,Activate only when a face-up Synchro monster you control is selected as an attack target. Negate the attack and destroy 1 monster your opponent controls.,0.14,0.45,1.83,0.47,,1st Edition,
27567,Broken Blocker,Broken Blocker,https://tcgplayer-cdn.tcgplayer.com/product/27567_200w.jpg,2,328,https://cpt.tcgcsv.com/m2f,2019-01-18T20:03:11.163,1,TDGS-EN069,Super Rare,TRAP,,Normal Trap,0,0,Activate only when a Defense Position monster you control with higher DEF than ATK is destroyed by battle. Special Summon 2 cards with the same name as that monster from your Deck in face-up Defense Position.,0.1,0.5,1.99,0.62,,Unlimited,
27567,Broken Blocker,Broken Blocker,https://tcgplayer-cdn.tcgplayer.com/product/27567_200w.jpg,2,328,https://cpt.tcgcsv.com/m2f,2019-01-18T20:03:11.163,1,TDGS-EN069,Super Rare,TRAP,,Normal Trap,0,0,Activate only when a Defense Position monster you control with higher DEF than ATK is destroyed by battle. Special Summon 2 cards with the same name as that monster from your Deck in face-up Defense Position.,0.24,0.57,1.49,0.53,,1st Edition,
27568,Psychic Overload,Psychic Overload,https://tcgplayer-cdn.tcgplayer.com/product/27568_200w.jpg,2,328,https://cpt.tcgcsv.com/n2f,2019-01-21T14:41:33.053,1,TDGS-EN070,Ultra Rare,TRAP,,Normal Trap,0,0,"Select 3 Psychic-Type monsters in your Graveyard, and shuffle them back to your Deck. Afterwards, draw 2 cards.",0.24,0.5,5.0,0.41,,Unlimited,
27568,Psychic Overload,Psychic Overload,https://tcgplayer-cdn.tcgplayer.com/product/27568_200w.jpg,2,328,https://cpt.tcgcsv.com/n2f,2019-01-21T14:41:33.053,1,TDGS-EN070,Ultra Rare,TRAP,,Normal Trap,0,0,"Select 3 Psychic-Type monsters in your Graveyard, and shuffle them back to your Deck. Afterwards, draw 2 cards.",0.35,0.71,4.99,0.48,,1st Edition,
27569,Psychic Rejuvenation,Psychic Rejuvenation,https://tcgplayer-cdn.tcgplayer.com/product/27569_200w.jpg,2,328,https://cpt.tcgcsv.com/p2f,2019-01-21T14:41:56.477,1,TDGS-EN071,Common,TRAP,,Normal Trap,0,0,Gain 1000 Life Points for each face-up Psychic-Type monster you control.,0.05,0.24,1.36,0.2,,Unlimited,
27569,Psychic Rejuvenation,Psychic Rejuvenation,https://tcgplayer-cdn.tcgplayer.com/product/27569_200w.jpg,2,328,https://cpt.tcgcsv.com/p2f,2019-01-21T14:41:56.477,1,TDGS-EN071,Common,TRAP,,Normal Trap,0,0,Gain 1000 Life Points for each face-up Psychic-Type monster you control.,0.15,0.3,1.0,0.49,,1st Edition,
27570,Telepathic Power,Telepathic Power,https://tcgplayer-cdn.tcgplayer.com/product/27570_200w.jpg,2,328,https://cpt.tcgcsv.com/q2f,2019-01-21T14:47:07.887,1,TDGS-EN072,Common,TRAP,,Normal Trap,0,0,"Activate only when a face-up Psychic-Type monster you control is attacked and destroyed by battle by an opponent's monster. Destroy the monster that attacked it, and gain Life Points equal to the original ATK of the destroyed monster.",0.02,0.21,1.4,0.19,,Unlimited,
27570,Telepathic Power,Telepathic Power,https://tcgplayer-cdn.tcgplayer.com/product/27570_200w.jpg,2,328,https://cpt.tcgcsv.com/q2f,2019-01-21T14:47:07.887,1,TDGS-EN072,Common,TRAP,,Normal Trap,0,0,"Activate only when a face-up Psychic-Type monster you control is attacked and destroyed by battle by an opponent's monster. Destroy the monster that attacked it, and gain Life Points equal to the original ATK of the destroyed monster.",0.02,0.25,1.0,0.36,,1st Edition,
27571,Mind Over Matter,Mind Over Matter,https://tcgplayer-cdn.tcgplayer.com/product/27571_200w.jpg,2,328,https://cpt.tcgcsv.com/r2f,2019-01-21T14:34:01.53,1,TDGS-EN073,Rare,TRAP,,Counter Trap,0,0,"Activate only by Tributing 1 Psychic-Type monster. Negate the activation of a Spell or Trap Card, or the Normal Summon or Special Summon of a monster and destroy that card.",0.15,0.37,1.46,0.3,,Unlimited,
27571,Mind Over Matter,Mind Over Matter,https://tcgplayer-cdn.tcgplayer.com/product/27571_200w.jpg,2,328,https://cpt.tcgcsv.com/r2f,2019-01-21T14:34:01.53,1,TDGS-EN073,Rare,TRAP,,Counter Trap,0,0,"Activate only by Tributing 1 Psychic-Type monster. Negate the activation of a Spell or Trap Card, or the Normal Summon or Special Summon of a monster and destroy that card.",0.1,0.5,1.61,1.11,,1st Edition,
27572,Gladiator Beast War Chariot,Gladiator Beast War Chariot,https://tcgplayer-cdn.tcgplayer.com/product/27572_200w.jpg,2,328,https://cpt.tcgcsv.com/s2f,2019-01-21T13:44:33.597,1,TDGS-EN074,Super Rare,TRAP,,Counter Trap,0,0,"Activate only if you control a face-up ""Gladiator Beast"" monster. Negate the activation and effect of an Effect Monster and destroy it.",5.26,6.9,9.99,7.11,,Unlimited,
27572,Gladiator Beast War Chariot,Gladiator Beast War Chariot,https://tcgplayer-cdn.tcgplayer.com/product/27572_200w.jpg,2,328,https://cpt.tcgcsv.com/s2f,2019-01-21T13:44:33.597,1,TDGS-EN074,Super Rare,TRAP,,Counter Trap,0,0,"Activate only if you control a face-up ""Gladiator Beast"" monster. Negate the activation and effect of an Effect Monster and destroy it.",6.88,11.75,14.04,12.67,,1st Edition,
27573,Lightsworn Barrier,Lightsworn Barrier,https://tcgplayer-cdn.tcgplayer.com/product/27573_200w.jpg,2,328,https://cpt.tcgcsv.com/t2f,2019-01-21T14:24:11.143,1,TDGS-EN075,Common,TRAP,,Continuous Trap,,,"When a ""Lightsworn"" monster you control is selected as an attack target, send 2 cards from your Deck to the Graveyard to negate the attack.",0.12,0.26,1.96,0.26,,Unlimited,
27573,Lightsworn Barrier,Lightsworn Barrier,https://tcgplayer-cdn.tcgplayer.com/product/27573_200w.jpg,2,328,https://cpt.tcgcsv.com/t2f,2019-01-21T14:24:11.143,1,TDGS-EN075,Common,TRAP,,Continuous Trap,,,"When a ""Lightsworn"" monster you control is selected as an attack target, send 2 cards from your Deck to the Graveyard to negate the attack.",0.18,0.49,1.98,0.49,0.44,1st Edition,
27574,Intercept,Intercept,https://tcgplayer-cdn.tcgplayer.com/product/27574_200w.jpg,2,328,https://cpt.tcgcsv.com/v2f,2019-01-21T14:10:21.257,1,TDGS-EN076,Super Rare,TRAP,,Counter Trap,0,0,Activate only when a monster is successfully Tribute Summoned with exactly 1 Tribute. Control of that monster is switched.,0.44,0.89,4.0,0.58,,Unlimited,
27574,Intercept,Intercept,https://tcgplayer-cdn.tcgplayer.com/product/27574_200w.jpg,2,328,https://cpt.tcgcsv.com/v2f,2019-01-21T14:10:21.257,1,TDGS-EN076,Super Rare,TRAP,,Counter Trap,0,0,Activate only when a monster is successfully Tribute Summoned with exactly 1 Tribute. Control of that monster is switched.,0.99,1.86,3.99,1.5,,1st Edition,
27575,Judgment of Thunder,Judgment of Thunder,https://tcgplayer-cdn.tcgplayer.com/product/27575_200w.jpg,2,328,https://cpt.tcgcsv.com/w2f,2019-01-21T14:11:09.013,1,TDGS-EN077,Common,TRAP,,Normal Trap,0,0,Activate only when a Thunder-Type monster is Summoned. Destroy 1 card your opponent controls.,0.08,0.23,1.8,0.21,,Unlimited,
27575,Judgment of Thunder,Judgment of Thunder,https://tcgplayer-cdn.tcgplayer.com/product/27575_200w.jpg,2,328,https://cpt.tcgcsv.com/w2f,2019-01-21T14:11:09.013,1,TDGS-EN077,Common,TRAP,,Normal Trap,0,0,Activate only when a Thunder-Type monster is Summoned. Destroy 1 card your opponent controls.,0.1,0.25,1.41,0.29,,1st Edition,
27576,Fish Depth Charge,Fish Depth Charge,https://tcgplayer-cdn.tcgplayer.com/product/27576_200w.jpg,2,328,https://cpt.tcgcsv.com/x2f,2019-01-21T13:43:07.613,1,TDGS-EN078,Common,TRAP,,Normal Trap,0,0,"Activate only by Tributing 1 Fish-Type monster. Destroy 1 card on the field, and draw 1 card.",0.06,0.27,1.7,0.24,,Unlimited,
27576,Fish Depth Charge,Fish Depth Charge,https://tcgplayer-cdn.tcgplayer.com/product/27576_200w.jpg,2,328,https://cpt.tcgcsv.com/x2f,2019-01-21T13:43:07.613,1,TDGS-EN078,Common,TRAP,,Normal Trap,0,0,"Activate only by Tributing 1 Fish-Type monster. Destroy 1 card on the field, and draw 1 card.",0.1,0.34,1.5,0.26,,1st Edition,
27577,Needlebug Nest,Needlebug Nest,https://tcgplayer-cdn.tcgplayer.com/product/27577_200w.jpg,2,328,https://cpt.tcgcsv.com/z2f,2019-01-21T14:35:47.153,1,TDGS-EN079,Common,TRAP,,Normal Trap,0,0,Send the top 5 cards of your Deck to the Graveyard.,0.48,0.72,3.98,0.65,,Unlimited,
27577,Needlebug Nest,Needlebug Nest,https://tcgplayer-cdn.tcgplayer.com/product/27577_200w.jpg,2,328,https://cpt.tcgcsv.com/z2f,2019-01-21T14:35:47.153,1,TDGS-EN079,Common,TRAP,,Normal Trap,0,0,Send the top 5 cards of your Deck to the Graveyard.,0.6,3.49,4.75,3.66,,1st Edition,
27578,Overworked,Overworked,https://tcgplayer-cdn.tcgplayer.com/product/27578_200w.jpg,2,328,https://cpt.tcgcsv.com/B2f,2019-01-21T14:39:03.217,1,TDGS-EN080,Common,TRAP,,Normal Trap,0,0,Destroy all monsters with an ATK higher than their original ATK.,0.05,0.25,1.4,0.14,,Unlimited,
27578,Overworked,Overworked,https://tcgplayer-cdn.tcgplayer.com/product/27578_200w.jpg,2,328,https://cpt.tcgcsv.com/B2f,2019-01-21T14:39:03.217,1,TDGS-EN080,Common,TRAP,,Normal Trap,0,0,Destroy all monsters with an ATK higher than their original ATK.,0.12,0.27,1.47,0.23,,1st Edition,
27579,Counselor Lily,Counselor Lily,https://tcgplayer-cdn.tcgplayer.com/product/27579_200w.jpg,2,328,https://cpt.tcgcsv.com/C2f,2019-01-18T20:04:45.63,1,TDGS-EN081,Super Rare,EARTH,Fairy,Tuner/Effect Monster,400,1500,"When this card is sent to the Graveyard for a Synchro Summon, you can pay 500 Life Points to have that Synchro Monster gain 1000 ATK until the End Phase.",0.35,0.75,2.14,0.65,,Unlimited,
27579,Counselor Lily,Counselor Lily,https://tcgplayer-cdn.tcgplayer.com/product/27579_200w.jpg,2,328,https://cpt.tcgcsv.com/C2f,2019-01-18T20:04:45.63,1,TDGS-EN081,Super Rare,EARTH,Fairy,Tuner/Effect Monster,400,1500,"When this card is sent to the Graveyard for a Synchro Summon, you can pay 500 Life Points to have that Synchro Monster gain 1000 ATK until the End Phase.",0.82,1.25,2.53,1.15,,1st Edition,
27580,Herald of Orange Light,Herald of Orange Light,https://tcgplayer-cdn.tcgplayer.com/product/27580_200w.jpg,2,328,https://cpt.tcgcsv.com/D2f,2019-01-21T14:09:52.983,1,TDGS-EN082,Rare,LIGHT,Fairy,Tuner Monster,300,500,"You can send this card and 1 other Fairy-Type monster from your hand to the Graveyard to activate this effect. Negate the activation of an effect of an effect monster your opponent controls, and destroy it. You can activate this effect during either players turn.",0.49,1.69,25.0,1.65,,Unlimited,
27580,Herald of Orange Light,Herald of Orange Light,https://tcgplayer-cdn.tcgplayer.com/product/27580_200w.jpg,2,328,https://cpt.tcgcsv.com/D2f,2019-01-21T14:09:52.983,1,TDGS-EN082,Rare,LIGHT,Fairy,Tuner Monster,300,500,"You can send this card and 1 other Fairy-Type monster from your hand to the Graveyard to activate this effect. Negate the activation of an effect of an effect monster your opponent controls, and destroy it. You can activate this effect during either players turn.",1.5,5.0,12.0,8.65,,1st Edition,
27581,Izanami,Izanami,https://tcgplayer-cdn.tcgplayer.com/product/27581_200w.jpg,2,328,https://cpt.tcgcsv.com/F2f,2019-01-21T14:10:46.457,1,TDGS-EN083,Rare,WATER,Fairy,Spirit Monster,1100,1800,"This card cannot be Special Summoned. This card returns to its owner's hand during the End Phase of the turn it is Normal Summoned or flipped face-up. When this card is Normal Summoned or flipped face-up, you can discard 1 card to add 1 Spirit monster from your Graveyard to your hand.",0.2,0.51,1.6,0.54,,Unlimited,
27581,Izanami,Izanami,https://tcgplayer-cdn.tcgplayer.com/product/27581_200w.jpg,2,328,https://cpt.tcgcsv.com/F2f,2019-01-21T14:10:46.457,1,TDGS-EN083,Rare,WATER,Fairy,Spirit Monster,1100,1800,"This card cannot be Special Summoned. This card returns to its owner's hand during the End Phase of the turn it is Normal Summoned or flipped face-up. When this card is Normal Summoned or flipped face-up, you can discard 1 card to add 1 Spirit monster from your Graveyard to your hand.",0.39,0.74,2.38,0.57,,1st Edition,
27582,Maiden of Macabre,Maiden of Macabre,https://tcgplayer-cdn.tcgplayer.com/product/27582_200w.jpg,2,328,https://cpt.tcgcsv.com/G2f,2019-01-21T14:33:02.92,1,TDGS-EN084,Rare,DARK,Spellcaster,Effect Monster,1700,0,"Each time this card destroys a monster by battle, place 1 Spell Counter on this card. This card gains 200 ATK for every Spell Counter on it.",0.15,0.5,1.66,0.42,0.25,Unlimited,
27582,Maiden of Macabre,Maiden of Macabre,https://tcgplayer-cdn.tcgplayer.com/product/27582_200w.jpg,2,328,https://cpt.tcgcsv.com/G2f,2019-01-21T14:33:02.92,1,TDGS-EN084,Rare,DARK,Spellcaster,Effect Monster,1700,0,"Each time this card destroys a monster by battle, place 1 Spell Counter on this card. This card gains 200 ATK for every Spell Counter on it.",0.21,0.74,3.29,0.68,,1st Edition,
27583,Hand of the Six Samurai,Hand of the Six Samurai,https://tcgplayer-cdn.tcgplayer.com/product/27583_200w.jpg,2,328,https://cpt.tcgcsv.com/H2f,2019-01-21T14:08:11.647,1,TDGS-EN085,Secret Rare,FIRE,Warrior,Effect Monster,1600,1000,"While you control another ""Six Samurai"" monster, you can Tribute 1 ""Six Samurai"" monster to destroy 1 monster on the field.",8.5,12.87,24.95,10.7,,Unlimited,
27583,Hand of the Six Samurai,Hand of the Six Samurai,https://tcgplayer-cdn.tcgplayer.com/product/27583_200w.jpg,2,328,https://cpt.tcgcsv.com/H2f,2019-01-21T14:08:11.647,1,TDGS-EN085,Secret Rare,FIRE,Warrior,Effect Monster,1600,1000,"While you control another ""Six Samurai"" monster, you can Tribute 1 ""Six Samurai"" monster to destroy 1 monster on the field.",27.15,44.7,52.34,28.4,,1st Edition,
27584,Cyber Shark,Cyber Shark,https://tcgplayer-cdn.tcgplayer.com/product/27584_200w.jpg,2,328,https://cpt.tcgcsv.com/J2f,2019-01-18T20:07:53.793,1,TDGS-EN086,Secret Rare,WATER,Fish,Effect Monster,2100,2000,"If you control a WATER monster, you can Normal Summon this card without Tributing.",1.8,3.1,49.99,2.62,,Unlimited,
27584,Cyber Shark,Cyber Shark,https://tcgplayer-cdn.tcgplayer.com/product/27584_200w.jpg,2,328,https://cpt.tcgcsv.com/J2f,2019-01-18T20:07:53.793,1,TDGS-EN086,Secret Rare,WATER,Fish,Effect Monster,2100,2000,"If you control a WATER monster, you can Normal Summon this card without Tributing.",8.13,26.45,29.95,6.26,,1st Edition,
27585,Grapple Blocker,Grapple Blocker,https://tcgplayer-cdn.tcgplayer.com/product/27585_200w.jpg,2,328,https://cpt.tcgcsv.com/K2f,2019-01-21T14:00:03.1,1,TDGS-EN087,Rare,EARTH,Psychic,Effect Monster,1200,2000,"When this card is Normal Summoned, select 1 monster your opponent controls. The selected monster cannot attack or cannot be Tributed as long as this card remains face-up on the field. During each of your End Phases, pay 500 Life Points. If you cannot, destroy this card.",0.09,0.25,1.0,0.16,,Unlimited,
27585,Grapple Blocker,Grapple Blocker,https://tcgplayer-cdn.tcgplayer.com/product/27585_200w.jpg,2,328,https://cpt.tcgcsv.com/K2f,2019-01-21T14:00:03.1,1,TDGS-EN087,Rare,EARTH,Psychic,Effect Monster,1200,2000,"When this card is Normal Summoned, select 1 monster your opponent controls. The selected monster cannot attack or cannot be Tributed as long as this card remains face-up on the field. During each of your End Phases, pay 500 Life Points. If you cannot, destroy this card.",0.1,0.29,1.41,0.29,,1st Edition,
27586,Telekinetic Charging Cell,Telekinetic Charging Cell,https://tcgplayer-cdn.tcgplayer.com/product/27586_200w.jpg,2,328,https://cpt.tcgcsv.com/L2f,2019-01-21T14:46:47.47,1,TDGS-EN088,Rare,SPELL,,Equip Spell,0,0,Equip only to a Psychic-Type monster. You do not have to pay Life Points to activate its effect(s). If the equipped monster is destroyed and this card is sent to the Graveyard you can pay 1000 Life Points to return this card to your hand.,0.04,0.49,4.9,0.38,,Unlimited,
27586,Telekinetic Charging Cell,Telekinetic Charging Cell,https://tcgplayer-cdn.tcgplayer.com/product/27586_200w.jpg,2,328,https://cpt.tcgcsv.com/L2f,2019-01-21T14:46:47.47,1,TDGS-EN088,Rare,SPELL,,Equip Spell,0,0,Equip only to a Psychic-Type monster. You do not have to pay Life Points to activate its effect(s). If the equipped monster is destroyed and this card is sent to the Graveyard you can pay 1000 Life Points to return this card to your hand.,0.23,0.74,6.95,0.4,,1st Edition,
27587,Charge of the Light Brigade,Charge of the Light Brigade,https://tcgplayer-cdn.tcgplayer.com/product/27587_200w.jpg,2,328,https://cpt.tcgcsv.com/M2f,2019-01-18T20:03:33.267,1,TDGS-EN089,Secret Rare,SPELL,,Normal Spell,0,0,"Send the top 3 cards of your Deck to the Graveyard. Add 1 Level 4 or lower ""Lightsworn"" monster from your Deck to your hand.",18.36,24.09,100.0,22.89,19.9,Unlimited,
27587,Charge of the Light Brigade,Charge of the Light Brigade,https://tcgplayer-cdn.tcgplayer.com/product/27587_200w.jpg,2,328,https://cpt.tcgcsv.com/M2f,2019-01-18T20:03:33.267,1,TDGS-EN089,Secret Rare,SPELL,,Normal Spell,0,0,"Send the top 3 cards of your Deck to the Graveyard. Add 1 Level 4 or lower ""Lightsworn"" monster from your Deck to your hand.",83.95,111.72,195.63,133.18,,1st Edition,
27588,The Tricky,The Tricky,https://tcgplayer-cdn.tcgplayer.com/product/27588_200w.jpg,2,328,https://cpt.tcgcsv.com/N2f,2019-01-21T14:47:58.947,1,TDGS-EN090,Rare,WIND,Spellcaster,Effect Monster,2000,1200,You can discard 1 card to Special Summon this card from your hand.,0.12,0.45,2.63,0.43,,Unlimited,
27588,The Tricky,The Tricky,https://tcgplayer-cdn.tcgplayer.com/product/27588_200w.jpg,2,328,https://cpt.tcgcsv.com/N2f,2019-01-21T14:47:58.947,1,TDGS-EN090,Rare,WIND,Spellcaster,Effect Monster,2000,1200,You can discard 1 card to Special Summon this card from your hand.,0.25,0.8,3.67,0.8,,1st Edition,
27589,Tricky Spell 4,Tricky Spell 4,https://tcgplayer-cdn.tcgplayer.com/product/27589_200w.jpg,2,328,https://cpt.tcgcsv.com/P2f,2019-01-21T14:49:05.373,1,TDGS-EN091,Common,SPELL,,Quick-Play Spell,0,0,"Send 1 face-up ""The Tricky"" you control to the Graveyard. Special Summon 1 ""Tricky Token"" (Spellcaster-Type/WIND/Level 5/ATK 2000/DEF 1200) in Defense Position for every monster your opponent controls. These tokens cannot attack.",0.02,0.23,1.75,0.23,,Unlimited,
27589,Tricky Spell 4,Tricky Spell 4,https://tcgplayer-cdn.tcgplayer.com/product/27589_200w.jpg,2,328,https://cpt.tcgcsv.com/P2f,2019-01-21T14:49:05.373,1,TDGS-EN091,Common,SPELL,,Quick-Play Spell,0,0,"Send 1 face-up ""The Tricky"" you control to the Graveyard. Special Summon 1 ""Tricky Token"" (Spellcaster-Type/WIND/Level 5/ATK 2000/DEF 1200) in Defense Position for every monster your opponent controls. These tokens cannot attack.",0.05,0.23,1.0,0.22,,1st Edition,
27590,Trap of Darkness,Trap of Darkness,https://tcgplayer-cdn.tcgplayer.com/product/27590_200w.jpg,2,328,https://cpt.tcgcsv.com/Q2f,2019-01-21T14:48:53.557,1,TDGS-EN092,Rare,TRAP,,Normal Trap,0,0,Activate only by paying 1000 Life Points while you have 3000 Life Points or less. Select a Normal Trap Card in your Graveyard. The card's effect is the same as that Trap Card's. Remove from play that Normal Trap Card.,0.08,0.25,1.4,0.16,,Unlimited,
27590,Trap of Darkness,Trap of Darkness,https://tcgplayer-cdn.tcgplayer.com/product/27590_200w.jpg,2,328,https://cpt.tcgcsv.com/Q2f,2019-01-21T14:48:53.557,1,TDGS-EN092,Rare,TRAP,,Normal Trap,0,0,Activate only by paying 1000 Life Points while you have 3000 Life Points or less. Select a Normal Trap Card in your Graveyard. The card's effect is the same as that Trap Card's. Remove from play that Normal Trap Card.,0.1,0.3,1.44,0.28,,1st Edition,
27591,The Selection,The Selection,https://tcgplayer-cdn.tcgplayer.com/product/27591_200w.jpg,2,328,https://cpt.tcgcsv.com/R2f,2019-01-21T14:47:38.7,1,TDGS-EN093,Rare,TRAP,,Counter Trap,0,0,"Pay 1000 Life Points. Negate the Summon of a monster that has the same Type as a monster on the field, and Destroy it.",0.1,0.44,1.56,0.42,,Unlimited,
27591,The Selection,The Selection,https://tcgplayer-cdn.tcgplayer.com/product/27591_200w.jpg,2,328,https://cpt.tcgcsv.com/R2f,2019-01-21T14:47:38.7,1,TDGS-EN093,Rare,TRAP,,Counter Trap,0,0,"Pay 1000 Life Points. Negate the Summon of a monster that has the same Type as a monster on the field, and Destroy it.",0.2,0.57,1.58,0.6,,1st Edition,
27592,Splendid Venus,Splendid Venus,https://tcgplayer-cdn.tcgplayer.com/product/27592_200w.jpg,2,328,https://cpt.tcgcsv.com/S2f,2019-01-21T14:44:29.903,1,TDGS-EN094,Secret Rare,LIGHT,Fairy,Effect Monster,2800,2400,All non-Fairy-Type monsters lose 500 ATK and DEF. The activation and effect of Spell and Trap Cards you control cannot be negated.,4.24,8.07,49.99,6.15,,Unlimited,
27592,Splendid Venus,Splendid Venus,https://tcgplayer-cdn.tcgplayer.com/product/27592_200w.jpg,2,328,https://cpt.tcgcsv.com/S2f,2019-01-21T14:44:29.903,1,TDGS-EN094,Secret Rare,LIGHT,Fairy,Effect Monster,2800,2400,All non-Fairy-Type monsters lose 500 ATK and DEF. The activation and effect of Spell and Trap Cards you control cannot be negated.,13.39,19.47,42.95,16.52,,1st Edition,
27593,Fiendish Engine Omega,Fiendish Engine Omega,https://tcgplayer-cdn.tcgplayer.com/product/27593_200w.jpg,2,328,https://cpt.tcgcsv.com/T2f,2019-01-21T13:42:17.43,1,TDGS-EN095,Secret Rare,DARK,Machine,Effect Monster,2800,2000,"During your End Phase, Special Summon 1 ""Engine Token"" (Machine-Type/EARTH/Level 1/ATK 200/DEF 200) in Attack Position. Once per turn, you can have this card gain 1000 ATK. If you do, it is destroyed during the End Phase.",3.68,4.97,11.69,2.91,,Unlimited,
27593,Fiendish Engine Omega,Fiendish Engine Omega,https://tcgplayer-cdn.tcgplayer.com/product/27593_200w.jpg,2,328,https://cpt.tcgcsv.com/T2f,2019-01-21T13:42:17.43,1,TDGS-EN095,Secret Rare,DARK,Machine,Effect Monster,2800,2000,"During your End Phase, Special Summon 1 ""Engine Token"" (Machine-Type/EARTH/Level 1/ATK 200/DEF 200) in Attack Position. Once per turn, you can have this card gain 1000 ATK. If you do, it is destroyed during the End Phase.",6.98,9.91,29.95,7.35,,1st Edition,
27594,Cold Enchanter,Cold Enchanter,https://tcgplayer-cdn.tcgplayer.com/product/27594_200w.jpg,2,328,https://cpt.tcgcsv.com/V2f,2019-01-18T20:04:32.587,1,TDGS-EN096,Rare,WATER,Aqua,Effect Monster,1600,1200,"You can discard 1 card to place 1 ""Ice Counter"" on a face-up monster on the field. This card gains 300 ATK for each ""Ice Counter"" on the field.",0.1,0.25,2.66,0.2,,Unlimited,
27594,Cold Enchanter,Cold Enchanter,https://tcgplayer-cdn.tcgplayer.com/product/27594_200w.jpg,2,328,https://cpt.tcgcsv.com/V2f,2019-01-18T20:04:32.587,1,TDGS-EN096,Rare,WATER,Aqua,Effect Monster,1600,1200,"You can discard 1 card to place 1 ""Ice Counter"" on a face-up monster on the field. This card gains 300 ATK for each ""Ice Counter"" on the field.",0.16,0.59,1.54,0.74,,1st Edition,
27595,Ice Master,Ice Master,https://tcgplayer-cdn.tcgplayer.com/product/27595_200w.jpg,2,328,https://cpt.tcgcsv.com/W2f,2019-01-21T14:10:04.57,1,TDGS-EN097,Secret Rare,WATER,Spellcaster,Effect Monster,2500,2000,"You can Special Summon this card from your hand by Tributing 2 WATER monsters. Once per turn, you can place 1 ""Ice Counter"" on 1 monster. You can Tribute this card to destroy all monsters on the field with an ""Ice Counter(s)"".",1.57,3.26,39.99,2.54,,Unlimited,
27595,Ice Master,Ice Master,https://tcgplayer-cdn.tcgplayer.com/product/27595_200w.jpg,2,328,https://cpt.tcgcsv.com/W2f,2019-01-21T14:10:04.57,1,TDGS-EN097,Secret Rare,WATER,Spellcaster,Effect Monster,2500,2000,"You can Special Summon this card from your hand by Tributing 2 WATER monsters. Once per turn, you can place 1 ""Ice Counter"" on 1 monster. You can Tribute this card to destroy all monsters on the field with an ""Ice Counter(s)"".",10.7,25.89,49.98,11.26,,1st Edition,
27596,Kunai with Chain,Kunai with Chain,https://tcgplayer-cdn.tcgplayer.com/product/27596_200w.jpg,2,328,https://cpt.tcgcsv.com/X2f,2019-01-21T14:21:39.527,1,TDGS-EN098,Super Rare,TRAP,,Normal Trap,0,0,"Activate one or both of the following effects:
- Activate only when an opponent's monster attacks. Change the attacking monster to Defense Position.
- Equip this card to a monster you control. It gains 500 ATK.",0.5,1.21,3.85,1.44,,Unlimited,
27596,Kunai with Chain,Kunai with Chain,https://tcgplayer-cdn.tcgplayer.com/product/27596_200w.jpg,2,328,https://cpt.tcgcsv.com/X2f,2019-01-21T14:21:39.527,1,TDGS-EN098,Super Rare,TRAP,,Normal Trap,0,0,"Activate one or both of the following effects:
- Activate only when an opponent's monster attacks. Change the attacking monster to Defense Position.
- Equip this card to a monster you control. It gains 500 ATK.",0.98,4.75,19.99,4.93,,1st Edition,
27597,Toy Magician,Toy Magician,https://tcgplayer-cdn.tcgplayer.com/product/27597_200w.jpg,2,328,https://cpt.tcgcsv.com/Z2f,2019-01-21T14:48:45.28,1,TDGS-EN099,Secret Rare,LIGHT,Spellcaster,Effect Monster,1600,1500,"This card can be treated as a Spell Card and set in your Spell & Trap Card Zone. When this card is destroyed and sent to the Graveyard by an opponent's card effect while set in your Spell & Trap Card Zones, Special Summon this card during the End Phase of that turn. In addition, when this card is successfully Flip Summoned, destroy a number of Spell and Trap Cards equal to the number of face-up ""Toy Magicians"" on the field.",2.39,5.44,8.99,4.75,,Unlimited,
27597,Toy Magician,Toy Magician,https://tcgplayer-cdn.tcgplayer.com/product/27597_200w.jpg,2,328,https://cpt.tcgcsv.com/Z2f,2019-01-21T14:48:45.28,1,TDGS-EN099,Secret Rare,LIGHT,Spellcaster,Effect Monster,1600,1500,"This card can be treated as a Spell Card and set in your Spell & Trap Card Zone. When this card is destroyed and sent to the Graveyard by an opponent's card effect while set in your Spell & Trap Card Zones, Special Summon this card during the End Phase of that turn. In addition, when this card is successfully Flip Summoned, destroy a number of Spell and Trap Cards equal to the number of face-up ""Toy Magicians"" on the field.",6.99,12.48,18.45,12.78,,1st Edition,
27598,Avenging Knight Parshath (TDGS-ENSP1),Avenging Knight Parshath TDGS ENSP1,https://tcgplayer-cdn.tcgplayer.com/product/27598_200w.jpg,2,328,https://cpt.tcgcsv.com/-2f,2022-08-31T14:38:18.843,1,TDGS-ENSP1,Super Rare,LIGHT,Fairy,Synchro/Effect Monster,2600,2100,"1 Tuner + 1 or more non-Tuner LIGHT monsters
Once per turn, you can change the battle position of 1 face-up monster your opponent controls. During battle between this attacking card and a Defense Position monster whose DEF is lower than the ATK of this card, inflict the difference in Battle Damage to your opponent.",19.01,19.5,19.99,15.98,,Limited,
57189,The Duelist Genesis Booster Box,The Duelist Genesis Booster Box,https://tcgplayer-cdn.tcgplayer.com/product/57189_200w.jpg,2,328,https://cpt.tcgcsv.com/PTs,2024-01-30T15:51:40.31,1,,,,,,,,"The Duelist Genesis set is the first to feature cards from the all-new Yugioh! 5D's animated series. The Duelist Genesis set introduces new types of monsters and a new game mechanic. Included are the new Psychic-Type monsters and Synchro Monsters with Tuners (effect monsters that fuse with regular monsters to bring out Synchro monsters). 
<br>Set Configuration
<br>The 100-card set (48 commons, 20 rares, 12 super rares, and 10 ultra rares) includes 10 cards exclusive to Upper Deck and 10 cards previously only released in Japan!",,,,,,,53334623094
57207,The Duelist Genesis: Special Edition Box,The Duelist Genesis Special Edition Box,https://tcgplayer-cdn.tcgplayer.com/product/57207_200w.jpg,2,328,https://cpt.tcgcsv.com/9Vs,2021-01-22T19:29:43.617,1,,,,,,,,The Duelist Genesis: Special Edition contains 3 The Duelist Genesis Booster Packs and 1 (of 2 possible) Super Rare variant cards.,99.99,103.99,167.97,98.99,,Normal,53334623186
57793,Stardust Dragon (Ghost),Stardust Dragon Ghost,https://tcgplayer-cdn.tcgplayer.com/product/57793_200w.jpg,2,328,https://cpt.tcgcsv.com/T7t,2019-01-21T14:45:47.323,1,TDGS-EN040,Ghost Rare,WIND,Dragon,Synchro/Effect Monster,2500,2000,"1 Tuner + 1 or more non-Tuner monsters  You can Tribute this card to negate the activation of a Spell Card, Trap Card or Effect Monster's effect that destroys a card(s) on the field and destroy that card. If you negate an effect this way, you can Special Summon this card from your Graveyard during your End Phase.",250.0,391.98,899.69,298.86,,Unlimited,
57793,Stardust Dragon (Ghost),Stardust Dragon Ghost,https://tcgplayer-cdn.tcgplayer.com/product/57793_200w.jpg,2,328,https://cpt.tcgcsv.com/T7t,2019-01-21T14:45:47.323,1,TDGS-EN040,Ghost Rare,WIND,Dragon,Synchro/Effect Monster,2500,2000,"1 Tuner + 1 or more non-Tuner monsters  You can Tribute this card to negate the activation of a Spell Card, Trap Card or Effect Monster's effect that destroys a card(s) on the field and destroy that card. If you negate an effect this way, you can Special Summon this card from your Graveyard during your End Phase.",1267.44,2199.96,2499.95,1500.0,,1st Edition,
58514,Montage Dragon (UTR),Montage Dragon UTR,https://tcgplayer-cdn.tcgplayer.com/product/58514_200w.jpg,2,328,https://cpt.tcgcsv.com/jqt,2019-01-21T14:35:14.307,1,TDGS-EN014,Ultimate Rare,EARTH,Dragon,Effect Monster,0,0,This card cannot be Normal Summoned or Set. This card cannot be Special Summoned except by sending 3 other monsters from your hand to the Graveyard. This card's ATK is equal to the combined Levels of the sent monsters x 300.,8.28,12.99,39.99,14.33,,Unlimited,
58514,Montage Dragon (UTR),Montage Dragon UTR,https://tcgplayer-cdn.tcgplayer.com/product/58514_200w.jpg,2,328,https://cpt.tcgcsv.com/jqt,2019-01-21T14:35:14.307,1,TDGS-EN014,Ultimate Rare,EARTH,Dragon,Effect Monster,0,0,This card cannot be Normal Summoned or Set. This card cannot be Special Summoned except by sending 3 other monsters from your hand to the Graveyard. This card's ATK is equal to the combined Levels of the sent monsters x 300.,34.65,42.0,59.99,51.11,,1st Edition,
58515,Dark Hunter (UTR),Dark Hunter UTR,https://tcgplayer-cdn.tcgplayer.com/product/58515_200w.jpg,2,328,https://cpt.tcgcsv.com/kqt,2019-01-21T13:38:27.557,1,TDGS-EN033,Ultimate Rare,DARK,Fiend,Effect Monster,1600,400,"This card gains 1 of the following effects according to the number of DARK monsters in your Graveyard:   
<br><b>0 or 1:</b> This card loses 400 ATK.   
<br><b>2, 3, or 4:</b> This card gains 400 ATK.  
<br><b>5 or more: </b>You can send this face-up card to the Graveyard to destroy all face-down monsters on the field.",1.17,2.1,7.5,2.15,,Unlimited,
58515,Dark Hunter (UTR),Dark Hunter UTR,https://tcgplayer-cdn.tcgplayer.com/product/58515_200w.jpg,2,328,https://cpt.tcgcsv.com/kqt,2019-01-21T13:38:27.557,1,TDGS-EN033,Ultimate Rare,DARK,Fiend,Effect Monster,1600,400,"This card gains 1 of the following effects according to the number of DARK monsters in your Graveyard:   
<br><b>0 or 1:</b> This card loses 400 ATK.   
<br><b>2, 3, or 4:</b> This card gains 400 ATK.  
<br><b>5 or more: </b>You can send this face-up card to the Graveyard to destroy all face-down monsters on the field.",3.25,5.45,10.0,8.16,,1st Edition,
58516,Multiple Piece Golem (UTR),Multiple Piece Golem UTR,https://tcgplayer-cdn.tcgplayer.com/product/58516_200w.jpg,2,328,https://cpt.tcgcsv.com/lqt,2019-01-21T14:35:37.847,1,TDGS-EN038,Ultimate Rare,EARTH,Rock,Fusion Monster,2600,1300,"""Big Piece Golem"" + ""Medium Piece Golem""  
<br>At the end of the Battle Phase you can return this card to the Extra Deck, and then Special Summon the Fusion Material Monsters used for the Fusion Summon of this card if they are present in your Graveyard.",2.19,3.77,33.12,3.73,,Unlimited,
58516,Multiple Piece Golem (UTR),Multiple Piece Golem UTR,https://tcgplayer-cdn.tcgplayer.com/product/58516_200w.jpg,2,328,https://cpt.tcgcsv.com/lqt,2019-01-21T14:35:37.847,1,TDGS-EN038,Ultimate Rare,EARTH,Rock,Fusion Monster,2600,1300,"""Big Piece Golem"" + ""Medium Piece Golem""  
<br>At the end of the Battle Phase you can return this card to the Extra Deck, and then Special Summon the Fusion Material Monsters used for the Fusion Summon of this card if they are present in your Graveyard.",5.19,12.94,49.99,12.91,,1st Edition,
58517,Nitro Warrior (UTR),Nitro Warrior UTR,https://tcgplayer-cdn.tcgplayer.com/product/58517_200w.jpg,2,328,https://cpt.tcgcsv.com/mqt,2019-01-21T14:36:12.95,1,TDGS-EN039,Ultimate Rare,FIRE,Warrior,Synchro/Effect Monster,2800,1800,"""Nitro Synchron"" + 1 non-Tuner monsters  
<br>Once per turn, during a turn in which you activated a Spell Card, this card gains 1000 ATK during damage calculation only. If this card destroys an opponent's monster by battle, you can switch 1 face-up Defense Position monster your opponent controls to Attack Position. Then this card attacks that monster once again in a row.",19.85,21.08,39.99,19.13,,Unlimited,
58517,Nitro Warrior (UTR),Nitro Warrior UTR,https://tcgplayer-cdn.tcgplayer.com/product/58517_200w.jpg,2,328,https://cpt.tcgcsv.com/mqt,2019-01-21T14:36:12.95,1,TDGS-EN039,Ultimate Rare,FIRE,Warrior,Synchro/Effect Monster,2800,1800,"""Nitro Synchron"" + 1 non-Tuner monsters  
<br>Once per turn, during a turn in which you activated a Spell Card, this card gains 1000 ATK during damage calculation only. If this card destroys an opponent's monster by battle, you can switch 1 face-up Defense Position monster your opponent controls to Attack Position. Then this card attacks that monster once again in a row.",299.96,299.98,299.99,43.26,,1st Edition,
58518,Stardust Dragon (UTR),Stardust Dragon UTR,https://tcgplayer-cdn.tcgplayer.com/product/58518_200w.jpg,2,328,https://cpt.tcgcsv.com/nqt,2019-01-21T14:46:13.717,1,TDGS-EN040,Ultimate Rare,WIND,Dragon,Synchro/Effect Monster,2500,200,"1 Tuner + 1 or more non-Tuner monsters  
<br>You can Tribute this card to negate the activation of a Spell Card, Trap Card or Effect Monster's effect that destroys a card(s) on the field and destroy that card. If you negate an effect this way, you can Special Summon this card from your Graveyard during your End Phase.",139.6,299.98,849.98,176.56,,Unlimited,
58518,Stardust Dragon (UTR),Stardust Dragon UTR,https://tcgplayer-cdn.tcgplayer.com/product/58518_200w.jpg,2,328,https://cpt.tcgcsv.com/nqt,2019-01-21T14:46:13.717,1,TDGS-EN040,Ultimate Rare,WIND,Dragon,Synchro/Effect Monster,2500,200,"1 Tuner + 1 or more non-Tuner monsters  
<br>You can Tribute this card to negate the activation of a Spell Card, Trap Card or Effect Monster's effect that destroys a card(s) on the field and destroy that card. If you negate an effect this way, you can Special Summon this card from your Graveyard during your End Phase.",499.98,781.29,1200.0,599.9,,1st Edition,
58519,Red Dragon Archfiend (UTR),Red Dragon Archfiend UTR,https://tcgplayer-cdn.tcgplayer.com/product/58519_200w.jpg,2,328,https://cpt.tcgcsv.com/pqt,2019-01-21T14:42:52.31,1,TDGS-EN041,Ultimate Rare,DARK,Dragon,Synchro/Effect Monster,3000,2000,"1 Tuner + 1 or more non-Tuner monsters
<br>If this card attacks a Defense Position monster your opponent controls, destroy all Defense Position monsters your opponent controls after damage calculation. During your End Phase destroy all other monsters you control that did not declare an attack this turn.",71.14,80.4,86.8,83.06,,Unlimited,
58519,Red Dragon Archfiend (UTR),Red Dragon Archfiend UTR,https://tcgplayer-cdn.tcgplayer.com/product/58519_200w.jpg,2,328,https://cpt.tcgcsv.com/pqt,2019-01-21T14:42:52.31,1,TDGS-EN041,Ultimate Rare,DARK,Dragon,Synchro/Effect Monster,3000,2000,"1 Tuner + 1 or more non-Tuner monsters
<br>If this card attacks a Defense Position monster your opponent controls, destroy all Defense Position monsters your opponent controls after damage calculation. During your End Phase destroy all other monsters you control that did not declare an attack this turn.",173.98,219.18,399.99,204.53,,1st Edition,
58520,Goyo Guardian (UTR),Goyo Guardian UTR,https://tcgplayer-cdn.tcgplayer.com/product/58520_200w.jpg,2,328,https://cpt.tcgcsv.com/qqt,2019-01-21T13:51:44.927,1,TDGS-EN042,Ultimate Rare,EARTH,Warrior,Synchro/Effect Monster,2800,2000,"1 Tuner + 1 or more non-Tuner monsters  
<br>When this card destroys an opponent's monster by battle and sends it to the Graveyard, you can Special Summon that monster to your side of the field in face-up Defense Position.",54.99,62.04,74.9,59.06,,Unlimited,
58520,Goyo Guardian (UTR),Goyo Guardian UTR,https://tcgplayer-cdn.tcgplayer.com/product/58520_200w.jpg,2,328,https://cpt.tcgcsv.com/qqt,2019-01-21T13:51:44.927,1,TDGS-EN042,Ultimate Rare,EARTH,Warrior,Synchro/Effect Monster,2800,2000,"1 Tuner + 1 or more non-Tuner monsters  
<br>When this card destroys an opponent's monster by battle and sends it to the Graveyard, you can Special Summon that monster to your side of the field in face-up Defense Position.",171.99,238.99,239.99,239.94,,1st Edition,
58521,Thought Ruler Archfiend (UTR),Thought Ruler Archfiend UTR,https://tcgplayer-cdn.tcgplayer.com/product/58521_200w.jpg,2,328,https://cpt.tcgcsv.com/rqt,2019-01-21T14:48:27.823,1,TDGS-EN044,Ultimate Rare,DARK,Psychic,Synchro/Effect Monster,2700,2300,"1 Tuner + 1 or more non-Tuner monsters  
<br>If this card destroys an opponent's monster by battle, gain Life Points equal to the original ATK of the destroyed monster. By paying 1000 Life Points, negate the activation and effect of a Spell or Trap Card that targets 1 face-up Psychic-Type monster you control and destroy it.",35.0,39.47,77.68,39.24,,Unlimited,
58521,Thought Ruler Archfiend (UTR),Thought Ruler Archfiend UTR,https://tcgplayer-cdn.tcgplayer.com/product/58521_200w.jpg,2,328,https://cpt.tcgcsv.com/rqt,2019-01-21T14:48:27.823,1,TDGS-EN044,Ultimate Rare,DARK,Psychic,Synchro/Effect Monster,2700,2300,"1 Tuner + 1 or more non-Tuner monsters  
<br>If this card destroys an opponent's monster by battle, gain Life Points equal to the original ATK of the destroyed monster. By paying 1000 Life Points, negate the activation and effect of a Spell or Trap Card that targets 1 face-up Psychic-Type monster you control and destroy it.",144.99,158.97,299.95,179.09,,1st Edition,
58522,Emergency Teleport (UTR),Emergency Teleport UTR,https://tcgplayer-cdn.tcgplayer.com/product/58522_200w.jpg,2,328,https://cpt.tcgcsv.com/sqt,2019-01-21T13:40:29.603,1,TDGS-EN053,Ultimate Rare,SPELL,,Normal Spell,,,Special Summon 1 Level 3 or lower Psychic-Type monster from your hand or your Deck. The monster Special Summoned this way is removed from play at the end of the turn.,17.99,26.18,100.0,29.02,,Unlimited,
58522,Emergency Teleport (UTR),Emergency Teleport UTR,https://tcgplayer-cdn.tcgplayer.com/product/58522_200w.jpg,2,328,https://cpt.tcgcsv.com/sqt,2019-01-21T13:40:29.603,1,TDGS-EN053,Ultimate Rare,SPELL,,Normal Spell,,,Special Summon 1 Level 3 or lower Psychic-Type monster from your hand or your Deck. The monster Special Summoned this way is removed from play at the end of the turn.,49.99,72.0,179.99,92.86,,1st Edition,
58523,Psychic Overload (UTR),Psychic Overload UTR,https://tcgplayer-cdn.tcgplayer.com/product/58523_200w.jpg,2,328,https://cpt.tcgcsv.com/tqt,2019-01-21T14:41:40.343,1,TDGS-EN070,Ultimate Rare,TRAP,,Normal Trap,,,"Select 3 Psychic-Type monsters in your Graveyard, and shuffle them back to your Deck. Afterwards, draw 2 cards.",1.45,2.31,11.53,2.45,,Unlimited,
58523,Psychic Overload (UTR),Psychic Overload UTR,https://tcgplayer-cdn.tcgplayer.com/product/58523_200w.jpg,2,328,https://cpt.tcgcsv.com/tqt,2019-01-21T14:41:40.343,1,TDGS-EN070,Ultimate Rare,TRAP,,Normal Trap,,,"Select 3 Psychic-Type monsters in your Graveyard, and shuffle them back to your Deck. Afterwards, draw 2 cards.",8.5,9.7,19.94,10.79,,1st Edition,
72469,Gladiator Beast Heraklinos,Gladiator Beast Heraklinos,https://tcgplayer-cdn.tcgplayer.com/product/72469_200w.jpg,2,328,https://cpt.tcgcsv.com/p_B,2019-01-21T13:47:35.547,1,TDGS-ENSE2,Super Rare,FIRE,Beast-Warrior,Fusion Monster,3000,2800,"""Gladiator Beast Laquari"" + 2 ""Gladiator Beast"" monsters
Must first be Special Summoned (from your Extra Deck) by shuffling the above cards you control into the Deck. (You do not use ""Polymerization"".) During either player's turn, when a Spell/Trap Card is activated: You can discard 1 card; negate the activation and destroy it. This card must remain face-up on the field to activate and to resolve this effect.",0.92,2.31,10.0,2.34,,Limited,
72470,Eradicator Epidemic Virus,Eradicator Epidemic Virus,https://tcgplayer-cdn.tcgplayer.com/product/72470_200w.jpg,2,328,https://cpt.tcgcsv.com/q_B,2024-11-28T06:31:21.963,1,TDGS-ENSE1,Super Rare,TRAP,,Normal Trap,,,"Tribute 1 DARK monster with 2500 or more ATK, and choose Spell Cards or Trap Cards; check your opponent's hand, all Spell/Trap Cards they control, and all cards they draw until the end of their 3rd turn after this card's activation, and destroy all cards of the chosen type.",0.35,0.99,9.0,0.7,,Limited,
131691,The Duelist Genesis - 1st Edition Booster Pack,The Duelist Genesis 1st Edition Booster Pack,https://tcgplayer-cdn.tcgplayer.com/product/131691_200w.jpg,2,328,https://cpt.tcgcsv.com/RH32,2017-05-23T12:03:46.86,1,,,,,,,,,126.99,126.99,126.99,126.83,,Normal,
131692,The Duelist Genesis - Unlimited Edition Booster Pack,The Duelist Genesis Unlimited Edition Booster Pack,https://tcgplayer-cdn.tcgplayer.com/product/131692_200w.jpg,2,328,https://cpt.tcgcsv.com/SH32,2017-05-23T12:04:02.927,1,,,,,,,,,29.99,59.99,60.0,,,Normal,
